
/Users/ssnow/Documents/GitHub/PU-Winder/Pico-SDK_PIO/build/encoder_monitor.elf:     file format elf32-littlearm

Sections:
Idx Name          Size      VMA       LMA       File off  Algn
  0 .boot2        00000100  10000000  10000000  00001000  2**0
                  CONTENTS, ALLOC, LOAD, READONLY, CODE
  1 .text         00008bbc  10000100  10000100  00001100  2**3
                  CONTENTS, ALLOC, LOAD, READONLY, CODE
  2 .rodata       00000bcc  10008cc0  10008cc0  00009cc0  2**3
                  CONTENTS, ALLOC, LOAD, READONLY, DATA
  3 .binary_info  00000020  1000988c  1000988c  0000a88c  2**2
                  CONTENTS, ALLOC, LOAD, READONLY, DATA
  4 .ram_vector_table 000000c0  20000000  20000000  0000d000  2**2
                  ALLOC
  5 .uninitialized_data 00000000  200000c0  200000c0  0000c0b8  2**0
                  CONTENTS
  6 .data         00000ff8  200000c0  100098ac  0000b0c0  2**4
                  CONTENTS, ALLOC, LOAD, READONLY, CODE
  7 .tdata        00000000  200010b8  200010b8  0000c0b8  2**0
                  CONTENTS, ALLOC, LOAD, DATA, THREAD_LOCAL
  8 .tbss         00000000  200010b8  200010b8  00000000  2**0
                  ALLOC, THREAD_LOCAL
  9 .bss          00000f84  200010b8  1000a8a4  0000c0b8  2**3
                  ALLOC
 10 .heap         00000800  2000203c  1000a8a4  0000d03c  2**2
                  ALLOC, READONLY
 11 .scratch_x    00000000  20040000  20040000  0000c0b8  2**0
                  CONTENTS
 12 .scratch_y    00000000  20041000  20041000  0000c0b8  2**0
                  CONTENTS
 13 .stack_dummy  00000800  20041000  20041000  0000d000  2**5
                  ALLOC, READONLY
 14 .ARM.attributes 00000028  00000000  00000000  0000c0b8  2**0
                  CONTENTS, READONLY
 15 .comment      00000045  00000000  00000000  0000c0e0  2**0
                  CONTENTS, READONLY
 16 .debug_info   0003dd8e  00000000  00000000  0000c125  2**0
                  CONTENTS, READONLY, DEBUGGING, OCTETS
 17 .debug_abbrev 00009ef2  00000000  00000000  00049eb3  2**0
                  CONTENTS, READONLY, DEBUGGING, OCTETS
 18 .debug_loclists 00021333  00000000  00000000  00053da5  2**0
                  CONTENTS, READONLY, DEBUGGING, OCTETS
 19 .debug_aranges 00001938  00000000  00000000  000750d8  2**3
                  CONTENTS, READONLY, DEBUGGING, OCTETS
 20 .debug_rnglists 0000551e  00000000  00000000  00076a10  2**0
                  CONTENTS, READONLY, DEBUGGING, OCTETS
 21 .debug_line   00029c01  00000000  00000000  0007bf2e  2**0
                  CONTENTS, READONLY, DEBUGGING, OCTETS
 22 .debug_str    00009cfc  00000000  00000000  000a5b2f  2**0
                  CONTENTS, READONLY, DEBUGGING, OCTETS
 23 .debug_frame  0000386c  00000000  00000000  000af82c  2**2
                  CONTENTS, READONLY, DEBUGGING, OCTETS
 24 .debug_line_str 00000367  00000000  00000000  000b3098  2**0
                  CONTENTS, READONLY, DEBUGGING, OCTETS

/Users/ssnow/Documents/GitHub/PU-Winder/Pico-SDK_PIO/build/encoder_monitor.elf:     file format elf32-littlearm


Disassembly of section .boot2:

10000000 <__boot2_start__>:
10000000:	4b32b500 	.word	0x4b32b500
10000004:	60582021 	.word	0x60582021
10000008:	21026898 	.word	0x21026898
1000000c:	60984388 	.word	0x60984388
10000010:	611860d8 	.word	0x611860d8
10000014:	4b2e6158 	.word	0x4b2e6158
10000018:	60992100 	.word	0x60992100
1000001c:	61592102 	.word	0x61592102
10000020:	22f02101 	.word	0x22f02101
10000024:	492b5099 	.word	0x492b5099
10000028:	21016019 	.word	0x21016019
1000002c:	20356099 	.word	0x20356099
10000030:	f844f000 	.word	0xf844f000
10000034:	42902202 	.word	0x42902202
10000038:	2106d014 	.word	0x2106d014
1000003c:	f0006619 	.word	0xf0006619
10000040:	6e19f834 	.word	0x6e19f834
10000044:	66192101 	.word	0x66192101
10000048:	66182000 	.word	0x66182000
1000004c:	f000661a 	.word	0xf000661a
10000050:	6e19f82c 	.word	0x6e19f82c
10000054:	6e196e19 	.word	0x6e196e19
10000058:	f0002005 	.word	0xf0002005
1000005c:	2101f82f 	.word	0x2101f82f
10000060:	d1f94208 	.word	0xd1f94208
10000064:	60992100 	.word	0x60992100
10000068:	6019491b 	.word	0x6019491b
1000006c:	60592100 	.word	0x60592100
10000070:	481b491a 	.word	0x481b491a
10000074:	21016001 	.word	0x21016001
10000078:	21eb6099 	.word	0x21eb6099
1000007c:	21a06619 	.word	0x21a06619
10000080:	f0006619 	.word	0xf0006619
10000084:	2100f812 	.word	0x2100f812
10000088:	49166099 	.word	0x49166099
1000008c:	60014814 	.word	0x60014814
10000090:	60992101 	.word	0x60992101
10000094:	2800bc01 	.word	0x2800bc01
10000098:	4700d000 	.word	0x4700d000
1000009c:	49134812 	.word	0x49134812
100000a0:	c8036008 	.word	0xc8036008
100000a4:	8808f380 	.word	0x8808f380
100000a8:	b5034708 	.word	0xb5034708
100000ac:	20046a99 	.word	0x20046a99
100000b0:	d0fb4201 	.word	0xd0fb4201
100000b4:	42012001 	.word	0x42012001
100000b8:	bd03d1f8 	.word	0xbd03d1f8
100000bc:	6618b502 	.word	0x6618b502
100000c0:	f7ff6618 	.word	0xf7ff6618
100000c4:	6e18fff2 	.word	0x6e18fff2
100000c8:	bd026e18 	.word	0xbd026e18
100000cc:	40020000 	.word	0x40020000
100000d0:	18000000 	.word	0x18000000
100000d4:	00070000 	.word	0x00070000
100000d8:	005f0300 	.word	0x005f0300
100000dc:	00002221 	.word	0x00002221
100000e0:	180000f4 	.word	0x180000f4
100000e4:	a0002022 	.word	0xa0002022
100000e8:	10000100 	.word	0x10000100
100000ec:	e000ed08 	.word	0xe000ed08
	...
100000fc:	7a4eb274 	.word	0x7a4eb274

Disassembly of section .text:

10000100 <__VECTOR_TABLE>:
10000100:	20042000 	.word	0x20042000
10000104:	100001f7 	.word	0x100001f7
10000108:	100001cb 	.word	0x100001cb
1000010c:	100001cd 	.word	0x100001cd
10000110:	100001c9 	.word	0x100001c9
10000114:	100001c9 	.word	0x100001c9
10000118:	100001c9 	.word	0x100001c9
1000011c:	100001c9 	.word	0x100001c9
10000120:	100001c9 	.word	0x100001c9
10000124:	100001c9 	.word	0x100001c9
10000128:	100001c9 	.word	0x100001c9
1000012c:	100001cf 	.word	0x100001cf
10000130:	100001c9 	.word	0x100001c9
10000134:	100001c9 	.word	0x100001c9
10000138:	100001d1 	.word	0x100001d1
1000013c:	100001d3 	.word	0x100001d3
10000140:	100001c1 	.word	0x100001c1
10000144:	100001c1 	.word	0x100001c1
10000148:	100001c1 	.word	0x100001c1
1000014c:	100001c1 	.word	0x100001c1
10000150:	100001c1 	.word	0x100001c1
10000154:	100001c1 	.word	0x100001c1
10000158:	100001c1 	.word	0x100001c1
1000015c:	100001c1 	.word	0x100001c1
10000160:	100001c1 	.word	0x100001c1
10000164:	100001c1 	.word	0x100001c1
10000168:	100001c1 	.word	0x100001c1
1000016c:	100001c1 	.word	0x100001c1
10000170:	100001c1 	.word	0x100001c1
10000174:	100001c1 	.word	0x100001c1
10000178:	100001c1 	.word	0x100001c1
1000017c:	100001c1 	.word	0x100001c1
10000180:	100001c1 	.word	0x100001c1
10000184:	100001c1 	.word	0x100001c1
10000188:	100001c1 	.word	0x100001c1
1000018c:	100001c1 	.word	0x100001c1
10000190:	100001c1 	.word	0x100001c1
10000194:	100001c1 	.word	0x100001c1
10000198:	100001c1 	.word	0x100001c1
1000019c:	100001c1 	.word	0x100001c1
100001a0:	100001c1 	.word	0x100001c1
100001a4:	100001c1 	.word	0x100001c1
100001a8:	100001c1 	.word	0x100001c1
100001ac:	100001c1 	.word	0x100001c1
100001b0:	100001c1 	.word	0x100001c1
100001b4:	100001c1 	.word	0x100001c1
100001b8:	100001c1 	.word	0x100001c1
100001bc:	100001c1 	.word	0x100001c1

100001c0 <__unhandled_user_irq>:
100001c0:	f3ef 8005 	mrs	r0, IPSR
100001c4:	3810      	subs	r0, #16

100001c6 <unhandled_user_irq_num_in_r0>:
100001c6:	be00      	bkpt	0x0000

100001c8 <isr_invalid>:
100001c8:	be00      	bkpt	0x0000

100001ca <isr_nmi>:
100001ca:	be00      	bkpt	0x0000

100001cc <isr_hardfault>:
100001cc:	be00      	bkpt	0x0000

100001ce <isr_svcall>:
100001ce:	be00      	bkpt	0x0000

100001d0 <isr_pendsv>:
100001d0:	be00      	bkpt	0x0000

100001d2 <isr_systick>:
100001d2:	be00      	bkpt	0x0000

100001d4 <__default_isrs_end>:
100001d4:	7188ebf2 	.word	0x7188ebf2
100001d8:	1000988c 	.word	0x1000988c
100001dc:	100098ac 	.word	0x100098ac
100001e0:	10000238 	.word	0x10000238
100001e4:	e71aa390 	.word	0xe71aa390

100001e8 <_entry_point>:
100001e8:	481e      	ldr	r0, [pc, #120]	@ (10000264 <data_cpy_table+0x2c>)

100001ea <_enter_vtable_in_r0>:
100001ea:	491f      	ldr	r1, [pc, #124]	@ (10000268 <data_cpy_table+0x30>)
100001ec:	6008      	str	r0, [r1, #0]
100001ee:	c806      	ldmia	r0!, {r1, r2}
100001f0:	f381 8808 	msr	MSP, r1
100001f4:	4710      	bx	r2

100001f6 <_reset_handler>:
100001f6:	481d      	ldr	r0, [pc, #116]	@ (1000026c <data_cpy_table+0x34>)
100001f8:	6800      	ldr	r0, [r0, #0]
100001fa:	2800      	cmp	r0, #0
100001fc:	d001      	beq.n	10000202 <hold_non_core0_in_bootrom+0x4>

100001fe <hold_non_core0_in_bootrom>:
100001fe:	4819      	ldr	r0, [pc, #100]	@ (10000264 <data_cpy_table+0x2c>)
10000200:	e7f3      	b.n	100001ea <_enter_vtable_in_r0>
10000202:	a40d      	add	r4, pc, #52	@ (adr r4, 10000238 <data_cpy_table>)
10000204:	cc0e      	ldmia	r4!, {r1, r2, r3}
10000206:	2900      	cmp	r1, #0
10000208:	d002      	beq.n	10000210 <hold_non_core0_in_bootrom+0x12>
1000020a:	f000 f812 	bl	10000232 <data_cpy>
1000020e:	e7f9      	b.n	10000204 <hold_non_core0_in_bootrom+0x6>
10000210:	4917      	ldr	r1, [pc, #92]	@ (10000270 <data_cpy_table+0x38>)
10000212:	4a18      	ldr	r2, [pc, #96]	@ (10000274 <data_cpy_table+0x3c>)
10000214:	2000      	movs	r0, #0
10000216:	e000      	b.n	1000021a <bss_fill_test>

10000218 <bss_fill_loop>:
10000218:	c101      	stmia	r1!, {r0}

1000021a <bss_fill_test>:
1000021a:	4291      	cmp	r1, r2
1000021c:	d1fc      	bne.n	10000218 <bss_fill_loop>

1000021e <platform_entry>:
1000021e:	4916      	ldr	r1, [pc, #88]	@ (10000278 <data_cpy_table+0x40>)
10000220:	4788      	blx	r1
10000222:	4916      	ldr	r1, [pc, #88]	@ (1000027c <data_cpy_table+0x44>)
10000224:	4788      	blx	r1
10000226:	4916      	ldr	r1, [pc, #88]	@ (10000280 <data_cpy_table+0x48>)
10000228:	4788      	blx	r1
1000022a:	be00      	bkpt	0x0000
1000022c:	e7fd      	b.n	1000022a <platform_entry+0xc>

1000022e <data_cpy_loop>:
1000022e:	c901      	ldmia	r1!, {r0}
10000230:	c201      	stmia	r2!, {r0}

10000232 <data_cpy>:
10000232:	429a      	cmp	r2, r3
10000234:	d3fb      	bcc.n	1000022e <data_cpy_loop>
10000236:	4770      	bx	lr

10000238 <data_cpy_table>:
10000238:	100098ac 	.word	0x100098ac
1000023c:	200000c0 	.word	0x200000c0
10000240:	200010b8 	.word	0x200010b8
10000244:	1000a8a4 	.word	0x1000a8a4
10000248:	20040000 	.word	0x20040000
1000024c:	20040000 	.word	0x20040000
10000250:	1000a8a4 	.word	0x1000a8a4
10000254:	20041000 	.word	0x20041000
10000258:	20041000 	.word	0x20041000
1000025c:	00000000 	.word	0x00000000
10000260:	4770      	bx	lr
10000262:	0000      	.short	0x0000
10000264:	00000000 	.word	0x00000000
10000268:	e000ed08 	.word	0xe000ed08
1000026c:	d0000000 	.word	0xd0000000
10000270:	200010b8 	.word	0x200010b8
10000274:	2000203c 	.word	0x2000203c
10000278:	100059b1 	.word	0x100059b1
1000027c:	100002d5 	.word	0x100002d5
10000280:	100059a9 	.word	0x100059a9

10000284 <_init>:
10000284:	b5f8      	push	{r3, r4, r5, r6, r7, lr}
10000286:	46c0      	nop			@ (mov r8, r8)

10000288 <register_tm_clones>:
10000288:	4806      	ldr	r0, [pc, #24]	@ (100002a4 <register_tm_clones+0x1c>)
1000028a:	4907      	ldr	r1, [pc, #28]	@ (100002a8 <register_tm_clones+0x20>)
1000028c:	1a09      	subs	r1, r1, r0
1000028e:	108b      	asrs	r3, r1, #2
10000290:	0fc9      	lsrs	r1, r1, #31
10000292:	18c9      	adds	r1, r1, r3
10000294:	b510      	push	{r4, lr}
10000296:	1049      	asrs	r1, r1, #1
10000298:	d003      	beq.n	100002a2 <register_tm_clones+0x1a>
1000029a:	4b04      	ldr	r3, [pc, #16]	@ (100002ac <register_tm_clones+0x24>)
1000029c:	2b00      	cmp	r3, #0
1000029e:	d000      	beq.n	100002a2 <register_tm_clones+0x1a>
100002a0:	4798      	blx	r3
100002a2:	bd10      	pop	{r4, pc}
100002a4:	200010b8 	.word	0x200010b8
100002a8:	200010b8 	.word	0x200010b8
100002ac:	00000000 	.word	0x00000000

100002b0 <frame_dummy>:
100002b0:	4b05      	ldr	r3, [pc, #20]	@ (100002c8 <frame_dummy+0x18>)
100002b2:	b510      	push	{r4, lr}
100002b4:	2b00      	cmp	r3, #0
100002b6:	d003      	beq.n	100002c0 <frame_dummy+0x10>
100002b8:	4904      	ldr	r1, [pc, #16]	@ (100002cc <frame_dummy+0x1c>)
100002ba:	4805      	ldr	r0, [pc, #20]	@ (100002d0 <frame_dummy+0x20>)
100002bc:	e000      	b.n	100002c0 <frame_dummy+0x10>
100002be:	bf00      	nop
100002c0:	f7ff ffe2 	bl	10000288 <register_tm_clones>
100002c4:	bd10      	pop	{r4, pc}
100002c6:	46c0      	nop			@ (mov r8, r8)
100002c8:	00000000 	.word	0x00000000
100002cc:	20001fc4 	.word	0x20001fc4
100002d0:	10008cbc 	.word	0x10008cbc

100002d4 <main>:
100002d4:	b5f0      	push	{r4, r5, r6, r7, lr}
100002d6:	46de      	mov	lr, fp
100002d8:	4645      	mov	r5, r8
100002da:	4657      	mov	r7, sl
100002dc:	464e      	mov	r6, r9
100002de:	b5e0      	push	{r5, r6, r7, lr}
100002e0:	b0b5      	sub	sp, #212	@ 0xd4
100002e2:	f005 fca3 	bl	10005c2c <stdio_init_all>
100002e6:	20fa      	movs	r0, #250	@ 0xfa
100002e8:	00c0      	lsls	r0, r0, #3
100002ea:	f002 fb17 	bl	1000291c <sleep_ms>
100002ee:	48e2      	ldr	r0, [pc, #904]	@ (10000678 <main+0x3a4>)
100002f0:	f005 fcea 	bl	10005cc8 <__wrap_puts>
100002f4:	48e1      	ldr	r0, [pc, #900]	@ (1000067c <main+0x3a8>)
100002f6:	f005 fce7 	bl	10005cc8 <__wrap_puts>
100002fa:	48e1      	ldr	r0, [pc, #900]	@ (10000680 <main+0x3ac>)
100002fc:	f005 fce4 	bl	10005cc8 <__wrap_puts>
10000300:	a811      	add	r0, sp, #68	@ 0x44
10000302:	0002      	movs	r2, r0
10000304:	4bdf      	ldr	r3, [pc, #892]	@ (10000684 <main+0x3b0>)
10000306:	cb32      	ldmia	r3!, {r1, r4, r5}
10000308:	c232      	stmia	r2!, {r1, r4, r5}
1000030a:	f000 f9fd 	bl	10000708 <i2c_helper_init>
1000030e:	2800      	cmp	r0, #0
10000310:	d103      	bne.n	1000031a <main+0x46>
10000312:	48dd      	ldr	r0, [pc, #884]	@ (10000688 <main+0x3b4>)
10000314:	f005 fcd8 	bl	10005cc8 <__wrap_puts>
10000318:	e7fe      	b.n	10000318 <main+0x44>
1000031a:	2604      	movs	r6, #4
1000031c:	48db      	ldr	r0, [pc, #876]	@ (1000068c <main+0x3b8>)
1000031e:	f005 fcd3 	bl	10005cc8 <__wrap_puts>
10000322:	4ddb      	ldr	r5, [pc, #876]	@ (10000690 <main+0x3bc>)
10000324:	a914      	add	r1, sp, #80	@ 0x50
10000326:	0028      	movs	r0, r5
10000328:	f000 fa24 	bl	10000774 <i2c_helper_scan>
1000032c:	2127      	movs	r1, #39	@ 0x27
1000032e:	48d9      	ldr	r0, [pc, #868]	@ (10000694 <main+0x3c0>)
10000330:	f005 fd4e 	bl	10005dd0 <__wrap_printf>
10000334:	4cd8      	ldr	r4, [pc, #864]	@ (10000698 <main+0x3c4>)
10000336:	2314      	movs	r3, #20
10000338:	0029      	movs	r1, r5
1000033a:	2227      	movs	r2, #39	@ 0x27
1000033c:	0020      	movs	r0, r4
1000033e:	9600      	str	r6, [sp, #0]
10000340:	f000 faec 	bl	1000091c <lcd_init>
10000344:	0020      	movs	r0, r4
10000346:	f000 fcbf 	bl	10000cc8 <lcd_clear>
1000034a:	2200      	movs	r2, #0
1000034c:	0020      	movs	r0, r4
1000034e:	0011      	movs	r1, r2
10000350:	f000 fcf8 	bl	10000d44 <lcd_set_cursor>
10000354:	0020      	movs	r0, r4
10000356:	49d1      	ldr	r1, [pc, #836]	@ (1000069c <main+0x3c8>)
10000358:	f000 fd46 	bl	10000de8 <lcd_print>
1000035c:	2201      	movs	r2, #1
1000035e:	2100      	movs	r1, #0
10000360:	0020      	movs	r0, r4
10000362:	f000 fcef 	bl	10000d44 <lcd_set_cursor>
10000366:	0020      	movs	r0, r4
10000368:	49cd      	ldr	r1, [pc, #820]	@ (100006a0 <main+0x3cc>)
1000036a:	f000 fd3d 	bl	10000de8 <lcd_print>
1000036e:	2202      	movs	r2, #2
10000370:	2100      	movs	r1, #0
10000372:	0020      	movs	r0, r4
10000374:	f000 fce6 	bl	10000d44 <lcd_set_cursor>
10000378:	49ca      	ldr	r1, [pc, #808]	@ (100006a4 <main+0x3d0>)
1000037a:	0020      	movs	r0, r4
1000037c:	f000 fd34 	bl	10000de8 <lcd_print>
10000380:	48c9      	ldr	r0, [pc, #804]	@ (100006a8 <main+0x3d4>)
10000382:	f002 facb 	bl	1000291c <sleep_ms>
10000386:	48c9      	ldr	r0, [pc, #804]	@ (100006ac <main+0x3d8>)
10000388:	f005 fc9e 	bl	10005cc8 <__wrap_puts>
1000038c:	2003      	movs	r0, #3
1000038e:	f001 fb45 	bl	10001a1c <gpio_init>
10000392:	0030      	movs	r0, r6
10000394:	f001 fb42 	bl	10001a1c <gpio_init>
10000398:	25d0      	movs	r5, #208	@ 0xd0
1000039a:	2019      	movs	r0, #25
1000039c:	f001 fb3e 	bl	10001a1c <gpio_init>
100003a0:	2308      	movs	r3, #8
100003a2:	062d      	lsls	r5, r5, #24
100003a4:	62ab      	str	r3, [r5, #40]	@ 0x28
100003a6:	18db      	adds	r3, r3, r3
100003a8:	62ab      	str	r3, [r5, #40]	@ 0x28
100003aa:	2380      	movs	r3, #128	@ 0x80
100003ac:	049b      	lsls	r3, r3, #18
100003ae:	62ab      	str	r3, [r5, #40]	@ 0x28
100003b0:	2200      	movs	r2, #0
100003b2:	2101      	movs	r1, #1
100003b4:	2003      	movs	r0, #3
100003b6:	f001 fab5 	bl	10001924 <gpio_set_pulls>
100003ba:	0030      	movs	r0, r6
100003bc:	2200      	movs	r2, #0
100003be:	2101      	movs	r1, #1
100003c0:	f001 fab0 	bl	10001924 <gpio_set_pulls>
100003c4:	2200      	movs	r2, #0
100003c6:	2101      	movs	r1, #1
100003c8:	2019      	movs	r0, #25
100003ca:	f001 faab 	bl	10001924 <gpio_set_pulls>
100003ce:	48b8      	ldr	r0, [pc, #736]	@ (100006b0 <main+0x3dc>)
100003d0:	f005 fc7a 	bl	10005cc8 <__wrap_puts>
100003d4:	4fb7      	ldr	r7, [pc, #732]	@ (100006b4 <main+0x3e0>)
100003d6:	362e      	adds	r6, #46	@ 0x2e
100003d8:	6869      	ldr	r1, [r5, #4]
100003da:	686a      	ldr	r2, [r5, #4]
100003dc:	686b      	ldr	r3, [r5, #4]
100003de:	06d2      	lsls	r2, r2, #27
100003e0:	019b      	lsls	r3, r3, #6
100003e2:	0709      	lsls	r1, r1, #28
100003e4:	0fdb      	lsrs	r3, r3, #31
100003e6:	0fd2      	lsrs	r2, r2, #31
100003e8:	0fc9      	lsrs	r1, r1, #31
100003ea:	0038      	movs	r0, r7
100003ec:	f005 fcf0 	bl	10005dd0 <__wrap_printf>
100003f0:	3e01      	subs	r6, #1
100003f2:	2064      	movs	r0, #100	@ 0x64
100003f4:	f002 fa92 	bl	1000291c <sleep_ms>
100003f8:	2e00      	cmp	r6, #0
100003fa:	d1ed      	bne.n	100003d8 <main+0x104>
100003fc:	48ae      	ldr	r0, [pc, #696]	@ (100006b8 <main+0x3e4>)
100003fe:	f005 fc63 	bl	10005cc8 <__wrap_puts>
10000402:	20fa      	movs	r0, #250	@ 0xfa
10000404:	00c0      	lsls	r0, r0, #3
10000406:	f002 fa89 	bl	1000291c <sleep_ms>
1000040a:	48ac      	ldr	r0, [pc, #688]	@ (100006bc <main+0x3e8>)
1000040c:	f005 fc5c 	bl	10005cc8 <__wrap_puts>
10000410:	23b4      	movs	r3, #180	@ 0xb4
10000412:	00db      	lsls	r3, r3, #3
10000414:	4699      	mov	r9, r3
10000416:	9302      	str	r3, [sp, #8]
10000418:	23b4      	movs	r3, #180	@ 0xb4
1000041a:	2719      	movs	r7, #25
1000041c:	005b      	lsls	r3, r3, #1
1000041e:	4da8      	ldr	r5, [pc, #672]	@ (100006c0 <main+0x3ec>)
10000420:	4698      	mov	r8, r3
10000422:	9301      	str	r3, [sp, #4]
10000424:	3b65      	subs	r3, #101	@ 0x65
10000426:	2203      	movs	r2, #3
10000428:	0028      	movs	r0, r5
1000042a:	49a6      	ldr	r1, [pc, #664]	@ (100006c4 <main+0x3f0>)
1000042c:	9700      	str	r7, [sp, #0]
1000042e:	3bff      	subs	r3, #255	@ 0xff
10000430:	f000 fe74 	bl	1000111c <encoder_init>
10000434:	2800      	cmp	r0, #0
10000436:	d100      	bne.n	1000043a <main+0x166>
10000438:	e0e0      	b.n	100005fc <main+0x328>
1000043a:	464b      	mov	r3, r9
1000043c:	9301      	str	r3, [sp, #4]
1000043e:	4643      	mov	r3, r8
10000440:	2204      	movs	r2, #4
10000442:	2103      	movs	r1, #3
10000444:	9300      	str	r3, [sp, #0]
10000446:	48a0      	ldr	r0, [pc, #640]	@ (100006c8 <main+0x3f4>)
10000448:	003b      	movs	r3, r7
1000044a:	f005 fcc1 	bl	10005dd0 <__wrap_printf>
1000044e:	0020      	movs	r0, r4
10000450:	f000 fc3a 	bl	10000cc8 <lcd_clear>
10000454:	2200      	movs	r2, #0
10000456:	0020      	movs	r0, r4
10000458:	0011      	movs	r1, r2
1000045a:	f000 fc73 	bl	10000d44 <lcd_set_cursor>
1000045e:	0020      	movs	r0, r4
10000460:	499a      	ldr	r1, [pc, #616]	@ (100006cc <main+0x3f8>)
10000462:	f000 fcc1 	bl	10000de8 <lcd_print>
10000466:	20fa      	movs	r0, #250	@ 0xfa
10000468:	0080      	lsls	r0, r0, #2
1000046a:	f002 fa57 	bl	1000291c <sleep_ms>
1000046e:	4b98      	ldr	r3, [pc, #608]	@ (100006d0 <main+0x3fc>)
10000470:	469a      	mov	sl, r3
10000472:	4b98      	ldr	r3, [pc, #608]	@ (100006d4 <main+0x400>)
10000474:	930f      	str	r3, [sp, #60]	@ 0x3c
10000476:	4b98      	ldr	r3, [pc, #608]	@ (100006d8 <main+0x404>)
10000478:	469b      	mov	fp, r3
1000047a:	4b98      	ldr	r3, [pc, #608]	@ (100006dc <main+0x408>)
1000047c:	9306      	str	r3, [sp, #24]
1000047e:	4b98      	ldr	r3, [pc, #608]	@ (100006e0 <main+0x40c>)
10000480:	9307      	str	r3, [sp, #28]
10000482:	4b98      	ldr	r3, [pc, #608]	@ (100006e4 <main+0x410>)
10000484:	9308      	str	r3, [sp, #32]
10000486:	4b98      	ldr	r3, [pc, #608]	@ (100006e8 <main+0x414>)
10000488:	930b      	str	r3, [sp, #44]	@ 0x2c
1000048a:	4b98      	ldr	r3, [pc, #608]	@ (100006ec <main+0x418>)
1000048c:	930e      	str	r3, [sp, #56]	@ 0x38
1000048e:	4b98      	ldr	r3, [pc, #608]	@ (100006f0 <main+0x41c>)
10000490:	9309      	str	r3, [sp, #36]	@ 0x24
10000492:	4b98      	ldr	r3, [pc, #608]	@ (100006f4 <main+0x420>)
10000494:	930a      	str	r3, [sp, #40]	@ 0x28
10000496:	4b98      	ldr	r3, [pc, #608]	@ (100006f8 <main+0x424>)
10000498:	930c      	str	r3, [sp, #48]	@ 0x30
1000049a:	4b98      	ldr	r3, [pc, #608]	@ (100006fc <main+0x428>)
1000049c:	930d      	str	r3, [sp, #52]	@ 0x34
1000049e:	e071      	b.n	10000584 <main+0x2b0>
100004a0:	22fa      	movs	r2, #250	@ 0xfa
100004a2:	2300      	movs	r3, #0
100004a4:	0092      	lsls	r2, r2, #2
100004a6:	f002 feef 	bl	10003288 <__wrap___aeabi_uldivmod>
100004aa:	4653      	mov	r3, sl
100004ac:	0006      	movs	r6, r0
100004ae:	681b      	ldr	r3, [r3, #0]
100004b0:	1af3      	subs	r3, r6, r3
100004b2:	2b64      	cmp	r3, #100	@ 0x64
100004b4:	d900      	bls.n	100004b8 <main+0x1e4>
100004b6:	e08f      	b.n	100005d8 <main+0x304>
100004b8:	465b      	mov	r3, fp
100004ba:	681b      	ldr	r3, [r3, #0]
100004bc:	1af3      	subs	r3, r6, r3
100004be:	2b63      	cmp	r3, #99	@ 0x63
100004c0:	d95d      	bls.n	1000057e <main+0x2aa>
100004c2:	465b      	mov	r3, fp
100004c4:	4648      	mov	r0, r9
100004c6:	601e      	str	r6, [r3, #0]
100004c8:	f003 fd3a 	bl	10003f40 <__wrap___aeabi_f2d>
100004cc:	9b05      	ldr	r3, [sp, #20]
100004ce:	2b00      	cmp	r3, #0
100004d0:	d100      	bne.n	100004d4 <main+0x200>
100004d2:	e0a3      	b.n	1000061c <main+0x348>
100004d4:	9b0e      	ldr	r3, [sp, #56]	@ 0x38
100004d6:	9e04      	ldr	r6, [sp, #16]
100004d8:	9000      	str	r0, [sp, #0]
100004da:	9101      	str	r1, [sp, #4]
100004dc:	0032      	movs	r2, r6
100004de:	0039      	movs	r1, r7
100004e0:	9302      	str	r3, [sp, #8]
100004e2:	980b      	ldr	r0, [sp, #44]	@ 0x2c
100004e4:	4643      	mov	r3, r8
100004e6:	f005 fc73 	bl	10005dd0 <__wrap_printf>
100004ea:	0020      	movs	r0, r4
100004ec:	f000 fbec 	bl	10000cc8 <lcd_clear>
100004f0:	2200      	movs	r2, #0
100004f2:	2100      	movs	r1, #0
100004f4:	0020      	movs	r0, r4
100004f6:	f000 fc25 	bl	10000d44 <lcd_set_cursor>
100004fa:	0020      	movs	r0, r4
100004fc:	9909      	ldr	r1, [sp, #36]	@ 0x24
100004fe:	f000 fc73 	bl	10000de8 <lcd_print>
10000502:	0039      	movs	r1, r7
10000504:	0020      	movs	r0, r4
10000506:	f000 fcd1 	bl	10000eac <lcd_print_int>
1000050a:	2201      	movs	r2, #1
1000050c:	2100      	movs	r1, #0
1000050e:	0020      	movs	r0, r4
10000510:	f000 fc18 	bl	10000d44 <lcd_set_cursor>
10000514:	0020      	movs	r0, r4
10000516:	990a      	ldr	r1, [sp, #40]	@ 0x28
10000518:	f000 fc66 	bl	10000de8 <lcd_print>
1000051c:	0031      	movs	r1, r6
1000051e:	0020      	movs	r0, r4
10000520:	f000 fcc4 	bl	10000eac <lcd_print_int>
10000524:	210e      	movs	r1, #14
10000526:	2201      	movs	r2, #1
10000528:	0020      	movs	r0, r4
1000052a:	f000 fc0b 	bl	10000d44 <lcd_set_cursor>
1000052e:	990c      	ldr	r1, [sp, #48]	@ 0x30
10000530:	0020      	movs	r0, r4
10000532:	f000 fc59 	bl	10000de8 <lcd_print>
10000536:	2202      	movs	r2, #2
10000538:	2100      	movs	r1, #0
1000053a:	0020      	movs	r0, r4
1000053c:	f000 fc02 	bl	10000d44 <lcd_set_cursor>
10000540:	0020      	movs	r0, r4
10000542:	9906      	ldr	r1, [sp, #24]
10000544:	f000 fc50 	bl	10000de8 <lcd_print>
10000548:	4641      	mov	r1, r8
1000054a:	0020      	movs	r0, r4
1000054c:	f000 fcae 	bl	10000eac <lcd_print_int>
10000550:	0020      	movs	r0, r4
10000552:	9907      	ldr	r1, [sp, #28]
10000554:	f000 fc48 	bl	10000de8 <lcd_print>
10000558:	21b4      	movs	r1, #180	@ 0xb4
1000055a:	0020      	movs	r0, r4
1000055c:	00c9      	lsls	r1, r1, #3
1000055e:	f000 fca5 	bl	10000eac <lcd_print_int>
10000562:	2203      	movs	r2, #3
10000564:	2100      	movs	r1, #0
10000566:	0020      	movs	r0, r4
10000568:	f000 fbec 	bl	10000d44 <lcd_set_cursor>
1000056c:	0020      	movs	r0, r4
1000056e:	9908      	ldr	r1, [sp, #32]
10000570:	f000 fc3a 	bl	10000de8 <lcd_print>
10000574:	2201      	movs	r2, #1
10000576:	4649      	mov	r1, r9
10000578:	0020      	movs	r0, r4
1000057a:	f000 fd03 	bl	10000f84 <lcd_print_float>
1000057e:	200a      	movs	r0, #10
10000580:	f002 f9cc 	bl	1000291c <sleep_ms>
10000584:	0028      	movs	r0, r5
10000586:	f000 ff77 	bl	10001478 <encoder_process>
1000058a:	0028      	movs	r0, r5
1000058c:	f001 f808 	bl	100015a0 <encoder_calculate_rpm>
10000590:	0028      	movs	r0, r5
10000592:	f000 fff9 	bl	10001588 <encoder_get_count>
10000596:	0007      	movs	r7, r0
10000598:	0028      	movs	r0, r5
1000059a:	f000 fff7 	bl	1000158c <encoder_get_revolutions>
1000059e:	9004      	str	r0, [sp, #16]
100005a0:	0028      	movs	r0, r5
100005a2:	f000 fff5 	bl	10001590 <encoder_get_pulses_this_rev>
100005a6:	4680      	mov	r8, r0
100005a8:	0028      	movs	r0, r5
100005aa:	f000 fff3 	bl	10001594 <encoder_get_direction>
100005ae:	9005      	str	r0, [sp, #20]
100005b0:	0028      	movs	r0, r5
100005b2:	f000 fff3 	bl	1000159c <encoder_get_rpm>
100005b6:	4681      	mov	r9, r0
100005b8:	f002 fac6 	bl	10002b48 <time_us_64>
100005bc:	2900      	cmp	r1, #0
100005be:	d000      	beq.n	100005c2 <main+0x2ee>
100005c0:	e76e      	b.n	100004a0 <main+0x1cc>
100005c2:	21fa      	movs	r1, #250	@ 0xfa
100005c4:	0089      	lsls	r1, r1, #2
100005c6:	f002 fe21 	bl	1000320c <__wrap___aeabi_uidiv>
100005ca:	4653      	mov	r3, sl
100005cc:	0006      	movs	r6, r0
100005ce:	681b      	ldr	r3, [r3, #0]
100005d0:	1af3      	subs	r3, r6, r3
100005d2:	2b64      	cmp	r3, #100	@ 0x64
100005d4:	d800      	bhi.n	100005d8 <main+0x304>
100005d6:	e76f      	b.n	100004b8 <main+0x1e4>
100005d8:	23d0      	movs	r3, #208	@ 0xd0
100005da:	061b      	lsls	r3, r3, #24
100005dc:	6859      	ldr	r1, [r3, #4]
100005de:	685a      	ldr	r2, [r3, #4]
100005e0:	685b      	ldr	r3, [r3, #4]
100005e2:	06d2      	lsls	r2, r2, #27
100005e4:	019b      	lsls	r3, r3, #6
100005e6:	0709      	lsls	r1, r1, #28
100005e8:	0fdb      	lsrs	r3, r3, #31
100005ea:	980f      	ldr	r0, [sp, #60]	@ 0x3c
100005ec:	0fd2      	lsrs	r2, r2, #31
100005ee:	0fc9      	lsrs	r1, r1, #31
100005f0:	9700      	str	r7, [sp, #0]
100005f2:	f005 fbed 	bl	10005dd0 <__wrap_printf>
100005f6:	4653      	mov	r3, sl
100005f8:	601e      	str	r6, [r3, #0]
100005fa:	e75d      	b.n	100004b8 <main+0x1e4>
100005fc:	4840      	ldr	r0, [pc, #256]	@ (10000700 <main+0x42c>)
100005fe:	f005 fb63 	bl	10005cc8 <__wrap_puts>
10000602:	0020      	movs	r0, r4
10000604:	f000 fb60 	bl	10000cc8 <lcd_clear>
10000608:	0031      	movs	r1, r6
1000060a:	0020      	movs	r0, r4
1000060c:	0032      	movs	r2, r6
1000060e:	f000 fb99 	bl	10000d44 <lcd_set_cursor>
10000612:	0020      	movs	r0, r4
10000614:	493b      	ldr	r1, [pc, #236]	@ (10000704 <main+0x430>)
10000616:	f000 fbe7 	bl	10000de8 <lcd_print>
1000061a:	e7fe      	b.n	1000061a <main+0x346>
1000061c:	9e0d      	ldr	r6, [sp, #52]	@ 0x34
1000061e:	4643      	mov	r3, r8
10000620:	9000      	str	r0, [sp, #0]
10000622:	9101      	str	r1, [sp, #4]
10000624:	9a04      	ldr	r2, [sp, #16]
10000626:	0039      	movs	r1, r7
10000628:	980b      	ldr	r0, [sp, #44]	@ 0x2c
1000062a:	9602      	str	r6, [sp, #8]
1000062c:	f005 fbd0 	bl	10005dd0 <__wrap_printf>
10000630:	0020      	movs	r0, r4
10000632:	f000 fb49 	bl	10000cc8 <lcd_clear>
10000636:	2200      	movs	r2, #0
10000638:	2100      	movs	r1, #0
1000063a:	0020      	movs	r0, r4
1000063c:	f000 fb82 	bl	10000d44 <lcd_set_cursor>
10000640:	0020      	movs	r0, r4
10000642:	9909      	ldr	r1, [sp, #36]	@ 0x24
10000644:	f000 fbd0 	bl	10000de8 <lcd_print>
10000648:	0039      	movs	r1, r7
1000064a:	0020      	movs	r0, r4
1000064c:	f000 fc2e 	bl	10000eac <lcd_print_int>
10000650:	2201      	movs	r2, #1
10000652:	2100      	movs	r1, #0
10000654:	0020      	movs	r0, r4
10000656:	f000 fb75 	bl	10000d44 <lcd_set_cursor>
1000065a:	0020      	movs	r0, r4
1000065c:	990a      	ldr	r1, [sp, #40]	@ 0x28
1000065e:	f000 fbc3 	bl	10000de8 <lcd_print>
10000662:	0020      	movs	r0, r4
10000664:	9904      	ldr	r1, [sp, #16]
10000666:	f000 fc21 	bl	10000eac <lcd_print_int>
1000066a:	210e      	movs	r1, #14
1000066c:	2201      	movs	r2, #1
1000066e:	0020      	movs	r0, r4
10000670:	f000 fb68 	bl	10000d44 <lcd_set_cursor>
10000674:	0031      	movs	r1, r6
10000676:	e75b      	b.n	10000530 <main+0x25c>
10000678:	10008cc8 	.word	0x10008cc8
1000067c:	10008cf0 	.word	0x10008cf0
10000680:	10008d10 	.word	0x10008d10
10000684:	100093b0 	.word	0x100093b0
10000688:	10008d34 	.word	0x10008d34
1000068c:	10008d58 	.word	0x10008d58
10000690:	200010a8 	.word	0x200010a8
10000694:	10008d78 	.word	0x10008d78
10000698:	20001fb4 	.word	0x20001fb4
1000069c:	10008da0 	.word	0x10008da0
100006a0:	10008db0 	.word	0x10008db0
100006a4:	10008dbc 	.word	0x10008dbc
100006a8:	000005dc 	.word	0x000005dc
100006ac:	10008dcc 	.word	0x10008dcc
100006b0:	10008df4 	.word	0x10008df4
100006b4:	10008e1c 	.word	0x10008e1c
100006b8:	10008e2c 	.word	0x10008e2c
100006bc:	10008e58 	.word	0x10008e58
100006c0:	20001238 	.word	0x20001238
100006c4:	50200000 	.word	0x50200000
100006c8:	10008eb4 	.word	0x10008eb4
100006cc:	10008ef0 	.word	0x10008ef0
100006d0:	20001fa8 	.word	0x20001fa8
100006d4:	10008ef8 	.word	0x10008ef8
100006d8:	20001fa4 	.word	0x20001fa4
100006dc:	10008f18 	.word	0x10008f18
100006e0:	10008f20 	.word	0x10008f20
100006e4:	10008f24 	.word	0x10008f24
100006e8:	10008f2c 	.word	0x10008f2c
100006ec:	10008f54 	.word	0x10008f54
100006f0:	10008f58 	.word	0x10008f58
100006f4:	10008f60 	.word	0x10008f60
100006f8:	10008cc0 	.word	0x10008cc0
100006fc:	10008cc4 	.word	0x10008cc4
10000700:	10008e74 	.word	0x10008e74
10000704:	10008ea0 	.word	0x10008ea0

10000708 <i2c_helper_init>:
10000708:	b510      	push	{r4, lr}
1000070a:	1e04      	subs	r4, r0, #0
1000070c:	d019      	beq.n	10000742 <i2c_helper_init+0x3a>
1000070e:	6800      	ldr	r0, [r0, #0]
10000710:	2800      	cmp	r0, #0
10000712:	d016      	beq.n	10000742 <i2c_helper_init+0x3a>
10000714:	68a1      	ldr	r1, [r4, #8]
10000716:	f008 f9e1 	bl	10008adc <i2c_init>
1000071a:	2103      	movs	r1, #3
1000071c:	7920      	ldrb	r0, [r4, #4]
1000071e:	f001 f8e7 	bl	100018f0 <gpio_set_function>
10000722:	2103      	movs	r1, #3
10000724:	7960      	ldrb	r0, [r4, #5]
10000726:	f001 f8e3 	bl	100018f0 <gpio_set_function>
1000072a:	2200      	movs	r2, #0
1000072c:	2101      	movs	r1, #1
1000072e:	7920      	ldrb	r0, [r4, #4]
10000730:	f001 f8f8 	bl	10001924 <gpio_set_pulls>
10000734:	7960      	ldrb	r0, [r4, #5]
10000736:	2200      	movs	r2, #0
10000738:	2101      	movs	r1, #1
1000073a:	f001 f8f3 	bl	10001924 <gpio_set_pulls>
1000073e:	2001      	movs	r0, #1
10000740:	bd10      	pop	{r4, pc}
10000742:	2000      	movs	r0, #0
10000744:	e7fc      	b.n	10000740 <i2c_helper_init+0x38>
10000746:	46c0      	nop			@ (mov r8, r8)

10000748 <i2c_helper_write_byte>:
10000748:	b510      	push	{r4, lr}
1000074a:	240f      	movs	r4, #15
1000074c:	b084      	sub	sp, #16
1000074e:	446c      	add	r4, sp
10000750:	7022      	strb	r2, [r4, #0]
10000752:	2800      	cmp	r0, #0
10000754:	d00b      	beq.n	1000076e <i2c_helper_write_byte+0x26>
10000756:	2300      	movs	r3, #0
10000758:	0022      	movs	r2, r4
1000075a:	9300      	str	r3, [sp, #0]
1000075c:	3301      	adds	r3, #1
1000075e:	f008 f9e5 	bl	10008b2c <i2c_write_blocking>
10000762:	3801      	subs	r0, #1
10000764:	4243      	negs	r3, r0
10000766:	4158      	adcs	r0, r3
10000768:	b2c0      	uxtb	r0, r0
1000076a:	b004      	add	sp, #16
1000076c:	bd10      	pop	{r4, pc}
1000076e:	2000      	movs	r0, #0
10000770:	e7fb      	b.n	1000076a <i2c_helper_write_byte+0x22>
10000772:	46c0      	nop			@ (mov r8, r8)

10000774 <i2c_helper_scan>:
10000774:	b5f0      	push	{r4, r5, r6, r7, lr}
10000776:	46de      	mov	lr, fp
10000778:	4657      	mov	r7, sl
1000077a:	4645      	mov	r5, r8
1000077c:	464e      	mov	r6, r9
1000077e:	468a      	mov	sl, r1
10000780:	b5e0      	push	{r5, r6, r7, lr}
10000782:	4680      	mov	r8, r0
10000784:	b087      	sub	sp, #28
10000786:	4858      	ldr	r0, [pc, #352]	@ (100008e8 <i2c_helper_scan+0x174>)
10000788:	f005 fa9e 	bl	10005cc8 <__wrap_puts>
1000078c:	4857      	ldr	r0, [pc, #348]	@ (100008ec <i2c_helper_scan+0x178>)
1000078e:	f005 fa9b 	bl	10005cc8 <__wrap_puts>
10000792:	4653      	mov	r3, sl
10000794:	2400      	movs	r4, #0
10000796:	2700      	movs	r7, #0
10000798:	2b00      	cmp	r3, #0
1000079a:	d059      	beq.n	10000850 <i2c_helper_scan+0xdc>
1000079c:	4b54      	ldr	r3, [pc, #336]	@ (100008f0 <i2c_helper_scan+0x17c>)
1000079e:	9303      	str	r3, [sp, #12]
100007a0:	4b54      	ldr	r3, [pc, #336]	@ (100008f4 <i2c_helper_scan+0x180>)
100007a2:	469b      	mov	fp, r3
100007a4:	4b54      	ldr	r3, [pc, #336]	@ (100008f8 <i2c_helper_scan+0x184>)
100007a6:	4699      	mov	r9, r3
100007a8:	230f      	movs	r3, #15
100007aa:	2578      	movs	r5, #120	@ 0x78
100007ac:	001e      	movs	r6, r3
100007ae:	4025      	ands	r5, r4
100007b0:	4026      	ands	r6, r4
100007b2:	4223      	tst	r3, r4
100007b4:	d017      	beq.n	100007e6 <i2c_helper_scan+0x72>
100007b6:	2d00      	cmp	r5, #0
100007b8:	d036      	beq.n	10000828 <i2c_helper_scan+0xb4>
100007ba:	2d78      	cmp	r5, #120	@ 0x78
100007bc:	d119      	bne.n	100007f2 <i2c_helper_scan+0x7e>
100007be:	4648      	mov	r0, r9
100007c0:	f005 fb06 	bl	10005dd0 <__wrap_printf>
100007c4:	2e0f      	cmp	r6, #15
100007c6:	d039      	beq.n	1000083c <i2c_helper_scan+0xc8>
100007c8:	3401      	adds	r4, #1
100007ca:	2c80      	cmp	r4, #128	@ 0x80
100007cc:	d1ec      	bne.n	100007a8 <i2c_helper_scan+0x34>
100007ce:	0039      	movs	r1, r7
100007d0:	484a      	ldr	r0, [pc, #296]	@ (100008fc <i2c_helper_scan+0x188>)
100007d2:	f005 fafd 	bl	10005dd0 <__wrap_printf>
100007d6:	0038      	movs	r0, r7
100007d8:	b007      	add	sp, #28
100007da:	bcf0      	pop	{r4, r5, r6, r7}
100007dc:	46bb      	mov	fp, r7
100007de:	46b2      	mov	sl, r6
100007e0:	46a9      	mov	r9, r5
100007e2:	46a0      	mov	r8, r4
100007e4:	bdf0      	pop	{r4, r5, r6, r7, pc}
100007e6:	0021      	movs	r1, r4
100007e8:	4842      	ldr	r0, [pc, #264]	@ (100008f4 <i2c_helper_scan+0x180>)
100007ea:	f005 faf1 	bl	10005dd0 <__wrap_printf>
100007ee:	2d00      	cmp	r5, #0
100007f0:	d028      	beq.n	10000844 <i2c_helper_scan+0xd0>
100007f2:	a902      	add	r1, sp, #8
100007f4:	2300      	movs	r3, #0
100007f6:	468c      	mov	ip, r1
100007f8:	220f      	movs	r2, #15
100007fa:	b2e5      	uxtb	r5, r4
100007fc:	9300      	str	r3, [sp, #0]
100007fe:	0029      	movs	r1, r5
10000800:	4640      	mov	r0, r8
10000802:	3301      	adds	r3, #1
10000804:	4462      	add	r2, ip
10000806:	f008 f99b 	bl	10008b40 <i2c_read_blocking>
1000080a:	2800      	cmp	r0, #0
1000080c:	db12      	blt.n	10000834 <i2c_helper_scan+0xc0>
1000080e:	0021      	movs	r1, r4
10000810:	4658      	mov	r0, fp
10000812:	f005 fadd 	bl	10005dd0 <__wrap_printf>
10000816:	4653      	mov	r3, sl
10000818:	55dd      	strb	r5, [r3, r7]
1000081a:	3701      	adds	r7, #1
1000081c:	2e0f      	cmp	r6, #15
1000081e:	d1d3      	bne.n	100007c8 <i2c_helper_scan+0x54>
10000820:	200a      	movs	r0, #10
10000822:	f005 fa07 	bl	10005c34 <__wrap_putchar>
10000826:	e7cf      	b.n	100007c8 <i2c_helper_scan+0x54>
10000828:	4d33      	ldr	r5, [pc, #204]	@ (100008f8 <i2c_helper_scan+0x184>)
1000082a:	0028      	movs	r0, r5
1000082c:	f005 fad0 	bl	10005dd0 <__wrap_printf>
10000830:	3401      	adds	r4, #1
10000832:	e7b9      	b.n	100007a8 <i2c_helper_scan+0x34>
10000834:	9803      	ldr	r0, [sp, #12]
10000836:	f005 facb 	bl	10005dd0 <__wrap_printf>
1000083a:	e7ef      	b.n	1000081c <i2c_helper_scan+0xa8>
1000083c:	200a      	movs	r0, #10
1000083e:	f005 f9f9 	bl	10005c34 <__wrap_putchar>
10000842:	e7c4      	b.n	100007ce <i2c_helper_scan+0x5a>
10000844:	4d2c      	ldr	r5, [pc, #176]	@ (100008f8 <i2c_helper_scan+0x184>)
10000846:	2401      	movs	r4, #1
10000848:	0028      	movs	r0, r5
1000084a:	f005 fac1 	bl	10005dd0 <__wrap_printf>
1000084e:	e7ec      	b.n	1000082a <i2c_helper_scan+0xb6>
10000850:	4b28      	ldr	r3, [pc, #160]	@ (100008f4 <i2c_helper_scan+0x180>)
10000852:	469a      	mov	sl, r3
10000854:	4b28      	ldr	r3, [pc, #160]	@ (100008f8 <i2c_helper_scan+0x184>)
10000856:	4699      	mov	r9, r3
10000858:	230f      	movs	r3, #15
1000085a:	2578      	movs	r5, #120	@ 0x78
1000085c:	001e      	movs	r6, r3
1000085e:	4025      	ands	r5, r4
10000860:	4026      	ands	r6, r4
10000862:	4223      	tst	r3, r4
10000864:	d012      	beq.n	1000088c <i2c_helper_scan+0x118>
10000866:	2d00      	cmp	r5, #0
10000868:	d02e      	beq.n	100008c8 <i2c_helper_scan+0x154>
1000086a:	2d78      	cmp	r5, #120	@ 0x78
1000086c:	d114      	bne.n	10000898 <i2c_helper_scan+0x124>
1000086e:	4648      	mov	r0, r9
10000870:	f005 faae 	bl	10005dd0 <__wrap_printf>
10000874:	2e0f      	cmp	r6, #15
10000876:	d0e1      	beq.n	1000083c <i2c_helper_scan+0xc8>
10000878:	3401      	adds	r4, #1
1000087a:	2c80      	cmp	r4, #128	@ 0x80
1000087c:	d0a7      	beq.n	100007ce <i2c_helper_scan+0x5a>
1000087e:	230f      	movs	r3, #15
10000880:	2578      	movs	r5, #120	@ 0x78
10000882:	001e      	movs	r6, r3
10000884:	4025      	ands	r5, r4
10000886:	4026      	ands	r6, r4
10000888:	4223      	tst	r3, r4
1000088a:	d1ec      	bne.n	10000866 <i2c_helper_scan+0xf2>
1000088c:	0021      	movs	r1, r4
1000088e:	4650      	mov	r0, sl
10000890:	f005 fa9e 	bl	10005dd0 <__wrap_printf>
10000894:	2d00      	cmp	r5, #0
10000896:	d021      	beq.n	100008dc <i2c_helper_scan+0x168>
10000898:	a802      	add	r0, sp, #8
1000089a:	2300      	movs	r3, #0
1000089c:	4684      	mov	ip, r0
1000089e:	220f      	movs	r2, #15
100008a0:	9300      	str	r3, [sp, #0]
100008a2:	4640      	mov	r0, r8
100008a4:	b2e1      	uxtb	r1, r4
100008a6:	3301      	adds	r3, #1
100008a8:	4462      	add	r2, ip
100008aa:	f008 f949 	bl	10008b40 <i2c_read_blocking>
100008ae:	2800      	cmp	r0, #0
100008b0:	db10      	blt.n	100008d4 <i2c_helper_scan+0x160>
100008b2:	0021      	movs	r1, r4
100008b4:	480f      	ldr	r0, [pc, #60]	@ (100008f4 <i2c_helper_scan+0x180>)
100008b6:	f005 fa8b 	bl	10005dd0 <__wrap_printf>
100008ba:	3701      	adds	r7, #1
100008bc:	2e0f      	cmp	r6, #15
100008be:	d1db      	bne.n	10000878 <i2c_helper_scan+0x104>
100008c0:	200a      	movs	r0, #10
100008c2:	f005 f9b7 	bl	10005c34 <__wrap_putchar>
100008c6:	e7d7      	b.n	10000878 <i2c_helper_scan+0x104>
100008c8:	4d0b      	ldr	r5, [pc, #44]	@ (100008f8 <i2c_helper_scan+0x184>)
100008ca:	0028      	movs	r0, r5
100008cc:	f005 fa80 	bl	10005dd0 <__wrap_printf>
100008d0:	3401      	adds	r4, #1
100008d2:	e7c1      	b.n	10000858 <i2c_helper_scan+0xe4>
100008d4:	4806      	ldr	r0, [pc, #24]	@ (100008f0 <i2c_helper_scan+0x17c>)
100008d6:	f005 fa7b 	bl	10005dd0 <__wrap_printf>
100008da:	e7ef      	b.n	100008bc <i2c_helper_scan+0x148>
100008dc:	4648      	mov	r0, r9
100008de:	464d      	mov	r5, r9
100008e0:	f005 fa76 	bl	10005dd0 <__wrap_printf>
100008e4:	2401      	movs	r4, #1
100008e6:	e7f0      	b.n	100008ca <i2c_helper_scan+0x156>
100008e8:	10008f68 	.word	0x10008f68
100008ec:	10008f78 	.word	0x10008f78
100008f0:	10008fb4 	.word	0x10008fb4
100008f4:	10008fac 	.word	0x10008fac
100008f8:	10008fb8 	.word	0x10008fb8
100008fc:	10008fbc 	.word	0x10008fbc

10000900 <i2c_helper_device_present>:
10000900:	2300      	movs	r3, #0
10000902:	220f      	movs	r2, #15
10000904:	b500      	push	{lr}
10000906:	b085      	sub	sp, #20
10000908:	9300      	str	r3, [sp, #0]
1000090a:	446a      	add	r2, sp
1000090c:	3301      	adds	r3, #1
1000090e:	f008 f917 	bl	10008b40 <i2c_read_blocking>
10000912:	43c0      	mvns	r0, r0
10000914:	0fc0      	lsrs	r0, r0, #31
10000916:	b005      	add	sp, #20
10000918:	bd00      	pop	{pc}
1000091a:	46c0      	nop			@ (mov r8, r8)

1000091c <lcd_init>:
1000091c:	b5f0      	push	{r4, r5, r6, r7, lr}
1000091e:	46c6      	mov	lr, r8
10000920:	b500      	push	{lr}
10000922:	0015      	movs	r5, r2
10000924:	466a      	mov	r2, sp
10000926:	7143      	strb	r3, [r0, #5]
10000928:	2308      	movs	r3, #8
1000092a:	000e      	movs	r6, r1
1000092c:	7e12      	ldrb	r2, [r2, #24]
1000092e:	6001      	str	r1, [r0, #0]
10000930:	7105      	strb	r5, [r0, #4]
10000932:	7182      	strb	r2, [r0, #6]
10000934:	71c3      	strb	r3, [r0, #7]
10000936:	0004      	movs	r4, r0
10000938:	2032      	movs	r0, #50	@ 0x32
1000093a:	f001 ffef 	bl	1000291c <sleep_ms>
1000093e:	0029      	movs	r1, r5
10000940:	0030      	movs	r0, r6
10000942:	f7ff ffdd 	bl	10000900 <i2c_helper_device_present>
10000946:	2800      	cmp	r0, #0
10000948:	d100      	bne.n	1000094c <lcd_init+0x30>
1000094a:	e1b6      	b.n	10000cba <lcd_init+0x39e>
1000094c:	79e2      	ldrb	r2, [r4, #7]
1000094e:	7921      	ldrb	r1, [r4, #4]
10000950:	6820      	ldr	r0, [r4, #0]
10000952:	f7ff fef9 	bl	10000748 <i2c_helper_write_byte>
10000956:	20fa      	movs	r0, #250	@ 0xfa
10000958:	2530      	movs	r5, #48	@ 0x30
1000095a:	2634      	movs	r6, #52	@ 0x34
1000095c:	0080      	lsls	r0, r0, #2
1000095e:	f001 ffdd 	bl	1000291c <sleep_ms>
10000962:	79e2      	ldrb	r2, [r4, #7]
10000964:	7921      	ldrb	r1, [r4, #4]
10000966:	432a      	orrs	r2, r5
10000968:	b2d2      	uxtb	r2, r2
1000096a:	6820      	ldr	r0, [r4, #0]
1000096c:	f7ff feec 	bl	10000748 <i2c_helper_write_byte>
10000970:	79e2      	ldrb	r2, [r4, #7]
10000972:	7921      	ldrb	r1, [r4, #4]
10000974:	4332      	orrs	r2, r6
10000976:	b2d2      	uxtb	r2, r2
10000978:	6820      	ldr	r0, [r4, #0]
1000097a:	f7ff fee5 	bl	10000748 <i2c_helper_write_byte>
1000097e:	2001      	movs	r0, #1
10000980:	2100      	movs	r1, #0
10000982:	f001 ff55 	bl	10002830 <sleep_us>
10000986:	79e2      	ldrb	r2, [r4, #7]
10000988:	7921      	ldrb	r1, [r4, #4]
1000098a:	432a      	orrs	r2, r5
1000098c:	b2d2      	uxtb	r2, r2
1000098e:	6820      	ldr	r0, [r4, #0]
10000990:	f7ff feda 	bl	10000748 <i2c_helper_write_byte>
10000994:	2100      	movs	r1, #0
10000996:	2032      	movs	r0, #50	@ 0x32
10000998:	f001 ff4a 	bl	10002830 <sleep_us>
1000099c:	2005      	movs	r0, #5
1000099e:	f001 ffbd 	bl	1000291c <sleep_ms>
100009a2:	79e2      	ldrb	r2, [r4, #7]
100009a4:	7921      	ldrb	r1, [r4, #4]
100009a6:	432a      	orrs	r2, r5
100009a8:	b2d2      	uxtb	r2, r2
100009aa:	6820      	ldr	r0, [r4, #0]
100009ac:	f7ff fecc 	bl	10000748 <i2c_helper_write_byte>
100009b0:	79e2      	ldrb	r2, [r4, #7]
100009b2:	7921      	ldrb	r1, [r4, #4]
100009b4:	4332      	orrs	r2, r6
100009b6:	b2d2      	uxtb	r2, r2
100009b8:	6820      	ldr	r0, [r4, #0]
100009ba:	f7ff fec5 	bl	10000748 <i2c_helper_write_byte>
100009be:	2001      	movs	r0, #1
100009c0:	2100      	movs	r1, #0
100009c2:	f001 ff35 	bl	10002830 <sleep_us>
100009c6:	79e2      	ldrb	r2, [r4, #7]
100009c8:	7921      	ldrb	r1, [r4, #4]
100009ca:	432a      	orrs	r2, r5
100009cc:	b2d2      	uxtb	r2, r2
100009ce:	6820      	ldr	r0, [r4, #0]
100009d0:	f7ff feba 	bl	10000748 <i2c_helper_write_byte>
100009d4:	2032      	movs	r0, #50	@ 0x32
100009d6:	2100      	movs	r1, #0
100009d8:	f001 ff2a 	bl	10002830 <sleep_us>
100009dc:	2096      	movs	r0, #150	@ 0x96
100009de:	2100      	movs	r1, #0
100009e0:	f001 ff26 	bl	10002830 <sleep_us>
100009e4:	79e2      	ldrb	r2, [r4, #7]
100009e6:	7921      	ldrb	r1, [r4, #4]
100009e8:	432a      	orrs	r2, r5
100009ea:	b2d2      	uxtb	r2, r2
100009ec:	6820      	ldr	r0, [r4, #0]
100009ee:	f7ff feab 	bl	10000748 <i2c_helper_write_byte>
100009f2:	79e2      	ldrb	r2, [r4, #7]
100009f4:	7921      	ldrb	r1, [r4, #4]
100009f6:	4332      	orrs	r2, r6
100009f8:	b2d2      	uxtb	r2, r2
100009fa:	6820      	ldr	r0, [r4, #0]
100009fc:	f7ff fea4 	bl	10000748 <i2c_helper_write_byte>
10000a00:	2001      	movs	r0, #1
10000a02:	2100      	movs	r1, #0
10000a04:	f001 ff14 	bl	10002830 <sleep_us>
10000a08:	79e2      	ldrb	r2, [r4, #7]
10000a0a:	2724      	movs	r7, #36	@ 0x24
10000a0c:	432a      	orrs	r2, r5
10000a0e:	2520      	movs	r5, #32
10000a10:	b2d2      	uxtb	r2, r2
10000a12:	7921      	ldrb	r1, [r4, #4]
10000a14:	6820      	ldr	r0, [r4, #0]
10000a16:	f7ff fe97 	bl	10000748 <i2c_helper_write_byte>
10000a1a:	2680      	movs	r6, #128	@ 0x80
10000a1c:	2032      	movs	r0, #50	@ 0x32
10000a1e:	2100      	movs	r1, #0
10000a20:	f001 ff06 	bl	10002830 <sleep_us>
10000a24:	2096      	movs	r0, #150	@ 0x96
10000a26:	2100      	movs	r1, #0
10000a28:	f001 ff02 	bl	10002830 <sleep_us>
10000a2c:	79e2      	ldrb	r2, [r4, #7]
10000a2e:	7921      	ldrb	r1, [r4, #4]
10000a30:	432a      	orrs	r2, r5
10000a32:	b2d2      	uxtb	r2, r2
10000a34:	6820      	ldr	r0, [r4, #0]
10000a36:	f7ff fe87 	bl	10000748 <i2c_helper_write_byte>
10000a3a:	79e2      	ldrb	r2, [r4, #7]
10000a3c:	7921      	ldrb	r1, [r4, #4]
10000a3e:	433a      	orrs	r2, r7
10000a40:	b2d2      	uxtb	r2, r2
10000a42:	6820      	ldr	r0, [r4, #0]
10000a44:	f7ff fe80 	bl	10000748 <i2c_helper_write_byte>
10000a48:	2001      	movs	r0, #1
10000a4a:	2100      	movs	r1, #0
10000a4c:	f001 fef0 	bl	10002830 <sleep_us>
10000a50:	79e2      	ldrb	r2, [r4, #7]
10000a52:	7921      	ldrb	r1, [r4, #4]
10000a54:	432a      	orrs	r2, r5
10000a56:	b2d2      	uxtb	r2, r2
10000a58:	6820      	ldr	r0, [r4, #0]
10000a5a:	f7ff fe75 	bl	10000748 <i2c_helper_write_byte>
10000a5e:	2032      	movs	r0, #50	@ 0x32
10000a60:	2100      	movs	r1, #0
10000a62:	f001 fee5 	bl	10002830 <sleep_us>
10000a66:	2096      	movs	r0, #150	@ 0x96
10000a68:	2100      	movs	r1, #0
10000a6a:	f001 fee1 	bl	10002830 <sleep_us>
10000a6e:	79e2      	ldrb	r2, [r4, #7]
10000a70:	7921      	ldrb	r1, [r4, #4]
10000a72:	432a      	orrs	r2, r5
10000a74:	b2d2      	uxtb	r2, r2
10000a76:	6820      	ldr	r0, [r4, #0]
10000a78:	f7ff fe66 	bl	10000748 <i2c_helper_write_byte>
10000a7c:	79e2      	ldrb	r2, [r4, #7]
10000a7e:	7921      	ldrb	r1, [r4, #4]
10000a80:	433a      	orrs	r2, r7
10000a82:	b2d2      	uxtb	r2, r2
10000a84:	6820      	ldr	r0, [r4, #0]
10000a86:	f7ff fe5f 	bl	10000748 <i2c_helper_write_byte>
10000a8a:	2001      	movs	r0, #1
10000a8c:	2100      	movs	r1, #0
10000a8e:	f001 fecf 	bl	10002830 <sleep_us>
10000a92:	79e2      	ldrb	r2, [r4, #7]
10000a94:	7921      	ldrb	r1, [r4, #4]
10000a96:	432a      	orrs	r2, r5
10000a98:	b2d2      	uxtb	r2, r2
10000a9a:	6820      	ldr	r0, [r4, #0]
10000a9c:	f7ff fe54 	bl	10000748 <i2c_helper_write_byte>
10000aa0:	2032      	movs	r0, #50	@ 0x32
10000aa2:	2100      	movs	r1, #0
10000aa4:	f001 fec4 	bl	10002830 <sleep_us>
10000aa8:	79e2      	ldrb	r2, [r4, #7]
10000aaa:	4276      	negs	r6, r6
10000aac:	4332      	orrs	r2, r6
10000aae:	7921      	ldrb	r1, [r4, #4]
10000ab0:	b2d2      	uxtb	r2, r2
10000ab2:	6820      	ldr	r0, [r4, #0]
10000ab4:	f7ff fe48 	bl	10000748 <i2c_helper_write_byte>
10000ab8:	2384      	movs	r3, #132	@ 0x84
10000aba:	79e2      	ldrb	r2, [r4, #7]
10000abc:	7921      	ldrb	r1, [r4, #4]
10000abe:	431a      	orrs	r2, r3
10000ac0:	6820      	ldr	r0, [r4, #0]
10000ac2:	f7ff fe41 	bl	10000748 <i2c_helper_write_byte>
10000ac6:	2001      	movs	r0, #1
10000ac8:	2100      	movs	r1, #0
10000aca:	f001 feb1 	bl	10002830 <sleep_us>
10000ace:	79e3      	ldrb	r3, [r4, #7]
10000ad0:	7921      	ldrb	r1, [r4, #4]
10000ad2:	431e      	orrs	r6, r3
10000ad4:	b2f2      	uxtb	r2, r6
10000ad6:	6820      	ldr	r0, [r4, #0]
10000ad8:	f7ff fe36 	bl	10000748 <i2c_helper_write_byte>
10000adc:	2032      	movs	r0, #50	@ 0x32
10000ade:	2100      	movs	r1, #0
10000ae0:	f001 fea6 	bl	10002830 <sleep_us>
10000ae4:	79e2      	ldrb	r2, [r4, #7]
10000ae6:	7921      	ldrb	r1, [r4, #4]
10000ae8:	6820      	ldr	r0, [r4, #0]
10000aea:	f7ff fe2d 	bl	10000748 <i2c_helper_write_byte>
10000aee:	2304      	movs	r3, #4
10000af0:	4698      	mov	r8, r3
10000af2:	4643      	mov	r3, r8
10000af4:	2640      	movs	r6, #64	@ 0x40
10000af6:	79e2      	ldrb	r2, [r4, #7]
10000af8:	7921      	ldrb	r1, [r4, #4]
10000afa:	431a      	orrs	r2, r3
10000afc:	b2d2      	uxtb	r2, r2
10000afe:	6820      	ldr	r0, [r4, #0]
10000b00:	f7ff fe22 	bl	10000748 <i2c_helper_write_byte>
10000b04:	2001      	movs	r0, #1
10000b06:	2100      	movs	r1, #0
10000b08:	f001 fe92 	bl	10002830 <sleep_us>
10000b0c:	79e2      	ldrb	r2, [r4, #7]
10000b0e:	7921      	ldrb	r1, [r4, #4]
10000b10:	6820      	ldr	r0, [r4, #0]
10000b12:	f7ff fe19 	bl	10000748 <i2c_helper_write_byte>
10000b16:	2032      	movs	r0, #50	@ 0x32
10000b18:	2100      	movs	r1, #0
10000b1a:	f001 fe89 	bl	10002830 <sleep_us>
10000b1e:	79e2      	ldrb	r2, [r4, #7]
10000b20:	4276      	negs	r6, r6
10000b22:	4332      	orrs	r2, r6
10000b24:	7921      	ldrb	r1, [r4, #4]
10000b26:	b2d2      	uxtb	r2, r2
10000b28:	6820      	ldr	r0, [r4, #0]
10000b2a:	f7ff fe0d 	bl	10000748 <i2c_helper_write_byte>
10000b2e:	23c4      	movs	r3, #196	@ 0xc4
10000b30:	79e2      	ldrb	r2, [r4, #7]
10000b32:	7921      	ldrb	r1, [r4, #4]
10000b34:	431a      	orrs	r2, r3
10000b36:	6820      	ldr	r0, [r4, #0]
10000b38:	f7ff fe06 	bl	10000748 <i2c_helper_write_byte>
10000b3c:	2001      	movs	r0, #1
10000b3e:	2100      	movs	r1, #0
10000b40:	f001 fe76 	bl	10002830 <sleep_us>
10000b44:	79e3      	ldrb	r3, [r4, #7]
10000b46:	7921      	ldrb	r1, [r4, #4]
10000b48:	431e      	orrs	r6, r3
10000b4a:	b2f2      	uxtb	r2, r6
10000b4c:	6820      	ldr	r0, [r4, #0]
10000b4e:	f7ff fdfb 	bl	10000748 <i2c_helper_write_byte>
10000b52:	2032      	movs	r0, #50	@ 0x32
10000b54:	2100      	movs	r1, #0
10000b56:	f001 fe6b 	bl	10002830 <sleep_us>
10000b5a:	79e2      	ldrb	r2, [r4, #7]
10000b5c:	7921      	ldrb	r1, [r4, #4]
10000b5e:	6820      	ldr	r0, [r4, #0]
10000b60:	f7ff fdf2 	bl	10000748 <i2c_helper_write_byte>
10000b64:	4643      	mov	r3, r8
10000b66:	2610      	movs	r6, #16
10000b68:	79e2      	ldrb	r2, [r4, #7]
10000b6a:	7921      	ldrb	r1, [r4, #4]
10000b6c:	431a      	orrs	r2, r3
10000b6e:	b2d2      	uxtb	r2, r2
10000b70:	6820      	ldr	r0, [r4, #0]
10000b72:	f7ff fde9 	bl	10000748 <i2c_helper_write_byte>
10000b76:	2001      	movs	r0, #1
10000b78:	2100      	movs	r1, #0
10000b7a:	f001 fe59 	bl	10002830 <sleep_us>
10000b7e:	79e2      	ldrb	r2, [r4, #7]
10000b80:	7921      	ldrb	r1, [r4, #4]
10000b82:	6820      	ldr	r0, [r4, #0]
10000b84:	f7ff fde0 	bl	10000748 <i2c_helper_write_byte>
10000b88:	2032      	movs	r0, #50	@ 0x32
10000b8a:	2100      	movs	r1, #0
10000b8c:	f001 fe50 	bl	10002830 <sleep_us>
10000b90:	79e2      	ldrb	r2, [r4, #7]
10000b92:	7921      	ldrb	r1, [r4, #4]
10000b94:	4332      	orrs	r2, r6
10000b96:	b2d2      	uxtb	r2, r2
10000b98:	6820      	ldr	r0, [r4, #0]
10000b9a:	f7ff fdd5 	bl	10000748 <i2c_helper_write_byte>
10000b9e:	2314      	movs	r3, #20
10000ba0:	79e2      	ldrb	r2, [r4, #7]
10000ba2:	7921      	ldrb	r1, [r4, #4]
10000ba4:	431a      	orrs	r2, r3
10000ba6:	6820      	ldr	r0, [r4, #0]
10000ba8:	f7ff fdce 	bl	10000748 <i2c_helper_write_byte>
10000bac:	2001      	movs	r0, #1
10000bae:	2100      	movs	r1, #0
10000bb0:	f001 fe3e 	bl	10002830 <sleep_us>
10000bb4:	79e2      	ldrb	r2, [r4, #7]
10000bb6:	7921      	ldrb	r1, [r4, #4]
10000bb8:	4332      	orrs	r2, r6
10000bba:	b2d2      	uxtb	r2, r2
10000bbc:	6820      	ldr	r0, [r4, #0]
10000bbe:	f7ff fdc3 	bl	10000748 <i2c_helper_write_byte>
10000bc2:	2100      	movs	r1, #0
10000bc4:	2032      	movs	r0, #50	@ 0x32
10000bc6:	f001 fe33 	bl	10002830 <sleep_us>
10000bca:	2002      	movs	r0, #2
10000bcc:	f001 fea6 	bl	1000291c <sleep_ms>
10000bd0:	79e2      	ldrb	r2, [r4, #7]
10000bd2:	7921      	ldrb	r1, [r4, #4]
10000bd4:	6820      	ldr	r0, [r4, #0]
10000bd6:	f7ff fdb7 	bl	10000748 <i2c_helper_write_byte>
10000bda:	4643      	mov	r3, r8
10000bdc:	2660      	movs	r6, #96	@ 0x60
10000bde:	79e2      	ldrb	r2, [r4, #7]
10000be0:	7921      	ldrb	r1, [r4, #4]
10000be2:	431a      	orrs	r2, r3
10000be4:	b2d2      	uxtb	r2, r2
10000be6:	6820      	ldr	r0, [r4, #0]
10000be8:	f7ff fdae 	bl	10000748 <i2c_helper_write_byte>
10000bec:	2001      	movs	r0, #1
10000bee:	2100      	movs	r1, #0
10000bf0:	f001 fe1e 	bl	10002830 <sleep_us>
10000bf4:	79e2      	ldrb	r2, [r4, #7]
10000bf6:	7921      	ldrb	r1, [r4, #4]
10000bf8:	6820      	ldr	r0, [r4, #0]
10000bfa:	f7ff fda5 	bl	10000748 <i2c_helper_write_byte>
10000bfe:	2032      	movs	r0, #50	@ 0x32
10000c00:	2100      	movs	r1, #0
10000c02:	f001 fe15 	bl	10002830 <sleep_us>
10000c06:	79e2      	ldrb	r2, [r4, #7]
10000c08:	7921      	ldrb	r1, [r4, #4]
10000c0a:	4332      	orrs	r2, r6
10000c0c:	b2d2      	uxtb	r2, r2
10000c0e:	6820      	ldr	r0, [r4, #0]
10000c10:	f7ff fd9a 	bl	10000748 <i2c_helper_write_byte>
10000c14:	2364      	movs	r3, #100	@ 0x64
10000c16:	79e2      	ldrb	r2, [r4, #7]
10000c18:	7921      	ldrb	r1, [r4, #4]
10000c1a:	431a      	orrs	r2, r3
10000c1c:	6820      	ldr	r0, [r4, #0]
10000c1e:	f7ff fd93 	bl	10000748 <i2c_helper_write_byte>
10000c22:	2001      	movs	r0, #1
10000c24:	2100      	movs	r1, #0
10000c26:	f001 fe03 	bl	10002830 <sleep_us>
10000c2a:	79e2      	ldrb	r2, [r4, #7]
10000c2c:	7921      	ldrb	r1, [r4, #4]
10000c2e:	4332      	orrs	r2, r6
10000c30:	b2d2      	uxtb	r2, r2
10000c32:	6820      	ldr	r0, [r4, #0]
10000c34:	f7ff fd88 	bl	10000748 <i2c_helper_write_byte>
10000c38:	2032      	movs	r0, #50	@ 0x32
10000c3a:	2100      	movs	r1, #0
10000c3c:	f001 fdf8 	bl	10002830 <sleep_us>
10000c40:	79e2      	ldrb	r2, [r4, #7]
10000c42:	7921      	ldrb	r1, [r4, #4]
10000c44:	6820      	ldr	r0, [r4, #0]
10000c46:	f7ff fd7f 	bl	10000748 <i2c_helper_write_byte>
10000c4a:	4643      	mov	r3, r8
10000c4c:	79e2      	ldrb	r2, [r4, #7]
10000c4e:	7921      	ldrb	r1, [r4, #4]
10000c50:	431a      	orrs	r2, r3
10000c52:	b2d2      	uxtb	r2, r2
10000c54:	6820      	ldr	r0, [r4, #0]
10000c56:	f7ff fd77 	bl	10000748 <i2c_helper_write_byte>
10000c5a:	2001      	movs	r0, #1
10000c5c:	2100      	movs	r1, #0
10000c5e:	f001 fde7 	bl	10002830 <sleep_us>
10000c62:	79e2      	ldrb	r2, [r4, #7]
10000c64:	7921      	ldrb	r1, [r4, #4]
10000c66:	6820      	ldr	r0, [r4, #0]
10000c68:	f7ff fd6e 	bl	10000748 <i2c_helper_write_byte>
10000c6c:	2032      	movs	r0, #50	@ 0x32
10000c6e:	2100      	movs	r1, #0
10000c70:	f001 fdde 	bl	10002830 <sleep_us>
10000c74:	79e2      	ldrb	r2, [r4, #7]
10000c76:	7921      	ldrb	r1, [r4, #4]
10000c78:	432a      	orrs	r2, r5
10000c7a:	b2d2      	uxtb	r2, r2
10000c7c:	6820      	ldr	r0, [r4, #0]
10000c7e:	f7ff fd63 	bl	10000748 <i2c_helper_write_byte>
10000c82:	79e2      	ldrb	r2, [r4, #7]
10000c84:	7921      	ldrb	r1, [r4, #4]
10000c86:	433a      	orrs	r2, r7
10000c88:	b2d2      	uxtb	r2, r2
10000c8a:	6820      	ldr	r0, [r4, #0]
10000c8c:	f7ff fd5c 	bl	10000748 <i2c_helper_write_byte>
10000c90:	2001      	movs	r0, #1
10000c92:	2100      	movs	r1, #0
10000c94:	f001 fdcc 	bl	10002830 <sleep_us>
10000c98:	79e2      	ldrb	r2, [r4, #7]
10000c9a:	7921      	ldrb	r1, [r4, #4]
10000c9c:	432a      	orrs	r2, r5
10000c9e:	b2d2      	uxtb	r2, r2
10000ca0:	6820      	ldr	r0, [r4, #0]
10000ca2:	f7ff fd51 	bl	10000748 <i2c_helper_write_byte>
10000ca6:	2100      	movs	r1, #0
10000ca8:	2032      	movs	r0, #50	@ 0x32
10000caa:	f001 fdc1 	bl	10002830 <sleep_us>
10000cae:	2002      	movs	r0, #2
10000cb0:	f001 fe34 	bl	1000291c <sleep_ms>
10000cb4:	bc80      	pop	{r7}
10000cb6:	46b8      	mov	r8, r7
10000cb8:	bdf0      	pop	{r4, r5, r6, r7, pc}
10000cba:	0029      	movs	r1, r5
10000cbc:	4801      	ldr	r0, [pc, #4]	@ (10000cc4 <lcd_init+0x3a8>)
10000cbe:	f005 f887 	bl	10005dd0 <__wrap_printf>
10000cc2:	e643      	b.n	1000094c <lcd_init+0x30>
10000cc4:	10008fd4 	.word	0x10008fd4

10000cc8 <lcd_clear>:
10000cc8:	b570      	push	{r4, r5, r6, lr}
10000cca:	0004      	movs	r4, r0
10000ccc:	79c2      	ldrb	r2, [r0, #7]
10000cce:	7901      	ldrb	r1, [r0, #4]
10000cd0:	6800      	ldr	r0, [r0, #0]
10000cd2:	f7ff fd39 	bl	10000748 <i2c_helper_write_byte>
10000cd6:	2304      	movs	r3, #4
10000cd8:	2510      	movs	r5, #16
10000cda:	79e2      	ldrb	r2, [r4, #7]
10000cdc:	7921      	ldrb	r1, [r4, #4]
10000cde:	431a      	orrs	r2, r3
10000ce0:	6820      	ldr	r0, [r4, #0]
10000ce2:	f7ff fd31 	bl	10000748 <i2c_helper_write_byte>
10000ce6:	2001      	movs	r0, #1
10000ce8:	2100      	movs	r1, #0
10000cea:	f001 fda1 	bl	10002830 <sleep_us>
10000cee:	79e2      	ldrb	r2, [r4, #7]
10000cf0:	7921      	ldrb	r1, [r4, #4]
10000cf2:	6820      	ldr	r0, [r4, #0]
10000cf4:	f7ff fd28 	bl	10000748 <i2c_helper_write_byte>
10000cf8:	2032      	movs	r0, #50	@ 0x32
10000cfa:	2100      	movs	r1, #0
10000cfc:	f001 fd98 	bl	10002830 <sleep_us>
10000d00:	79e2      	ldrb	r2, [r4, #7]
10000d02:	7921      	ldrb	r1, [r4, #4]
10000d04:	432a      	orrs	r2, r5
10000d06:	6820      	ldr	r0, [r4, #0]
10000d08:	b2d2      	uxtb	r2, r2
10000d0a:	f7ff fd1d 	bl	10000748 <i2c_helper_write_byte>
10000d0e:	2314      	movs	r3, #20
10000d10:	79e2      	ldrb	r2, [r4, #7]
10000d12:	7921      	ldrb	r1, [r4, #4]
10000d14:	431a      	orrs	r2, r3
10000d16:	6820      	ldr	r0, [r4, #0]
10000d18:	f7ff fd16 	bl	10000748 <i2c_helper_write_byte>
10000d1c:	2001      	movs	r0, #1
10000d1e:	2100      	movs	r1, #0
10000d20:	f001 fd86 	bl	10002830 <sleep_us>
10000d24:	79e2      	ldrb	r2, [r4, #7]
10000d26:	7921      	ldrb	r1, [r4, #4]
10000d28:	432a      	orrs	r2, r5
10000d2a:	b2d2      	uxtb	r2, r2
10000d2c:	6820      	ldr	r0, [r4, #0]
10000d2e:	f7ff fd0b 	bl	10000748 <i2c_helper_write_byte>
10000d32:	2100      	movs	r1, #0
10000d34:	2032      	movs	r0, #50	@ 0x32
10000d36:	f001 fd7b 	bl	10002830 <sleep_us>
10000d3a:	2002      	movs	r0, #2
10000d3c:	f001 fdee 	bl	1000291c <sleep_ms>
10000d40:	bd70      	pop	{r4, r5, r6, pc}
10000d42:	46c0      	nop			@ (mov r8, r8)

10000d44 <lcd_set_cursor>:
10000d44:	b5f0      	push	{r4, r5, r6, r7, lr}
10000d46:	4b27      	ldr	r3, [pc, #156]	@ (10000de4 <lcd_set_cursor+0xa0>)
10000d48:	b083      	sub	sp, #12
10000d4a:	9301      	str	r3, [sp, #4]
10000d4c:	7983      	ldrb	r3, [r0, #6]
10000d4e:	0004      	movs	r4, r0
10000d50:	4293      	cmp	r3, r2
10000d52:	d801      	bhi.n	10000d58 <lcd_set_cursor+0x14>
10000d54:	3b01      	subs	r3, #1
10000d56:	b2da      	uxtb	r2, r3
10000d58:	ab01      	add	r3, sp, #4
10000d5a:	5c9d      	ldrb	r5, [r3, r2]
10000d5c:	230f      	movs	r3, #15
10000d5e:	194d      	adds	r5, r1, r5
10000d60:	b2ed      	uxtb	r5, r5
10000d62:	002f      	movs	r7, r5
10000d64:	2680      	movs	r6, #128	@ 0x80
10000d66:	439f      	bics	r7, r3
10000d68:	79e2      	ldrb	r2, [r4, #7]
10000d6a:	433e      	orrs	r6, r7
10000d6c:	7921      	ldrb	r1, [r4, #4]
10000d6e:	4332      	orrs	r2, r6
10000d70:	6820      	ldr	r0, [r4, #0]
10000d72:	f7ff fce9 	bl	10000748 <i2c_helper_write_byte>
10000d76:	2384      	movs	r3, #132	@ 0x84
10000d78:	79e2      	ldrb	r2, [r4, #7]
10000d7a:	7921      	ldrb	r1, [r4, #4]
10000d7c:	433a      	orrs	r2, r7
10000d7e:	431a      	orrs	r2, r3
10000d80:	6820      	ldr	r0, [r4, #0]
10000d82:	f7ff fce1 	bl	10000748 <i2c_helper_write_byte>
10000d86:	2001      	movs	r0, #1
10000d88:	2100      	movs	r1, #0
10000d8a:	f001 fd51 	bl	10002830 <sleep_us>
10000d8e:	79e2      	ldrb	r2, [r4, #7]
10000d90:	7921      	ldrb	r1, [r4, #4]
10000d92:	4332      	orrs	r2, r6
10000d94:	6820      	ldr	r0, [r4, #0]
10000d96:	f7ff fcd7 	bl	10000748 <i2c_helper_write_byte>
10000d9a:	2032      	movs	r0, #50	@ 0x32
10000d9c:	2100      	movs	r1, #0
10000d9e:	f001 fd47 	bl	10002830 <sleep_us>
10000da2:	012d      	lsls	r5, r5, #4
10000da4:	79e2      	ldrb	r2, [r4, #7]
10000da6:	b2ed      	uxtb	r5, r5
10000da8:	7921      	ldrb	r1, [r4, #4]
10000daa:	432a      	orrs	r2, r5
10000dac:	6820      	ldr	r0, [r4, #0]
10000dae:	f7ff fccb 	bl	10000748 <i2c_helper_write_byte>
10000db2:	2304      	movs	r3, #4
10000db4:	79e2      	ldrb	r2, [r4, #7]
10000db6:	7921      	ldrb	r1, [r4, #4]
10000db8:	432a      	orrs	r2, r5
10000dba:	431a      	orrs	r2, r3
10000dbc:	6820      	ldr	r0, [r4, #0]
10000dbe:	f7ff fcc3 	bl	10000748 <i2c_helper_write_byte>
10000dc2:	2001      	movs	r0, #1
10000dc4:	2100      	movs	r1, #0
10000dc6:	f001 fd33 	bl	10002830 <sleep_us>
10000dca:	79e2      	ldrb	r2, [r4, #7]
10000dcc:	7921      	ldrb	r1, [r4, #4]
10000dce:	432a      	orrs	r2, r5
10000dd0:	6820      	ldr	r0, [r4, #0]
10000dd2:	f7ff fcb9 	bl	10000748 <i2c_helper_write_byte>
10000dd6:	2032      	movs	r0, #50	@ 0x32
10000dd8:	2100      	movs	r1, #0
10000dda:	f001 fd29 	bl	10002830 <sleep_us>
10000dde:	b003      	add	sp, #12
10000de0:	bdf0      	pop	{r4, r5, r6, r7, pc}
10000de2:	46c0      	nop			@ (mov r8, r8)
10000de4:	54144000 	.word	0x54144000

10000de8 <lcd_print>:
10000de8:	b5f8      	push	{r3, r4, r5, r6, r7, lr}
10000dea:	4657      	mov	r7, sl
10000dec:	4645      	mov	r5, r8
10000dee:	46de      	mov	lr, fp
10000df0:	464e      	mov	r6, r9
10000df2:	b5e0      	push	{r5, r6, r7, lr}
10000df4:	780d      	ldrb	r5, [r1, #0]
10000df6:	0004      	movs	r4, r0
10000df8:	000f      	movs	r7, r1
10000dfa:	2d00      	cmp	r5, #0
10000dfc:	d050      	beq.n	10000ea0 <lcd_print+0xb8>
10000dfe:	230f      	movs	r3, #15
10000e00:	469a      	mov	sl, r3
10000e02:	2301      	movs	r3, #1
10000e04:	4699      	mov	r9, r3
10000e06:	2305      	movs	r3, #5
10000e08:	4698      	mov	r8, r3
10000e0a:	002e      	movs	r6, r5
10000e0c:	4653      	mov	r3, sl
10000e0e:	464a      	mov	r2, r9
10000e10:	439e      	bics	r6, r3
10000e12:	4332      	orrs	r2, r6
10000e14:	b2d3      	uxtb	r3, r2
10000e16:	79e2      	ldrb	r2, [r4, #7]
10000e18:	7921      	ldrb	r1, [r4, #4]
10000e1a:	431a      	orrs	r2, r3
10000e1c:	6820      	ldr	r0, [r4, #0]
10000e1e:	469b      	mov	fp, r3
10000e20:	f7ff fc92 	bl	10000748 <i2c_helper_write_byte>
10000e24:	79e3      	ldrb	r3, [r4, #7]
10000e26:	7921      	ldrb	r1, [r4, #4]
10000e28:	431e      	orrs	r6, r3
10000e2a:	4643      	mov	r3, r8
10000e2c:	431e      	orrs	r6, r3
10000e2e:	b2f2      	uxtb	r2, r6
10000e30:	6820      	ldr	r0, [r4, #0]
10000e32:	f7ff fc89 	bl	10000748 <i2c_helper_write_byte>
10000e36:	2001      	movs	r0, #1
10000e38:	2100      	movs	r1, #0
10000e3a:	f001 fcf9 	bl	10002830 <sleep_us>
10000e3e:	465b      	mov	r3, fp
10000e40:	464e      	mov	r6, r9
10000e42:	79e2      	ldrb	r2, [r4, #7]
10000e44:	7921      	ldrb	r1, [r4, #4]
10000e46:	431a      	orrs	r2, r3
10000e48:	6820      	ldr	r0, [r4, #0]
10000e4a:	012d      	lsls	r5, r5, #4
10000e4c:	f7ff fc7c 	bl	10000748 <i2c_helper_write_byte>
10000e50:	b2ed      	uxtb	r5, r5
10000e52:	2032      	movs	r0, #50	@ 0x32
10000e54:	2100      	movs	r1, #0
10000e56:	f001 fceb 	bl	10002830 <sleep_us>
10000e5a:	432e      	orrs	r6, r5
10000e5c:	79e2      	ldrb	r2, [r4, #7]
10000e5e:	b2f6      	uxtb	r6, r6
10000e60:	7921      	ldrb	r1, [r4, #4]
10000e62:	4332      	orrs	r2, r6
10000e64:	6820      	ldr	r0, [r4, #0]
10000e66:	f7ff fc6f 	bl	10000748 <i2c_helper_write_byte>
10000e6a:	79e3      	ldrb	r3, [r4, #7]
10000e6c:	7921      	ldrb	r1, [r4, #4]
10000e6e:	431d      	orrs	r5, r3
10000e70:	4643      	mov	r3, r8
10000e72:	431d      	orrs	r5, r3
10000e74:	b2ea      	uxtb	r2, r5
10000e76:	6820      	ldr	r0, [r4, #0]
10000e78:	f7ff fc66 	bl	10000748 <i2c_helper_write_byte>
10000e7c:	2001      	movs	r0, #1
10000e7e:	2100      	movs	r1, #0
10000e80:	f001 fcd6 	bl	10002830 <sleep_us>
10000e84:	79e2      	ldrb	r2, [r4, #7]
10000e86:	7921      	ldrb	r1, [r4, #4]
10000e88:	4332      	orrs	r2, r6
10000e8a:	6820      	ldr	r0, [r4, #0]
10000e8c:	f7ff fc5c 	bl	10000748 <i2c_helper_write_byte>
10000e90:	3701      	adds	r7, #1
10000e92:	2032      	movs	r0, #50	@ 0x32
10000e94:	2100      	movs	r1, #0
10000e96:	f001 fccb 	bl	10002830 <sleep_us>
10000e9a:	783d      	ldrb	r5, [r7, #0]
10000e9c:	2d00      	cmp	r5, #0
10000e9e:	d1b4      	bne.n	10000e0a <lcd_print+0x22>
10000ea0:	bcf0      	pop	{r4, r5, r6, r7}
10000ea2:	46bb      	mov	fp, r7
10000ea4:	46b2      	mov	sl, r6
10000ea6:	46a9      	mov	r9, r5
10000ea8:	46a0      	mov	r8, r4
10000eaa:	bdf8      	pop	{r3, r4, r5, r6, r7, pc}

10000eac <lcd_print_int>:
10000eac:	b5f0      	push	{r4, r5, r6, r7, lr}
10000eae:	46de      	mov	lr, fp
10000eb0:	4657      	mov	r7, sl
10000eb2:	4645      	mov	r5, r8
10000eb4:	464e      	mov	r6, r9
10000eb6:	b5e0      	push	{r5, r6, r7, lr}
10000eb8:	b085      	sub	sp, #20
10000eba:	466f      	mov	r7, sp
10000ebc:	000b      	movs	r3, r1
10000ebe:	0004      	movs	r4, r0
10000ec0:	2110      	movs	r1, #16
10000ec2:	4668      	mov	r0, sp
10000ec4:	4a2e      	ldr	r2, [pc, #184]	@ (10000f80 <lcd_print_int+0xd4>)
10000ec6:	f004 fd2f 	bl	10005928 <__wrap_snprintf>
10000eca:	783d      	ldrb	r5, [r7, #0]
10000ecc:	2d00      	cmp	r5, #0
10000ece:	d050      	beq.n	10000f72 <lcd_print_int+0xc6>
10000ed0:	230f      	movs	r3, #15
10000ed2:	469a      	mov	sl, r3
10000ed4:	2301      	movs	r3, #1
10000ed6:	4699      	mov	r9, r3
10000ed8:	2305      	movs	r3, #5
10000eda:	4698      	mov	r8, r3
10000edc:	002e      	movs	r6, r5
10000ede:	4653      	mov	r3, sl
10000ee0:	464a      	mov	r2, r9
10000ee2:	439e      	bics	r6, r3
10000ee4:	4332      	orrs	r2, r6
10000ee6:	b2d3      	uxtb	r3, r2
10000ee8:	79e2      	ldrb	r2, [r4, #7]
10000eea:	7921      	ldrb	r1, [r4, #4]
10000eec:	431a      	orrs	r2, r3
10000eee:	6820      	ldr	r0, [r4, #0]
10000ef0:	469b      	mov	fp, r3
10000ef2:	f7ff fc29 	bl	10000748 <i2c_helper_write_byte>
10000ef6:	79e3      	ldrb	r3, [r4, #7]
10000ef8:	7921      	ldrb	r1, [r4, #4]
10000efa:	431e      	orrs	r6, r3
10000efc:	4643      	mov	r3, r8
10000efe:	431e      	orrs	r6, r3
10000f00:	b2f2      	uxtb	r2, r6
10000f02:	6820      	ldr	r0, [r4, #0]
10000f04:	f7ff fc20 	bl	10000748 <i2c_helper_write_byte>
10000f08:	2001      	movs	r0, #1
10000f0a:	2100      	movs	r1, #0
10000f0c:	f001 fc90 	bl	10002830 <sleep_us>
10000f10:	465b      	mov	r3, fp
10000f12:	464e      	mov	r6, r9
10000f14:	79e2      	ldrb	r2, [r4, #7]
10000f16:	7921      	ldrb	r1, [r4, #4]
10000f18:	431a      	orrs	r2, r3
10000f1a:	6820      	ldr	r0, [r4, #0]
10000f1c:	012d      	lsls	r5, r5, #4
10000f1e:	f7ff fc13 	bl	10000748 <i2c_helper_write_byte>
10000f22:	b2ed      	uxtb	r5, r5
10000f24:	2032      	movs	r0, #50	@ 0x32
10000f26:	2100      	movs	r1, #0
10000f28:	f001 fc82 	bl	10002830 <sleep_us>
10000f2c:	432e      	orrs	r6, r5
10000f2e:	79e2      	ldrb	r2, [r4, #7]
10000f30:	b2f6      	uxtb	r6, r6
10000f32:	7921      	ldrb	r1, [r4, #4]
10000f34:	4332      	orrs	r2, r6
10000f36:	6820      	ldr	r0, [r4, #0]
10000f38:	f7ff fc06 	bl	10000748 <i2c_helper_write_byte>
10000f3c:	79e3      	ldrb	r3, [r4, #7]
10000f3e:	7921      	ldrb	r1, [r4, #4]
10000f40:	431d      	orrs	r5, r3
10000f42:	4643      	mov	r3, r8
10000f44:	431d      	orrs	r5, r3
10000f46:	b2ea      	uxtb	r2, r5
10000f48:	6820      	ldr	r0, [r4, #0]
10000f4a:	f7ff fbfd 	bl	10000748 <i2c_helper_write_byte>
10000f4e:	2001      	movs	r0, #1
10000f50:	2100      	movs	r1, #0
10000f52:	f001 fc6d 	bl	10002830 <sleep_us>
10000f56:	79e2      	ldrb	r2, [r4, #7]
10000f58:	7921      	ldrb	r1, [r4, #4]
10000f5a:	4332      	orrs	r2, r6
10000f5c:	6820      	ldr	r0, [r4, #0]
10000f5e:	f7ff fbf3 	bl	10000748 <i2c_helper_write_byte>
10000f62:	3701      	adds	r7, #1
10000f64:	2032      	movs	r0, #50	@ 0x32
10000f66:	2100      	movs	r1, #0
10000f68:	f001 fc62 	bl	10002830 <sleep_us>
10000f6c:	783d      	ldrb	r5, [r7, #0]
10000f6e:	2d00      	cmp	r5, #0
10000f70:	d1b4      	bne.n	10000edc <lcd_print_int+0x30>
10000f72:	b005      	add	sp, #20
10000f74:	bcf0      	pop	{r4, r5, r6, r7}
10000f76:	46bb      	mov	fp, r7
10000f78:	46b2      	mov	sl, r6
10000f7a:	46a9      	mov	r9, r5
10000f7c:	46a0      	mov	r8, r4
10000f7e:	bdf0      	pop	{r4, r5, r6, r7, pc}
10000f80:	10009000 	.word	0x10009000

10000f84 <lcd_print_float>:
10000f84:	b5f0      	push	{r4, r5, r6, r7, lr}
10000f86:	46de      	mov	lr, fp
10000f88:	4657      	mov	r7, sl
10000f8a:	4645      	mov	r5, r8
10000f8c:	464e      	mov	r6, r9
10000f8e:	b5e0      	push	{r5, r6, r7, lr}
10000f90:	1c0d      	adds	r5, r1, #0
10000f92:	4937      	ldr	r1, [pc, #220]	@ (10001070 <lcd_print_float+0xec>)
10000f94:	b089      	sub	sp, #36	@ 0x24
10000f96:	0013      	movs	r3, r2
10000f98:	0004      	movs	r4, r0
10000f9a:	000a      	movs	r2, r1
10000f9c:	a802      	add	r0, sp, #8
10000f9e:	2108      	movs	r1, #8
10000fa0:	f004 fcc2 	bl	10005928 <__wrap_snprintf>
10000fa4:	1c28      	adds	r0, r5, #0
10000fa6:	f002 ffcb 	bl	10003f40 <__wrap___aeabi_f2d>
10000faa:	af04      	add	r7, sp, #16
10000fac:	9000      	str	r0, [sp, #0]
10000fae:	9101      	str	r1, [sp, #4]
10000fb0:	aa02      	add	r2, sp, #8
10000fb2:	2110      	movs	r1, #16
10000fb4:	0038      	movs	r0, r7
10000fb6:	f004 fcb7 	bl	10005928 <__wrap_snprintf>
10000fba:	783d      	ldrb	r5, [r7, #0]
10000fbc:	2d00      	cmp	r5, #0
10000fbe:	d050      	beq.n	10001062 <lcd_print_float+0xde>
10000fc0:	230f      	movs	r3, #15
10000fc2:	469a      	mov	sl, r3
10000fc4:	2301      	movs	r3, #1
10000fc6:	4699      	mov	r9, r3
10000fc8:	2305      	movs	r3, #5
10000fca:	4698      	mov	r8, r3
10000fcc:	002e      	movs	r6, r5
10000fce:	4653      	mov	r3, sl
10000fd0:	464a      	mov	r2, r9
10000fd2:	439e      	bics	r6, r3
10000fd4:	4332      	orrs	r2, r6
10000fd6:	b2d3      	uxtb	r3, r2
10000fd8:	79e2      	ldrb	r2, [r4, #7]
10000fda:	7921      	ldrb	r1, [r4, #4]
10000fdc:	431a      	orrs	r2, r3
10000fde:	6820      	ldr	r0, [r4, #0]
10000fe0:	469b      	mov	fp, r3
10000fe2:	f7ff fbb1 	bl	10000748 <i2c_helper_write_byte>
10000fe6:	79e3      	ldrb	r3, [r4, #7]
10000fe8:	7921      	ldrb	r1, [r4, #4]
10000fea:	431e      	orrs	r6, r3
10000fec:	4643      	mov	r3, r8
10000fee:	431e      	orrs	r6, r3
10000ff0:	b2f2      	uxtb	r2, r6
10000ff2:	6820      	ldr	r0, [r4, #0]
10000ff4:	f7ff fba8 	bl	10000748 <i2c_helper_write_byte>
10000ff8:	2001      	movs	r0, #1
10000ffa:	2100      	movs	r1, #0
10000ffc:	f001 fc18 	bl	10002830 <sleep_us>
10001000:	465b      	mov	r3, fp
10001002:	464e      	mov	r6, r9
10001004:	79e2      	ldrb	r2, [r4, #7]
10001006:	7921      	ldrb	r1, [r4, #4]
10001008:	431a      	orrs	r2, r3
1000100a:	6820      	ldr	r0, [r4, #0]
1000100c:	012d      	lsls	r5, r5, #4
1000100e:	f7ff fb9b 	bl	10000748 <i2c_helper_write_byte>
10001012:	b2ed      	uxtb	r5, r5
10001014:	2032      	movs	r0, #50	@ 0x32
10001016:	2100      	movs	r1, #0
10001018:	f001 fc0a 	bl	10002830 <sleep_us>
1000101c:	432e      	orrs	r6, r5
1000101e:	79e2      	ldrb	r2, [r4, #7]
10001020:	b2f6      	uxtb	r6, r6
10001022:	7921      	ldrb	r1, [r4, #4]
10001024:	4332      	orrs	r2, r6
10001026:	6820      	ldr	r0, [r4, #0]
10001028:	f7ff fb8e 	bl	10000748 <i2c_helper_write_byte>
1000102c:	79e3      	ldrb	r3, [r4, #7]
1000102e:	7921      	ldrb	r1, [r4, #4]
10001030:	431d      	orrs	r5, r3
10001032:	4643      	mov	r3, r8
10001034:	431d      	orrs	r5, r3
10001036:	b2ea      	uxtb	r2, r5
10001038:	6820      	ldr	r0, [r4, #0]
1000103a:	f7ff fb85 	bl	10000748 <i2c_helper_write_byte>
1000103e:	2001      	movs	r0, #1
10001040:	2100      	movs	r1, #0
10001042:	f001 fbf5 	bl	10002830 <sleep_us>
10001046:	79e2      	ldrb	r2, [r4, #7]
10001048:	7921      	ldrb	r1, [r4, #4]
1000104a:	4332      	orrs	r2, r6
1000104c:	6820      	ldr	r0, [r4, #0]
1000104e:	f7ff fb7b 	bl	10000748 <i2c_helper_write_byte>
10001052:	3701      	adds	r7, #1
10001054:	2032      	movs	r0, #50	@ 0x32
10001056:	2100      	movs	r1, #0
10001058:	f001 fbea 	bl	10002830 <sleep_us>
1000105c:	783d      	ldrb	r5, [r7, #0]
1000105e:	2d00      	cmp	r5, #0
10001060:	d1b4      	bne.n	10000fcc <lcd_print_float+0x48>
10001062:	b009      	add	sp, #36	@ 0x24
10001064:	bcf0      	pop	{r4, r5, r6, r7}
10001066:	46bb      	mov	fp, r7
10001068:	46b2      	mov	sl, r6
1000106a:	46a9      	mov	r9, r5
1000106c:	46a0      	mov	r8, r4
1000106e:	bdf0      	pop	{r4, r5, r6, r7, pc}
10001070:	10009004 	.word	0x10009004

10001074 <encoder_z_handler>:
10001074:	b5f8      	push	{r3, r4, r5, r6, r7, lr}
10001076:	46ce      	mov	lr, r9
10001078:	4647      	mov	r7, r8
1000107a:	4e24      	ldr	r6, [pc, #144]	@ (1000110c <encoder_z_handler+0x98>)
1000107c:	b580      	push	{r7, lr}
1000107e:	6833      	ldr	r3, [r6, #0]
10001080:	2b00      	cmp	r3, #0
10001082:	d002      	beq.n	1000108a <encoder_z_handler+0x16>
10001084:	789b      	ldrb	r3, [r3, #2]
10001086:	4283      	cmp	r3, r0
10001088:	d003      	beq.n	10001092 <encoder_z_handler+0x1e>
1000108a:	bcc0      	pop	{r6, r7}
1000108c:	46b9      	mov	r9, r7
1000108e:	46b0      	mov	r8, r6
10001090:	bdf8      	pop	{r3, r4, r5, r6, r7, pc}
10001092:	f001 fd59 	bl	10002b48 <time_us_64>
10001096:	6833      	ldr	r3, [r6, #0]
10001098:	0004      	movs	r4, r0
1000109a:	000d      	movs	r5, r1
1000109c:	4698      	mov	r8, r3
1000109e:	6a9a      	ldr	r2, [r3, #40]	@ 0x28
100010a0:	6adb      	ldr	r3, [r3, #44]	@ 0x2c
100010a2:	1a80      	subs	r0, r0, r2
100010a4:	4199      	sbcs	r1, r3
100010a6:	1e0a      	subs	r2, r1, #0
100010a8:	d027      	beq.n	100010fa <encoder_z_handler+0x86>
100010aa:	4643      	mov	r3, r8
100010ac:	699f      	ldr	r7, [r3, #24]
100010ae:	4b18      	ldr	r3, [pc, #96]	@ (10001110 <encoder_z_handler+0x9c>)
100010b0:	2105      	movs	r1, #5
100010b2:	4699      	mov	r9, r3
100010b4:	681b      	ldr	r3, [r3, #0]
100010b6:	1aff      	subs	r7, r7, r3
100010b8:	17fb      	asrs	r3, r7, #31
100010ba:	18ff      	adds	r7, r7, r3
100010bc:	405f      	eors	r7, r3
100010be:	4643      	mov	r3, r8
100010c0:	689b      	ldr	r3, [r3, #8]
100010c2:	0058      	lsls	r0, r3, #1
100010c4:	18c0      	adds	r0, r0, r3
100010c6:	f002 f879 	bl	100031bc <__wrap___aeabi_idiv>
100010ca:	4287      	cmp	r7, r0
100010cc:	dbdd      	blt.n	1000108a <encoder_z_handler+0x16>
100010ce:	4643      	mov	r3, r8
100010d0:	003a      	movs	r2, r7
100010d2:	6999      	ldr	r1, [r3, #24]
100010d4:	480f      	ldr	r0, [pc, #60]	@ (10001114 <encoder_z_handler+0xa0>)
100010d6:	f004 fe7b 	bl	10005dd0 <__wrap_printf>
100010da:	4649      	mov	r1, r9
100010dc:	6833      	ldr	r3, [r6, #0]
100010de:	699a      	ldr	r2, [r3, #24]
100010e0:	629c      	str	r4, [r3, #40]	@ 0x28
100010e2:	62dd      	str	r5, [r3, #44]	@ 0x2c
100010e4:	600a      	str	r2, [r1, #0]
100010e6:	2200      	movs	r2, #0
100010e8:	621a      	str	r2, [r3, #32]
100010ea:	3224      	adds	r2, #36	@ 0x24
100010ec:	5c9a      	ldrb	r2, [r3, r2]
100010ee:	2a00      	cmp	r2, #0
100010f0:	d007      	beq.n	10001102 <encoder_z_handler+0x8e>
100010f2:	69da      	ldr	r2, [r3, #28]
100010f4:	3201      	adds	r2, #1
100010f6:	61da      	str	r2, [r3, #28]
100010f8:	e7c7      	b.n	1000108a <encoder_z_handler+0x16>
100010fa:	4b07      	ldr	r3, [pc, #28]	@ (10001118 <encoder_z_handler+0xa4>)
100010fc:	4298      	cmp	r0, r3
100010fe:	d8d4      	bhi.n	100010aa <encoder_z_handler+0x36>
10001100:	e7c3      	b.n	1000108a <encoder_z_handler+0x16>
10001102:	69da      	ldr	r2, [r3, #28]
10001104:	3a01      	subs	r2, #1
10001106:	61da      	str	r2, [r3, #28]
10001108:	e7bf      	b.n	1000108a <encoder_z_handler+0x16>
1000110a:	46c0      	nop			@ (mov r8, r8)
1000110c:	20001ba0 	.word	0x20001ba0
10001110:	20001fac 	.word	0x20001fac
10001114:	1000900c 	.word	0x1000900c
10001118:	00003a97 	.word	0x00003a97

1000111c <encoder_init>:
1000111c:	b5f0      	push	{r4, r5, r6, r7, lr}
1000111e:	46de      	mov	lr, fp
10001120:	4657      	mov	r7, sl
10001122:	464e      	mov	r6, r9
10001124:	4645      	mov	r5, r8
10001126:	b5e0      	push	{r5, r6, r7, lr}
10001128:	b08d      	sub	sp, #52	@ 0x34
1000112a:	001f      	movs	r7, r3
1000112c:	ab16      	add	r3, sp, #88	@ 0x58
1000112e:	781b      	ldrb	r3, [r3, #0]
10001130:	0016      	movs	r6, r2
10001132:	7083      	strb	r3, [r0, #2]
10001134:	4698      	mov	r8, r3
10001136:	9b17      	ldr	r3, [sp, #92]	@ 0x5c
10001138:	7002      	strb	r2, [r0, #0]
1000113a:	6043      	str	r3, [r0, #4]
1000113c:	9b18      	ldr	r3, [sp, #96]	@ 0x60
1000113e:	2201      	movs	r2, #1
10001140:	6083      	str	r3, [r0, #8]
10001142:	2300      	movs	r3, #0
10001144:	6183      	str	r3, [r0, #24]
10001146:	4699      	mov	r9, r3
10001148:	61c3      	str	r3, [r0, #28]
1000114a:	6203      	str	r3, [r0, #32]
1000114c:	3324      	adds	r3, #36	@ 0x24
1000114e:	7047      	strb	r7, [r0, #1]
10001150:	60c1      	str	r1, [r0, #12]
10001152:	54c2      	strb	r2, [r0, r3]
10001154:	2200      	movs	r2, #0
10001156:	2300      	movs	r3, #0
10001158:	6282      	str	r2, [r0, #40]	@ 0x28
1000115a:	62c3      	str	r3, [r0, #44]	@ 0x2c
1000115c:	464b      	mov	r3, r9
1000115e:	6303      	str	r3, [r0, #48]	@ 0x30
10001160:	0004      	movs	r4, r0
10001162:	000d      	movs	r5, r1
10001164:	f001 fcf0 	bl	10002b48 <time_us_64>
10001168:	2300      	movs	r3, #0
1000116a:	464a      	mov	r2, r9
1000116c:	6423      	str	r3, [r4, #64]	@ 0x40
1000116e:	2344      	movs	r3, #68	@ 0x44
10001170:	63a0      	str	r0, [r4, #56]	@ 0x38
10001172:	63e1      	str	r1, [r4, #60]	@ 0x3c
10001174:	54e2      	strb	r2, [r4, r3]
10001176:	0030      	movs	r0, r6
10001178:	f000 fc50 	bl	10001a1c <gpio_init>
1000117c:	0038      	movs	r0, r7
1000117e:	f000 fc4d 	bl	10001a1c <gpio_init>
10001182:	2200      	movs	r2, #0
10001184:	2101      	movs	r1, #1
10001186:	0030      	movs	r0, r6
10001188:	f000 fbcc 	bl	10001924 <gpio_set_pulls>
1000118c:	2200      	movs	r2, #0
1000118e:	2101      	movs	r1, #1
10001190:	0038      	movs	r0, r7
10001192:	f000 fbc7 	bl	10001924 <gpio_set_pulls>
10001196:	4b9c      	ldr	r3, [pc, #624]	@ (10001408 <encoder_init+0x2ec>)
10001198:	0028      	movs	r0, r5
1000119a:	0019      	movs	r1, r3
1000119c:	469a      	mov	sl, r3
1000119e:	f007 fa13 	bl	100085c8 <pio_can_add_program>
100011a2:	9003      	str	r0, [sp, #12]
100011a4:	2800      	cmp	r0, #0
100011a6:	d100      	bne.n	100011aa <encoder_init+0x8e>
100011a8:	e10e      	b.n	100013c8 <encoder_init+0x2ac>
100011aa:	4651      	mov	r1, sl
100011ac:	0028      	movs	r0, r5
100011ae:	f007 fa49 	bl	10008644 <pio_add_program>
100011b2:	0001      	movs	r1, r0
100011b4:	6160      	str	r0, [r4, #20]
100011b6:	4895      	ldr	r0, [pc, #596]	@ (1000140c <encoder_init+0x2f0>)
100011b8:	f004 fe0a 	bl	10005dd0 <__wrap_printf>
100011bc:	2100      	movs	r1, #0
100011be:	0028      	movs	r0, r5
100011c0:	f007 f9e6 	bl	10008590 <pio_claim_unused_sm>
100011c4:	1e01      	subs	r1, r0, #0
100011c6:	da00      	bge.n	100011ca <encoder_init+0xae>
100011c8:	e117      	b.n	100013fa <encoder_init+0x2de>
100011ca:	4b91      	ldr	r3, [pc, #580]	@ (10001410 <encoder_init+0x2f4>)
100011cc:	6120      	str	r0, [r4, #16]
100011ce:	429d      	cmp	r5, r3
100011d0:	d100      	bne.n	100011d4 <encoder_init+0xb8>
100011d2:	e103      	b.n	100013dc <encoder_init+0x2c0>
100011d4:	4a8f      	ldr	r2, [pc, #572]	@ (10001414 <encoder_init+0x2f8>)
100011d6:	4890      	ldr	r0, [pc, #576]	@ (10001418 <encoder_init+0x2fc>)
100011d8:	f004 fdfa 	bl	10005dd0 <__wrap_printf>
100011dc:	6923      	ldr	r3, [r4, #16]
100011de:	6962      	ldr	r2, [r4, #20]
100011e0:	4699      	mov	r9, r3
100011e2:	ab04      	add	r3, sp, #16
100011e4:	469a      	mov	sl, r3
100011e6:	0019      	movs	r1, r3
100011e8:	2300      	movs	r3, #0
100011ea:	9202      	str	r2, [sp, #8]
100011ec:	60cb      	str	r3, [r1, #12]
100011ee:	2280      	movs	r2, #128	@ 0x80
100011f0:	23f8      	movs	r3, #248	@ 0xf8
100011f2:	0252      	lsls	r2, r2, #9
100011f4:	025b      	lsls	r3, r3, #9
100011f6:	9204      	str	r2, [sp, #16]
100011f8:	9305      	str	r3, [sp, #20]
100011fa:	23c0      	movs	r3, #192	@ 0xc0
100011fc:	031b      	lsls	r3, r3, #12
100011fe:	608b      	str	r3, [r1, #8]
10001200:	2210      	movs	r2, #16
10001202:	a808      	add	r0, sp, #32
10001204:	f002 ff36 	bl	10004074 <__wrap___aeabi_memcpy>
10001208:	9a02      	ldr	r2, [sp, #8]
1000120a:	4650      	mov	r0, sl
1000120c:	0013      	movs	r3, r2
1000120e:	3308      	adds	r3, #8
10001210:	01d2      	lsls	r2, r2, #7
10001212:	031b      	lsls	r3, r3, #12
10001214:	4313      	orrs	r3, r2
10001216:	a908      	add	r1, sp, #32
10001218:	2210      	movs	r2, #16
1000121a:	9309      	str	r3, [sp, #36]	@ 0x24
1000121c:	f002 ff2a 	bl	10004074 <__wrap___aeabi_memcpy>
10001220:	22f8      	movs	r2, #248	@ 0xf8
10001222:	4651      	mov	r1, sl
10001224:	0312      	lsls	r2, r2, #12
10001226:	03f3      	lsls	r3, r6, #15
10001228:	4013      	ands	r3, r2
1000122a:	60cb      	str	r3, [r1, #12]
1000122c:	497b      	ldr	r1, [pc, #492]	@ (1000141c <encoder_init+0x300>)
1000122e:	0030      	movs	r0, r6
10001230:	186b      	adds	r3, r5, r1
10001232:	0d1b      	lsrs	r3, r3, #20
10001234:	3306      	adds	r3, #6
10001236:	b2d9      	uxtb	r1, r3
10001238:	468b      	mov	fp, r1
1000123a:	f000 fb59 	bl	100018f0 <gpio_set_function>
1000123e:	4659      	mov	r1, fp
10001240:	1c70      	adds	r0, r6, #1
10001242:	f000 fb55 	bl	100018f0 <gpio_set_function>
10001246:	2300      	movs	r3, #0
10001248:	0032      	movs	r2, r6
1000124a:	4649      	mov	r1, r9
1000124c:	9300      	str	r3, [sp, #0]
1000124e:	0028      	movs	r0, r5
10001250:	3302      	adds	r3, #2
10001252:	f007 fa73 	bl	1000873c <pio_sm_set_consecutive_pindirs>
10001256:	22a0      	movs	r2, #160	@ 0xa0
10001258:	4653      	mov	r3, sl
1000125a:	2180      	movs	r1, #128	@ 0x80
1000125c:	0312      	lsls	r2, r2, #12
1000125e:	689b      	ldr	r3, [r3, #8]
10001260:	9204      	str	r2, [sp, #16]
10001262:	4a6f      	ldr	r2, [pc, #444]	@ (10001420 <encoder_init+0x304>)
10001264:	0609      	lsls	r1, r1, #24
10001266:	4013      	ands	r3, r2
10001268:	430b      	orrs	r3, r1
1000126a:	468b      	mov	fp, r1
1000126c:	4651      	mov	r1, sl
1000126e:	9a02      	ldr	r2, [sp, #8]
10001270:	608b      	str	r3, [r1, #8]
10001272:	0028      	movs	r0, r5
10001274:	4653      	mov	r3, sl
10001276:	4649      	mov	r1, r9
10001278:	f007 faba 	bl	100087f0 <pio_sm_init>
1000127c:	464b      	mov	r3, r9
1000127e:	4969      	ldr	r1, [pc, #420]	@ (10001424 <encoder_init+0x308>)
10001280:	005b      	lsls	r3, r3, #1
10001282:	468c      	mov	ip, r1
10001284:	4659      	mov	r1, fp
10001286:	444b      	add	r3, r9
10001288:	00db      	lsls	r3, r3, #3
1000128a:	18ea      	adds	r2, r5, r3
1000128c:	4462      	add	r2, ip
1000128e:	6011      	str	r1, [r2, #0]
10001290:	6011      	str	r1, [r2, #0]
10001292:	22d0      	movs	r2, #208	@ 0xd0
10001294:	0612      	lsls	r2, r2, #24
10001296:	6851      	ldr	r1, [r2, #4]
10001298:	18eb      	adds	r3, r5, r3
1000129a:	6852      	ldr	r2, [r2, #4]
1000129c:	4a62      	ldr	r2, [pc, #392]	@ (10001428 <encoder_init+0x30c>)
1000129e:	33d8      	adds	r3, #216	@ 0xd8
100012a0:	601a      	str	r2, [r3, #0]
100012a2:	4a62      	ldr	r2, [pc, #392]	@ (1000142c <encoder_init+0x310>)
100012a4:	4649      	mov	r1, r9
100012a6:	601a      	str	r2, [r3, #0]
100012a8:	4a61      	ldr	r2, [pc, #388]	@ (10001430 <encoder_init+0x314>)
100012aa:	4862      	ldr	r0, [pc, #392]	@ (10001434 <encoder_init+0x318>)
100012ac:	601a      	str	r2, [r3, #0]
100012ae:	4a62      	ldr	r2, [pc, #392]	@ (10001438 <encoder_init+0x31c>)
100012b0:	601a      	str	r2, [r3, #0]
100012b2:	2301      	movs	r3, #1
100012b4:	469a      	mov	sl, r3
100012b6:	408b      	lsls	r3, r1
100012b8:	682a      	ldr	r2, [r5, #0]
100012ba:	4313      	orrs	r3, r2
100012bc:	602b      	str	r3, [r5, #0]
100012be:	f004 fd03 	bl	10005cc8 <__wrap_puts>
100012c2:	0031      	movs	r1, r6
100012c4:	485d      	ldr	r0, [pc, #372]	@ (1000143c <encoder_init+0x320>)
100012c6:	f004 fd83 	bl	10005dd0 <__wrap_printf>
100012ca:	0039      	movs	r1, r7
100012cc:	485c      	ldr	r0, [pc, #368]	@ (10001440 <encoder_init+0x324>)
100012ce:	f004 fd7f 	bl	10005dd0 <__wrap_printf>
100012d2:	2064      	movs	r0, #100	@ 0x64
100012d4:	f001 fb22 	bl	1000291c <sleep_ms>
100012d8:	6923      	ldr	r3, [r4, #16]
100012da:	4650      	mov	r0, sl
100012dc:	001a      	movs	r2, r3
100012de:	3208      	adds	r2, #8
100012e0:	4090      	lsls	r0, r2
100012e2:	6869      	ldr	r1, [r5, #4]
100012e4:	0002      	movs	r2, r0
100012e6:	4208      	tst	r0, r1
100012e8:	d100      	bne.n	100012ec <encoder_init+0x1d0>
100012ea:	e079      	b.n	100013e0 <encoder_init+0x2c4>
100012ec:	6869      	ldr	r1, [r5, #4]
100012ee:	420a      	tst	r2, r1
100012f0:	d000      	beq.n	100012f4 <encoder_init+0x1d8>
100012f2:	e086      	b.n	10001402 <encoder_init+0x2e6>
100012f4:	009b      	lsls	r3, r3, #2
100012f6:	18eb      	adds	r3, r5, r3
100012f8:	6a18      	ldr	r0, [r3, #32]
100012fa:	6869      	ldr	r1, [r5, #4]
100012fc:	420a      	tst	r2, r1
100012fe:	d000      	beq.n	10001302 <encoder_init+0x1e6>
10001300:	e078      	b.n	100013f4 <encoder_init+0x2d8>
10001302:	6a18      	ldr	r0, [r3, #32]
10001304:	6869      	ldr	r1, [r5, #4]
10001306:	4211      	tst	r1, r2
10001308:	d000      	beq.n	1000130c <encoder_init+0x1f0>
1000130a:	e073      	b.n	100013f4 <encoder_init+0x2d8>
1000130c:	6a18      	ldr	r0, [r3, #32]
1000130e:	6869      	ldr	r1, [r5, #4]
10001310:	4211      	tst	r1, r2
10001312:	d16f      	bne.n	100013f4 <encoder_init+0x2d8>
10001314:	6a18      	ldr	r0, [r3, #32]
10001316:	6869      	ldr	r1, [r5, #4]
10001318:	4211      	tst	r1, r2
1000131a:	d16b      	bne.n	100013f4 <encoder_init+0x2d8>
1000131c:	6a18      	ldr	r0, [r3, #32]
1000131e:	6869      	ldr	r1, [r5, #4]
10001320:	4211      	tst	r1, r2
10001322:	d167      	bne.n	100013f4 <encoder_init+0x2d8>
10001324:	6a18      	ldr	r0, [r3, #32]
10001326:	6869      	ldr	r1, [r5, #4]
10001328:	4211      	tst	r1, r2
1000132a:	d163      	bne.n	100013f4 <encoder_init+0x2d8>
1000132c:	6a18      	ldr	r0, [r3, #32]
1000132e:	6869      	ldr	r1, [r5, #4]
10001330:	420a      	tst	r2, r1
10001332:	d15f      	bne.n	100013f4 <encoder_init+0x2d8>
10001334:	2203      	movs	r2, #3
10001336:	6a1b      	ldr	r3, [r3, #32]
10001338:	401a      	ands	r2, r3
1000133a:	2344      	movs	r3, #68	@ 0x44
1000133c:	2501      	movs	r5, #1
1000133e:	54e2      	strb	r2, [r4, r3]
10001340:	5ce1      	ldrb	r1, [r4, r3]
10001342:	5ce2      	ldrb	r2, [r4, r3]
10001344:	5ce3      	ldrb	r3, [r4, r3]
10001346:	0852      	lsrs	r2, r2, #1
10001348:	402b      	ands	r3, r5
1000134a:	402a      	ands	r2, r5
1000134c:	b2c9      	uxtb	r1, r1
1000134e:	483d      	ldr	r0, [pc, #244]	@ (10001444 <encoder_init+0x328>)
10001350:	f004 fd3e 	bl	10005dd0 <__wrap_printf>
10001354:	4640      	mov	r0, r8
10001356:	f000 fb61 	bl	10001a1c <gpio_init>
1000135a:	4643      	mov	r3, r8
1000135c:	26d0      	movs	r6, #208	@ 0xd0
1000135e:	409d      	lsls	r5, r3
10001360:	0636      	lsls	r6, r6, #24
10001362:	2200      	movs	r2, #0
10001364:	2101      	movs	r1, #1
10001366:	4640      	mov	r0, r8
10001368:	62b5      	str	r5, [r6, #40]	@ 0x28
1000136a:	f000 fadb 	bl	10001924 <gpio_set_pulls>
1000136e:	6873      	ldr	r3, [r6, #4]
10001370:	421d      	tst	r5, r3
10001372:	d12f      	bne.n	100013d4 <encoder_init+0x2b8>
10001374:	2508      	movs	r5, #8
10001376:	2200      	movs	r2, #0
10001378:	4b33      	ldr	r3, [pc, #204]	@ (10001448 <encoder_init+0x32c>)
1000137a:	4641      	mov	r1, r8
1000137c:	4833      	ldr	r0, [pc, #204]	@ (1000144c <encoder_init+0x330>)
1000137e:	f004 fd27 	bl	10005dd0 <__wrap_printf>
10001382:	4641      	mov	r1, r8
10001384:	2207      	movs	r2, #7
10001386:	400a      	ands	r2, r1
10001388:	210c      	movs	r1, #12
1000138a:	0092      	lsls	r2, r2, #2
1000138c:	4091      	lsls	r1, r2
1000138e:	4b30      	ldr	r3, [pc, #192]	@ (10001450 <encoder_init+0x334>)
10001390:	000a      	movs	r2, r1
10001392:	601c      	str	r4, [r3, #0]
10001394:	4643      	mov	r3, r8
10001396:	08db      	lsrs	r3, r3, #3
10001398:	492e      	ldr	r1, [pc, #184]	@ (10001454 <encoder_init+0x338>)
1000139a:	333c      	adds	r3, #60	@ 0x3c
1000139c:	009b      	lsls	r3, r3, #2
1000139e:	505a      	str	r2, [r3, r1]
100013a0:	4640      	mov	r0, r8
100013a2:	2201      	movs	r2, #1
100013a4:	0029      	movs	r1, r5
100013a6:	4b2c      	ldr	r3, [pc, #176]	@ (10001458 <encoder_init+0x33c>)
100013a8:	f000 fad0 	bl	1000194c <gpio_set_irq_enabled_with_callback>
100013ac:	482b      	ldr	r0, [pc, #172]	@ (1000145c <encoder_init+0x340>)
100013ae:	f004 fc8b 	bl	10005cc8 <__wrap_puts>
100013b2:	482b      	ldr	r0, [pc, #172]	@ (10001460 <encoder_init+0x344>)
100013b4:	f004 fc88 	bl	10005cc8 <__wrap_puts>
100013b8:	9803      	ldr	r0, [sp, #12]
100013ba:	b00d      	add	sp, #52	@ 0x34
100013bc:	bcf0      	pop	{r4, r5, r6, r7}
100013be:	46bb      	mov	fp, r7
100013c0:	46b2      	mov	sl, r6
100013c2:	46a9      	mov	r9, r5
100013c4:	46a0      	mov	r8, r4
100013c6:	bdf0      	pop	{r4, r5, r6, r7, pc}
100013c8:	4826      	ldr	r0, [pc, #152]	@ (10001464 <encoder_init+0x348>)
100013ca:	f004 fc7d 	bl	10005cc8 <__wrap_puts>
100013ce:	2300      	movs	r3, #0
100013d0:	9303      	str	r3, [sp, #12]
100013d2:	e7f1      	b.n	100013b8 <encoder_init+0x29c>
100013d4:	2504      	movs	r5, #4
100013d6:	2201      	movs	r2, #1
100013d8:	4b23      	ldr	r3, [pc, #140]	@ (10001468 <encoder_init+0x34c>)
100013da:	e7ce      	b.n	1000137a <encoder_init+0x25e>
100013dc:	4a23      	ldr	r2, [pc, #140]	@ (1000146c <encoder_init+0x350>)
100013de:	e6fa      	b.n	100011d6 <encoder_init+0xba>
100013e0:	4823      	ldr	r0, [pc, #140]	@ (10001470 <encoder_init+0x354>)
100013e2:	f004 fc71 	bl	10005cc8 <__wrap_puts>
100013e6:	6923      	ldr	r3, [r4, #16]
100013e8:	4651      	mov	r1, sl
100013ea:	001a      	movs	r2, r3
100013ec:	3208      	adds	r2, #8
100013ee:	4091      	lsls	r1, r2
100013f0:	000a      	movs	r2, r1
100013f2:	e77b      	b.n	100012ec <encoder_init+0x1d0>
100013f4:	2203      	movs	r2, #3
100013f6:	4002      	ands	r2, r0
100013f8:	e79f      	b.n	1000133a <encoder_init+0x21e>
100013fa:	481e      	ldr	r0, [pc, #120]	@ (10001474 <encoder_init+0x358>)
100013fc:	f004 fc64 	bl	10005cc8 <__wrap_puts>
10001400:	e7e5      	b.n	100013ce <encoder_init+0x2b2>
10001402:	2200      	movs	r2, #0
10001404:	e799      	b.n	1000133a <encoder_init+0x21e>
10001406:	46c0      	nop			@ (mov r8, r8)
10001408:	100093cc 	.word	0x100093cc
1000140c:	10009070 	.word	0x10009070
10001410:	50200000 	.word	0x50200000
10001414:	10009038 	.word	0x10009038
10001418:	100090b8 	.word	0x100090b8
1000141c:	afe00000 	.word	0xafe00000
10001420:	3e0affff 	.word	0x3e0affff
10001424:	000010d0 	.word	0x000010d0
10001428:	0000e0c0 	.word	0x0000e0c0
1000142c:	00004002 	.word	0x00004002
10001430:	0000a046 	.word	0x0000a046
10001434:	100090d8 	.word	0x100090d8
10001438:	0000a022 	.word	0x0000a022
1000143c:	10009104 	.word	0x10009104
10001440:	10009120 	.word	0x10009120
10001444:	10009154 	.word	0x10009154
10001448:	10009048 	.word	0x10009048
1000144c:	10009180 	.word	0x10009180
10001450:	20001ba0 	.word	0x20001ba0
10001454:	40014000 	.word	0x40014000
10001458:	10001075 	.word	0x10001075
1000145c:	100091bc 	.word	0x100091bc
10001460:	100091e8 	.word	0x100091e8
10001464:	10009050 	.word	0x10009050
10001468:	10009040 	.word	0x10009040
1000146c:	10009030 	.word	0x10009030
10001470:	1000913c 	.word	0x1000913c
10001474:	10009094 	.word	0x10009094

10001478 <encoder_process>:
10001478:	b5f0      	push	{r4, r5, r6, r7, lr}
1000147a:	4657      	mov	r7, sl
1000147c:	464e      	mov	r6, r9
1000147e:	4645      	mov	r5, r8
10001480:	46de      	mov	lr, fp
10001482:	b5e0      	push	{r5, r6, r7, lr}
10001484:	2701      	movs	r7, #1
10001486:	6906      	ldr	r6, [r0, #16]
10001488:	68c5      	ldr	r5, [r0, #12]
1000148a:	3608      	adds	r6, #8
1000148c:	40b7      	lsls	r7, r6
1000148e:	686b      	ldr	r3, [r5, #4]
10001490:	b087      	sub	sp, #28
10001492:	421f      	tst	r7, r3
10001494:	d169      	bne.n	1000156a <encoder_process+0xf2>
10001496:	4b38      	ldr	r3, [pc, #224]	@ (10001578 <encoder_process+0x100>)
10001498:	2100      	movs	r1, #0
1000149a:	681a      	ldr	r2, [r3, #0]
1000149c:	9304      	str	r3, [sp, #16]
1000149e:	4690      	mov	r8, r2
100014a0:	4a36      	ldr	r2, [pc, #216]	@ (1000157c <encoder_process+0x104>)
100014a2:	9101      	str	r1, [sp, #4]
100014a4:	4693      	mov	fp, r2
100014a6:	465b      	mov	r3, fp
100014a8:	9102      	str	r1, [sp, #8]
100014aa:	00b1      	lsls	r1, r6, #2
100014ac:	9103      	str	r1, [sp, #12]
100014ae:	2103      	movs	r1, #3
100014b0:	9305      	str	r3, [sp, #20]
100014b2:	9b03      	ldr	r3, [sp, #12]
100014b4:	6812      	ldr	r2, [r2, #0]
100014b6:	469b      	mov	fp, r3
100014b8:	4691      	mov	r9, r2
100014ba:	468c      	mov	ip, r1
100014bc:	4e30      	ldr	r6, [pc, #192]	@ (10001580 <encoder_process+0x108>)
100014be:	4a31      	ldr	r2, [pc, #196]	@ (10001584 <encoder_process+0x10c>)
100014c0:	465b      	mov	r3, fp
100014c2:	46b2      	mov	sl, r6
100014c4:	464e      	mov	r6, r9
100014c6:	6814      	ldr	r4, [r2, #0]
100014c8:	9203      	str	r2, [sp, #12]
100014ca:	4662      	mov	r2, ip
100014cc:	595b      	ldr	r3, [r3, r5]
100014ce:	3141      	adds	r1, #65	@ 0x41
100014d0:	9600      	str	r6, [sp, #0]
100014d2:	4013      	ands	r3, r2
100014d4:	5c42      	ldrb	r2, [r0, r1]
100014d6:	3401      	adds	r4, #1
100014d8:	429a      	cmp	r2, r3
100014da:	d02c      	beq.n	10001536 <encoder_process+0xbe>
100014dc:	4656      	mov	r6, sl
100014de:	5c42      	ldrb	r2, [r0, r1]
100014e0:	0092      	lsls	r2, r2, #2
100014e2:	431a      	orrs	r2, r3
100014e4:	b2d2      	uxtb	r2, r2
100014e6:	56b2      	ldrsb	r2, [r6, r2]
100014e8:	2a00      	cmp	r2, #0
100014ea:	d017      	beq.n	1000151c <encoder_process+0xa4>
100014ec:	6986      	ldr	r6, [r0, #24]
100014ee:	1996      	adds	r6, r2, r6
100014f0:	6186      	str	r6, [r0, #24]
100014f2:	6a06      	ldr	r6, [r0, #32]
100014f4:	3601      	adds	r6, #1
100014f6:	6206      	str	r6, [r0, #32]
100014f8:	17d6      	asrs	r6, r2, #31
100014fa:	1ab6      	subs	r6, r6, r2
100014fc:	2224      	movs	r2, #36	@ 0x24
100014fe:	0ff6      	lsrs	r6, r6, #31
10001500:	5486      	strb	r6, [r0, r2]
10001502:	6a06      	ldr	r6, [r0, #32]
10001504:	6882      	ldr	r2, [r0, #8]
10001506:	4296      	cmp	r6, r2
10001508:	db01      	blt.n	1000150e <encoder_process+0x96>
1000150a:	2200      	movs	r2, #0
1000150c:	6202      	str	r2, [r0, #32]
1000150e:	2201      	movs	r2, #1
10001510:	4691      	mov	r9, r2
10001512:	9a00      	ldr	r2, [sp, #0]
10001514:	444a      	add	r2, r9
10001516:	9200      	str	r2, [sp, #0]
10001518:	2201      	movs	r2, #1
1000151a:	9202      	str	r2, [sp, #8]
1000151c:	5443      	strb	r3, [r0, r1]
1000151e:	686b      	ldr	r3, [r5, #4]
10001520:	1c62      	adds	r2, r4, #1
10001522:	421f      	tst	r7, r3
10001524:	d10f      	bne.n	10001546 <encoder_process+0xce>
10001526:	465b      	mov	r3, fp
10001528:	0014      	movs	r4, r2
1000152a:	4662      	mov	r2, ip
1000152c:	595b      	ldr	r3, [r3, r5]
1000152e:	4013      	ands	r3, r2
10001530:	5c42      	ldrb	r2, [r0, r1]
10001532:	429a      	cmp	r2, r3
10001534:	d1d2      	bne.n	100014dc <encoder_process+0x64>
10001536:	2301      	movs	r3, #1
10001538:	4699      	mov	r9, r3
1000153a:	9301      	str	r3, [sp, #4]
1000153c:	686b      	ldr	r3, [r5, #4]
1000153e:	44c8      	add	r8, r9
10001540:	1c62      	adds	r2, r4, #1
10001542:	421f      	tst	r7, r3
10001544:	d0ef      	beq.n	10001526 <encoder_process+0xae>
10001546:	9a05      	ldr	r2, [sp, #20]
10001548:	9b00      	ldr	r3, [sp, #0]
1000154a:	4693      	mov	fp, r2
1000154c:	9a03      	ldr	r2, [sp, #12]
1000154e:	4699      	mov	r9, r3
10001550:	6014      	str	r4, [r2, #0]
10001552:	9a01      	ldr	r2, [sp, #4]
10001554:	9b04      	ldr	r3, [sp, #16]
10001556:	2a00      	cmp	r2, #0
10001558:	d001      	beq.n	1000155e <encoder_process+0xe6>
1000155a:	4642      	mov	r2, r8
1000155c:	601a      	str	r2, [r3, #0]
1000155e:	9b02      	ldr	r3, [sp, #8]
10001560:	2b00      	cmp	r3, #0
10001562:	d002      	beq.n	1000156a <encoder_process+0xf2>
10001564:	465b      	mov	r3, fp
10001566:	464a      	mov	r2, r9
10001568:	601a      	str	r2, [r3, #0]
1000156a:	b007      	add	sp, #28
1000156c:	bcf0      	pop	{r4, r5, r6, r7}
1000156e:	46bb      	mov	fp, r7
10001570:	46b2      	mov	sl, r6
10001572:	46a9      	mov	r9, r5
10001574:	46a0      	mov	r8, r4
10001576:	bdf0      	pop	{r4, r5, r6, r7, pc}
10001578:	20002004 	.word	0x20002004
1000157c:	20002018 	.word	0x20002018
10001580:	100093bc 	.word	0x100093bc
10001584:	2000201c 	.word	0x2000201c

10001588 <encoder_get_count>:
10001588:	6980      	ldr	r0, [r0, #24]
1000158a:	4770      	bx	lr

1000158c <encoder_get_revolutions>:
1000158c:	69c0      	ldr	r0, [r0, #28]
1000158e:	4770      	bx	lr

10001590 <encoder_get_pulses_this_rev>:
10001590:	6a00      	ldr	r0, [r0, #32]
10001592:	4770      	bx	lr

10001594 <encoder_get_direction>:
10001594:	2324      	movs	r3, #36	@ 0x24
10001596:	5cc0      	ldrb	r0, [r0, r3]
10001598:	b2c0      	uxtb	r0, r0
1000159a:	4770      	bx	lr

1000159c <encoder_get_rpm>:
1000159c:	6c00      	ldr	r0, [r0, #64]	@ 0x40
1000159e:	4770      	bx	lr

100015a0 <encoder_calculate_rpm>:
100015a0:	b5f0      	push	{r4, r5, r6, r7, lr}
100015a2:	4646      	mov	r6, r8
100015a4:	46d6      	mov	lr, sl
100015a6:	464f      	mov	r7, r9
100015a8:	b5c0      	push	{r6, r7, lr}
100015aa:	4680      	mov	r8, r0
100015ac:	f001 facc 	bl	10002b48 <time_us_64>
100015b0:	4643      	mov	r3, r8
100015b2:	0004      	movs	r4, r0
100015b4:	6b9a      	ldr	r2, [r3, #56]	@ 0x38
100015b6:	6bdb      	ldr	r3, [r3, #60]	@ 0x3c
100015b8:	000d      	movs	r5, r1
100015ba:	1aa4      	subs	r4, r4, r2
100015bc:	419d      	sbcs	r5, r3
100015be:	0006      	movs	r6, r0
100015c0:	000f      	movs	r7, r1
100015c2:	2d00      	cmp	r5, #0
100015c4:	d102      	bne.n	100015cc <encoder_calculate_rpm+0x2c>
100015c6:	4b16      	ldr	r3, [pc, #88]	@ (10001620 <encoder_calculate_rpm+0x80>)
100015c8:	429c      	cmp	r4, r3
100015ca:	d924      	bls.n	10001616 <encoder_calculate_rpm+0x76>
100015cc:	4643      	mov	r3, r8
100015ce:	699b      	ldr	r3, [r3, #24]
100015d0:	469a      	mov	sl, r3
100015d2:	4643      	mov	r3, r8
100015d4:	6b18      	ldr	r0, [r3, #48]	@ 0x30
100015d6:	4653      	mov	r3, sl
100015d8:	1a18      	subs	r0, r3, r0
100015da:	f002 fc7f 	bl	10003edc <__wrap___aeabi_i2f>
100015de:	4643      	mov	r3, r8
100015e0:	4681      	mov	r9, r0
100015e2:	6898      	ldr	r0, [r3, #8]
100015e4:	f002 fc7a 	bl	10003edc <__wrap___aeabi_i2f>
100015e8:	1c01      	adds	r1, r0, #0
100015ea:	4648      	mov	r0, r9
100015ec:	f002 fc55 	bl	10003e9a <__wrap___aeabi_fdiv>
100015f0:	0029      	movs	r1, r5
100015f2:	4681      	mov	r9, r0
100015f4:	0020      	movs	r0, r4
100015f6:	f002 fc95 	bl	10003f24 <__wrap___aeabi_ul2f>
100015fa:	1c01      	adds	r1, r0, #0
100015fc:	4809      	ldr	r0, [pc, #36]	@ (10001624 <encoder_calculate_rpm+0x84>)
100015fe:	f002 fc4c 	bl	10003e9a <__wrap___aeabi_fdiv>
10001602:	1c01      	adds	r1, r0, #0
10001604:	4648      	mov	r0, r9
10001606:	f002 fc5c 	bl	10003ec2 <__wrap___aeabi_fmul>
1000160a:	4643      	mov	r3, r8
1000160c:	4652      	mov	r2, sl
1000160e:	639e      	str	r6, [r3, #56]	@ 0x38
10001610:	63df      	str	r7, [r3, #60]	@ 0x3c
10001612:	6418      	str	r0, [r3, #64]	@ 0x40
10001614:	631a      	str	r2, [r3, #48]	@ 0x30
10001616:	bce0      	pop	{r5, r6, r7}
10001618:	46ba      	mov	sl, r7
1000161a:	46b1      	mov	r9, r6
1000161c:	46a8      	mov	r8, r5
1000161e:	bdf0      	pop	{r4, r5, r6, r7, pc}
10001620:	0001869f 	.word	0x0001869f
10001624:	4c64e1c0 	.word	0x4c64e1c0

10001628 <gpio_default_irq_handler>:
10001628:	23d0      	movs	r3, #208	@ 0xd0
1000162a:	061b      	lsls	r3, r3, #24
1000162c:	681b      	ldr	r3, [r3, #0]
1000162e:	4aac      	ldr	r2, [pc, #688]	@ (100018e0 <gpio_default_irq_handler+0x2b8>)
10001630:	0099      	lsls	r1, r3, #2
10001632:	b5f0      	push	{r4, r5, r6, r7, lr}
10001634:	46de      	mov	lr, fp
10001636:	468b      	mov	fp, r1
10001638:	5851      	ldr	r1, [r2, r1]
1000163a:	425a      	negs	r2, r3
1000163c:	4153      	adcs	r3, r2
1000163e:	222f      	movs	r2, #47	@ 0x2f
10001640:	4657      	mov	r7, sl
10001642:	464e      	mov	r6, r9
10001644:	4645      	mov	r5, r8
10001646:	425b      	negs	r3, r3
10001648:	4393      	bics	r3, r2
1000164a:	469a      	mov	sl, r3
1000164c:	4ba5      	ldr	r3, [pc, #660]	@ (100018e4 <gpio_default_irq_handler+0x2bc>)
1000164e:	b5e0      	push	{r5, r6, r7, lr}
10001650:	469c      	mov	ip, r3
10001652:	b083      	sub	sp, #12
10001654:	2600      	movs	r6, #0
10001656:	9101      	str	r1, [sp, #4]
10001658:	44e2      	add	sl, ip
1000165a:	2900      	cmp	r1, #0
1000165c:	d038      	beq.n	100016d0 <gpio_default_irq_handler+0xa8>
1000165e:	4ba2      	ldr	r3, [pc, #648]	@ (100018e8 <gpio_default_irq_handler+0x2c0>)
10001660:	4699      	mov	r9, r3
10001662:	4652      	mov	r2, sl
10001664:	08f3      	lsrs	r3, r6, #3
10001666:	3308      	adds	r3, #8
10001668:	009b      	lsls	r3, r3, #2
1000166a:	589d      	ldr	r5, [r3, r2]
1000166c:	2301      	movs	r3, #1
1000166e:	0034      	movs	r4, r6
10001670:	4698      	mov	r8, r3
10001672:	3608      	adds	r6, #8
10001674:	2d00      	cmp	r5, #0
10001676:	d022      	beq.n	100016be <gpio_default_irq_handler+0x96>
10001678:	210f      	movs	r1, #15
1000167a:	0020      	movs	r0, r4
1000167c:	4029      	ands	r1, r5
1000167e:	3401      	adds	r4, #1
10001680:	092d      	lsrs	r5, r5, #4
10001682:	2900      	cmp	r1, #0
10001684:	d019      	beq.n	100016ba <gpio_default_irq_handler+0x92>
10001686:	464b      	mov	r3, r9
10001688:	465a      	mov	r2, fp
1000168a:	589a      	ldr	r2, [r3, r2]
1000168c:	0003      	movs	r3, r0
1000168e:	40c2      	lsrs	r2, r0
10001690:	3b20      	subs	r3, #32
10001692:	17db      	asrs	r3, r3, #31
10001694:	4013      	ands	r3, r2
10001696:	4642      	mov	r2, r8
10001698:	4213      	tst	r3, r2
1000169a:	d10c      	bne.n	100016b6 <gpio_default_irq_handler+0x8e>
1000169c:	2207      	movs	r2, #7
1000169e:	000f      	movs	r7, r1
100016a0:	4002      	ands	r2, r0
100016a2:	0092      	lsls	r2, r2, #2
100016a4:	4097      	lsls	r7, r2
100016a6:	003a      	movs	r2, r7
100016a8:	08c3      	lsrs	r3, r0, #3
100016aa:	4f90      	ldr	r7, [pc, #576]	@ (100018ec <gpio_default_irq_handler+0x2c4>)
100016ac:	333c      	adds	r3, #60	@ 0x3c
100016ae:	009b      	lsls	r3, r3, #2
100016b0:	51da      	str	r2, [r3, r7]
100016b2:	9b01      	ldr	r3, [sp, #4]
100016b4:	4798      	blx	r3
100016b6:	2d00      	cmp	r5, #0
100016b8:	d001      	beq.n	100016be <gpio_default_irq_handler+0x96>
100016ba:	42b4      	cmp	r4, r6
100016bc:	d3dc      	bcc.n	10001678 <gpio_default_irq_handler+0x50>
100016be:	2e20      	cmp	r6, #32
100016c0:	d1cf      	bne.n	10001662 <gpio_default_irq_handler+0x3a>
100016c2:	b003      	add	sp, #12
100016c4:	bcf0      	pop	{r4, r5, r6, r7}
100016c6:	46bb      	mov	fp, r7
100016c8:	46b2      	mov	sl, r6
100016ca:	46a9      	mov	r9, r5
100016cc:	46a0      	mov	r8, r4
100016ce:	bdf0      	pop	{r4, r5, r6, r7, pc}
100016d0:	4e85      	ldr	r6, [pc, #532]	@ (100018e8 <gpio_default_irq_handler+0x2c0>)
100016d2:	465f      	mov	r7, fp
100016d4:	2100      	movs	r1, #0
100016d6:	230f      	movs	r3, #15
100016d8:	46b3      	mov	fp, r6
100016da:	08cc      	lsrs	r4, r1, #3
100016dc:	0022      	movs	r2, r4
100016de:	4650      	mov	r0, sl
100016e0:	3208      	adds	r2, #8
100016e2:	0092      	lsls	r2, r2, #2
100016e4:	5812      	ldr	r2, [r2, r0]
100016e6:	2a00      	cmp	r2, #0
100016e8:	d100      	bne.n	100016ec <gpio_default_irq_handler+0xc4>
100016ea:	e0d0      	b.n	1000188e <gpio_default_irq_handler+0x266>
100016ec:	0018      	movs	r0, r3
100016ee:	4010      	ands	r0, r2
100016f0:	4680      	mov	r8, r0
100016f2:	0910      	lsrs	r0, r2, #4
100016f4:	4213      	tst	r3, r2
100016f6:	d01a      	beq.n	1000172e <gpio_default_irq_handler+0x106>
100016f8:	465d      	mov	r5, fp
100016fa:	59ed      	ldr	r5, [r5, r7]
100016fc:	46a9      	mov	r9, r5
100016fe:	2520      	movs	r5, #32
10001700:	426d      	negs	r5, r5
10001702:	46ac      	mov	ip, r5
10001704:	448c      	add	ip, r1
10001706:	4665      	mov	r5, ip
10001708:	17ed      	asrs	r5, r5, #31
1000170a:	46ac      	mov	ip, r5
1000170c:	464d      	mov	r5, r9
1000170e:	40cd      	lsrs	r5, r1
10001710:	46a9      	mov	r9, r5
10001712:	4665      	mov	r5, ip
10001714:	464e      	mov	r6, r9
10001716:	4035      	ands	r5, r6
10001718:	2601      	movs	r6, #1
1000171a:	4235      	tst	r5, r6
1000171c:	d104      	bne.n	10001728 <gpio_default_irq_handler+0x100>
1000171e:	4646      	mov	r6, r8
10001720:	4d72      	ldr	r5, [pc, #456]	@ (100018ec <gpio_default_irq_handler+0x2c4>)
10001722:	343c      	adds	r4, #60	@ 0x3c
10001724:	00a4      	lsls	r4, r4, #2
10001726:	5166      	str	r6, [r4, r5]
10001728:	2800      	cmp	r0, #0
1000172a:	d100      	bne.n	1000172e <gpio_default_irq_handler+0x106>
1000172c:	e0af      	b.n	1000188e <gpio_default_irq_handler+0x266>
1000172e:	001c      	movs	r4, r3
10001730:	4004      	ands	r4, r0
10001732:	46a4      	mov	ip, r4
10001734:	0a14      	lsrs	r4, r2, #8
10001736:	4203      	tst	r3, r0
10001738:	d01a      	beq.n	10001770 <gpio_default_irq_handler+0x148>
1000173a:	1c48      	adds	r0, r1, #1
1000173c:	4680      	mov	r8, r0
1000173e:	4658      	mov	r0, fp
10001740:	59c0      	ldr	r0, [r0, r7]
10001742:	4646      	mov	r6, r8
10001744:	4681      	mov	r9, r0
10001746:	464d      	mov	r5, r9
10001748:	0008      	movs	r0, r1
1000174a:	40f5      	lsrs	r5, r6
1000174c:	381f      	subs	r0, #31
1000174e:	17c0      	asrs	r0, r0, #31
10001750:	4028      	ands	r0, r5
10001752:	2501      	movs	r5, #1
10001754:	4228      	tst	r0, r5
10001756:	d108      	bne.n	1000176a <gpio_default_irq_handler+0x142>
10001758:	4665      	mov	r5, ip
1000175a:	012d      	lsls	r5, r5, #4
1000175c:	46ac      	mov	ip, r5
1000175e:	08f0      	lsrs	r0, r6, #3
10001760:	4666      	mov	r6, ip
10001762:	4d62      	ldr	r5, [pc, #392]	@ (100018ec <gpio_default_irq_handler+0x2c4>)
10001764:	303c      	adds	r0, #60	@ 0x3c
10001766:	0080      	lsls	r0, r0, #2
10001768:	5146      	str	r6, [r0, r5]
1000176a:	2c00      	cmp	r4, #0
1000176c:	d100      	bne.n	10001770 <gpio_default_irq_handler+0x148>
1000176e:	e08e      	b.n	1000188e <gpio_default_irq_handler+0x266>
10001770:	0018      	movs	r0, r3
10001772:	4020      	ands	r0, r4
10001774:	4684      	mov	ip, r0
10001776:	0b10      	lsrs	r0, r2, #12
10001778:	4223      	tst	r3, r4
1000177a:	d011      	beq.n	100017a0 <gpio_default_irq_handler+0x178>
1000177c:	1c8c      	adds	r4, r1, #2
1000177e:	46a0      	mov	r8, r4
10001780:	465c      	mov	r4, fp
10001782:	59e4      	ldr	r4, [r4, r7]
10001784:	4646      	mov	r6, r8
10001786:	46a1      	mov	r9, r4
10001788:	464d      	mov	r5, r9
1000178a:	000c      	movs	r4, r1
1000178c:	40f5      	lsrs	r5, r6
1000178e:	3c1e      	subs	r4, #30
10001790:	17e4      	asrs	r4, r4, #31
10001792:	402c      	ands	r4, r5
10001794:	2501      	movs	r5, #1
10001796:	422c      	tst	r4, r5
10001798:	d100      	bne.n	1000179c <gpio_default_irq_handler+0x174>
1000179a:	e082      	b.n	100018a2 <gpio_default_irq_handler+0x27a>
1000179c:	2800      	cmp	r0, #0
1000179e:	d076      	beq.n	1000188e <gpio_default_irq_handler+0x266>
100017a0:	001c      	movs	r4, r3
100017a2:	4004      	ands	r4, r0
100017a4:	46a4      	mov	ip, r4
100017a6:	0c14      	lsrs	r4, r2, #16
100017a8:	4203      	tst	r3, r0
100017aa:	d010      	beq.n	100017ce <gpio_default_irq_handler+0x1a6>
100017ac:	1cc8      	adds	r0, r1, #3
100017ae:	4680      	mov	r8, r0
100017b0:	4658      	mov	r0, fp
100017b2:	59c0      	ldr	r0, [r0, r7]
100017b4:	4646      	mov	r6, r8
100017b6:	4681      	mov	r9, r0
100017b8:	464d      	mov	r5, r9
100017ba:	0008      	movs	r0, r1
100017bc:	40f5      	lsrs	r5, r6
100017be:	381d      	subs	r0, #29
100017c0:	17c0      	asrs	r0, r0, #31
100017c2:	4028      	ands	r0, r5
100017c4:	2501      	movs	r5, #1
100017c6:	4228      	tst	r0, r5
100017c8:	d075      	beq.n	100018b6 <gpio_default_irq_handler+0x28e>
100017ca:	2c00      	cmp	r4, #0
100017cc:	d05f      	beq.n	1000188e <gpio_default_irq_handler+0x266>
100017ce:	0018      	movs	r0, r3
100017d0:	4020      	ands	r0, r4
100017d2:	4680      	mov	r8, r0
100017d4:	0d10      	lsrs	r0, r2, #20
100017d6:	4223      	tst	r3, r4
100017d8:	d00e      	beq.n	100017f8 <gpio_default_irq_handler+0x1d0>
100017da:	1d0c      	adds	r4, r1, #4
100017dc:	46a4      	mov	ip, r4
100017de:	4665      	mov	r5, ip
100017e0:	4c41      	ldr	r4, [pc, #260]	@ (100018e8 <gpio_default_irq_handler+0x2c0>)
100017e2:	59e4      	ldr	r4, [r4, r7]
100017e4:	40ec      	lsrs	r4, r5
100017e6:	46a1      	mov	r9, r4
100017e8:	000c      	movs	r4, r1
100017ea:	464d      	mov	r5, r9
100017ec:	3c1c      	subs	r4, #28
100017ee:	0fe4      	lsrs	r4, r4, #31
100017f0:	422c      	tst	r4, r5
100017f2:	d06a      	beq.n	100018ca <gpio_default_irq_handler+0x2a2>
100017f4:	2800      	cmp	r0, #0
100017f6:	d04a      	beq.n	1000188e <gpio_default_irq_handler+0x266>
100017f8:	001c      	movs	r4, r3
100017fa:	4004      	ands	r4, r0
100017fc:	46a4      	mov	ip, r4
100017fe:	0e14      	lsrs	r4, r2, #24
10001800:	4203      	tst	r3, r0
10001802:	d018      	beq.n	10001836 <gpio_default_irq_handler+0x20e>
10001804:	1d48      	adds	r0, r1, #5
10001806:	4680      	mov	r8, r0
10001808:	4645      	mov	r5, r8
1000180a:	4837      	ldr	r0, [pc, #220]	@ (100018e8 <gpio_default_irq_handler+0x2c0>)
1000180c:	59c0      	ldr	r0, [r0, r7]
1000180e:	40e8      	lsrs	r0, r5
10001810:	4681      	mov	r9, r0
10001812:	0008      	movs	r0, r1
10001814:	464d      	mov	r5, r9
10001816:	381b      	subs	r0, #27
10001818:	0fc0      	lsrs	r0, r0, #31
1000181a:	4228      	tst	r0, r5
1000181c:	d109      	bne.n	10001832 <gpio_default_irq_handler+0x20a>
1000181e:	4665      	mov	r5, ip
10001820:	052d      	lsls	r5, r5, #20
10001822:	46ac      	mov	ip, r5
10001824:	4640      	mov	r0, r8
10001826:	4666      	mov	r6, ip
10001828:	08c0      	lsrs	r0, r0, #3
1000182a:	4d30      	ldr	r5, [pc, #192]	@ (100018ec <gpio_default_irq_handler+0x2c4>)
1000182c:	303c      	adds	r0, #60	@ 0x3c
1000182e:	0080      	lsls	r0, r0, #2
10001830:	5146      	str	r6, [r0, r5]
10001832:	2c00      	cmp	r4, #0
10001834:	d02b      	beq.n	1000188e <gpio_default_irq_handler+0x266>
10001836:	0018      	movs	r0, r3
10001838:	4020      	ands	r0, r4
1000183a:	4684      	mov	ip, r0
1000183c:	0f12      	lsrs	r2, r2, #28
1000183e:	4223      	tst	r3, r4
10001840:	d02a      	beq.n	10001898 <gpio_default_irq_handler+0x270>
10001842:	4829      	ldr	r0, [pc, #164]	@ (100018e8 <gpio_default_irq_handler+0x2c0>)
10001844:	1d8c      	adds	r4, r1, #6
10001846:	4681      	mov	r9, r0
10001848:	59c0      	ldr	r0, [r0, r7]
1000184a:	40e0      	lsrs	r0, r4
1000184c:	4680      	mov	r8, r0
1000184e:	0008      	movs	r0, r1
10001850:	4645      	mov	r5, r8
10001852:	381a      	subs	r0, #26
10001854:	0fc0      	lsrs	r0, r0, #31
10001856:	4228      	tst	r0, r5
10001858:	d106      	bne.n	10001868 <gpio_default_irq_handler+0x240>
1000185a:	08e0      	lsrs	r0, r4, #3
1000185c:	4664      	mov	r4, ip
1000185e:	4d23      	ldr	r5, [pc, #140]	@ (100018ec <gpio_default_irq_handler+0x2c4>)
10001860:	303c      	adds	r0, #60	@ 0x3c
10001862:	0624      	lsls	r4, r4, #24
10001864:	0080      	lsls	r0, r0, #2
10001866:	5144      	str	r4, [r0, r5]
10001868:	2a00      	cmp	r2, #0
1000186a:	d010      	beq.n	1000188e <gpio_default_irq_handler+0x266>
1000186c:	4648      	mov	r0, r9
1000186e:	59c0      	ldr	r0, [r0, r7]
10001870:	1dcc      	adds	r4, r1, #7
10001872:	40e0      	lsrs	r0, r4
10001874:	4684      	mov	ip, r0
10001876:	0008      	movs	r0, r1
10001878:	4665      	mov	r5, ip
1000187a:	3819      	subs	r0, #25
1000187c:	0fc0      	lsrs	r0, r0, #31
1000187e:	4228      	tst	r0, r5
10001880:	d105      	bne.n	1000188e <gpio_default_irq_handler+0x266>
10001882:	08e0      	lsrs	r0, r4, #3
10001884:	303c      	adds	r0, #60	@ 0x3c
10001886:	4c19      	ldr	r4, [pc, #100]	@ (100018ec <gpio_default_irq_handler+0x2c4>)
10001888:	0712      	lsls	r2, r2, #28
1000188a:	0080      	lsls	r0, r0, #2
1000188c:	5102      	str	r2, [r0, r4]
1000188e:	3108      	adds	r1, #8
10001890:	2920      	cmp	r1, #32
10001892:	d000      	beq.n	10001896 <gpio_default_irq_handler+0x26e>
10001894:	e721      	b.n	100016da <gpio_default_irq_handler+0xb2>
10001896:	e714      	b.n	100016c2 <gpio_default_irq_handler+0x9a>
10001898:	2a00      	cmp	r2, #0
1000189a:	d0f8      	beq.n	1000188e <gpio_default_irq_handler+0x266>
1000189c:	4812      	ldr	r0, [pc, #72]	@ (100018e8 <gpio_default_irq_handler+0x2c0>)
1000189e:	4681      	mov	r9, r0
100018a0:	e7e4      	b.n	1000186c <gpio_default_irq_handler+0x244>
100018a2:	4665      	mov	r5, ip
100018a4:	022d      	lsls	r5, r5, #8
100018a6:	46ac      	mov	ip, r5
100018a8:	08f4      	lsrs	r4, r6, #3
100018aa:	4666      	mov	r6, ip
100018ac:	4d0f      	ldr	r5, [pc, #60]	@ (100018ec <gpio_default_irq_handler+0x2c4>)
100018ae:	343c      	adds	r4, #60	@ 0x3c
100018b0:	00a4      	lsls	r4, r4, #2
100018b2:	5166      	str	r6, [r4, r5]
100018b4:	e772      	b.n	1000179c <gpio_default_irq_handler+0x174>
100018b6:	4665      	mov	r5, ip
100018b8:	032d      	lsls	r5, r5, #12
100018ba:	46ac      	mov	ip, r5
100018bc:	08f0      	lsrs	r0, r6, #3
100018be:	4666      	mov	r6, ip
100018c0:	4d0a      	ldr	r5, [pc, #40]	@ (100018ec <gpio_default_irq_handler+0x2c4>)
100018c2:	303c      	adds	r0, #60	@ 0x3c
100018c4:	0080      	lsls	r0, r0, #2
100018c6:	5146      	str	r6, [r0, r5]
100018c8:	e77f      	b.n	100017ca <gpio_default_irq_handler+0x1a2>
100018ca:	4645      	mov	r5, r8
100018cc:	042d      	lsls	r5, r5, #16
100018ce:	46a8      	mov	r8, r5
100018d0:	4664      	mov	r4, ip
100018d2:	4646      	mov	r6, r8
100018d4:	08e4      	lsrs	r4, r4, #3
100018d6:	4d05      	ldr	r5, [pc, #20]	@ (100018ec <gpio_default_irq_handler+0x2c4>)
100018d8:	343c      	adds	r4, #60	@ 0x3c
100018da:	00a4      	lsls	r4, r4, #2
100018dc:	5166      	str	r6, [r4, r5]
100018de:	e789      	b.n	100017f4 <gpio_default_irq_handler+0x1cc>
100018e0:	20001b28 	.word	0x20001b28
100018e4:	40014130 	.word	0x40014130
100018e8:	20001ff4 	.word	0x20001ff4
100018ec:	40014000 	.word	0x40014000

100018f0 <gpio_set_function>:
100018f0:	4a09      	ldr	r2, [pc, #36]	@ (10001918 <gpio_set_function+0x28>)
100018f2:	0083      	lsls	r3, r0, #2
100018f4:	189a      	adds	r2, r3, r2
100018f6:	b510      	push	{r4, lr}
100018f8:	6814      	ldr	r4, [r2, #0]
100018fa:	2240      	movs	r2, #64	@ 0x40
100018fc:	4054      	eors	r4, r2
100018fe:	3280      	adds	r2, #128	@ 0x80
10001900:	4022      	ands	r2, r4
10001902:	4c06      	ldr	r4, [pc, #24]	@ (1000191c <gpio_set_function+0x2c>)
10001904:	00c0      	lsls	r0, r0, #3
10001906:	46a4      	mov	ip, r4
10001908:	4463      	add	r3, ip
1000190a:	601a      	str	r2, [r3, #0]
1000190c:	4b04      	ldr	r3, [pc, #16]	@ (10001920 <gpio_set_function+0x30>)
1000190e:	469c      	mov	ip, r3
10001910:	4460      	add	r0, ip
10001912:	6041      	str	r1, [r0, #4]
10001914:	bd10      	pop	{r4, pc}
10001916:	46c0      	nop			@ (mov r8, r8)
10001918:	4001c004 	.word	0x4001c004
1000191c:	4001d004 	.word	0x4001d004
10001920:	40014000 	.word	0x40014000

10001924 <gpio_set_pulls>:
10001924:	4b07      	ldr	r3, [pc, #28]	@ (10001944 <gpio_set_pulls+0x20>)
10001926:	0080      	lsls	r0, r0, #2
10001928:	18c3      	adds	r3, r0, r3
1000192a:	681b      	ldr	r3, [r3, #0]
1000192c:	00c9      	lsls	r1, r1, #3
1000192e:	0092      	lsls	r2, r2, #2
10001930:	430a      	orrs	r2, r1
10001932:	405a      	eors	r2, r3
10001934:	230c      	movs	r3, #12
10001936:	4013      	ands	r3, r2
10001938:	4a03      	ldr	r2, [pc, #12]	@ (10001948 <gpio_set_pulls+0x24>)
1000193a:	4694      	mov	ip, r2
1000193c:	4460      	add	r0, ip
1000193e:	6003      	str	r3, [r0, #0]
10001940:	4770      	bx	lr
10001942:	46c0      	nop			@ (mov r8, r8)
10001944:	4001c004 	.word	0x4001c004
10001948:	4001d004 	.word	0x4001d004

1000194c <gpio_set_irq_enabled_with_callback>:
1000194c:	b5f8      	push	{r3, r4, r5, r6, r7, lr}
1000194e:	4645      	mov	r5, r8
10001950:	4698      	mov	r8, r3
10001952:	23d0      	movs	r3, #208	@ 0xd0
10001954:	061b      	lsls	r3, r3, #24
10001956:	46de      	mov	lr, fp
10001958:	681c      	ldr	r4, [r3, #0]
1000195a:	469b      	mov	fp, r3
1000195c:	4b2b      	ldr	r3, [pc, #172]	@ (10001a0c <gpio_set_irq_enabled_with_callback+0xc0>)
1000195e:	4657      	mov	r7, sl
10001960:	469a      	mov	sl, r3
10001962:	00a3      	lsls	r3, r4, #2
10001964:	464e      	mov	r6, r9
10001966:	4699      	mov	r9, r3
10001968:	b5e0      	push	{r5, r6, r7, lr}
1000196a:	4653      	mov	r3, sl
1000196c:	0016      	movs	r6, r2
1000196e:	464a      	mov	r2, r9
10001970:	589b      	ldr	r3, [r3, r2]
10001972:	0007      	movs	r7, r0
10001974:	000d      	movs	r5, r1
10001976:	2b00      	cmp	r3, #0
10001978:	d034      	beq.n	100019e4 <gpio_set_irq_enabled_with_callback+0x98>
1000197a:	4643      	mov	r3, r8
1000197c:	2b00      	cmp	r3, #0
1000197e:	d03f      	beq.n	10001a00 <gpio_set_irq_enabled_with_callback+0xb4>
10001980:	4653      	mov	r3, sl
10001982:	464a      	mov	r2, r9
10001984:	4641      	mov	r1, r8
10001986:	5099      	str	r1, [r3, r2]
10001988:	23d0      	movs	r3, #208	@ 0xd0
1000198a:	061b      	lsls	r3, r3, #24
1000198c:	681c      	ldr	r4, [r3, #0]
1000198e:	4263      	negs	r3, r4
10001990:	415c      	adcs	r4, r3
10001992:	222f      	movs	r2, #47	@ 0x2f
10001994:	2007      	movs	r0, #7
10001996:	4263      	negs	r3, r4
10001998:	4393      	bics	r3, r2
1000199a:	4a1d      	ldr	r2, [pc, #116]	@ (10001a10 <gpio_set_irq_enabled_with_callback+0xc4>)
1000199c:	4038      	ands	r0, r7
1000199e:	4694      	mov	ip, r2
100019a0:	08fa      	lsrs	r2, r7, #3
100019a2:	0011      	movs	r1, r2
100019a4:	0080      	lsls	r0, r0, #2
100019a6:	4085      	lsls	r5, r0
100019a8:	313c      	adds	r1, #60	@ 0x3c
100019aa:	481a      	ldr	r0, [pc, #104]	@ (10001a14 <gpio_set_irq_enabled_with_callback+0xc8>)
100019ac:	4463      	add	r3, ip
100019ae:	0089      	lsls	r1, r1, #2
100019b0:	0092      	lsls	r2, r2, #2
100019b2:	500d      	str	r5, [r1, r0]
100019b4:	189b      	adds	r3, r3, r2
100019b6:	2e00      	cmp	r6, #0
100019b8:	d00e      	beq.n	100019d8 <gpio_set_irq_enabled_with_callback+0x8c>
100019ba:	2280      	movs	r2, #128	@ 0x80
100019bc:	0192      	lsls	r2, r2, #6
100019be:	4694      	mov	ip, r2
100019c0:	4463      	add	r3, ip
100019c2:	2101      	movs	r1, #1
100019c4:	200d      	movs	r0, #13
100019c6:	601d      	str	r5, [r3, #0]
100019c8:	f000 f920 	bl	10001c0c <irq_set_enabled>
100019cc:	bcf0      	pop	{r4, r5, r6, r7}
100019ce:	46bb      	mov	fp, r7
100019d0:	46b2      	mov	sl, r6
100019d2:	46a9      	mov	r9, r5
100019d4:	46a0      	mov	r8, r4
100019d6:	bdf8      	pop	{r3, r4, r5, r6, r7, pc}
100019d8:	22c0      	movs	r2, #192	@ 0xc0
100019da:	0192      	lsls	r2, r2, #6
100019dc:	4694      	mov	ip, r2
100019de:	4463      	add	r3, ip
100019e0:	601d      	str	r5, [r3, #0]
100019e2:	e7f3      	b.n	100019cc <gpio_set_irq_enabled_with_callback+0x80>
100019e4:	4643      	mov	r3, r8
100019e6:	2b00      	cmp	r3, #0
100019e8:	d0d1      	beq.n	1000198e <gpio_set_irq_enabled_with_callback+0x42>
100019ea:	4653      	mov	r3, sl
100019ec:	4641      	mov	r1, r8
100019ee:	200d      	movs	r0, #13
100019f0:	5099      	str	r1, [r3, r2]
100019f2:	2200      	movs	r2, #0
100019f4:	4908      	ldr	r1, [pc, #32]	@ (10001a18 <gpio_set_irq_enabled_with_callback+0xcc>)
100019f6:	f000 f96b 	bl	10001cd0 <irq_add_shared_handler>
100019fa:	465b      	mov	r3, fp
100019fc:	681c      	ldr	r4, [r3, #0]
100019fe:	e7c6      	b.n	1000198e <gpio_set_irq_enabled_with_callback+0x42>
10001a00:	200d      	movs	r0, #13
10001a02:	4905      	ldr	r1, [pc, #20]	@ (10001a18 <gpio_set_irq_enabled_with_callback+0xcc>)
10001a04:	f000 fa5e 	bl	10001ec4 <irq_remove_handler>
10001a08:	e7ba      	b.n	10001980 <gpio_set_irq_enabled_with_callback+0x34>
10001a0a:	46c0      	nop			@ (mov r8, r8)
10001a0c:	20001b28 	.word	0x20001b28
10001a10:	40014130 	.word	0x40014130
10001a14:	40014000 	.word	0x40014000
10001a18:	10001629 	.word	0x10001629

10001a1c <gpio_init>:
10001a1c:	2301      	movs	r3, #1
10001a1e:	22d0      	movs	r2, #208	@ 0xd0
10001a20:	4083      	lsls	r3, r0
10001a22:	0612      	lsls	r2, r2, #24
10001a24:	6293      	str	r3, [r2, #40]	@ 0x28
10001a26:	6193      	str	r3, [r2, #24]
10001a28:	4a09      	ldr	r2, [pc, #36]	@ (10001a50 <gpio_init+0x34>)
10001a2a:	0083      	lsls	r3, r0, #2
10001a2c:	189a      	adds	r2, r3, r2
10001a2e:	6811      	ldr	r1, [r2, #0]
10001a30:	2240      	movs	r2, #64	@ 0x40
10001a32:	4051      	eors	r1, r2
10001a34:	3280      	adds	r2, #128	@ 0x80
10001a36:	400a      	ands	r2, r1
10001a38:	4906      	ldr	r1, [pc, #24]	@ (10001a54 <gpio_init+0x38>)
10001a3a:	00c0      	lsls	r0, r0, #3
10001a3c:	468c      	mov	ip, r1
10001a3e:	4463      	add	r3, ip
10001a40:	601a      	str	r2, [r3, #0]
10001a42:	4b05      	ldr	r3, [pc, #20]	@ (10001a58 <gpio_init+0x3c>)
10001a44:	469c      	mov	ip, r3
10001a46:	2305      	movs	r3, #5
10001a48:	4460      	add	r0, ip
10001a4a:	6043      	str	r3, [r0, #4]
10001a4c:	4770      	bx	lr
10001a4e:	46c0      	nop			@ (mov r8, r8)
10001a50:	4001c004 	.word	0x4001c004
10001a54:	4001d004 	.word	0x4001d004
10001a58:	40014000 	.word	0x40014000

10001a5c <rp2040_chip_version>:
10001a5c:	2380      	movs	r3, #128	@ 0x80
10001a5e:	05db      	lsls	r3, r3, #23
10001a60:	6818      	ldr	r0, [r3, #0]
10001a62:	0f00      	lsrs	r0, r0, #28
10001a64:	4770      	bx	lr
10001a66:	46c0      	nop			@ (mov r8, r8)

10001a68 <panic>:
10001a68:	b40f      	push	{r0, r1, r2, r3}
10001a6a:	b500      	push	{lr}
10001a6c:	4808      	ldr	r0, [pc, #32]	@ (10001a90 <panic+0x28>)
10001a6e:	b083      	sub	sp, #12
10001a70:	f004 f92a 	bl	10005cc8 <__wrap_puts>
10001a74:	9b04      	ldr	r3, [sp, #16]
10001a76:	2b00      	cmp	r3, #0
10001a78:	d007      	beq.n	10001a8a <panic+0x22>
10001a7a:	a905      	add	r1, sp, #20
10001a7c:	0018      	movs	r0, r3
10001a7e:	9101      	str	r1, [sp, #4]
10001a80:	f003 ff78 	bl	10005974 <weak_raw_vprintf>
10001a84:	4803      	ldr	r0, [pc, #12]	@ (10001a94 <panic+0x2c>)
10001a86:	f004 f91f 	bl	10005cc8 <__wrap_puts>
10001a8a:	2001      	movs	r0, #1
10001a8c:	f003 ff8a 	bl	100059a4 <_exit>
10001a90:	10009218 	.word	0x10009218
10001a94:	10009228 	.word	0x10009228

10001a98 <hw_claim_lock>:
10001a98:	f3ef 8010 	mrs	r0, PRIMASK
10001a9c:	b672      	cpsid	i
10001a9e:	4a03      	ldr	r2, [pc, #12]	@ (10001aac <hw_claim_lock+0x14>)
10001aa0:	6813      	ldr	r3, [r2, #0]
10001aa2:	2b00      	cmp	r3, #0
10001aa4:	d0fc      	beq.n	10001aa0 <hw_claim_lock+0x8>
10001aa6:	f3bf 8f5f 	dmb	sy
10001aaa:	4770      	bx	lr
10001aac:	d000012c 	.word	0xd000012c

10001ab0 <hw_claim_unlock>:
10001ab0:	f3bf 8f5f 	dmb	sy
10001ab4:	2200      	movs	r2, #0
10001ab6:	4b02      	ldr	r3, [pc, #8]	@ (10001ac0 <hw_claim_unlock+0x10>)
10001ab8:	601a      	str	r2, [r3, #0]
10001aba:	f380 8810 	msr	PRIMASK, r0
10001abe:	4770      	bx	lr
10001ac0:	d000012c 	.word	0xd000012c

10001ac4 <hw_claim_or_assert>:
10001ac4:	b570      	push	{r4, r5, r6, lr}
10001ac6:	f3ef 8c10 	mrs	ip, PRIMASK
10001aca:	b672      	cpsid	i
10001acc:	4d0d      	ldr	r5, [pc, #52]	@ (10001b04 <hw_claim_or_assert+0x40>)
10001ace:	682b      	ldr	r3, [r5, #0]
10001ad0:	2b00      	cmp	r3, #0
10001ad2:	d0fc      	beq.n	10001ace <hw_claim_or_assert+0xa>
10001ad4:	f3bf 8f5f 	dmb	sy
10001ad8:	2407      	movs	r4, #7
10001ada:	08cb      	lsrs	r3, r1, #3
10001adc:	18c6      	adds	r6, r0, r3
10001ade:	5cc0      	ldrb	r0, [r0, r3]
10001ae0:	2301      	movs	r3, #1
10001ae2:	400c      	ands	r4, r1
10001ae4:	40a3      	lsls	r3, r4
10001ae6:	001c      	movs	r4, r3
10001ae8:	4004      	ands	r4, r0
10001aea:	4203      	tst	r3, r0
10001aec:	d107      	bne.n	10001afe <hw_claim_or_assert+0x3a>
10001aee:	4318      	orrs	r0, r3
10001af0:	7030      	strb	r0, [r6, #0]
10001af2:	f3bf 8f5f 	dmb	sy
10001af6:	602c      	str	r4, [r5, #0]
10001af8:	f38c 8810 	msr	PRIMASK, ip
10001afc:	bd70      	pop	{r4, r5, r6, pc}
10001afe:	0010      	movs	r0, r2
10001b00:	f7ff ffb2 	bl	10001a68 <panic>
10001b04:	d000012c 	.word	0xd000012c

10001b08 <hw_claim_unused_from_range>:
10001b08:	b5f8      	push	{r3, r4, r5, r6, r7, lr}
10001b0a:	4647      	mov	r7, r8
10001b0c:	46ce      	mov	lr, r9
10001b0e:	4688      	mov	r8, r1
10001b10:	b580      	push	{r7, lr}
10001b12:	f3ef 8c10 	mrs	ip, PRIMASK
10001b16:	b672      	cpsid	i
10001b18:	4d1c      	ldr	r5, [pc, #112]	@ (10001b8c <hw_claim_unused_from_range+0x84>)
10001b1a:	682c      	ldr	r4, [r5, #0]
10001b1c:	2c00      	cmp	r4, #0
10001b1e:	d0fc      	beq.n	10001b1a <hw_claim_unused_from_range+0x12>
10001b20:	f3bf 8f5f 	dmb	sy
10001b24:	429a      	cmp	r2, r3
10001b26:	d822      	bhi.n	10001b6e <hw_claim_unused_from_range+0x66>
10001b28:	2107      	movs	r1, #7
10001b2a:	2601      	movs	r6, #1
10001b2c:	4689      	mov	r9, r1
10001b2e:	e002      	b.n	10001b36 <hw_claim_unused_from_range+0x2e>
10001b30:	3201      	adds	r2, #1
10001b32:	4293      	cmp	r3, r2
10001b34:	d318      	bcc.n	10001b68 <hw_claim_unused_from_range+0x60>
10001b36:	464d      	mov	r5, r9
10001b38:	0037      	movs	r7, r6
10001b3a:	4015      	ands	r5, r2
10001b3c:	40af      	lsls	r7, r5
10001b3e:	08d4      	lsrs	r4, r2, #3
10001b40:	1901      	adds	r1, r0, r4
10001b42:	5d04      	ldrb	r4, [r0, r4]
10001b44:	4227      	tst	r7, r4
10001b46:	d1f3      	bne.n	10001b30 <hw_claim_unused_from_range+0x28>
10001b48:	0010      	movs	r0, r2
10001b4a:	433c      	orrs	r4, r7
10001b4c:	700c      	strb	r4, [r1, #0]
10001b4e:	f3bf 8f5f 	dmb	sy
10001b52:	2200      	movs	r2, #0
10001b54:	4b0d      	ldr	r3, [pc, #52]	@ (10001b8c <hw_claim_unused_from_range+0x84>)
10001b56:	601a      	str	r2, [r3, #0]
10001b58:	f38c 8810 	msr	PRIMASK, ip
10001b5c:	2800      	cmp	r0, #0
10001b5e:	db0e      	blt.n	10001b7e <hw_claim_unused_from_range+0x76>
10001b60:	bcc0      	pop	{r6, r7}
10001b62:	46b9      	mov	r9, r7
10001b64:	46b0      	mov	r8, r6
10001b66:	bdf8      	pop	{r3, r4, r5, r6, r7, pc}
10001b68:	2001      	movs	r0, #1
10001b6a:	4240      	negs	r0, r0
10001b6c:	e7ef      	b.n	10001b4e <hw_claim_unused_from_range+0x46>
10001b6e:	f3bf 8f5f 	dmb	sy
10001b72:	2300      	movs	r3, #0
10001b74:	602b      	str	r3, [r5, #0]
10001b76:	f38c 8810 	msr	PRIMASK, ip
10001b7a:	2001      	movs	r0, #1
10001b7c:	4240      	negs	r0, r0
10001b7e:	4643      	mov	r3, r8
10001b80:	2b00      	cmp	r3, #0
10001b82:	d0ed      	beq.n	10001b60 <hw_claim_unused_from_range+0x58>
10001b84:	9808      	ldr	r0, [sp, #32]
10001b86:	f7ff ff6f 	bl	10001a68 <panic>
10001b8a:	46c0      	nop			@ (mov r8, r8)
10001b8c:	d000012c 	.word	0xd000012c

10001b90 <next_striped_spin_lock_num>:
10001b90:	4a04      	ldr	r2, [pc, #16]	@ (10001ba4 <next_striped_spin_lock_num+0x14>)
10001b92:	7810      	ldrb	r0, [r2, #0]
10001b94:	1c43      	adds	r3, r0, #1
10001b96:	b2db      	uxtb	r3, r3
10001b98:	2b17      	cmp	r3, #23
10001b9a:	d900      	bls.n	10001b9e <next_striped_spin_lock_num+0xe>
10001b9c:	2310      	movs	r3, #16
10001b9e:	7013      	strb	r3, [r2, #0]
10001ba0:	4770      	bx	lr
10001ba2:	46c0      	nop			@ (mov r8, r8)
10001ba4:	20000fe0 	.word	0x20000fe0

10001ba8 <spin_lock_claim_unused>:
10001ba8:	b510      	push	{r4, lr}
10001baa:	4b06      	ldr	r3, [pc, #24]	@ (10001bc4 <spin_lock_claim_unused+0x1c>)
10001bac:	4c06      	ldr	r4, [pc, #24]	@ (10001bc8 <spin_lock_claim_unused+0x20>)
10001bae:	b082      	sub	sp, #8
10001bb0:	0001      	movs	r1, r0
10001bb2:	9300      	str	r3, [sp, #0]
10001bb4:	2218      	movs	r2, #24
10001bb6:	231f      	movs	r3, #31
10001bb8:	0020      	movs	r0, r4
10001bba:	f7ff ffa5 	bl	10001b08 <hw_claim_unused_from_range>
10001bbe:	b002      	add	sp, #8
10001bc0:	bd10      	pop	{r4, pc}
10001bc2:	46c0      	nop			@ (mov r8, r8)
10001bc4:	1000922c 	.word	0x1000922c
10001bc8:	20001b38 	.word	0x20001b38

10001bcc <spin_locks_reset>:
10001bcc:	2100      	movs	r1, #0
10001bce:	4b04      	ldr	r3, [pc, #16]	@ (10001be0 <spin_locks_reset+0x14>)
10001bd0:	4a04      	ldr	r2, [pc, #16]	@ (10001be4 <spin_locks_reset+0x18>)
10001bd2:	f3bf 8f5f 	dmb	sy
10001bd6:	c302      	stmia	r3!, {r1}
10001bd8:	4293      	cmp	r3, r2
10001bda:	d1fa      	bne.n	10001bd2 <spin_locks_reset+0x6>
10001bdc:	4770      	bx	lr
10001bde:	46c0      	nop			@ (mov r8, r8)
10001be0:	d0000100 	.word	0xd0000100
10001be4:	d0000180 	.word	0xd0000180

10001be8 <runtime_init_per_core_irq_priorities>:
10001be8:	4b05      	ldr	r3, [pc, #20]	@ (10001c00 <runtime_init_per_core_irq_priorities+0x18>)
10001bea:	4a06      	ldr	r2, [pc, #24]	@ (10001c04 <runtime_init_per_core_irq_priorities+0x1c>)
10001bec:	6013      	str	r3, [r2, #0]
10001bee:	4a06      	ldr	r2, [pc, #24]	@ (10001c08 <runtime_init_per_core_irq_priorities+0x20>)
10001bf0:	6013      	str	r3, [r2, #0]
10001bf2:	6053      	str	r3, [r2, #4]
10001bf4:	6093      	str	r3, [r2, #8]
10001bf6:	60d3      	str	r3, [r2, #12]
10001bf8:	6113      	str	r3, [r2, #16]
10001bfa:	6153      	str	r3, [r2, #20]
10001bfc:	6193      	str	r3, [r2, #24]
10001bfe:	4770      	bx	lr
10001c00:	80808080 	.word	0x80808080
10001c04:	e000e400 	.word	0xe000e400
10001c08:	e000e404 	.word	0xe000e404

10001c0c <irq_set_enabled>:
10001c0c:	231f      	movs	r3, #31
10001c0e:	4018      	ands	r0, r3
10001c10:	3b1e      	subs	r3, #30
10001c12:	4083      	lsls	r3, r0
10001c14:	2900      	cmp	r1, #0
10001c16:	d005      	beq.n	10001c24 <irq_set_enabled+0x18>
10001c18:	21c0      	movs	r1, #192	@ 0xc0
10001c1a:	4a04      	ldr	r2, [pc, #16]	@ (10001c2c <irq_set_enabled+0x20>)
10001c1c:	0049      	lsls	r1, r1, #1
10001c1e:	5053      	str	r3, [r2, r1]
10001c20:	6013      	str	r3, [r2, #0]
10001c22:	4770      	bx	lr
10001c24:	2280      	movs	r2, #128	@ 0x80
10001c26:	4901      	ldr	r1, [pc, #4]	@ (10001c2c <irq_set_enabled+0x20>)
10001c28:	508b      	str	r3, [r1, r2]
10001c2a:	e7fa      	b.n	10001c22 <irq_set_enabled+0x16>
10001c2c:	e000e100 	.word	0xe000e100

10001c30 <irq_is_enabled>:
10001c30:	2201      	movs	r2, #1
10001c32:	4082      	lsls	r2, r0
10001c34:	4b03      	ldr	r3, [pc, #12]	@ (10001c44 <irq_is_enabled+0x14>)
10001c36:	681b      	ldr	r3, [r3, #0]
10001c38:	4013      	ands	r3, r2
10001c3a:	1e5a      	subs	r2, r3, #1
10001c3c:	4193      	sbcs	r3, r2
10001c3e:	b2d8      	uxtb	r0, r3
10001c40:	4770      	bx	lr
10001c42:	46c0      	nop			@ (mov r8, r8)
10001c44:	e000e100 	.word	0xe000e100

10001c48 <irq_set_pending>:
10001c48:	2301      	movs	r3, #1
10001c4a:	4083      	lsls	r3, r0
10001c4c:	4a01      	ldr	r2, [pc, #4]	@ (10001c54 <irq_set_pending+0xc>)
10001c4e:	6013      	str	r3, [r2, #0]
10001c50:	4770      	bx	lr
10001c52:	46c0      	nop			@ (mov r8, r8)
10001c54:	e000e200 	.word	0xe000e200

10001c58 <irq_has_shared_handler>:
10001c58:	4b06      	ldr	r3, [pc, #24]	@ (10001c74 <irq_has_shared_handler+0x1c>)
10001c5a:	3010      	adds	r0, #16
10001c5c:	689b      	ldr	r3, [r3, #8]
10001c5e:	0080      	lsls	r0, r0, #2
10001c60:	58c3      	ldr	r3, [r0, r3]
10001c62:	4a05      	ldr	r2, [pc, #20]	@ (10001c78 <irq_has_shared_handler+0x20>)
10001c64:	2000      	movs	r0, #0
10001c66:	1a9b      	subs	r3, r3, r2
10001c68:	222f      	movs	r2, #47	@ 0x2f
10001c6a:	429a      	cmp	r2, r3
10001c6c:	4140      	adcs	r0, r0
10001c6e:	b2c0      	uxtb	r0, r0
10001c70:	4770      	bx	lr
10001c72:	46c0      	nop			@ (mov r8, r8)
10001c74:	e000ed00 	.word	0xe000ed00
10001c78:	20000fe4 	.word	0x20000fe4

10001c7c <irq_set_exclusive_handler>:
10001c7c:	b570      	push	{r4, r5, r6, lr}
10001c7e:	000d      	movs	r5, r1
10001c80:	f3ef 8610 	mrs	r6, PRIMASK
10001c84:	b672      	cpsid	i
10001c86:	4a0f      	ldr	r2, [pc, #60]	@ (10001cc4 <irq_set_exclusive_handler+0x48>)
10001c88:	6813      	ldr	r3, [r2, #0]
10001c8a:	2b00      	cmp	r3, #0
10001c8c:	d0fc      	beq.n	10001c88 <irq_set_exclusive_handler+0xc>
10001c8e:	f3bf 8f5f 	dmb	sy
10001c92:	4b0d      	ldr	r3, [pc, #52]	@ (10001cc8 <irq_set_exclusive_handler+0x4c>)
10001c94:	3010      	adds	r0, #16
10001c96:	689b      	ldr	r3, [r3, #8]
10001c98:	0084      	lsls	r4, r0, #2
10001c9a:	591b      	ldr	r3, [r3, r4]
10001c9c:	4a0b      	ldr	r2, [pc, #44]	@ (10001ccc <irq_set_exclusive_handler+0x50>)
10001c9e:	4293      	cmp	r3, r2
10001ca0:	d003      	beq.n	10001caa <irq_set_exclusive_handler+0x2e>
10001ca2:	429d      	cmp	r5, r3
10001ca4:	d001      	beq.n	10001caa <irq_set_exclusive_handler+0x2e>
10001ca6:	f001 f95f 	bl	10002f68 <hard_assertion_failure>
10001caa:	4b07      	ldr	r3, [pc, #28]	@ (10001cc8 <irq_set_exclusive_handler+0x4c>)
10001cac:	689b      	ldr	r3, [r3, #8]
10001cae:	511d      	str	r5, [r3, r4]
10001cb0:	f3bf 8f5f 	dmb	sy
10001cb4:	f3bf 8f5f 	dmb	sy
10001cb8:	2200      	movs	r2, #0
10001cba:	4b02      	ldr	r3, [pc, #8]	@ (10001cc4 <irq_set_exclusive_handler+0x48>)
10001cbc:	601a      	str	r2, [r3, #0]
10001cbe:	f386 8810 	msr	PRIMASK, r6
10001cc2:	bd70      	pop	{r4, r5, r6, pc}
10001cc4:	d0000124 	.word	0xd0000124
10001cc8:	e000ed00 	.word	0xe000ed00
10001ccc:	100001c1 	.word	0x100001c1

10001cd0 <irq_add_shared_handler>:
10001cd0:	b5f0      	push	{r4, r5, r6, r7, lr}
10001cd2:	4657      	mov	r7, sl
10001cd4:	464e      	mov	r6, r9
10001cd6:	46de      	mov	lr, fp
10001cd8:	4645      	mov	r5, r8
10001cda:	b5e0      	push	{r5, r6, r7, lr}
10001cdc:	b085      	sub	sp, #20
10001cde:	0006      	movs	r6, r0
10001ce0:	9100      	str	r1, [sp, #0]
10001ce2:	0017      	movs	r7, r2
10001ce4:	f3ef 8b10 	mrs	fp, PRIMASK
10001ce8:	b672      	cpsid	i
10001cea:	4a6a      	ldr	r2, [pc, #424]	@ (10001e94 <irq_add_shared_handler+0x1c4>)
10001cec:	6813      	ldr	r3, [r2, #0]
10001cee:	2b00      	cmp	r3, #0
10001cf0:	d0fc      	beq.n	10001cec <irq_add_shared_handler+0x1c>
10001cf2:	f3bf 8f5f 	dmb	sy
10001cf6:	2500      	movs	r5, #0
10001cf8:	4b67      	ldr	r3, [pc, #412]	@ (10001e98 <irq_add_shared_handler+0x1c8>)
10001cfa:	575d      	ldrsb	r5, [r3, r5]
10001cfc:	469a      	mov	sl, r3
10001cfe:	2d00      	cmp	r5, #0
10001d00:	da00      	bge.n	10001d04 <irq_add_shared_handler+0x34>
10001d02:	e0a9      	b.n	10001e58 <irq_add_shared_handler+0x188>
10001d04:	006b      	lsls	r3, r5, #1
10001d06:	4c65      	ldr	r4, [pc, #404]	@ (10001e9c <irq_add_shared_handler+0x1cc>)
10001d08:	9301      	str	r3, [sp, #4]
10001d0a:	195b      	adds	r3, r3, r5
10001d0c:	009b      	lsls	r3, r3, #2
10001d0e:	4698      	mov	r8, r3
10001d10:	46a1      	mov	r9, r4
10001d12:	44c1      	add	r9, r8
10001d14:	464b      	mov	r3, r9
10001d16:	4652      	mov	r2, sl
10001d18:	799b      	ldrb	r3, [r3, #6]
10001d1a:	3610      	adds	r6, #16
10001d1c:	7013      	strb	r3, [r2, #0]
10001d1e:	4b60      	ldr	r3, [pc, #384]	@ (10001ea0 <irq_add_shared_handler+0x1d0>)
10001d20:	00b6      	lsls	r6, r6, #2
10001d22:	689b      	ldr	r3, [r3, #8]
10001d24:	5999      	ldr	r1, [r3, r6]
10001d26:	1b0b      	subs	r3, r1, r4
10001d28:	2b2f      	cmp	r3, #47	@ 0x2f
10001d2a:	d933      	bls.n	10001d94 <irq_add_shared_handler+0xc4>
10001d2c:	4b5d      	ldr	r3, [pc, #372]	@ (10001ea4 <irq_add_shared_handler+0x1d4>)
10001d2e:	4299      	cmp	r1, r3
10001d30:	d000      	beq.n	10001d34 <irq_add_shared_handler+0x64>
10001d32:	e0ac      	b.n	10001e8e <irq_add_shared_handler+0x1be>
10001d34:	9b01      	ldr	r3, [sp, #4]
10001d36:	4642      	mov	r2, r8
10001d38:	469c      	mov	ip, r3
10001d3a:	4b5b      	ldr	r3, [pc, #364]	@ (10001ea8 <irq_add_shared_handler+0x1d8>)
10001d3c:	4465      	add	r5, ip
10001d3e:	00ad      	lsls	r5, r5, #2
10001d40:	5363      	strh	r3, [r4, r5]
10001d42:	4b5a      	ldr	r3, [pc, #360]	@ (10001eac <irq_add_shared_handler+0x1dc>)
10001d44:	3202      	adds	r2, #2
10001d46:	18a2      	adds	r2, r4, r2
10001d48:	3b04      	subs	r3, #4
10001d4a:	1a9b      	subs	r3, r3, r2
10001d4c:	051b      	lsls	r3, r3, #20
10001d4e:	4a58      	ldr	r2, [pc, #352]	@ (10001eb0 <irq_add_shared_handler+0x1e0>)
10001d50:	0d5b      	lsrs	r3, r3, #21
10001d52:	1965      	adds	r5, r4, r5
10001d54:	4313      	orrs	r3, r2
10001d56:	806b      	strh	r3, [r5, #2]
10001d58:	4b56      	ldr	r3, [pc, #344]	@ (10001eb4 <irq_add_shared_handler+0x1e4>)
10001d5a:	2101      	movs	r1, #1
10001d5c:	80ab      	strh	r3, [r5, #4]
10001d5e:	23ff      	movs	r3, #255	@ 0xff
10001d60:	71ab      	strb	r3, [r5, #6]
10001d62:	9b00      	ldr	r3, [sp, #0]
10001d64:	71ef      	strb	r7, [r5, #7]
10001d66:	60ab      	str	r3, [r5, #8]
10001d68:	464b      	mov	r3, r9
10001d6a:	430b      	orrs	r3, r1
10001d6c:	0019      	movs	r1, r3
10001d6e:	4b4c      	ldr	r3, [pc, #304]	@ (10001ea0 <irq_add_shared_handler+0x1d0>)
10001d70:	689b      	ldr	r3, [r3, #8]
10001d72:	5199      	str	r1, [r3, r6]
10001d74:	f3bf 8f5f 	dmb	sy
10001d78:	f3bf 8f5f 	dmb	sy
10001d7c:	2200      	movs	r2, #0
10001d7e:	4b45      	ldr	r3, [pc, #276]	@ (10001e94 <irq_add_shared_handler+0x1c4>)
10001d80:	601a      	str	r2, [r3, #0]
10001d82:	f38b 8810 	msr	PRIMASK, fp
10001d86:	b005      	add	sp, #20
10001d88:	bcf0      	pop	{r4, r5, r6, r7}
10001d8a:	46bb      	mov	fp, r7
10001d8c:	46b2      	mov	sl, r6
10001d8e:	46a9      	mov	r9, r5
10001d90:	46a0      	mov	r8, r4
10001d92:	bdf0      	pop	{r4, r5, r6, r7, pc}
10001d94:	2001      	movs	r0, #1
10001d96:	000a      	movs	r2, r1
10001d98:	4382      	bics	r2, r0
10001d9a:	79d3      	ldrb	r3, [r2, #7]
10001d9c:	468c      	mov	ip, r1
10001d9e:	42bb      	cmp	r3, r7
10001da0:	d831      	bhi.n	10001e06 <irq_add_shared_handler+0x136>
10001da2:	4645      	mov	r5, r8
10001da4:	0013      	movs	r3, r2
10001da6:	4944      	ldr	r1, [pc, #272]	@ (10001eb8 <irq_add_shared_handler+0x1e8>)
10001da8:	1b1b      	subs	r3, r3, r4
10001daa:	415b      	adcs	r3, r3
10001dac:	4359      	muls	r1, r3
10001dae:	0d09      	lsrs	r1, r1, #20
10001db0:	4b3d      	ldr	r3, [pc, #244]	@ (10001ea8 <irq_add_shared_handler+0x1d8>)
10001db2:	5363      	strh	r3, [r4, r5]
10001db4:	4b3d      	ldr	r3, [pc, #244]	@ (10001eac <irq_add_shared_handler+0x1dc>)
10001db6:	3502      	adds	r5, #2
10001db8:	1965      	adds	r5, r4, r5
10001dba:	3b04      	subs	r3, #4
10001dbc:	1b5b      	subs	r3, r3, r5
10001dbe:	051b      	lsls	r3, r3, #20
10001dc0:	4d3b      	ldr	r5, [pc, #236]	@ (10001eb0 <irq_add_shared_handler+0x1e0>)
10001dc2:	0d5b      	lsrs	r3, r3, #21
10001dc4:	432b      	orrs	r3, r5
10001dc6:	46aa      	mov	sl, r5
10001dc8:	464d      	mov	r5, r9
10001dca:	806b      	strh	r3, [r5, #2]
10001dcc:	2504      	movs	r5, #4
10001dce:	46ac      	mov	ip, r5
10001dd0:	4655      	mov	r5, sl
10001dd2:	44e0      	add	r8, ip
10001dd4:	1f13      	subs	r3, r2, #4
10001dd6:	4444      	add	r4, r8
10001dd8:	1b1b      	subs	r3, r3, r4
10001dda:	051b      	lsls	r3, r3, #20
10001ddc:	0d5b      	lsrs	r3, r3, #21
10001dde:	431d      	orrs	r5, r3
10001de0:	464b      	mov	r3, r9
10001de2:	7199      	strb	r1, [r3, #6]
10001de4:	9900      	ldr	r1, [sp, #0]
10001de6:	809d      	strh	r5, [r3, #4]
10001de8:	6099      	str	r1, [r3, #8]
10001dea:	4649      	mov	r1, r9
10001dec:	71df      	strb	r7, [r3, #7]
10001dee:	4b33      	ldr	r3, [pc, #204]	@ (10001ebc <irq_add_shared_handler+0x1ec>)
10001df0:	4301      	orrs	r1, r0
10001df2:	6013      	str	r3, [r2, #0]
10001df4:	e7bb      	b.n	10001d6e <irq_add_shared_handler+0x9e>
10001df6:	0058      	lsls	r0, r3, #1
10001df8:	18c0      	adds	r0, r0, r3
10001dfa:	0080      	lsls	r0, r0, #2
10001dfc:	1820      	adds	r0, r4, r0
10001dfe:	79c1      	ldrb	r1, [r0, #7]
10001e00:	42b9      	cmp	r1, r7
10001e02:	d92f      	bls.n	10001e64 <irq_add_shared_handler+0x194>
10001e04:	0002      	movs	r2, r0
10001e06:	2306      	movs	r3, #6
10001e08:	56d3      	ldrsb	r3, [r2, r3]
10001e0a:	2b00      	cmp	r3, #0
10001e0c:	daf3      	bge.n	10001df6 <irq_add_shared_handler+0x126>
10001e0e:	9302      	str	r3, [sp, #8]
10001e10:	4b2b      	ldr	r3, [pc, #172]	@ (10001ec0 <irq_add_shared_handler+0x1f0>)
10001e12:	4661      	mov	r1, ip
10001e14:	9303      	str	r3, [sp, #12]
10001e16:	1d13      	adds	r3, r2, #4
10001e18:	469a      	mov	sl, r3
10001e1a:	2304      	movs	r3, #4
10001e1c:	425b      	negs	r3, r3
10001e1e:	469c      	mov	ip, r3
10001e20:	44e1      	add	r9, ip
10001e22:	4650      	mov	r0, sl
10001e24:	464b      	mov	r3, r9
10001e26:	1a1b      	subs	r3, r3, r0
10001e28:	051b      	lsls	r3, r3, #20
10001e2a:	0d5b      	lsrs	r3, r3, #21
10001e2c:	469c      	mov	ip, r3
10001e2e:	4b20      	ldr	r3, [pc, #128]	@ (10001eb0 <irq_add_shared_handler+0x1e0>)
10001e30:	7195      	strb	r5, [r2, #6]
10001e32:	4698      	mov	r8, r3
10001e34:	4663      	mov	r3, ip
10001e36:	4640      	mov	r0, r8
10001e38:	4303      	orrs	r3, r0
10001e3a:	8093      	strh	r3, [r2, #4]
10001e3c:	9b01      	ldr	r3, [sp, #4]
10001e3e:	195a      	adds	r2, r3, r5
10001e40:	0092      	lsls	r2, r2, #2
10001e42:	9b03      	ldr	r3, [sp, #12]
10001e44:	18a4      	adds	r4, r4, r2
10001e46:	80a3      	strh	r3, [r4, #4]
10001e48:	9b02      	ldr	r3, [sp, #8]
10001e4a:	4a1c      	ldr	r2, [pc, #112]	@ (10001ebc <irq_add_shared_handler+0x1ec>)
10001e4c:	71a3      	strb	r3, [r4, #6]
10001e4e:	9b00      	ldr	r3, [sp, #0]
10001e50:	6022      	str	r2, [r4, #0]
10001e52:	71e7      	strb	r7, [r4, #7]
10001e54:	60a3      	str	r3, [r4, #8]
10001e56:	e78a      	b.n	10001d6e <irq_add_shared_handler+0x9e>
10001e58:	f001 f886 	bl	10002f68 <hard_assertion_failure>
10001e5c:	2500      	movs	r5, #0
10001e5e:	4653      	mov	r3, sl
10001e60:	575d      	ldrsb	r5, [r3, r5]
10001e62:	e74f      	b.n	10001d04 <irq_add_shared_handler+0x34>
10001e64:	8890      	ldrh	r0, [r2, #4]
10001e66:	9302      	str	r3, [sp, #8]
10001e68:	0540      	lsls	r0, r0, #21
10001e6a:	1d13      	adds	r3, r2, #4
10001e6c:	469a      	mov	sl, r3
10001e6e:	1503      	asrs	r3, r0, #20
10001e70:	4661      	mov	r1, ip
10001e72:	469c      	mov	ip, r3
10001e74:	4640      	mov	r0, r8
10001e76:	44d4      	add	ip, sl
10001e78:	4663      	mov	r3, ip
10001e7a:	3004      	adds	r0, #4
10001e7c:	1820      	adds	r0, r4, r0
10001e7e:	1a18      	subs	r0, r3, r0
10001e80:	23e0      	movs	r3, #224	@ 0xe0
10001e82:	0500      	lsls	r0, r0, #20
10001e84:	0d40      	lsrs	r0, r0, #21
10001e86:	021b      	lsls	r3, r3, #8
10001e88:	4318      	orrs	r0, r3
10001e8a:	9003      	str	r0, [sp, #12]
10001e8c:	e7c5      	b.n	10001e1a <irq_add_shared_handler+0x14a>
10001e8e:	f001 f86b 	bl	10002f68 <hard_assertion_failure>
10001e92:	e74f      	b.n	10001d34 <irq_add_shared_handler+0x64>
10001e94:	d0000124 	.word	0xd0000124
10001e98:	20002035 	.word	0x20002035
10001e9c:	20000fe4 	.word	0x20000fe4
10001ea0:	e000ed00 	.word	0xe000ed00
10001ea4:	100001c1 	.word	0x100001c1
10001ea8:	ffffa100 	.word	0xffffa100
10001eac:	20001014 	.word	0x20001014
10001eb0:	ffffe000 	.word	0xffffe000
10001eb4:	ffffbd01 	.word	0xffffbd01
10001eb8:	0000aaaa 	.word	0x0000aaaa
10001ebc:	47804801 	.word	0x47804801
10001ec0:	0000bd01 	.word	0x0000bd01

10001ec4 <irq_remove_handler>:
10001ec4:	b5f0      	push	{r4, r5, r6, r7, lr}
10001ec6:	46de      	mov	lr, fp
10001ec8:	4657      	mov	r7, sl
10001eca:	464e      	mov	r6, r9
10001ecc:	4645      	mov	r5, r8
10001ece:	b5e0      	push	{r5, r6, r7, lr}
10001ed0:	000c      	movs	r4, r1
10001ed2:	b083      	sub	sp, #12
10001ed4:	f3ef 8810 	mrs	r8, PRIMASK
10001ed8:	b672      	cpsid	i
10001eda:	4a63      	ldr	r2, [pc, #396]	@ (10002068 <irq_remove_handler+0x1a4>)
10001edc:	6813      	ldr	r3, [r2, #0]
10001ede:	2b00      	cmp	r3, #0
10001ee0:	d0fc      	beq.n	10001edc <irq_remove_handler+0x18>
10001ee2:	f3bf 8f5f 	dmb	sy
10001ee6:	4b61      	ldr	r3, [pc, #388]	@ (1000206c <irq_remove_handler+0x1a8>)
10001ee8:	4961      	ldr	r1, [pc, #388]	@ (10002070 <irq_remove_handler+0x1ac>)
10001eea:	689a      	ldr	r2, [r3, #8]
10001eec:	0003      	movs	r3, r0
10001eee:	3310      	adds	r3, #16
10001ef0:	009f      	lsls	r7, r3, #2
10001ef2:	59d5      	ldr	r5, [r2, r7]
10001ef4:	9301      	str	r3, [sp, #4]
10001ef6:	428d      	cmp	r5, r1
10001ef8:	d043      	beq.n	10001f82 <irq_remove_handler+0xbe>
10001efa:	42a5      	cmp	r5, r4
10001efc:	d054      	beq.n	10001fa8 <irq_remove_handler+0xe4>
10001efe:	4e5d      	ldr	r6, [pc, #372]	@ (10002074 <irq_remove_handler+0x1b0>)
10001f00:	1baa      	subs	r2, r5, r6
10001f02:	2a2f      	cmp	r2, #47	@ 0x2f
10001f04:	d83d      	bhi.n	10001f82 <irq_remove_handler+0xbe>
10001f06:	4b5c      	ldr	r3, [pc, #368]	@ (10002078 <irq_remove_handler+0x1b4>)
10001f08:	469b      	mov	fp, r3
10001f0a:	681b      	ldr	r3, [r3, #0]
10001f0c:	4699      	mov	r9, r3
10001f0e:	2301      	movs	r3, #1
10001f10:	001a      	movs	r2, r3
10001f12:	469c      	mov	ip, r3
10001f14:	4082      	lsls	r2, r0
10001f16:	464b      	mov	r3, r9
10001f18:	4013      	ands	r3, r2
10001f1a:	221f      	movs	r2, #31
10001f1c:	4699      	mov	r9, r3
10001f1e:	4663      	mov	r3, ip
10001f20:	4002      	ands	r2, r0
10001f22:	4093      	lsls	r3, r2
10001f24:	469a      	mov	sl, r3
10001f26:	2280      	movs	r2, #128	@ 0x80
10001f28:	465b      	mov	r3, fp
10001f2a:	4650      	mov	r0, sl
10001f2c:	5098      	str	r0, [r3, r2]
10001f2e:	f3bf 8f5f 	dmb	sy
10001f32:	f3ef 8305 	mrs	r3, IPSR
10001f36:	469b      	mov	fp, r3
10001f38:	2b00      	cmp	r3, #0
10001f3a:	d037      	beq.n	10001fac <irq_remove_handler+0xe8>
10001f3c:	9b01      	ldr	r3, [sp, #4]
10001f3e:	455b      	cmp	r3, fp
10001f40:	d001      	beq.n	10001f46 <irq_remove_handler+0x82>
10001f42:	f001 f811 	bl	10002f68 <hard_assertion_failure>
10001f46:	2301      	movs	r3, #1
10001f48:	002a      	movs	r2, r5
10001f4a:	439a      	bics	r2, r3
10001f4c:	6890      	ldr	r0, [r2, #8]
10001f4e:	4284      	cmp	r4, r0
10001f50:	d108      	bne.n	10001f64 <irq_remove_handler+0xa0>
10001f52:	e076      	b.n	10002042 <irq_remove_handler+0x17e>
10001f54:	004b      	lsls	r3, r1, #1
10001f56:	185b      	adds	r3, r3, r1
10001f58:	009b      	lsls	r3, r3, #2
10001f5a:	18f3      	adds	r3, r6, r3
10001f5c:	6898      	ldr	r0, [r3, #8]
10001f5e:	4284      	cmp	r4, r0
10001f60:	d036      	beq.n	10001fd0 <irq_remove_handler+0x10c>
10001f62:	001a      	movs	r2, r3
10001f64:	2106      	movs	r1, #6
10001f66:	5651      	ldrsb	r1, [r2, r1]
10001f68:	2900      	cmp	r1, #0
10001f6a:	daf3      	bge.n	10001f54 <irq_remove_handler+0x90>
10001f6c:	4284      	cmp	r4, r0
10001f6e:	d054      	beq.n	1000201a <irq_remove_handler+0x156>
10001f70:	464b      	mov	r3, r9
10001f72:	2b00      	cmp	r3, #0
10001f74:	d027      	beq.n	10001fc6 <irq_remove_handler+0x102>
10001f76:	22c0      	movs	r2, #192	@ 0xc0
10001f78:	4651      	mov	r1, sl
10001f7a:	4b3f      	ldr	r3, [pc, #252]	@ (10002078 <irq_remove_handler+0x1b4>)
10001f7c:	0052      	lsls	r2, r2, #1
10001f7e:	5099      	str	r1, [r3, r2]
10001f80:	6019      	str	r1, [r3, #0]
10001f82:	4b3a      	ldr	r3, [pc, #232]	@ (1000206c <irq_remove_handler+0x1a8>)
10001f84:	689b      	ldr	r3, [r3, #8]
10001f86:	51dd      	str	r5, [r3, r7]
10001f88:	f3bf 8f5f 	dmb	sy
10001f8c:	f3bf 8f5f 	dmb	sy
10001f90:	2200      	movs	r2, #0
10001f92:	4b35      	ldr	r3, [pc, #212]	@ (10002068 <irq_remove_handler+0x1a4>)
10001f94:	601a      	str	r2, [r3, #0]
10001f96:	f388 8810 	msr	PRIMASK, r8
10001f9a:	b003      	add	sp, #12
10001f9c:	bcf0      	pop	{r4, r5, r6, r7}
10001f9e:	46bb      	mov	fp, r7
10001fa0:	46b2      	mov	sl, r6
10001fa2:	46a9      	mov	r9, r5
10001fa4:	46a0      	mov	r8, r4
10001fa6:	bdf0      	pop	{r4, r5, r6, r7, pc}
10001fa8:	000d      	movs	r5, r1
10001faa:	e7ea      	b.n	10001f82 <irq_remove_handler+0xbe>
10001fac:	002a      	movs	r2, r5
10001fae:	4663      	mov	r3, ip
10001fb0:	439a      	bics	r2, r3
10001fb2:	6890      	ldr	r0, [r2, #8]
10001fb4:	4284      	cmp	r4, r0
10001fb6:	d1d5      	bne.n	10001f64 <irq_remove_handler+0xa0>
10001fb8:	2006      	movs	r0, #6
10001fba:	5610      	ldrsb	r0, [r2, r0]
10001fbc:	0013      	movs	r3, r2
10001fbe:	2800      	cmp	r0, #0
10001fc0:	da0a      	bge.n	10001fd8 <irq_remove_handler+0x114>
10001fc2:	000d      	movs	r5, r1
10001fc4:	e031      	b.n	1000202a <irq_remove_handler+0x166>
10001fc6:	2380      	movs	r3, #128	@ 0x80
10001fc8:	4651      	mov	r1, sl
10001fca:	4a2b      	ldr	r2, [pc, #172]	@ (10002078 <irq_remove_handler+0x1b4>)
10001fcc:	50d1      	str	r1, [r2, r3]
10001fce:	e7d8      	b.n	10001f82 <irq_remove_handler+0xbe>
10001fd0:	2006      	movs	r0, #6
10001fd2:	5618      	ldrsb	r0, [r3, r0]
10001fd4:	2800      	cmp	r0, #0
10001fd6:	db21      	blt.n	1000201c <irq_remove_handler+0x158>
10001fd8:	0042      	lsls	r2, r0, #1
10001fda:	1811      	adds	r1, r2, r0
10001fdc:	0089      	lsls	r1, r1, #2
10001fde:	1874      	adds	r4, r6, r1
10001fe0:	468b      	mov	fp, r1
10001fe2:	68a1      	ldr	r1, [r4, #8]
10001fe4:	6099      	str	r1, [r3, #8]
10001fe6:	79e1      	ldrb	r1, [r4, #7]
10001fe8:	71d9      	strb	r1, [r3, #7]
10001fea:	2106      	movs	r1, #6
10001fec:	5661      	ldrsb	r1, [r4, r1]
10001fee:	7199      	strb	r1, [r3, #6]
10001ff0:	2900      	cmp	r1, #0
10001ff2:	db24      	blt.n	1000203e <irq_remove_handler+0x17a>
10001ff4:	88a4      	ldrh	r4, [r4, #4]
10001ff6:	1af1      	subs	r1, r6, r3
10001ff8:	0564      	lsls	r4, r4, #21
10001ffa:	1524      	asrs	r4, r4, #20
10001ffc:	445c      	add	r4, fp
10001ffe:	1909      	adds	r1, r1, r4
10002000:	0509      	lsls	r1, r1, #20
10002002:	4c1e      	ldr	r4, [pc, #120]	@ (1000207c <irq_remove_handler+0x1b8>)
10002004:	0d49      	lsrs	r1, r1, #21
10002006:	4321      	orrs	r1, r4
10002008:	8099      	strh	r1, [r3, #4]
1000200a:	1813      	adds	r3, r2, r0
1000200c:	4a1c      	ldr	r2, [pc, #112]	@ (10002080 <irq_remove_handler+0x1bc>)
1000200e:	009b      	lsls	r3, r3, #2
10002010:	7811      	ldrb	r1, [r2, #0]
10002012:	18f3      	adds	r3, r6, r3
10002014:	7199      	strb	r1, [r3, #6]
10002016:	7010      	strb	r0, [r2, #0]
10002018:	e7aa      	b.n	10001f70 <irq_remove_handler+0xac>
1000201a:	0013      	movs	r3, r2
1000201c:	4659      	mov	r1, fp
1000201e:	2900      	cmp	r1, #0
10002020:	d114      	bne.n	1000204c <irq_remove_handler+0x188>
10002022:	31ff      	adds	r1, #255	@ 0xff
10002024:	7191      	strb	r1, [r2, #6]
10002026:	4917      	ldr	r1, [pc, #92]	@ (10002084 <irq_remove_handler+0x1c0>)
10002028:	8091      	strh	r1, [r2, #4]
1000202a:	4915      	ldr	r1, [pc, #84]	@ (10002080 <irq_remove_handler+0x1bc>)
1000202c:	780a      	ldrb	r2, [r1, #0]
1000202e:	719a      	strb	r2, [r3, #6]
10002030:	4a15      	ldr	r2, [pc, #84]	@ (10002088 <irq_remove_handler+0x1c4>)
10002032:	1b9b      	subs	r3, r3, r6
10002034:	415b      	adcs	r3, r3
10002036:	435a      	muls	r2, r3
10002038:	0d12      	lsrs	r2, r2, #20
1000203a:	700a      	strb	r2, [r1, #0]
1000203c:	e798      	b.n	10001f70 <irq_remove_handler+0xac>
1000203e:	4911      	ldr	r1, [pc, #68]	@ (10002084 <irq_remove_handler+0x1c0>)
10002040:	e7e2      	b.n	10002008 <irq_remove_handler+0x144>
10002042:	2006      	movs	r0, #6
10002044:	5610      	ldrsb	r0, [r2, r0]
10002046:	0013      	movs	r3, r2
10002048:	2800      	cmp	r0, #0
1000204a:	dac5      	bge.n	10001fd8 <irq_remove_handler+0x114>
1000204c:	4a0f      	ldr	r2, [pc, #60]	@ (1000208c <irq_remove_handler+0x1c8>)
1000204e:	4910      	ldr	r1, [pc, #64]	@ (10002090 <irq_remove_handler+0x1cc>)
10002050:	1ad2      	subs	r2, r2, r3
10002052:	3a08      	subs	r2, #8
10002054:	0250      	lsls	r0, r2, #9
10002056:	0d40      	lsrs	r0, r0, #21
10002058:	4301      	orrs	r1, r0
1000205a:	8099      	strh	r1, [r3, #4]
1000205c:	490d      	ldr	r1, [pc, #52]	@ (10002094 <irq_remove_handler+0x1d0>)
1000205e:	0852      	lsrs	r2, r2, #1
10002060:	430a      	orrs	r2, r1
10002062:	80da      	strh	r2, [r3, #6]
10002064:	e784      	b.n	10001f70 <irq_remove_handler+0xac>
10002066:	46c0      	nop			@ (mov r8, r8)
10002068:	d0000124 	.word	0xd0000124
1000206c:	e000ed00 	.word	0xe000ed00
10002070:	100001c1 	.word	0x100001c1
10002074:	20000fe4 	.word	0x20000fe4
10002078:	e000e100 	.word	0xe000e100
1000207c:	ffffe000 	.word	0xffffe000
10002080:	20002035 	.word	0x20002035
10002084:	ffffbd01 	.word	0xffffbd01
10002088:	0000aaaa 	.word	0x0000aaaa
1000208c:	2000101e 	.word	0x2000101e
10002090:	fffff000 	.word	0xfffff000
10002094:	fffff800 	.word	0xfffff800

10002098 <irq_add_tail_to_free_list>:
10002098:	b570      	push	{r4, r5, r6, lr}
1000209a:	2401      	movs	r4, #1
1000209c:	4304      	orrs	r4, r0
1000209e:	f3ef 8105 	mrs	r1, IPSR
100020a2:	f3ef 8c10 	mrs	ip, PRIMASK
100020a6:	b672      	cpsid	i
100020a8:	4a21      	ldr	r2, [pc, #132]	@ (10002130 <irq_add_tail_to_free_list+0x98>)
100020aa:	6813      	ldr	r3, [r2, #0]
100020ac:	2b00      	cmp	r3, #0
100020ae:	d0fc      	beq.n	100020aa <irq_add_tail_to_free_list+0x12>
100020b0:	f3bf 8f5f 	dmb	sy
100020b4:	4b1f      	ldr	r3, [pc, #124]	@ (10002134 <irq_add_tail_to_free_list+0x9c>)
100020b6:	0005      	movs	r5, r0
100020b8:	4a1f      	ldr	r2, [pc, #124]	@ (10002138 <irq_add_tail_to_free_list+0xa0>)
100020ba:	1aed      	subs	r5, r5, r3
100020bc:	416d      	adcs	r5, r5
100020be:	436a      	muls	r2, r5
100020c0:	0d12      	lsrs	r2, r2, #20
100020c2:	4d1e      	ldr	r5, [pc, #120]	@ (1000213c <irq_add_tail_to_free_list+0xa4>)
100020c4:	0089      	lsls	r1, r1, #2
100020c6:	68ae      	ldr	r6, [r5, #8]
100020c8:	b252      	sxtb	r2, r2
100020ca:	5876      	ldr	r6, [r6, r1]
100020cc:	42a6      	cmp	r6, r4
100020ce:	d01c      	beq.n	1000210a <irq_add_tail_to_free_list+0x72>
100020d0:	2106      	movs	r1, #6
100020d2:	5659      	ldrsb	r1, [r3, r1]
100020d4:	4291      	cmp	r1, r2
100020d6:	d01c      	beq.n	10002112 <irq_add_tail_to_free_list+0x7a>
100020d8:	2112      	movs	r1, #18
100020da:	5659      	ldrsb	r1, [r3, r1]
100020dc:	4291      	cmp	r1, r2
100020de:	d022      	beq.n	10002126 <irq_add_tail_to_free_list+0x8e>
100020e0:	211e      	movs	r1, #30
100020e2:	5659      	ldrsb	r1, [r3, r1]
100020e4:	4291      	cmp	r1, r2
100020e6:	d020      	beq.n	1000212a <irq_add_tail_to_free_list+0x92>
100020e8:	212a      	movs	r1, #42	@ 0x2a
100020ea:	5659      	ldrsb	r1, [r3, r1]
100020ec:	2403      	movs	r4, #3
100020ee:	4291      	cmp	r1, r2
100020f0:	d010      	beq.n	10002114 <irq_add_tail_to_free_list+0x7c>
100020f2:	4b13      	ldr	r3, [pc, #76]	@ (10002140 <irq_add_tail_to_free_list+0xa8>)
100020f4:	7819      	ldrb	r1, [r3, #0]
100020f6:	701a      	strb	r2, [r3, #0]
100020f8:	7181      	strb	r1, [r0, #6]
100020fa:	f3bf 8f5f 	dmb	sy
100020fe:	2200      	movs	r2, #0
10002100:	4b0b      	ldr	r3, [pc, #44]	@ (10002130 <irq_add_tail_to_free_list+0x98>)
10002102:	601a      	str	r2, [r3, #0]
10002104:	f38c 8810 	msr	PRIMASK, ip
10002108:	bd70      	pop	{r4, r5, r6, pc}
1000210a:	68ab      	ldr	r3, [r5, #8]
1000210c:	4c0d      	ldr	r4, [pc, #52]	@ (10002144 <irq_add_tail_to_free_list+0xac>)
1000210e:	505c      	str	r4, [r3, r1]
10002110:	e7ef      	b.n	100020f2 <irq_add_tail_to_free_list+0x5a>
10002112:	2400      	movs	r4, #0
10002114:	0061      	lsls	r1, r4, #1
10002116:	1909      	adds	r1, r1, r4
10002118:	0089      	lsls	r1, r1, #2
1000211a:	185b      	adds	r3, r3, r1
1000211c:	21ff      	movs	r1, #255	@ 0xff
1000211e:	7199      	strb	r1, [r3, #6]
10002120:	4909      	ldr	r1, [pc, #36]	@ (10002148 <irq_add_tail_to_free_list+0xb0>)
10002122:	8099      	strh	r1, [r3, #4]
10002124:	e7e5      	b.n	100020f2 <irq_add_tail_to_free_list+0x5a>
10002126:	2401      	movs	r4, #1
10002128:	e7f4      	b.n	10002114 <irq_add_tail_to_free_list+0x7c>
1000212a:	2402      	movs	r4, #2
1000212c:	e7f2      	b.n	10002114 <irq_add_tail_to_free_list+0x7c>
1000212e:	46c0      	nop			@ (mov r8, r8)
10002130:	d0000124 	.word	0xd0000124
10002134:	20000fe4 	.word	0x20000fe4
10002138:	0000aaaa 	.word	0x0000aaaa
1000213c:	e000ed00 	.word	0xe000ed00
10002140:	20002035 	.word	0x20002035
10002144:	100001c1 	.word	0x100001c1
10002148:	ffffbd01 	.word	0xffffbd01

1000214c <user_irq_claim_unused>:
1000214c:	b510      	push	{r4, lr}
1000214e:	4b08      	ldr	r3, [pc, #32]	@ (10002170 <user_irq_claim_unused+0x24>)
10002150:	4c08      	ldr	r4, [pc, #32]	@ (10002174 <user_irq_claim_unused+0x28>)
10002152:	b082      	sub	sp, #8
10002154:	0001      	movs	r1, r0
10002156:	9300      	str	r3, [sp, #0]
10002158:	2200      	movs	r2, #0
1000215a:	2305      	movs	r3, #5
1000215c:	0020      	movs	r0, r4
1000215e:	f7ff fcd3 	bl	10001b08 <hw_claim_unused_from_range>
10002162:	2800      	cmp	r0, #0
10002164:	db01      	blt.n	1000216a <user_irq_claim_unused+0x1e>
10002166:	231f      	movs	r3, #31
10002168:	1a18      	subs	r0, r3, r0
1000216a:	b002      	add	sp, #8
1000216c:	bd10      	pop	{r4, pc}
1000216e:	46c0      	nop			@ (mov r8, r8)
10002170:	10009248 	.word	0x10009248
10002174:	20002039 	.word	0x20002039

10002178 <lock_init>:
10002178:	4b02      	ldr	r3, [pc, #8]	@ (10002184 <lock_init+0xc>)
1000217a:	469c      	mov	ip, r3
1000217c:	4461      	add	r1, ip
1000217e:	0089      	lsls	r1, r1, #2
10002180:	6001      	str	r1, [r0, #0]
10002182:	4770      	bx	lr
10002184:	34000040 	.word	0x34000040

10002188 <runtime_init_mutex>:
10002188:	b570      	push	{r4, r5, r6, lr}
1000218a:	4c11      	ldr	r4, [pc, #68]	@ (100021d0 <runtime_init_mutex+0x48>)
1000218c:	4d11      	ldr	r5, [pc, #68]	@ (100021d4 <runtime_init_mutex+0x4c>)
1000218e:	42ac      	cmp	r4, r5
10002190:	d20f      	bcs.n	100021b2 <runtime_init_mutex+0x2a>
10002192:	26ff      	movs	r6, #255	@ 0xff
10002194:	6823      	ldr	r3, [r4, #0]
10002196:	2b00      	cmp	r3, #0
10002198:	d00c      	beq.n	100021b4 <runtime_init_mutex+0x2c>
1000219a:	f7ff fcf9 	bl	10001b90 <next_striped_spin_lock_num>
1000219e:	0001      	movs	r1, r0
100021a0:	0020      	movs	r0, r4
100021a2:	f7ff ffe9 	bl	10002178 <lock_init>
100021a6:	80a6      	strh	r6, [r4, #4]
100021a8:	f3bf 8f5f 	dmb	sy
100021ac:	3408      	adds	r4, #8
100021ae:	42ac      	cmp	r4, r5
100021b0:	d3f0      	bcc.n	10002194 <runtime_init_mutex+0xc>
100021b2:	bd70      	pop	{r4, r5, r6, pc}
100021b4:	f7ff fcec 	bl	10001b90 <next_striped_spin_lock_num>
100021b8:	0001      	movs	r1, r0
100021ba:	0020      	movs	r0, r4
100021bc:	f7ff ffdc 	bl	10002178 <lock_init>
100021c0:	7126      	strb	r6, [r4, #4]
100021c2:	f3bf 8f5f 	dmb	sy
100021c6:	3408      	adds	r4, #8
100021c8:	42ac      	cmp	r4, r5
100021ca:	d3e3      	bcc.n	10002194 <runtime_init_mutex+0xc>
100021cc:	e7f1      	b.n	100021b2 <runtime_init_mutex+0x2a>
100021ce:	46c0      	nop			@ (mov r8, r8)
100021d0:	200010b0 	.word	0x200010b0
100021d4:	200010b8 	.word	0x200010b8

100021d8 <mutex_init>:
100021d8:	b510      	push	{r4, lr}
100021da:	0004      	movs	r4, r0
100021dc:	f7ff fcd8 	bl	10001b90 <next_striped_spin_lock_num>
100021e0:	0001      	movs	r1, r0
100021e2:	0020      	movs	r0, r4
100021e4:	f7ff ffc8 	bl	10002178 <lock_init>
100021e8:	23ff      	movs	r3, #255	@ 0xff
100021ea:	7123      	strb	r3, [r4, #4]
100021ec:	f3bf 8f5f 	dmb	sy
100021f0:	bd10      	pop	{r4, pc}
100021f2:	46c0      	nop			@ (mov r8, r8)

100021f4 <critical_section_init>:
100021f4:	b510      	push	{r4, lr}
100021f6:	0004      	movs	r4, r0
100021f8:	2001      	movs	r0, #1
100021fa:	f7ff fcd5 	bl	10001ba8 <spin_lock_claim_unused>
100021fe:	4b03      	ldr	r3, [pc, #12]	@ (1000220c <critical_section_init+0x18>)
10002200:	18c3      	adds	r3, r0, r3
10002202:	009b      	lsls	r3, r3, #2
10002204:	6023      	str	r3, [r4, #0]
10002206:	f3bf 8f5f 	dmb	sy
1000220a:	bd10      	pop	{r4, pc}
1000220c:	34000040 	.word	0x34000040

10002210 <critical_section_init_with_lock_num>:
10002210:	4b03      	ldr	r3, [pc, #12]	@ (10002220 <critical_section_init_with_lock_num+0x10>)
10002212:	469c      	mov	ip, r3
10002214:	4461      	add	r1, ip
10002216:	0089      	lsls	r1, r1, #2
10002218:	6001      	str	r1, [r0, #0]
1000221a:	f3bf 8f5f 	dmb	sy
1000221e:	4770      	bx	lr
10002220:	34000040 	.word	0x34000040

10002224 <sleep_until_callback>:
10002224:	4b0a      	ldr	r3, [pc, #40]	@ (10002250 <sleep_until_callback+0x2c>)
10002226:	6819      	ldr	r1, [r3, #0]
10002228:	f3ef 8010 	mrs	r0, PRIMASK
1000222c:	b672      	cpsid	i
1000222e:	680a      	ldr	r2, [r1, #0]
10002230:	2a00      	cmp	r2, #0
10002232:	d0fc      	beq.n	1000222e <sleep_until_callback+0xa>
10002234:	f3bf 8f5f 	dmb	sy
10002238:	681b      	ldr	r3, [r3, #0]
1000223a:	f3bf 8f5f 	dmb	sy
1000223e:	2200      	movs	r2, #0
10002240:	601a      	str	r2, [r3, #0]
10002242:	f380 8810 	msr	PRIMASK, r0
10002246:	bf40      	sev
10002248:	2000      	movs	r0, #0
1000224a:	2100      	movs	r1, #0
1000224c:	4770      	bx	lr
1000224e:	46c0      	nop			@ (mov r8, r8)
10002250:	2000200c 	.word	0x2000200c

10002254 <alarm_pool_irq_handler>:
10002254:	b5f0      	push	{r4, r5, r6, r7, lr}
10002256:	46de      	mov	lr, fp
10002258:	4657      	mov	r7, sl
1000225a:	464e      	mov	r6, r9
1000225c:	4645      	mov	r5, r8
1000225e:	b5e0      	push	{r5, r6, r7, lr}
10002260:	b087      	sub	sp, #28
10002262:	f3ef 8305 	mrs	r3, IPSR
10002266:	2203      	movs	r2, #3
10002268:	2501      	movs	r5, #1
1000226a:	401a      	ands	r2, r3
1000226c:	4095      	lsls	r5, r2
1000226e:	0091      	lsls	r1, r2, #2
10002270:	4688      	mov	r8, r1
10002272:	46a9      	mov	r9, r5
10002274:	4bb3      	ldr	r3, [pc, #716]	@ (10002544 <alarm_pool_irq_handler+0x2f0>)
10002276:	9203      	str	r2, [sp, #12]
10002278:	585c      	ldr	r4, [r3, r1]
1000227a:	4bb3      	ldr	r3, [pc, #716]	@ (10002548 <alarm_pool_irq_handler+0x2f4>)
1000227c:	601d      	str	r5, [r3, #0]
1000227e:	4bb3      	ldr	r3, [pc, #716]	@ (1000254c <alarm_pool_irq_handler+0x2f8>)
10002280:	9304      	str	r3, [sp, #16]
10002282:	464b      	mov	r3, r9
10002284:	48b2      	ldr	r0, [pc, #712]	@ (10002550 <alarm_pool_irq_handler+0x2fc>)
10002286:	6343      	str	r3, [r0, #52]	@ 0x34
10002288:	2308      	movs	r3, #8
1000228a:	5ee5      	ldrsh	r5, [r4, r3]
1000228c:	2d00      	cmp	r5, #0
1000228e:	da37      	bge.n	10002300 <alarm_pool_irq_handler+0xac>
10002290:	88a3      	ldrh	r3, [r4, #4]
10002292:	b21b      	sxth	r3, r3
10002294:	2b00      	cmp	r3, #0
10002296:	db00      	blt.n	1000229a <alarm_pool_irq_handler+0x46>
10002298:	e0ad      	b.n	100023f6 <alarm_pool_irq_handler+0x1a2>
1000229a:	79a3      	ldrb	r3, [r4, #6]
1000229c:	2b00      	cmp	r3, #0
1000229e:	d000      	beq.n	100022a2 <alarm_pool_irq_handler+0x4e>
100022a0:	e0ee      	b.n	10002480 <alarm_pool_irq_handler+0x22c>
100022a2:	2308      	movs	r3, #8
100022a4:	5ee0      	ldrsh	r0, [r4, r3]
100022a6:	2800      	cmp	r0, #0
100022a8:	db20      	blt.n	100022ec <alarm_pool_irq_handler+0x98>
100022aa:	0043      	lsls	r3, r0, #1
100022ac:	6962      	ldr	r2, [r4, #20]
100022ae:	181b      	adds	r3, r3, r0
100022b0:	00db      	lsls	r3, r3, #3
100022b2:	18d3      	adds	r3, r2, r3
100022b4:	689e      	ldr	r6, [r3, #8]
100022b6:	68dd      	ldr	r5, [r3, #12]
100022b8:	1c73      	adds	r3, r6, #1
100022ba:	d100      	bne.n	100022be <alarm_pool_irq_handler+0x6a>
100022bc:	e111      	b.n	100024e2 <alarm_pool_irq_handler+0x28e>
100022be:	48a4      	ldr	r0, [pc, #656]	@ (10002550 <alarm_pool_irq_handler+0x2fc>)
100022c0:	0001      	movs	r1, r0
100022c2:	4441      	add	r1, r8
100022c4:	6a82      	ldr	r2, [r0, #40]	@ 0x28
100022c6:	690b      	ldr	r3, [r1, #16]
100022c8:	1ab7      	subs	r7, r6, r2
100022ca:	1a9b      	subs	r3, r3, r2
100022cc:	429f      	cmp	r7, r3
100022ce:	d315      	bcc.n	100022fc <alarm_pool_irq_handler+0xa8>
100022d0:	2301      	movs	r3, #1
100022d2:	6a02      	ldr	r2, [r0, #32]
100022d4:	9803      	ldr	r0, [sp, #12]
100022d6:	4083      	lsls	r3, r0
100022d8:	421a      	tst	r2, r3
100022da:	d00f      	beq.n	100022fc <alarm_pool_irq_handler+0xa8>
100022dc:	489c      	ldr	r0, [pc, #624]	@ (10002550 <alarm_pool_irq_handler+0x2fc>)
100022de:	f000 fc2b 	bl	10002b38 <timer_time_us_64>
100022e2:	428d      	cmp	r5, r1
100022e4:	dc02      	bgt.n	100022ec <alarm_pool_irq_handler+0x98>
100022e6:	d1cc      	bne.n	10002282 <alarm_pool_irq_handler+0x2e>
100022e8:	4286      	cmp	r6, r0
100022ea:	d9ca      	bls.n	10002282 <alarm_pool_irq_handler+0x2e>
100022ec:	bf40      	sev
100022ee:	b007      	add	sp, #28
100022f0:	bcf0      	pop	{r4, r5, r6, r7}
100022f2:	46bb      	mov	fp, r7
100022f4:	46b2      	mov	sl, r6
100022f6:	46a9      	mov	r9, r5
100022f8:	46a0      	mov	r8, r4
100022fa:	bdf0      	pop	{r4, r5, r6, r7, pc}
100022fc:	610e      	str	r6, [r1, #16]
100022fe:	e7ed      	b.n	100022dc <alarm_pool_irq_handler+0x88>
10002300:	6962      	ldr	r2, [r4, #20]
10002302:	006b      	lsls	r3, r5, #1
10002304:	4692      	mov	sl, r2
10002306:	195b      	adds	r3, r3, r5
10002308:	00db      	lsls	r3, r3, #3
1000230a:	449a      	add	sl, r3
1000230c:	4653      	mov	r3, sl
1000230e:	689e      	ldr	r6, [r3, #8]
10002310:	68df      	ldr	r7, [r3, #12]
10002312:	f000 fc11 	bl	10002b38 <timer_time_us_64>
10002316:	428f      	cmp	r7, r1
10002318:	dcba      	bgt.n	10002290 <alarm_pool_irq_handler+0x3c>
1000231a:	d100      	bne.n	1000231e <alarm_pool_irq_handler+0xca>
1000231c:	e103      	b.n	10002526 <alarm_pool_irq_handler+0x2d2>
1000231e:	2f00      	cmp	r7, #0
10002320:	da00      	bge.n	10002324 <alarm_pool_irq_handler+0xd0>
10002322:	e0e8      	b.n	100024f6 <alarm_pool_irq_handler+0x2a2>
10002324:	4652      	mov	r2, sl
10002326:	4653      	mov	r3, sl
10002328:	6952      	ldr	r2, [r2, #20]
1000232a:	691b      	ldr	r3, [r3, #16]
1000232c:	4693      	mov	fp, r2
1000232e:	9a04      	ldr	r2, [sp, #16]
10002330:	4293      	cmp	r3, r2
10002332:	d100      	bne.n	10002336 <alarm_pool_irq_handler+0xe2>
10002334:	e0d9      	b.n	100024ea <alarm_pool_irq_handler+0x296>
10002336:	4652      	mov	r2, sl
10002338:	2108      	movs	r1, #8
1000233a:	5e60      	ldrsh	r0, [r4, r1]
1000233c:	8852      	ldrh	r2, [r2, #2]
1000233e:	0400      	lsls	r0, r0, #16
10002340:	4659      	mov	r1, fp
10002342:	4310      	orrs	r0, r2
10002344:	4798      	blx	r3
10002346:	9000      	str	r0, [sp, #0]
10002348:	9101      	str	r1, [sp, #4]
1000234a:	9900      	ldr	r1, [sp, #0]
1000234c:	9a01      	ldr	r2, [sp, #4]
1000234e:	000b      	movs	r3, r1
10002350:	0010      	movs	r0, r2
10002352:	4313      	orrs	r3, r2
10002354:	d100      	bne.n	10002358 <alarm_pool_irq_handler+0x104>
10002356:	e0ce      	b.n	100024f6 <alarm_pool_irq_handler+0x2a2>
10002358:	0013      	movs	r3, r2
1000235a:	000a      	movs	r2, r1
1000235c:	1ab6      	subs	r6, r6, r2
1000235e:	419f      	sbcs	r7, r3
10002360:	2800      	cmp	r0, #0
10002362:	db06      	blt.n	10002372 <alarm_pool_irq_handler+0x11e>
10002364:	487a      	ldr	r0, [pc, #488]	@ (10002550 <alarm_pool_irq_handler+0x2fc>)
10002366:	f000 fbe7 	bl	10002b38 <timer_time_us_64>
1000236a:	9e00      	ldr	r6, [sp, #0]
1000236c:	9f01      	ldr	r7, [sp, #4]
1000236e:	1836      	adds	r6, r6, r0
10002370:	414f      	adcs	r7, r1
10002372:	4653      	mov	r3, sl
10002374:	609e      	str	r6, [r3, #8]
10002376:	60df      	str	r7, [r3, #12]
10002378:	2200      	movs	r2, #0
1000237a:	5e9a      	ldrsh	r2, [r3, r2]
1000237c:	2a00      	cmp	r2, #0
1000237e:	da00      	bge.n	10002382 <alarm_pool_irq_handler+0x12e>
10002380:	e786      	b.n	10002290 <alarm_pool_irq_handler+0x3c>
10002382:	0053      	lsls	r3, r2, #1
10002384:	1899      	adds	r1, r3, r2
10002386:	6960      	ldr	r0, [r4, #20]
10002388:	00c9      	lsls	r1, r1, #3
1000238a:	1841      	adds	r1, r0, r1
1000238c:	9302      	str	r3, [sp, #8]
1000238e:	688b      	ldr	r3, [r1, #8]
10002390:	68c9      	ldr	r1, [r1, #12]
10002392:	469b      	mov	fp, r3
10002394:	42b9      	cmp	r1, r7
10002396:	dd00      	ble.n	1000239a <alarm_pool_irq_handler+0x146>
10002398:	e77a      	b.n	10002290 <alarm_pool_irq_handler+0x3c>
1000239a:	d102      	bne.n	100023a2 <alarm_pool_irq_handler+0x14e>
1000239c:	42b3      	cmp	r3, r6
1000239e:	d900      	bls.n	100023a2 <alarm_pool_irq_handler+0x14e>
100023a0:	e776      	b.n	10002290 <alarm_pool_irq_handler+0x3c>
100023a2:	2308      	movs	r3, #8
100023a4:	469c      	mov	ip, r3
100023a6:	44a4      	add	ip, r4
100023a8:	9505      	str	r5, [sp, #20]
100023aa:	4665      	mov	r5, ip
100023ac:	8122      	strh	r2, [r4, #8]
100023ae:	46a4      	mov	ip, r4
100023b0:	9b02      	ldr	r3, [sp, #8]
100023b2:	002c      	movs	r4, r5
100023b4:	e006      	b.n	100023c4 <alarm_pool_irq_handler+0x170>
100023b6:	0053      	lsls	r3, r2, #1
100023b8:	1899      	adds	r1, r3, r2
100023ba:	00c9      	lsls	r1, r1, #3
100023bc:	1841      	adds	r1, r0, r1
100023be:	688d      	ldr	r5, [r1, #8]
100023c0:	68c9      	ldr	r1, [r1, #12]
100023c2:	46ab      	mov	fp, r5
100023c4:	189b      	adds	r3, r3, r2
100023c6:	00db      	lsls	r3, r3, #3
100023c8:	18c3      	adds	r3, r0, r3
100023ca:	42b9      	cmp	r1, r7
100023cc:	dc06      	bgt.n	100023dc <alarm_pool_irq_handler+0x188>
100023ce:	d100      	bne.n	100023d2 <alarm_pool_irq_handler+0x17e>
100023d0:	e0b3      	b.n	1000253a <alarm_pool_irq_handler+0x2e6>
100023d2:	001c      	movs	r4, r3
100023d4:	2300      	movs	r3, #0
100023d6:	5ee2      	ldrsh	r2, [r4, r3]
100023d8:	2a00      	cmp	r2, #0
100023da:	daec      	bge.n	100023b6 <alarm_pool_irq_handler+0x162>
100023dc:	0023      	movs	r3, r4
100023de:	4664      	mov	r4, ip
100023e0:	469c      	mov	ip, r3
100023e2:	4653      	mov	r3, sl
100023e4:	801a      	strh	r2, [r3, #0]
100023e6:	4663      	mov	r3, ip
100023e8:	9d05      	ldr	r5, [sp, #20]
100023ea:	801d      	strh	r5, [r3, #0]
100023ec:	88a3      	ldrh	r3, [r4, #4]
100023ee:	b21b      	sxth	r3, r3
100023f0:	2b00      	cmp	r3, #0
100023f2:	da00      	bge.n	100023f6 <alarm_pool_irq_handler+0x1a2>
100023f4:	e751      	b.n	1000229a <alarm_pool_irq_handler+0x46>
100023f6:	6922      	ldr	r2, [r4, #16]
100023f8:	f3ef 8110 	mrs	r1, PRIMASK
100023fc:	b672      	cpsid	i
100023fe:	6813      	ldr	r3, [r2, #0]
10002400:	2b00      	cmp	r3, #0
10002402:	d0fc      	beq.n	100023fe <alarm_pool_irq_handler+0x1aa>
10002404:	f3bf 8f5f 	dmb	sy
10002408:	2301      	movs	r3, #1
1000240a:	88a7      	ldrh	r7, [r4, #4]
1000240c:	425b      	negs	r3, r3
1000240e:	80a3      	strh	r3, [r4, #4]
10002410:	b23f      	sxth	r7, r7
10002412:	6923      	ldr	r3, [r4, #16]
10002414:	f3bf 8f5f 	dmb	sy
10002418:	2200      	movs	r2, #0
1000241a:	601a      	str	r2, [r3, #0]
1000241c:	f381 8810 	msr	PRIMASK, r1
10002420:	2f00      	cmp	r7, #0
10002422:	da00      	bge.n	10002426 <alarm_pool_irq_handler+0x1d2>
10002424:	e739      	b.n	1000229a <alarm_pool_irq_handler+0x46>
10002426:	0023      	movs	r3, r4
10002428:	3308      	adds	r3, #8
1000242a:	0022      	movs	r2, r4
1000242c:	469a      	mov	sl, r3
1000242e:	6966      	ldr	r6, [r4, #20]
10002430:	007b      	lsls	r3, r7, #1
10002432:	19db      	adds	r3, r3, r7
10002434:	00db      	lsls	r3, r3, #3
10002436:	18f3      	adds	r3, r6, r3
10002438:	6899      	ldr	r1, [r3, #8]
1000243a:	4650      	mov	r0, sl
1000243c:	468c      	mov	ip, r1
1000243e:	2408      	movs	r4, #8
10002440:	5f11      	ldrsh	r1, [r2, r4]
10002442:	68dd      	ldr	r5, [r3, #12]
10002444:	2900      	cmp	r1, #0
10002446:	db10      	blt.n	1000246a <alarm_pool_irq_handler+0x216>
10002448:	9302      	str	r3, [sp, #8]
1000244a:	e006      	b.n	1000245a <alarm_pool_irq_handler+0x206>
1000244c:	42ab      	cmp	r3, r5
1000244e:	d044      	beq.n	100024da <alarm_pool_irq_handler+0x286>
10002450:	2300      	movs	r3, #0
10002452:	5ee1      	ldrsh	r1, [r4, r3]
10002454:	0020      	movs	r0, r4
10002456:	2900      	cmp	r1, #0
10002458:	db06      	blt.n	10002468 <alarm_pool_irq_handler+0x214>
1000245a:	004c      	lsls	r4, r1, #1
1000245c:	1864      	adds	r4, r4, r1
1000245e:	00e4      	lsls	r4, r4, #3
10002460:	1934      	adds	r4, r6, r4
10002462:	68e3      	ldr	r3, [r4, #12]
10002464:	42ab      	cmp	r3, r5
10002466:	ddf1      	ble.n	1000244c <alarm_pool_irq_handler+0x1f8>
10002468:	9b02      	ldr	r3, [sp, #8]
1000246a:	8007      	strh	r7, [r0, #0]
1000246c:	2000      	movs	r0, #0
1000246e:	5e1f      	ldrsh	r7, [r3, r0]
10002470:	8019      	strh	r1, [r3, #0]
10002472:	2f00      	cmp	r7, #0
10002474:	dadc      	bge.n	10002430 <alarm_pool_irq_handler+0x1dc>
10002476:	0014      	movs	r4, r2
10002478:	79a3      	ldrb	r3, [r4, #6]
1000247a:	2b00      	cmp	r3, #0
1000247c:	d100      	bne.n	10002480 <alarm_pool_irq_handler+0x22c>
1000247e:	e710      	b.n	100022a2 <alarm_pool_irq_handler+0x4e>
10002480:	2300      	movs	r3, #0
10002482:	71a3      	strb	r3, [r4, #6]
10002484:	0026      	movs	r6, r4
10002486:	2308      	movs	r3, #8
10002488:	5ee1      	ldrsh	r1, [r4, r3]
1000248a:	3608      	adds	r6, #8
1000248c:	1c4b      	adds	r3, r1, #1
1000248e:	d100      	bne.n	10002492 <alarm_pool_irq_handler+0x23e>
10002490:	e72c      	b.n	100022ec <alarm_pool_irq_handler+0x98>
10002492:	0008      	movs	r0, r1
10002494:	46a2      	mov	sl, r4
10002496:	6965      	ldr	r5, [r4, #20]
10002498:	e002      	b.n	100024a0 <alarm_pool_irq_handler+0x24c>
1000249a:	003e      	movs	r6, r7
1000249c:	1c4b      	adds	r3, r1, #1
1000249e:	d01a      	beq.n	100024d6 <alarm_pool_irq_handler+0x282>
100024a0:	004b      	lsls	r3, r1, #1
100024a2:	185b      	adds	r3, r3, r1
100024a4:	00db      	lsls	r3, r3, #3
100024a6:	18ef      	adds	r7, r5, r3
100024a8:	000a      	movs	r2, r1
100024aa:	468c      	mov	ip, r1
100024ac:	5ee9      	ldrsh	r1, [r5, r3]
100024ae:	887b      	ldrh	r3, [r7, #2]
100024b0:	b21b      	sxth	r3, r3
100024b2:	2b00      	cmp	r3, #0
100024b4:	daf1      	bge.n	1000249a <alarm_pool_irq_handler+0x246>
100024b6:	2301      	movs	r3, #1
100024b8:	425b      	negs	r3, r3
100024ba:	17dc      	asrs	r4, r3, #31
100024bc:	60bb      	str	r3, [r7, #8]
100024be:	60fc      	str	r4, [r7, #12]
100024c0:	4282      	cmp	r2, r0
100024c2:	d005      	beq.n	100024d0 <alarm_pool_irq_handler+0x27c>
100024c4:	4653      	mov	r3, sl
100024c6:	8031      	strh	r1, [r6, #0]
100024c8:	891b      	ldrh	r3, [r3, #8]
100024ca:	803b      	strh	r3, [r7, #0]
100024cc:	4653      	mov	r3, sl
100024ce:	811a      	strh	r2, [r3, #8]
100024d0:	4660      	mov	r0, ip
100024d2:	1c4b      	adds	r3, r1, #1
100024d4:	d1e4      	bne.n	100024a0 <alarm_pool_irq_handler+0x24c>
100024d6:	4654      	mov	r4, sl
100024d8:	e6e5      	b.n	100022a6 <alarm_pool_irq_handler+0x52>
100024da:	68a3      	ldr	r3, [r4, #8]
100024dc:	4563      	cmp	r3, ip
100024de:	d9b7      	bls.n	10002450 <alarm_pool_irq_handler+0x1fc>
100024e0:	e7c2      	b.n	10002468 <alarm_pool_irq_handler+0x214>
100024e2:	1c6b      	adds	r3, r5, #1
100024e4:	d000      	beq.n	100024e8 <alarm_pool_irq_handler+0x294>
100024e6:	e6ea      	b.n	100022be <alarm_pool_irq_handler+0x6a>
100024e8:	e6f8      	b.n	100022dc <alarm_pool_irq_handler+0x88>
100024ea:	465b      	mov	r3, fp
100024ec:	4658      	mov	r0, fp
100024ee:	691b      	ldr	r3, [r3, #16]
100024f0:	4798      	blx	r3
100024f2:	2800      	cmp	r0, #0
100024f4:	d11b      	bne.n	1000252e <alarm_pool_irq_handler+0x2da>
100024f6:	4653      	mov	r3, sl
100024f8:	881b      	ldrh	r3, [r3, #0]
100024fa:	6922      	ldr	r2, [r4, #16]
100024fc:	8123      	strh	r3, [r4, #8]
100024fe:	f3ef 8310 	mrs	r3, PRIMASK
10002502:	b672      	cpsid	i
10002504:	6811      	ldr	r1, [r2, #0]
10002506:	2900      	cmp	r1, #0
10002508:	d0fc      	beq.n	10002504 <alarm_pool_irq_handler+0x2b0>
1000250a:	f3bf 8f5f 	dmb	sy
1000250e:	4651      	mov	r1, sl
10002510:	8862      	ldrh	r2, [r4, #2]
10002512:	800a      	strh	r2, [r1, #0]
10002514:	6922      	ldr	r2, [r4, #16]
10002516:	8065      	strh	r5, [r4, #2]
10002518:	f3bf 8f5f 	dmb	sy
1000251c:	2100      	movs	r1, #0
1000251e:	6011      	str	r1, [r2, #0]
10002520:	f383 8810 	msr	PRIMASK, r3
10002524:	e6b4      	b.n	10002290 <alarm_pool_irq_handler+0x3c>
10002526:	4286      	cmp	r6, r0
10002528:	d800      	bhi.n	1000252c <alarm_pool_irq_handler+0x2d8>
1000252a:	e6f8      	b.n	1000231e <alarm_pool_irq_handler+0xca>
1000252c:	e6b0      	b.n	10002290 <alarm_pool_irq_handler+0x3c>
1000252e:	465b      	mov	r3, fp
10002530:	681a      	ldr	r2, [r3, #0]
10002532:	685b      	ldr	r3, [r3, #4]
10002534:	9200      	str	r2, [sp, #0]
10002536:	9301      	str	r3, [sp, #4]
10002538:	e707      	b.n	1000234a <alarm_pool_irq_handler+0xf6>
1000253a:	45b3      	cmp	fp, r6
1000253c:	d800      	bhi.n	10002540 <alarm_pool_irq_handler+0x2ec>
1000253e:	e748      	b.n	100023d2 <alarm_pool_irq_handler+0x17e>
10002540:	e74c      	b.n	100023dc <alarm_pool_irq_handler+0x188>
10002542:	46c0      	nop			@ (mov r8, r8)
10002544:	20001fe4 	.word	0x20001fe4
10002548:	4005703c 	.word	0x4005703c
1000254c:	10002255 	.word	0x10002255
10002550:	40054000 	.word	0x40054000

10002554 <runtime_init_default_alarm_pool>:
10002554:	b570      	push	{r4, r5, r6, lr}
10002556:	4c2e      	ldr	r4, [pc, #184]	@ (10002610 <runtime_init_default_alarm_pool+0xbc>)
10002558:	6925      	ldr	r5, [r4, #16]
1000255a:	2d00      	cmp	r5, #0
1000255c:	d004      	beq.n	10002568 <runtime_init_default_alarm_pool+0x14>
1000255e:	210a      	movs	r1, #10
10002560:	482c      	ldr	r0, [pc, #176]	@ (10002614 <runtime_init_default_alarm_pool+0xc0>)
10002562:	f7ff fe09 	bl	10002178 <lock_init>
10002566:	bd70      	pop	{r4, r5, r6, pc}
10002568:	4e2b      	ldr	r6, [pc, #172]	@ (10002618 <runtime_init_default_alarm_pool+0xc4>)
1000256a:	2103      	movs	r1, #3
1000256c:	0030      	movs	r0, r6
1000256e:	f000 fad9 	bl	10002b24 <timer_hardware_alarm_claim>
10002572:	60e6      	str	r6, [r4, #12]
10002574:	f7ff fb0c 	bl	10001b90 <next_striped_spin_lock_num>
10002578:	4b28      	ldr	r3, [pc, #160]	@ (1000261c <runtime_init_default_alarm_pool+0xc8>)
1000257a:	2203      	movs	r2, #3
1000257c:	469c      	mov	ip, r3
1000257e:	23d0      	movs	r3, #208	@ 0xd0
10002580:	7022      	strb	r2, [r4, #0]
10002582:	061b      	lsls	r3, r3, #24
10002584:	681b      	ldr	r3, [r3, #0]
10002586:	2101      	movs	r1, #1
10002588:	7063      	strb	r3, [r4, #1]
1000258a:	4b25      	ldr	r3, [pc, #148]	@ (10002620 <runtime_init_default_alarm_pool+0xcc>)
1000258c:	4460      	add	r0, ip
1000258e:	60a3      	str	r3, [r4, #8]
10002590:	230f      	movs	r3, #15
10002592:	0080      	lsls	r0, r0, #2
10002594:	6120      	str	r0, [r4, #16]
10002596:	2002      	movs	r0, #2
10002598:	8063      	strh	r3, [r4, #2]
1000259a:	6963      	ldr	r3, [r4, #20]
1000259c:	4249      	negs	r1, r1
1000259e:	80a1      	strh	r1, [r4, #4]
100025a0:	8019      	strh	r1, [r3, #0]
100025a2:	3102      	adds	r1, #2
100025a4:	8619      	strh	r1, [r3, #48]	@ 0x30
100025a6:	3147      	adds	r1, #71	@ 0x47
100025a8:	831d      	strh	r5, [r3, #24]
100025aa:	5258      	strh	r0, [r3, r1]
100025ac:	3118      	adds	r1, #24
100025ae:	525a      	strh	r2, [r3, r1]
100025b0:	3275      	adds	r2, #117	@ 0x75
100025b2:	395c      	subs	r1, #92	@ 0x5c
100025b4:	5299      	strh	r1, [r3, r2]
100025b6:	3218      	adds	r2, #24
100025b8:	3101      	adds	r1, #1
100025ba:	5299      	strh	r1, [r3, r2]
100025bc:	3218      	adds	r2, #24
100025be:	3101      	adds	r1, #1
100025c0:	5299      	strh	r1, [r3, r2]
100025c2:	3218      	adds	r2, #24
100025c4:	3101      	adds	r1, #1
100025c6:	5299      	strh	r1, [r3, r2]
100025c8:	3508      	adds	r5, #8
100025ca:	3218      	adds	r2, #24
100025cc:	529d      	strh	r5, [r3, r2]
100025ce:	3102      	adds	r1, #2
100025d0:	3218      	adds	r2, #24
100025d2:	5299      	strh	r1, [r3, r2]
100025d4:	3218      	adds	r2, #24
100025d6:	3101      	adds	r1, #1
100025d8:	5299      	strh	r1, [r3, r2]
100025da:	3218      	adds	r2, #24
100025dc:	3101      	adds	r1, #1
100025de:	5299      	strh	r1, [r3, r2]
100025e0:	3218      	adds	r2, #24
100025e2:	3101      	adds	r1, #1
100025e4:	5299      	strh	r1, [r3, r2]
100025e6:	3218      	adds	r2, #24
100025e8:	3101      	adds	r1, #1
100025ea:	5299      	strh	r1, [r3, r2]
100025ec:	3218      	adds	r2, #24
100025ee:	3101      	adds	r1, #1
100025f0:	5299      	strh	r1, [r3, r2]
100025f2:	4b0c      	ldr	r3, [pc, #48]	@ (10002624 <runtime_init_default_alarm_pool+0xd0>)
100025f4:	490c      	ldr	r1, [pc, #48]	@ (10002628 <runtime_init_default_alarm_pool+0xd4>)
100025f6:	60dc      	str	r4, [r3, #12]
100025f8:	3001      	adds	r0, #1
100025fa:	6235      	str	r5, [r6, #32]
100025fc:	f7ff fb3e 	bl	10001c7c <irq_set_exclusive_handler>
10002600:	2101      	movs	r1, #1
10002602:	2003      	movs	r0, #3
10002604:	f7ff fb02 	bl	10001c0c <irq_set_enabled>
10002608:	4b08      	ldr	r3, [pc, #32]	@ (1000262c <runtime_init_default_alarm_pool+0xd8>)
1000260a:	601d      	str	r5, [r3, #0]
1000260c:	e7a7      	b.n	1000255e <runtime_init_default_alarm_pool+0xa>
1000260e:	46c0      	nop			@ (mov r8, r8)
10002610:	2000102c 	.word	0x2000102c
10002614:	2000200c 	.word	0x2000200c
10002618:	40054000 	.word	0x40054000
1000261c:	34000040 	.word	0x34000040
10002620:	0010ffff 	.word	0x0010ffff
10002624:	20001fe4 	.word	0x20001fe4
10002628:	10002255 	.word	0x10002255
1000262c:	40056038 	.word	0x40056038

10002630 <alarm_pool_get_default>:
10002630:	4800      	ldr	r0, [pc, #0]	@ (10002634 <alarm_pool_get_default+0x4>)
10002632:	4770      	bx	lr
10002634:	2000102c 	.word	0x2000102c

10002638 <alarm_pool_add_alarm_at>:
10002638:	b5f8      	push	{r3, r4, r5, r6, r7, lr}
1000263a:	001f      	movs	r7, r3
1000263c:	ab08      	add	r3, sp, #32
1000263e:	781b      	ldrb	r3, [r3, #0]
10002640:	0004      	movs	r4, r0
10002642:	0016      	movs	r6, r2
10002644:	2b00      	cmp	r3, #0
10002646:	d108      	bne.n	1000265a <alarm_pool_add_alarm_at+0x22>
10002648:	f000 fa7e 	bl	10002b48 <time_us_64>
1000264c:	0032      	movs	r2, r6
1000264e:	003b      	movs	r3, r7
10002650:	1a12      	subs	r2, r2, r0
10002652:	418b      	sbcs	r3, r1
10002654:	2b00      	cmp	r3, #0
10002656:	da00      	bge.n	1000265a <alarm_pool_add_alarm_at+0x22>
10002658:	e052      	b.n	10002700 <alarm_pool_add_alarm_at+0xc8>
1000265a:	6922      	ldr	r2, [r4, #16]
1000265c:	f3ef 8010 	mrs	r0, PRIMASK
10002660:	b672      	cpsid	i
10002662:	6813      	ldr	r3, [r2, #0]
10002664:	2b00      	cmp	r3, #0
10002666:	d0fc      	beq.n	10002662 <alarm_pool_add_alarm_at+0x2a>
10002668:	f3bf 8f5f 	dmb	sy
1000266c:	2302      	movs	r3, #2
1000266e:	5ee1      	ldrsh	r1, [r4, r3]
10002670:	6963      	ldr	r3, [r4, #20]
10002672:	004a      	lsls	r2, r1, #1
10002674:	1852      	adds	r2, r2, r1
10002676:	00d2      	lsls	r2, r2, #3
10002678:	189b      	adds	r3, r3, r2
1000267a:	6922      	ldr	r2, [r4, #16]
1000267c:	2900      	cmp	r1, #0
1000267e:	db36      	blt.n	100026ee <alarm_pool_add_alarm_at+0xb6>
10002680:	881d      	ldrh	r5, [r3, #0]
10002682:	8065      	strh	r5, [r4, #2]
10002684:	f3bf 8f5f 	dmb	sy
10002688:	2500      	movs	r5, #0
1000268a:	6015      	str	r5, [r2, #0]
1000268c:	f380 8810 	msr	PRIMASK, r0
10002690:	9a06      	ldr	r2, [sp, #24]
10002692:	609e      	str	r6, [r3, #8]
10002694:	60df      	str	r7, [r3, #12]
10002696:	611a      	str	r2, [r3, #16]
10002698:	9a07      	ldr	r2, [sp, #28]
1000269a:	615a      	str	r2, [r3, #20]
1000269c:	885a      	ldrh	r2, [r3, #2]
1000269e:	3201      	adds	r2, #1
100026a0:	0452      	lsls	r2, r2, #17
100026a2:	0c52      	lsrs	r2, r2, #17
100026a4:	1c10      	adds	r0, r2, #0
100026a6:	2a00      	cmp	r2, #0
100026a8:	d01f      	beq.n	100026ea <alarm_pool_add_alarm_at+0xb2>
100026aa:	b282      	uxth	r2, r0
100026ac:	8058      	strh	r0, [r3, #2]
100026ae:	0408      	lsls	r0, r1, #16
100026b0:	4310      	orrs	r0, r2
100026b2:	6926      	ldr	r6, [r4, #16]
100026b4:	f3ef 8710 	mrs	r7, PRIMASK
100026b8:	b672      	cpsid	i
100026ba:	6832      	ldr	r2, [r6, #0]
100026bc:	2a00      	cmp	r2, #0
100026be:	d0fc      	beq.n	100026ba <alarm_pool_add_alarm_at+0x82>
100026c0:	f3bf 8f5f 	dmb	sy
100026c4:	88a2      	ldrh	r2, [r4, #4]
100026c6:	801a      	strh	r2, [r3, #0]
100026c8:	80a1      	strh	r1, [r4, #4]
100026ca:	6923      	ldr	r3, [r4, #16]
100026cc:	f3bf 8f5f 	dmb	sy
100026d0:	2200      	movs	r2, #0
100026d2:	601a      	str	r2, [r3, #0]
100026d4:	f387 8810 	msr	PRIMASK, r7
100026d8:	490a      	ldr	r1, [pc, #40]	@ (10002704 <alarm_pool_add_alarm_at+0xcc>)
100026da:	7823      	ldrb	r3, [r4, #0]
100026dc:	468c      	mov	ip, r1
100026de:	3201      	adds	r2, #1
100026e0:	409a      	lsls	r2, r3
100026e2:	68e3      	ldr	r3, [r4, #12]
100026e4:	4463      	add	r3, ip
100026e6:	601a      	str	r2, [r3, #0]
100026e8:	bdf8      	pop	{r3, r4, r5, r6, r7, pc}
100026ea:	2001      	movs	r0, #1
100026ec:	e7dd      	b.n	100026aa <alarm_pool_add_alarm_at+0x72>
100026ee:	f3bf 8f5f 	dmb	sy
100026f2:	2300      	movs	r3, #0
100026f4:	6013      	str	r3, [r2, #0]
100026f6:	f380 8810 	msr	PRIMASK, r0
100026fa:	2001      	movs	r0, #1
100026fc:	4240      	negs	r0, r0
100026fe:	e7f3      	b.n	100026e8 <alarm_pool_add_alarm_at+0xb0>
10002700:	2000      	movs	r0, #0
10002702:	e7f1      	b.n	100026e8 <alarm_pool_add_alarm_at+0xb0>
10002704:	0000203c 	.word	0x0000203c

10002708 <alarm_pool_add_alarm_at_force_in_context>:
10002708:	b570      	push	{r4, r5, r6, lr}
1000270a:	0001      	movs	r1, r0
1000270c:	6904      	ldr	r4, [r0, #16]
1000270e:	f3ef 8c10 	mrs	ip, PRIMASK
10002712:	b672      	cpsid	i
10002714:	6820      	ldr	r0, [r4, #0]
10002716:	2800      	cmp	r0, #0
10002718:	d0fc      	beq.n	10002714 <alarm_pool_add_alarm_at_force_in_context+0xc>
1000271a:	f3bf 8f5f 	dmb	sy
1000271e:	2002      	movs	r0, #2
10002720:	5e0d      	ldrsh	r5, [r1, r0]
10002722:	694c      	ldr	r4, [r1, #20]
10002724:	0068      	lsls	r0, r5, #1
10002726:	1940      	adds	r0, r0, r5
10002728:	00c0      	lsls	r0, r0, #3
1000272a:	1824      	adds	r4, r4, r0
1000272c:	6908      	ldr	r0, [r1, #16]
1000272e:	2d00      	cmp	r5, #0
10002730:	db36      	blt.n	100027a0 <alarm_pool_add_alarm_at_force_in_context+0x98>
10002732:	8826      	ldrh	r6, [r4, #0]
10002734:	804e      	strh	r6, [r1, #2]
10002736:	f3bf 8f5f 	dmb	sy
1000273a:	2600      	movs	r6, #0
1000273c:	6006      	str	r6, [r0, #0]
1000273e:	f38c 8810 	msr	PRIMASK, ip
10002742:	60e3      	str	r3, [r4, #12]
10002744:	8863      	ldrh	r3, [r4, #2]
10002746:	9804      	ldr	r0, [sp, #16]
10002748:	3301      	adds	r3, #1
1000274a:	6120      	str	r0, [r4, #16]
1000274c:	045b      	lsls	r3, r3, #17
1000274e:	9805      	ldr	r0, [sp, #20]
10002750:	0c5b      	lsrs	r3, r3, #17
10002752:	60a2      	str	r2, [r4, #8]
10002754:	6160      	str	r0, [r4, #20]
10002756:	1c1a      	adds	r2, r3, #0
10002758:	2b00      	cmp	r3, #0
1000275a:	d01f      	beq.n	1000279c <alarm_pool_add_alarm_at_force_in_context+0x94>
1000275c:	b293      	uxth	r3, r2
1000275e:	0428      	lsls	r0, r5, #16
10002760:	8062      	strh	r2, [r4, #2]
10002762:	4318      	orrs	r0, r3
10002764:	690a      	ldr	r2, [r1, #16]
10002766:	f3ef 8c10 	mrs	ip, PRIMASK
1000276a:	b672      	cpsid	i
1000276c:	6813      	ldr	r3, [r2, #0]
1000276e:	2b00      	cmp	r3, #0
10002770:	d0fc      	beq.n	1000276c <alarm_pool_add_alarm_at_force_in_context+0x64>
10002772:	f3bf 8f5f 	dmb	sy
10002776:	888b      	ldrh	r3, [r1, #4]
10002778:	8023      	strh	r3, [r4, #0]
1000277a:	808d      	strh	r5, [r1, #4]
1000277c:	690b      	ldr	r3, [r1, #16]
1000277e:	f3bf 8f5f 	dmb	sy
10002782:	2200      	movs	r2, #0
10002784:	601a      	str	r2, [r3, #0]
10002786:	f38c 8810 	msr	PRIMASK, ip
1000278a:	780b      	ldrb	r3, [r1, #0]
1000278c:	3201      	adds	r2, #1
1000278e:	409a      	lsls	r2, r3
10002790:	68cb      	ldr	r3, [r1, #12]
10002792:	4908      	ldr	r1, [pc, #32]	@ (100027b4 <alarm_pool_add_alarm_at_force_in_context+0xac>)
10002794:	468c      	mov	ip, r1
10002796:	4463      	add	r3, ip
10002798:	601a      	str	r2, [r3, #0]
1000279a:	bd70      	pop	{r4, r5, r6, pc}
1000279c:	2201      	movs	r2, #1
1000279e:	e7dd      	b.n	1000275c <alarm_pool_add_alarm_at_force_in_context+0x54>
100027a0:	f3bf 8f5f 	dmb	sy
100027a4:	2300      	movs	r3, #0
100027a6:	6003      	str	r3, [r0, #0]
100027a8:	f38c 8810 	msr	PRIMASK, ip
100027ac:	2001      	movs	r0, #1
100027ae:	4240      	negs	r0, r0
100027b0:	e7f3      	b.n	1000279a <alarm_pool_add_alarm_at_force_in_context+0x92>
100027b2:	46c0      	nop			@ (mov r8, r8)
100027b4:	0000203c 	.word	0x0000203c

100027b8 <alarm_pool_cancel_alarm>:
100027b8:	b510      	push	{r4, lr}
100027ba:	8943      	ldrh	r3, [r0, #10]
100027bc:	140a      	asrs	r2, r1, #16
100027be:	4293      	cmp	r3, r2
100027c0:	dd1a      	ble.n	100027f8 <alarm_pool_cancel_alarm+0x40>
100027c2:	0053      	lsls	r3, r2, #1
100027c4:	189b      	adds	r3, r3, r2
100027c6:	6942      	ldr	r2, [r0, #20]
100027c8:	00db      	lsls	r3, r3, #3
100027ca:	18d3      	adds	r3, r2, r3
100027cc:	6904      	ldr	r4, [r0, #16]
100027ce:	f3ef 8c10 	mrs	ip, PRIMASK
100027d2:	b672      	cpsid	i
100027d4:	6822      	ldr	r2, [r4, #0]
100027d6:	2a00      	cmp	r2, #0
100027d8:	d0fc      	beq.n	100027d4 <alarm_pool_cancel_alarm+0x1c>
100027da:	f3bf 8f5f 	dmb	sy
100027de:	885a      	ldrh	r2, [r3, #2]
100027e0:	0409      	lsls	r1, r1, #16
100027e2:	b294      	uxth	r4, r2
100027e4:	0c09      	lsrs	r1, r1, #16
100027e6:	428a      	cmp	r2, r1
100027e8:	d008      	beq.n	100027fc <alarm_pool_cancel_alarm+0x44>
100027ea:	6903      	ldr	r3, [r0, #16]
100027ec:	f3bf 8f5f 	dmb	sy
100027f0:	2200      	movs	r2, #0
100027f2:	601a      	str	r2, [r3, #0]
100027f4:	f38c 8810 	msr	PRIMASK, ip
100027f8:	2000      	movs	r0, #0
100027fa:	bd10      	pop	{r4, pc}
100027fc:	2280      	movs	r2, #128	@ 0x80
100027fe:	0212      	lsls	r2, r2, #8
10002800:	4314      	orrs	r4, r2
10002802:	805c      	strh	r4, [r3, #2]
10002804:	2301      	movs	r3, #1
10002806:	6902      	ldr	r2, [r0, #16]
10002808:	7183      	strb	r3, [r0, #6]
1000280a:	f3bf 8f5f 	dmb	sy
1000280e:	2100      	movs	r1, #0
10002810:	6011      	str	r1, [r2, #0]
10002812:	f38c 8810 	msr	PRIMASK, ip
10002816:	4904      	ldr	r1, [pc, #16]	@ (10002828 <alarm_pool_cancel_alarm+0x70>)
10002818:	7802      	ldrb	r2, [r0, #0]
1000281a:	468c      	mov	ip, r1
1000281c:	4093      	lsls	r3, r2
1000281e:	68c2      	ldr	r2, [r0, #12]
10002820:	2001      	movs	r0, #1
10002822:	4462      	add	r2, ip
10002824:	6013      	str	r3, [r2, #0]
10002826:	e7e8      	b.n	100027fa <alarm_pool_cancel_alarm+0x42>
10002828:	0000203c 	.word	0x0000203c

1000282c <alarm_pool_core_num>:
1000282c:	7840      	ldrb	r0, [r0, #1]
1000282e:	4770      	bx	lr

10002830 <sleep_us>:
10002830:	b5f0      	push	{r4, r5, r6, r7, lr}
10002832:	46c6      	mov	lr, r8
10002834:	b500      	push	{lr}
10002836:	b082      	sub	sp, #8
10002838:	0004      	movs	r4, r0
1000283a:	000d      	movs	r5, r1
1000283c:	f000 f984 	bl	10002b48 <time_us_64>
10002840:	1824      	adds	r4, r4, r0
10002842:	414d      	adcs	r5, r1
10002844:	2d00      	cmp	r5, #0
10002846:	da02      	bge.n	1000284e <sleep_us+0x1e>
10002848:	2401      	movs	r4, #1
1000284a:	4d2f      	ldr	r5, [pc, #188]	@ (10002908 <sleep_us+0xd8>)
1000284c:	4264      	negs	r4, r4
1000284e:	2606      	movs	r6, #6
10002850:	4276      	negs	r6, r6
10002852:	17f7      	asrs	r7, r6, #31
10002854:	1936      	adds	r6, r6, r4
10002856:	416f      	adcs	r7, r5
10002858:	42af      	cmp	r7, r5
1000285a:	d814      	bhi.n	10002886 <sleep_us+0x56>
1000285c:	d011      	beq.n	10002882 <sleep_us+0x52>
1000285e:	f000 f973 	bl	10002b48 <time_us_64>
10002862:	0032      	movs	r2, r6
10002864:	003b      	movs	r3, r7
10002866:	1a12      	subs	r2, r2, r0
10002868:	418b      	sbcs	r3, r1
1000286a:	2b00      	cmp	r3, #0
1000286c:	dc15      	bgt.n	1000289a <sleep_us+0x6a>
1000286e:	2b00      	cmp	r3, #0
10002870:	d046      	beq.n	10002900 <sleep_us+0xd0>
10002872:	0020      	movs	r0, r4
10002874:	0029      	movs	r1, r5
10002876:	f000 f971 	bl	10002b5c <busy_wait_until>
1000287a:	b002      	add	sp, #8
1000287c:	bc80      	pop	{r7}
1000287e:	46b8      	mov	r8, r7
10002880:	bdf0      	pop	{r4, r5, r6, r7, pc}
10002882:	42a6      	cmp	r6, r4
10002884:	d9eb      	bls.n	1000285e <sleep_us+0x2e>
10002886:	2600      	movs	r6, #0
10002888:	2700      	movs	r7, #0
1000288a:	f000 f95d 	bl	10002b48 <time_us_64>
1000288e:	0032      	movs	r2, r6
10002890:	003b      	movs	r3, r7
10002892:	1a12      	subs	r2, r2, r0
10002894:	418b      	sbcs	r3, r1
10002896:	2b00      	cmp	r3, #0
10002898:	dde9      	ble.n	1000286e <sleep_us+0x3e>
1000289a:	f000 f955 	bl	10002b48 <time_us_64>
1000289e:	0032      	movs	r2, r6
100028a0:	003b      	movs	r3, r7
100028a2:	1a12      	subs	r2, r2, r0
100028a4:	418b      	sbcs	r3, r1
100028a6:	2b00      	cmp	r3, #0
100028a8:	db0a      	blt.n	100028c0 <sleep_us+0x90>
100028aa:	2300      	movs	r3, #0
100028ac:	9301      	str	r3, [sp, #4]
100028ae:	4b17      	ldr	r3, [pc, #92]	@ (1000290c <sleep_us+0xdc>)
100028b0:	0032      	movs	r2, r6
100028b2:	9300      	str	r3, [sp, #0]
100028b4:	4816      	ldr	r0, [pc, #88]	@ (10002910 <sleep_us+0xe0>)
100028b6:	003b      	movs	r3, r7
100028b8:	f7ff ff26 	bl	10002708 <alarm_pool_add_alarm_at_force_in_context>
100028bc:	3001      	adds	r0, #1
100028be:	d0d8      	beq.n	10002872 <sleep_us+0x42>
100028c0:	2300      	movs	r3, #0
100028c2:	0039      	movs	r1, r7
100028c4:	46b0      	mov	r8, r6
100028c6:	469c      	mov	ip, r3
100028c8:	4a12      	ldr	r2, [pc, #72]	@ (10002914 <sleep_us+0xe4>)
100028ca:	4813      	ldr	r0, [pc, #76]	@ (10002918 <sleep_us+0xe8>)
100028cc:	6a53      	ldr	r3, [r2, #36]	@ 0x24
100028ce:	4299      	cmp	r1, r3
100028d0:	d804      	bhi.n	100028dc <sleep_us+0xac>
100028d2:	6a96      	ldr	r6, [r2, #40]	@ 0x28
100028d4:	4546      	cmp	r6, r8
100028d6:	d2cc      	bcs.n	10002872 <sleep_us+0x42>
100028d8:	4299      	cmp	r1, r3
100028da:	d1ca      	bne.n	10002872 <sleep_us+0x42>
100028dc:	6806      	ldr	r6, [r0, #0]
100028de:	f3ef 8710 	mrs	r7, PRIMASK
100028e2:	b672      	cpsid	i
100028e4:	6833      	ldr	r3, [r6, #0]
100028e6:	2b00      	cmp	r3, #0
100028e8:	d0fc      	beq.n	100028e4 <sleep_us+0xb4>
100028ea:	f3bf 8f5f 	dmb	sy
100028ee:	6803      	ldr	r3, [r0, #0]
100028f0:	f3bf 8f5f 	dmb	sy
100028f4:	4666      	mov	r6, ip
100028f6:	601e      	str	r6, [r3, #0]
100028f8:	f387 8810 	msr	PRIMASK, r7
100028fc:	bf20      	wfe
100028fe:	e7e5      	b.n	100028cc <sleep_us+0x9c>
10002900:	2a00      	cmp	r2, #0
10002902:	d0b6      	beq.n	10002872 <sleep_us+0x42>
10002904:	e7c9      	b.n	1000289a <sleep_us+0x6a>
10002906:	46c0      	nop			@ (mov r8, r8)
10002908:	7fffffff 	.word	0x7fffffff
1000290c:	10002225 	.word	0x10002225
10002910:	2000102c 	.word	0x2000102c
10002914:	40054000 	.word	0x40054000
10002918:	2000200c 	.word	0x2000200c

1000291c <sleep_ms>:
1000291c:	b5f0      	push	{r4, r5, r6, r7, lr}
1000291e:	46c6      	mov	lr, r8
10002920:	b500      	push	{lr}
10002922:	b082      	sub	sp, #8
10002924:	0004      	movs	r4, r0
10002926:	f000 f90f 	bl	10002b48 <time_us_64>
1000292a:	22fa      	movs	r2, #250	@ 0xfa
1000292c:	0006      	movs	r6, r0
1000292e:	000f      	movs	r7, r1
10002930:	0020      	movs	r0, r4
10002932:	2300      	movs	r3, #0
10002934:	2100      	movs	r1, #0
10002936:	0092      	lsls	r2, r2, #2
10002938:	f001 fa8c 	bl	10003e54 <__wrap___aeabi_lmul>
1000293c:	1980      	adds	r0, r0, r6
1000293e:	4179      	adcs	r1, r7
10002940:	0004      	movs	r4, r0
10002942:	1e0d      	subs	r5, r1, #0
10002944:	da02      	bge.n	1000294c <sleep_ms+0x30>
10002946:	2401      	movs	r4, #1
10002948:	4d2e      	ldr	r5, [pc, #184]	@ (10002a04 <sleep_ms+0xe8>)
1000294a:	4264      	negs	r4, r4
1000294c:	2606      	movs	r6, #6
1000294e:	4276      	negs	r6, r6
10002950:	17f7      	asrs	r7, r6, #31
10002952:	1936      	adds	r6, r6, r4
10002954:	416f      	adcs	r7, r5
10002956:	42af      	cmp	r7, r5
10002958:	d814      	bhi.n	10002984 <sleep_ms+0x68>
1000295a:	d011      	beq.n	10002980 <sleep_ms+0x64>
1000295c:	f000 f8f4 	bl	10002b48 <time_us_64>
10002960:	0032      	movs	r2, r6
10002962:	003b      	movs	r3, r7
10002964:	1a12      	subs	r2, r2, r0
10002966:	418b      	sbcs	r3, r1
10002968:	2b00      	cmp	r3, #0
1000296a:	dc15      	bgt.n	10002998 <sleep_ms+0x7c>
1000296c:	2b00      	cmp	r3, #0
1000296e:	d046      	beq.n	100029fe <sleep_ms+0xe2>
10002970:	0020      	movs	r0, r4
10002972:	0029      	movs	r1, r5
10002974:	f000 f8f2 	bl	10002b5c <busy_wait_until>
10002978:	b002      	add	sp, #8
1000297a:	bc80      	pop	{r7}
1000297c:	46b8      	mov	r8, r7
1000297e:	bdf0      	pop	{r4, r5, r6, r7, pc}
10002980:	42a6      	cmp	r6, r4
10002982:	d9eb      	bls.n	1000295c <sleep_ms+0x40>
10002984:	2600      	movs	r6, #0
10002986:	2700      	movs	r7, #0
10002988:	f000 f8de 	bl	10002b48 <time_us_64>
1000298c:	0032      	movs	r2, r6
1000298e:	003b      	movs	r3, r7
10002990:	1a12      	subs	r2, r2, r0
10002992:	418b      	sbcs	r3, r1
10002994:	2b00      	cmp	r3, #0
10002996:	dde9      	ble.n	1000296c <sleep_ms+0x50>
10002998:	f000 f8d6 	bl	10002b48 <time_us_64>
1000299c:	0032      	movs	r2, r6
1000299e:	003b      	movs	r3, r7
100029a0:	1a12      	subs	r2, r2, r0
100029a2:	418b      	sbcs	r3, r1
100029a4:	2b00      	cmp	r3, #0
100029a6:	db0a      	blt.n	100029be <sleep_ms+0xa2>
100029a8:	2300      	movs	r3, #0
100029aa:	9301      	str	r3, [sp, #4]
100029ac:	4b16      	ldr	r3, [pc, #88]	@ (10002a08 <sleep_ms+0xec>)
100029ae:	0032      	movs	r2, r6
100029b0:	9300      	str	r3, [sp, #0]
100029b2:	4816      	ldr	r0, [pc, #88]	@ (10002a0c <sleep_ms+0xf0>)
100029b4:	003b      	movs	r3, r7
100029b6:	f7ff fea7 	bl	10002708 <alarm_pool_add_alarm_at_force_in_context>
100029ba:	3001      	adds	r0, #1
100029bc:	d0d8      	beq.n	10002970 <sleep_ms+0x54>
100029be:	2300      	movs	r3, #0
100029c0:	0039      	movs	r1, r7
100029c2:	46b0      	mov	r8, r6
100029c4:	469c      	mov	ip, r3
100029c6:	4a12      	ldr	r2, [pc, #72]	@ (10002a10 <sleep_ms+0xf4>)
100029c8:	4812      	ldr	r0, [pc, #72]	@ (10002a14 <sleep_ms+0xf8>)
100029ca:	6a53      	ldr	r3, [r2, #36]	@ 0x24
100029cc:	4299      	cmp	r1, r3
100029ce:	d804      	bhi.n	100029da <sleep_ms+0xbe>
100029d0:	6a96      	ldr	r6, [r2, #40]	@ 0x28
100029d2:	4546      	cmp	r6, r8
100029d4:	d2cc      	bcs.n	10002970 <sleep_ms+0x54>
100029d6:	4299      	cmp	r1, r3
100029d8:	d1ca      	bne.n	10002970 <sleep_ms+0x54>
100029da:	6806      	ldr	r6, [r0, #0]
100029dc:	f3ef 8710 	mrs	r7, PRIMASK
100029e0:	b672      	cpsid	i
100029e2:	6833      	ldr	r3, [r6, #0]
100029e4:	2b00      	cmp	r3, #0
100029e6:	d0fc      	beq.n	100029e2 <sleep_ms+0xc6>
100029e8:	f3bf 8f5f 	dmb	sy
100029ec:	6803      	ldr	r3, [r0, #0]
100029ee:	f3bf 8f5f 	dmb	sy
100029f2:	4666      	mov	r6, ip
100029f4:	601e      	str	r6, [r3, #0]
100029f6:	f387 8810 	msr	PRIMASK, r7
100029fa:	bf20      	wfe
100029fc:	e7e5      	b.n	100029ca <sleep_ms+0xae>
100029fe:	2a00      	cmp	r2, #0
10002a00:	d0b6      	beq.n	10002970 <sleep_ms+0x54>
10002a02:	e7c9      	b.n	10002998 <sleep_ms+0x7c>
10002a04:	7fffffff 	.word	0x7fffffff
10002a08:	10002225 	.word	0x10002225
10002a0c:	2000102c 	.word	0x2000102c
10002a10:	40054000 	.word	0x40054000
10002a14:	2000200c 	.word	0x2000200c

10002a18 <best_effort_wfe_or_timeout>:
10002a18:	b5f0      	push	{r4, r5, r6, r7, lr}
10002a1a:	4657      	mov	r7, sl
10002a1c:	464e      	mov	r6, r9
10002a1e:	46de      	mov	lr, fp
10002a20:	4645      	mov	r5, r8
10002a22:	b5e0      	push	{r5, r6, r7, lr}
10002a24:	0006      	movs	r6, r0
10002a26:	000f      	movs	r7, r1
10002a28:	b085      	sub	sp, #20
10002a2a:	f3ef 8305 	mrs	r3, IPSR
10002a2e:	4699      	mov	r9, r3
10002a30:	468b      	mov	fp, r1
10002a32:	2b00      	cmp	r3, #0
10002a34:	d012      	beq.n	10002a5c <best_effort_wfe_or_timeout+0x44>
10002a36:	4938      	ldr	r1, [pc, #224]	@ (10002b18 <best_effort_wfe_or_timeout+0x100>)
10002a38:	2000      	movs	r0, #0
10002a3a:	6a4b      	ldr	r3, [r1, #36]	@ 0x24
10002a3c:	42bb      	cmp	r3, r7
10002a3e:	d306      	bcc.n	10002a4e <best_effort_wfe_or_timeout+0x36>
10002a40:	6a8a      	ldr	r2, [r1, #40]	@ 0x28
10002a42:	1bdb      	subs	r3, r3, r7
10002a44:	1e59      	subs	r1, r3, #1
10002a46:	418b      	sbcs	r3, r1
10002a48:	42b2      	cmp	r2, r6
10002a4a:	4140      	adcs	r0, r0
10002a4c:	4318      	orrs	r0, r3
10002a4e:	b005      	add	sp, #20
10002a50:	bcf0      	pop	{r4, r5, r6, r7}
10002a52:	46bb      	mov	fp, r7
10002a54:	46b2      	mov	sl, r6
10002a56:	46a9      	mov	r9, r5
10002a58:	46a0      	mov	r8, r4
10002a5a:	bdf0      	pop	{r4, r5, r6, r7, pc}
10002a5c:	4b2f      	ldr	r3, [pc, #188]	@ (10002b1c <best_effort_wfe_or_timeout+0x104>)
10002a5e:	469a      	mov	sl, r3
10002a60:	68db      	ldr	r3, [r3, #12]
10002a62:	4698      	mov	r8, r3
10002a64:	4653      	mov	r3, sl
10002a66:	781b      	ldrb	r3, [r3, #0]
10002a68:	4640      	mov	r0, r8
10002a6a:	9303      	str	r3, [sp, #12]
10002a6c:	f000 f864 	bl	10002b38 <timer_time_us_64>
10002a70:	4642      	mov	r2, r8
10002a72:	9b03      	ldr	r3, [sp, #12]
10002a74:	0004      	movs	r4, r0
10002a76:	3304      	adds	r3, #4
10002a78:	009b      	lsls	r3, r3, #2
10002a7a:	589b      	ldr	r3, [r3, r2]
10002a7c:	000d      	movs	r5, r1
10002a7e:	1a1b      	subs	r3, r3, r0
10002a80:	0039      	movs	r1, r7
10002a82:	0030      	movs	r0, r6
10002a84:	1b00      	subs	r0, r0, r4
10002a86:	41a9      	sbcs	r1, r5
10002a88:	4589      	cmp	r9, r1
10002a8a:	dc10      	bgt.n	10002aae <best_effort_wfe_or_timeout+0x96>
10002a8c:	d00d      	beq.n	10002aaa <best_effort_wfe_or_timeout+0x92>
10002a8e:	bf20      	wfe
10002a90:	4a21      	ldr	r2, [pc, #132]	@ (10002b18 <best_effort_wfe_or_timeout+0x100>)
10002a92:	2000      	movs	r0, #0
10002a94:	6a53      	ldr	r3, [r2, #36]	@ 0x24
10002a96:	455b      	cmp	r3, fp
10002a98:	d3d9      	bcc.n	10002a4e <best_effort_wfe_or_timeout+0x36>
10002a9a:	6a92      	ldr	r2, [r2, #40]	@ 0x28
10002a9c:	1bdb      	subs	r3, r3, r7
10002a9e:	1e59      	subs	r1, r3, #1
10002aa0:	418b      	sbcs	r3, r1
10002aa2:	42b2      	cmp	r2, r6
10002aa4:	4140      	adcs	r0, r0
10002aa6:	4318      	orrs	r0, r3
10002aa8:	e7d1      	b.n	10002a4e <best_effort_wfe_or_timeout+0x36>
10002aaa:	4283      	cmp	r3, r0
10002aac:	d9ef      	bls.n	10002a8e <best_effort_wfe_or_timeout+0x76>
10002aae:	f000 f84b 	bl	10002b48 <time_us_64>
10002ab2:	0032      	movs	r2, r6
10002ab4:	003b      	movs	r3, r7
10002ab6:	1a12      	subs	r2, r2, r0
10002ab8:	418b      	sbcs	r3, r1
10002aba:	2b00      	cmp	r3, #0
10002abc:	db1a      	blt.n	10002af4 <best_effort_wfe_or_timeout+0xdc>
10002abe:	2300      	movs	r3, #0
10002ac0:	9301      	str	r3, [sp, #4]
10002ac2:	4b17      	ldr	r3, [pc, #92]	@ (10002b20 <best_effort_wfe_or_timeout+0x108>)
10002ac4:	0032      	movs	r2, r6
10002ac6:	9300      	str	r3, [sp, #0]
10002ac8:	4650      	mov	r0, sl
10002aca:	003b      	movs	r3, r7
10002acc:	f7ff fe1c 	bl	10002708 <alarm_pool_add_alarm_at_force_in_context>
10002ad0:	1e01      	subs	r1, r0, #0
10002ad2:	dd0f      	ble.n	10002af4 <best_effort_wfe_or_timeout+0xdc>
10002ad4:	4b10      	ldr	r3, [pc, #64]	@ (10002b18 <best_effort_wfe_or_timeout+0x100>)
10002ad6:	6a5a      	ldr	r2, [r3, #36]	@ 0x24
10002ad8:	455a      	cmp	r2, fp
10002ada:	d31b      	bcc.n	10002b14 <best_effort_wfe_or_timeout+0xfc>
10002adc:	6a9b      	ldr	r3, [r3, #40]	@ 0x28
10002ade:	42b3      	cmp	r3, r6
10002ae0:	d316      	bcc.n	10002b10 <best_effort_wfe_or_timeout+0xf8>
10002ae2:	4650      	mov	r0, sl
10002ae4:	f7ff fe68 	bl	100027b8 <alarm_pool_cancel_alarm>
10002ae8:	4a0b      	ldr	r2, [pc, #44]	@ (10002b18 <best_effort_wfe_or_timeout+0x100>)
10002aea:	2000      	movs	r0, #0
10002aec:	6a53      	ldr	r3, [r2, #36]	@ 0x24
10002aee:	455b      	cmp	r3, fp
10002af0:	d3ad      	bcc.n	10002a4e <best_effort_wfe_or_timeout+0x36>
10002af2:	e7d2      	b.n	10002a9a <best_effort_wfe_or_timeout+0x82>
10002af4:	4a08      	ldr	r2, [pc, #32]	@ (10002b18 <best_effort_wfe_or_timeout+0x100>)
10002af6:	2000      	movs	r0, #0
10002af8:	6a53      	ldr	r3, [r2, #36]	@ 0x24
10002afa:	455b      	cmp	r3, fp
10002afc:	d3a7      	bcc.n	10002a4e <best_effort_wfe_or_timeout+0x36>
10002afe:	2000      	movs	r0, #0
10002b00:	6a92      	ldr	r2, [r2, #40]	@ 0x28
10002b02:	1bdb      	subs	r3, r3, r7
10002b04:	42b2      	cmp	r2, r6
10002b06:	4140      	adcs	r0, r0
10002b08:	1e5a      	subs	r2, r3, #1
10002b0a:	4193      	sbcs	r3, r2
10002b0c:	4318      	orrs	r0, r3
10002b0e:	e79e      	b.n	10002a4e <best_effort_wfe_or_timeout+0x36>
10002b10:	455a      	cmp	r2, fp
10002b12:	d1e6      	bne.n	10002ae2 <best_effort_wfe_or_timeout+0xca>
10002b14:	bf20      	wfe
10002b16:	e7e4      	b.n	10002ae2 <best_effort_wfe_or_timeout+0xca>
10002b18:	40054000 	.word	0x40054000
10002b1c:	2000102c 	.word	0x2000102c
10002b20:	10002225 	.word	0x10002225

10002b24 <timer_hardware_alarm_claim>:
10002b24:	b510      	push	{r4, lr}
10002b26:	4a02      	ldr	r2, [pc, #8]	@ (10002b30 <timer_hardware_alarm_claim+0xc>)
10002b28:	4802      	ldr	r0, [pc, #8]	@ (10002b34 <timer_hardware_alarm_claim+0x10>)
10002b2a:	f7fe ffcb 	bl	10001ac4 <hw_claim_or_assert>
10002b2e:	bd10      	pop	{r4, pc}
10002b30:	10009264 	.word	0x10009264
10002b34:	20001b3c 	.word	0x20001b3c

10002b38 <timer_time_us_64>:
10002b38:	0003      	movs	r3, r0
10002b3a:	6a41      	ldr	r1, [r0, #36]	@ 0x24
10002b3c:	000a      	movs	r2, r1
10002b3e:	6a98      	ldr	r0, [r3, #40]	@ 0x28
10002b40:	6a59      	ldr	r1, [r3, #36]	@ 0x24
10002b42:	428a      	cmp	r2, r1
10002b44:	d1fa      	bne.n	10002b3c <timer_time_us_64+0x4>
10002b46:	4770      	bx	lr

10002b48 <time_us_64>:
10002b48:	4b03      	ldr	r3, [pc, #12]	@ (10002b58 <time_us_64+0x10>)
10002b4a:	6a59      	ldr	r1, [r3, #36]	@ 0x24
10002b4c:	000a      	movs	r2, r1
10002b4e:	6a98      	ldr	r0, [r3, #40]	@ 0x28
10002b50:	6a59      	ldr	r1, [r3, #36]	@ 0x24
10002b52:	4291      	cmp	r1, r2
10002b54:	d1fa      	bne.n	10002b4c <time_us_64+0x4>
10002b56:	4770      	bx	lr
10002b58:	40054000 	.word	0x40054000

10002b5c <busy_wait_until>:
10002b5c:	4a06      	ldr	r2, [pc, #24]	@ (10002b78 <busy_wait_until+0x1c>)
10002b5e:	6a53      	ldr	r3, [r2, #36]	@ 0x24
10002b60:	4299      	cmp	r1, r3
10002b62:	d8fc      	bhi.n	10002b5e <busy_wait_until+0x2>
10002b64:	d107      	bne.n	10002b76 <busy_wait_until+0x1a>
10002b66:	4b04      	ldr	r3, [pc, #16]	@ (10002b78 <busy_wait_until+0x1c>)
10002b68:	e002      	b.n	10002b70 <busy_wait_until+0x14>
10002b6a:	6a5a      	ldr	r2, [r3, #36]	@ 0x24
10002b6c:	4291      	cmp	r1, r2
10002b6e:	d102      	bne.n	10002b76 <busy_wait_until+0x1a>
10002b70:	6a9a      	ldr	r2, [r3, #40]	@ 0x28
10002b72:	4290      	cmp	r0, r2
10002b74:	d8f9      	bhi.n	10002b6a <busy_wait_until+0xe>
10002b76:	4770      	bx	lr
10002b78:	40054000 	.word	0x40054000

10002b7c <clock_configure_int_divider>:
10002b7c:	b5f8      	push	{r3, r4, r5, r6, r7, lr}
10002b7e:	46de      	mov	lr, fp
10002b80:	464e      	mov	r6, r9
10002b82:	4657      	mov	r7, sl
10002b84:	4645      	mov	r5, r8
10002b86:	b5e0      	push	{r5, r6, r7, lr}
10002b88:	468b      	mov	fp, r1
10002b8a:	0005      	movs	r5, r0
10002b8c:	990a      	ldr	r1, [sp, #40]	@ 0x28
10002b8e:	0018      	movs	r0, r3
10002b90:	0016      	movs	r6, r2
10002b92:	f000 fb3b 	bl	1000320c <__wrap___aeabi_uidiv>
10002b96:	9b0a      	ldr	r3, [sp, #40]	@ 0x28
10002b98:	006c      	lsls	r4, r5, #1
10002b9a:	021f      	lsls	r7, r3, #8
10002b9c:	4b32      	ldr	r3, [pc, #200]	@ (10002c68 <clock_configure_int_divider+0xec>)
10002b9e:	1964      	adds	r4, r4, r5
10002ba0:	469c      	mov	ip, r3
10002ba2:	00a4      	lsls	r4, r4, #2
10002ba4:	4464      	add	r4, ip
10002ba6:	6863      	ldr	r3, [r4, #4]
10002ba8:	4681      	mov	r9, r0
10002baa:	429f      	cmp	r7, r3
10002bac:	d900      	bls.n	10002bb0 <clock_configure_int_divider+0x34>
10002bae:	6067      	str	r7, [r4, #4]
10002bb0:	1f2b      	subs	r3, r5, #4
10002bb2:	b2db      	uxtb	r3, r3
10002bb4:	4698      	mov	r8, r3
10002bb6:	2b01      	cmp	r3, #1
10002bb8:	d930      	bls.n	10002c1c <clock_configure_int_divider+0xa0>
10002bba:	23c0      	movs	r3, #192	@ 0xc0
10002bbc:	2280      	movs	r2, #128	@ 0x80
10002bbe:	019b      	lsls	r3, r3, #6
10002bc0:	18e3      	adds	r3, r4, r3
10002bc2:	0112      	lsls	r2, r2, #4
10002bc4:	601a      	str	r2, [r3, #0]
10002bc6:	4b29      	ldr	r3, [pc, #164]	@ (10002c6c <clock_configure_int_divider+0xf0>)
10002bc8:	00ad      	lsls	r5, r5, #2
10002bca:	5959      	ldr	r1, [r3, r5]
10002bcc:	469a      	mov	sl, r3
10002bce:	2900      	cmp	r1, #0
10002bd0:	d11b      	bne.n	10002c0a <clock_configure_int_divider+0x8e>
10002bd2:	0173      	lsls	r3, r6, #5
10002bd4:	26e0      	movs	r6, #224	@ 0xe0
10002bd6:	6822      	ldr	r2, [r4, #0]
10002bd8:	4053      	eors	r3, r2
10002bda:	401e      	ands	r6, r3
10002bdc:	2380      	movs	r3, #128	@ 0x80
10002bde:	4642      	mov	r2, r8
10002be0:	015b      	lsls	r3, r3, #5
10002be2:	18e3      	adds	r3, r4, r3
10002be4:	601e      	str	r6, [r3, #0]
10002be6:	2a01      	cmp	r2, #1
10002be8:	d930      	bls.n	10002c4c <clock_configure_int_divider+0xd0>
10002bea:	2380      	movs	r3, #128	@ 0x80
10002bec:	2280      	movs	r2, #128	@ 0x80
10002bee:	019b      	lsls	r3, r3, #6
10002bf0:	18e3      	adds	r3, r4, r3
10002bf2:	0112      	lsls	r2, r2, #4
10002bf4:	601a      	str	r2, [r3, #0]
10002bf6:	4653      	mov	r3, sl
10002bf8:	464a      	mov	r2, r9
10002bfa:	6067      	str	r7, [r4, #4]
10002bfc:	515a      	str	r2, [r3, r5]
10002bfe:	bcf0      	pop	{r4, r5, r6, r7}
10002c00:	46bb      	mov	fp, r7
10002c02:	46b2      	mov	sl, r6
10002c04:	46a9      	mov	r9, r5
10002c06:	46a0      	mov	r8, r4
10002c08:	bdf8      	pop	{r3, r4, r5, r6, r7, pc}
10002c0a:	6958      	ldr	r0, [r3, #20]
10002c0c:	f000 fafe 	bl	1000320c <__wrap___aeabi_uidiv>
10002c10:	3001      	adds	r0, #1
10002c12:	0043      	lsls	r3, r0, #1
10002c14:	181b      	adds	r3, r3, r0
10002c16:	3b03      	subs	r3, #3
10002c18:	d2fd      	bcs.n	10002c16 <clock_configure_int_divider+0x9a>
10002c1a:	e7da      	b.n	10002bd2 <clock_configure_int_divider+0x56>
10002c1c:	465b      	mov	r3, fp
10002c1e:	2b01      	cmp	r3, #1
10002c20:	d1cb      	bne.n	10002bba <clock_configure_int_divider+0x3e>
10002c22:	23c0      	movs	r3, #192	@ 0xc0
10002c24:	2203      	movs	r2, #3
10002c26:	019b      	lsls	r3, r3, #6
10002c28:	18e3      	adds	r3, r4, r3
10002c2a:	601a      	str	r2, [r3, #0]
10002c2c:	3a02      	subs	r2, #2
10002c2e:	68a3      	ldr	r3, [r4, #8]
10002c30:	421a      	tst	r2, r3
10002c32:	d0fc      	beq.n	10002c2e <clock_configure_int_divider+0xb2>
10002c34:	0173      	lsls	r3, r6, #5
10002c36:	26e0      	movs	r6, #224	@ 0xe0
10002c38:	6822      	ldr	r2, [r4, #0]
10002c3a:	00ad      	lsls	r5, r5, #2
10002c3c:	4053      	eors	r3, r2
10002c3e:	401e      	ands	r6, r3
10002c40:	2380      	movs	r3, #128	@ 0x80
10002c42:	4a0a      	ldr	r2, [pc, #40]	@ (10002c6c <clock_configure_int_divider+0xf0>)
10002c44:	015b      	lsls	r3, r3, #5
10002c46:	4692      	mov	sl, r2
10002c48:	18e3      	adds	r3, r4, r3
10002c4a:	601e      	str	r6, [r3, #0]
10002c4c:	465a      	mov	r2, fp
10002c4e:	6821      	ldr	r1, [r4, #0]
10002c50:	4051      	eors	r1, r2
10002c52:	2203      	movs	r2, #3
10002c54:	400a      	ands	r2, r1
10002c56:	601a      	str	r2, [r3, #0]
10002c58:	2201      	movs	r2, #1
10002c5a:	465b      	mov	r3, fp
10002c5c:	409a      	lsls	r2, r3
10002c5e:	68a3      	ldr	r3, [r4, #8]
10002c60:	421a      	tst	r2, r3
10002c62:	d0fc      	beq.n	10002c5e <clock_configure_int_divider+0xe2>
10002c64:	e7c1      	b.n	10002bea <clock_configure_int_divider+0x6e>
10002c66:	46c0      	nop			@ (mov r8, r8)
10002c68:	40008000 	.word	0x40008000
10002c6c:	20001b44 	.word	0x20001b44

10002c70 <clock_configure_undivided>:
10002c70:	b5f0      	push	{r4, r5, r6, r7, lr}
10002c72:	4646      	mov	r6, r8
10002c74:	464f      	mov	r7, r9
10002c76:	46d6      	mov	lr, sl
10002c78:	b5c0      	push	{r6, r7, lr}
10002c7a:	001f      	movs	r7, r3
10002c7c:	4b34      	ldr	r3, [pc, #208]	@ (10002d50 <clock_configure_undivided+0xe0>)
10002c7e:	0044      	lsls	r4, r0, #1
10002c80:	469c      	mov	ip, r3
10002c82:	1824      	adds	r4, r4, r0
10002c84:	00a4      	lsls	r4, r4, #2
10002c86:	4464      	add	r4, ip
10002c88:	6863      	ldr	r3, [r4, #4]
10002c8a:	4688      	mov	r8, r1
10002c8c:	0016      	movs	r6, r2
10002c8e:	2bff      	cmp	r3, #255	@ 0xff
10002c90:	d802      	bhi.n	10002c98 <clock_configure_undivided+0x28>
10002c92:	2380      	movs	r3, #128	@ 0x80
10002c94:	005b      	lsls	r3, r3, #1
10002c96:	6063      	str	r3, [r4, #4]
10002c98:	1f03      	subs	r3, r0, #4
10002c9a:	b2db      	uxtb	r3, r3
10002c9c:	469a      	mov	sl, r3
10002c9e:	2b01      	cmp	r3, #1
10002ca0:	d930      	bls.n	10002d04 <clock_configure_undivided+0x94>
10002ca2:	23c0      	movs	r3, #192	@ 0xc0
10002ca4:	2280      	movs	r2, #128	@ 0x80
10002ca6:	019b      	lsls	r3, r3, #6
10002ca8:	18e3      	adds	r3, r4, r3
10002caa:	0112      	lsls	r2, r2, #4
10002cac:	601a      	str	r2, [r3, #0]
10002cae:	4b29      	ldr	r3, [pc, #164]	@ (10002d54 <clock_configure_undivided+0xe4>)
10002cb0:	0085      	lsls	r5, r0, #2
10002cb2:	5959      	ldr	r1, [r3, r5]
10002cb4:	4699      	mov	r9, r3
10002cb6:	2900      	cmp	r1, #0
10002cb8:	d11b      	bne.n	10002cf2 <clock_configure_undivided+0x82>
10002cba:	0173      	lsls	r3, r6, #5
10002cbc:	26e0      	movs	r6, #224	@ 0xe0
10002cbe:	6822      	ldr	r2, [r4, #0]
10002cc0:	4053      	eors	r3, r2
10002cc2:	401e      	ands	r6, r3
10002cc4:	2380      	movs	r3, #128	@ 0x80
10002cc6:	4652      	mov	r2, sl
10002cc8:	015b      	lsls	r3, r3, #5
10002cca:	18e3      	adds	r3, r4, r3
10002ccc:	601e      	str	r6, [r3, #0]
10002cce:	2a01      	cmp	r2, #1
10002cd0:	d930      	bls.n	10002d34 <clock_configure_undivided+0xc4>
10002cd2:	2380      	movs	r3, #128	@ 0x80
10002cd4:	2280      	movs	r2, #128	@ 0x80
10002cd6:	019b      	lsls	r3, r3, #6
10002cd8:	18e3      	adds	r3, r4, r3
10002cda:	0112      	lsls	r2, r2, #4
10002cdc:	601a      	str	r2, [r3, #0]
10002cde:	2380      	movs	r3, #128	@ 0x80
10002ce0:	005b      	lsls	r3, r3, #1
10002ce2:	6063      	str	r3, [r4, #4]
10002ce4:	464b      	mov	r3, r9
10002ce6:	515f      	str	r7, [r3, r5]
10002ce8:	bce0      	pop	{r5, r6, r7}
10002cea:	46ba      	mov	sl, r7
10002cec:	46b1      	mov	r9, r6
10002cee:	46a8      	mov	r8, r5
10002cf0:	bdf0      	pop	{r4, r5, r6, r7, pc}
10002cf2:	6958      	ldr	r0, [r3, #20]
10002cf4:	f000 fa8a 	bl	1000320c <__wrap___aeabi_uidiv>
10002cf8:	3001      	adds	r0, #1
10002cfa:	0043      	lsls	r3, r0, #1
10002cfc:	181b      	adds	r3, r3, r0
10002cfe:	3b03      	subs	r3, #3
10002d00:	d2fd      	bcs.n	10002cfe <clock_configure_undivided+0x8e>
10002d02:	e7da      	b.n	10002cba <clock_configure_undivided+0x4a>
10002d04:	4643      	mov	r3, r8
10002d06:	2b01      	cmp	r3, #1
10002d08:	d1cb      	bne.n	10002ca2 <clock_configure_undivided+0x32>
10002d0a:	23c0      	movs	r3, #192	@ 0xc0
10002d0c:	2203      	movs	r2, #3
10002d0e:	019b      	lsls	r3, r3, #6
10002d10:	18e3      	adds	r3, r4, r3
10002d12:	601a      	str	r2, [r3, #0]
10002d14:	3a02      	subs	r2, #2
10002d16:	68a3      	ldr	r3, [r4, #8]
10002d18:	421a      	tst	r2, r3
10002d1a:	d0fc      	beq.n	10002d16 <clock_configure_undivided+0xa6>
10002d1c:	0173      	lsls	r3, r6, #5
10002d1e:	26e0      	movs	r6, #224	@ 0xe0
10002d20:	6822      	ldr	r2, [r4, #0]
10002d22:	0085      	lsls	r5, r0, #2
10002d24:	4053      	eors	r3, r2
10002d26:	401e      	ands	r6, r3
10002d28:	2380      	movs	r3, #128	@ 0x80
10002d2a:	4a0a      	ldr	r2, [pc, #40]	@ (10002d54 <clock_configure_undivided+0xe4>)
10002d2c:	015b      	lsls	r3, r3, #5
10002d2e:	4691      	mov	r9, r2
10002d30:	18e3      	adds	r3, r4, r3
10002d32:	601e      	str	r6, [r3, #0]
10002d34:	4642      	mov	r2, r8
10002d36:	6821      	ldr	r1, [r4, #0]
10002d38:	4051      	eors	r1, r2
10002d3a:	2203      	movs	r2, #3
10002d3c:	400a      	ands	r2, r1
10002d3e:	601a      	str	r2, [r3, #0]
10002d40:	2301      	movs	r3, #1
10002d42:	4642      	mov	r2, r8
10002d44:	4093      	lsls	r3, r2
10002d46:	68a2      	ldr	r2, [r4, #8]
10002d48:	4213      	tst	r3, r2
10002d4a:	d0fc      	beq.n	10002d46 <clock_configure_undivided+0xd6>
10002d4c:	e7c1      	b.n	10002cd2 <clock_configure_undivided+0x62>
10002d4e:	46c0      	nop			@ (mov r8, r8)
10002d50:	40008000 	.word	0x40008000
10002d54:	20001b44 	.word	0x20001b44

10002d58 <clock_get_hz>:
10002d58:	4b01      	ldr	r3, [pc, #4]	@ (10002d60 <clock_get_hz+0x8>)
10002d5a:	0080      	lsls	r0, r0, #2
10002d5c:	58c0      	ldr	r0, [r0, r3]
10002d5e:	4770      	bx	lr
10002d60:	20001b44 	.word	0x20001b44

10002d64 <pll_init>:
10002d64:	b5f8      	push	{r3, r4, r5, r6, r7, lr}
10002d66:	0004      	movs	r4, r0
10002d68:	4821      	ldr	r0, [pc, #132]	@ (10002df0 <pll_init+0x8c>)
10002d6a:	001e      	movs	r6, r3
10002d6c:	0017      	movs	r7, r2
10002d6e:	000d      	movs	r5, r1
10002d70:	f000 fa4c 	bl	1000320c <__wrap___aeabi_uidiv>
10002d74:	0001      	movs	r1, r0
10002d76:	0038      	movs	r0, r7
10002d78:	f000 fa48 	bl	1000320c <__wrap___aeabi_uidiv>
10002d7c:	9b06      	ldr	r3, [sp, #24]
10002d7e:	0436      	lsls	r6, r6, #16
10002d80:	031b      	lsls	r3, r3, #12
10002d82:	431e      	orrs	r6, r3
10002d84:	6823      	ldr	r3, [r4, #0]
10002d86:	2b00      	cmp	r3, #0
10002d88:	db20      	blt.n	10002dcc <pll_init+0x68>
10002d8a:	4b1a      	ldr	r3, [pc, #104]	@ (10002df4 <pll_init+0x90>)
10002d8c:	491a      	ldr	r1, [pc, #104]	@ (10002df8 <pll_init+0x94>)
10002d8e:	18e3      	adds	r3, r4, r3
10002d90:	1e5a      	subs	r2, r3, #1
10002d92:	4193      	sbcs	r3, r2
10002d94:	2280      	movs	r2, #128	@ 0x80
10002d96:	0192      	lsls	r2, r2, #6
10002d98:	4694      	mov	ip, r2
10002d9a:	425b      	negs	r3, r3
10002d9c:	0b1b      	lsrs	r3, r3, #12
10002d9e:	4a17      	ldr	r2, [pc, #92]	@ (10002dfc <pll_init+0x98>)
10002da0:	031b      	lsls	r3, r3, #12
10002da2:	4463      	add	r3, ip
10002da4:	6013      	str	r3, [r2, #0]
10002da6:	4a16      	ldr	r2, [pc, #88]	@ (10002e00 <pll_init+0x9c>)
10002da8:	6013      	str	r3, [r2, #0]
10002daa:	001f      	movs	r7, r3
10002dac:	680a      	ldr	r2, [r1, #0]
10002dae:	4397      	bics	r7, r2
10002db0:	d1fb      	bne.n	10002daa <pll_init+0x46>
10002db2:	4b14      	ldr	r3, [pc, #80]	@ (10002e04 <pll_init+0xa0>)
10002db4:	6025      	str	r5, [r4, #0]
10002db6:	18e2      	adds	r2, r4, r3
10002db8:	2321      	movs	r3, #33	@ 0x21
10002dba:	60a0      	str	r0, [r4, #8]
10002dbc:	6013      	str	r3, [r2, #0]
10002dbe:	6823      	ldr	r3, [r4, #0]
10002dc0:	2b00      	cmp	r3, #0
10002dc2:	dafc      	bge.n	10002dbe <pll_init+0x5a>
10002dc4:	2308      	movs	r3, #8
10002dc6:	60e6      	str	r6, [r4, #12]
10002dc8:	6013      	str	r3, [r2, #0]
10002dca:	bdf8      	pop	{r3, r4, r5, r6, r7, pc}
10002dcc:	233f      	movs	r3, #63	@ 0x3f
10002dce:	6822      	ldr	r2, [r4, #0]
10002dd0:	4013      	ands	r3, r2
10002dd2:	42ab      	cmp	r3, r5
10002dd4:	d1d9      	bne.n	10002d8a <pll_init+0x26>
10002dd6:	68a3      	ldr	r3, [r4, #8]
10002dd8:	051b      	lsls	r3, r3, #20
10002dda:	0d1b      	lsrs	r3, r3, #20
10002ddc:	4283      	cmp	r3, r0
10002dde:	d1d4      	bne.n	10002d8a <pll_init+0x26>
10002de0:	22ee      	movs	r2, #238	@ 0xee
10002de2:	68e3      	ldr	r3, [r4, #12]
10002de4:	02d2      	lsls	r2, r2, #11
10002de6:	4013      	ands	r3, r2
10002de8:	42b3      	cmp	r3, r6
10002dea:	d1ce      	bne.n	10002d8a <pll_init+0x26>
10002dec:	e7ed      	b.n	10002dca <pll_init+0x66>
10002dee:	46c0      	nop			@ (mov r8, r8)
10002df0:	00b71b00 	.word	0x00b71b00
10002df4:	bffd4000 	.word	0xbffd4000
10002df8:	4000c008 	.word	0x4000c008
10002dfc:	4000e000 	.word	0x4000e000
10002e00:	4000f000 	.word	0x4000f000
10002e04:	00003004 	.word	0x00003004

10002e08 <watchdog_reboot>:
10002e08:	b510      	push	{r4, lr}
10002e0a:	2480      	movs	r4, #128	@ 0x80
10002e0c:	4b1c      	ldr	r3, [pc, #112]	@ (10002e80 <watchdog_reboot+0x78>)
10002e0e:	05e4      	lsls	r4, r4, #23
10002e10:	601c      	str	r4, [r3, #0]
10002e12:	2800      	cmp	r0, #0
10002e14:	d01a      	beq.n	10002e4c <watchdog_reboot+0x44>
10002e16:	2301      	movs	r3, #1
10002e18:	4c1a      	ldr	r4, [pc, #104]	@ (10002e84 <watchdog_reboot+0x7c>)
10002e1a:	4318      	orrs	r0, r3
10002e1c:	4b1a      	ldr	r3, [pc, #104]	@ (10002e88 <watchdog_reboot+0x80>)
10002e1e:	61dc      	str	r4, [r3, #28]
10002e20:	4c1a      	ldr	r4, [pc, #104]	@ (10002e8c <watchdog_reboot+0x84>)
10002e22:	4044      	eors	r4, r0
10002e24:	621c      	str	r4, [r3, #32]
10002e26:	6259      	str	r1, [r3, #36]	@ 0x24
10002e28:	6298      	str	r0, [r3, #40]	@ 0x28
10002e2a:	2180      	movs	r1, #128	@ 0x80
10002e2c:	4b14      	ldr	r3, [pc, #80]	@ (10002e80 <watchdog_reboot+0x78>)
10002e2e:	05c9      	lsls	r1, r1, #23
10002e30:	6019      	str	r1, [r3, #0]
10002e32:	4817      	ldr	r0, [pc, #92]	@ (10002e90 <watchdog_reboot+0x88>)
10002e34:	4917      	ldr	r1, [pc, #92]	@ (10002e94 <watchdog_reboot+0x8c>)
10002e36:	6008      	str	r0, [r1, #0]
10002e38:	21e0      	movs	r1, #224	@ 0xe0
10002e3a:	04c9      	lsls	r1, r1, #19
10002e3c:	6019      	str	r1, [r3, #0]
10002e3e:	2a00      	cmp	r2, #0
10002e40:	d107      	bne.n	10002e52 <watchdog_reboot+0x4a>
10002e42:	2280      	movs	r2, #128	@ 0x80
10002e44:	4b14      	ldr	r3, [pc, #80]	@ (10002e98 <watchdog_reboot+0x90>)
10002e46:	0612      	lsls	r2, r2, #24
10002e48:	601a      	str	r2, [r3, #0]
10002e4a:	bd10      	pop	{r4, pc}
10002e4c:	4b0e      	ldr	r3, [pc, #56]	@ (10002e88 <watchdog_reboot+0x80>)
10002e4e:	61d8      	str	r0, [r3, #28]
10002e50:	e7eb      	b.n	10002e2a <watchdog_reboot+0x22>
10002e52:	0153      	lsls	r3, r2, #5
10002e54:	1a9b      	subs	r3, r3, r2
10002e56:	009b      	lsls	r3, r3, #2
10002e58:	189a      	adds	r2, r3, r2
10002e5a:	2380      	movs	r3, #128	@ 0x80
10002e5c:	0112      	lsls	r2, r2, #4
10002e5e:	045b      	lsls	r3, r3, #17
10002e60:	429a      	cmp	r2, r3
10002e62:	d209      	bcs.n	10002e78 <watchdog_reboot+0x70>
10002e64:	0013      	movs	r3, r2
10002e66:	490d      	ldr	r1, [pc, #52]	@ (10002e9c <watchdog_reboot+0x94>)
10002e68:	600b      	str	r3, [r1, #0]
10002e6a:	4b07      	ldr	r3, [pc, #28]	@ (10002e88 <watchdog_reboot+0x80>)
10002e6c:	605a      	str	r2, [r3, #4]
10002e6e:	2280      	movs	r2, #128	@ 0x80
10002e70:	4b09      	ldr	r3, [pc, #36]	@ (10002e98 <watchdog_reboot+0x90>)
10002e72:	05d2      	lsls	r2, r2, #23
10002e74:	601a      	str	r2, [r3, #0]
10002e76:	e7e8      	b.n	10002e4a <watchdog_reboot+0x42>
10002e78:	4b09      	ldr	r3, [pc, #36]	@ (10002ea0 <watchdog_reboot+0x98>)
10002e7a:	001a      	movs	r2, r3
10002e7c:	e7f3      	b.n	10002e66 <watchdog_reboot+0x5e>
10002e7e:	46c0      	nop			@ (mov r8, r8)
10002e80:	4005b000 	.word	0x4005b000
10002e84:	b007c0d3 	.word	0xb007c0d3
10002e88:	40058000 	.word	0x40058000
10002e8c:	4ff83f2d 	.word	0x4ff83f2d
10002e90:	0001fffc 	.word	0x0001fffc
10002e94:	40012008 	.word	0x40012008
10002e98:	4005a000 	.word	0x4005a000
10002e9c:	20001fbc 	.word	0x20001fbc
10002ea0:	00ffffff 	.word	0x00ffffff

10002ea4 <tick_start>:
10002ea4:	2380      	movs	r3, #128	@ 0x80
10002ea6:	4a02      	ldr	r2, [pc, #8]	@ (10002eb0 <tick_start+0xc>)
10002ea8:	009b      	lsls	r3, r3, #2
10002eaa:	430b      	orrs	r3, r1
10002eac:	62d3      	str	r3, [r2, #44]	@ 0x2c
10002eae:	4770      	bx	lr
10002eb0:	40058000 	.word	0x40058000

10002eb4 <rom_func_lookup>:
10002eb4:	2300      	movs	r3, #0
10002eb6:	b510      	push	{r4, lr}
10002eb8:	0001      	movs	r1, r0
10002eba:	8a98      	ldrh	r0, [r3, #20]
10002ebc:	8b1b      	ldrh	r3, [r3, #24]
10002ebe:	4798      	blx	r3
10002ec0:	bd10      	pop	{r4, pc}
10002ec2:	46c0      	nop			@ (mov r8, r8)

10002ec4 <rom_data_lookup>:
10002ec4:	2316      	movs	r3, #22
10002ec6:	b510      	push	{r4, lr}
10002ec8:	0001      	movs	r1, r0
10002eca:	8818      	ldrh	r0, [r3, #0]
10002ecc:	3302      	adds	r3, #2
10002ece:	881b      	ldrh	r3, [r3, #0]
10002ed0:	4798      	blx	r3
10002ed2:	bd10      	pop	{r4, pc}

10002ed4 <rom_funcs_lookup>:
10002ed4:	b5f8      	push	{r3, r4, r5, r6, r7, lr}
10002ed6:	4647      	mov	r7, r8
10002ed8:	46ce      	mov	lr, r9
10002eda:	b580      	push	{r7, lr}
10002edc:	1e0f      	subs	r7, r1, #0
10002ede:	d018      	beq.n	10002f12 <rom_funcs_lookup+0x3e>
10002ee0:	2314      	movs	r3, #20
10002ee2:	4699      	mov	r9, r3
10002ee4:	3304      	adds	r3, #4
10002ee6:	0004      	movs	r4, r0
10002ee8:	2500      	movs	r5, #0
10002eea:	2601      	movs	r6, #1
10002eec:	4698      	mov	r8, r3
10002eee:	464b      	mov	r3, r9
10002ef0:	8818      	ldrh	r0, [r3, #0]
10002ef2:	4643      	mov	r3, r8
10002ef4:	6821      	ldr	r1, [r4, #0]
10002ef6:	881b      	ldrh	r3, [r3, #0]
10002ef8:	4798      	blx	r3
10002efa:	c401      	stmia	r4!, {r0}
10002efc:	1e43      	subs	r3, r0, #1
10002efe:	4198      	sbcs	r0, r3
10002f00:	3501      	adds	r5, #1
10002f02:	4006      	ands	r6, r0
10002f04:	42af      	cmp	r7, r5
10002f06:	d1f2      	bne.n	10002eee <rom_funcs_lookup+0x1a>
10002f08:	0030      	movs	r0, r6
10002f0a:	bcc0      	pop	{r6, r7}
10002f0c:	46b9      	mov	r9, r7
10002f0e:	46b0      	mov	r8, r6
10002f10:	bdf8      	pop	{r3, r4, r5, r6, r7, pc}
10002f12:	2601      	movs	r6, #1
10002f14:	e7f8      	b.n	10002f08 <rom_funcs_lookup+0x34>
10002f16:	46c0      	nop			@ (mov r8, r8)

10002f18 <rom_reset_usb_boot_extra>:
10002f18:	2300      	movs	r3, #0
10002f1a:	b570      	push	{r4, r5, r6, lr}
10002f1c:	0004      	movs	r4, r0
10002f1e:	000d      	movs	r5, r1
10002f20:	8a98      	ldrh	r0, [r3, #20]
10002f22:	4905      	ldr	r1, [pc, #20]	@ (10002f38 <rom_reset_usb_boot_extra+0x20>)
10002f24:	8b1b      	ldrh	r3, [r3, #24]
10002f26:	4798      	blx	r3
10002f28:	0003      	movs	r3, r0
10002f2a:	2000      	movs	r0, #0
10002f2c:	2c00      	cmp	r4, #0
10002f2e:	db01      	blt.n	10002f34 <rom_reset_usb_boot_extra+0x1c>
10002f30:	3001      	adds	r0, #1
10002f32:	40a0      	lsls	r0, r4
10002f34:	0029      	movs	r1, r5
10002f36:	4798      	blx	r3
10002f38:	00004255 	.word	0x00004255

10002f3c <xosc_init>:
10002f3c:	23aa      	movs	r3, #170	@ 0xaa
10002f3e:	4a06      	ldr	r2, [pc, #24]	@ (10002f58 <xosc_init+0x1c>)
10002f40:	011b      	lsls	r3, r3, #4
10002f42:	6013      	str	r3, [r2, #0]
10002f44:	238d      	movs	r3, #141	@ 0x8d
10002f46:	005b      	lsls	r3, r3, #1
10002f48:	60d3      	str	r3, [r2, #12]
10002f4a:	4904      	ldr	r1, [pc, #16]	@ (10002f5c <xosc_init+0x20>)
10002f4c:	4b04      	ldr	r3, [pc, #16]	@ (10002f60 <xosc_init+0x24>)
10002f4e:	6019      	str	r1, [r3, #0]
10002f50:	6853      	ldr	r3, [r2, #4]
10002f52:	2b00      	cmp	r3, #0
10002f54:	dafc      	bge.n	10002f50 <xosc_init+0x14>
10002f56:	4770      	bx	lr
10002f58:	40024000 	.word	0x40024000
10002f5c:	00fab000 	.word	0x00fab000
10002f60:	40026000 	.word	0x40026000

10002f64 <first_per_core_initializer>:
10002f64:	4770      	bx	lr
10002f66:	46c0      	nop			@ (mov r8, r8)

10002f68 <hard_assertion_failure>:
10002f68:	b510      	push	{r4, lr}
10002f6a:	4801      	ldr	r0, [pc, #4]	@ (10002f70 <hard_assertion_failure+0x8>)
10002f6c:	f7fe fd7c 	bl	10001a68 <panic>
10002f70:	10009288 	.word	0x10009288

10002f74 <runtime_run_initializers>:
10002f74:	b570      	push	{r4, r5, r6, lr}
10002f76:	4d07      	ldr	r5, [pc, #28]	@ (10002f94 <runtime_run_initializers+0x20>)
10002f78:	4e07      	ldr	r6, [pc, #28]	@ (10002f98 <runtime_run_initializers+0x24>)
10002f7a:	42b5      	cmp	r5, r6
10002f7c:	d209      	bcs.n	10002f92 <runtime_run_initializers+0x1e>
10002f7e:	2400      	movs	r4, #0
10002f80:	3e01      	subs	r6, #1
10002f82:	1b76      	subs	r6, r6, r5
10002f84:	08b6      	lsrs	r6, r6, #2
10002f86:	cd08      	ldmia	r5!, {r3}
10002f88:	4798      	blx	r3
10002f8a:	0023      	movs	r3, r4
10002f8c:	3401      	adds	r4, #1
10002f8e:	42b3      	cmp	r3, r6
10002f90:	d1f9      	bne.n	10002f86 <runtime_run_initializers+0x12>
10002f92:	bd70      	pop	{r4, r5, r6, pc}
10002f94:	10008c78 	.word	0x10008c78
10002f98:	10008cb4 	.word	0x10008cb4

10002f9c <runtime_init_early_resets>:
10002f9c:	4b05      	ldr	r3, [pc, #20]	@ (10002fb4 <runtime_init_early_resets+0x18>)
10002f9e:	4a06      	ldr	r2, [pc, #24]	@ (10002fb8 <runtime_init_early_resets+0x1c>)
10002fa0:	4906      	ldr	r1, [pc, #24]	@ (10002fbc <runtime_init_early_resets+0x20>)
10002fa2:	601a      	str	r2, [r3, #0]
10002fa4:	4a06      	ldr	r2, [pc, #24]	@ (10002fc0 <runtime_init_early_resets+0x24>)
10002fa6:	4b07      	ldr	r3, [pc, #28]	@ (10002fc4 <runtime_init_early_resets+0x28>)
10002fa8:	601a      	str	r2, [r3, #0]
10002faa:	0010      	movs	r0, r2
10002fac:	680b      	ldr	r3, [r1, #0]
10002fae:	4398      	bics	r0, r3
10002fb0:	d1fb      	bne.n	10002faa <runtime_init_early_resets+0xe>
10002fb2:	4770      	bx	lr
10002fb4:	4000e000 	.word	0x4000e000
10002fb8:	fefbcdbf 	.word	0xfefbcdbf
10002fbc:	4000c008 	.word	0x4000c008
10002fc0:	003c7ffe 	.word	0x003c7ffe
10002fc4:	4000f000 	.word	0x4000f000

10002fc8 <runtime_init_usb_power_down>:
10002fc8:	4b04      	ldr	r3, [pc, #16]	@ (10002fdc <runtime_init_usb_power_down+0x14>)
10002fca:	6cdb      	ldr	r3, [r3, #76]	@ 0x4c
10002fcc:	2b00      	cmp	r3, #0
10002fce:	d103      	bne.n	10002fd8 <runtime_init_usb_power_down+0x10>
10002fd0:	2280      	movs	r2, #128	@ 0x80
10002fd2:	4b03      	ldr	r3, [pc, #12]	@ (10002fe0 <runtime_init_usb_power_down+0x18>)
10002fd4:	02d2      	lsls	r2, r2, #11
10002fd6:	601a      	str	r2, [r3, #0]
10002fd8:	4770      	bx	lr
10002fda:	46c0      	nop			@ (mov r8, r8)
10002fdc:	50110000 	.word	0x50110000
10002fe0:	5011204c 	.word	0x5011204c

10002fe4 <runtime_init_post_clock_resets>:
10002fe4:	4a04      	ldr	r2, [pc, #16]	@ (10002ff8 <runtime_init_post_clock_resets+0x14>)
10002fe6:	4b05      	ldr	r3, [pc, #20]	@ (10002ffc <runtime_init_post_clock_resets+0x18>)
10002fe8:	601a      	str	r2, [r3, #0]
10002fea:	4a05      	ldr	r2, [pc, #20]	@ (10003000 <runtime_init_post_clock_resets+0x1c>)
10002fec:	6813      	ldr	r3, [r2, #0]
10002fee:	01db      	lsls	r3, r3, #7
10002ff0:	3380      	adds	r3, #128	@ 0x80
10002ff2:	d1fb      	bne.n	10002fec <runtime_init_post_clock_resets+0x8>
10002ff4:	4770      	bx	lr
10002ff6:	46c0      	nop			@ (mov r8, r8)
10002ff8:	01ffffff 	.word	0x01ffffff
10002ffc:	4000f000 	.word	0x4000f000
10003000:	4000c008 	.word	0x4000c008

10003004 <runtime_init_rp2040_gpio_ie_disable>:
10003004:	2240      	movs	r2, #64	@ 0x40
10003006:	4b03      	ldr	r3, [pc, #12]	@ (10003014 <runtime_init_rp2040_gpio_ie_disable+0x10>)
10003008:	679a      	str	r2, [r3, #120]	@ 0x78
1000300a:	675a      	str	r2, [r3, #116]	@ 0x74
1000300c:	671a      	str	r2, [r3, #112]	@ 0x70
1000300e:	66da      	str	r2, [r3, #108]	@ 0x6c
10003010:	4770      	bx	lr
10003012:	46c0      	nop			@ (mov r8, r8)
10003014:	4001f000 	.word	0x4001f000

10003018 <runtime_init_spin_locks_reset>:
10003018:	b510      	push	{r4, lr}
1000301a:	f7fe fdd7 	bl	10001bcc <spin_locks_reset>
1000301e:	bd10      	pop	{r4, pc}

10003020 <runtime_init_install_ram_vector_table>:
10003020:	b5f8      	push	{r3, r4, r5, r6, r7, lr}
10003022:	4927      	ldr	r1, [pc, #156]	@ (100030c0 <runtime_init_install_ram_vector_table+0xa0>)
10003024:	4c27      	ldr	r4, [pc, #156]	@ (100030c4 <runtime_init_install_ram_vector_table+0xa4>)
10003026:	4d28      	ldr	r5, [pc, #160]	@ (100030c8 <runtime_init_install_ram_vector_table+0xa8>)
10003028:	1a64      	subs	r4, r4, r1
1000302a:	10a6      	asrs	r6, r4, #2
1000302c:	0032      	movs	r2, r6
1000302e:	2e30      	cmp	r6, #48	@ 0x30
10003030:	d900      	bls.n	10003034 <runtime_init_install_ram_vector_table+0x14>
10003032:	2230      	movs	r2, #48	@ 0x30
10003034:	0028      	movs	r0, r5
10003036:	0092      	lsls	r2, r2, #2
10003038:	f001 f81c 	bl	10004074 <__wrap___aeabi_memcpy>
1000303c:	2cbc      	cmp	r4, #188	@ 0xbc
1000303e:	d83b      	bhi.n	100030b8 <runtime_init_install_ram_vector_table+0x98>
10003040:	2030      	movs	r0, #48	@ 0x30
10003042:	232f      	movs	r3, #47	@ 0x2f
10003044:	192c      	adds	r4, r5, r4
10003046:	0764      	lsls	r4, r4, #29
10003048:	4a20      	ldr	r2, [pc, #128]	@ (100030cc <runtime_init_install_ram_vector_table+0xac>)
1000304a:	1b80      	subs	r0, r0, r6
1000304c:	0fe4      	lsrs	r4, r4, #31
1000304e:	1b9b      	subs	r3, r3, r6
10003050:	2b05      	cmp	r3, #5
10003052:	d916      	bls.n	10003082 <runtime_init_install_ram_vector_table+0x62>
10003054:	0037      	movs	r7, r6
10003056:	2c00      	cmp	r4, #0
10003058:	d002      	beq.n	10003060 <runtime_init_install_ram_vector_table+0x40>
1000305a:	00b3      	lsls	r3, r6, #2
1000305c:	1c77      	adds	r7, r6, #1
1000305e:	50ea      	str	r2, [r5, r3]
10003060:	1b00      	subs	r0, r0, r4
10003062:	1933      	adds	r3, r6, r4
10003064:	009b      	lsls	r3, r3, #2
10003066:	0841      	lsrs	r1, r0, #1
10003068:	18eb      	adds	r3, r5, r3
1000306a:	00c9      	lsls	r1, r1, #3
1000306c:	18c9      	adds	r1, r1, r3
1000306e:	601a      	str	r2, [r3, #0]
10003070:	605a      	str	r2, [r3, #4]
10003072:	3308      	adds	r3, #8
10003074:	4299      	cmp	r1, r3
10003076:	d1fa      	bne.n	1000306e <runtime_init_install_ram_vector_table+0x4e>
10003078:	2301      	movs	r3, #1
1000307a:	4203      	tst	r3, r0
1000307c:	d01c      	beq.n	100030b8 <runtime_init_install_ram_vector_table+0x98>
1000307e:	4398      	bics	r0, r3
10003080:	19c6      	adds	r6, r0, r7
10003082:	00b3      	lsls	r3, r6, #2
10003084:	50ea      	str	r2, [r5, r3]
10003086:	1c73      	adds	r3, r6, #1
10003088:	2e2f      	cmp	r6, #47	@ 0x2f
1000308a:	d015      	beq.n	100030b8 <runtime_init_install_ram_vector_table+0x98>
1000308c:	009b      	lsls	r3, r3, #2
1000308e:	50ea      	str	r2, [r5, r3]
10003090:	1cb3      	adds	r3, r6, #2
10003092:	2e2e      	cmp	r6, #46	@ 0x2e
10003094:	d010      	beq.n	100030b8 <runtime_init_install_ram_vector_table+0x98>
10003096:	009b      	lsls	r3, r3, #2
10003098:	50ea      	str	r2, [r5, r3]
1000309a:	1cf3      	adds	r3, r6, #3
1000309c:	2e2d      	cmp	r6, #45	@ 0x2d
1000309e:	d00b      	beq.n	100030b8 <runtime_init_install_ram_vector_table+0x98>
100030a0:	009b      	lsls	r3, r3, #2
100030a2:	50ea      	str	r2, [r5, r3]
100030a4:	1d33      	adds	r3, r6, #4
100030a6:	2e2c      	cmp	r6, #44	@ 0x2c
100030a8:	d006      	beq.n	100030b8 <runtime_init_install_ram_vector_table+0x98>
100030aa:	009b      	lsls	r3, r3, #2
100030ac:	50ea      	str	r2, [r5, r3]
100030ae:	1d73      	adds	r3, r6, #5
100030b0:	2e2b      	cmp	r6, #43	@ 0x2b
100030b2:	d001      	beq.n	100030b8 <runtime_init_install_ram_vector_table+0x98>
100030b4:	009b      	lsls	r3, r3, #2
100030b6:	50ea      	str	r2, [r5, r3]
100030b8:	4b05      	ldr	r3, [pc, #20]	@ (100030d0 <runtime_init_install_ram_vector_table+0xb0>)
100030ba:	609d      	str	r5, [r3, #8]
100030bc:	bdf8      	pop	{r3, r4, r5, r6, r7, pc}
100030be:	46c0      	nop			@ (mov r8, r8)
100030c0:	10000100 	.word	0x10000100
100030c4:	100001c0 	.word	0x100001c0
100030c8:	20000000 	.word	0x20000000
100030cc:	100001c1 	.word	0x100001c1
100030d0:	e000ed00 	.word	0xe000ed00

100030d4 <runtime_init_clocks>:
100030d4:	2300      	movs	r3, #0
100030d6:	b510      	push	{r4, lr}
100030d8:	4c29      	ldr	r4, [pc, #164]	@ (10003180 <runtime_init_clocks+0xac>)
100030da:	b082      	sub	sp, #8
100030dc:	67a3      	str	r3, [r4, #120]	@ 0x78
100030de:	f7ff ff2d 	bl	10002f3c <xosc_init>
100030e2:	2201      	movs	r2, #1
100030e4:	4b27      	ldr	r3, [pc, #156]	@ (10003184 <runtime_init_clocks+0xb0>)
100030e6:	601a      	str	r2, [r3, #0]
100030e8:	6c63      	ldr	r3, [r4, #68]	@ 0x44
100030ea:	2b01      	cmp	r3, #1
100030ec:	d1fc      	bne.n	100030e8 <runtime_init_clocks+0x14>
100030ee:	2203      	movs	r2, #3
100030f0:	4b25      	ldr	r3, [pc, #148]	@ (10003188 <runtime_init_clocks+0xb4>)
100030f2:	601a      	str	r2, [r3, #0]
100030f4:	4a22      	ldr	r2, [pc, #136]	@ (10003180 <runtime_init_clocks+0xac>)
100030f6:	6b93      	ldr	r3, [r2, #56]	@ 0x38
100030f8:	2b01      	cmp	r3, #1
100030fa:	d1fc      	bne.n	100030f6 <runtime_init_clocks+0x22>
100030fc:	3301      	adds	r3, #1
100030fe:	9300      	str	r3, [sp, #0]
10003100:	2101      	movs	r1, #1
10003102:	4a22      	ldr	r2, [pc, #136]	@ (1000318c <runtime_init_clocks+0xb8>)
10003104:	4822      	ldr	r0, [pc, #136]	@ (10003190 <runtime_init_clocks+0xbc>)
10003106:	3304      	adds	r3, #4
10003108:	f7ff fe2c 	bl	10002d64 <pll_init>
1000310c:	2305      	movs	r3, #5
1000310e:	2101      	movs	r1, #1
10003110:	9300      	str	r3, [sp, #0]
10003112:	4a20      	ldr	r2, [pc, #128]	@ (10003194 <runtime_init_clocks+0xc0>)
10003114:	4820      	ldr	r0, [pc, #128]	@ (10003198 <runtime_init_clocks+0xc4>)
10003116:	f7ff fe25 	bl	10002d64 <pll_init>
1000311a:	2200      	movs	r2, #0
1000311c:	2102      	movs	r1, #2
1000311e:	2004      	movs	r0, #4
10003120:	4b1e      	ldr	r3, [pc, #120]	@ (1000319c <runtime_init_clocks+0xc8>)
10003122:	f7ff fda5 	bl	10002c70 <clock_configure_undivided>
10003126:	2200      	movs	r2, #0
10003128:	2101      	movs	r1, #1
1000312a:	2005      	movs	r0, #5
1000312c:	4b1c      	ldr	r3, [pc, #112]	@ (100031a0 <runtime_init_clocks+0xcc>)
1000312e:	f7ff fd9f 	bl	10002c70 <clock_configure_undivided>
10003132:	2200      	movs	r2, #0
10003134:	2100      	movs	r1, #0
10003136:	2007      	movs	r0, #7
10003138:	4b1a      	ldr	r3, [pc, #104]	@ (100031a4 <runtime_init_clocks+0xd0>)
1000313a:	f7ff fd99 	bl	10002c70 <clock_configure_undivided>
1000313e:	2200      	movs	r2, #0
10003140:	2100      	movs	r1, #0
10003142:	2008      	movs	r0, #8
10003144:	4b17      	ldr	r3, [pc, #92]	@ (100031a4 <runtime_init_clocks+0xd0>)
10003146:	f7ff fd93 	bl	10002c70 <clock_configure_undivided>
1000314a:	2380      	movs	r3, #128	@ 0x80
1000314c:	00db      	lsls	r3, r3, #3
1000314e:	9300      	str	r3, [sp, #0]
10003150:	2200      	movs	r2, #0
10003152:	2100      	movs	r1, #0
10003154:	2009      	movs	r0, #9
10003156:	4b13      	ldr	r3, [pc, #76]	@ (100031a4 <runtime_init_clocks+0xd0>)
10003158:	f7ff fd10 	bl	10002b7c <clock_configure_int_divider>
1000315c:	2200      	movs	r2, #0
1000315e:	4b10      	ldr	r3, [pc, #64]	@ (100031a0 <runtime_init_clocks+0xcc>)
10003160:	2100      	movs	r1, #0
10003162:	2006      	movs	r0, #6
10003164:	f7ff fd84 	bl	10002c70 <clock_configure_undivided>
10003168:	2004      	movs	r0, #4
1000316a:	f7ff fdf5 	bl	10002d58 <clock_get_hz>
1000316e:	490e      	ldr	r1, [pc, #56]	@ (100031a8 <runtime_init_clocks+0xd4>)
10003170:	f000 f84c 	bl	1000320c <__wrap___aeabi_uidiv>
10003174:	0001      	movs	r1, r0
10003176:	2000      	movs	r0, #0
10003178:	f7ff fe94 	bl	10002ea4 <tick_start>
1000317c:	b002      	add	sp, #8
1000317e:	bd10      	pop	{r4, pc}
10003180:	40008000 	.word	0x40008000
10003184:	4000b03c 	.word	0x4000b03c
10003188:	4000b030 	.word	0x4000b030
1000318c:	59682f00 	.word	0x59682f00
10003190:	40028000 	.word	0x40028000
10003194:	47868c00 	.word	0x47868c00
10003198:	4002c000 	.word	0x4002c000
1000319c:	00b71b00 	.word	0x00b71b00
100031a0:	07735940 	.word	0x07735940
100031a4:	02dc6c00 	.word	0x02dc6c00
100031a8:	000f4240 	.word	0x000f4240

100031ac <__aeabi_bits_init>:
100031ac:	4801      	ldr	r0, [pc, #4]	@ (100031b4 <__aeabi_bits_init+0x8>)
100031ae:	2104      	movs	r1, #4
100031b0:	4b01      	ldr	r3, [pc, #4]	@ (100031b8 <__aeabi_bits_init+0xc>)
100031b2:	4718      	bx	r3
100031b4:	20001050 	.word	0x20001050
100031b8:	10002ed5 	.word	0x10002ed5

100031bc <__wrap___aeabi_idiv>:
100031bc:	4a12      	ldr	r2, [pc, #72]	@ (10003208 <divmod_s32s32_savestate+0x18>)
100031be:	6f93      	ldr	r3, [r2, #120]	@ 0x78
100031c0:	089b      	lsrs	r3, r3, #2
100031c2:	d215      	bcs.n	100031f0 <divmod_s32s32_savestate>

100031c4 <divmod_s32s32_unsafe>:
100031c4:	6690      	str	r0, [r2, #104]	@ 0x68
100031c6:	66d1      	str	r1, [r2, #108]	@ 0x6c
100031c8:	2900      	cmp	r1, #0
100031ca:	d005      	beq.n	100031d8 <divmod_s32s32_unsafe+0x14>
100031cc:	e7ff      	b.n	100031ce <divmod_s32s32_unsafe+0xa>
100031ce:	e7ff      	b.n	100031d0 <divmod_s32s32_unsafe+0xc>
100031d0:	e7ff      	b.n	100031d2 <divmod_s32s32_unsafe+0xe>
100031d2:	6f51      	ldr	r1, [r2, #116]	@ 0x74
100031d4:	6f10      	ldr	r0, [r2, #112]	@ 0x70
100031d6:	4770      	bx	lr
100031d8:	b504      	push	{r2, lr}
100031da:	2180      	movs	r1, #128	@ 0x80
100031dc:	0609      	lsls	r1, r1, #24
100031de:	17c2      	asrs	r2, r0, #31
100031e0:	4051      	eors	r1, r2
100031e2:	2800      	cmp	r0, #0
100031e4:	d000      	beq.n	100031e8 <divmod_s32s32_unsafe+0x24>
100031e6:	43c8      	mvns	r0, r1
100031e8:	f005 fcfe 	bl	10008be8 <____aeabi_idiv0_veneer>
100031ec:	2100      	movs	r1, #0
100031ee:	bd04      	pop	{r2, pc}

100031f0 <divmod_s32s32_savestate>:
100031f0:	b5f0      	push	{r4, r5, r6, r7, lr}
100031f2:	6e14      	ldr	r4, [r2, #96]	@ 0x60
100031f4:	6e55      	ldr	r5, [r2, #100]	@ 0x64
100031f6:	6f57      	ldr	r7, [r2, #116]	@ 0x74
100031f8:	6f16      	ldr	r6, [r2, #112]	@ 0x70
100031fa:	f7ff ffe3 	bl	100031c4 <divmod_s32s32_unsafe>
100031fe:	6614      	str	r4, [r2, #96]	@ 0x60
10003200:	6655      	str	r5, [r2, #100]	@ 0x64
10003202:	6757      	str	r7, [r2, #116]	@ 0x74
10003204:	6716      	str	r6, [r2, #112]	@ 0x70
10003206:	bdf0      	pop	{r4, r5, r6, r7, pc}
10003208:	d0000000 	.word	0xd0000000

1000320c <__wrap___aeabi_uidiv>:
1000320c:	4a11      	ldr	r2, [pc, #68]	@ (10003254 <divmod_u32u32_savestate+0x18>)
1000320e:	6f93      	ldr	r3, [r2, #120]	@ 0x78
10003210:	089b      	lsrs	r3, r3, #2
10003212:	d213      	bcs.n	1000323c <divmod_u32u32_savestate>

10003214 <divmod_u32u32_unsafe>:
10003214:	6610      	str	r0, [r2, #96]	@ 0x60
10003216:	6651      	str	r1, [r2, #100]	@ 0x64
10003218:	2900      	cmp	r1, #0
1000321a:	d005      	beq.n	10003228 <divmod_u32u32_unsafe+0x14>
1000321c:	e7ff      	b.n	1000321e <divmod_u32u32_unsafe+0xa>
1000321e:	e7ff      	b.n	10003220 <divmod_u32u32_unsafe+0xc>
10003220:	e7ff      	b.n	10003222 <divmod_u32u32_unsafe+0xe>
10003222:	6f51      	ldr	r1, [r2, #116]	@ 0x74
10003224:	6f10      	ldr	r0, [r2, #112]	@ 0x70
10003226:	4770      	bx	lr
10003228:	b504      	push	{r2, lr}
1000322a:	2800      	cmp	r0, #0
1000322c:	d001      	beq.n	10003232 <divmod_u32u32_unsafe+0x1e>
1000322e:	2000      	movs	r0, #0
10003230:	43c0      	mvns	r0, r0
10003232:	f005 fcd9 	bl	10008be8 <____aeabi_idiv0_veneer>
10003236:	2100      	movs	r1, #0
10003238:	bd04      	pop	{r2, pc}
1000323a:	46c0      	nop			@ (mov r8, r8)

1000323c <divmod_u32u32_savestate>:
1000323c:	b5f0      	push	{r4, r5, r6, r7, lr}
1000323e:	6e14      	ldr	r4, [r2, #96]	@ 0x60
10003240:	6e55      	ldr	r5, [r2, #100]	@ 0x64
10003242:	6f57      	ldr	r7, [r2, #116]	@ 0x74
10003244:	6f16      	ldr	r6, [r2, #112]	@ 0x70
10003246:	f7ff ffe5 	bl	10003214 <divmod_u32u32_unsafe>
1000324a:	6614      	str	r4, [r2, #96]	@ 0x60
1000324c:	6655      	str	r5, [r2, #100]	@ 0x64
1000324e:	6757      	str	r7, [r2, #116]	@ 0x74
10003250:	6716      	str	r6, [r2, #112]	@ 0x70
10003252:	bdf0      	pop	{r4, r5, r6, r7, pc}
10003254:	d0000000 	.word	0xd0000000

10003258 <__wrap___aeabi_ldivmod>:
10003258:	4694      	mov	ip, r2
1000325a:	4a4a      	ldr	r2, [pc, #296]	@ (10003384 <udiv0+0x1a>)
1000325c:	6f92      	ldr	r2, [r2, #120]	@ 0x78
1000325e:	0892      	lsrs	r2, r2, #2
10003260:	4662      	mov	r2, ip
10003262:	d201      	bcs.n	10003268 <divmod_s64s64_savestate>
10003264:	e028      	b.n	100032b8 <divmod_s64s64_unsafe>
10003266:	46c0      	nop			@ (mov r8, r8)

10003268 <divmod_s64s64_savestate>:
10003268:	b5f0      	push	{r4, r5, r6, r7, lr}
1000326a:	4e46      	ldr	r6, [pc, #280]	@ (10003384 <udiv0+0x1a>)
1000326c:	6e34      	ldr	r4, [r6, #96]	@ 0x60
1000326e:	6e75      	ldr	r5, [r6, #100]	@ 0x64
10003270:	6f77      	ldr	r7, [r6, #116]	@ 0x74
10003272:	6f36      	ldr	r6, [r6, #112]	@ 0x70
10003274:	f000 f820 	bl	100032b8 <divmod_s64s64_unsafe>
10003278:	4694      	mov	ip, r2
1000327a:	4a42      	ldr	r2, [pc, #264]	@ (10003384 <udiv0+0x1a>)
1000327c:	6614      	str	r4, [r2, #96]	@ 0x60
1000327e:	6655      	str	r5, [r2, #100]	@ 0x64
10003280:	6757      	str	r7, [r2, #116]	@ 0x74
10003282:	6716      	str	r6, [r2, #112]	@ 0x70
10003284:	4662      	mov	r2, ip
10003286:	bdf0      	pop	{r4, r5, r6, r7, pc}

10003288 <__wrap___aeabi_uldivmod>:
10003288:	4694      	mov	ip, r2
1000328a:	4a3e      	ldr	r2, [pc, #248]	@ (10003384 <udiv0+0x1a>)
1000328c:	6f92      	ldr	r2, [r2, #120]	@ 0x78
1000328e:	0892      	lsrs	r2, r2, #2
10003290:	4662      	mov	r2, ip
10003292:	d201      	bcs.n	10003298 <divmod_u64u64_savestate>
10003294:	e054      	b.n	10003340 <divmod_u64u64_unsafe>
10003296:	46c0      	nop			@ (mov r8, r8)

10003298 <divmod_u64u64_savestate>:
10003298:	b5f0      	push	{r4, r5, r6, r7, lr}
1000329a:	4e3a      	ldr	r6, [pc, #232]	@ (10003384 <udiv0+0x1a>)
1000329c:	6e34      	ldr	r4, [r6, #96]	@ 0x60
1000329e:	6e75      	ldr	r5, [r6, #100]	@ 0x64
100032a0:	6f77      	ldr	r7, [r6, #116]	@ 0x74
100032a2:	6f36      	ldr	r6, [r6, #112]	@ 0x70
100032a4:	f000 f84c 	bl	10003340 <divmod_u64u64_unsafe>
100032a8:	4694      	mov	ip, r2
100032aa:	4a36      	ldr	r2, [pc, #216]	@ (10003384 <udiv0+0x1a>)
100032ac:	6614      	str	r4, [r2, #96]	@ 0x60
100032ae:	6655      	str	r5, [r2, #100]	@ 0x64
100032b0:	6757      	str	r7, [r2, #116]	@ 0x74
100032b2:	6716      	str	r6, [r2, #112]	@ 0x70
100032b4:	4662      	mov	r2, ip
100032b6:	bdf0      	pop	{r4, r5, r6, r7, pc}

100032b8 <divmod_s64s64_unsafe>:
100032b8:	2b00      	cmp	r3, #0
100032ba:	db24      	blt.n	10003306 <l42_1+0x26>
100032bc:	d011      	beq.n	100032e2 <l42_1+0x2>
100032be:	2900      	cmp	r1, #0
100032c0:	da3e      	bge.n	10003340 <divmod_u64u64_unsafe>
100032c2:	b500      	push	{lr}
100032c4:	43c9      	mvns	r1, r1
100032c6:	4240      	negs	r0, r0
100032c8:	d100      	bne.n	100032cc <l40_1>
100032ca:	3101      	adds	r1, #1

100032cc <l40_1>:
100032cc:	f000 f838 	bl	10003340 <divmod_u64u64_unsafe>
100032d0:	43c9      	mvns	r1, r1
100032d2:	4240      	negs	r0, r0
100032d4:	d100      	bne.n	100032d8 <l41_1>
100032d6:	3101      	adds	r1, #1

100032d8 <l41_1>:
100032d8:	43db      	mvns	r3, r3
100032da:	4252      	negs	r2, r2
100032dc:	d100      	bne.n	100032e0 <l42_1>
100032de:	3301      	adds	r3, #1

100032e0 <l42_1>:
100032e0:	bd00      	pop	{pc}
100032e2:	2a00      	cmp	r2, #0
100032e4:	d1eb      	bne.n	100032be <divmod_s64s64_unsafe+0x6>
100032e6:	2800      	cmp	r0, #0
100032e8:	d101      	bne.n	100032ee <l42_1+0xe>
100032ea:	2900      	cmp	r1, #0
100032ec:	d005      	beq.n	100032fa <l42_1+0x1a>
100032ee:	2000      	movs	r0, #0
100032f0:	0fc9      	lsrs	r1, r1, #31
100032f2:	07c9      	lsls	r1, r1, #31
100032f4:	d101      	bne.n	100032fa <l42_1+0x1a>
100032f6:	43c0      	mvns	r0, r0
100032f8:	0841      	lsrs	r1, r0, #1
100032fa:	b500      	push	{lr}
100032fc:	f005 fc6c 	bl	10008bd8 <____aeabi_ldiv0_veneer>
10003300:	2200      	movs	r2, #0
10003302:	2300      	movs	r3, #0
10003304:	bd00      	pop	{pc}
10003306:	b500      	push	{lr}
10003308:	2900      	cmp	r1, #0
1000330a:	db0a      	blt.n	10003322 <l44_1+0x2>
1000330c:	43db      	mvns	r3, r3
1000330e:	4252      	negs	r2, r2
10003310:	d100      	bne.n	10003314 <l43_1>
10003312:	3301      	adds	r3, #1

10003314 <l43_1>:
10003314:	f000 f814 	bl	10003340 <divmod_u64u64_unsafe>
10003318:	43c9      	mvns	r1, r1
1000331a:	4240      	negs	r0, r0
1000331c:	d100      	bne.n	10003320 <l44_1>
1000331e:	3101      	adds	r1, #1

10003320 <l44_1>:
10003320:	bd00      	pop	{pc}
10003322:	43c9      	mvns	r1, r1
10003324:	4240      	negs	r0, r0
10003326:	d100      	bne.n	1000332a <l45_1>
10003328:	3101      	adds	r1, #1

1000332a <l45_1>:
1000332a:	43db      	mvns	r3, r3
1000332c:	4252      	negs	r2, r2
1000332e:	d100      	bne.n	10003332 <l46_1>
10003330:	3301      	adds	r3, #1

10003332 <l46_1>:
10003332:	f000 f805 	bl	10003340 <divmod_u64u64_unsafe>
10003336:	43db      	mvns	r3, r3
10003338:	4252      	negs	r2, r2
1000333a:	d100      	bne.n	1000333e <l47_1>
1000333c:	3301      	adds	r3, #1

1000333e <l47_1>:
1000333e:	bd00      	pop	{pc}

10003340 <divmod_u64u64_unsafe>:
10003340:	2900      	cmp	r1, #0
10003342:	d123      	bne.n	1000338c <y64>
10003344:	2b00      	cmp	r3, #0
10003346:	d118      	bne.n	1000337a <udiv0+0x10>
10003348:	2a00      	cmp	r2, #0
1000334a:	d00c      	beq.n	10003366 <divmod_u64u64_unsafe+0x26>
1000334c:	46bc      	mov	ip, r7
1000334e:	4f0d      	ldr	r7, [pc, #52]	@ (10003384 <udiv0+0x1a>)
10003350:	6638      	str	r0, [r7, #96]	@ 0x60
10003352:	667a      	str	r2, [r7, #100]	@ 0x64
10003354:	2100      	movs	r1, #0
10003356:	2300      	movs	r3, #0
10003358:	e7ff      	b.n	1000335a <divmod_u64u64_unsafe+0x1a>
1000335a:	e7ff      	b.n	1000335c <divmod_u64u64_unsafe+0x1c>
1000335c:	e7ff      	b.n	1000335e <divmod_u64u64_unsafe+0x1e>
1000335e:	6f7a      	ldr	r2, [r7, #116]	@ 0x74
10003360:	6f38      	ldr	r0, [r7, #112]	@ 0x70
10003362:	4667      	mov	r7, ip
10003364:	4770      	bx	lr
10003366:	2800      	cmp	r0, #0
10003368:	d001      	beq.n	1000336e <udiv0+0x4>

1000336a <udiv0>:
1000336a:	4807      	ldr	r0, [pc, #28]	@ (10003388 <udiv0+0x1e>)
1000336c:	0001      	movs	r1, r0
1000336e:	b500      	push	{lr}
10003370:	f005 fc32 	bl	10008bd8 <____aeabi_ldiv0_veneer>
10003374:	2200      	movs	r2, #0
10003376:	2300      	movs	r3, #0
10003378:	bd00      	pop	{pc}
1000337a:	0002      	movs	r2, r0
1000337c:	000b      	movs	r3, r1
1000337e:	2000      	movs	r0, #0
10003380:	2100      	movs	r1, #0
10003382:	4770      	bx	lr
10003384:	d0000000 	.word	0xd0000000
10003388:	ffffffff 	.word	0xffffffff

1000338c <y64>:
1000338c:	2b00      	cmp	r3, #0
1000338e:	d000      	beq.n	10003392 <y64+0x6>
10003390:	e0bf      	b.n	10003512 <y64_x48>
10003392:	0c13      	lsrs	r3, r2, #16
10003394:	d128      	bne.n	100033e8 <y64_x32>
10003396:	2a00      	cmp	r2, #0
10003398:	d0e7      	beq.n	1000336a <udiv0>
1000339a:	b480      	push	{r7}
1000339c:	4f11      	ldr	r7, [pc, #68]	@ (100033e4 <y64+0x58>)
1000339e:	6639      	str	r1, [r7, #96]	@ 0x60
100033a0:	667a      	str	r2, [r7, #100]	@ 0x64
100033a2:	e7ff      	b.n	100033a4 <y64+0x18>
100033a4:	e7ff      	b.n	100033a6 <y64+0x1a>
100033a6:	b430      	push	{r4, r5}
100033a8:	0c04      	lsrs	r4, r0, #16
100033aa:	6f7b      	ldr	r3, [r7, #116]	@ 0x74
100033ac:	6f39      	ldr	r1, [r7, #112]	@ 0x70
100033ae:	041b      	lsls	r3, r3, #16
100033b0:	4323      	orrs	r3, r4
100033b2:	663b      	str	r3, [r7, #96]	@ 0x60
100033b4:	667a      	str	r2, [r7, #100]	@ 0x64
100033b6:	e7ff      	b.n	100033b8 <y64+0x2c>
100033b8:	e7ff      	b.n	100033ba <y64+0x2e>
100033ba:	e7ff      	b.n	100033bc <y64+0x30>
100033bc:	46c0      	nop			@ (mov r8, r8)
100033be:	b284      	uxth	r4, r0
100033c0:	6f7b      	ldr	r3, [r7, #116]	@ 0x74
100033c2:	6f3d      	ldr	r5, [r7, #112]	@ 0x70
100033c4:	041b      	lsls	r3, r3, #16
100033c6:	4323      	orrs	r3, r4
100033c8:	663b      	str	r3, [r7, #96]	@ 0x60
100033ca:	667a      	str	r2, [r7, #100]	@ 0x64
100033cc:	e7ff      	b.n	100033ce <y64+0x42>
100033ce:	e7ff      	b.n	100033d0 <y64+0x44>
100033d0:	46c0      	nop			@ (mov r8, r8)
100033d2:	2300      	movs	r3, #0
100033d4:	042c      	lsls	r4, r5, #16
100033d6:	0c2d      	lsrs	r5, r5, #16
100033d8:	6f7a      	ldr	r2, [r7, #116]	@ 0x74
100033da:	6f38      	ldr	r0, [r7, #112]	@ 0x70
100033dc:	1900      	adds	r0, r0, r4
100033de:	4169      	adcs	r1, r5
100033e0:	bcb0      	pop	{r4, r5, r7}
100033e2:	4770      	bx	lr
100033e4:	d0000000 	.word	0xd0000000

100033e8 <y64_x32>:
100033e8:	b5f0      	push	{r4, r5, r6, r7, lr}
100033ea:	4694      	mov	ip, r2
100033ec:	2500      	movs	r5, #0
100033ee:	0e14      	lsrs	r4, r2, #24
100033f0:	d101      	bne.n	100033f6 <y64_x32+0xe>
100033f2:	0212      	lsls	r2, r2, #8
100033f4:	3508      	adds	r5, #8
100033f6:	0f14      	lsrs	r4, r2, #28
100033f8:	d101      	bne.n	100033fe <y64_x32+0x16>
100033fa:	0112      	lsls	r2, r2, #4
100033fc:	3504      	adds	r5, #4
100033fe:	0f94      	lsrs	r4, r2, #30
10003400:	d101      	bne.n	10003406 <y64_x32+0x1e>
10003402:	0092      	lsls	r2, r2, #2
10003404:	3502      	adds	r5, #2
10003406:	0fd4      	lsrs	r4, r2, #31
10003408:	d101      	bne.n	1000340e <y64_x32+0x26>
1000340a:	0052      	lsls	r2, r2, #1
1000340c:	3501      	adds	r5, #1
1000340e:	0bd4      	lsrs	r4, r2, #15
10003410:	3401      	adds	r4, #1
10003412:	4f25      	ldr	r7, [pc, #148]	@ (100034a8 <y64_x32+0xc0>)
10003414:	667c      	str	r4, [r7, #100]	@ 0x64
10003416:	4c25      	ldr	r4, [pc, #148]	@ (100034ac <y64_x32+0xc4>)
10003418:	663c      	str	r4, [r7, #96]	@ 0x60
1000341a:	0c0e      	lsrs	r6, r1, #16
1000341c:	b293      	uxth	r3, r2
1000341e:	e7ff      	b.n	10003420 <y64_x32+0x38>
10003420:	e7ff      	b.n	10003422 <y64_x32+0x3a>
10003422:	e7ff      	b.n	10003424 <y64_x32+0x3c>
10003424:	6f3c      	ldr	r4, [r7, #112]	@ 0x70
10003426:	4366      	muls	r6, r4
10003428:	0c36      	lsrs	r6, r6, #16
1000342a:	0377      	lsls	r7, r6, #13
1000342c:	46be      	mov	lr, r7
1000342e:	4373      	muls	r3, r6
10003430:	0bdf      	lsrs	r7, r3, #15
10003432:	045b      	lsls	r3, r3, #17
10003434:	1ac0      	subs	r0, r0, r3
10003436:	41b9      	sbcs	r1, r7
10003438:	0c13      	lsrs	r3, r2, #16
1000343a:	4373      	muls	r3, r6
1000343c:	18db      	adds	r3, r3, r3
1000343e:	1ac9      	subs	r1, r1, r3
10003440:	08ce      	lsrs	r6, r1, #3
10003442:	4366      	muls	r6, r4
10003444:	0c36      	lsrs	r6, r6, #16
10003446:	44b6      	add	lr, r6
10003448:	b293      	uxth	r3, r2
1000344a:	4373      	muls	r3, r6
1000344c:	0f1f      	lsrs	r7, r3, #28
1000344e:	011b      	lsls	r3, r3, #4
10003450:	1ac0      	subs	r0, r0, r3
10003452:	41b9      	sbcs	r1, r7
10003454:	0c13      	lsrs	r3, r2, #16
10003456:	4373      	muls	r3, r6
10003458:	0b1f      	lsrs	r7, r3, #12
1000345a:	051b      	lsls	r3, r3, #20
1000345c:	1ac0      	subs	r0, r0, r3
1000345e:	41b9      	sbcs	r1, r7
10003460:	0d86      	lsrs	r6, r0, #22
10003462:	028f      	lsls	r7, r1, #10
10003464:	433e      	orrs	r6, r7
10003466:	4366      	muls	r6, r4
10003468:	0c36      	lsrs	r6, r6, #16
1000346a:	2d09      	cmp	r5, #9
1000346c:	db24      	blt.n	100034b8 <last0>
1000346e:	0a52      	lsrs	r2, r2, #9
10003470:	4372      	muls	r2, r6
10003472:	1a80      	subs	r0, r0, r2
10003474:	0377      	lsls	r7, r6, #13
10003476:	0a46      	lsrs	r6, r0, #9
10003478:	4366      	muls	r6, r4
1000347a:	0c36      	lsrs	r6, r6, #16
1000347c:	2316      	movs	r3, #22
1000347e:	1b5b      	subs	r3, r3, r5
10003480:	40de      	lsrs	r6, r3
10003482:	40df      	lsrs	r7, r3
10003484:	19bf      	adds	r7, r7, r6
10003486:	4664      	mov	r4, ip
10003488:	4366      	muls	r6, r4
1000348a:	1b82      	subs	r2, r0, r6
1000348c:	4670      	mov	r0, lr
1000348e:	3504      	adds	r5, #4
10003490:	3306      	adds	r3, #6
10003492:	0001      	movs	r1, r0
10003494:	40d9      	lsrs	r1, r3
10003496:	40a8      	lsls	r0, r5
10003498:	19c0      	adds	r0, r0, r7
1000349a:	d300      	bcc.n	1000349e <y64_x32+0xb6>
1000349c:	3101      	adds	r1, #1
1000349e:	42a2      	cmp	r2, r4
100034a0:	d206      	bcs.n	100034b0 <y64_x32+0xc8>
100034a2:	2300      	movs	r3, #0
100034a4:	bdf0      	pop	{r4, r5, r6, r7, pc}
100034a6:	0000      	.short	0x0000
100034a8:	d0000000 	.word	0xd0000000
100034ac:	ffffffff 	.word	0xffffffff
100034b0:	1b12      	subs	r2, r2, r4
100034b2:	3001      	adds	r0, #1
100034b4:	d3f3      	bcc.n	1000349e <y64_x32+0xb6>
100034b6:	e7f1      	b.n	1000349c <y64_x32+0xb4>

100034b8 <last0>:
100034b8:	2709      	movs	r7, #9
100034ba:	1b7f      	subs	r7, r7, r5
100034bc:	40fe      	lsrs	r6, r7
100034be:	4664      	mov	r4, ip
100034c0:	b2a2      	uxth	r2, r4
100034c2:	4372      	muls	r2, r6
100034c4:	1a80      	subs	r0, r0, r2
100034c6:	d200      	bcs.n	100034ca <last0+0x12>
100034c8:	3901      	subs	r1, #1
100034ca:	0c22      	lsrs	r2, r4, #16
100034cc:	4372      	muls	r2, r6
100034ce:	0c13      	lsrs	r3, r2, #16
100034d0:	0412      	lsls	r2, r2, #16
100034d2:	1a82      	subs	r2, r0, r2
100034d4:	4199      	sbcs	r1, r3
100034d6:	000b      	movs	r3, r1
100034d8:	4670      	mov	r0, lr
100034da:	3504      	adds	r5, #4
100034dc:	3713      	adds	r7, #19
100034de:	0001      	movs	r1, r0
100034e0:	40f9      	lsrs	r1, r7
100034e2:	40a8      	lsls	r0, r5
100034e4:	1980      	adds	r0, r0, r6
100034e6:	d300      	bcc.n	100034ea <last0+0x32>
100034e8:	3101      	adds	r1, #1
100034ea:	2b00      	cmp	r3, #0
100034ec:	d102      	bne.n	100034f4 <last0+0x3c>
100034ee:	42a2      	cmp	r2, r4
100034f0:	d20a      	bcs.n	10003508 <last0+0x50>
100034f2:	bdf0      	pop	{r4, r5, r6, r7, pc}
100034f4:	3001      	adds	r0, #1
100034f6:	d300      	bcc.n	100034fa <last0+0x42>
100034f8:	3101      	adds	r1, #1
100034fa:	1b12      	subs	r2, r2, r4
100034fc:	d2fa      	bcs.n	100034f4 <last0+0x3c>
100034fe:	3b01      	subs	r3, #1
10003500:	d1f8      	bne.n	100034f4 <last0+0x3c>
10003502:	42a2      	cmp	r2, r4
10003504:	d200      	bcs.n	10003508 <last0+0x50>
10003506:	bdf0      	pop	{r4, r5, r6, r7, pc}
10003508:	3001      	adds	r0, #1
1000350a:	d300      	bcc.n	1000350e <last0+0x56>
1000350c:	3101      	adds	r1, #1
1000350e:	1b12      	subs	r2, r2, r4
10003510:	e7f7      	b.n	10003502 <last0+0x4a>

10003512 <y64_x48>:
10003512:	b5f0      	push	{r4, r5, r6, r7, lr}
10003514:	0c1c      	lsrs	r4, r3, #16
10003516:	d000      	beq.n	1000351a <y64_x48+0x8>
10003518:	e080      	b.n	1000361c <y64_x64>
1000351a:	b40c      	push	{r2, r3}
1000351c:	2500      	movs	r5, #0
1000351e:	0a1c      	lsrs	r4, r3, #8
10003520:	d104      	bne.n	1000352c <y64_x48+0x1a>
10003522:	021b      	lsls	r3, r3, #8
10003524:	0e16      	lsrs	r6, r2, #24
10003526:	4333      	orrs	r3, r6
10003528:	0212      	lsls	r2, r2, #8
1000352a:	3508      	adds	r5, #8
1000352c:	0b1c      	lsrs	r4, r3, #12
1000352e:	d104      	bne.n	1000353a <y64_x48+0x28>
10003530:	011b      	lsls	r3, r3, #4
10003532:	0f16      	lsrs	r6, r2, #28
10003534:	4333      	orrs	r3, r6
10003536:	0112      	lsls	r2, r2, #4
10003538:	3504      	adds	r5, #4
1000353a:	0b9c      	lsrs	r4, r3, #14
1000353c:	d104      	bne.n	10003548 <y64_x48+0x36>
1000353e:	009b      	lsls	r3, r3, #2
10003540:	0f96      	lsrs	r6, r2, #30
10003542:	4333      	orrs	r3, r6
10003544:	0092      	lsls	r2, r2, #2
10003546:	3502      	adds	r5, #2
10003548:	0bdc      	lsrs	r4, r3, #15
1000354a:	d102      	bne.n	10003552 <y64_x48+0x40>
1000354c:	1892      	adds	r2, r2, r2
1000354e:	415b      	adcs	r3, r3
10003550:	3501      	adds	r5, #1
10003552:	001c      	movs	r4, r3
10003554:	1897      	adds	r7, r2, r2
10003556:	4164      	adcs	r4, r4
10003558:	3401      	adds	r4, #1
1000355a:	4f46      	ldr	r7, [pc, #280]	@ (10003674 <y64_x64+0x58>)
1000355c:	667c      	str	r4, [r7, #100]	@ 0x64
1000355e:	4c46      	ldr	r4, [pc, #280]	@ (10003678 <y64_x64+0x5c>)
10003560:	663c      	str	r4, [r7, #96]	@ 0x60
10003562:	0c0e      	lsrs	r6, r1, #16
10003564:	e7ff      	b.n	10003566 <y64_x48+0x54>
10003566:	e7ff      	b.n	10003568 <y64_x48+0x56>
10003568:	e7ff      	b.n	1000356a <y64_x48+0x58>
1000356a:	46c0      	nop			@ (mov r8, r8)
1000356c:	6f3c      	ldr	r4, [r7, #112]	@ 0x70
1000356e:	4366      	muls	r6, r4
10003570:	0c36      	lsrs	r6, r6, #16
10003572:	0377      	lsls	r7, r6, #13
10003574:	46be      	mov	lr, r7
10003576:	b297      	uxth	r7, r2
10003578:	4377      	muls	r7, r6
1000357a:	1bc0      	subs	r0, r0, r7
1000357c:	d200      	bcs.n	10003580 <y64_x48+0x6e>
1000357e:	3901      	subs	r1, #1
10003580:	1bc0      	subs	r0, r0, r7
10003582:	d200      	bcs.n	10003586 <y64_x48+0x74>
10003584:	3901      	subs	r1, #1
10003586:	b29f      	uxth	r7, r3
10003588:	4377      	muls	r7, r6
1000358a:	1bc9      	subs	r1, r1, r7
1000358c:	1bc9      	subs	r1, r1, r7
1000358e:	0c17      	lsrs	r7, r2, #16
10003590:	4377      	muls	r7, r6
10003592:	047e      	lsls	r6, r7, #17
10003594:	0bff      	lsrs	r7, r7, #15
10003596:	1b80      	subs	r0, r0, r6
10003598:	41b9      	sbcs	r1, r7
1000359a:	08ce      	lsrs	r6, r1, #3
1000359c:	4366      	muls	r6, r4
1000359e:	0c36      	lsrs	r6, r6, #16
100035a0:	2d0c      	cmp	r5, #12
100035a2:	db33      	blt.n	1000360c <last1>
100035a4:	44b6      	add	lr, r6
100035a6:	0b12      	lsrs	r2, r2, #12
100035a8:	051f      	lsls	r7, r3, #20
100035aa:	433a      	orrs	r2, r7
100035ac:	0b1b      	lsrs	r3, r3, #12
100035ae:	b297      	uxth	r7, r2
100035b0:	4377      	muls	r7, r6
100035b2:	1bc0      	subs	r0, r0, r7
100035b4:	d200      	bcs.n	100035b8 <y64_x48+0xa6>
100035b6:	3901      	subs	r1, #1
100035b8:	b29f      	uxth	r7, r3
100035ba:	4377      	muls	r7, r6
100035bc:	1bc9      	subs	r1, r1, r7
100035be:	0c17      	lsrs	r7, r2, #16
100035c0:	4377      	muls	r7, r6
100035c2:	043e      	lsls	r6, r7, #16
100035c4:	0c3f      	lsrs	r7, r7, #16
100035c6:	1b80      	subs	r0, r0, r6
100035c8:	41b9      	sbcs	r1, r7
100035ca:	0d86      	lsrs	r6, r0, #22
100035cc:	028f      	lsls	r7, r1, #10
100035ce:	433e      	orrs	r6, r7
100035d0:	4366      	muls	r6, r4
100035d2:	2729      	movs	r7, #41	@ 0x29
100035d4:	1b7f      	subs	r7, r7, r5
100035d6:	40fe      	lsrs	r6, r7
100035d8:	3d0c      	subs	r5, #12
100035da:	4677      	mov	r7, lr
100035dc:	40af      	lsls	r7, r5
100035de:	19bf      	adds	r7, r7, r6
100035e0:	bc30      	pop	{r4, r5}
100035e2:	b2a2      	uxth	r2, r4
100035e4:	b2ab      	uxth	r3, r5
100035e6:	4372      	muls	r2, r6
100035e8:	4373      	muls	r3, r6
100035ea:	1a80      	subs	r0, r0, r2
100035ec:	4199      	sbcs	r1, r3
100035ee:	0c22      	lsrs	r2, r4, #16
100035f0:	4372      	muls	r2, r6
100035f2:	0c13      	lsrs	r3, r2, #16
100035f4:	0412      	lsls	r2, r2, #16
100035f6:	1a80      	subs	r0, r0, r2
100035f8:	4199      	sbcs	r1, r3
100035fa:	0002      	movs	r2, r0
100035fc:	000b      	movs	r3, r1
100035fe:	3701      	adds	r7, #1
10003600:	1b00      	subs	r0, r0, r4
10003602:	41a9      	sbcs	r1, r5
10003604:	d2f9      	bcs.n	100035fa <y64_x48+0xe8>
10003606:	1e78      	subs	r0, r7, #1
10003608:	2100      	movs	r1, #0
1000360a:	bdf0      	pop	{r4, r5, r6, r7, pc}

1000360c <last1>:
1000360c:	270c      	movs	r7, #12
1000360e:	1b7f      	subs	r7, r7, r5
10003610:	40fe      	lsrs	r6, r7
10003612:	4677      	mov	r7, lr
10003614:	0b7f      	lsrs	r7, r7, #13
10003616:	40af      	lsls	r7, r5
10003618:	19ff      	adds	r7, r7, r7
1000361a:	e7e0      	b.n	100035de <y64_x48+0xcc>

1000361c <y64_x64>:
1000361c:	2400      	movs	r4, #0
1000361e:	1c5d      	adds	r5, r3, #1
10003620:	d007      	beq.n	10003632 <y64_x64+0x16>
10003622:	4f14      	ldr	r7, [pc, #80]	@ (10003674 <y64_x64+0x58>)
10003624:	667d      	str	r5, [r7, #100]	@ 0x64
10003626:	6639      	str	r1, [r7, #96]	@ 0x60
10003628:	e7ff      	b.n	1000362a <y64_x64+0xe>
1000362a:	e7ff      	b.n	1000362c <y64_x64+0x10>
1000362c:	e7ff      	b.n	1000362e <y64_x64+0x12>
1000362e:	e7ff      	b.n	10003630 <y64_x64+0x14>
10003630:	6f3c      	ldr	r4, [r7, #112]	@ 0x70
10003632:	b295      	uxth	r5, r2
10003634:	b29e      	uxth	r6, r3
10003636:	4365      	muls	r5, r4
10003638:	4366      	muls	r6, r4
1000363a:	1b40      	subs	r0, r0, r5
1000363c:	41b1      	sbcs	r1, r6
1000363e:	0c15      	lsrs	r5, r2, #16
10003640:	0c1e      	lsrs	r6, r3, #16
10003642:	4365      	muls	r5, r4
10003644:	4366      	muls	r6, r4
10003646:	0436      	lsls	r6, r6, #16
10003648:	0c2f      	lsrs	r7, r5, #16
1000364a:	433e      	orrs	r6, r7
1000364c:	042d      	lsls	r5, r5, #16
1000364e:	1b40      	subs	r0, r0, r5
10003650:	41b1      	sbcs	r1, r6
10003652:	4299      	cmp	r1, r3
10003654:	d204      	bcs.n	10003660 <y64_x64+0x44>
10003656:	0002      	movs	r2, r0
10003658:	000b      	movs	r3, r1
1000365a:	0020      	movs	r0, r4
1000365c:	2100      	movs	r1, #0
1000365e:	bdf0      	pop	{r4, r5, r6, r7, pc}
10003660:	d101      	bne.n	10003666 <y64_x64+0x4a>
10003662:	4290      	cmp	r0, r2
10003664:	d3f7      	bcc.n	10003656 <y64_x64+0x3a>
10003666:	1a80      	subs	r0, r0, r2
10003668:	4199      	sbcs	r1, r3
1000366a:	3401      	adds	r4, #1
1000366c:	4299      	cmp	r1, r3
1000366e:	d3f2      	bcc.n	10003656 <y64_x64+0x3a>
10003670:	e7f6      	b.n	10003660 <y64_x64+0x44>
10003672:	0000      	.short	0x0000
10003674:	d0000000 	.word	0xd0000000
10003678:	ffffffff 	.word	0xffffffff

1000367c <__wrap___aeabi_drsub>:
1000367c:	4048      	eors	r0, r1
1000367e:	4041      	eors	r1, r0
10003680:	4048      	eors	r0, r1

10003682 <__wrap___aeabi_dsub>:
10003682:	b418      	push	{r3, r4}
10003684:	4b1b      	ldr	r3, [pc, #108]	@ (100036f4 <__wrap___aeabi_dmul+0x12>)
10003686:	685b      	ldr	r3, [r3, #4]
10003688:	46fc      	mov	ip, pc
1000368a:	9301      	str	r3, [sp, #4]
1000368c:	bd08      	pop	{r3, pc}
1000368e:	df04      	.short	0xdf04
10003690:	10003927 	.word	0x10003927

10003694 <__wrap___aeabi_dadd>:
10003694:	b418      	push	{r3, r4}
10003696:	4b17      	ldr	r3, [pc, #92]	@ (100036f4 <__wrap___aeabi_dmul+0x12>)
10003698:	681b      	ldr	r3, [r3, #0]
1000369a:	46fc      	mov	ip, pc
1000369c:	9301      	str	r3, [sp, #4]
1000369e:	bd08      	pop	{r3, pc}
100036a0:	3931df00 	.word	0x3931df00
100036a4:	1000      	.short	0x1000

100036a6 <__wrap___aeabi_ddiv>:
100036a6:	4694      	mov	ip, r2
100036a8:	4a13      	ldr	r2, [pc, #76]	@ (100036f8 <__wrap___aeabi_dmul+0x16>)
100036aa:	6f92      	ldr	r2, [r2, #120]	@ 0x78
100036ac:	0892      	lsrs	r2, r2, #2
100036ae:	d209      	bcs.n	100036c4 <ddiv_save_state>
100036b0:	4662      	mov	r2, ip

100036b2 <ddiv_shim_call>:
100036b2:	b418      	push	{r3, r4}
100036b4:	4b0f      	ldr	r3, [pc, #60]	@ (100036f4 <__wrap___aeabi_dmul+0x12>)
100036b6:	68db      	ldr	r3, [r3, #12]
100036b8:	46fc      	mov	ip, pc
100036ba:	9301      	str	r3, [sp, #4]
100036bc:	bd08      	pop	{r3, pc}
100036be:	df0c      	.short	0xdf0c
100036c0:	10003be9 	.word	0x10003be9

100036c4 <ddiv_save_state>:
100036c4:	4a0c      	ldr	r2, [pc, #48]	@ (100036f8 <__wrap___aeabi_dmul+0x16>)
100036c6:	b5f0      	push	{r4, r5, r6, r7, lr}
100036c8:	6e14      	ldr	r4, [r2, #96]	@ 0x60
100036ca:	6e55      	ldr	r5, [r2, #100]	@ 0x64
100036cc:	6f57      	ldr	r7, [r2, #116]	@ 0x74
100036ce:	6f16      	ldr	r6, [r2, #112]	@ 0x70
100036d0:	4662      	mov	r2, ip
100036d2:	f7ff ffee 	bl	100036b2 <ddiv_shim_call>
100036d6:	4a08      	ldr	r2, [pc, #32]	@ (100036f8 <__wrap___aeabi_dmul+0x16>)
100036d8:	6614      	str	r4, [r2, #96]	@ 0x60
100036da:	6655      	str	r5, [r2, #100]	@ 0x64
100036dc:	6757      	str	r7, [r2, #116]	@ 0x74
100036de:	6716      	str	r6, [r2, #112]	@ 0x70
100036e0:	bdf0      	pop	{r4, r5, r6, r7, pc}

100036e2 <__wrap___aeabi_dmul>:
100036e2:	b418      	push	{r3, r4}
100036e4:	4b03      	ldr	r3, [pc, #12]	@ (100036f4 <__wrap___aeabi_dmul+0x12>)
100036e6:	689b      	ldr	r3, [r3, #8]
100036e8:	46fc      	mov	ip, pc
100036ea:	9301      	str	r3, [sp, #4]
100036ec:	bd08      	pop	{r3, pc}
100036ee:	df08      	.short	0xdf08
100036f0:	10003a8d 	.word	0x10003a8d
100036f4:	20001288 	.word	0x20001288
100036f8:	d0000000 	.word	0xd0000000

100036fc <__wrap___aeabi_cdrcmple>:
100036fc:	b5ff      	push	{r0, r1, r2, r3, r4, r5, r6, r7, lr}
100036fe:	4050      	eors	r0, r2
10003700:	4042      	eors	r2, r0
10003702:	4050      	eors	r0, r2
10003704:	4059      	eors	r1, r3
10003706:	404b      	eors	r3, r1
10003708:	4059      	eors	r1, r3
1000370a:	e000      	b.n	1000370e <__aeabi_dfcmple_guts>

1000370c <__wrap___aeabi_cdcmpeq>:
1000370c:	b5ff      	push	{r0, r1, r2, r3, r4, r5, r6, r7, lr}

1000370e <__aeabi_dfcmple_guts>:
1000370e:	4f15      	ldr	r7, [pc, #84]	@ (10003764 <__aeabi_dfcmple_guts+0x56>)
10003710:	004c      	lsls	r4, r1, #1
10003712:	0d64      	lsrs	r4, r4, #21
10003714:	d003      	beq.n	1000371e <__aeabi_dfcmple_guts+0x10>
10003716:	42bc      	cmp	r4, r7
10003718:	d104      	bne.n	10003724 <__aeabi_dfcmple_guts+0x16>
1000371a:	030c      	lsls	r4, r1, #12
1000371c:	d814      	bhi.n	10003748 <__aeabi_dfcmple_guts+0x3a>
1000371e:	2000      	movs	r0, #0
10003720:	0d09      	lsrs	r1, r1, #20
10003722:	0509      	lsls	r1, r1, #20
10003724:	005c      	lsls	r4, r3, #1
10003726:	0d64      	lsrs	r4, r4, #21
10003728:	d003      	beq.n	10003732 <__aeabi_dfcmple_guts+0x24>
1000372a:	42bc      	cmp	r4, r7
1000372c:	d104      	bne.n	10003738 <__aeabi_dfcmple_guts+0x2a>
1000372e:	031c      	lsls	r4, r3, #12
10003730:	d80a      	bhi.n	10003748 <__aeabi_dfcmple_guts+0x3a>
10003732:	2200      	movs	r2, #0
10003734:	0d1b      	lsrs	r3, r3, #20
10003736:	051b      	lsls	r3, r3, #20
10003738:	2601      	movs	r6, #1
1000373a:	404b      	eors	r3, r1
1000373c:	d409      	bmi.n	10003752 <__aeabi_dfcmple_guts+0x44>
1000373e:	404b      	eors	r3, r1
10003740:	d503      	bpl.n	1000374a <__aeabi_dfcmple_guts+0x3c>
10003742:	428b      	cmp	r3, r1
10003744:	d100      	bne.n	10003748 <__aeabi_dfcmple_guts+0x3a>
10003746:	4282      	cmp	r2, r0
10003748:	bdff      	pop	{r0, r1, r2, r3, r4, r5, r6, r7, pc}
1000374a:	4299      	cmp	r1, r3
1000374c:	d1fc      	bne.n	10003748 <__aeabi_dfcmple_guts+0x3a>
1000374e:	4290      	cmp	r0, r2
10003750:	bdff      	pop	{r0, r1, r2, r3, r4, r5, r6, r7, pc}
10003752:	430b      	orrs	r3, r1
10003754:	18db      	adds	r3, r3, r3
10003756:	4303      	orrs	r3, r0
10003758:	4313      	orrs	r3, r2
1000375a:	d0f5      	beq.n	10003748 <__aeabi_dfcmple_guts+0x3a>
1000375c:	43c9      	mvns	r1, r1
1000375e:	1849      	adds	r1, r1, r1
10003760:	bdff      	pop	{r0, r1, r2, r3, r4, r5, r6, r7, pc}
10003762:	0000      	.short	0x0000
10003764:	000007ff 	.word	0x000007ff

10003768 <__wrap___aeabi_dcmplt>:
10003768:	b500      	push	{lr}
1000376a:	f7ff ffcf 	bl	1000370c <__wrap___aeabi_cdcmpeq>
1000376e:	4180      	sbcs	r0, r0
10003770:	bd00      	pop	{pc}
10003772:	46c0      	nop			@ (mov r8, r8)

10003774 <__wrap___aeabi_dcmple>:
10003774:	b500      	push	{lr}
10003776:	f7ff ffc9 	bl	1000370c <__wrap___aeabi_cdcmpeq>
1000377a:	d901      	bls.n	10003780 <__wrap___aeabi_dcmple+0xc>
1000377c:	2000      	movs	r0, #0
1000377e:	bd00      	pop	{pc}
10003780:	2001      	movs	r0, #1
10003782:	bd00      	pop	{pc}

10003784 <__wrap___aeabi_dcmpge>:
10003784:	b500      	push	{lr}
10003786:	f7ff ffb9 	bl	100036fc <__wrap___aeabi_cdrcmple>
1000378a:	d901      	bls.n	10003790 <__wrap___aeabi_dcmpge+0xc>
1000378c:	2000      	movs	r0, #0
1000378e:	bd00      	pop	{pc}
10003790:	2001      	movs	r0, #1
10003792:	bd00      	pop	{pc}

10003794 <__wrap___aeabi_dcmpgt>:
10003794:	b500      	push	{lr}
10003796:	f7ff ffb1 	bl	100036fc <__wrap___aeabi_cdrcmple>
1000379a:	4180      	sbcs	r0, r0
1000379c:	bd00      	pop	{pc}

1000379e <__wrap___aeabi_dcmpun>:
1000379e:	2001      	movs	r0, #1
100037a0:	0540      	lsls	r0, r0, #21
100037a2:	004a      	lsls	r2, r1, #1
100037a4:	1812      	adds	r2, r2, r0
100037a6:	d804      	bhi.n	100037b2 <__wrap___aeabi_dcmpun+0x14>
100037a8:	005a      	lsls	r2, r3, #1
100037aa:	1812      	adds	r2, r2, r0
100037ac:	d801      	bhi.n	100037b2 <__wrap___aeabi_dcmpun+0x14>
100037ae:	2000      	movs	r0, #0
100037b0:	4770      	bx	lr
100037b2:	2001      	movs	r0, #1
100037b4:	4770      	bx	lr
	...

100037b8 <__wrap___aeabi_ui2d>:
100037b8:	2100      	movs	r1, #0
100037ba:	2800      	cmp	r0, #0
100037bc:	d105      	bne.n	100037ca <__wrap___aeabi_i2d+0xa>
100037be:	4770      	bx	lr

100037c0 <__wrap___aeabi_i2d>:
100037c0:	17c1      	asrs	r1, r0, #31
100037c2:	4048      	eors	r0, r1
100037c4:	1a40      	subs	r0, r0, r1
100037c6:	d0fa      	beq.n	100037be <__wrap___aeabi_ui2d+0x6>
100037c8:	07c9      	lsls	r1, r1, #31
100037ca:	b513      	push	{r0, r1, r4, lr}
100037cc:	4b06      	ldr	r3, [pc, #24]	@ (100037e8 <__wrap___aeabi_i2d+0x28>)
100037ce:	681b      	ldr	r3, [r3, #0]
100037d0:	4798      	blx	r3
100037d2:	bc0c      	pop	{r2, r3}
100037d4:	1c44      	adds	r4, r0, #1
100037d6:	40a2      	lsls	r2, r4
100037d8:	0510      	lsls	r0, r2, #20
100037da:	0b12      	lsrs	r2, r2, #12
100037dc:	4903      	ldr	r1, [pc, #12]	@ (100037ec <__wrap___aeabi_i2d+0x2c>)
100037de:	1b09      	subs	r1, r1, r4
100037e0:	0509      	lsls	r1, r1, #20
100037e2:	4319      	orrs	r1, r3
100037e4:	4311      	orrs	r1, r2
100037e6:	bd10      	pop	{r4, pc}
100037e8:	20002008 	.word	0x20002008
100037ec:	0000041f 	.word	0x0000041f

100037f0 <__wrap___aeabi_d2iz>:
100037f0:	b510      	push	{r4, lr}
100037f2:	004c      	lsls	r4, r1, #1
100037f4:	0d62      	lsrs	r2, r4, #21
100037f6:	2380      	movs	r3, #128	@ 0x80
100037f8:	18d2      	adds	r2, r2, r3
100037fa:	00db      	lsls	r3, r3, #3
100037fc:	1ad2      	subs	r2, r2, r3
100037fe:	055b      	lsls	r3, r3, #21
10003800:	2a7e      	cmp	r2, #126	@ 0x7e
10003802:	dd10      	ble.n	10003826 <__wrap___aeabi_d2iz+0x36>
10003804:	3a9e      	subs	r2, #158	@ 0x9e
10003806:	da13      	bge.n	10003830 <__wrap___aeabi_d2iz+0x40>
10003808:	17cc      	asrs	r4, r1, #31
1000380a:	0309      	lsls	r1, r1, #12
1000380c:	0849      	lsrs	r1, r1, #1
1000380e:	4319      	orrs	r1, r3
10003810:	4252      	negs	r2, r2
10003812:	40d1      	lsrs	r1, r2
10003814:	0064      	lsls	r4, r4, #1
10003816:	3401      	adds	r4, #1
10003818:	3215      	adds	r2, #21
1000381a:	2a20      	cmp	r2, #32
1000381c:	da05      	bge.n	1000382a <__wrap___aeabi_d2iz+0x3a>
1000381e:	40d0      	lsrs	r0, r2
10003820:	4308      	orrs	r0, r1
10003822:	4360      	muls	r0, r4
10003824:	bd10      	pop	{r4, pc}
10003826:	2000      	movs	r0, #0
10003828:	bd10      	pop	{r4, pc}
1000382a:	4608      	mov	r0, r1
1000382c:	4360      	muls	r0, r4
1000382e:	bd10      	pop	{r4, pc}
10003830:	0fc8      	lsrs	r0, r1, #31
10003832:	18c0      	adds	r0, r0, r3
10003834:	3801      	subs	r0, #1
10003836:	bd10      	pop	{r4, pc}

10003838 <__wrap___aeabi_d2uiz>:
10003838:	b418      	push	{r3, r4}
1000383a:	4b04      	ldr	r3, [pc, #16]	@ (1000384c <__wrap___aeabi_d2uiz+0x14>)
1000383c:	6a5b      	ldr	r3, [r3, #36]	@ 0x24
1000383e:	46fc      	mov	ip, pc
10003840:	9301      	str	r3, [sp, #4]
10003842:	bd08      	pop	{r3, pc}
10003844:	3d99df24 	.word	0x3d99df24
10003848:	00001000 	.word	0x00001000
1000384c:	20001288 	.word	0x20001288

10003850 <__aeabi_double_init>:
10003850:	2313      	movs	r3, #19
10003852:	b570      	push	{r4, r5, r6, lr}
10003854:	781d      	ldrb	r5, [r3, #0]
10003856:	2d01      	cmp	r5, #1
10003858:	d019      	beq.n	1000388e <__aeabi_double_init+0x3e>
1000385a:	dd14      	ble.n	10003886 <__aeabi_double_init+0x36>
1000385c:	481f      	ldr	r0, [pc, #124]	@ (100038dc <__aeabi_double_init+0x8c>)
1000385e:	f7ff fb31 	bl	10002ec4 <rom_data_lookup>
10003862:	0006      	movs	r6, r0
10003864:	481e      	ldr	r0, [pc, #120]	@ (100038e0 <__aeabi_double_init+0x90>)
10003866:	f7ff fb2d 	bl	10002ec4 <rom_data_lookup>
1000386a:	4c1e      	ldr	r4, [pc, #120]	@ (100038e4 <__aeabi_double_init+0x94>)
1000386c:	2280      	movs	r2, #128	@ 0x80
1000386e:	0031      	movs	r1, r6
10003870:	0020      	movs	r0, r4
10003872:	f000 fbff 	bl	10004074 <__wrap___aeabi_memcpy>
10003876:	2d02      	cmp	r5, #2
10003878:	d02d      	beq.n	100038d6 <__aeabi_double_init+0x86>
1000387a:	481b      	ldr	r0, [pc, #108]	@ (100038e8 <__aeabi_double_init+0x98>)
1000387c:	f7ff fb1a 	bl	10002eb4 <rom_func_lookup>
10003880:	4b1a      	ldr	r3, [pc, #104]	@ (100038ec <__aeabi_double_init+0x9c>)
10003882:	6018      	str	r0, [r3, #0]
10003884:	bd70      	pop	{r4, r5, r6, pc}
10003886:	4b1a      	ldr	r3, [pc, #104]	@ (100038f0 <__aeabi_double_init+0xa0>)
10003888:	4c16      	ldr	r4, [pc, #88]	@ (100038e4 <__aeabi_double_init+0x94>)
1000388a:	64a3      	str	r3, [r4, #72]	@ 0x48
1000388c:	e7f5      	b.n	1000387a <__aeabi_double_init+0x2a>
1000388e:	4b18      	ldr	r3, [pc, #96]	@ (100038f0 <__aeabi_double_init+0xa0>)
10003890:	4c14      	ldr	r4, [pc, #80]	@ (100038e4 <__aeabi_double_init+0x94>)
10003892:	6023      	str	r3, [r4, #0]
10003894:	6063      	str	r3, [r4, #4]
10003896:	60a3      	str	r3, [r4, #8]
10003898:	60e3      	str	r3, [r4, #12]
1000389a:	6123      	str	r3, [r4, #16]
1000389c:	6163      	str	r3, [r4, #20]
1000389e:	61a3      	str	r3, [r4, #24]
100038a0:	61e3      	str	r3, [r4, #28]
100038a2:	6223      	str	r3, [r4, #32]
100038a4:	6263      	str	r3, [r4, #36]	@ 0x24
100038a6:	62a3      	str	r3, [r4, #40]	@ 0x28
100038a8:	62e3      	str	r3, [r4, #44]	@ 0x2c
100038aa:	6323      	str	r3, [r4, #48]	@ 0x30
100038ac:	6363      	str	r3, [r4, #52]	@ 0x34
100038ae:	63a3      	str	r3, [r4, #56]	@ 0x38
100038b0:	63e3      	str	r3, [r4, #60]	@ 0x3c
100038b2:	6423      	str	r3, [r4, #64]	@ 0x40
100038b4:	6463      	str	r3, [r4, #68]	@ 0x44
100038b6:	64a3      	str	r3, [r4, #72]	@ 0x48
100038b8:	64e3      	str	r3, [r4, #76]	@ 0x4c
100038ba:	6523      	str	r3, [r4, #80]	@ 0x50
100038bc:	6563      	str	r3, [r4, #84]	@ 0x54
100038be:	65a3      	str	r3, [r4, #88]	@ 0x58
100038c0:	65e3      	str	r3, [r4, #92]	@ 0x5c
100038c2:	6623      	str	r3, [r4, #96]	@ 0x60
100038c4:	6663      	str	r3, [r4, #100]	@ 0x64
100038c6:	66a3      	str	r3, [r4, #104]	@ 0x68
100038c8:	66e3      	str	r3, [r4, #108]	@ 0x6c
100038ca:	6723      	str	r3, [r4, #112]	@ 0x70
100038cc:	6763      	str	r3, [r4, #116]	@ 0x74
100038ce:	67a3      	str	r3, [r4, #120]	@ 0x78
100038d0:	67e3      	str	r3, [r4, #124]	@ 0x7c
100038d2:	64a3      	str	r3, [r4, #72]	@ 0x48
100038d4:	e7d1      	b.n	1000387a <__aeabi_double_init+0x2a>
100038d6:	4b06      	ldr	r3, [pc, #24]	@ (100038f0 <__aeabi_double_init+0xa0>)
100038d8:	64a3      	str	r3, [r4, #72]	@ 0x48
100038da:	e7ce      	b.n	1000387a <__aeabi_double_init+0x2a>
100038dc:	00004453 	.word	0x00004453
100038e0:	00004653 	.word	0x00004653
100038e4:	20001288 	.word	0x20001288
100038e8:	0000334c 	.word	0x0000334c
100038ec:	20002008 	.word	0x20002008
100038f0:	100038f5 	.word	0x100038f5

100038f4 <double_table_shim_on_use_helper>:
100038f4:	b507      	push	{r0, r1, r2, lr}
100038f6:	4660      	mov	r0, ip
100038f8:	8801      	ldrh	r1, [r0, #0]
100038fa:	0a0a      	lsrs	r2, r1, #8
100038fc:	3002      	adds	r0, #2
100038fe:	2adf      	cmp	r2, #223	@ 0xdf
10003900:	d1fa      	bne.n	100038f8 <double_table_shim_on_use_helper+0x4>
10003902:	b2c9      	uxtb	r1, r1
10003904:	0882      	lsrs	r2, r0, #2
10003906:	d304      	bcc.n	10003912 <double_table_shim_on_use_helper+0x1e>
10003908:	8802      	ldrh	r2, [r0, #0]
1000390a:	8840      	ldrh	r0, [r0, #2]
1000390c:	0400      	lsls	r0, r0, #16
1000390e:	4310      	orrs	r0, r2
10003910:	e000      	b.n	10003914 <double_table_shim_on_use_helper+0x20>
10003912:	6800      	ldr	r0, [r0, #0]
10003914:	4a01      	ldr	r2, [pc, #4]	@ (1000391c <double_table_shim_on_use_helper+0x28>)
10003916:	5050      	str	r0, [r2, r1]
10003918:	9003      	str	r0, [sp, #12]
1000391a:	bd07      	pop	{r0, r1, r2, pc}
1000391c:	20001288 	.word	0x20001288

10003920 <drsub_shim>:
10003920:	b40f      	push	{r0, r1, r2, r3}
10003922:	bc03      	pop	{r0, r1}
10003924:	bc0c      	pop	{r2, r3}

10003926 <dsub_shim>:
10003926:	b5f0      	push	{r4, r5, r6, r7, lr}
10003928:	2401      	movs	r4, #1
1000392a:	07e4      	lsls	r4, r4, #31
1000392c:	4063      	eors	r3, r4
1000392e:	e000      	b.n	10003932 <da_entry>

10003930 <dadd_shim>:
10003930:	b5f0      	push	{r4, r5, r6, r7, lr}

10003932 <da_entry>:
10003932:	0d0c      	lsrs	r4, r1, #20
10003934:	0fcf      	lsrs	r7, r1, #31
10003936:	1e66      	subs	r6, r4, #1
10003938:	0536      	lsls	r6, r6, #20
1000393a:	1b89      	subs	r1, r1, r6
1000393c:	0564      	lsls	r4, r4, #21
1000393e:	d303      	bcc.n	10003948 <l8_1>
10003940:	43c9      	mvns	r1, r1
10003942:	4240      	negs	r0, r0
10003944:	d300      	bcc.n	10003948 <l8_1>
10003946:	3101      	adds	r1, #1

10003948 <l8_1>:
10003948:	0d64      	lsrs	r4, r4, #21
1000394a:	d003      	beq.n	10003954 <l8_2>
1000394c:	1c66      	adds	r6, r4, #1
1000394e:	0af6      	lsrs	r6, r6, #11
10003950:	d007      	beq.n	10003962 <l8_3>
10003952:	1be4      	subs	r4, r4, r7

10003954 <l8_2>:
10003954:	2000      	movs	r0, #0
10003956:	007f      	lsls	r7, r7, #1
10003958:	1c79      	adds	r1, r7, #1
1000395a:	0789      	lsls	r1, r1, #30
1000395c:	1289      	asrs	r1, r1, #10
1000395e:	3c80      	subs	r4, #128	@ 0x80
10003960:	0324      	lsls	r4, r4, #12

10003962 <l8_3>:
10003962:	0d1d      	lsrs	r5, r3, #20
10003964:	0fdf      	lsrs	r7, r3, #31
10003966:	1e6e      	subs	r6, r5, #1
10003968:	0536      	lsls	r6, r6, #20
1000396a:	1b9b      	subs	r3, r3, r6
1000396c:	056d      	lsls	r5, r5, #21
1000396e:	d303      	bcc.n	10003978 <l9_1>
10003970:	43db      	mvns	r3, r3
10003972:	4252      	negs	r2, r2
10003974:	d300      	bcc.n	10003978 <l9_1>
10003976:	3301      	adds	r3, #1

10003978 <l9_1>:
10003978:	0d6d      	lsrs	r5, r5, #21
1000397a:	d003      	beq.n	10003984 <l9_2>
1000397c:	1c6e      	adds	r6, r5, #1
1000397e:	0af6      	lsrs	r6, r6, #11
10003980:	d007      	beq.n	10003992 <l9_3>
10003982:	1bed      	subs	r5, r5, r7

10003984 <l9_2>:
10003984:	2200      	movs	r2, #0
10003986:	007f      	lsls	r7, r7, #1
10003988:	1c7b      	adds	r3, r7, #1
1000398a:	079b      	lsls	r3, r3, #30
1000398c:	129b      	asrs	r3, r3, #10
1000398e:	3d80      	subs	r5, #128	@ 0x80
10003990:	032d      	lsls	r5, r5, #12

10003992 <l9_3>:
10003992:	1b2f      	subs	r7, r5, r4
10003994:	1b66      	subs	r6, r4, r5
10003996:	d458      	bmi.n	10003a4a <da_ygtx>
10003998:	46a4      	mov	ip, r4
1000399a:	2e20      	cmp	r6, #32
1000399c:	da46      	bge.n	10003a2c <da_xrgty>
1000399e:	3720      	adds	r7, #32
100039a0:	0014      	movs	r4, r2
100039a2:	40bc      	lsls	r4, r7

100039a4 <da_xgty0>:
100039a4:	001d      	movs	r5, r3
100039a6:	40bd      	lsls	r5, r7
100039a8:	40f2      	lsrs	r2, r6
100039aa:	4133      	asrs	r3, r6
100039ac:	432a      	orrs	r2, r5

100039ae <da_add>:
100039ae:	1880      	adds	r0, r0, r2
100039b0:	4159      	adcs	r1, r3

100039b2 <da_pack>:
100039b2:	0fcb      	lsrs	r3, r1, #31
100039b4:	d005      	beq.n	100039c2 <da_pack+0x10>
100039b6:	43c9      	mvns	r1, r1
100039b8:	43c0      	mvns	r0, r0
100039ba:	2200      	movs	r2, #0
100039bc:	4264      	negs	r4, r4
100039be:	4150      	adcs	r0, r2
100039c0:	4151      	adcs	r1, r2
100039c2:	4662      	mov	r2, ip
100039c4:	0d4d      	lsrs	r5, r1, #21
100039c6:	d128      	bne.n	10003a1a <da_0>
100039c8:	0d0d      	lsrs	r5, r1, #20
100039ca:	d107      	bne.n	100039dc <da_1>
100039cc:	2800      	cmp	r0, #0
100039ce:	d01f      	beq.n	10003a10 <da_5>

100039d0 <da_2>:
100039d0:	1924      	adds	r4, r4, r4
100039d2:	4140      	adcs	r0, r0
100039d4:	4149      	adcs	r1, r1
100039d6:	3a01      	subs	r2, #1
100039d8:	0d0d      	lsrs	r5, r1, #20
100039da:	d0f9      	beq.n	100039d0 <da_2>

100039dc <da_1>:
100039dc:	0064      	lsls	r4, r4, #1
100039de:	d306      	bcc.n	100039ee <da_3>

100039e0 <da_4>:
100039e0:	3001      	adds	r0, #1
100039e2:	d300      	bcc.n	100039e6 <da_4+0x6>
100039e4:	3101      	adds	r1, #1
100039e6:	2c00      	cmp	r4, #0
100039e8:	d101      	bne.n	100039ee <da_3>
100039ea:	0840      	lsrs	r0, r0, #1
100039ec:	0040      	lsls	r0, r0, #1

100039ee <da_3>:
100039ee:	3a01      	subs	r2, #1
100039f0:	d40b      	bmi.n	10003a0a <da_6>
100039f2:	1c94      	adds	r4, r2, #2
100039f4:	0ae4      	lsrs	r4, r4, #11
100039f6:	d104      	bne.n	10003a02 <da_7>
100039f8:	0512      	lsls	r2, r2, #20
100039fa:	4411      	add	r1, r2
100039fc:	07db      	lsls	r3, r3, #31
100039fe:	4419      	add	r1, r3
10003a00:	bdf0      	pop	{r4, r5, r6, r7, pc}

10003a02 <da_7>:
10003a02:	07d9      	lsls	r1, r3, #31
10003a04:	4b20      	ldr	r3, [pc, #128]	@ (10003a88 <da_xmgty+0x4>)
10003a06:	4319      	orrs	r1, r3
10003a08:	e000      	b.n	10003a0c <da_6+0x2>

10003a0a <da_6>:
10003a0a:	07d9      	lsls	r1, r3, #31
10003a0c:	2000      	movs	r0, #0
10003a0e:	bdf0      	pop	{r4, r5, r6, r7, pc}

10003a10 <da_5>:
10003a10:	2900      	cmp	r1, #0
10003a12:	d1dd      	bne.n	100039d0 <da_2>
10003a14:	2c00      	cmp	r4, #0
10003a16:	d1db      	bne.n	100039d0 <da_2>
10003a18:	bdf0      	pop	{r4, r5, r6, r7, pc}

10003a1a <da_0>:
10003a1a:	3201      	adds	r2, #1
10003a1c:	07c6      	lsls	r6, r0, #31
10003a1e:	0840      	lsrs	r0, r0, #1
10003a20:	07cd      	lsls	r5, r1, #31
10003a22:	4328      	orrs	r0, r5
10003a24:	0849      	lsrs	r1, r1, #1
10003a26:	2e00      	cmp	r6, #0
10003a28:	d0e1      	beq.n	100039ee <da_3>
10003a2a:	e7d9      	b.n	100039e0 <da_4>

10003a2c <da_xrgty>:
10003a2c:	2e3c      	cmp	r6, #60	@ 0x3c
10003a2e:	da29      	bge.n	10003a84 <da_xmgty>
10003a30:	3e20      	subs	r6, #32
10003a32:	3740      	adds	r7, #64	@ 0x40
10003a34:	0014      	movs	r4, r2
10003a36:	40bc      	lsls	r4, r7
10003a38:	d000      	beq.n	10003a3c <da_xrgty+0x10>
10003a3a:	2401      	movs	r4, #1
10003a3c:	40f2      	lsrs	r2, r6
10003a3e:	4314      	orrs	r4, r2
10003a40:	001a      	movs	r2, r3
10003a42:	40bb      	lsls	r3, r7
10003a44:	431c      	orrs	r4, r3
10003a46:	17d3      	asrs	r3, r2, #31
10003a48:	e7ac      	b.n	100039a4 <da_xgty0>

10003a4a <da_ygtx>:
10003a4a:	46ac      	mov	ip, r5
10003a4c:	2f20      	cmp	r7, #32
10003a4e:	da08      	bge.n	10003a62 <da_yrgtx>
10003a50:	3620      	adds	r6, #32
10003a52:	0004      	movs	r4, r0
10003a54:	40b4      	lsls	r4, r6

10003a56 <da_ygtx0>:
10003a56:	000d      	movs	r5, r1
10003a58:	40b5      	lsls	r5, r6
10003a5a:	40f8      	lsrs	r0, r7
10003a5c:	4139      	asrs	r1, r7
10003a5e:	4328      	orrs	r0, r5
10003a60:	e7a5      	b.n	100039ae <da_add>

10003a62 <da_yrgtx>:
10003a62:	2f3c      	cmp	r7, #60	@ 0x3c
10003a64:	da0c      	bge.n	10003a80 <da_ymgtx>
10003a66:	3f20      	subs	r7, #32
10003a68:	3640      	adds	r6, #64	@ 0x40
10003a6a:	0004      	movs	r4, r0
10003a6c:	40b4      	lsls	r4, r6
10003a6e:	d000      	beq.n	10003a72 <da_yrgtx+0x10>
10003a70:	2401      	movs	r4, #1
10003a72:	40f8      	lsrs	r0, r7
10003a74:	4304      	orrs	r4, r0
10003a76:	0008      	movs	r0, r1
10003a78:	40b1      	lsls	r1, r6
10003a7a:	430c      	orrs	r4, r1
10003a7c:	17c1      	asrs	r1, r0, #31
10003a7e:	e7ea      	b.n	10003a56 <da_ygtx0>

10003a80 <da_ymgtx>:
10003a80:	0010      	movs	r0, r2
10003a82:	0019      	movs	r1, r3

10003a84 <da_xmgty>:
10003a84:	2400      	movs	r4, #0
10003a86:	e794      	b.n	100039b2 <da_pack>
10003a88:	7ff00000 	.word	0x7ff00000

10003a8c <dmul_shim>:
10003a8c:	b5f0      	push	{r4, r5, r6, r7, lr}
10003a8e:	0d0c      	lsrs	r4, r1, #20
10003a90:	1e66      	subs	r6, r4, #1
10003a92:	0536      	lsls	r6, r6, #20
10003a94:	1b89      	subs	r1, r1, r6
10003a96:	0ae6      	lsrs	r6, r4, #11
10003a98:	0564      	lsls	r4, r4, #21
10003a9a:	0d64      	lsrs	r4, r4, #21
10003a9c:	d002      	beq.n	10003aa4 <l12_1>
10003a9e:	1c65      	adds	r5, r4, #1
10003aa0:	0aed      	lsrs	r5, r5, #11
10003aa2:	d004      	beq.n	10003aae <l12_2>

10003aa4 <l12_1>:
10003aa4:	2000      	movs	r0, #0
10003aa6:	2101      	movs	r1, #1
10003aa8:	0509      	lsls	r1, r1, #20
10003aaa:	3c80      	subs	r4, #128	@ 0x80
10003aac:	0324      	lsls	r4, r4, #12

10003aae <l12_2>:
10003aae:	46a4      	mov	ip, r4
10003ab0:	0d1c      	lsrs	r4, r3, #20
10003ab2:	1e67      	subs	r7, r4, #1
10003ab4:	053f      	lsls	r7, r7, #20
10003ab6:	1bdb      	subs	r3, r3, r7
10003ab8:	0ae7      	lsrs	r7, r4, #11
10003aba:	0564      	lsls	r4, r4, #21
10003abc:	0d64      	lsrs	r4, r4, #21
10003abe:	d002      	beq.n	10003ac6 <l13_1>
10003ac0:	1c65      	adds	r5, r4, #1
10003ac2:	0aed      	lsrs	r5, r5, #11
10003ac4:	d004      	beq.n	10003ad0 <l13_2>

10003ac6 <l13_1>:
10003ac6:	2200      	movs	r2, #0
10003ac8:	2301      	movs	r3, #1
10003aca:	051b      	lsls	r3, r3, #20
10003acc:	3c80      	subs	r4, #128	@ 0x80
10003ace:	0324      	lsls	r4, r4, #12

10003ad0 <l13_2>:
10003ad0:	4077      	eors	r7, r6
10003ad2:	4464      	add	r4, ip
10003ad4:	b497      	push	{r0, r1, r2, r4, r7}
10003ad6:	b284      	uxth	r4, r0
10003ad8:	b296      	uxth	r6, r2
10003ada:	4374      	muls	r4, r6
10003adc:	0c07      	lsrs	r7, r0, #16
10003ade:	437e      	muls	r6, r7
10003ae0:	0c15      	lsrs	r5, r2, #16
10003ae2:	436f      	muls	r7, r5
10003ae4:	b280      	uxth	r0, r0
10003ae6:	4368      	muls	r0, r5
10003ae8:	1836      	adds	r6, r6, r0
10003aea:	d302      	bcc.n	10003af2 <l14_1>
10003aec:	2001      	movs	r0, #1
10003aee:	0400      	lsls	r0, r0, #16
10003af0:	183f      	adds	r7, r7, r0

10003af2 <l14_1>:
10003af2:	0430      	lsls	r0, r6, #16
10003af4:	0c35      	lsrs	r5, r6, #16
10003af6:	1900      	adds	r0, r0, r4
10003af8:	417d      	adcs	r5, r7
10003afa:	4684      	mov	ip, r0
10003afc:	b288      	uxth	r0, r1
10003afe:	b29a      	uxth	r2, r3
10003b00:	4350      	muls	r0, r2
10003b02:	0c0c      	lsrs	r4, r1, #16
10003b04:	4362      	muls	r2, r4
10003b06:	0c1f      	lsrs	r7, r3, #16
10003b08:	437c      	muls	r4, r7
10003b0a:	b28e      	uxth	r6, r1
10003b0c:	437e      	muls	r6, r7
10003b0e:	1992      	adds	r2, r2, r6
10003b10:	d302      	bcc.n	10003b18 <l15_1>
10003b12:	2601      	movs	r6, #1
10003b14:	0436      	lsls	r6, r6, #16
10003b16:	19a4      	adds	r4, r4, r6

10003b18 <l15_1>:
10003b18:	0416      	lsls	r6, r2, #16
10003b1a:	0c17      	lsrs	r7, r2, #16
10003b1c:	1836      	adds	r6, r6, r0
10003b1e:	4167      	adcs	r7, r4
10003b20:	bc01      	pop	{r0}
10003b22:	b281      	uxth	r1, r0
10003b24:	b29a      	uxth	r2, r3
10003b26:	4351      	muls	r1, r2
10003b28:	0c04      	lsrs	r4, r0, #16
10003b2a:	4362      	muls	r2, r4
10003b2c:	0c1b      	lsrs	r3, r3, #16
10003b2e:	435c      	muls	r4, r3
10003b30:	b280      	uxth	r0, r0
10003b32:	4358      	muls	r0, r3
10003b34:	1812      	adds	r2, r2, r0
10003b36:	d302      	bcc.n	10003b3e <l16_1>
10003b38:	2001      	movs	r0, #1
10003b3a:	0400      	lsls	r0, r0, #16
10003b3c:	1824      	adds	r4, r4, r0

10003b3e <l16_1>:
10003b3e:	0410      	lsls	r0, r2, #16
10003b40:	0c13      	lsrs	r3, r2, #16
10003b42:	1840      	adds	r0, r0, r1
10003b44:	4163      	adcs	r3, r4
10003b46:	182d      	adds	r5, r5, r0
10003b48:	415e      	adcs	r6, r3
10003b4a:	2000      	movs	r0, #0
10003b4c:	4147      	adcs	r7, r0
10003b4e:	bc06      	pop	{r1, r2}
10003b50:	b288      	uxth	r0, r1
10003b52:	b293      	uxth	r3, r2
10003b54:	4358      	muls	r0, r3
10003b56:	0c0c      	lsrs	r4, r1, #16
10003b58:	4363      	muls	r3, r4
10003b5a:	0c12      	lsrs	r2, r2, #16
10003b5c:	4354      	muls	r4, r2
10003b5e:	b289      	uxth	r1, r1
10003b60:	4351      	muls	r1, r2
10003b62:	185b      	adds	r3, r3, r1
10003b64:	d302      	bcc.n	10003b6c <l17_1>
10003b66:	2101      	movs	r1, #1
10003b68:	0409      	lsls	r1, r1, #16
10003b6a:	1864      	adds	r4, r4, r1

10003b6c <l17_1>:
10003b6c:	0419      	lsls	r1, r3, #16
10003b6e:	0c1a      	lsrs	r2, r3, #16
10003b70:	1809      	adds	r1, r1, r0
10003b72:	4162      	adcs	r2, r4
10003b74:	186d      	adds	r5, r5, r1
10003b76:	4156      	adcs	r6, r2
10003b78:	2000      	movs	r0, #0
10003b7a:	4147      	adcs	r7, r0
10003b7c:	bc18      	pop	{r3, r4}
10003b7e:	02f9      	lsls	r1, r7, #11
10003b80:	0d72      	lsrs	r2, r6, #21
10003b82:	4311      	orrs	r1, r2
10003b84:	02f0      	lsls	r0, r6, #11
10003b86:	0d6a      	lsrs	r2, r5, #21
10003b88:	4310      	orrs	r0, r2
10003b8a:	02ed      	lsls	r5, r5, #11
10003b8c:	0d0a      	lsrs	r2, r1, #20
10003b8e:	d103      	bne.n	10003b98 <l17_1+0x2c>
10003b90:	196d      	adds	r5, r5, r5
10003b92:	4140      	adcs	r0, r0
10003b94:	4149      	adcs	r1, r1
10003b96:	3b01      	subs	r3, #1
10003b98:	4e12      	ldr	r6, [pc, #72]	@ (10003be4 <dm_1+0xa>)
10003b9a:	1b9b      	subs	r3, r3, r6
10003b9c:	0076      	lsls	r6, r6, #1
10003b9e:	42b3      	cmp	r3, r6
10003ba0:	d20e      	bcs.n	10003bc0 <dm_0>
10003ba2:	006d      	lsls	r5, r5, #1
10003ba4:	d307      	bcc.n	10003bb6 <l17_1+0x4a>
10003ba6:	3001      	adds	r0, #1
10003ba8:	2600      	movs	r6, #0
10003baa:	4171      	adcs	r1, r6
10003bac:	4666      	mov	r6, ip
10003bae:	4335      	orrs	r5, r6
10003bb0:	d101      	bne.n	10003bb6 <l17_1+0x4a>
10003bb2:	0840      	lsrs	r0, r0, #1
10003bb4:	0040      	lsls	r0, r0, #1
10003bb6:	051b      	lsls	r3, r3, #20
10003bb8:	18c9      	adds	r1, r1, r3

10003bba <dm_2>:
10003bba:	07e4      	lsls	r4, r4, #31
10003bbc:	4421      	add	r1, r4
10003bbe:	bdf0      	pop	{r4, r5, r6, r7, pc}

10003bc0 <dm_0>:
10003bc0:	da0b      	bge.n	10003bda <dm_1>
10003bc2:	3301      	adds	r3, #1
10003bc4:	d106      	bne.n	10003bd4 <dm_0+0x14>
10003bc6:	3001      	adds	r0, #1
10003bc8:	d104      	bne.n	10003bd4 <dm_0+0x14>
10003bca:	3101      	adds	r1, #1
10003bcc:	0d4f      	lsrs	r7, r1, #21
10003bce:	d001      	beq.n	10003bd4 <dm_0+0x14>
10003bd0:	0849      	lsrs	r1, r1, #1
10003bd2:	e7f2      	b.n	10003bba <dm_2>
10003bd4:	07e1      	lsls	r1, r4, #31
10003bd6:	2000      	movs	r0, #0
10003bd8:	bdf0      	pop	{r4, r5, r6, r7, pc}

10003bda <dm_1>:
10003bda:	3601      	adds	r6, #1
10003bdc:	0531      	lsls	r1, r6, #20
10003bde:	2000      	movs	r0, #0
10003be0:	e7eb      	b.n	10003bba <dm_2>
10003be2:	0000      	.short	0x0000
10003be4:	000003ff 	.word	0x000003ff

10003be8 <ddiv_shim>:
10003be8:	b5f0      	push	{r4, r5, r6, r7, lr}

10003bea <ddiv0>:
10003bea:	0d1c      	lsrs	r4, r3, #20
10003bec:	1e67      	subs	r7, r4, #1
10003bee:	053f      	lsls	r7, r7, #20
10003bf0:	1bdb      	subs	r3, r3, r7
10003bf2:	0ae7      	lsrs	r7, r4, #11
10003bf4:	0564      	lsls	r4, r4, #21
10003bf6:	0d64      	lsrs	r4, r4, #21
10003bf8:	d002      	beq.n	10003c00 <l20_1>
10003bfa:	1c66      	adds	r6, r4, #1
10003bfc:	0af6      	lsrs	r6, r6, #11
10003bfe:	d004      	beq.n	10003c0a <l20_2>

10003c00 <l20_1>:
10003c00:	2200      	movs	r2, #0
10003c02:	2301      	movs	r3, #1
10003c04:	051b      	lsls	r3, r3, #20
10003c06:	3c80      	subs	r4, #128	@ 0x80
10003c08:	0324      	lsls	r4, r4, #12

10003c0a <l20_2>:
10003c0a:	25d0      	movs	r5, #208	@ 0xd0
10003c0c:	062d      	lsls	r5, r5, #24
10003c0e:	2600      	movs	r6, #0
10003c10:	43f6      	mvns	r6, r6
10003c12:	662e      	str	r6, [r5, #96]	@ 0x60
10003c14:	091e      	lsrs	r6, r3, #4
10003c16:	666e      	str	r6, [r5, #100]	@ 0x64
10003c18:	0fce      	lsrs	r6, r1, #31
10003c1a:	19f6      	adds	r6, r6, r7
10003c1c:	46b4      	mov	ip, r6
10003c1e:	0049      	lsls	r1, r1, #1
10003c20:	0d4f      	lsrs	r7, r1, #21
10003c22:	d002      	beq.n	10003c2a <l20_2+0x20>
10003c24:	1c7e      	adds	r6, r7, #1
10003c26:	0af6      	lsrs	r6, r6, #11
10003c28:	d003      	beq.n	10003c32 <l20_2+0x28>
10003c2a:	2000      	movs	r0, #0
10003c2c:	2100      	movs	r1, #0
10003c2e:	3f40      	subs	r7, #64	@ 0x40
10003c30:	033f      	lsls	r7, r7, #12
10003c32:	1b3e      	subs	r6, r7, r4
10003c34:	00b6      	lsls	r6, r6, #2
10003c36:	44b4      	add	ip, r6
10003c38:	3f01      	subs	r7, #1
10003c3a:	057f      	lsls	r7, r7, #21
10003c3c:	1bc9      	subs	r1, r1, r7
10003c3e:	0849      	lsrs	r1, r1, #1
10003c40:	6f2e      	ldr	r6, [r5, #112]	@ 0x70
10003c42:	3601      	adds	r6, #1
10003c44:	0876      	lsrs	r6, r6, #1
10003c46:	029c      	lsls	r4, r3, #10
10003c48:	0d95      	lsrs	r5, r2, #22
10003c4a:	4325      	orrs	r5, r4
10003c4c:	4375      	muls	r5, r6
10003c4e:	13ed      	asrs	r5, r5, #15
10003c50:	4375      	muls	r5, r6
10003c52:	13ad      	asrs	r5, r5, #14
10003c54:	3501      	adds	r5, #1
10003c56:	106d      	asrs	r5, r5, #1
10003c58:	03f6      	lsls	r6, r6, #15
10003c5a:	1b76      	subs	r6, r6, r5
10003c5c:	b40c      	push	{r2, r3}
10003c5e:	02cc      	lsls	r4, r1, #11
10003c60:	0d45      	lsrs	r5, r0, #21
10003c62:	432c      	orrs	r4, r5
10003c64:	b2a2      	uxth	r2, r4
10003c66:	b2b3      	uxth	r3, r6
10003c68:	435a      	muls	r2, r3
10003c6a:	0c27      	lsrs	r7, r4, #16
10003c6c:	437b      	muls	r3, r7
10003c6e:	0c35      	lsrs	r5, r6, #16
10003c70:	436f      	muls	r7, r5
10003c72:	b2a4      	uxth	r4, r4
10003c74:	436c      	muls	r4, r5
10003c76:	191b      	adds	r3, r3, r4
10003c78:	d302      	bcc.n	10003c80 <l21_1>
10003c7a:	2401      	movs	r4, #1
10003c7c:	0424      	lsls	r4, r4, #16
10003c7e:	193f      	adds	r7, r7, r4

10003c80 <l21_1>:
10003c80:	041c      	lsls	r4, r3, #16
10003c82:	0c1d      	lsrs	r5, r3, #16
10003c84:	18a4      	adds	r4, r4, r2
10003c86:	417d      	adcs	r5, r7
10003c88:	1924      	adds	r4, r4, r4
10003c8a:	416d      	adcs	r5, r5
10003c8c:	9a00      	ldr	r2, [sp, #0]
10003c8e:	b291      	uxth	r1, r2
10003c90:	b2ac      	uxth	r4, r5
10003c92:	4361      	muls	r1, r4
10003c94:	0c17      	lsrs	r7, r2, #16
10003c96:	437c      	muls	r4, r7
10003c98:	0c2b      	lsrs	r3, r5, #16
10003c9a:	435f      	muls	r7, r3
10003c9c:	b292      	uxth	r2, r2
10003c9e:	435a      	muls	r2, r3
10003ca0:	18a4      	adds	r4, r4, r2
10003ca2:	d302      	bcc.n	10003caa <l22_1>
10003ca4:	2201      	movs	r2, #1
10003ca6:	0412      	lsls	r2, r2, #16
10003ca8:	18bf      	adds	r7, r7, r2

10003caa <l22_1>:
10003caa:	0422      	lsls	r2, r4, #16
10003cac:	0c23      	lsrs	r3, r4, #16
10003cae:	1852      	adds	r2, r2, r1
10003cb0:	417b      	adcs	r3, r7
10003cb2:	9c01      	ldr	r4, [sp, #4]
10003cb4:	436c      	muls	r4, r5
10003cb6:	191b      	adds	r3, r3, r4
10003cb8:	0e52      	lsrs	r2, r2, #25
10003cba:	01d9      	lsls	r1, r3, #7
10003cbc:	430a      	orrs	r2, r1
10003cbe:	0144      	lsls	r4, r0, #5
10003cc0:	1aa0      	subs	r0, r4, r2
10003cc2:	b281      	uxth	r1, r0
10003cc4:	b2b2      	uxth	r2, r6
10003cc6:	4351      	muls	r1, r2
10003cc8:	1403      	asrs	r3, r0, #16
10003cca:	435a      	muls	r2, r3
10003ccc:	0c36      	lsrs	r6, r6, #16
10003cce:	4373      	muls	r3, r6
10003cd0:	b287      	uxth	r7, r0
10003cd2:	4377      	muls	r7, r6
10003cd4:	17d6      	asrs	r6, r2, #31
10003cd6:	19d2      	adds	r2, r2, r7
10003cd8:	2700      	movs	r7, #0
10003cda:	417e      	adcs	r6, r7
10003cdc:	0436      	lsls	r6, r6, #16
10003cde:	199b      	adds	r3, r3, r6
10003ce0:	0417      	lsls	r7, r2, #16
10003ce2:	0c16      	lsrs	r6, r2, #16
10003ce4:	187f      	adds	r7, r7, r1
10003ce6:	415e      	adcs	r6, r3
10003ce8:	1673      	asrs	r3, r6, #25
10003cea:	18ed      	adds	r5, r5, r3
10003cec:	01f3      	lsls	r3, r6, #7
10003cee:	2600      	movs	r6, #0
10003cf0:	3380      	adds	r3, #128	@ 0x80
10003cf2:	4175      	adcs	r5, r6
10003cf4:	0fa9      	lsrs	r1, r5, #30
10003cf6:	d106      	bne.n	10003d06 <dd_0>
10003cf8:	0064      	lsls	r4, r4, #1
10003cfa:	0a69      	lsrs	r1, r5, #9
10003cfc:	05e8      	lsls	r0, r5, #23
10003cfe:	0a5b      	lsrs	r3, r3, #9
10003d00:	4318      	orrs	r0, r3
10003d02:	d209      	bcs.n	10003d18 <dd_1>
10003d04:	e02f      	b.n	10003d66 <dd_2>

10003d06 <dd_0>:
10003d06:	2204      	movs	r2, #4
10003d08:	4494      	add	ip, r2
10003d0a:	3380      	adds	r3, #128	@ 0x80
10003d0c:	4175      	adcs	r5, r6
10003d0e:	0aa9      	lsrs	r1, r5, #10
10003d10:	05a8      	lsls	r0, r5, #22
10003d12:	0a9b      	lsrs	r3, r3, #10
10003d14:	4318      	orrs	r0, r3
10003d16:	d326      	bcc.n	10003d66 <dd_2>

10003d18 <dd_1>:
10003d18:	4140      	adcs	r0, r0
10003d1a:	4149      	adcs	r1, r1
10003d1c:	0424      	lsls	r4, r4, #16
10003d1e:	9a00      	ldr	r2, [sp, #0]
10003d20:	9b01      	ldr	r3, [sp, #4]
10003d22:	000d      	movs	r5, r1
10003d24:	4355      	muls	r5, r2
10003d26:	1b64      	subs	r4, r4, r5
10003d28:	4343      	muls	r3, r0
10003d2a:	1ae4      	subs	r4, r4, r3
10003d2c:	b295      	uxth	r5, r2
10003d2e:	b286      	uxth	r6, r0
10003d30:	4375      	muls	r5, r6
10003d32:	0c17      	lsrs	r7, r2, #16
10003d34:	437e      	muls	r6, r7
10003d36:	0c03      	lsrs	r3, r0, #16
10003d38:	435f      	muls	r7, r3
10003d3a:	b292      	uxth	r2, r2
10003d3c:	435a      	muls	r2, r3
10003d3e:	18b6      	adds	r6, r6, r2
10003d40:	d302      	bcc.n	10003d48 <l24_1>
10003d42:	2201      	movs	r2, #1
10003d44:	0412      	lsls	r2, r2, #16
10003d46:	18bf      	adds	r7, r7, r2

10003d48 <l24_1>:
10003d48:	0432      	lsls	r2, r6, #16
10003d4a:	0c33      	lsrs	r3, r6, #16
10003d4c:	1952      	adds	r2, r2, r5
10003d4e:	417b      	adcs	r3, r7
10003d50:	4252      	negs	r2, r2
10003d52:	419c      	sbcs	r4, r3
10003d54:	2c00      	cmp	r4, #0
10003d56:	d402      	bmi.n	10003d5e <l24_1+0x16>
10003d58:	2200      	movs	r2, #0
10003d5a:	3001      	adds	r0, #1
10003d5c:	4151      	adcs	r1, r2
10003d5e:	0840      	lsrs	r0, r0, #1
10003d60:	07ca      	lsls	r2, r1, #31
10003d62:	4310      	orrs	r0, r2
10003d64:	0849      	lsrs	r1, r1, #1

10003d66 <dd_2>:
10003d66:	b002      	add	sp, #8
10003d68:	4662      	mov	r2, ip
10003d6a:	07d7      	lsls	r7, r2, #31
10003d6c:	1092      	asrs	r2, r2, #2
10003d6e:	4b08      	ldr	r3, [pc, #32]	@ (10003d90 <dd_4+0x6>)
10003d70:	18d2      	adds	r2, r2, r3
10003d72:	4b08      	ldr	r3, [pc, #32]	@ (10003d94 <dd_4+0xa>)
10003d74:	429a      	cmp	r2, r3
10003d76:	d203      	bcs.n	10003d80 <dd_3>
10003d78:	0512      	lsls	r2, r2, #20
10003d7a:	1889      	adds	r1, r1, r2

10003d7c <dd_5>:
10003d7c:	19c9      	adds	r1, r1, r7
10003d7e:	bdf0      	pop	{r4, r5, r6, r7, pc}

10003d80 <dd_3>:
10003d80:	2000      	movs	r0, #0
10003d82:	2a00      	cmp	r2, #0
10003d84:	dc01      	bgt.n	10003d8a <dd_4>
10003d86:	0039      	movs	r1, r7
10003d88:	bdf0      	pop	{r4, r5, r6, r7, pc}

10003d8a <dd_4>:
10003d8a:	3301      	adds	r3, #1
10003d8c:	0519      	lsls	r1, r3, #20
10003d8e:	e7f5      	b.n	10003d7c <dd_5>
10003d90:	000003fd 	.word	0x000003fd
10003d94:	000007fe 	.word	0x000007fe

10003d98 <double2uint_shim>:
10003d98:	2200      	movs	r2, #0

10003d9a <double2ufix_shim>:
10003d9a:	b500      	push	{lr}
10003d9c:	3220      	adds	r2, #32
10003d9e:	f000 f804 	bl	10003daa <double2ufix64_shim>
10003da2:	0008      	movs	r0, r1
10003da4:	bd00      	pop	{pc}
	...

10003da8 <double2uint64_shim>:
10003da8:	2200      	movs	r2, #0

10003daa <double2ufix64_shim>:
10003daa:	150b      	asrs	r3, r1, #20
10003dac:	d40a      	bmi.n	10003dc4 <ret_dzero>

10003dae <d2fix>:
10003dae:	b510      	push	{r4, lr}
10003db0:	4694      	mov	ip, r2
10003db2:	f000 f831 	bl	10003e18 <dunpacks>
10003db6:	1414      	asrs	r4, r2, #16
10003db8:	3401      	adds	r4, #1
10003dba:	da00      	bge.n	10003dbe <d2fix+0x10>
10003dbc:	2100      	movs	r1, #0
10003dbe:	17cb      	asrs	r3, r1, #31
10003dc0:	4c14      	ldr	r4, [pc, #80]	@ (10003e14 <d2fix_a+0x4a>)
10003dc2:	4720      	bx	r4

10003dc4 <ret_dzero>:
10003dc4:	2000      	movs	r0, #0
10003dc6:	2100      	movs	r1, #0
10003dc8:	4770      	bx	lr

10003dca <d2fix_a>:
10003dca:	4462      	add	r2, ip
10003dcc:	3a34      	subs	r2, #52	@ 0x34
10003dce:	d40c      	bmi.n	10003dea <d2fix_a+0x20>
10003dd0:	2a0c      	cmp	r2, #12
10003dd2:	da07      	bge.n	10003de4 <d2fix_a+0x1a>
10003dd4:	0004      	movs	r4, r0
10003dd6:	4091      	lsls	r1, r2
10003dd8:	4090      	lsls	r0, r2
10003dda:	4252      	negs	r2, r2
10003ddc:	3220      	adds	r2, #32
10003dde:	40d4      	lsrs	r4, r2
10003de0:	4321      	orrs	r1, r4
10003de2:	bd10      	pop	{r4, pc}
10003de4:	43d8      	mvns	r0, r3
10003de6:	43d9      	mvns	r1, r3
10003de8:	bd10      	pop	{r4, pc}
10003dea:	3220      	adds	r2, #32
10003dec:	d407      	bmi.n	10003dfe <d2fix_a+0x34>
10003dee:	460c      	mov	r4, r1
10003df0:	4094      	lsls	r4, r2
10003df2:	4252      	negs	r2, r2
10003df4:	3220      	adds	r2, #32
10003df6:	4111      	asrs	r1, r2
10003df8:	40d0      	lsrs	r0, r2
10003dfa:	4320      	orrs	r0, r4
10003dfc:	bd10      	pop	{r4, pc}
10003dfe:	0008      	movs	r0, r1
10003e00:	17c9      	asrs	r1, r1, #31
10003e02:	3220      	adds	r2, #32
10003e04:	d403      	bmi.n	10003e0e <d2fix_a+0x44>
10003e06:	4252      	negs	r2, r2
10003e08:	3220      	adds	r2, #32
10003e0a:	4110      	asrs	r0, r2
10003e0c:	bd10      	pop	{r4, pc}
10003e0e:	0018      	movs	r0, r3
10003e10:	0019      	movs	r1, r3
10003e12:	bd10      	pop	{r4, pc}
10003e14:	10003dcb 	.word	0x10003dcb

10003e18 <dunpacks>:
10003e18:	0d0a      	lsrs	r2, r1, #20
10003e1a:	0fcc      	lsrs	r4, r1, #31
10003e1c:	1e53      	subs	r3, r2, #1
10003e1e:	051b      	lsls	r3, r3, #20
10003e20:	1ac9      	subs	r1, r1, r3
10003e22:	0552      	lsls	r2, r2, #21
10003e24:	d303      	bcc.n	10003e2e <l60_1>
10003e26:	43c9      	mvns	r1, r1
10003e28:	4240      	negs	r0, r0
10003e2a:	d300      	bcc.n	10003e2e <l60_1>
10003e2c:	3101      	adds	r1, #1

10003e2e <l60_1>:
10003e2e:	0d52      	lsrs	r2, r2, #21
10003e30:	d003      	beq.n	10003e3a <l60_2>
10003e32:	1c53      	adds	r3, r2, #1
10003e34:	0adb      	lsrs	r3, r3, #11
10003e36:	d007      	beq.n	10003e48 <l60_3>
10003e38:	1b12      	subs	r2, r2, r4

10003e3a <l60_2>:
10003e3a:	2000      	movs	r0, #0
10003e3c:	0064      	lsls	r4, r4, #1
10003e3e:	1c61      	adds	r1, r4, #1
10003e40:	0789      	lsls	r1, r1, #30
10003e42:	1289      	asrs	r1, r1, #10
10003e44:	3a80      	subs	r2, #128	@ 0x80
10003e46:	0312      	lsls	r2, r2, #12

10003e48 <l60_3>:
10003e48:	4b01      	ldr	r3, [pc, #4]	@ (10003e50 <l60_3+0x8>)
10003e4a:	1ad2      	subs	r2, r2, r3
10003e4c:	4770      	bx	lr
10003e4e:	0000      	.short	0x0000
10003e50:	000003ff 	.word	0x000003ff

10003e54 <__wrap___aeabi_lmul>:
10003e54:	4351      	muls	r1, r2
10003e56:	4343      	muls	r3, r0
10003e58:	18c9      	adds	r1, r1, r3
10003e5a:	468c      	mov	ip, r1
10003e5c:	0c11      	lsrs	r1, r2, #16
10003e5e:	b283      	uxth	r3, r0
10003e60:	434b      	muls	r3, r1
10003e62:	b410      	push	{r4}
10003e64:	0c04      	lsrs	r4, r0, #16
10003e66:	4361      	muls	r1, r4
10003e68:	b292      	uxth	r2, r2
10003e6a:	b280      	uxth	r0, r0
10003e6c:	4350      	muls	r0, r2
10003e6e:	4362      	muls	r2, r4
10003e70:	041c      	lsls	r4, r3, #16
10003e72:	0c1b      	lsrs	r3, r3, #16
10003e74:	1900      	adds	r0, r0, r4
10003e76:	bc10      	pop	{r4}
10003e78:	4159      	adcs	r1, r3
10003e7a:	0413      	lsls	r3, r2, #16
10003e7c:	0c12      	lsrs	r2, r2, #16
10003e7e:	18c0      	adds	r0, r0, r3
10003e80:	4151      	adcs	r1, r2
10003e82:	4461      	add	r1, ip
10003e84:	4770      	bx	lr
	...

10003e88 <__wrap___aeabi_frsub>:
10003e88:	4048      	eors	r0, r1
10003e8a:	4041      	eors	r1, r0
10003e8c:	4048      	eors	r0, r1

10003e8e <__wrap___aeabi_fsub>:
10003e8e:	4b0e      	ldr	r3, [pc, #56]	@ (10003ec8 <__wrap___aeabi_fmul+0x6>)
10003e90:	685b      	ldr	r3, [r3, #4]
10003e92:	4718      	bx	r3

10003e94 <__wrap___aeabi_fadd>:
10003e94:	4b0c      	ldr	r3, [pc, #48]	@ (10003ec8 <__wrap___aeabi_fmul+0x6>)
10003e96:	681b      	ldr	r3, [r3, #0]
10003e98:	4718      	bx	r3

10003e9a <__wrap___aeabi_fdiv>:
10003e9a:	4a0c      	ldr	r2, [pc, #48]	@ (10003ecc <__wrap___aeabi_fmul+0xa>)
10003e9c:	6f93      	ldr	r3, [r2, #120]	@ 0x78
10003e9e:	089b      	lsrs	r3, r3, #2
10003ea0:	d202      	bcs.n	10003ea8 <fdiv_save_state>

10003ea2 <fdiv_shim_call>:
10003ea2:	4b09      	ldr	r3, [pc, #36]	@ (10003ec8 <__wrap___aeabi_fmul+0x6>)
10003ea4:	68db      	ldr	r3, [r3, #12]
10003ea6:	4718      	bx	r3

10003ea8 <fdiv_save_state>:
10003ea8:	b5f0      	push	{r4, r5, r6, r7, lr}
10003eaa:	6e14      	ldr	r4, [r2, #96]	@ 0x60
10003eac:	6e55      	ldr	r5, [r2, #100]	@ 0x64
10003eae:	6f57      	ldr	r7, [r2, #116]	@ 0x74
10003eb0:	6f16      	ldr	r6, [r2, #112]	@ 0x70
10003eb2:	f7ff fff6 	bl	10003ea2 <fdiv_shim_call>
10003eb6:	4a05      	ldr	r2, [pc, #20]	@ (10003ecc <__wrap___aeabi_fmul+0xa>)
10003eb8:	6614      	str	r4, [r2, #96]	@ 0x60
10003eba:	6655      	str	r5, [r2, #100]	@ 0x64
10003ebc:	6757      	str	r7, [r2, #116]	@ 0x74
10003ebe:	6716      	str	r6, [r2, #112]	@ 0x70
10003ec0:	bdf0      	pop	{r4, r5, r6, r7, pc}

10003ec2 <__wrap___aeabi_fmul>:
10003ec2:	4b01      	ldr	r3, [pc, #4]	@ (10003ec8 <__wrap___aeabi_fmul+0x6>)
10003ec4:	689b      	ldr	r3, [r3, #8]
10003ec6:	4718      	bx	r3
10003ec8:	20001388 	.word	0x20001388
10003ecc:	d0000000 	.word	0xd0000000

10003ed0 <__wrap___aeabi_ui2f>:
10003ed0:	1a49      	subs	r1, r1, r1
10003ed2:	2800      	cmp	r0, #0
10003ed4:	d108      	bne.n	10003ee8 <__aeabi_i2f_main>
10003ed6:	4608      	mov	r0, r1
10003ed8:	4770      	bx	lr
	...

10003edc <__wrap___aeabi_i2f>:
10003edc:	0fc1      	lsrs	r1, r0, #31
10003ede:	07c9      	lsls	r1, r1, #31
10003ee0:	d500      	bpl.n	10003ee4 <__wrap___aeabi_i2f+0x8>
10003ee2:	4240      	negs	r0, r0
10003ee4:	2800      	cmp	r0, #0
10003ee6:	d017      	beq.n	10003f18 <__aeabi_i2f_main+0x30>

10003ee8 <__aeabi_i2f_main>:
10003ee8:	46f4      	mov	ip, lr
10003eea:	b403      	push	{r0, r1}
10003eec:	4b0b      	ldr	r3, [pc, #44]	@ (10003f1c <__aeabi_i2f_main+0x34>)
10003eee:	681b      	ldr	r3, [r3, #0]
10003ef0:	4798      	blx	r3
10003ef2:	bc06      	pop	{r1, r2}
10003ef4:	4081      	lsls	r1, r0
10003ef6:	389e      	subs	r0, #158	@ 0x9e
10003ef8:	4240      	negs	r0, r0
10003efa:	3180      	adds	r1, #128	@ 0x80
10003efc:	d207      	bcs.n	10003f0e <__aeabi_i2f_main+0x26>
10003efe:	060b      	lsls	r3, r1, #24
10003f00:	d007      	beq.n	10003f12 <__aeabi_i2f_main+0x2a>
10003f02:	0049      	lsls	r1, r1, #1
10003f04:	0a49      	lsrs	r1, r1, #9
10003f06:	05c0      	lsls	r0, r0, #23
10003f08:	4310      	orrs	r0, r2
10003f0a:	4308      	orrs	r0, r1
10003f0c:	4760      	bx	ip
10003f0e:	3001      	adds	r0, #1
10003f10:	e7f8      	b.n	10003f04 <__aeabi_i2f_main+0x1c>
10003f12:	0a49      	lsrs	r1, r1, #9
10003f14:	0289      	lsls	r1, r1, #10
10003f16:	e7f5      	b.n	10003f04 <__aeabi_i2f_main+0x1c>
10003f18:	4770      	bx	lr
10003f1a:	0000      	.short	0x0000
10003f1c:	20002008 	.word	0x20002008
10003f20:	4a05      	ldr	r2, [pc, #20]	@ (10003f38 <__wrap___aeabi_ul2f+0x14>)
10003f22:	4710      	bx	r2

10003f24 <__wrap___aeabi_ul2f>:
10003f24:	2900      	cmp	r1, #0
10003f26:	d0fb      	beq.n	10003f20 <__aeabi_i2f_main+0x38>
10003f28:	4b04      	ldr	r3, [pc, #16]	@ (10003f3c <__wrap___aeabi_ul2f+0x18>)
10003f2a:	6e5b      	ldr	r3, [r3, #100]	@ 0x64
10003f2c:	46fc      	mov	ip, pc
10003f2e:	4718      	bx	r3
10003f30:	3fe5df64 	.word	0x3fe5df64
10003f34:	00001000 	.word	0x00001000
10003f38:	10003ed1 	.word	0x10003ed1
10003f3c:	20001388 	.word	0x20001388

10003f40 <__wrap___aeabi_f2d>:
10003f40:	4b03      	ldr	r3, [pc, #12]	@ (10003f50 <__wrap___aeabi_f2d+0x10>)
10003f42:	6fdb      	ldr	r3, [r3, #124]	@ 0x7c
10003f44:	46fc      	mov	ip, pc
10003f46:	4718      	bx	r3
10003f48:	4029df7c 	.word	0x4029df7c
10003f4c:	00001000 	.word	0x00001000
10003f50:	20001388 	.word	0x20001388

10003f54 <__aeabi_float_init>:
10003f54:	2313      	movs	r3, #19
10003f56:	b510      	push	{r4, lr}
10003f58:	4812      	ldr	r0, [pc, #72]	@ (10003fa4 <__aeabi_float_init+0x50>)
10003f5a:	781c      	ldrb	r4, [r3, #0]
10003f5c:	f7fe ffb2 	bl	10002ec4 <rom_data_lookup>
10003f60:	0001      	movs	r1, r0
10003f62:	2c01      	cmp	r4, #1
10003f64:	d00a      	beq.n	10003f7c <__aeabi_float_init+0x28>
10003f66:	dd03      	ble.n	10003f70 <__aeabi_float_init+0x1c>
10003f68:	2280      	movs	r2, #128	@ 0x80
10003f6a:	480f      	ldr	r0, [pc, #60]	@ (10003fa8 <__aeabi_float_init+0x54>)
10003f6c:	f000 f882 	bl	10004074 <__wrap___aeabi_memcpy>
10003f70:	480e      	ldr	r0, [pc, #56]	@ (10003fac <__aeabi_float_init+0x58>)
10003f72:	f7fe ff9f 	bl	10002eb4 <rom_func_lookup>
10003f76:	4b0e      	ldr	r3, [pc, #56]	@ (10003fb0 <__aeabi_float_init+0x5c>)
10003f78:	6018      	str	r0, [r3, #0]
10003f7a:	bd10      	pop	{r4, pc}
10003f7c:	4c0a      	ldr	r4, [pc, #40]	@ (10003fa8 <__aeabi_float_init+0x54>)
10003f7e:	2254      	movs	r2, #84	@ 0x54
10003f80:	0020      	movs	r0, r4
10003f82:	f000 f877 	bl	10004074 <__wrap___aeabi_memcpy>
10003f86:	4b0b      	ldr	r3, [pc, #44]	@ (10003fb4 <__aeabi_float_init+0x60>)
10003f88:	6563      	str	r3, [r4, #84]	@ 0x54
10003f8a:	65a3      	str	r3, [r4, #88]	@ 0x58
10003f8c:	65e3      	str	r3, [r4, #92]	@ 0x5c
10003f8e:	6623      	str	r3, [r4, #96]	@ 0x60
10003f90:	6663      	str	r3, [r4, #100]	@ 0x64
10003f92:	66a3      	str	r3, [r4, #104]	@ 0x68
10003f94:	66e3      	str	r3, [r4, #108]	@ 0x6c
10003f96:	6723      	str	r3, [r4, #112]	@ 0x70
10003f98:	6763      	str	r3, [r4, #116]	@ 0x74
10003f9a:	67a3      	str	r3, [r4, #120]	@ 0x78
10003f9c:	67e3      	str	r3, [r4, #124]	@ 0x7c
10003f9e:	6223      	str	r3, [r4, #32]
10003fa0:	61e3      	str	r3, [r4, #28]
10003fa2:	e7e5      	b.n	10003f70 <__aeabi_float_init+0x1c>
10003fa4:	00004653 	.word	0x00004653
10003fa8:	20001388 	.word	0x20001388
10003fac:	0000334c 	.word	0x0000334c
10003fb0:	20002008 	.word	0x20002008
10003fb4:	10003fb9 	.word	0x10003fb9

10003fb8 <float_table_shim_on_use_helper>:
10003fb8:	b507      	push	{r0, r1, r2, lr}
10003fba:	4660      	mov	r0, ip
10003fbc:	8801      	ldrh	r1, [r0, #0]
10003fbe:	0a0a      	lsrs	r2, r1, #8
10003fc0:	3002      	adds	r0, #2
10003fc2:	2adf      	cmp	r2, #223	@ 0xdf
10003fc4:	d1fa      	bne.n	10003fbc <float_table_shim_on_use_helper+0x4>
10003fc6:	b2c9      	uxtb	r1, r1
10003fc8:	0882      	lsrs	r2, r0, #2
10003fca:	d304      	bcc.n	10003fd6 <float_table_shim_on_use_helper+0x1e>
10003fcc:	8802      	ldrh	r2, [r0, #0]
10003fce:	8840      	ldrh	r0, [r0, #2]
10003fd0:	0400      	lsls	r0, r0, #16
10003fd2:	4310      	orrs	r0, r2
10003fd4:	e000      	b.n	10003fd8 <float_table_shim_on_use_helper+0x20>
10003fd6:	6800      	ldr	r0, [r0, #0]
10003fd8:	4a01      	ldr	r2, [pc, #4]	@ (10003fe0 <float_table_shim_on_use_helper+0x28>)
10003fda:	5050      	str	r0, [r2, r1]
10003fdc:	9003      	str	r0, [sp, #12]
10003fde:	bd07      	pop	{r0, r1, r2, pc}
10003fe0:	20001388 	.word	0x20001388

10003fe4 <uint642float_shim>:
10003fe4:	2200      	movs	r2, #0

10003fe6 <ufix642float_shim>:
10003fe6:	b530      	push	{r4, r5, lr}
10003fe8:	2900      	cmp	r1, #0
10003fea:	d506      	bpl.n	10003ffa <fix642float_shim+0x2>
10003fec:	07cd      	lsls	r5, r1, #31
10003fee:	4305      	orrs	r5, r0
10003ff0:	0848      	lsrs	r0, r1, #1
10003ff2:	3a01      	subs	r2, #1
10003ff4:	e010      	b.n	10004018 <fix642float_shim+0x20>

10003ff6 <int642float_shim>:
10003ff6:	2200      	movs	r2, #0

10003ff8 <fix642float_shim>:
10003ff8:	b530      	push	{r4, r5, lr}
10003ffa:	0005      	movs	r5, r0
10003ffc:	430d      	orrs	r5, r1
10003ffe:	d00f      	beq.n	10004020 <ret_pop45>
10004000:	17cd      	asrs	r5, r1, #31
10004002:	160c      	asrs	r4, r1, #24
10004004:	42ac      	cmp	r4, r5
10004006:	d105      	bne.n	10004014 <fix642float_shim+0x1c>
10004008:	01c9      	lsls	r1, r1, #7
1000400a:	0e44      	lsrs	r4, r0, #25
1000400c:	4321      	orrs	r1, r4
1000400e:	01c0      	lsls	r0, r0, #7
10004010:	3207      	adds	r2, #7
10004012:	e7f6      	b.n	10004002 <fix642float_shim+0xa>
10004014:	0005      	movs	r5, r0
10004016:	0008      	movs	r0, r1
10004018:	4252      	negs	r2, r2
1000401a:	323d      	adds	r2, #61	@ 0x3d
1000401c:	4901      	ldr	r1, [pc, #4]	@ (10004024 <ret_pop45+0x4>)
1000401e:	4788      	blx	r1

10004020 <ret_pop45>:
10004020:	bd30      	pop	{r4, r5, pc}
10004022:	0000      	.short	0x0000
10004024:	000029ef 	.word	0x000029ef

10004028 <float2double_shim>:
10004028:	0fc3      	lsrs	r3, r0, #31
1000402a:	07db      	lsls	r3, r3, #31
1000402c:	0041      	lsls	r1, r0, #1
1000402e:	0e0a      	lsrs	r2, r1, #24
10004030:	d007      	beq.n	10004042 <float2double_shim+0x1a>
10004032:	2aff      	cmp	r2, #255	@ 0xff
10004034:	d008      	beq.n	10004048 <float2double_shim+0x20>
10004036:	0909      	lsrs	r1, r1, #4
10004038:	4a05      	ldr	r2, [pc, #20]	@ (10004050 <float2double_shim+0x28>)
1000403a:	1889      	adds	r1, r1, r2
1000403c:	4319      	orrs	r1, r3
1000403e:	0740      	lsls	r0, r0, #29
10004040:	4770      	bx	lr
10004042:	0019      	movs	r1, r3
10004044:	2000      	movs	r0, #0
10004046:	4770      	bx	lr
10004048:	4902      	ldr	r1, [pc, #8]	@ (10004054 <float2double_shim+0x2c>)
1000404a:	18c9      	adds	r1, r1, r3
1000404c:	e7fa      	b.n	10004044 <float2double_shim+0x1c>
1000404e:	0000      	.short	0x0000
10004050:	38000000 	.word	0x38000000
10004054:	7ff00000 	.word	0x7ff00000

10004058 <__aeabi_mem_init>:
10004058:	4801      	ldr	r0, [pc, #4]	@ (10004060 <__aeabi_mem_init+0x8>)
1000405a:	2104      	movs	r1, #4
1000405c:	4b01      	ldr	r3, [pc, #4]	@ (10004064 <__aeabi_mem_init+0xc>)
1000405e:	4718      	bx	r3
10004060:	20001060 	.word	0x20001060
10004064:	10002ed5 	.word	0x10002ed5

10004068 <__wrap_memset>:
10004068:	4b01      	ldr	r3, [pc, #4]	@ (10004070 <__wrap_memset+0x8>)
1000406a:	681b      	ldr	r3, [r3, #0]
1000406c:	4718      	bx	r3
1000406e:	0000      	.short	0x0000
10004070:	20001060 	.word	0x20001060

10004074 <__wrap___aeabi_memcpy>:
10004074:	4b01      	ldr	r3, [pc, #4]	@ (1000407c <__wrap___aeabi_memcpy+0x8>)
10004076:	685b      	ldr	r3, [r3, #4]
10004078:	4718      	bx	r3
1000407a:	0000      	.short	0x0000
1000407c:	20001060 	.word	0x20001060

10004080 <_out_buffer>:
10004080:	429a      	cmp	r2, r3
10004082:	d200      	bcs.n	10004086 <_out_buffer+0x6>
10004084:	5488      	strb	r0, [r1, r2]
10004086:	4770      	bx	lr

10004088 <_out_null>:
10004088:	4770      	bx	lr
1000408a:	46c0      	nop			@ (mov r8, r8)

1000408c <_out_rev>:
1000408c:	b5f8      	push	{r3, r4, r5, r6, r7, lr}
1000408e:	4657      	mov	r7, sl
10004090:	46de      	mov	lr, fp
10004092:	464e      	mov	r6, r9
10004094:	4645      	mov	r5, r8
10004096:	b5e0      	push	{r5, r6, r7, lr}
10004098:	4699      	mov	r9, r3
1000409a:	9b0a      	ldr	r3, [sp, #40]	@ 0x28
1000409c:	0007      	movs	r7, r0
1000409e:	469a      	mov	sl, r3
100040a0:	9b0d      	ldr	r3, [sp, #52]	@ 0x34
100040a2:	4688      	mov	r8, r1
100040a4:	4693      	mov	fp, r2
100040a6:	9c0b      	ldr	r4, [sp, #44]	@ 0x2c
100040a8:	079b      	lsls	r3, r3, #30
100040aa:	d13b      	bne.n	10004124 <_out_rev+0x98>
100040ac:	9b0c      	ldr	r3, [sp, #48]	@ 0x30
100040ae:	429c      	cmp	r4, r3
100040b0:	d23d      	bcs.n	1000412e <_out_rev+0xa2>
100040b2:	1b1e      	subs	r6, r3, r4
100040b4:	940b      	str	r4, [sp, #44]	@ 0x2c
100040b6:	0015      	movs	r5, r2
100040b8:	000c      	movs	r4, r1
100040ba:	445e      	add	r6, fp
100040bc:	002a      	movs	r2, r5
100040be:	464b      	mov	r3, r9
100040c0:	3501      	adds	r5, #1
100040c2:	0021      	movs	r1, r4
100040c4:	2020      	movs	r0, #32
100040c6:	47b8      	blx	r7
100040c8:	42b5      	cmp	r5, r6
100040ca:	d1f7      	bne.n	100040bc <_out_rev+0x30>
100040cc:	46a0      	mov	r8, r4
100040ce:	9c0b      	ldr	r4, [sp, #44]	@ 0x2c
100040d0:	2c00      	cmp	r4, #0
100040d2:	d020      	beq.n	10004116 <_out_rev+0x8a>
100040d4:	4645      	mov	r5, r8
100040d6:	1936      	adds	r6, r6, r4
100040d8:	4653      	mov	r3, sl
100040da:	1b32      	subs	r2, r6, r4
100040dc:	3c01      	subs	r4, #1
100040de:	5d18      	ldrb	r0, [r3, r4]
100040e0:	0029      	movs	r1, r5
100040e2:	464b      	mov	r3, r9
100040e4:	47b8      	blx	r7
100040e6:	2c00      	cmp	r4, #0
100040e8:	d1f6      	bne.n	100040d8 <_out_rev+0x4c>
100040ea:	002b      	movs	r3, r5
100040ec:	0035      	movs	r5, r6
100040ee:	4698      	mov	r8, r3
100040f0:	9b0d      	ldr	r3, [sp, #52]	@ 0x34
100040f2:	079b      	lsls	r3, r3, #30
100040f4:	d50f      	bpl.n	10004116 <_out_rev+0x8a>
100040f6:	465b      	mov	r3, fp
100040f8:	1aec      	subs	r4, r5, r3
100040fa:	9b0c      	ldr	r3, [sp, #48]	@ 0x30
100040fc:	42a3      	cmp	r3, r4
100040fe:	d90a      	bls.n	10004116 <_out_rev+0x8a>
10004100:	4646      	mov	r6, r8
10004102:	4698      	mov	r8, r3
10004104:	002a      	movs	r2, r5
10004106:	464b      	mov	r3, r9
10004108:	0031      	movs	r1, r6
1000410a:	2020      	movs	r0, #32
1000410c:	3401      	adds	r4, #1
1000410e:	47b8      	blx	r7
10004110:	3501      	adds	r5, #1
10004112:	4544      	cmp	r4, r8
10004114:	d3f6      	bcc.n	10004104 <_out_rev+0x78>
10004116:	0028      	movs	r0, r5
10004118:	bcf0      	pop	{r4, r5, r6, r7}
1000411a:	46bb      	mov	fp, r7
1000411c:	46b2      	mov	sl, r6
1000411e:	46a9      	mov	r9, r5
10004120:	46a0      	mov	r8, r4
10004122:	bdf8      	pop	{r3, r4, r5, r6, r7, pc}
10004124:	0016      	movs	r6, r2
10004126:	0015      	movs	r5, r2
10004128:	2c00      	cmp	r4, #0
1000412a:	d1d3      	bne.n	100040d4 <_out_rev+0x48>
1000412c:	e7e0      	b.n	100040f0 <_out_rev+0x64>
1000412e:	0016      	movs	r6, r2
10004130:	0015      	movs	r5, r2
10004132:	2c00      	cmp	r4, #0
10004134:	d1ce      	bne.n	100040d4 <_out_rev+0x48>
10004136:	e7ee      	b.n	10004116 <_out_rev+0x8a>

10004138 <_ntoa_format>:
10004138:	b5f0      	push	{r4, r5, r6, r7, lr}
1000413a:	4645      	mov	r5, r8
1000413c:	46de      	mov	lr, fp
1000413e:	4657      	mov	r7, sl
10004140:	464e      	mov	r6, r9
10004142:	b5e0      	push	{r5, r6, r7, lr}
10004144:	b085      	sub	sp, #20
10004146:	469c      	mov	ip, r3
10004148:	ab10      	add	r3, sp, #64	@ 0x40
1000414a:	781b      	ldrb	r3, [r3, #0]
1000414c:	9f14      	ldr	r7, [sp, #80]	@ 0x50
1000414e:	4693      	mov	fp, r2
10004150:	4698      	mov	r8, r3
10004152:	9c0f      	ldr	r4, [sp, #60]	@ 0x3c
10004154:	9e12      	ldr	r6, [sp, #72]	@ 0x48
10004156:	9d13      	ldr	r5, [sp, #76]	@ 0x4c
10004158:	07bb      	lsls	r3, r7, #30
1000415a:	d44c      	bmi.n	100041f6 <_ntoa_format+0xbe>
1000415c:	2d00      	cmp	r5, #0
1000415e:	d142      	bne.n	100041e6 <_ntoa_format+0xae>
10004160:	42b4      	cmp	r4, r6
10004162:	d248      	bcs.n	100041f6 <_ntoa_format+0xbe>
10004164:	2301      	movs	r3, #1
10004166:	403b      	ands	r3, r7
10004168:	4699      	mov	r9, r3
1000416a:	9b0e      	ldr	r3, [sp, #56]	@ 0x38
1000416c:	3b01      	subs	r3, #1
1000416e:	469a      	mov	sl, r3
10004170:	2330      	movs	r3, #48	@ 0x30
10004172:	e004      	b.n	1000417e <_ntoa_format+0x46>
10004174:	4652      	mov	r2, sl
10004176:	3401      	adds	r4, #1
10004178:	5513      	strb	r3, [r2, r4]
1000417a:	42a6      	cmp	r6, r4
1000417c:	d901      	bls.n	10004182 <_ntoa_format+0x4a>
1000417e:	2c20      	cmp	r4, #32
10004180:	d1f8      	bne.n	10004174 <_ntoa_format+0x3c>
10004182:	464b      	mov	r3, r9
10004184:	2b00      	cmp	r3, #0
10004186:	d100      	bne.n	1000418a <_ntoa_format+0x52>
10004188:	e083      	b.n	10004292 <_ntoa_format+0x15a>
1000418a:	9b0e      	ldr	r3, [sp, #56]	@ 0x38
1000418c:	3b01      	subs	r3, #1
1000418e:	4699      	mov	r9, r3
10004190:	2330      	movs	r3, #48	@ 0x30
10004192:	42a5      	cmp	r5, r4
10004194:	d805      	bhi.n	100041a2 <_ntoa_format+0x6a>
10004196:	e02e      	b.n	100041f6 <_ntoa_format+0xbe>
10004198:	464a      	mov	r2, r9
1000419a:	3401      	adds	r4, #1
1000419c:	5513      	strb	r3, [r2, r4]
1000419e:	42ac      	cmp	r4, r5
100041a0:	d029      	beq.n	100041f6 <_ntoa_format+0xbe>
100041a2:	2c20      	cmp	r4, #32
100041a4:	d1f8      	bne.n	10004198 <_ntoa_format+0x60>
100041a6:	06fb      	lsls	r3, r7, #27
100041a8:	d50c      	bpl.n	100041c4 <_ntoa_format+0x8c>
100041aa:	057b      	lsls	r3, r7, #21
100041ac:	d454      	bmi.n	10004258 <_ntoa_format+0x120>
100041ae:	42a6      	cmp	r6, r4
100041b0:	d063      	beq.n	1000427a <_ntoa_format+0x142>
100041b2:	42a5      	cmp	r5, r4
100041b4:	d061      	beq.n	1000427a <_ntoa_format+0x142>
100041b6:	9b11      	ldr	r3, [sp, #68]	@ 0x44
100041b8:	2b10      	cmp	r3, #16
100041ba:	d050      	beq.n	1000425e <_ntoa_format+0x126>
100041bc:	2b02      	cmp	r3, #2
100041be:	d057      	beq.n	10004270 <_ntoa_format+0x138>
100041c0:	2c20      	cmp	r4, #32
100041c2:	d132      	bne.n	1000422a <_ntoa_format+0xf2>
100041c4:	2320      	movs	r3, #32
100041c6:	9301      	str	r3, [sp, #4]
100041c8:	9b0e      	ldr	r3, [sp, #56]	@ 0x38
100041ca:	465a      	mov	r2, fp
100041cc:	9300      	str	r3, [sp, #0]
100041ce:	9703      	str	r7, [sp, #12]
100041d0:	4663      	mov	r3, ip
100041d2:	9502      	str	r5, [sp, #8]
100041d4:	f7ff ff5a 	bl	1000408c <_out_rev>
100041d8:	b005      	add	sp, #20
100041da:	bcf0      	pop	{r4, r5, r6, r7}
100041dc:	46bb      	mov	fp, r7
100041de:	46b2      	mov	sl, r6
100041e0:	46a9      	mov	r9, r5
100041e2:	46a0      	mov	r8, r4
100041e4:	bdf0      	pop	{r4, r5, r6, r7, pc}
100041e6:	2301      	movs	r3, #1
100041e8:	403b      	ands	r3, r7
100041ea:	4699      	mov	r9, r3
100041ec:	2301      	movs	r3, #1
100041ee:	423b      	tst	r3, r7
100041f0:	d12a      	bne.n	10004248 <_ntoa_format+0x110>
100041f2:	42b4      	cmp	r4, r6
100041f4:	d3b9      	bcc.n	1000416a <_ntoa_format+0x32>
100041f6:	06fb      	lsls	r3, r7, #27
100041f8:	d51c      	bpl.n	10004234 <_ntoa_format+0xfc>
100041fa:	057b      	lsls	r3, r7, #21
100041fc:	d4db      	bmi.n	100041b6 <_ntoa_format+0x7e>
100041fe:	2c00      	cmp	r4, #0
10004200:	d1d5      	bne.n	100041ae <_ntoa_format+0x76>
10004202:	9b11      	ldr	r3, [sp, #68]	@ 0x44
10004204:	2b10      	cmp	r3, #16
10004206:	d05b      	beq.n	100042c0 <_ntoa_format+0x188>
10004208:	9b11      	ldr	r3, [sp, #68]	@ 0x44
1000420a:	2b02      	cmp	r3, #2
1000420c:	d06b      	beq.n	100042e6 <_ntoa_format+0x1ae>
1000420e:	2330      	movs	r3, #48	@ 0x30
10004210:	2401      	movs	r4, #1
10004212:	9a0e      	ldr	r2, [sp, #56]	@ 0x38
10004214:	7013      	strb	r3, [r2, #0]
10004216:	4643      	mov	r3, r8
10004218:	2b00      	cmp	r3, #0
1000421a:	d110      	bne.n	1000423e <_ntoa_format+0x106>
1000421c:	077b      	lsls	r3, r7, #29
1000421e:	d53e      	bpl.n	1000429e <_ntoa_format+0x166>
10004220:	262b      	movs	r6, #43	@ 0x2b
10004222:	9a0e      	ldr	r2, [sp, #56]	@ 0x38
10004224:	1c63      	adds	r3, r4, #1
10004226:	5516      	strb	r6, [r2, r4]
10004228:	e7cd      	b.n	100041c6 <_ntoa_format+0x8e>
1000422a:	0023      	movs	r3, r4
1000422c:	3401      	adds	r4, #1
1000422e:	2630      	movs	r6, #48	@ 0x30
10004230:	9a0e      	ldr	r2, [sp, #56]	@ 0x38
10004232:	54d6      	strb	r6, [r2, r3]
10004234:	2c20      	cmp	r4, #32
10004236:	d0c5      	beq.n	100041c4 <_ntoa_format+0x8c>
10004238:	4643      	mov	r3, r8
1000423a:	2b00      	cmp	r3, #0
1000423c:	d0ee      	beq.n	1000421c <_ntoa_format+0xe4>
1000423e:	262d      	movs	r6, #45	@ 0x2d
10004240:	9a0e      	ldr	r2, [sp, #56]	@ 0x38
10004242:	1c63      	adds	r3, r4, #1
10004244:	5516      	strb	r6, [r2, r4]
10004246:	e7be      	b.n	100041c6 <_ntoa_format+0x8e>
10004248:	4643      	mov	r3, r8
1000424a:	2b00      	cmp	r3, #0
1000424c:	d02f      	beq.n	100042ae <_ntoa_format+0x176>
1000424e:	3d01      	subs	r5, #1
10004250:	42b4      	cmp	r4, r6
10004252:	d200      	bcs.n	10004256 <_ntoa_format+0x11e>
10004254:	e789      	b.n	1000416a <_ntoa_format+0x32>
10004256:	e798      	b.n	1000418a <_ntoa_format+0x52>
10004258:	9b11      	ldr	r3, [sp, #68]	@ 0x44
1000425a:	2b10      	cmp	r3, #16
1000425c:	d1b2      	bne.n	100041c4 <_ntoa_format+0x8c>
1000425e:	06bb      	lsls	r3, r7, #26
10004260:	d537      	bpl.n	100042d2 <_ntoa_format+0x19a>
10004262:	2c20      	cmp	r4, #32
10004264:	d0ae      	beq.n	100041c4 <_ntoa_format+0x8c>
10004266:	2358      	movs	r3, #88	@ 0x58
10004268:	9a0e      	ldr	r2, [sp, #56]	@ 0x38
1000426a:	5513      	strb	r3, [r2, r4]
1000426c:	3401      	adds	r4, #1
1000426e:	e7a7      	b.n	100041c0 <_ntoa_format+0x88>
10004270:	2c20      	cmp	r4, #32
10004272:	d0a7      	beq.n	100041c4 <_ntoa_format+0x8c>
10004274:	0023      	movs	r3, r4
10004276:	3401      	adds	r4, #1
10004278:	e007      	b.n	1000428a <_ntoa_format+0x152>
1000427a:	1e63      	subs	r3, r4, #1
1000427c:	2c01      	cmp	r4, #1
1000427e:	d0c0      	beq.n	10004202 <_ntoa_format+0xca>
10004280:	9a11      	ldr	r2, [sp, #68]	@ 0x44
10004282:	2a10      	cmp	r2, #16
10004284:	d031      	beq.n	100042ea <_ntoa_format+0x1b2>
10004286:	2a02      	cmp	r2, #2
10004288:	d1d1      	bne.n	1000422e <_ntoa_format+0xf6>
1000428a:	2662      	movs	r6, #98	@ 0x62
1000428c:	9a0e      	ldr	r2, [sp, #56]	@ 0x38
1000428e:	54d6      	strb	r6, [r2, r3]
10004290:	e796      	b.n	100041c0 <_ntoa_format+0x88>
10004292:	06fb      	lsls	r3, r7, #27
10004294:	d5ce      	bpl.n	10004234 <_ntoa_format+0xfc>
10004296:	057b      	lsls	r3, r7, #21
10004298:	d400      	bmi.n	1000429c <_ntoa_format+0x164>
1000429a:	e788      	b.n	100041ae <_ntoa_format+0x76>
1000429c:	e78b      	b.n	100041b6 <_ntoa_format+0x7e>
1000429e:	0023      	movs	r3, r4
100042a0:	073e      	lsls	r6, r7, #28
100042a2:	d590      	bpl.n	100041c6 <_ntoa_format+0x8e>
100042a4:	2620      	movs	r6, #32
100042a6:	9a0e      	ldr	r2, [sp, #56]	@ 0x38
100042a8:	3301      	adds	r3, #1
100042aa:	5516      	strb	r6, [r2, r4]
100042ac:	e78b      	b.n	100041c6 <_ntoa_format+0x8e>
100042ae:	230c      	movs	r3, #12
100042b0:	403b      	ands	r3, r7
100042b2:	1e5a      	subs	r2, r3, #1
100042b4:	4193      	sbcs	r3, r2
100042b6:	1aed      	subs	r5, r5, r3
100042b8:	42b4      	cmp	r4, r6
100042ba:	d200      	bcs.n	100042be <_ntoa_format+0x186>
100042bc:	e755      	b.n	1000416a <_ntoa_format+0x32>
100042be:	e764      	b.n	1000418a <_ntoa_format+0x52>
100042c0:	06bb      	lsls	r3, r7, #26
100042c2:	d40e      	bmi.n	100042e2 <_ntoa_format+0x1aa>
100042c4:	2378      	movs	r3, #120	@ 0x78
100042c6:	9a0e      	ldr	r2, [sp, #56]	@ 0x38
100042c8:	2402      	movs	r4, #2
100042ca:	7013      	strb	r3, [r2, #0]
100042cc:	2330      	movs	r3, #48	@ 0x30
100042ce:	7053      	strb	r3, [r2, #1]
100042d0:	e7a1      	b.n	10004216 <_ntoa_format+0xde>
100042d2:	2c20      	cmp	r4, #32
100042d4:	d100      	bne.n	100042d8 <_ntoa_format+0x1a0>
100042d6:	e775      	b.n	100041c4 <_ntoa_format+0x8c>
100042d8:	2378      	movs	r3, #120	@ 0x78
100042da:	9a0e      	ldr	r2, [sp, #56]	@ 0x38
100042dc:	5513      	strb	r3, [r2, r4]
100042de:	3401      	adds	r4, #1
100042e0:	e76e      	b.n	100041c0 <_ntoa_format+0x88>
100042e2:	2358      	movs	r3, #88	@ 0x58
100042e4:	e7ef      	b.n	100042c6 <_ntoa_format+0x18e>
100042e6:	3360      	adds	r3, #96	@ 0x60
100042e8:	e7ed      	b.n	100042c6 <_ntoa_format+0x18e>
100042ea:	9a0e      	ldr	r2, [sp, #56]	@ 0x38
100042ec:	1ea6      	subs	r6, r4, #2
100042ee:	4691      	mov	r9, r2
100042f0:	444e      	add	r6, r9
100042f2:	06ba      	lsls	r2, r7, #26
100042f4:	d502      	bpl.n	100042fc <_ntoa_format+0x1c4>
100042f6:	2258      	movs	r2, #88	@ 0x58
100042f8:	7032      	strb	r2, [r6, #0]
100042fa:	e798      	b.n	1000422e <_ntoa_format+0xf6>
100042fc:	2278      	movs	r2, #120	@ 0x78
100042fe:	7032      	strb	r2, [r6, #0]
10004300:	e795      	b.n	1000422e <_ntoa_format+0xf6>
10004302:	46c0      	nop			@ (mov r8, r8)

10004304 <_out_char>:
10004304:	b510      	push	{r4, lr}
10004306:	2800      	cmp	r0, #0
10004308:	d100      	bne.n	1000430c <_out_char+0x8>
1000430a:	bd10      	pop	{r4, pc}
1000430c:	f001 fc92 	bl	10005c34 <__wrap_putchar>
10004310:	e7fb      	b.n	1000430a <_out_char+0x6>
10004312:	46c0      	nop			@ (mov r8, r8)

10004314 <_out_fct>:
10004314:	000b      	movs	r3, r1
10004316:	b510      	push	{r4, lr}
10004318:	2800      	cmp	r0, #0
1000431a:	d002      	beq.n	10004322 <_out_fct+0xe>
1000431c:	6849      	ldr	r1, [r1, #4]
1000431e:	681b      	ldr	r3, [r3, #0]
10004320:	4798      	blx	r3
10004322:	bd10      	pop	{r4, pc}

10004324 <_ftoa>:
10004324:	b5f0      	push	{r4, r5, r6, r7, lr}
10004326:	4657      	mov	r7, sl
10004328:	46de      	mov	lr, fp
1000432a:	464e      	mov	r6, r9
1000432c:	4645      	mov	r5, r8
1000432e:	b5e0      	push	{r5, r6, r7, lr}
10004330:	b095      	sub	sp, #84	@ 0x54
10004332:	4683      	mov	fp, r0
10004334:	000f      	movs	r7, r1
10004336:	4692      	mov	sl, r2
10004338:	4698      	mov	r8, r3
1000433a:	9a1e      	ldr	r2, [sp, #120]	@ 0x78
1000433c:	9b1f      	ldr	r3, [sp, #124]	@ 0x7c
1000433e:	0010      	movs	r0, r2
10004340:	0019      	movs	r1, r3
10004342:	9e20      	ldr	r6, [sp, #128]	@ 0x80
10004344:	f7ff fa2b 	bl	1000379e <__wrap___aeabi_dcmpun>
10004348:	2800      	cmp	r0, #0
1000434a:	d000      	beq.n	1000434e <_ftoa+0x2a>
1000434c:	e1ea      	b.n	10004724 <_ftoa+0x400>
1000434e:	981e      	ldr	r0, [sp, #120]	@ 0x78
10004350:	991f      	ldr	r1, [sp, #124]	@ 0x7c
10004352:	2201      	movs	r2, #1
10004354:	4bc5      	ldr	r3, [pc, #788]	@ (1000466c <_ftoa+0x348>)
10004356:	4252      	negs	r2, r2
10004358:	f7ff fa06 	bl	10003768 <__wrap___aeabi_dcmplt>
1000435c:	2800      	cmp	r0, #0
1000435e:	d000      	beq.n	10004362 <_ftoa+0x3e>
10004360:	e114      	b.n	1000458c <_ftoa+0x268>
10004362:	981e      	ldr	r0, [sp, #120]	@ 0x78
10004364:	991f      	ldr	r1, [sp, #124]	@ 0x7c
10004366:	2201      	movs	r2, #1
10004368:	4bc1      	ldr	r3, [pc, #772]	@ (10004670 <_ftoa+0x34c>)
1000436a:	4252      	negs	r2, r2
1000436c:	f7ff fa12 	bl	10003794 <__wrap___aeabi_dcmpgt>
10004370:	2800      	cmp	r0, #0
10004372:	d000      	beq.n	10004376 <_ftoa+0x52>
10004374:	e0e9      	b.n	1000454a <_ftoa+0x226>
10004376:	981e      	ldr	r0, [sp, #120]	@ 0x78
10004378:	991f      	ldr	r1, [sp, #124]	@ 0x7c
1000437a:	2200      	movs	r2, #0
1000437c:	4bbd      	ldr	r3, [pc, #756]	@ (10004674 <_ftoa+0x350>)
1000437e:	f7ff fa09 	bl	10003794 <__wrap___aeabi_dcmpgt>
10004382:	2800      	cmp	r0, #0
10004384:	d000      	beq.n	10004388 <_ftoa+0x64>
10004386:	e0c8      	b.n	1000451a <_ftoa+0x1f6>
10004388:	981e      	ldr	r0, [sp, #120]	@ 0x78
1000438a:	991f      	ldr	r1, [sp, #124]	@ 0x7c
1000438c:	2200      	movs	r2, #0
1000438e:	4bba      	ldr	r3, [pc, #744]	@ (10004678 <_ftoa+0x354>)
10004390:	f7ff f9ea 	bl	10003768 <__wrap___aeabi_dcmplt>
10004394:	2800      	cmp	r0, #0
10004396:	d000      	beq.n	1000439a <_ftoa+0x76>
10004398:	e0bf      	b.n	1000451a <_ftoa+0x1f6>
1000439a:	981e      	ldr	r0, [sp, #120]	@ 0x78
1000439c:	991f      	ldr	r1, [sp, #124]	@ 0x7c
1000439e:	2200      	movs	r2, #0
100043a0:	2300      	movs	r3, #0
100043a2:	f7ff f9e1 	bl	10003768 <__wrap___aeabi_dcmplt>
100043a6:	2800      	cmp	r0, #0
100043a8:	d000      	beq.n	100043ac <_ftoa+0x88>
100043aa:	e0e4      	b.n	10004576 <_ftoa+0x252>
100043ac:	2300      	movs	r3, #0
100043ae:	930b      	str	r3, [sp, #44]	@ 0x2c
100043b0:	9b22      	ldr	r3, [sp, #136]	@ 0x88
100043b2:	055b      	lsls	r3, r3, #21
100043b4:	d400      	bmi.n	100043b8 <_ftoa+0x94>
100043b6:	2606      	movs	r6, #6
100043b8:	2400      	movs	r4, #0
100043ba:	2330      	movs	r3, #48	@ 0x30
100043bc:	e007      	b.n	100043ce <_ftoa+0xaa>
100043be:	2117      	movs	r1, #23
100043c0:	aa06      	add	r2, sp, #24
100043c2:	3401      	adds	r4, #1
100043c4:	1852      	adds	r2, r2, r1
100043c6:	5513      	strb	r3, [r2, r4]
100043c8:	3e01      	subs	r6, #1
100043ca:	2c20      	cmp	r4, #32
100043cc:	d001      	beq.n	100043d2 <_ftoa+0xae>
100043ce:	2e09      	cmp	r6, #9
100043d0:	d8f5      	bhi.n	100043be <_ftoa+0x9a>
100043d2:	981e      	ldr	r0, [sp, #120]	@ 0x78
100043d4:	991f      	ldr	r1, [sp, #124]	@ 0x7c
100043d6:	f7ff fa0b 	bl	100037f0 <__wrap___aeabi_d2iz>
100043da:	4ba8      	ldr	r3, [pc, #672]	@ (1000467c <_ftoa+0x358>)
100043dc:	00f2      	lsls	r2, r6, #3
100043de:	189b      	adds	r3, r3, r2
100043e0:	681a      	ldr	r2, [r3, #0]
100043e2:	685b      	ldr	r3, [r3, #4]
100043e4:	0005      	movs	r5, r0
100043e6:	9208      	str	r2, [sp, #32]
100043e8:	9309      	str	r3, [sp, #36]	@ 0x24
100043ea:	f7ff f9e9 	bl	100037c0 <__wrap___aeabi_i2d>
100043ee:	0002      	movs	r2, r0
100043f0:	000b      	movs	r3, r1
100043f2:	981e      	ldr	r0, [sp, #120]	@ 0x78
100043f4:	991f      	ldr	r1, [sp, #124]	@ 0x7c
100043f6:	f7ff f944 	bl	10003682 <__wrap___aeabi_dsub>
100043fa:	9a08      	ldr	r2, [sp, #32]
100043fc:	9b09      	ldr	r3, [sp, #36]	@ 0x24
100043fe:	f7ff f970 	bl	100036e2 <__wrap___aeabi_dmul>
10004402:	9006      	str	r0, [sp, #24]
10004404:	9107      	str	r1, [sp, #28]
10004406:	f7ff fa17 	bl	10003838 <__wrap___aeabi_d2uiz>
1000440a:	4681      	mov	r9, r0
1000440c:	f7ff f9d4 	bl	100037b8 <__wrap___aeabi_ui2d>
10004410:	0002      	movs	r2, r0
10004412:	000b      	movs	r3, r1
10004414:	9806      	ldr	r0, [sp, #24]
10004416:	9907      	ldr	r1, [sp, #28]
10004418:	f7ff f933 	bl	10003682 <__wrap___aeabi_dsub>
1000441c:	2200      	movs	r2, #0
1000441e:	4b98      	ldr	r3, [pc, #608]	@ (10004680 <_ftoa+0x35c>)
10004420:	9006      	str	r0, [sp, #24]
10004422:	9107      	str	r1, [sp, #28]
10004424:	f7ff f9b6 	bl	10003794 <__wrap___aeabi_dcmpgt>
10004428:	2800      	cmp	r0, #0
1000442a:	d100      	bne.n	1000442e <_ftoa+0x10a>
1000442c:	e10d      	b.n	1000464a <_ftoa+0x326>
1000442e:	2301      	movs	r3, #1
10004430:	469c      	mov	ip, r3
10004432:	44e1      	add	r9, ip
10004434:	4648      	mov	r0, r9
10004436:	f7ff f9bf 	bl	100037b8 <__wrap___aeabi_ui2d>
1000443a:	0002      	movs	r2, r0
1000443c:	000b      	movs	r3, r1
1000443e:	9808      	ldr	r0, [sp, #32]
10004440:	9909      	ldr	r1, [sp, #36]	@ 0x24
10004442:	f7ff f997 	bl	10003774 <__wrap___aeabi_dcmple>
10004446:	2800      	cmp	r0, #0
10004448:	d002      	beq.n	10004450 <_ftoa+0x12c>
1000444a:	2300      	movs	r3, #0
1000444c:	4699      	mov	r9, r3
1000444e:	3501      	adds	r5, #1
10004450:	2e00      	cmp	r6, #0
10004452:	d100      	bne.n	10004456 <_ftoa+0x132>
10004454:	e0d9      	b.n	1000460a <_ftoa+0x2e6>
10004456:	9506      	str	r5, [sp, #24]
10004458:	464d      	mov	r5, r9
1000445a:	46b9      	mov	r9, r7
1000445c:	e014      	b.n	10004488 <_ftoa+0x164>
1000445e:	aa06      	add	r2, sp, #24
10004460:	4694      	mov	ip, r2
10004462:	2317      	movs	r3, #23
10004464:	210a      	movs	r1, #10
10004466:	4463      	add	r3, ip
10004468:	0028      	movs	r0, r5
1000446a:	3401      	adds	r4, #1
1000446c:	191f      	adds	r7, r3, r4
1000446e:	f7fe fecd 	bl	1000320c <__wrap___aeabi_uidiv>
10004472:	3130      	adds	r1, #48	@ 0x30
10004474:	7039      	strb	r1, [r7, #0]
10004476:	0028      	movs	r0, r5
10004478:	210a      	movs	r1, #10
1000447a:	3e01      	subs	r6, #1
1000447c:	f7fe fec6 	bl	1000320c <__wrap___aeabi_uidiv>
10004480:	2d09      	cmp	r5, #9
10004482:	d800      	bhi.n	10004486 <_ftoa+0x162>
10004484:	e117      	b.n	100046b6 <_ftoa+0x392>
10004486:	0005      	movs	r5, r0
10004488:	2c20      	cmp	r4, #32
1000448a:	d1e8      	bne.n	1000445e <_ftoa+0x13a>
1000448c:	464f      	mov	r7, r9
1000448e:	9d06      	ldr	r5, [sp, #24]
10004490:	2420      	movs	r4, #32
10004492:	ae0c      	add	r6, sp, #48	@ 0x30
10004494:	aa06      	add	r2, sp, #24
10004496:	2317      	movs	r3, #23
10004498:	4694      	mov	ip, r2
1000449a:	4463      	add	r3, ip
1000449c:	4699      	mov	r9, r3
1000449e:	465b      	mov	r3, fp
100044a0:	46b3      	mov	fp, r6
100044a2:	9306      	str	r3, [sp, #24]
100044a4:	e00f      	b.n	100044c6 <_ftoa+0x1a2>
100044a6:	464b      	mov	r3, r9
100044a8:	0028      	movs	r0, r5
100044aa:	210a      	movs	r1, #10
100044ac:	3401      	adds	r4, #1
100044ae:	18e6      	adds	r6, r4, r3
100044b0:	f7fe fe84 	bl	100031bc <__wrap___aeabi_idiv>
100044b4:	3130      	adds	r1, #48	@ 0x30
100044b6:	0028      	movs	r0, r5
100044b8:	7031      	strb	r1, [r6, #0]
100044ba:	210a      	movs	r1, #10
100044bc:	f7fe fe7e 	bl	100031bc <__wrap___aeabi_idiv>
100044c0:	1e05      	subs	r5, r0, #0
100044c2:	d100      	bne.n	100044c6 <_ftoa+0x1a2>
100044c4:	e0e4      	b.n	10004690 <_ftoa+0x36c>
100044c6:	2c20      	cmp	r4, #32
100044c8:	d1ed      	bne.n	100044a6 <_ftoa+0x182>
100044ca:	9b06      	ldr	r3, [sp, #24]
100044cc:	465e      	mov	r6, fp
100044ce:	469b      	mov	fp, r3
100044d0:	2303      	movs	r3, #3
100044d2:	9a22      	ldr	r2, [sp, #136]	@ 0x88
100044d4:	4013      	ands	r3, r2
100044d6:	2b01      	cmp	r3, #1
100044d8:	d118      	bne.n	1000450c <_ftoa+0x1e8>
100044da:	9b21      	ldr	r3, [sp, #132]	@ 0x84
100044dc:	2b00      	cmp	r3, #0
100044de:	d015      	beq.n	1000450c <_ftoa+0x1e8>
100044e0:	9b0b      	ldr	r3, [sp, #44]	@ 0x2c
100044e2:	2b00      	cmp	r3, #0
100044e4:	d100      	bne.n	100044e8 <_ftoa+0x1c4>
100044e6:	e0fd      	b.n	100046e4 <_ftoa+0x3c0>
100044e8:	9b21      	ldr	r3, [sp, #132]	@ 0x84
100044ea:	3b01      	subs	r3, #1
100044ec:	9321      	str	r3, [sp, #132]	@ 0x84
100044ee:	2b20      	cmp	r3, #32
100044f0:	d90c      	bls.n	1000450c <_ftoa+0x1e8>
100044f2:	2330      	movs	r3, #48	@ 0x30
100044f4:	9a21      	ldr	r2, [sp, #132]	@ 0x84
100044f6:	e007      	b.n	10004508 <_ftoa+0x1e4>
100044f8:	2017      	movs	r0, #23
100044fa:	a906      	add	r1, sp, #24
100044fc:	3401      	adds	r4, #1
100044fe:	1809      	adds	r1, r1, r0
10004500:	550b      	strb	r3, [r1, r4]
10004502:	4294      	cmp	r4, r2
10004504:	d300      	bcc.n	10004508 <_ftoa+0x1e4>
10004506:	e0cc      	b.n	100046a2 <_ftoa+0x37e>
10004508:	2c20      	cmp	r4, #32
1000450a:	d1f5      	bne.n	100044f8 <_ftoa+0x1d4>
1000450c:	9b22      	ldr	r3, [sp, #136]	@ 0x88
1000450e:	9401      	str	r4, [sp, #4]
10004510:	9303      	str	r3, [sp, #12]
10004512:	9b21      	ldr	r3, [sp, #132]	@ 0x84
10004514:	9600      	str	r6, [sp, #0]
10004516:	9302      	str	r3, [sp, #8]
10004518:	e022      	b.n	10004560 <_ftoa+0x23c>
1000451a:	9b22      	ldr	r3, [sp, #136]	@ 0x88
1000451c:	4652      	mov	r2, sl
1000451e:	9304      	str	r3, [sp, #16]
10004520:	9b21      	ldr	r3, [sp, #132]	@ 0x84
10004522:	0039      	movs	r1, r7
10004524:	9303      	str	r3, [sp, #12]
10004526:	4658      	mov	r0, fp
10004528:	9b1e      	ldr	r3, [sp, #120]	@ 0x78
1000452a:	9c1f      	ldr	r4, [sp, #124]	@ 0x7c
1000452c:	9602      	str	r6, [sp, #8]
1000452e:	9300      	str	r3, [sp, #0]
10004530:	9401      	str	r4, [sp, #4]
10004532:	4643      	mov	r3, r8
10004534:	f000 f94a 	bl	100047cc <_etoa>
10004538:	0004      	movs	r4, r0
1000453a:	0020      	movs	r0, r4
1000453c:	b015      	add	sp, #84	@ 0x54
1000453e:	bcf0      	pop	{r4, r5, r6, r7}
10004540:	46bb      	mov	fp, r7
10004542:	46b2      	mov	sl, r6
10004544:	46a9      	mov	r9, r5
10004546:	46a0      	mov	r8, r4
10004548:	bdf0      	pop	{r4, r5, r6, r7, pc}
1000454a:	9b22      	ldr	r3, [sp, #136]	@ 0x88
1000454c:	075b      	lsls	r3, r3, #29
1000454e:	d40f      	bmi.n	10004570 <_ftoa+0x24c>
10004550:	2203      	movs	r2, #3
10004552:	4b4c      	ldr	r3, [pc, #304]	@ (10004684 <_ftoa+0x360>)
10004554:	9922      	ldr	r1, [sp, #136]	@ 0x88
10004556:	9201      	str	r2, [sp, #4]
10004558:	9103      	str	r1, [sp, #12]
1000455a:	9921      	ldr	r1, [sp, #132]	@ 0x84
1000455c:	9300      	str	r3, [sp, #0]
1000455e:	9102      	str	r1, [sp, #8]
10004560:	4643      	mov	r3, r8
10004562:	4652      	mov	r2, sl
10004564:	0039      	movs	r1, r7
10004566:	4658      	mov	r0, fp
10004568:	f7ff fd90 	bl	1000408c <_out_rev>
1000456c:	0004      	movs	r4, r0
1000456e:	e7e4      	b.n	1000453a <_ftoa+0x216>
10004570:	2204      	movs	r2, #4
10004572:	4b45      	ldr	r3, [pc, #276]	@ (10004688 <_ftoa+0x364>)
10004574:	e7ee      	b.n	10004554 <_ftoa+0x230>
10004576:	9a1e      	ldr	r2, [sp, #120]	@ 0x78
10004578:	9b1f      	ldr	r3, [sp, #124]	@ 0x7c
1000457a:	2000      	movs	r0, #0
1000457c:	2100      	movs	r1, #0
1000457e:	f7ff f880 	bl	10003682 <__wrap___aeabi_dsub>
10004582:	2301      	movs	r3, #1
10004584:	901e      	str	r0, [sp, #120]	@ 0x78
10004586:	911f      	str	r1, [sp, #124]	@ 0x7c
10004588:	930b      	str	r3, [sp, #44]	@ 0x2c
1000458a:	e711      	b.n	100043b0 <_ftoa+0x8c>
1000458c:	9b22      	ldr	r3, [sp, #136]	@ 0x88
1000458e:	4654      	mov	r4, sl
10004590:	079b      	lsls	r3, r3, #30
10004592:	d111      	bne.n	100045b8 <_ftoa+0x294>
10004594:	9b21      	ldr	r3, [sp, #132]	@ 0x84
10004596:	2b04      	cmp	r3, #4
10004598:	d90e      	bls.n	100045b8 <_ftoa+0x294>
1000459a:	9b21      	ldr	r3, [sp, #132]	@ 0x84
1000459c:	4655      	mov	r5, sl
1000459e:	469c      	mov	ip, r3
100045a0:	465e      	mov	r6, fp
100045a2:	3c04      	subs	r4, #4
100045a4:	4464      	add	r4, ip
100045a6:	002a      	movs	r2, r5
100045a8:	4643      	mov	r3, r8
100045aa:	3501      	adds	r5, #1
100045ac:	0039      	movs	r1, r7
100045ae:	2020      	movs	r0, #32
100045b0:	47b0      	blx	r6
100045b2:	42a5      	cmp	r5, r4
100045b4:	d1f7      	bne.n	100045a6 <_ftoa+0x282>
100045b6:	46b3      	mov	fp, r6
100045b8:	4d34      	ldr	r5, [pc, #208]	@ (1000468c <_ftoa+0x368>)
100045ba:	0026      	movs	r6, r4
100045bc:	1f2b      	subs	r3, r5, #4
100045be:	4699      	mov	r9, r3
100045c0:	465b      	mov	r3, fp
100045c2:	46a3      	mov	fp, r4
100045c4:	001c      	movs	r4, r3
100045c6:	0032      	movs	r2, r6
100045c8:	78e8      	ldrb	r0, [r5, #3]
100045ca:	4643      	mov	r3, r8
100045cc:	0039      	movs	r1, r7
100045ce:	3d01      	subs	r5, #1
100045d0:	47a0      	blx	r4
100045d2:	3601      	adds	r6, #1
100045d4:	454d      	cmp	r5, r9
100045d6:	d1f6      	bne.n	100045c6 <_ftoa+0x2a2>
100045d8:	0023      	movs	r3, r4
100045da:	465c      	mov	r4, fp
100045dc:	469b      	mov	fp, r3
100045de:	9b22      	ldr	r3, [sp, #136]	@ 0x88
100045e0:	3404      	adds	r4, #4
100045e2:	079b      	lsls	r3, r3, #30
100045e4:	d5a9      	bpl.n	1000453a <_ftoa+0x216>
100045e6:	4653      	mov	r3, sl
100045e8:	9a21      	ldr	r2, [sp, #132]	@ 0x84
100045ea:	1ae3      	subs	r3, r4, r3
100045ec:	429a      	cmp	r2, r3
100045ee:	d9a4      	bls.n	1000453a <_ftoa+0x216>
100045f0:	465e      	mov	r6, fp
100045f2:	0015      	movs	r5, r2
100045f4:	0022      	movs	r2, r4
100045f6:	4643      	mov	r3, r8
100045f8:	0039      	movs	r1, r7
100045fa:	2020      	movs	r0, #32
100045fc:	47b0      	blx	r6
100045fe:	4653      	mov	r3, sl
10004600:	3401      	adds	r4, #1
10004602:	1ae3      	subs	r3, r4, r3
10004604:	429d      	cmp	r5, r3
10004606:	d8f5      	bhi.n	100045f4 <_ftoa+0x2d0>
10004608:	e797      	b.n	1000453a <_ftoa+0x216>
1000460a:	0028      	movs	r0, r5
1000460c:	f7ff f8d8 	bl	100037c0 <__wrap___aeabi_i2d>
10004610:	0002      	movs	r2, r0
10004612:	000b      	movs	r3, r1
10004614:	981e      	ldr	r0, [sp, #120]	@ 0x78
10004616:	991f      	ldr	r1, [sp, #124]	@ 0x7c
10004618:	f7ff f833 	bl	10003682 <__wrap___aeabi_dsub>
1000461c:	2200      	movs	r2, #0
1000461e:	4b18      	ldr	r3, [pc, #96]	@ (10004680 <_ftoa+0x35c>)
10004620:	9006      	str	r0, [sp, #24]
10004622:	9107      	str	r1, [sp, #28]
10004624:	f7ff f8a0 	bl	10003768 <__wrap___aeabi_dcmplt>
10004628:	ae0c      	add	r6, sp, #48	@ 0x30
1000462a:	2800      	cmp	r0, #0
1000462c:	d000      	beq.n	10004630 <_ftoa+0x30c>
1000462e:	e731      	b.n	10004494 <_ftoa+0x170>
10004630:	9806      	ldr	r0, [sp, #24]
10004632:	9907      	ldr	r1, [sp, #28]
10004634:	2200      	movs	r2, #0
10004636:	4b12      	ldr	r3, [pc, #72]	@ (10004680 <_ftoa+0x35c>)
10004638:	f7ff f8ac 	bl	10003794 <__wrap___aeabi_dcmpgt>
1000463c:	2800      	cmp	r0, #0
1000463e:	d000      	beq.n	10004642 <_ftoa+0x31e>
10004640:	e728      	b.n	10004494 <_ftoa+0x170>
10004642:	2301      	movs	r3, #1
10004644:	3501      	adds	r5, #1
10004646:	439d      	bics	r5, r3
10004648:	e724      	b.n	10004494 <_ftoa+0x170>
1000464a:	2200      	movs	r2, #0
1000464c:	9806      	ldr	r0, [sp, #24]
1000464e:	9907      	ldr	r1, [sp, #28]
10004650:	4b0b      	ldr	r3, [pc, #44]	@ (10004680 <_ftoa+0x35c>)
10004652:	f7ff f889 	bl	10003768 <__wrap___aeabi_dcmplt>
10004656:	2800      	cmp	r0, #0
10004658:	d000      	beq.n	1000465c <_ftoa+0x338>
1000465a:	e6f9      	b.n	10004450 <_ftoa+0x12c>
1000465c:	464b      	mov	r3, r9
1000465e:	2b00      	cmp	r3, #0
10004660:	d15c      	bne.n	1000471c <_ftoa+0x3f8>
10004662:	2301      	movs	r3, #1
10004664:	469c      	mov	ip, r3
10004666:	44e1      	add	r9, ip
10004668:	e6f2      	b.n	10004450 <_ftoa+0x12c>
1000466a:	46c0      	nop			@ (mov r8, r8)
1000466c:	ffefffff 	.word	0xffefffff
10004670:	7fefffff 	.word	0x7fefffff
10004674:	41cdcd65 	.word	0x41cdcd65
10004678:	c1cdcd65 	.word	0xc1cdcd65
1000467c:	100095d8 	.word	0x100095d8
10004680:	3fe00000 	.word	0x3fe00000
10004684:	100092e0 	.word	0x100092e0
10004688:	100092d8 	.word	0x100092d8
1000468c:	100092e8 	.word	0x100092e8
10004690:	9b06      	ldr	r3, [sp, #24]
10004692:	465e      	mov	r6, fp
10004694:	469b      	mov	fp, r3
10004696:	2303      	movs	r3, #3
10004698:	9a22      	ldr	r2, [sp, #136]	@ 0x88
1000469a:	4013      	ands	r3, r2
1000469c:	2b01      	cmp	r3, #1
1000469e:	d100      	bne.n	100046a2 <_ftoa+0x37e>
100046a0:	e081      	b.n	100047a6 <_ftoa+0x482>
100046a2:	2c20      	cmp	r4, #32
100046a4:	d100      	bne.n	100046a8 <_ftoa+0x384>
100046a6:	e731      	b.n	1000450c <_ftoa+0x1e8>
100046a8:	9b0b      	ldr	r3, [sp, #44]	@ 0x2c
100046aa:	2b00      	cmp	r3, #0
100046ac:	d027      	beq.n	100046fe <_ftoa+0x3da>
100046ae:	232d      	movs	r3, #45	@ 0x2d
100046b0:	5533      	strb	r3, [r6, r4]
100046b2:	3401      	adds	r4, #1
100046b4:	e72a      	b.n	1000450c <_ftoa+0x1e8>
100046b6:	464f      	mov	r7, r9
100046b8:	9d06      	ldr	r5, [sp, #24]
100046ba:	2c20      	cmp	r4, #32
100046bc:	d100      	bne.n	100046c0 <_ftoa+0x39c>
100046be:	e6e7      	b.n	10004490 <_ftoa+0x16c>
100046c0:	2230      	movs	r2, #48	@ 0x30
100046c2:	1933      	adds	r3, r6, r4
100046c4:	e007      	b.n	100046d6 <_ftoa+0x3b2>
100046c6:	2017      	movs	r0, #23
100046c8:	a906      	add	r1, sp, #24
100046ca:	3401      	adds	r4, #1
100046cc:	1809      	adds	r1, r1, r0
100046ce:	550a      	strb	r2, [r1, r4]
100046d0:	2c20      	cmp	r4, #32
100046d2:	d100      	bne.n	100046d6 <_ftoa+0x3b2>
100046d4:	e6dc      	b.n	10004490 <_ftoa+0x16c>
100046d6:	42a3      	cmp	r3, r4
100046d8:	d1f5      	bne.n	100046c6 <_ftoa+0x3a2>
100046da:	222e      	movs	r2, #46	@ 0x2e
100046dc:	ae0c      	add	r6, sp, #48	@ 0x30
100046de:	3401      	adds	r4, #1
100046e0:	54f2      	strb	r2, [r6, r3]
100046e2:	e6d7      	b.n	10004494 <_ftoa+0x170>
100046e4:	230c      	movs	r3, #12
100046e6:	9a22      	ldr	r2, [sp, #136]	@ 0x88
100046e8:	4213      	tst	r3, r2
100046ea:	d057      	beq.n	1000479c <_ftoa+0x478>
100046ec:	9b21      	ldr	r3, [sp, #132]	@ 0x84
100046ee:	3b01      	subs	r3, #1
100046f0:	9321      	str	r3, [sp, #132]	@ 0x84
100046f2:	42a3      	cmp	r3, r4
100046f4:	d900      	bls.n	100046f8 <_ftoa+0x3d4>
100046f6:	e6fc      	b.n	100044f2 <_ftoa+0x1ce>
100046f8:	2c20      	cmp	r4, #32
100046fa:	d100      	bne.n	100046fe <_ftoa+0x3da>
100046fc:	e706      	b.n	1000450c <_ftoa+0x1e8>
100046fe:	9b22      	ldr	r3, [sp, #136]	@ 0x88
10004700:	075b      	lsls	r3, r3, #29
10004702:	d503      	bpl.n	1000470c <_ftoa+0x3e8>
10004704:	232b      	movs	r3, #43	@ 0x2b
10004706:	5533      	strb	r3, [r6, r4]
10004708:	3401      	adds	r4, #1
1000470a:	e6ff      	b.n	1000450c <_ftoa+0x1e8>
1000470c:	9b22      	ldr	r3, [sp, #136]	@ 0x88
1000470e:	071b      	lsls	r3, r3, #28
10004710:	d400      	bmi.n	10004714 <_ftoa+0x3f0>
10004712:	e6fb      	b.n	1000450c <_ftoa+0x1e8>
10004714:	2320      	movs	r3, #32
10004716:	5533      	strb	r3, [r6, r4]
10004718:	3401      	adds	r4, #1
1000471a:	e6f7      	b.n	1000450c <_ftoa+0x1e8>
1000471c:	07db      	lsls	r3, r3, #31
1000471e:	d400      	bmi.n	10004722 <_ftoa+0x3fe>
10004720:	e696      	b.n	10004450 <_ftoa+0x12c>
10004722:	e79e      	b.n	10004662 <_ftoa+0x33e>
10004724:	9b22      	ldr	r3, [sp, #136]	@ 0x88
10004726:	4655      	mov	r5, sl
10004728:	079b      	lsls	r3, r3, #30
1000472a:	d111      	bne.n	10004750 <_ftoa+0x42c>
1000472c:	9b21      	ldr	r3, [sp, #132]	@ 0x84
1000472e:	2b03      	cmp	r3, #3
10004730:	d90e      	bls.n	10004750 <_ftoa+0x42c>
10004732:	9b21      	ldr	r3, [sp, #132]	@ 0x84
10004734:	4654      	mov	r4, sl
10004736:	469c      	mov	ip, r3
10004738:	465e      	mov	r6, fp
1000473a:	3d03      	subs	r5, #3
1000473c:	4465      	add	r5, ip
1000473e:	0022      	movs	r2, r4
10004740:	4643      	mov	r3, r8
10004742:	3401      	adds	r4, #1
10004744:	0039      	movs	r1, r7
10004746:	2020      	movs	r0, #32
10004748:	47b0      	blx	r6
1000474a:	42ac      	cmp	r4, r5
1000474c:	d1f7      	bne.n	1000473e <_ftoa+0x41a>
1000474e:	46b3      	mov	fp, r6
10004750:	46b9      	mov	r9, r7
10004752:	465f      	mov	r7, fp
10004754:	4e1c      	ldr	r6, [pc, #112]	@ (100047c8 <_ftoa+0x4a4>)
10004756:	1cec      	adds	r4, r5, #3
10004758:	002a      	movs	r2, r5
1000475a:	78b0      	ldrb	r0, [r6, #2]
1000475c:	4643      	mov	r3, r8
1000475e:	4649      	mov	r1, r9
10004760:	3501      	adds	r5, #1
10004762:	47b8      	blx	r7
10004764:	3e01      	subs	r6, #1
10004766:	42ac      	cmp	r4, r5
10004768:	d1f6      	bne.n	10004758 <_ftoa+0x434>
1000476a:	9b22      	ldr	r3, [sp, #136]	@ 0x88
1000476c:	46bb      	mov	fp, r7
1000476e:	464f      	mov	r7, r9
10004770:	079b      	lsls	r3, r3, #30
10004772:	d400      	bmi.n	10004776 <_ftoa+0x452>
10004774:	e6e1      	b.n	1000453a <_ftoa+0x216>
10004776:	4653      	mov	r3, sl
10004778:	9a21      	ldr	r2, [sp, #132]	@ 0x84
1000477a:	1ae3      	subs	r3, r4, r3
1000477c:	429a      	cmp	r2, r3
1000477e:	d800      	bhi.n	10004782 <_ftoa+0x45e>
10004780:	e6db      	b.n	1000453a <_ftoa+0x216>
10004782:	465e      	mov	r6, fp
10004784:	0015      	movs	r5, r2
10004786:	0022      	movs	r2, r4
10004788:	4643      	mov	r3, r8
1000478a:	0039      	movs	r1, r7
1000478c:	2020      	movs	r0, #32
1000478e:	47b0      	blx	r6
10004790:	4653      	mov	r3, sl
10004792:	3401      	adds	r4, #1
10004794:	1ae3      	subs	r3, r4, r3
10004796:	42ab      	cmp	r3, r5
10004798:	d3f5      	bcc.n	10004786 <_ftoa+0x462>
1000479a:	e6ce      	b.n	1000453a <_ftoa+0x216>
1000479c:	9b21      	ldr	r3, [sp, #132]	@ 0x84
1000479e:	42a3      	cmp	r3, r4
100047a0:	d900      	bls.n	100047a4 <_ftoa+0x480>
100047a2:	e6a6      	b.n	100044f2 <_ftoa+0x1ce>
100047a4:	e6b2      	b.n	1000450c <_ftoa+0x1e8>
100047a6:	9b21      	ldr	r3, [sp, #132]	@ 0x84
100047a8:	2b00      	cmp	r3, #0
100047aa:	d100      	bne.n	100047ae <_ftoa+0x48a>
100047ac:	e779      	b.n	100046a2 <_ftoa+0x37e>
100047ae:	9b0b      	ldr	r3, [sp, #44]	@ 0x2c
100047b0:	2b00      	cmp	r3, #0
100047b2:	d097      	beq.n	100046e4 <_ftoa+0x3c0>
100047b4:	9b21      	ldr	r3, [sp, #132]	@ 0x84
100047b6:	3b01      	subs	r3, #1
100047b8:	9321      	str	r3, [sp, #132]	@ 0x84
100047ba:	429c      	cmp	r4, r3
100047bc:	d200      	bcs.n	100047c0 <_ftoa+0x49c>
100047be:	e698      	b.n	100044f2 <_ftoa+0x1ce>
100047c0:	2c20      	cmp	r4, #32
100047c2:	d000      	beq.n	100047c6 <_ftoa+0x4a2>
100047c4:	e773      	b.n	100046ae <_ftoa+0x38a>
100047c6:	e6a1      	b.n	1000450c <_ftoa+0x1e8>
100047c8:	100092e4 	.word	0x100092e4

100047cc <_etoa>:
100047cc:	b5f0      	push	{r4, r5, r6, r7, lr}
100047ce:	46de      	mov	lr, fp
100047d0:	4657      	mov	r7, sl
100047d2:	464e      	mov	r6, r9
100047d4:	4645      	mov	r5, r8
100047d6:	b5e0      	push	{r5, r6, r7, lr}
100047d8:	b099      	sub	sp, #100	@ 0x64
100047da:	4681      	mov	r9, r0
100047dc:	468b      	mov	fp, r1
100047de:	4692      	mov	sl, r2
100047e0:	4698      	mov	r8, r3
100047e2:	9a22      	ldr	r2, [sp, #136]	@ 0x88
100047e4:	9b23      	ldr	r3, [sp, #140]	@ 0x8c
100047e6:	0010      	movs	r0, r2
100047e8:	0019      	movs	r1, r3
100047ea:	f7fe ffd8 	bl	1000379e <__wrap___aeabi_dcmpun>
100047ee:	2800      	cmp	r0, #0
100047f0:	d000      	beq.n	100047f4 <_etoa+0x28>
100047f2:	e0ca      	b.n	1000498a <_etoa+0x1be>
100047f4:	9822      	ldr	r0, [sp, #136]	@ 0x88
100047f6:	9923      	ldr	r1, [sp, #140]	@ 0x8c
100047f8:	2201      	movs	r2, #1
100047fa:	4b82      	ldr	r3, [pc, #520]	@ (10004a04 <_etoa+0x238>)
100047fc:	4252      	negs	r2, r2
100047fe:	f7fe ffc9 	bl	10003794 <__wrap___aeabi_dcmpgt>
10004802:	2800      	cmp	r0, #0
10004804:	d000      	beq.n	10004808 <_etoa+0x3c>
10004806:	e0c0      	b.n	1000498a <_etoa+0x1be>
10004808:	9822      	ldr	r0, [sp, #136]	@ 0x88
1000480a:	9923      	ldr	r1, [sp, #140]	@ 0x8c
1000480c:	2201      	movs	r2, #1
1000480e:	4b7e      	ldr	r3, [pc, #504]	@ (10004a08 <_etoa+0x23c>)
10004810:	4252      	negs	r2, r2
10004812:	f7fe ffa9 	bl	10003768 <__wrap___aeabi_dcmplt>
10004816:	2800      	cmp	r0, #0
10004818:	d000      	beq.n	1000481c <_etoa+0x50>
1000481a:	e0b6      	b.n	1000498a <_etoa+0x1be>
1000481c:	9822      	ldr	r0, [sp, #136]	@ 0x88
1000481e:	9923      	ldr	r1, [sp, #140]	@ 0x8c
10004820:	2200      	movs	r2, #0
10004822:	2300      	movs	r3, #0
10004824:	f7fe ffa0 	bl	10003768 <__wrap___aeabi_dcmplt>
10004828:	2800      	cmp	r0, #0
1000482a:	d000      	beq.n	1000482e <_etoa+0x62>
1000482c:	e1c9      	b.n	10004bc2 <_etoa+0x3f6>
1000482e:	9b22      	ldr	r3, [sp, #136]	@ 0x88
10004830:	9c23      	ldr	r4, [sp, #140]	@ 0x8c
10004832:	9308      	str	r3, [sp, #32]
10004834:	9409      	str	r4, [sp, #36]	@ 0x24
10004836:	9808      	ldr	r0, [sp, #32]
10004838:	9909      	ldr	r1, [sp, #36]	@ 0x24
1000483a:	2380      	movs	r3, #128	@ 0x80
1000483c:	9a26      	ldr	r2, [sp, #152]	@ 0x98
1000483e:	00db      	lsls	r3, r3, #3
10004840:	401a      	ands	r2, r3
10004842:	920d      	str	r2, [sp, #52]	@ 0x34
10004844:	2280      	movs	r2, #128	@ 0x80
10004846:	9c26      	ldr	r4, [sp, #152]	@ 0x98
10004848:	0112      	lsls	r2, r2, #4
1000484a:	4014      	ands	r4, r2
1000484c:	0022      	movs	r2, r4
1000484e:	940b      	str	r4, [sp, #44]	@ 0x2c
10004850:	9c26      	ldr	r4, [sp, #152]	@ 0x98
10004852:	0007      	movs	r7, r0
10004854:	000e      	movs	r6, r1
10004856:	421c      	tst	r4, r3
10004858:	d000      	beq.n	1000485c <_etoa+0x90>
1000485a:	e0ad      	b.n	100049b8 <_etoa+0x1ec>
1000485c:	000b      	movs	r3, r1
1000485e:	4303      	orrs	r3, r0
10004860:	d000      	beq.n	10004864 <_etoa+0x98>
10004862:	e0d5      	b.n	10004a10 <_etoa+0x244>
10004864:	2a00      	cmp	r2, #0
10004866:	d000      	beq.n	1000486a <_etoa+0x9e>
10004868:	e20a      	b.n	10004c80 <_etoa+0x4b4>
1000486a:	0022      	movs	r2, r4
1000486c:	3306      	adds	r3, #6
1000486e:	9324      	str	r3, [sp, #144]	@ 0x90
10004870:	2302      	movs	r3, #2
10004872:	4013      	ands	r3, r2
10004874:	930c      	str	r3, [sp, #48]	@ 0x30
10004876:	2302      	movs	r3, #2
10004878:	4213      	tst	r3, r2
1000487a:	d000      	beq.n	1000487e <_etoa+0xb2>
1000487c:	e202      	b.n	10004c84 <_etoa+0x4b8>
1000487e:	9b25      	ldr	r3, [sp, #148]	@ 0x94
10004880:	2b04      	cmp	r3, #4
10004882:	d200      	bcs.n	10004886 <_etoa+0xba>
10004884:	e20f      	b.n	10004ca6 <_etoa+0x4da>
10004886:	3b04      	subs	r3, #4
10004888:	930b      	str	r3, [sp, #44]	@ 0x2c
1000488a:	2300      	movs	r3, #0
1000488c:	2504      	movs	r5, #4
1000488e:	930a      	str	r3, [sp, #40]	@ 0x28
10004890:	2200      	movs	r2, #0
10004892:	9822      	ldr	r0, [sp, #136]	@ 0x88
10004894:	9923      	ldr	r1, [sp, #140]	@ 0x8c
10004896:	2300      	movs	r3, #0
10004898:	f7fe ff66 	bl	10003768 <__wrap___aeabi_dcmplt>
1000489c:	2800      	cmp	r0, #0
1000489e:	d000      	beq.n	100048a2 <_etoa+0xd6>
100048a0:	e203      	b.n	10004caa <_etoa+0x4de>
100048a2:	4b5a      	ldr	r3, [pc, #360]	@ (10004a0c <_etoa+0x240>)
100048a4:	9a26      	ldr	r2, [sp, #152]	@ 0x98
100048a6:	4013      	ands	r3, r2
100048a8:	9304      	str	r3, [sp, #16]
100048aa:	9b0b      	ldr	r3, [sp, #44]	@ 0x2c
100048ac:	9303      	str	r3, [sp, #12]
100048ae:	9b24      	ldr	r3, [sp, #144]	@ 0x90
100048b0:	9302      	str	r3, [sp, #8]
100048b2:	9b08      	ldr	r3, [sp, #32]
100048b4:	9c09      	ldr	r4, [sp, #36]	@ 0x24
100048b6:	9300      	str	r3, [sp, #0]
100048b8:	9401      	str	r4, [sp, #4]
100048ba:	4659      	mov	r1, fp
100048bc:	4643      	mov	r3, r8
100048be:	4652      	mov	r2, sl
100048c0:	4648      	mov	r0, r9
100048c2:	f7ff fd2f 	bl	10004324 <_ftoa>
100048c6:	0002      	movs	r2, r0
100048c8:	2020      	movs	r0, #32
100048ca:	9b26      	ldr	r3, [sp, #152]	@ 0x98
100048cc:	271f      	movs	r7, #31
100048ce:	4003      	ands	r3, r0
100048d0:	4259      	negs	r1, r3
100048d2:	414b      	adcs	r3, r1
100048d4:	425b      	negs	r3, r3
100048d6:	4018      	ands	r0, r3
100048d8:	1c53      	adds	r3, r2, #1
100048da:	9308      	str	r3, [sp, #32]
100048dc:	4659      	mov	r1, fp
100048de:	4643      	mov	r3, r8
100048e0:	3045      	adds	r0, #69	@ 0x45
100048e2:	47c8      	blx	r9
100048e4:	9a0a      	ldr	r2, [sp, #40]	@ 0x28
100048e6:	17d3      	asrs	r3, r2, #31
100048e8:	18d4      	adds	r4, r2, r3
100048ea:	405c      	eors	r4, r3
100048ec:	0fd3      	lsrs	r3, r2, #31
100048ee:	930a      	str	r3, [sp, #40]	@ 0x28
100048f0:	1e6b      	subs	r3, r5, #1
100048f2:	930b      	str	r3, [sp, #44]	@ 0x2c
100048f4:	ab08      	add	r3, sp, #32
100048f6:	469c      	mov	ip, r3
100048f8:	2500      	movs	r5, #0
100048fa:	4467      	add	r7, ip
100048fc:	e001      	b.n	10004902 <_etoa+0x136>
100048fe:	2d20      	cmp	r5, #32
10004900:	d00f      	beq.n	10004922 <_etoa+0x156>
10004902:	0020      	movs	r0, r4
10004904:	210a      	movs	r1, #10
10004906:	f7fe fc81 	bl	1000320c <__wrap___aeabi_uidiv>
1000490a:	3501      	adds	r5, #1
1000490c:	197e      	adds	r6, r7, r5
1000490e:	3130      	adds	r1, #48	@ 0x30
10004910:	7031      	strb	r1, [r6, #0]
10004912:	0020      	movs	r0, r4
10004914:	210a      	movs	r1, #10
10004916:	f7fe fc79 	bl	1000320c <__wrap___aeabi_uidiv>
1000491a:	0026      	movs	r6, r4
1000491c:	0004      	movs	r4, r0
1000491e:	2e09      	cmp	r6, #9
10004920:	d8ed      	bhi.n	100048fe <_etoa+0x132>
10004922:	2305      	movs	r3, #5
10004924:	9306      	str	r3, [sp, #24]
10004926:	9b0b      	ldr	r3, [sp, #44]	@ 0x2c
10004928:	4659      	mov	r1, fp
1000492a:	9305      	str	r3, [sp, #20]
1000492c:	2300      	movs	r3, #0
1000492e:	9304      	str	r3, [sp, #16]
10004930:	330a      	adds	r3, #10
10004932:	9303      	str	r3, [sp, #12]
10004934:	9b0a      	ldr	r3, [sp, #40]	@ 0x28
10004936:	4648      	mov	r0, r9
10004938:	9302      	str	r3, [sp, #8]
1000493a:	ab10      	add	r3, sp, #64	@ 0x40
1000493c:	9300      	str	r3, [sp, #0]
1000493e:	9a08      	ldr	r2, [sp, #32]
10004940:	4643      	mov	r3, r8
10004942:	9501      	str	r5, [sp, #4]
10004944:	f7ff fbf8 	bl	10004138 <_ntoa_format>
10004948:	9b0c      	ldr	r3, [sp, #48]	@ 0x30
1000494a:	2b00      	cmp	r3, #0
1000494c:	d02d      	beq.n	100049aa <_etoa+0x1de>
1000494e:	4653      	mov	r3, sl
10004950:	1ac4      	subs	r4, r0, r3
10004952:	9b25      	ldr	r3, [sp, #148]	@ 0x94
10004954:	42a3      	cmp	r3, r4
10004956:	d928      	bls.n	100049aa <_etoa+0x1de>
10004958:	464d      	mov	r5, r9
1000495a:	465f      	mov	r7, fp
1000495c:	4681      	mov	r9, r0
1000495e:	001e      	movs	r6, r3
10004960:	4653      	mov	r3, sl
10004962:	0039      	movs	r1, r7
10004964:	191a      	adds	r2, r3, r4
10004966:	2020      	movs	r0, #32
10004968:	4643      	mov	r3, r8
1000496a:	3401      	adds	r4, #1
1000496c:	47a8      	blx	r5
1000496e:	42a6      	cmp	r6, r4
10004970:	d8f6      	bhi.n	10004960 <_etoa+0x194>
10004972:	4653      	mov	r3, sl
10004974:	4648      	mov	r0, r9
10004976:	9925      	ldr	r1, [sp, #148]	@ 0x94
10004978:	1ac2      	subs	r2, r0, r3
1000497a:	3201      	adds	r2, #1
1000497c:	2300      	movs	r3, #0
1000497e:	4291      	cmp	r1, r2
10004980:	d300      	bcc.n	10004984 <_etoa+0x1b8>
10004982:	e186      	b.n	10004c92 <_etoa+0x4c6>
10004984:	3001      	adds	r0, #1
10004986:	1818      	adds	r0, r3, r0
10004988:	e00f      	b.n	100049aa <_etoa+0x1de>
1000498a:	9b26      	ldr	r3, [sp, #152]	@ 0x98
1000498c:	9304      	str	r3, [sp, #16]
1000498e:	9b25      	ldr	r3, [sp, #148]	@ 0x94
10004990:	9303      	str	r3, [sp, #12]
10004992:	9b24      	ldr	r3, [sp, #144]	@ 0x90
10004994:	9302      	str	r3, [sp, #8]
10004996:	9b22      	ldr	r3, [sp, #136]	@ 0x88
10004998:	9c23      	ldr	r4, [sp, #140]	@ 0x8c
1000499a:	9300      	str	r3, [sp, #0]
1000499c:	9401      	str	r4, [sp, #4]
1000499e:	4643      	mov	r3, r8
100049a0:	4652      	mov	r2, sl
100049a2:	4659      	mov	r1, fp
100049a4:	4648      	mov	r0, r9
100049a6:	f7ff fcbd 	bl	10004324 <_ftoa>
100049aa:	b019      	add	sp, #100	@ 0x64
100049ac:	bcf0      	pop	{r4, r5, r6, r7}
100049ae:	46bb      	mov	fp, r7
100049b0:	46b2      	mov	sl, r6
100049b2:	46a9      	mov	r9, r5
100049b4:	46a0      	mov	r8, r4
100049b6:	bdf0      	pop	{r4, r5, r6, r7, pc}
100049b8:	4301      	orrs	r1, r0
100049ba:	d12b      	bne.n	10004a14 <_etoa+0x248>
100049bc:	9b0b      	ldr	r3, [sp, #44]	@ 0x2c
100049be:	0022      	movs	r2, r4
100049c0:	2b00      	cmp	r3, #0
100049c2:	d100      	bne.n	100049c6 <_etoa+0x1fa>
100049c4:	e754      	b.n	10004870 <_etoa+0xa4>
100049c6:	2300      	movs	r3, #0
100049c8:	930a      	str	r3, [sp, #40]	@ 0x28
100049ca:	9b24      	ldr	r3, [sp, #144]	@ 0x90
100049cc:	9a0a      	ldr	r2, [sp, #40]	@ 0x28
100049ce:	2400      	movs	r4, #0
100049d0:	4293      	cmp	r3, r2
100049d2:	dd00      	ble.n	100049d6 <_etoa+0x20a>
100049d4:	e185      	b.n	10004ce2 <_etoa+0x516>
100049d6:	9822      	ldr	r0, [sp, #136]	@ 0x88
100049d8:	9923      	ldr	r1, [sp, #140]	@ 0x8c
100049da:	2200      	movs	r2, #0
100049dc:	2300      	movs	r3, #0
100049de:	f7fe fec3 	bl	10003768 <__wrap___aeabi_dcmplt>
100049e2:	2800      	cmp	r0, #0
100049e4:	d000      	beq.n	100049e8 <_etoa+0x21c>
100049e6:	e135      	b.n	10004c54 <_etoa+0x488>
100049e8:	9b26      	ldr	r3, [sp, #152]	@ 0x98
100049ea:	4a08      	ldr	r2, [pc, #32]	@ (10004a0c <_etoa+0x240>)
100049ec:	9402      	str	r4, [sp, #8]
100049ee:	401a      	ands	r2, r3
100049f0:	2380      	movs	r3, #128	@ 0x80
100049f2:	00db      	lsls	r3, r3, #3
100049f4:	4313      	orrs	r3, r2
100049f6:	9304      	str	r3, [sp, #16]
100049f8:	9b25      	ldr	r3, [sp, #148]	@ 0x94
100049fa:	9303      	str	r3, [sp, #12]
100049fc:	9b08      	ldr	r3, [sp, #32]
100049fe:	9c09      	ldr	r4, [sp, #36]	@ 0x24
10004a00:	e7cb      	b.n	1000499a <_etoa+0x1ce>
10004a02:	46c0      	nop			@ (mov r8, r8)
10004a04:	7fefffff 	.word	0x7fefffff
10004a08:	ffefffff 	.word	0xffefffff
10004a0c:	fffff7ff 	.word	0xfffff7ff
10004a10:	2306      	movs	r3, #6
10004a12:	9324      	str	r3, [sp, #144]	@ 0x90
10004a14:	4bb4      	ldr	r3, [pc, #720]	@ (10004ce8 <_etoa+0x51c>)
10004a16:	0070      	lsls	r0, r6, #1
10004a18:	469c      	mov	ip, r3
10004a1a:	0d40      	lsrs	r0, r0, #21
10004a1c:	4460      	add	r0, ip
10004a1e:	f7fe fecf 	bl	100037c0 <__wrap___aeabi_i2d>
10004a22:	4ab2      	ldr	r2, [pc, #712]	@ (10004cec <_etoa+0x520>)
10004a24:	4bb2      	ldr	r3, [pc, #712]	@ (10004cf0 <_etoa+0x524>)
10004a26:	f7fe fe5c 	bl	100036e2 <__wrap___aeabi_dmul>
10004a2a:	4ab2      	ldr	r2, [pc, #712]	@ (10004cf4 <_etoa+0x528>)
10004a2c:	4bb2      	ldr	r3, [pc, #712]	@ (10004cf8 <_etoa+0x52c>)
10004a2e:	f7fe fe31 	bl	10003694 <__wrap___aeabi_dadd>
10004a32:	0336      	lsls	r6, r6, #12
10004a34:	4bb1      	ldr	r3, [pc, #708]	@ (10004cfc <_etoa+0x530>)
10004a36:	0b36      	lsrs	r6, r6, #12
10004a38:	4333      	orrs	r3, r6
10004a3a:	0004      	movs	r4, r0
10004a3c:	000d      	movs	r5, r1
10004a3e:	0038      	movs	r0, r7
10004a40:	0019      	movs	r1, r3
10004a42:	2200      	movs	r2, #0
10004a44:	4bae      	ldr	r3, [pc, #696]	@ (10004d00 <_etoa+0x534>)
10004a46:	f7fe fe1c 	bl	10003682 <__wrap___aeabi_dsub>
10004a4a:	4aae      	ldr	r2, [pc, #696]	@ (10004d04 <_etoa+0x538>)
10004a4c:	4bae      	ldr	r3, [pc, #696]	@ (10004d08 <_etoa+0x53c>)
10004a4e:	f7fe fe48 	bl	100036e2 <__wrap___aeabi_dmul>
10004a52:	0002      	movs	r2, r0
10004a54:	000b      	movs	r3, r1
10004a56:	0020      	movs	r0, r4
10004a58:	0029      	movs	r1, r5
10004a5a:	f7fe fe1b 	bl	10003694 <__wrap___aeabi_dadd>
10004a5e:	f7fe fec7 	bl	100037f0 <__wrap___aeabi_d2iz>
10004a62:	900a      	str	r0, [sp, #40]	@ 0x28
10004a64:	f7fe feac 	bl	100037c0 <__wrap___aeabi_i2d>
10004a68:	4aa8      	ldr	r2, [pc, #672]	@ (10004d0c <_etoa+0x540>)
10004a6a:	4ba9      	ldr	r3, [pc, #676]	@ (10004d10 <_etoa+0x544>)
10004a6c:	0004      	movs	r4, r0
10004a6e:	000d      	movs	r5, r1
10004a70:	f7fe fe37 	bl	100036e2 <__wrap___aeabi_dmul>
10004a74:	2200      	movs	r2, #0
10004a76:	4ba7      	ldr	r3, [pc, #668]	@ (10004d14 <_etoa+0x548>)
10004a78:	f7fe fe0c 	bl	10003694 <__wrap___aeabi_dadd>
10004a7c:	f7fe feb8 	bl	100037f0 <__wrap___aeabi_d2iz>
10004a80:	4aa5      	ldr	r2, [pc, #660]	@ (10004d18 <_etoa+0x54c>)
10004a82:	0006      	movs	r6, r0
10004a84:	4ba5      	ldr	r3, [pc, #660]	@ (10004d1c <_etoa+0x550>)
10004a86:	0020      	movs	r0, r4
10004a88:	0029      	movs	r1, r5
10004a8a:	f7fe fe2a 	bl	100036e2 <__wrap___aeabi_dmul>
10004a8e:	0004      	movs	r4, r0
10004a90:	0030      	movs	r0, r6
10004a92:	000d      	movs	r5, r1
10004a94:	960c      	str	r6, [sp, #48]	@ 0x30
10004a96:	f7fe fe93 	bl	100037c0 <__wrap___aeabi_i2d>
10004a9a:	4aa1      	ldr	r2, [pc, #644]	@ (10004d20 <_etoa+0x554>)
10004a9c:	4ba1      	ldr	r3, [pc, #644]	@ (10004d24 <_etoa+0x558>)
10004a9e:	f7fe fe20 	bl	100036e2 <__wrap___aeabi_dmul>
10004aa2:	0002      	movs	r2, r0
10004aa4:	000b      	movs	r3, r1
10004aa6:	0020      	movs	r0, r4
10004aa8:	0029      	movs	r1, r5
10004aaa:	f7fe fdea 	bl	10003682 <__wrap___aeabi_dsub>
10004aae:	0002      	movs	r2, r0
10004ab0:	000b      	movs	r3, r1
10004ab2:	0006      	movs	r6, r0
10004ab4:	000f      	movs	r7, r1
10004ab6:	f7fe fe14 	bl	100036e2 <__wrap___aeabi_dmul>
10004aba:	0032      	movs	r2, r6
10004abc:	0004      	movs	r4, r0
10004abe:	000d      	movs	r5, r1
10004ac0:	003b      	movs	r3, r7
10004ac2:	0030      	movs	r0, r6
10004ac4:	0039      	movs	r1, r7
10004ac6:	f7fe fde5 	bl	10003694 <__wrap___aeabi_dadd>
10004aca:	2200      	movs	r2, #0
10004acc:	900e      	str	r0, [sp, #56]	@ 0x38
10004ace:	910f      	str	r1, [sp, #60]	@ 0x3c
10004ad0:	4b95      	ldr	r3, [pc, #596]	@ (10004d28 <_etoa+0x55c>)
10004ad2:	0020      	movs	r0, r4
10004ad4:	0029      	movs	r1, r5
10004ad6:	f7fe fde6 	bl	100036a6 <__wrap___aeabi_ddiv>
10004ada:	2200      	movs	r2, #0
10004adc:	4b93      	ldr	r3, [pc, #588]	@ (10004d2c <_etoa+0x560>)
10004ade:	f7fe fdd9 	bl	10003694 <__wrap___aeabi_dadd>
10004ae2:	0002      	movs	r2, r0
10004ae4:	000b      	movs	r3, r1
10004ae6:	0020      	movs	r0, r4
10004ae8:	0029      	movs	r1, r5
10004aea:	f7fe fddc 	bl	100036a6 <__wrap___aeabi_ddiv>
10004aee:	2200      	movs	r2, #0
10004af0:	4b8f      	ldr	r3, [pc, #572]	@ (10004d30 <_etoa+0x564>)
10004af2:	f7fe fdcf 	bl	10003694 <__wrap___aeabi_dadd>
10004af6:	0002      	movs	r2, r0
10004af8:	000b      	movs	r3, r1
10004afa:	0020      	movs	r0, r4
10004afc:	0029      	movs	r1, r5
10004afe:	f7fe fdd2 	bl	100036a6 <__wrap___aeabi_ddiv>
10004b02:	000d      	movs	r5, r1
10004b04:	2180      	movs	r1, #128	@ 0x80
10004b06:	0004      	movs	r4, r0
10004b08:	0032      	movs	r2, r6
10004b0a:	003b      	movs	r3, r7
10004b0c:	2000      	movs	r0, #0
10004b0e:	05c9      	lsls	r1, r1, #23
10004b10:	f7fe fdb7 	bl	10003682 <__wrap___aeabi_dsub>
10004b14:	0002      	movs	r2, r0
10004b16:	000b      	movs	r3, r1
10004b18:	0020      	movs	r0, r4
10004b1a:	0029      	movs	r1, r5
10004b1c:	f7fe fdba 	bl	10003694 <__wrap___aeabi_dadd>
10004b20:	0002      	movs	r2, r0
10004b22:	000b      	movs	r3, r1
10004b24:	980e      	ldr	r0, [sp, #56]	@ 0x38
10004b26:	990f      	ldr	r1, [sp, #60]	@ 0x3c
10004b28:	f7fe fdbd 	bl	100036a6 <__wrap___aeabi_ddiv>
10004b2c:	2200      	movs	r2, #0
10004b2e:	4b73      	ldr	r3, [pc, #460]	@ (10004cfc <_etoa+0x530>)
10004b30:	f7fe fdb0 	bl	10003694 <__wrap___aeabi_dadd>
10004b34:	4b7f      	ldr	r3, [pc, #508]	@ (10004d34 <_etoa+0x568>)
10004b36:	9c0c      	ldr	r4, [sp, #48]	@ 0x30
10004b38:	469c      	mov	ip, r3
10004b3a:	4464      	add	r4, ip
10004b3c:	2200      	movs	r2, #0
10004b3e:	0523      	lsls	r3, r4, #20
10004b40:	f7fe fdcf 	bl	100036e2 <__wrap___aeabi_dmul>
10004b44:	0006      	movs	r6, r0
10004b46:	000f      	movs	r7, r1
10004b48:	0002      	movs	r2, r0
10004b4a:	000b      	movs	r3, r1
10004b4c:	9808      	ldr	r0, [sp, #32]
10004b4e:	9909      	ldr	r1, [sp, #36]	@ 0x24
10004b50:	f7fe fe0a 	bl	10003768 <__wrap___aeabi_dcmplt>
10004b54:	2800      	cmp	r0, #0
10004b56:	d00a      	beq.n	10004b6e <_etoa+0x3a2>
10004b58:	9b0a      	ldr	r3, [sp, #40]	@ 0x28
10004b5a:	0030      	movs	r0, r6
10004b5c:	3b01      	subs	r3, #1
10004b5e:	0039      	movs	r1, r7
10004b60:	930a      	str	r3, [sp, #40]	@ 0x28
10004b62:	2200      	movs	r2, #0
10004b64:	4b71      	ldr	r3, [pc, #452]	@ (10004d2c <_etoa+0x560>)
10004b66:	f7fe fd9e 	bl	100036a6 <__wrap___aeabi_ddiv>
10004b6a:	0006      	movs	r6, r0
10004b6c:	000f      	movs	r7, r1
10004b6e:	9a0a      	ldr	r2, [sp, #40]	@ 0x28
10004b70:	0033      	movs	r3, r6
10004b72:	3263      	adds	r2, #99	@ 0x63
10004b74:	0039      	movs	r1, r7
10004b76:	2ac6      	cmp	r2, #198	@ 0xc6
10004b78:	d812      	bhi.n	10004ba0 <_etoa+0x3d4>
10004b7a:	2202      	movs	r2, #2
10004b7c:	9826      	ldr	r0, [sp, #152]	@ 0x98
10004b7e:	2504      	movs	r5, #4
10004b80:	4010      	ands	r0, r2
10004b82:	9a0b      	ldr	r2, [sp, #44]	@ 0x2c
10004b84:	900c      	str	r0, [sp, #48]	@ 0x30
10004b86:	2a00      	cmp	r2, #0
10004b88:	d125      	bne.n	10004bd6 <_etoa+0x40a>
10004b8a:	9b25      	ldr	r3, [sp, #148]	@ 0x94
10004b8c:	2b04      	cmp	r3, #4
10004b8e:	d905      	bls.n	10004b9c <_etoa+0x3d0>
10004b90:	2800      	cmp	r0, #0
10004b92:	d000      	beq.n	10004b96 <_etoa+0x3ca>
10004b94:	e0a1      	b.n	10004cda <_etoa+0x50e>
10004b96:	9b25      	ldr	r3, [sp, #148]	@ 0x94
10004b98:	3b04      	subs	r3, #4
10004b9a:	930b      	str	r3, [sp, #44]	@ 0x2c
10004b9c:	2504      	movs	r5, #4
10004b9e:	e041      	b.n	10004c24 <_etoa+0x458>
10004ba0:	2202      	movs	r2, #2
10004ba2:	9826      	ldr	r0, [sp, #152]	@ 0x98
10004ba4:	4010      	ands	r0, r2
10004ba6:	9a0b      	ldr	r2, [sp, #44]	@ 0x2c
10004ba8:	900c      	str	r0, [sp, #48]	@ 0x30
10004baa:	2a00      	cmp	r2, #0
10004bac:	d112      	bne.n	10004bd4 <_etoa+0x408>
10004bae:	9b25      	ldr	r3, [sp, #148]	@ 0x94
10004bb0:	2b05      	cmp	r3, #5
10004bb2:	d976      	bls.n	10004ca2 <_etoa+0x4d6>
10004bb4:	2800      	cmp	r0, #0
10004bb6:	d172      	bne.n	10004c9e <_etoa+0x4d2>
10004bb8:	9b25      	ldr	r3, [sp, #148]	@ 0x94
10004bba:	2505      	movs	r5, #5
10004bbc:	3b05      	subs	r3, #5
10004bbe:	930b      	str	r3, [sp, #44]	@ 0x2c
10004bc0:	e034      	b.n	10004c2c <_etoa+0x460>
10004bc2:	2280      	movs	r2, #128	@ 0x80
10004bc4:	0612      	lsls	r2, r2, #24
10004bc6:	4694      	mov	ip, r2
10004bc8:	9b22      	ldr	r3, [sp, #136]	@ 0x88
10004bca:	9308      	str	r3, [sp, #32]
10004bcc:	9b23      	ldr	r3, [sp, #140]	@ 0x8c
10004bce:	4463      	add	r3, ip
10004bd0:	9309      	str	r3, [sp, #36]	@ 0x24
10004bd2:	e630      	b.n	10004836 <_etoa+0x6a>
10004bd4:	2505      	movs	r5, #5
10004bd6:	430b      	orrs	r3, r1
10004bd8:	d100      	bne.n	10004bdc <_etoa+0x410>
10004bda:	e6f6      	b.n	100049ca <_etoa+0x1fe>
10004bdc:	9808      	ldr	r0, [sp, #32]
10004bde:	9909      	ldr	r1, [sp, #36]	@ 0x24
10004be0:	4a55      	ldr	r2, [pc, #340]	@ (10004d38 <_etoa+0x56c>)
10004be2:	4b56      	ldr	r3, [pc, #344]	@ (10004d3c <_etoa+0x570>)
10004be4:	f7fe fdce 	bl	10003784 <__wrap___aeabi_dcmpge>
10004be8:	2800      	cmp	r0, #0
10004bea:	d008      	beq.n	10004bfe <_etoa+0x432>
10004bec:	9808      	ldr	r0, [sp, #32]
10004bee:	9909      	ldr	r1, [sp, #36]	@ 0x24
10004bf0:	2200      	movs	r2, #0
10004bf2:	4b53      	ldr	r3, [pc, #332]	@ (10004d40 <_etoa+0x574>)
10004bf4:	f7fe fdb8 	bl	10003768 <__wrap___aeabi_dcmplt>
10004bf8:	2800      	cmp	r0, #0
10004bfa:	d000      	beq.n	10004bfe <_etoa+0x432>
10004bfc:	e6e5      	b.n	100049ca <_etoa+0x1fe>
10004bfe:	9b24      	ldr	r3, [sp, #144]	@ 0x90
10004c00:	2b00      	cmp	r3, #0
10004c02:	d01c      	beq.n	10004c3e <_etoa+0x472>
10004c04:	9b0d      	ldr	r3, [sp, #52]	@ 0x34
10004c06:	2b00      	cmp	r3, #0
10004c08:	d019      	beq.n	10004c3e <_etoa+0x472>
10004c0a:	9b24      	ldr	r3, [sp, #144]	@ 0x90
10004c0c:	3b01      	subs	r3, #1
10004c0e:	9324      	str	r3, [sp, #144]	@ 0x90
10004c10:	9b25      	ldr	r3, [sp, #148]	@ 0x94
10004c12:	42ab      	cmp	r3, r5
10004c14:	d904      	bls.n	10004c20 <_etoa+0x454>
10004c16:	9b0c      	ldr	r3, [sp, #48]	@ 0x30
10004c18:	2b00      	cmp	r3, #0
10004c1a:	d05a      	beq.n	10004cd2 <_etoa+0x506>
10004c1c:	2302      	movs	r3, #2
10004c1e:	930c      	str	r3, [sp, #48]	@ 0x30
10004c20:	2300      	movs	r3, #0
10004c22:	930b      	str	r3, [sp, #44]	@ 0x2c
10004c24:	9b0a      	ldr	r3, [sp, #40]	@ 0x28
10004c26:	2b00      	cmp	r3, #0
10004c28:	d100      	bne.n	10004c2c <_etoa+0x460>
10004c2a:	e631      	b.n	10004890 <_etoa+0xc4>
10004c2c:	9808      	ldr	r0, [sp, #32]
10004c2e:	9909      	ldr	r1, [sp, #36]	@ 0x24
10004c30:	0032      	movs	r2, r6
10004c32:	003b      	movs	r3, r7
10004c34:	f7fe fd37 	bl	100036a6 <__wrap___aeabi_ddiv>
10004c38:	9008      	str	r0, [sp, #32]
10004c3a:	9109      	str	r1, [sp, #36]	@ 0x24
10004c3c:	e628      	b.n	10004890 <_etoa+0xc4>
10004c3e:	9b25      	ldr	r3, [sp, #148]	@ 0x94
10004c40:	42ab      	cmp	r3, r5
10004c42:	d9ed      	bls.n	10004c20 <_etoa+0x454>
10004c44:	9b0c      	ldr	r3, [sp, #48]	@ 0x30
10004c46:	2b00      	cmp	r3, #0
10004c48:	d043      	beq.n	10004cd2 <_etoa+0x506>
10004c4a:	2300      	movs	r3, #0
10004c4c:	930b      	str	r3, [sp, #44]	@ 0x2c
10004c4e:	3302      	adds	r3, #2
10004c50:	930c      	str	r3, [sp, #48]	@ 0x30
10004c52:	e7e7      	b.n	10004c24 <_etoa+0x458>
10004c54:	2080      	movs	r0, #128	@ 0x80
10004c56:	9b26      	ldr	r3, [sp, #152]	@ 0x98
10004c58:	4a3a      	ldr	r2, [pc, #232]	@ (10004d44 <_etoa+0x578>)
10004c5a:	0600      	lsls	r0, r0, #24
10004c5c:	401a      	ands	r2, r3
10004c5e:	2380      	movs	r3, #128	@ 0x80
10004c60:	4684      	mov	ip, r0
10004c62:	9402      	str	r4, [sp, #8]
10004c64:	9c08      	ldr	r4, [sp, #32]
10004c66:	9d09      	ldr	r5, [sp, #36]	@ 0x24
10004c68:	0029      	movs	r1, r5
10004c6a:	00db      	lsls	r3, r3, #3
10004c6c:	4313      	orrs	r3, r2
10004c6e:	9304      	str	r3, [sp, #16]
10004c70:	9b25      	ldr	r3, [sp, #148]	@ 0x94
10004c72:	4461      	add	r1, ip
10004c74:	0022      	movs	r2, r4
10004c76:	9303      	str	r3, [sp, #12]
10004c78:	000b      	movs	r3, r1
10004c7a:	9200      	str	r2, [sp, #0]
10004c7c:	9301      	str	r3, [sp, #4]
10004c7e:	e68e      	b.n	1000499e <_etoa+0x1d2>
10004c80:	2405      	movs	r4, #5
10004c82:	e6a8      	b.n	100049d6 <_etoa+0x20a>
10004c84:	2300      	movs	r3, #0
10004c86:	930b      	str	r3, [sp, #44]	@ 0x2c
10004c88:	930a      	str	r3, [sp, #40]	@ 0x28
10004c8a:	3302      	adds	r3, #2
10004c8c:	2504      	movs	r5, #4
10004c8e:	930c      	str	r3, [sp, #48]	@ 0x30
10004c90:	e5fe      	b.n	10004890 <_etoa+0xc4>
10004c92:	4653      	mov	r3, sl
10004c94:	468c      	mov	ip, r1
10004c96:	3b01      	subs	r3, #1
10004c98:	4463      	add	r3, ip
10004c9a:	1a1b      	subs	r3, r3, r0
10004c9c:	e672      	b.n	10004984 <_etoa+0x1b8>
10004c9e:	2302      	movs	r3, #2
10004ca0:	930c      	str	r3, [sp, #48]	@ 0x30
10004ca2:	2505      	movs	r5, #5
10004ca4:	e7c2      	b.n	10004c2c <_etoa+0x460>
10004ca6:	2304      	movs	r3, #4
10004ca8:	e5ed      	b.n	10004886 <_etoa+0xba>
10004caa:	2080      	movs	r0, #128	@ 0x80
10004cac:	9e08      	ldr	r6, [sp, #32]
10004cae:	9f09      	ldr	r7, [sp, #36]	@ 0x24
10004cb0:	0600      	lsls	r0, r0, #24
10004cb2:	0039      	movs	r1, r7
10004cb4:	4684      	mov	ip, r0
10004cb6:	9a26      	ldr	r2, [sp, #152]	@ 0x98
10004cb8:	4b22      	ldr	r3, [pc, #136]	@ (10004d44 <_etoa+0x578>)
10004cba:	4461      	add	r1, ip
10004cbc:	4013      	ands	r3, r2
10004cbe:	9304      	str	r3, [sp, #16]
10004cc0:	9b0b      	ldr	r3, [sp, #44]	@ 0x2c
10004cc2:	0032      	movs	r2, r6
10004cc4:	9303      	str	r3, [sp, #12]
10004cc6:	9b24      	ldr	r3, [sp, #144]	@ 0x90
10004cc8:	9302      	str	r3, [sp, #8]
10004cca:	000b      	movs	r3, r1
10004ccc:	9200      	str	r2, [sp, #0]
10004cce:	9301      	str	r3, [sp, #4]
10004cd0:	e5f3      	b.n	100048ba <_etoa+0xee>
10004cd2:	9b25      	ldr	r3, [sp, #148]	@ 0x94
10004cd4:	1b5b      	subs	r3, r3, r5
10004cd6:	930b      	str	r3, [sp, #44]	@ 0x2c
10004cd8:	e7a4      	b.n	10004c24 <_etoa+0x458>
10004cda:	2302      	movs	r3, #2
10004cdc:	2504      	movs	r5, #4
10004cde:	930c      	str	r3, [sp, #48]	@ 0x30
10004ce0:	e7a0      	b.n	10004c24 <_etoa+0x458>
10004ce2:	1a9c      	subs	r4, r3, r2
10004ce4:	3c01      	subs	r4, #1
10004ce6:	e676      	b.n	100049d6 <_etoa+0x20a>
10004ce8:	fffffc01 	.word	0xfffffc01
10004cec:	509f79fb 	.word	0x509f79fb
10004cf0:	3fd34413 	.word	0x3fd34413
10004cf4:	8b60c8b3 	.word	0x8b60c8b3
10004cf8:	3fc68a28 	.word	0x3fc68a28
10004cfc:	3ff00000 	.word	0x3ff00000
10004d00:	3ff80000 	.word	0x3ff80000
10004d04:	636f4361 	.word	0x636f4361
10004d08:	3fd287a7 	.word	0x3fd287a7
10004d0c:	0979a371 	.word	0x0979a371
10004d10:	400a934f 	.word	0x400a934f
10004d14:	3fe00000 	.word	0x3fe00000
10004d18:	bbb55516 	.word	0xbbb55516
10004d1c:	40026bb1 	.word	0x40026bb1
10004d20:	fefa39ef 	.word	0xfefa39ef
10004d24:	3fe62e42 	.word	0x3fe62e42
10004d28:	402c0000 	.word	0x402c0000
10004d2c:	40240000 	.word	0x40240000
10004d30:	40180000 	.word	0x40180000
10004d34:	000003ff 	.word	0x000003ff
10004d38:	eb1c432d 	.word	0xeb1c432d
10004d3c:	3f1a36e2 	.word	0x3f1a36e2
10004d40:	412e8480 	.word	0x412e8480
10004d44:	fffff7ff 	.word	0xfffff7ff

10004d48 <_vsnprintf>:
10004d48:	b5f0      	push	{r4, r5, r6, r7, lr}
10004d4a:	46de      	mov	lr, fp
10004d4c:	4657      	mov	r7, sl
10004d4e:	464e      	mov	r6, r9
10004d50:	4645      	mov	r5, r8
10004d52:	b5e0      	push	{r5, r6, r7, lr}
10004d54:	b0a5      	sub	sp, #148	@ 0x94
10004d56:	001e      	movs	r6, r3
10004d58:	9b2e      	ldr	r3, [sp, #184]	@ 0xb8
10004d5a:	4692      	mov	sl, r2
10004d5c:	930c      	str	r3, [sp, #48]	@ 0x30
10004d5e:	4acd      	ldr	r2, [pc, #820]	@ (10005094 <_vsnprintf+0x34c>)
10004d60:	4bcd      	ldr	r3, [pc, #820]	@ (10005098 <_vsnprintf+0x350>)
10004d62:	4680      	mov	r8, r0
10004d64:	468b      	mov	fp, r1
10004d66:	601a      	str	r2, [r3, #0]
10004d68:	2900      	cmp	r1, #0
10004d6a:	d100      	bne.n	10004d6e <_vsnprintf+0x26>
10004d6c:	e1ea      	b.n	10005144 <_vsnprintf+0x3fc>
10004d6e:	2300      	movs	r3, #0
10004d70:	7830      	ldrb	r0, [r6, #0]
10004d72:	4699      	mov	r9, r3
10004d74:	2800      	cmp	r0, #0
10004d76:	d100      	bne.n	10004d7a <_vsnprintf+0x32>
10004d78:	e1ec      	b.n	10005154 <_vsnprintf+0x40c>
10004d7a:	4bc8      	ldr	r3, [pc, #800]	@ (1000509c <_vsnprintf+0x354>)
10004d7c:	464c      	mov	r4, r9
10004d7e:	930b      	str	r3, [sp, #44]	@ 0x2c
10004d80:	4bc7      	ldr	r3, [pc, #796]	@ (100050a0 <_vsnprintf+0x358>)
10004d82:	4645      	mov	r5, r8
10004d84:	4657      	mov	r7, sl
10004d86:	930e      	str	r3, [sp, #56]	@ 0x38
10004d88:	e00a      	b.n	10004da0 <_vsnprintf+0x58>
10004d8a:	1c63      	adds	r3, r4, #1
10004d8c:	4698      	mov	r8, r3
10004d8e:	0022      	movs	r2, r4
10004d90:	003b      	movs	r3, r7
10004d92:	4659      	mov	r1, fp
10004d94:	47a8      	blx	r5
10004d96:	4644      	mov	r4, r8
10004d98:	7830      	ldrb	r0, [r6, #0]
10004d9a:	2800      	cmp	r0, #0
10004d9c:	d100      	bne.n	10004da0 <_vsnprintf+0x58>
10004d9e:	e087      	b.n	10004eb0 <_vsnprintf+0x168>
10004da0:	3601      	adds	r6, #1
10004da2:	2825      	cmp	r0, #37	@ 0x25
10004da4:	d1f1      	bne.n	10004d8a <_vsnprintf+0x42>
10004da6:	2308      	movs	r3, #8
10004da8:	469a      	mov	sl, r3
10004daa:	3b04      	subs	r3, #4
10004dac:	4699      	mov	r9, r3
10004dae:	3b02      	subs	r3, #2
10004db0:	4698      	mov	r8, r3
10004db2:	3b01      	subs	r3, #1
10004db4:	2200      	movs	r2, #0
10004db6:	469c      	mov	ip, r3
10004db8:	940d      	str	r4, [sp, #52]	@ 0x34
10004dba:	7830      	ldrb	r0, [r6, #0]
10004dbc:	1c71      	adds	r1, r6, #1
10004dbe:	0003      	movs	r3, r0
10004dc0:	3b20      	subs	r3, #32
10004dc2:	b2db      	uxtb	r3, r3
10004dc4:	2b10      	cmp	r3, #16
10004dc6:	d803      	bhi.n	10004dd0 <_vsnprintf+0x88>
10004dc8:	9c0b      	ldr	r4, [sp, #44]	@ 0x2c
10004dca:	009b      	lsls	r3, r3, #2
10004dcc:	58e3      	ldr	r3, [r4, r3]
10004dce:	469f      	mov	pc, r3
10004dd0:	0003      	movs	r3, r0
10004dd2:	3b30      	subs	r3, #48	@ 0x30
10004dd4:	4689      	mov	r9, r1
10004dd6:	9c0d      	ldr	r4, [sp, #52]	@ 0x34
10004dd8:	2b09      	cmp	r3, #9
10004dda:	d93a      	bls.n	10004e52 <_vsnprintf+0x10a>
10004ddc:	2300      	movs	r3, #0
10004dde:	4698      	mov	r8, r3
10004de0:	282a      	cmp	r0, #42	@ 0x2a
10004de2:	d100      	bne.n	10004de6 <_vsnprintf+0x9e>
10004de4:	e0c1      	b.n	10004f6a <_vsnprintf+0x222>
10004de6:	2300      	movs	r3, #0
10004de8:	469a      	mov	sl, r3
10004dea:	282e      	cmp	r0, #46	@ 0x2e
10004dec:	d04b      	beq.n	10004e86 <_vsnprintf+0x13e>
10004dee:	0003      	movs	r3, r0
10004df0:	3b68      	subs	r3, #104	@ 0x68
10004df2:	b2db      	uxtb	r3, r3
10004df4:	2b12      	cmp	r3, #18
10004df6:	d81e      	bhi.n	10004e36 <_vsnprintf+0xee>
10004df8:	990e      	ldr	r1, [sp, #56]	@ 0x38
10004dfa:	009b      	lsls	r3, r3, #2
10004dfc:	58cb      	ldr	r3, [r1, r3]
10004dfe:	469f      	mov	pc, r3
10004e00:	4663      	mov	r3, ip
10004e02:	000e      	movs	r6, r1
10004e04:	431a      	orrs	r2, r3
10004e06:	e7d8      	b.n	10004dba <_vsnprintf+0x72>
10004e08:	4643      	mov	r3, r8
10004e0a:	000e      	movs	r6, r1
10004e0c:	431a      	orrs	r2, r3
10004e0e:	e7d4      	b.n	10004dba <_vsnprintf+0x72>
10004e10:	464b      	mov	r3, r9
10004e12:	000e      	movs	r6, r1
10004e14:	431a      	orrs	r2, r3
10004e16:	e7d0      	b.n	10004dba <_vsnprintf+0x72>
10004e18:	2310      	movs	r3, #16
10004e1a:	000e      	movs	r6, r1
10004e1c:	431a      	orrs	r2, r3
10004e1e:	e7cc      	b.n	10004dba <_vsnprintf+0x72>
10004e20:	4653      	mov	r3, sl
10004e22:	000e      	movs	r6, r1
10004e24:	431a      	orrs	r2, r3
10004e26:	e7c8      	b.n	10004dba <_vsnprintf+0x72>
10004e28:	2380      	movs	r3, #128	@ 0x80
10004e2a:	005b      	lsls	r3, r3, #1
10004e2c:	431a      	orrs	r2, r3
10004e2e:	3bff      	subs	r3, #255	@ 0xff
10004e30:	469c      	mov	ip, r3
10004e32:	7870      	ldrb	r0, [r6, #1]
10004e34:	44e1      	add	r9, ip
10004e36:	464e      	mov	r6, r9
10004e38:	2867      	cmp	r0, #103	@ 0x67
10004e3a:	d84f      	bhi.n	10004edc <_vsnprintf+0x194>
10004e3c:	2824      	cmp	r0, #36	@ 0x24
10004e3e:	d9a4      	bls.n	10004d8a <_vsnprintf+0x42>
10004e40:	0003      	movs	r3, r0
10004e42:	3b25      	subs	r3, #37	@ 0x25
10004e44:	b2db      	uxtb	r3, r3
10004e46:	2b42      	cmp	r3, #66	@ 0x42
10004e48:	d89f      	bhi.n	10004d8a <_vsnprintf+0x42>
10004e4a:	4996      	ldr	r1, [pc, #600]	@ (100050a4 <_vsnprintf+0x35c>)
10004e4c:	009b      	lsls	r3, r3, #2
10004e4e:	58cb      	ldr	r3, [r1, r3]
10004e50:	469f      	mov	pc, r3
10004e52:	2300      	movs	r3, #0
10004e54:	4694      	mov	ip, r2
10004e56:	001e      	movs	r6, r3
10004e58:	e000      	b.n	10004e5c <_vsnprintf+0x114>
10004e5a:	3101      	adds	r1, #1
10004e5c:	00b3      	lsls	r3, r6, #2
10004e5e:	199b      	adds	r3, r3, r6
10004e60:	005b      	lsls	r3, r3, #1
10004e62:	181e      	adds	r6, r3, r0
10004e64:	7808      	ldrb	r0, [r1, #0]
10004e66:	3e30      	subs	r6, #48	@ 0x30
10004e68:	0003      	movs	r3, r0
10004e6a:	3b30      	subs	r3, #48	@ 0x30
10004e6c:	2b09      	cmp	r3, #9
10004e6e:	d9f4      	bls.n	10004e5a <_vsnprintf+0x112>
10004e70:	2301      	movs	r3, #1
10004e72:	4662      	mov	r2, ip
10004e74:	4689      	mov	r9, r1
10004e76:	469c      	mov	ip, r3
10004e78:	2300      	movs	r3, #0
10004e7a:	46b0      	mov	r8, r6
10004e7c:	469a      	mov	sl, r3
10004e7e:	000e      	movs	r6, r1
10004e80:	44e1      	add	r9, ip
10004e82:	282e      	cmp	r0, #46	@ 0x2e
10004e84:	d1b3      	bne.n	10004dee <_vsnprintf+0xa6>
10004e86:	2130      	movs	r1, #48	@ 0x30
10004e88:	2080      	movs	r0, #128	@ 0x80
10004e8a:	4249      	negs	r1, r1
10004e8c:	468c      	mov	ip, r1
10004e8e:	00c0      	lsls	r0, r0, #3
10004e90:	4302      	orrs	r2, r0
10004e92:	7870      	ldrb	r0, [r6, #1]
10004e94:	464b      	mov	r3, r9
10004e96:	4484      	add	ip, r0
10004e98:	4661      	mov	r1, ip
10004e9a:	2909      	cmp	r1, #9
10004e9c:	d800      	bhi.n	10004ea0 <_vsnprintf+0x158>
10004e9e:	e16c      	b.n	1000517a <_vsnprintf+0x432>
10004ea0:	282a      	cmp	r0, #42	@ 0x2a
10004ea2:	d100      	bne.n	10004ea6 <_vsnprintf+0x15e>
10004ea4:	e17a      	b.n	1000519c <_vsnprintf+0x454>
10004ea6:	2301      	movs	r3, #1
10004ea8:	469c      	mov	ip, r3
10004eaa:	464e      	mov	r6, r9
10004eac:	44e1      	add	r9, ip
10004eae:	e79e      	b.n	10004dee <_vsnprintf+0xa6>
10004eb0:	46a1      	mov	r9, r4
10004eb2:	46a8      	mov	r8, r5
10004eb4:	46ba      	mov	sl, r7
10004eb6:	45ca      	cmp	sl, r9
10004eb8:	d803      	bhi.n	10004ec2 <_vsnprintf+0x17a>
10004eba:	2301      	movs	r3, #1
10004ebc:	425b      	negs	r3, r3
10004ebe:	4453      	add	r3, sl
10004ec0:	4699      	mov	r9, r3
10004ec2:	4653      	mov	r3, sl
10004ec4:	464a      	mov	r2, r9
10004ec6:	4659      	mov	r1, fp
10004ec8:	2000      	movs	r0, #0
10004eca:	47c0      	blx	r8
10004ecc:	0020      	movs	r0, r4
10004ece:	b025      	add	sp, #148	@ 0x94
10004ed0:	bcf0      	pop	{r4, r5, r6, r7}
10004ed2:	46bb      	mov	fp, r7
10004ed4:	46b2      	mov	sl, r6
10004ed6:	46a9      	mov	r9, r5
10004ed8:	46a0      	mov	r8, r4
10004eda:	bdf0      	pop	{r4, r5, r6, r7, pc}
10004edc:	0003      	movs	r3, r0
10004ede:	3b69      	subs	r3, #105	@ 0x69
10004ee0:	b2db      	uxtb	r3, r3
10004ee2:	930d      	str	r3, [sp, #52]	@ 0x34
10004ee4:	2b0f      	cmp	r3, #15
10004ee6:	d900      	bls.n	10004eea <_vsnprintf+0x1a2>
10004ee8:	e74f      	b.n	10004d8a <_vsnprintf+0x42>
10004eea:	2101      	movs	r1, #1
10004eec:	4099      	lsls	r1, r3
10004eee:	468c      	mov	ip, r1
10004ef0:	496d      	ldr	r1, [pc, #436]	@ (100050a8 <_vsnprintf+0x360>)
10004ef2:	4689      	mov	r9, r1
10004ef4:	4661      	mov	r1, ip
10004ef6:	464b      	mov	r3, r9
10004ef8:	4019      	ands	r1, r3
10004efa:	910f      	str	r1, [sp, #60]	@ 0x3c
10004efc:	4663      	mov	r3, ip
10004efe:	4649      	mov	r1, r9
10004f00:	420b      	tst	r3, r1
10004f02:	d000      	beq.n	10004f06 <_vsnprintf+0x1be>
10004f04:	e128      	b.n	10005158 <_vsnprintf+0x410>
10004f06:	9b0d      	ldr	r3, [sp, #52]	@ 0x34
10004f08:	2b0a      	cmp	r3, #10
10004f0a:	d03a      	beq.n	10004f82 <_vsnprintf+0x23a>
10004f0c:	2b07      	cmp	r3, #7
10004f0e:	d000      	beq.n	10004f12 <_vsnprintf+0x1ca>
10004f10:	e73b      	b.n	10004d8a <_vsnprintf+0x42>
10004f12:	9b0c      	ldr	r3, [sp, #48]	@ 0x30
10004f14:	0019      	movs	r1, r3
10004f16:	c908      	ldmia	r1!, {r3}
10004f18:	4688      	mov	r8, r1
10004f1a:	2b00      	cmp	r3, #0
10004f1c:	d100      	bne.n	10004f20 <_vsnprintf+0x1d8>
10004f1e:	e14b      	b.n	100051b8 <_vsnprintf+0x470>
10004f20:	2021      	movs	r0, #33	@ 0x21
10004f22:	4302      	orrs	r2, r0
10004f24:	4691      	mov	r9, r2
10004f26:	a914      	add	r1, sp, #80	@ 0x50
10004f28:	468c      	mov	ip, r1
10004f2a:	221f      	movs	r2, #31
10004f2c:	210f      	movs	r1, #15
10004f2e:	4462      	add	r2, ip
10004f30:	468c      	mov	ip, r1
10004f32:	4651      	mov	r1, sl
10004f34:	950d      	str	r5, [sp, #52]	@ 0x34
10004f36:	910c      	str	r1, [sp, #48]	@ 0x30
10004f38:	46a2      	mov	sl, r4
10004f3a:	0015      	movs	r5, r2
10004f3c:	990f      	ldr	r1, [sp, #60]	@ 0x3c
10004f3e:	e002      	b.n	10004f46 <_vsnprintf+0x1fe>
10004f40:	2920      	cmp	r1, #32
10004f42:	d00c      	beq.n	10004f5e <_vsnprintf+0x216>
10004f44:	0013      	movs	r3, r2
10004f46:	4664      	mov	r4, ip
10004f48:	401c      	ands	r4, r3
10004f4a:	0020      	movs	r0, r4
10004f4c:	3037      	adds	r0, #55	@ 0x37
10004f4e:	2c09      	cmp	r4, #9
10004f50:	d800      	bhi.n	10004f54 <_vsnprintf+0x20c>
10004f52:	3807      	subs	r0, #7
10004f54:	3101      	adds	r1, #1
10004f56:	5468      	strb	r0, [r5, r1]
10004f58:	091a      	lsrs	r2, r3, #4
10004f5a:	2b0f      	cmp	r3, #15
10004f5c:	d8f0      	bhi.n	10004f40 <_vsnprintf+0x1f8>
10004f5e:	9b0c      	ldr	r3, [sp, #48]	@ 0x30
10004f60:	4654      	mov	r4, sl
10004f62:	9d0d      	ldr	r5, [sp, #52]	@ 0x34
10004f64:	469a      	mov	sl, r3
10004f66:	910f      	str	r1, [sp, #60]	@ 0x3c
10004f68:	e133      	b.n	100051d2 <_vsnprintf+0x48a>
10004f6a:	9b0c      	ldr	r3, [sp, #48]	@ 0x30
10004f6c:	cb02      	ldmia	r3!, {r1}
10004f6e:	4688      	mov	r8, r1
10004f70:	2900      	cmp	r1, #0
10004f72:	db47      	blt.n	10005004 <_vsnprintf+0x2bc>
10004f74:	930c      	str	r3, [sp, #48]	@ 0x30
10004f76:	2301      	movs	r3, #1
10004f78:	469c      	mov	ip, r3
10004f7a:	7870      	ldrb	r0, [r6, #1]
10004f7c:	464e      	mov	r6, r9
10004f7e:	44e1      	add	r9, ip
10004f80:	e731      	b.n	10004de6 <_vsnprintf+0x9e>
10004f82:	9b0c      	ldr	r3, [sp, #48]	@ 0x30
10004f84:	cb02      	ldmia	r3!, {r1}
10004f86:	9314      	str	r3, [sp, #80]	@ 0x50
10004f88:	4653      	mov	r3, sl
10004f8a:	2b00      	cmp	r3, #0
10004f8c:	d100      	bne.n	10004f90 <_vsnprintf+0x248>
10004f8e:	e138      	b.n	10005202 <_vsnprintf+0x4ba>
10004f90:	469c      	mov	ip, r3
10004f92:	7808      	ldrb	r0, [r1, #0]
10004f94:	000b      	movs	r3, r1
10004f96:	900c      	str	r0, [sp, #48]	@ 0x30
10004f98:	448c      	add	ip, r1
10004f9a:	2800      	cmp	r0, #0
10004f9c:	d101      	bne.n	10004fa2 <_vsnprintf+0x25a>
10004f9e:	f000 fc98 	bl	100058d2 <_vsnprintf+0xb8a>
10004fa2:	4689      	mov	r9, r1
10004fa4:	4661      	mov	r1, ip
10004fa6:	4694      	mov	ip, r2
10004fa8:	e003      	b.n	10004fb2 <_vsnprintf+0x26a>
10004faa:	785a      	ldrb	r2, [r3, #1]
10004fac:	3301      	adds	r3, #1
10004fae:	2a00      	cmp	r2, #0
10004fb0:	d001      	beq.n	10004fb6 <_vsnprintf+0x26e>
10004fb2:	428b      	cmp	r3, r1
10004fb4:	d1f9      	bne.n	10004faa <_vsnprintf+0x262>
10004fb6:	4649      	mov	r1, r9
10004fb8:	4662      	mov	r2, ip
10004fba:	1a5b      	subs	r3, r3, r1
10004fbc:	900c      	str	r0, [sp, #48]	@ 0x30
10004fbe:	930f      	str	r3, [sp, #60]	@ 0x3c
10004fc0:	0553      	lsls	r3, r2, #21
10004fc2:	d500      	bpl.n	10004fc6 <_vsnprintf+0x27e>
10004fc4:	e120      	b.n	10005208 <_vsnprintf+0x4c0>
10004fc6:	2302      	movs	r3, #2
10004fc8:	0018      	movs	r0, r3
10004fca:	4010      	ands	r0, r2
10004fcc:	900d      	str	r0, [sp, #52]	@ 0x34
10004fce:	4213      	tst	r3, r2
10004fd0:	d100      	bne.n	10004fd4 <_vsnprintf+0x28c>
10004fd2:	e3cb      	b.n	1000576c <_vsnprintf+0xa24>
10004fd4:	930d      	str	r3, [sp, #52]	@ 0x34
10004fd6:	1b0b      	subs	r3, r1, r4
10004fd8:	46b1      	mov	r9, r6
10004fda:	469a      	mov	sl, r3
10004fdc:	465e      	mov	r6, fp
10004fde:	980c      	ldr	r0, [sp, #48]	@ 0x30
10004fe0:	0022      	movs	r2, r4
10004fe2:	003b      	movs	r3, r7
10004fe4:	0031      	movs	r1, r6
10004fe6:	47a8      	blx	r5
10004fe8:	4653      	mov	r3, sl
10004fea:	3401      	adds	r4, #1
10004fec:	5d18      	ldrb	r0, [r3, r4]
10004fee:	2800      	cmp	r0, #0
10004ff0:	d1f6      	bne.n	10004fe0 <_vsnprintf+0x298>
10004ff2:	46b3      	mov	fp, r6
10004ff4:	464e      	mov	r6, r9
10004ff6:	9b0d      	ldr	r3, [sp, #52]	@ 0x34
10004ff8:	2b00      	cmp	r3, #0
10004ffa:	d000      	beq.n	10004ffe <_vsnprintf+0x2b6>
10004ffc:	e1c7      	b.n	1000538e <_vsnprintf+0x646>
10004ffe:	9b14      	ldr	r3, [sp, #80]	@ 0x50
10005000:	930c      	str	r3, [sp, #48]	@ 0x30
10005002:	e6c9      	b.n	10004d98 <_vsnprintf+0x50>
10005004:	930c      	str	r3, [sp, #48]	@ 0x30
10005006:	2301      	movs	r3, #1
10005008:	469c      	mov	ip, r3
1000500a:	3828      	subs	r0, #40	@ 0x28
1000500c:	4249      	negs	r1, r1
1000500e:	4302      	orrs	r2, r0
10005010:	4688      	mov	r8, r1
10005012:	7870      	ldrb	r0, [r6, #1]
10005014:	464e      	mov	r6, r9
10005016:	44e1      	add	r9, ip
10005018:	e6e5      	b.n	10004de6 <_vsnprintf+0x9e>
1000501a:	7870      	ldrb	r0, [r6, #1]
1000501c:	286c      	cmp	r0, #108	@ 0x6c
1000501e:	d100      	bne.n	10005022 <_vsnprintf+0x2da>
10005020:	e17f      	b.n	10005322 <_vsnprintf+0x5da>
10005022:	2380      	movs	r3, #128	@ 0x80
10005024:	005b      	lsls	r3, r3, #1
10005026:	431a      	orrs	r2, r3
10005028:	3bff      	subs	r3, #255	@ 0xff
1000502a:	469c      	mov	ip, r3
1000502c:	44e1      	add	r9, ip
1000502e:	e702      	b.n	10004e36 <_vsnprintf+0xee>
10005030:	2380      	movs	r3, #128	@ 0x80
10005032:	009b      	lsls	r3, r3, #2
10005034:	431a      	orrs	r2, r3
10005036:	2301      	movs	r3, #1
10005038:	469c      	mov	ip, r3
1000503a:	7870      	ldrb	r0, [r6, #1]
1000503c:	44e1      	add	r9, ip
1000503e:	e6fa      	b.n	10004e36 <_vsnprintf+0xee>
10005040:	7870      	ldrb	r0, [r6, #1]
10005042:	2868      	cmp	r0, #104	@ 0x68
10005044:	d100      	bne.n	10005048 <_vsnprintf+0x300>
10005046:	e173      	b.n	10005330 <_vsnprintf+0x5e8>
10005048:	2380      	movs	r3, #128	@ 0x80
1000504a:	431a      	orrs	r2, r3
1000504c:	3b7f      	subs	r3, #127	@ 0x7f
1000504e:	469c      	mov	ip, r3
10005050:	44e1      	add	r9, ip
10005052:	e6f0      	b.n	10004e36 <_vsnprintf+0xee>
10005054:	2867      	cmp	r0, #103	@ 0x67
10005056:	d100      	bne.n	1000505a <_vsnprintf+0x312>
10005058:	e103      	b.n	10005262 <_vsnprintf+0x51a>
1000505a:	2847      	cmp	r0, #71	@ 0x47
1000505c:	d100      	bne.n	10005060 <_vsnprintf+0x318>
1000505e:	e15a      	b.n	10005316 <_vsnprintf+0x5ce>
10005060:	2845      	cmp	r0, #69	@ 0x45
10005062:	d100      	bne.n	10005066 <_vsnprintf+0x31e>
10005064:	e15a      	b.n	1000531c <_vsnprintf+0x5d4>
10005066:	9204      	str	r2, [sp, #16]
10005068:	2107      	movs	r1, #7
1000506a:	4642      	mov	r2, r8
1000506c:	9b0c      	ldr	r3, [sp, #48]	@ 0x30
1000506e:	9203      	str	r2, [sp, #12]
10005070:	3307      	adds	r3, #7
10005072:	4652      	mov	r2, sl
10005074:	438b      	bics	r3, r1
10005076:	0019      	movs	r1, r3
10005078:	9202      	str	r2, [sp, #8]
1000507a:	c90c      	ldmia	r1!, {r2, r3}
1000507c:	0028      	movs	r0, r5
1000507e:	9200      	str	r2, [sp, #0]
10005080:	9301      	str	r3, [sp, #4]
10005082:	910c      	str	r1, [sp, #48]	@ 0x30
10005084:	0022      	movs	r2, r4
10005086:	003b      	movs	r3, r7
10005088:	4659      	mov	r1, fp
1000508a:	f7ff fb9f 	bl	100047cc <_etoa>
1000508e:	0004      	movs	r4, r0
10005090:	e682      	b.n	10004d98 <_vsnprintf+0x50>
10005092:	46c0      	nop			@ (mov r8, r8)
10005094:	10004d49 	.word	0x10004d49
10005098:	20001fb0 	.word	0x20001fb0
1000509c:	1000943c 	.word	0x1000943c
100050a0:	10009480 	.word	0x10009480
100050a4:	100094cc 	.word	0x100094cc
100050a8:	00009041 	.word	0x00009041
100050ac:	2846      	cmp	r0, #70	@ 0x46
100050ae:	d100      	bne.n	100050b2 <_vsnprintf+0x36a>
100050b0:	e0db      	b.n	1000526a <_vsnprintf+0x522>
100050b2:	9204      	str	r2, [sp, #16]
100050b4:	2107      	movs	r1, #7
100050b6:	4642      	mov	r2, r8
100050b8:	9b0c      	ldr	r3, [sp, #48]	@ 0x30
100050ba:	9203      	str	r2, [sp, #12]
100050bc:	3307      	adds	r3, #7
100050be:	4652      	mov	r2, sl
100050c0:	438b      	bics	r3, r1
100050c2:	0019      	movs	r1, r3
100050c4:	9202      	str	r2, [sp, #8]
100050c6:	c90c      	ldmia	r1!, {r2, r3}
100050c8:	0028      	movs	r0, r5
100050ca:	9200      	str	r2, [sp, #0]
100050cc:	9301      	str	r3, [sp, #4]
100050ce:	910c      	str	r1, [sp, #48]	@ 0x30
100050d0:	0022      	movs	r2, r4
100050d2:	003b      	movs	r3, r7
100050d4:	4659      	mov	r1, fp
100050d6:	f7ff f925 	bl	10004324 <_ftoa>
100050da:	0004      	movs	r4, r0
100050dc:	e65c      	b.n	10004d98 <_vsnprintf+0x50>
100050de:	1c63      	adds	r3, r4, #1
100050e0:	4698      	mov	r8, r3
100050e2:	0022      	movs	r2, r4
100050e4:	003b      	movs	r3, r7
100050e6:	4659      	mov	r1, fp
100050e8:	2025      	movs	r0, #37	@ 0x25
100050ea:	47a8      	blx	r5
100050ec:	4644      	mov	r4, r8
100050ee:	e653      	b.n	10004d98 <_vsnprintf+0x50>
100050f0:	9b0c      	ldr	r3, [sp, #48]	@ 0x30
100050f2:	3304      	adds	r3, #4
100050f4:	930d      	str	r3, [sp, #52]	@ 0x34
100050f6:	1c63      	adds	r3, r4, #1
100050f8:	4699      	mov	r9, r3
100050fa:	0792      	lsls	r2, r2, #30
100050fc:	d400      	bmi.n	10005100 <_vsnprintf+0x3b8>
100050fe:	e122      	b.n	10005346 <_vsnprintf+0x5fe>
10005100:	9b0c      	ldr	r3, [sp, #48]	@ 0x30
10005102:	0022      	movs	r2, r4
10005104:	7818      	ldrb	r0, [r3, #0]
10005106:	4659      	mov	r1, fp
10005108:	003b      	movs	r3, r7
1000510a:	47a8      	blx	r5
1000510c:	4643      	mov	r3, r8
1000510e:	4444      	add	r4, r8
10005110:	2b01      	cmp	r3, #1
10005112:	d800      	bhi.n	10005116 <_vsnprintf+0x3ce>
10005114:	e285      	b.n	10005622 <_vsnprintf+0x8da>
10005116:	0033      	movs	r3, r6
10005118:	46b8      	mov	r8, r7
1000511a:	002e      	movs	r6, r5
1000511c:	465f      	mov	r7, fp
1000511e:	0025      	movs	r5, r4
10005120:	464c      	mov	r4, r9
10005122:	4699      	mov	r9, r3
10005124:	0022      	movs	r2, r4
10005126:	4643      	mov	r3, r8
10005128:	3401      	adds	r4, #1
1000512a:	0039      	movs	r1, r7
1000512c:	2020      	movs	r0, #32
1000512e:	47b0      	blx	r6
10005130:	42ac      	cmp	r4, r5
10005132:	d1f7      	bne.n	10005124 <_vsnprintf+0x3dc>
10005134:	002c      	movs	r4, r5
10005136:	46bb      	mov	fp, r7
10005138:	0035      	movs	r5, r6
1000513a:	4647      	mov	r7, r8
1000513c:	464e      	mov	r6, r9
1000513e:	9b0d      	ldr	r3, [sp, #52]	@ 0x34
10005140:	930c      	str	r3, [sp, #48]	@ 0x30
10005142:	e629      	b.n	10004d98 <_vsnprintf+0x50>
10005144:	4bdb      	ldr	r3, [pc, #876]	@ (100054b4 <_vsnprintf+0x76c>)
10005146:	7830      	ldrb	r0, [r6, #0]
10005148:	4698      	mov	r8, r3
1000514a:	2300      	movs	r3, #0
1000514c:	4699      	mov	r9, r3
1000514e:	2800      	cmp	r0, #0
10005150:	d000      	beq.n	10005154 <_vsnprintf+0x40c>
10005152:	e612      	b.n	10004d7a <_vsnprintf+0x32>
10005154:	2400      	movs	r4, #0
10005156:	e6ae      	b.n	10004eb6 <_vsnprintf+0x16e>
10005158:	286f      	cmp	r0, #111	@ 0x6f
1000515a:	d100      	bne.n	1000515e <_vsnprintf+0x416>
1000515c:	e088      	b.n	10005270 <_vsnprintf+0x528>
1000515e:	d800      	bhi.n	10005162 <_vsnprintf+0x41a>
10005160:	e30b      	b.n	1000577a <_vsnprintf+0xa32>
10005162:	2310      	movs	r3, #16
10005164:	2878      	cmp	r0, #120	@ 0x78
10005166:	d100      	bne.n	1000516a <_vsnprintf+0x422>
10005168:	e0cf      	b.n	1000530a <_vsnprintf+0x5c2>
1000516a:	439a      	bics	r2, r3
1000516c:	230a      	movs	r3, #10
1000516e:	469c      	mov	ip, r3
10005170:	2300      	movs	r3, #0
10005172:	930f      	str	r3, [sp, #60]	@ 0x3c
10005174:	330a      	adds	r3, #10
10005176:	930d      	str	r3, [sp, #52]	@ 0x34
10005178:	e080      	b.n	1000527c <_vsnprintf+0x534>
1000517a:	4656      	mov	r6, sl
1000517c:	00b1      	lsls	r1, r6, #2
1000517e:	1989      	adds	r1, r1, r6
10005180:	0049      	lsls	r1, r1, #1
10005182:	3301      	adds	r3, #1
10005184:	180e      	adds	r6, r1, r0
10005186:	7818      	ldrb	r0, [r3, #0]
10005188:	3e30      	subs	r6, #48	@ 0x30
1000518a:	0001      	movs	r1, r0
1000518c:	3930      	subs	r1, #48	@ 0x30
1000518e:	2909      	cmp	r1, #9
10005190:	d9f4      	bls.n	1000517c <_vsnprintf+0x434>
10005192:	46b2      	mov	sl, r6
10005194:	001e      	movs	r6, r3
10005196:	3301      	adds	r3, #1
10005198:	4699      	mov	r9, r3
1000519a:	e628      	b.n	10004dee <_vsnprintf+0xa6>
1000519c:	9b0c      	ldr	r3, [sp, #48]	@ 0x30
1000519e:	3602      	adds	r6, #2
100051a0:	cb02      	ldmia	r3!, {r1}
100051a2:	468a      	mov	sl, r1
100051a4:	43c9      	mvns	r1, r1
100051a6:	4650      	mov	r0, sl
100051a8:	17c9      	asrs	r1, r1, #31
100051aa:	4008      	ands	r0, r1
100051ac:	4682      	mov	sl, r0
100051ae:	930c      	str	r3, [sp, #48]	@ 0x30
100051b0:	7830      	ldrb	r0, [r6, #0]
100051b2:	1c73      	adds	r3, r6, #1
100051b4:	4699      	mov	r9, r3
100051b6:	e61a      	b.n	10004dee <_vsnprintf+0xa6>
100051b8:	2310      	movs	r3, #16
100051ba:	0010      	movs	r0, r2
100051bc:	4398      	bics	r0, r3
100051be:	3311      	adds	r3, #17
100051c0:	4318      	orrs	r0, r3
100051c2:	4681      	mov	r9, r0
100051c4:	2080      	movs	r0, #128	@ 0x80
100051c6:	0013      	movs	r3, r2
100051c8:	00c0      	lsls	r0, r0, #3
100051ca:	4003      	ands	r3, r0
100051cc:	4202      	tst	r2, r0
100051ce:	d100      	bne.n	100051d2 <_vsnprintf+0x48a>
100051d0:	e6a9      	b.n	10004f26 <_vsnprintf+0x1de>
100051d2:	464b      	mov	r3, r9
100051d4:	9306      	str	r3, [sp, #24]
100051d6:	2308      	movs	r3, #8
100051d8:	9305      	str	r3, [sp, #20]
100051da:	4653      	mov	r3, sl
100051dc:	9304      	str	r3, [sp, #16]
100051de:	2310      	movs	r3, #16
100051e0:	9303      	str	r3, [sp, #12]
100051e2:	2300      	movs	r3, #0
100051e4:	9302      	str	r3, [sp, #8]
100051e6:	9b0f      	ldr	r3, [sp, #60]	@ 0x3c
100051e8:	0022      	movs	r2, r4
100051ea:	9301      	str	r3, [sp, #4]
100051ec:	ab1c      	add	r3, sp, #112	@ 0x70
100051ee:	9300      	str	r3, [sp, #0]
100051f0:	4659      	mov	r1, fp
100051f2:	003b      	movs	r3, r7
100051f4:	0028      	movs	r0, r5
100051f6:	f7fe ff9f 	bl	10004138 <_ntoa_format>
100051fa:	4643      	mov	r3, r8
100051fc:	0004      	movs	r4, r0
100051fe:	930c      	str	r3, [sp, #48]	@ 0x30
10005200:	e5ca      	b.n	10004d98 <_vsnprintf+0x50>
10005202:	2301      	movs	r3, #1
10005204:	425b      	negs	r3, r3
10005206:	e6c3      	b.n	10004f90 <_vsnprintf+0x248>
10005208:	9b0f      	ldr	r3, [sp, #60]	@ 0x3c
1000520a:	4553      	cmp	r3, sl
1000520c:	d901      	bls.n	10005212 <_vsnprintf+0x4ca>
1000520e:	4653      	mov	r3, sl
10005210:	930f      	str	r3, [sp, #60]	@ 0x3c
10005212:	2302      	movs	r3, #2
10005214:	0018      	movs	r0, r3
10005216:	4010      	ands	r0, r2
10005218:	900d      	str	r0, [sp, #52]	@ 0x34
1000521a:	4213      	tst	r3, r2
1000521c:	d100      	bne.n	10005220 <_vsnprintf+0x4d8>
1000521e:	e1b7      	b.n	10005590 <_vsnprintf+0x848>
10005220:	930d      	str	r3, [sp, #52]	@ 0x34
10005222:	46d1      	mov	r9, sl
10005224:	1b0b      	subs	r3, r1, r4
10005226:	469a      	mov	sl, r3
10005228:	0033      	movs	r3, r6
1000522a:	44a1      	add	r9, r4
1000522c:	002e      	movs	r6, r5
1000522e:	0022      	movs	r2, r4
10005230:	464d      	mov	r5, r9
10005232:	980c      	ldr	r0, [sp, #48]	@ 0x30
10005234:	46b9      	mov	r9, r7
10005236:	465f      	mov	r7, fp
10005238:	469b      	mov	fp, r3
1000523a:	e008      	b.n	1000524e <_vsnprintf+0x506>
1000523c:	464b      	mov	r3, r9
1000523e:	0039      	movs	r1, r7
10005240:	1c54      	adds	r4, r2, #1
10005242:	47b0      	blx	r6
10005244:	4653      	mov	r3, sl
10005246:	5d18      	ldrb	r0, [r3, r4]
10005248:	2800      	cmp	r0, #0
1000524a:	d077      	beq.n	1000533c <_vsnprintf+0x5f4>
1000524c:	0022      	movs	r2, r4
1000524e:	4295      	cmp	r5, r2
10005250:	d1f4      	bne.n	1000523c <_vsnprintf+0x4f4>
10005252:	465b      	mov	r3, fp
10005254:	46bb      	mov	fp, r7
10005256:	464f      	mov	r7, r9
10005258:	46a9      	mov	r9, r5
1000525a:	0035      	movs	r5, r6
1000525c:	464c      	mov	r4, r9
1000525e:	001e      	movs	r6, r3
10005260:	e6c9      	b.n	10004ff6 <_vsnprintf+0x2ae>
10005262:	2380      	movs	r3, #128	@ 0x80
10005264:	011b      	lsls	r3, r3, #4
10005266:	431a      	orrs	r2, r3
10005268:	e6fd      	b.n	10005066 <_vsnprintf+0x31e>
1000526a:	2320      	movs	r3, #32
1000526c:	431a      	orrs	r2, r3
1000526e:	e720      	b.n	100050b2 <_vsnprintf+0x36a>
10005270:	2308      	movs	r3, #8
10005272:	469c      	mov	ip, r3
10005274:	2300      	movs	r3, #0
10005276:	930f      	str	r3, [sp, #60]	@ 0x3c
10005278:	3308      	adds	r3, #8
1000527a:	930d      	str	r3, [sp, #52]	@ 0x34
1000527c:	2380      	movs	r3, #128	@ 0x80
1000527e:	0011      	movs	r1, r2
10005280:	00db      	lsls	r3, r3, #3
10005282:	4019      	ands	r1, r3
10005284:	421a      	tst	r2, r3
10005286:	d100      	bne.n	1000528a <_vsnprintf+0x542>
10005288:	e116      	b.n	100054b8 <_vsnprintf+0x770>
1000528a:	230d      	movs	r3, #13
1000528c:	439a      	bics	r2, r3
1000528e:	0010      	movs	r0, r2
10005290:	2380      	movs	r3, #128	@ 0x80
10005292:	0002      	movs	r2, r0
10005294:	009b      	lsls	r3, r3, #2
10005296:	401a      	ands	r2, r3
10005298:	9214      	str	r2, [sp, #80]	@ 0x50
1000529a:	4218      	tst	r0, r3
1000529c:	d000      	beq.n	100052a0 <_vsnprintf+0x558>
1000529e:	e1c2      	b.n	10005626 <_vsnprintf+0x8de>
100052a0:	2380      	movs	r3, #128	@ 0x80
100052a2:	0002      	movs	r2, r0
100052a4:	005b      	lsls	r3, r3, #1
100052a6:	401a      	ands	r2, r3
100052a8:	4691      	mov	r9, r2
100052aa:	9a0c      	ldr	r2, [sp, #48]	@ 0x30
100052ac:	3204      	adds	r2, #4
100052ae:	920f      	str	r2, [sp, #60]	@ 0x3c
100052b0:	4218      	tst	r0, r3
100052b2:	d000      	beq.n	100052b6 <_vsnprintf+0x56e>
100052b4:	e2b7      	b.n	10005826 <_vsnprintf+0xade>
100052b6:	0643      	lsls	r3, r0, #25
100052b8:	d500      	bpl.n	100052bc <_vsnprintf+0x574>
100052ba:	e19f      	b.n	100055fc <_vsnprintf+0x8b4>
100052bc:	0603      	lsls	r3, r0, #24
100052be:	d400      	bmi.n	100052c2 <_vsnprintf+0x57a>
100052c0:	e319      	b.n	100058f6 <_vsnprintf+0xbae>
100052c2:	9b0c      	ldr	r3, [sp, #48]	@ 0x30
100052c4:	881b      	ldrh	r3, [r3, #0]
100052c6:	9309      	str	r3, [sp, #36]	@ 0x24
100052c8:	2b00      	cmp	r3, #0
100052ca:	d000      	beq.n	100052ce <_vsnprintf+0x586>
100052cc:	e1fc      	b.n	100056c8 <_vsnprintf+0x980>
100052ce:	3310      	adds	r3, #16
100052d0:	4398      	bics	r0, r3
100052d2:	2900      	cmp	r1, #0
100052d4:	d100      	bne.n	100052d8 <_vsnprintf+0x590>
100052d6:	e1f7      	b.n	100056c8 <_vsnprintf+0x980>
100052d8:	2300      	movs	r3, #0
100052da:	4699      	mov	r9, r3
100052dc:	4643      	mov	r3, r8
100052de:	9305      	str	r3, [sp, #20]
100052e0:	4653      	mov	r3, sl
100052e2:	9304      	str	r3, [sp, #16]
100052e4:	9b0d      	ldr	r3, [sp, #52]	@ 0x34
100052e6:	9006      	str	r0, [sp, #24]
100052e8:	9303      	str	r3, [sp, #12]
100052ea:	2300      	movs	r3, #0
100052ec:	e0d2      	b.n	10005494 <_vsnprintf+0x74c>
100052ee:	2858      	cmp	r0, #88	@ 0x58
100052f0:	d008      	beq.n	10005304 <_vsnprintf+0x5bc>
100052f2:	2862      	cmp	r0, #98	@ 0x62
100052f4:	d167      	bne.n	100053c6 <_vsnprintf+0x67e>
100052f6:	2302      	movs	r3, #2
100052f8:	469c      	mov	ip, r3
100052fa:	2300      	movs	r3, #0
100052fc:	930f      	str	r3, [sp, #60]	@ 0x3c
100052fe:	3302      	adds	r3, #2
10005300:	930d      	str	r3, [sp, #52]	@ 0x34
10005302:	e7bb      	b.n	1000527c <_vsnprintf+0x534>
10005304:	2320      	movs	r3, #32
10005306:	431a      	orrs	r2, r3
10005308:	3b10      	subs	r3, #16
1000530a:	469c      	mov	ip, r3
1000530c:	2300      	movs	r3, #0
1000530e:	930f      	str	r3, [sp, #60]	@ 0x3c
10005310:	3310      	adds	r3, #16
10005312:	930d      	str	r3, [sp, #52]	@ 0x34
10005314:	e7b2      	b.n	1000527c <_vsnprintf+0x534>
10005316:	2380      	movs	r3, #128	@ 0x80
10005318:	011b      	lsls	r3, r3, #4
1000531a:	431a      	orrs	r2, r3
1000531c:	2320      	movs	r3, #32
1000531e:	431a      	orrs	r2, r3
10005320:	e6a1      	b.n	10005066 <_vsnprintf+0x31e>
10005322:	23c0      	movs	r3, #192	@ 0xc0
10005324:	009b      	lsls	r3, r3, #2
10005326:	431a      	orrs	r2, r3
10005328:	1cf3      	adds	r3, r6, #3
1000532a:	4699      	mov	r9, r3
1000532c:	78b0      	ldrb	r0, [r6, #2]
1000532e:	e582      	b.n	10004e36 <_vsnprintf+0xee>
10005330:	23c0      	movs	r3, #192	@ 0xc0
10005332:	431a      	orrs	r2, r3
10005334:	1cf3      	adds	r3, r6, #3
10005336:	4699      	mov	r9, r3
10005338:	78b0      	ldrb	r0, [r6, #2]
1000533a:	e57c      	b.n	10004e36 <_vsnprintf+0xee>
1000533c:	0035      	movs	r5, r6
1000533e:	465e      	mov	r6, fp
10005340:	46bb      	mov	fp, r7
10005342:	464f      	mov	r7, r9
10005344:	e657      	b.n	10004ff6 <_vsnprintf+0x2ae>
10005346:	4643      	mov	r3, r8
10005348:	2b01      	cmp	r3, #1
1000534a:	d800      	bhi.n	1000534e <_vsnprintf+0x606>
1000534c:	e163      	b.n	10005616 <_vsnprintf+0x8ce>
1000534e:	1e63      	subs	r3, r4, #1
10005350:	4443      	add	r3, r8
10005352:	469a      	mov	sl, r3
10005354:	0033      	movs	r3, r6
10005356:	46b9      	mov	r9, r7
10005358:	002e      	movs	r6, r5
1000535a:	465f      	mov	r7, fp
1000535c:	4655      	mov	r5, sl
1000535e:	469b      	mov	fp, r3
10005360:	46a2      	mov	sl, r4
10005362:	0022      	movs	r2, r4
10005364:	464b      	mov	r3, r9
10005366:	3401      	adds	r4, #1
10005368:	0039      	movs	r1, r7
1000536a:	2020      	movs	r0, #32
1000536c:	47b0      	blx	r6
1000536e:	42ac      	cmp	r4, r5
10005370:	d1f7      	bne.n	10005362 <_vsnprintf+0x61a>
10005372:	0035      	movs	r5, r6
10005374:	465e      	mov	r6, fp
10005376:	46bb      	mov	fp, r7
10005378:	464f      	mov	r7, r9
1000537a:	46a1      	mov	r9, r4
1000537c:	4654      	mov	r4, sl
1000537e:	9b0c      	ldr	r3, [sp, #48]	@ 0x30
10005380:	464a      	mov	r2, r9
10005382:	7818      	ldrb	r0, [r3, #0]
10005384:	4659      	mov	r1, fp
10005386:	003b      	movs	r3, r7
10005388:	4444      	add	r4, r8
1000538a:	47a8      	blx	r5
1000538c:	e6d7      	b.n	1000513e <_vsnprintf+0x3f6>
1000538e:	46a1      	mov	r9, r4
10005390:	9b0f      	ldr	r3, [sp, #60]	@ 0x3c
10005392:	4598      	cmp	r8, r3
10005394:	d800      	bhi.n	10005398 <_vsnprintf+0x650>
10005396:	e632      	b.n	10004ffe <_vsnprintf+0x2b6>
10005398:	4444      	add	r4, r8
1000539a:	1ae4      	subs	r4, r4, r3
1000539c:	0033      	movs	r3, r6
1000539e:	46b8      	mov	r8, r7
100053a0:	002e      	movs	r6, r5
100053a2:	465f      	mov	r7, fp
100053a4:	0025      	movs	r5, r4
100053a6:	464c      	mov	r4, r9
100053a8:	4699      	mov	r9, r3
100053aa:	0022      	movs	r2, r4
100053ac:	4643      	mov	r3, r8
100053ae:	3401      	adds	r4, #1
100053b0:	0039      	movs	r1, r7
100053b2:	2020      	movs	r0, #32
100053b4:	47b0      	blx	r6
100053b6:	42ac      	cmp	r4, r5
100053b8:	d1f7      	bne.n	100053aa <_vsnprintf+0x662>
100053ba:	002c      	movs	r4, r5
100053bc:	46bb      	mov	fp, r7
100053be:	0035      	movs	r5, r6
100053c0:	4647      	mov	r7, r8
100053c2:	464e      	mov	r6, r9
100053c4:	e61b      	b.n	10004ffe <_vsnprintf+0x2b6>
100053c6:	2380      	movs	r3, #128	@ 0x80
100053c8:	0010      	movs	r0, r2
100053ca:	00db      	lsls	r3, r3, #3
100053cc:	4018      	ands	r0, r3
100053ce:	421a      	tst	r2, r3
100053d0:	d100      	bne.n	100053d4 <_vsnprintf+0x68c>
100053d2:	e10f      	b.n	100055f4 <_vsnprintf+0x8ac>
100053d4:	2111      	movs	r1, #17
100053d6:	0018      	movs	r0, r3
100053d8:	438a      	bics	r2, r1
100053da:	920d      	str	r2, [sp, #52]	@ 0x34
100053dc:	9a0d      	ldr	r2, [sp, #52]	@ 0x34
100053de:	2380      	movs	r3, #128	@ 0x80
100053e0:	0011      	movs	r1, r2
100053e2:	009b      	lsls	r3, r3, #2
100053e4:	4019      	ands	r1, r3
100053e6:	468c      	mov	ip, r1
100053e8:	421a      	tst	r2, r3
100053ea:	d169      	bne.n	100054c0 <_vsnprintf+0x778>
100053ec:	2380      	movs	r3, #128	@ 0x80
100053ee:	0011      	movs	r1, r2
100053f0:	005b      	lsls	r3, r3, #1
100053f2:	4019      	ands	r1, r3
100053f4:	4689      	mov	r9, r1
100053f6:	990c      	ldr	r1, [sp, #48]	@ 0x30
100053f8:	3104      	adds	r1, #4
100053fa:	910f      	str	r1, [sp, #60]	@ 0x3c
100053fc:	421a      	tst	r2, r3
100053fe:	d000      	beq.n	10005402 <_vsnprintf+0x6ba>
10005400:	e1ca      	b.n	10005798 <_vsnprintf+0xa50>
10005402:	0013      	movs	r3, r2
10005404:	065b      	lsls	r3, r3, #25
10005406:	d500      	bpl.n	1000540a <_vsnprintf+0x6c2>
10005408:	e0f0      	b.n	100055ec <_vsnprintf+0x8a4>
1000540a:	0013      	movs	r3, r2
1000540c:	061b      	lsls	r3, r3, #24
1000540e:	d400      	bmi.n	10005412 <_vsnprintf+0x6ca>
10005410:	e259      	b.n	100058c6 <_vsnprintf+0xb7e>
10005412:	9b0c      	ldr	r3, [sp, #48]	@ 0x30
10005414:	2200      	movs	r2, #0
10005416:	5e9b      	ldrsh	r3, [r3, r2]
10005418:	17d9      	asrs	r1, r3, #31
1000541a:	185a      	adds	r2, r3, r1
1000541c:	404a      	eors	r2, r1
1000541e:	b292      	uxth	r2, r2
10005420:	0fd9      	lsrs	r1, r3, #31
10005422:	910c      	str	r1, [sp, #48]	@ 0x30
10005424:	2b00      	cmp	r3, #0
10005426:	d100      	bne.n	1000542a <_vsnprintf+0x6e2>
10005428:	e1f9      	b.n	1000581e <_vsnprintf+0xad6>
1000542a:	0010      	movs	r0, r2
1000542c:	aa14      	add	r2, sp, #80	@ 0x50
1000542e:	4694      	mov	ip, r2
10005430:	4642      	mov	r2, r8
10005432:	231f      	movs	r3, #31
10005434:	9214      	str	r2, [sp, #80]	@ 0x50
10005436:	4652      	mov	r2, sl
10005438:	4463      	add	r3, ip
1000543a:	46a8      	mov	r8, r5
1000543c:	9416      	str	r4, [sp, #88]	@ 0x58
1000543e:	464d      	mov	r5, r9
10005440:	0004      	movs	r4, r0
10005442:	46b9      	mov	r9, r7
10005444:	46b2      	mov	sl, r6
10005446:	001f      	movs	r7, r3
10005448:	9215      	str	r2, [sp, #84]	@ 0x54
1000544a:	e001      	b.n	10005450 <_vsnprintf+0x708>
1000544c:	2d20      	cmp	r5, #32
1000544e:	d00f      	beq.n	10005470 <_vsnprintf+0x728>
10005450:	0020      	movs	r0, r4
10005452:	210a      	movs	r1, #10
10005454:	f7fd feda 	bl	1000320c <__wrap___aeabi_uidiv>
10005458:	3501      	adds	r5, #1
1000545a:	197e      	adds	r6, r7, r5
1000545c:	3130      	adds	r1, #48	@ 0x30
1000545e:	7031      	strb	r1, [r6, #0]
10005460:	0020      	movs	r0, r4
10005462:	210a      	movs	r1, #10
10005464:	f7fd fed2 	bl	1000320c <__wrap___aeabi_uidiv>
10005468:	0026      	movs	r6, r4
1000546a:	0004      	movs	r4, r0
1000546c:	2e09      	cmp	r6, #9
1000546e:	d8ed      	bhi.n	1000544c <_vsnprintf+0x704>
10005470:	9b14      	ldr	r3, [sp, #80]	@ 0x50
10005472:	464f      	mov	r7, r9
10005474:	46a9      	mov	r9, r5
10005476:	4645      	mov	r5, r8
10005478:	4698      	mov	r8, r3
1000547a:	9b15      	ldr	r3, [sp, #84]	@ 0x54
1000547c:	4656      	mov	r6, sl
1000547e:	469a      	mov	sl, r3
10005480:	9c16      	ldr	r4, [sp, #88]	@ 0x58
10005482:	9b0d      	ldr	r3, [sp, #52]	@ 0x34
10005484:	9306      	str	r3, [sp, #24]
10005486:	4643      	mov	r3, r8
10005488:	9305      	str	r3, [sp, #20]
1000548a:	4653      	mov	r3, sl
1000548c:	9304      	str	r3, [sp, #16]
1000548e:	230a      	movs	r3, #10
10005490:	9303      	str	r3, [sp, #12]
10005492:	9b0c      	ldr	r3, [sp, #48]	@ 0x30
10005494:	9302      	str	r3, [sp, #8]
10005496:	464b      	mov	r3, r9
10005498:	9301      	str	r3, [sp, #4]
1000549a:	ab1c      	add	r3, sp, #112	@ 0x70
1000549c:	0022      	movs	r2, r4
1000549e:	9300      	str	r3, [sp, #0]
100054a0:	4659      	mov	r1, fp
100054a2:	003b      	movs	r3, r7
100054a4:	0028      	movs	r0, r5
100054a6:	f7fe fe47 	bl	10004138 <_ntoa_format>
100054aa:	9b0f      	ldr	r3, [sp, #60]	@ 0x3c
100054ac:	0004      	movs	r4, r0
100054ae:	930c      	str	r3, [sp, #48]	@ 0x30
100054b0:	e472      	b.n	10004d98 <_vsnprintf+0x50>
100054b2:	46c0      	nop			@ (mov r8, r8)
100054b4:	10004089 	.word	0x10004089
100054b8:	230c      	movs	r3, #12
100054ba:	439a      	bics	r2, r3
100054bc:	0010      	movs	r0, r2
100054be:	e6e7      	b.n	10005290 <_vsnprintf+0x548>
100054c0:	2207      	movs	r2, #7
100054c2:	9b0c      	ldr	r3, [sp, #48]	@ 0x30
100054c4:	3307      	adds	r3, #7
100054c6:	4393      	bics	r3, r2
100054c8:	3201      	adds	r2, #1
100054ca:	4694      	mov	ip, r2
100054cc:	449c      	add	ip, r3
100054ce:	4662      	mov	r2, ip
100054d0:	920c      	str	r2, [sp, #48]	@ 0x30
100054d2:	cb0c      	ldmia	r3, {r2, r3}
100054d4:	0fd9      	lsrs	r1, r3, #31
100054d6:	910f      	str	r1, [sp, #60]	@ 0x3c
100054d8:	0011      	movs	r1, r2
100054da:	4319      	orrs	r1, r3
100054dc:	d100      	bne.n	100054e0 <_vsnprintf+0x798>
100054de:	e091      	b.n	10005604 <_vsnprintf+0x8bc>
100054e0:	17d9      	asrs	r1, r3, #31
100054e2:	9113      	str	r1, [sp, #76]	@ 0x4c
100054e4:	9112      	str	r1, [sp, #72]	@ 0x48
100054e6:	4051      	eors	r1, r2
100054e8:	9110      	str	r1, [sp, #64]	@ 0x40
100054ea:	9913      	ldr	r1, [sp, #76]	@ 0x4c
100054ec:	4059      	eors	r1, r3
100054ee:	9111      	str	r1, [sp, #68]	@ 0x44
100054f0:	9810      	ldr	r0, [sp, #64]	@ 0x40
100054f2:	9911      	ldr	r1, [sp, #68]	@ 0x44
100054f4:	9a12      	ldr	r2, [sp, #72]	@ 0x48
100054f6:	9b13      	ldr	r3, [sp, #76]	@ 0x4c
100054f8:	1a80      	subs	r0, r0, r2
100054fa:	4199      	sbcs	r1, r3
100054fc:	9010      	str	r0, [sp, #64]	@ 0x40
100054fe:	9111      	str	r1, [sp, #68]	@ 0x44
10005500:	aa14      	add	r2, sp, #80	@ 0x50
10005502:	2300      	movs	r3, #0
10005504:	4694      	mov	ip, r2
10005506:	4642      	mov	r2, r8
10005508:	4699      	mov	r9, r3
1000550a:	9214      	str	r2, [sp, #80]	@ 0x50
1000550c:	4652      	mov	r2, sl
1000550e:	331f      	adds	r3, #31
10005510:	4463      	add	r3, ip
10005512:	46a8      	mov	r8, r5
10005514:	46b2      	mov	sl, r6
10005516:	9416      	str	r4, [sp, #88]	@ 0x58
10005518:	464e      	mov	r6, r9
1000551a:	9c10      	ldr	r4, [sp, #64]	@ 0x40
1000551c:	9d11      	ldr	r5, [sp, #68]	@ 0x44
1000551e:	46b9      	mov	r9, r7
10005520:	9215      	str	r2, [sp, #84]	@ 0x54
10005522:	001f      	movs	r7, r3
10005524:	e001      	b.n	1000552a <_vsnprintf+0x7e2>
10005526:	2e20      	cmp	r6, #32
10005528:	d010      	beq.n	1000554c <_vsnprintf+0x804>
1000552a:	0020      	movs	r0, r4
1000552c:	0029      	movs	r1, r5
1000552e:	220a      	movs	r2, #10
10005530:	2300      	movs	r3, #0
10005532:	f7fd fea9 	bl	10003288 <__wrap___aeabi_uldivmod>
10005536:	3601      	adds	r6, #1
10005538:	3230      	adds	r2, #48	@ 0x30
1000553a:	002b      	movs	r3, r5
1000553c:	55ba      	strb	r2, [r7, r6]
1000553e:	000d      	movs	r5, r1
10005540:	0022      	movs	r2, r4
10005542:	0004      	movs	r4, r0
10005544:	2b00      	cmp	r3, #0
10005546:	d1ee      	bne.n	10005526 <_vsnprintf+0x7de>
10005548:	2a09      	cmp	r2, #9
1000554a:	d8ec      	bhi.n	10005526 <_vsnprintf+0x7de>
1000554c:	9b14      	ldr	r3, [sp, #80]	@ 0x50
1000554e:	9410      	str	r4, [sp, #64]	@ 0x40
10005550:	9511      	str	r5, [sp, #68]	@ 0x44
10005552:	4645      	mov	r5, r8
10005554:	4698      	mov	r8, r3
10005556:	9b15      	ldr	r3, [sp, #84]	@ 0x54
10005558:	464f      	mov	r7, r9
1000555a:	46b1      	mov	r9, r6
1000555c:	4656      	mov	r6, sl
1000555e:	469a      	mov	sl, r3
10005560:	9c16      	ldr	r4, [sp, #88]	@ 0x58
10005562:	9b0d      	ldr	r3, [sp, #52]	@ 0x34
10005564:	9306      	str	r3, [sp, #24]
10005566:	4643      	mov	r3, r8
10005568:	9305      	str	r3, [sp, #20]
1000556a:	4653      	mov	r3, sl
1000556c:	9304      	str	r3, [sp, #16]
1000556e:	230a      	movs	r3, #10
10005570:	9303      	str	r3, [sp, #12]
10005572:	9b0f      	ldr	r3, [sp, #60]	@ 0x3c
10005574:	9302      	str	r3, [sp, #8]
10005576:	464b      	mov	r3, r9
10005578:	9301      	str	r3, [sp, #4]
1000557a:	ab1c      	add	r3, sp, #112	@ 0x70
1000557c:	0022      	movs	r2, r4
1000557e:	9300      	str	r3, [sp, #0]
10005580:	4659      	mov	r1, fp
10005582:	003b      	movs	r3, r7
10005584:	0028      	movs	r0, r5
10005586:	f7fe fdd7 	bl	10004138 <_ntoa_format>
1000558a:	0004      	movs	r4, r0
1000558c:	f7ff fc04 	bl	10004d98 <_vsnprintf+0x50>
10005590:	9b0f      	ldr	r3, [sp, #60]	@ 0x3c
10005592:	4598      	cmp	r8, r3
10005594:	d800      	bhi.n	10005598 <_vsnprintf+0x850>
10005596:	e1c1      	b.n	1000591c <_vsnprintf+0xbd4>
10005598:	2380      	movs	r3, #128	@ 0x80
1000559a:	00db      	lsls	r3, r3, #3
1000559c:	930d      	str	r3, [sp, #52]	@ 0x34
1000559e:	4643      	mov	r3, r8
100055a0:	9a0f      	ldr	r2, [sp, #60]	@ 0x3c
100055a2:	191b      	adds	r3, r3, r4
100055a4:	1a9b      	subs	r3, r3, r2
100055a6:	4699      	mov	r9, r3
100055a8:	0033      	movs	r3, r6
100055aa:	002e      	movs	r6, r5
100055ac:	464d      	mov	r5, r9
100055ae:	46b9      	mov	r9, r7
100055b0:	465f      	mov	r7, fp
100055b2:	469b      	mov	fp, r3
100055b4:	910c      	str	r1, [sp, #48]	@ 0x30
100055b6:	0022      	movs	r2, r4
100055b8:	464b      	mov	r3, r9
100055ba:	3401      	adds	r4, #1
100055bc:	0039      	movs	r1, r7
100055be:	2020      	movs	r0, #32
100055c0:	47b0      	blx	r6
100055c2:	42ac      	cmp	r4, r5
100055c4:	d1f7      	bne.n	100055b6 <_vsnprintf+0x86e>
100055c6:	4643      	mov	r3, r8
100055c8:	990c      	ldr	r1, [sp, #48]	@ 0x30
100055ca:	3301      	adds	r3, #1
100055cc:	930f      	str	r3, [sp, #60]	@ 0x3c
100055ce:	780b      	ldrb	r3, [r1, #0]
100055d0:	0035      	movs	r5, r6
100055d2:	930c      	str	r3, [sp, #48]	@ 0x30
100055d4:	465e      	mov	r6, fp
100055d6:	46bb      	mov	fp, r7
100055d8:	464f      	mov	r7, r9
100055da:	2b00      	cmp	r3, #0
100055dc:	d100      	bne.n	100055e0 <_vsnprintf+0x898>
100055de:	e50e      	b.n	10004ffe <_vsnprintf+0x2b6>
100055e0:	9b0d      	ldr	r3, [sp, #52]	@ 0x34
100055e2:	2b00      	cmp	r3, #0
100055e4:	d100      	bne.n	100055e8 <_vsnprintf+0x8a0>
100055e6:	e4f6      	b.n	10004fd6 <_vsnprintf+0x28e>
100055e8:	2300      	movs	r3, #0
100055ea:	e619      	b.n	10005220 <_vsnprintf+0x4d8>
100055ec:	9b0c      	ldr	r3, [sp, #48]	@ 0x30
100055ee:	781b      	ldrb	r3, [r3, #0]
100055f0:	001a      	movs	r2, r3
100055f2:	e715      	b.n	10005420 <_vsnprintf+0x6d8>
100055f4:	2310      	movs	r3, #16
100055f6:	439a      	bics	r2, r3
100055f8:	920d      	str	r2, [sp, #52]	@ 0x34
100055fa:	e6ef      	b.n	100053dc <_vsnprintf+0x694>
100055fc:	9b0c      	ldr	r3, [sp, #48]	@ 0x30
100055fe:	781b      	ldrb	r3, [r3, #0]
10005600:	9309      	str	r3, [sp, #36]	@ 0x24
10005602:	e661      	b.n	100052c8 <_vsnprintf+0x580>
10005604:	2300      	movs	r3, #0
10005606:	4699      	mov	r9, r3
10005608:	2800      	cmp	r0, #0
1000560a:	d1aa      	bne.n	10005562 <_vsnprintf+0x81a>
1000560c:	2200      	movs	r2, #0
1000560e:	2300      	movs	r3, #0
10005610:	9210      	str	r2, [sp, #64]	@ 0x40
10005612:	9311      	str	r3, [sp, #68]	@ 0x44
10005614:	e774      	b.n	10005500 <_vsnprintf+0x7b8>
10005616:	9b0c      	ldr	r3, [sp, #48]	@ 0x30
10005618:	0022      	movs	r2, r4
1000561a:	7818      	ldrb	r0, [r3, #0]
1000561c:	4659      	mov	r1, fp
1000561e:	003b      	movs	r3, r7
10005620:	47a8      	blx	r5
10005622:	464c      	mov	r4, r9
10005624:	e58b      	b.n	1000513e <_vsnprintf+0x3f6>
10005626:	9a0c      	ldr	r2, [sp, #48]	@ 0x30
10005628:	3bfa      	subs	r3, #250	@ 0xfa
1000562a:	3bff      	subs	r3, #255	@ 0xff
1000562c:	3207      	adds	r2, #7
1000562e:	439a      	bics	r2, r3
10005630:	3301      	adds	r3, #1
10005632:	4699      	mov	r9, r3
10005634:	4491      	add	r9, r2
10005636:	464b      	mov	r3, r9
10005638:	930c      	str	r3, [sp, #48]	@ 0x30
1000563a:	6813      	ldr	r3, [r2, #0]
1000563c:	6852      	ldr	r2, [r2, #4]
1000563e:	9215      	str	r2, [sp, #84]	@ 0x54
10005640:	431a      	orrs	r2, r3
10005642:	d106      	bne.n	10005652 <_vsnprintf+0x90a>
10005644:	3210      	adds	r2, #16
10005646:	4390      	bics	r0, r2
10005648:	2200      	movs	r2, #0
1000564a:	9209      	str	r2, [sp, #36]	@ 0x24
1000564c:	2900      	cmp	r1, #0
1000564e:	d000      	beq.n	10005652 <_vsnprintf+0x90a>
10005650:	e081      	b.n	10005756 <_vsnprintf+0xa0e>
10005652:	2261      	movs	r2, #97	@ 0x61
10005654:	0681      	lsls	r1, r0, #26
10005656:	d500      	bpl.n	1000565a <_vsnprintf+0x912>
10005658:	2241      	movs	r2, #65	@ 0x41
1000565a:	b2d2      	uxtb	r2, r2
1000565c:	920a      	str	r2, [sp, #40]	@ 0x28
1000565e:	aa14      	add	r2, sp, #80	@ 0x50
10005660:	4691      	mov	r9, r2
10005662:	9a0a      	ldr	r2, [sp, #40]	@ 0x28
10005664:	2100      	movs	r1, #0
10005666:	3a0a      	subs	r2, #10
10005668:	9214      	str	r2, [sp, #80]	@ 0x50
1000566a:	4642      	mov	r2, r8
1000566c:	9217      	str	r2, [sp, #92]	@ 0x5c
1000566e:	4652      	mov	r2, sl
10005670:	9218      	str	r2, [sp, #96]	@ 0x60
10005672:	465a      	mov	r2, fp
10005674:	9109      	str	r1, [sp, #36]	@ 0x24
10005676:	46b3      	mov	fp, r6
10005678:	311f      	adds	r1, #31
1000567a:	001e      	movs	r6, r3
1000567c:	9b0f      	ldr	r3, [sp, #60]	@ 0x3c
1000567e:	4449      	add	r1, r9
10005680:	46ba      	mov	sl, r7
10005682:	9419      	str	r4, [sp, #100]	@ 0x64
10005684:	951a      	str	r5, [sp, #104]	@ 0x68
10005686:	2400      	movs	r4, #0
10005688:	4667      	mov	r7, ip
1000568a:	4698      	mov	r8, r3
1000568c:	4689      	mov	r9, r1
1000568e:	9d15      	ldr	r5, [sp, #84]	@ 0x54
10005690:	9016      	str	r0, [sp, #88]	@ 0x58
10005692:	921b      	str	r2, [sp, #108]	@ 0x6c
10005694:	e00a      	b.n	100056ac <_vsnprintf+0x964>
10005696:	3230      	adds	r2, #48	@ 0x30
10005698:	b2d2      	uxtb	r2, r2
1000569a:	464b      	mov	r3, r9
1000569c:	3401      	adds	r4, #1
1000569e:	551a      	strb	r2, [r3, r4]
100056a0:	45a8      	cmp	r8, r5
100056a2:	d04a      	beq.n	1000573a <_vsnprintf+0x9f2>
100056a4:	2c20      	cmp	r4, #32
100056a6:	d04a      	beq.n	1000573e <_vsnprintf+0x9f6>
100056a8:	0006      	movs	r6, r0
100056aa:	000d      	movs	r5, r1
100056ac:	003a      	movs	r2, r7
100056ae:	2300      	movs	r3, #0
100056b0:	0030      	movs	r0, r6
100056b2:	0029      	movs	r1, r5
100056b4:	f7fd fde8 	bl	10003288 <__wrap___aeabi_uldivmod>
100056b8:	b2d2      	uxtb	r2, r2
100056ba:	2a09      	cmp	r2, #9
100056bc:	d9eb      	bls.n	10005696 <_vsnprintf+0x94e>
100056be:	9b14      	ldr	r3, [sp, #80]	@ 0x50
100056c0:	469c      	mov	ip, r3
100056c2:	4462      	add	r2, ip
100056c4:	b2d2      	uxtb	r2, r2
100056c6:	e7e8      	b.n	1000569a <_vsnprintf+0x952>
100056c8:	2361      	movs	r3, #97	@ 0x61
100056ca:	0682      	lsls	r2, r0, #26
100056cc:	d500      	bpl.n	100056d0 <_vsnprintf+0x988>
100056ce:	2341      	movs	r3, #65	@ 0x41
100056d0:	b2db      	uxtb	r3, r3
100056d2:	3b0a      	subs	r3, #10
100056d4:	930c      	str	r3, [sp, #48]	@ 0x30
100056d6:	4643      	mov	r3, r8
100056d8:	a914      	add	r1, sp, #80	@ 0x50
100056da:	221f      	movs	r2, #31
100056dc:	468c      	mov	ip, r1
100056de:	9315      	str	r3, [sp, #84]	@ 0x54
100056e0:	4653      	mov	r3, sl
100056e2:	4462      	add	r2, ip
100056e4:	46a0      	mov	r8, r4
100056e6:	46b2      	mov	sl, r6
100056e8:	464c      	mov	r4, r9
100056ea:	9717      	str	r7, [sp, #92]	@ 0x5c
100056ec:	46a9      	mov	r9, r5
100056ee:	0017      	movs	r7, r2
100056f0:	9d09      	ldr	r5, [sp, #36]	@ 0x24
100056f2:	9e0d      	ldr	r6, [sp, #52]	@ 0x34
100056f4:	9014      	str	r0, [sp, #80]	@ 0x50
100056f6:	9316      	str	r3, [sp, #88]	@ 0x58
100056f8:	e008      	b.n	1000570c <_vsnprintf+0x9c4>
100056fa:	3330      	adds	r3, #48	@ 0x30
100056fc:	b2db      	uxtb	r3, r3
100056fe:	3401      	adds	r4, #1
10005700:	553b      	strb	r3, [r7, r4]
10005702:	42b5      	cmp	r5, r6
10005704:	d30e      	bcc.n	10005724 <_vsnprintf+0x9dc>
10005706:	2c20      	cmp	r4, #32
10005708:	d00c      	beq.n	10005724 <_vsnprintf+0x9dc>
1000570a:	0005      	movs	r5, r0
1000570c:	0031      	movs	r1, r6
1000570e:	0028      	movs	r0, r5
10005710:	f7fd fd7c 	bl	1000320c <__wrap___aeabi_uidiv>
10005714:	b2cb      	uxtb	r3, r1
10005716:	2909      	cmp	r1, #9
10005718:	d9ef      	bls.n	100056fa <_vsnprintf+0x9b2>
1000571a:	9a0c      	ldr	r2, [sp, #48]	@ 0x30
1000571c:	4694      	mov	ip, r2
1000571e:	4463      	add	r3, ip
10005720:	b2db      	uxtb	r3, r3
10005722:	e7ec      	b.n	100056fe <_vsnprintf+0x9b6>
10005724:	9b15      	ldr	r3, [sp, #84]	@ 0x54
10005726:	464d      	mov	r5, r9
10005728:	46a1      	mov	r9, r4
1000572a:	4644      	mov	r4, r8
1000572c:	4698      	mov	r8, r3
1000572e:	9b16      	ldr	r3, [sp, #88]	@ 0x58
10005730:	4656      	mov	r6, sl
10005732:	9814      	ldr	r0, [sp, #80]	@ 0x50
10005734:	469a      	mov	sl, r3
10005736:	9f17      	ldr	r7, [sp, #92]	@ 0x5c
10005738:	e5d0      	b.n	100052dc <_vsnprintf+0x594>
1000573a:	42b7      	cmp	r7, r6
1000573c:	d9b2      	bls.n	100056a4 <_vsnprintf+0x95c>
1000573e:	9b17      	ldr	r3, [sp, #92]	@ 0x5c
10005740:	4657      	mov	r7, sl
10005742:	4698      	mov	r8, r3
10005744:	9b18      	ldr	r3, [sp, #96]	@ 0x60
10005746:	465e      	mov	r6, fp
10005748:	469a      	mov	sl, r3
1000574a:	9b1b      	ldr	r3, [sp, #108]	@ 0x6c
1000574c:	9409      	str	r4, [sp, #36]	@ 0x24
1000574e:	469b      	mov	fp, r3
10005750:	9816      	ldr	r0, [sp, #88]	@ 0x58
10005752:	9c19      	ldr	r4, [sp, #100]	@ 0x64
10005754:	9d1a      	ldr	r5, [sp, #104]	@ 0x68
10005756:	4643      	mov	r3, r8
10005758:	9305      	str	r3, [sp, #20]
1000575a:	4653      	mov	r3, sl
1000575c:	9304      	str	r3, [sp, #16]
1000575e:	9b0d      	ldr	r3, [sp, #52]	@ 0x34
10005760:	9006      	str	r0, [sp, #24]
10005762:	9303      	str	r3, [sp, #12]
10005764:	2300      	movs	r3, #0
10005766:	9302      	str	r3, [sp, #8]
10005768:	9b09      	ldr	r3, [sp, #36]	@ 0x24
1000576a:	e705      	b.n	10005578 <_vsnprintf+0x830>
1000576c:	9b0f      	ldr	r3, [sp, #60]	@ 0x3c
1000576e:	4598      	cmp	r8, r3
10005770:	d900      	bls.n	10005774 <_vsnprintf+0xa2c>
10005772:	e714      	b.n	1000559e <_vsnprintf+0x856>
10005774:	3301      	adds	r3, #1
10005776:	930f      	str	r3, [sp, #60]	@ 0x3c
10005778:	e42d      	b.n	10004fd6 <_vsnprintf+0x28e>
1000577a:	2310      	movs	r3, #16
1000577c:	0011      	movs	r1, r2
1000577e:	4399      	bics	r1, r3
10005780:	910d      	str	r1, [sp, #52]	@ 0x34
10005782:	2869      	cmp	r0, #105	@ 0x69
10005784:	d000      	beq.n	10005788 <_vsnprintf+0xa40>
10005786:	e0ba      	b.n	100058fe <_vsnprintf+0xbb6>
10005788:	2380      	movs	r3, #128	@ 0x80
1000578a:	0010      	movs	r0, r2
1000578c:	00db      	lsls	r3, r3, #3
1000578e:	4018      	ands	r0, r3
10005790:	421a      	tst	r2, r3
10005792:	d100      	bne.n	10005796 <_vsnprintf+0xa4e>
10005794:	e622      	b.n	100053dc <_vsnprintf+0x694>
10005796:	e61d      	b.n	100053d4 <_vsnprintf+0x68c>
10005798:	9b0c      	ldr	r3, [sp, #48]	@ 0x30
1000579a:	681b      	ldr	r3, [r3, #0]
1000579c:	0fda      	lsrs	r2, r3, #31
1000579e:	0011      	movs	r1, r2
100057a0:	2b00      	cmp	r3, #0
100057a2:	d100      	bne.n	100057a6 <_vsnprintf+0xa5e>
100057a4:	e08c      	b.n	100058c0 <_vsnprintf+0xb78>
100057a6:	17da      	asrs	r2, r3, #31
100057a8:	1898      	adds	r0, r3, r2
100057aa:	4050      	eors	r0, r2
100057ac:	aa14      	add	r2, sp, #80	@ 0x50
100057ae:	4691      	mov	r9, r2
100057b0:	4642      	mov	r2, r8
100057b2:	231f      	movs	r3, #31
100057b4:	9214      	str	r2, [sp, #80]	@ 0x50
100057b6:	4652      	mov	r2, sl
100057b8:	444b      	add	r3, r9
100057ba:	46a0      	mov	r8, r4
100057bc:	46a9      	mov	r9, r5
100057be:	9716      	str	r7, [sp, #88]	@ 0x58
100057c0:	0004      	movs	r4, r0
100057c2:	4665      	mov	r5, ip
100057c4:	46b2      	mov	sl, r6
100057c6:	001f      	movs	r7, r3
100057c8:	910c      	str	r1, [sp, #48]	@ 0x30
100057ca:	9215      	str	r2, [sp, #84]	@ 0x54
100057cc:	e001      	b.n	100057d2 <_vsnprintf+0xa8a>
100057ce:	2d20      	cmp	r5, #32
100057d0:	d00f      	beq.n	100057f2 <_vsnprintf+0xaaa>
100057d2:	0020      	movs	r0, r4
100057d4:	210a      	movs	r1, #10
100057d6:	f7fd fd19 	bl	1000320c <__wrap___aeabi_uidiv>
100057da:	3501      	adds	r5, #1
100057dc:	197e      	adds	r6, r7, r5
100057de:	3130      	adds	r1, #48	@ 0x30
100057e0:	7031      	strb	r1, [r6, #0]
100057e2:	0020      	movs	r0, r4
100057e4:	210a      	movs	r1, #10
100057e6:	f7fd fd11 	bl	1000320c <__wrap___aeabi_uidiv>
100057ea:	0026      	movs	r6, r4
100057ec:	0004      	movs	r4, r0
100057ee:	2e09      	cmp	r6, #9
100057f0:	d8ed      	bhi.n	100057ce <_vsnprintf+0xa86>
100057f2:	9b14      	ldr	r3, [sp, #80]	@ 0x50
100057f4:	4644      	mov	r4, r8
100057f6:	4698      	mov	r8, r3
100057f8:	9b0c      	ldr	r3, [sp, #48]	@ 0x30
100057fa:	46ac      	mov	ip, r5
100057fc:	0019      	movs	r1, r3
100057fe:	9b15      	ldr	r3, [sp, #84]	@ 0x54
10005800:	4656      	mov	r6, sl
10005802:	464d      	mov	r5, r9
10005804:	469a      	mov	sl, r3
10005806:	9f16      	ldr	r7, [sp, #88]	@ 0x58
10005808:	9b0d      	ldr	r3, [sp, #52]	@ 0x34
1000580a:	9102      	str	r1, [sp, #8]
1000580c:	9306      	str	r3, [sp, #24]
1000580e:	4643      	mov	r3, r8
10005810:	9305      	str	r3, [sp, #20]
10005812:	4653      	mov	r3, sl
10005814:	9304      	str	r3, [sp, #16]
10005816:	230a      	movs	r3, #10
10005818:	9303      	str	r3, [sp, #12]
1000581a:	4663      	mov	r3, ip
1000581c:	e63c      	b.n	10005498 <_vsnprintf+0x750>
1000581e:	2800      	cmp	r0, #0
10005820:	d000      	beq.n	10005824 <_vsnprintf+0xadc>
10005822:	e62e      	b.n	10005482 <_vsnprintf+0x73a>
10005824:	e602      	b.n	1000542c <_vsnprintf+0x6e4>
10005826:	9b0c      	ldr	r3, [sp, #48]	@ 0x30
10005828:	681b      	ldr	r3, [r3, #0]
1000582a:	4699      	mov	r9, r3
1000582c:	2b00      	cmp	r3, #0
1000582e:	d103      	bne.n	10005838 <_vsnprintf+0xaf0>
10005830:	3310      	adds	r3, #16
10005832:	4398      	bics	r0, r3
10005834:	2900      	cmp	r1, #0
10005836:	d138      	bne.n	100058aa <_vsnprintf+0xb62>
10005838:	2361      	movs	r3, #97	@ 0x61
1000583a:	0682      	lsls	r2, r0, #26
1000583c:	d500      	bpl.n	10005840 <_vsnprintf+0xaf8>
1000583e:	2341      	movs	r3, #65	@ 0x41
10005840:	b2db      	uxtb	r3, r3
10005842:	3b0a      	subs	r3, #10
10005844:	930c      	str	r3, [sp, #48]	@ 0x30
10005846:	4643      	mov	r3, r8
10005848:	9316      	str	r3, [sp, #88]	@ 0x58
1000584a:	4653      	mov	r3, sl
1000584c:	a914      	add	r1, sp, #80	@ 0x50
1000584e:	221f      	movs	r2, #31
10005850:	468c      	mov	ip, r1
10005852:	9317      	str	r3, [sp, #92]	@ 0x5c
10005854:	002b      	movs	r3, r5
10005856:	4462      	add	r2, ip
10005858:	46a0      	mov	r8, r4
1000585a:	464d      	mov	r5, r9
1000585c:	46b2      	mov	sl, r6
1000585e:	9718      	str	r7, [sp, #96]	@ 0x60
10005860:	4699      	mov	r9, r3
10005862:	0017      	movs	r7, r2
10005864:	9c14      	ldr	r4, [sp, #80]	@ 0x50
10005866:	9e0d      	ldr	r6, [sp, #52]	@ 0x34
10005868:	9015      	str	r0, [sp, #84]	@ 0x54
1000586a:	e008      	b.n	1000587e <_vsnprintf+0xb36>
1000586c:	3330      	adds	r3, #48	@ 0x30
1000586e:	b2db      	uxtb	r3, r3
10005870:	3401      	adds	r4, #1
10005872:	553b      	strb	r3, [r7, r4]
10005874:	42b5      	cmp	r5, r6
10005876:	d30e      	bcc.n	10005896 <_vsnprintf+0xb4e>
10005878:	2c20      	cmp	r4, #32
1000587a:	d00c      	beq.n	10005896 <_vsnprintf+0xb4e>
1000587c:	0005      	movs	r5, r0
1000587e:	0031      	movs	r1, r6
10005880:	0028      	movs	r0, r5
10005882:	f7fd fcc3 	bl	1000320c <__wrap___aeabi_uidiv>
10005886:	b2cb      	uxtb	r3, r1
10005888:	2909      	cmp	r1, #9
1000588a:	d9ef      	bls.n	1000586c <_vsnprintf+0xb24>
1000588c:	9a0c      	ldr	r2, [sp, #48]	@ 0x30
1000588e:	4694      	mov	ip, r2
10005890:	4463      	add	r3, ip
10005892:	b2db      	uxtb	r3, r3
10005894:	e7ec      	b.n	10005870 <_vsnprintf+0xb28>
10005896:	9b16      	ldr	r3, [sp, #88]	@ 0x58
10005898:	9414      	str	r4, [sp, #80]	@ 0x50
1000589a:	4644      	mov	r4, r8
1000589c:	4698      	mov	r8, r3
1000589e:	9b17      	ldr	r3, [sp, #92]	@ 0x5c
100058a0:	4656      	mov	r6, sl
100058a2:	464d      	mov	r5, r9
100058a4:	469a      	mov	sl, r3
100058a6:	9815      	ldr	r0, [sp, #84]	@ 0x54
100058a8:	9f18      	ldr	r7, [sp, #96]	@ 0x60
100058aa:	4643      	mov	r3, r8
100058ac:	9305      	str	r3, [sp, #20]
100058ae:	4653      	mov	r3, sl
100058b0:	9304      	str	r3, [sp, #16]
100058b2:	9b0d      	ldr	r3, [sp, #52]	@ 0x34
100058b4:	9006      	str	r0, [sp, #24]
100058b6:	9303      	str	r3, [sp, #12]
100058b8:	2300      	movs	r3, #0
100058ba:	9302      	str	r3, [sp, #8]
100058bc:	9b14      	ldr	r3, [sp, #80]	@ 0x50
100058be:	e5eb      	b.n	10005498 <_vsnprintf+0x750>
100058c0:	2800      	cmp	r0, #0
100058c2:	d1a1      	bne.n	10005808 <_vsnprintf+0xac0>
100058c4:	e772      	b.n	100057ac <_vsnprintf+0xa64>
100058c6:	9b0c      	ldr	r3, [sp, #48]	@ 0x30
100058c8:	681b      	ldr	r3, [r3, #0]
100058ca:	17d9      	asrs	r1, r3, #31
100058cc:	185a      	adds	r2, r3, r1
100058ce:	404a      	eors	r2, r1
100058d0:	e5a6      	b.n	10005420 <_vsnprintf+0x6d8>
100058d2:	2380      	movs	r3, #128	@ 0x80
100058d4:	0010      	movs	r0, r2
100058d6:	00db      	lsls	r3, r3, #3
100058d8:	4018      	ands	r0, r3
100058da:	469c      	mov	ip, r3
100058dc:	900f      	str	r0, [sp, #60]	@ 0x3c
100058de:	421a      	tst	r2, r3
100058e0:	d00f      	beq.n	10005902 <_vsnprintf+0xbba>
100058e2:	2002      	movs	r0, #2
100058e4:	0003      	movs	r3, r0
100058e6:	4013      	ands	r3, r2
100058e8:	930f      	str	r3, [sp, #60]	@ 0x3c
100058ea:	4210      	tst	r0, r2
100058ec:	d019      	beq.n	10005922 <_vsnprintf+0xbda>
100058ee:	2300      	movs	r3, #0
100058f0:	46a1      	mov	r9, r4
100058f2:	930f      	str	r3, [sp, #60]	@ 0x3c
100058f4:	e54c      	b.n	10005390 <_vsnprintf+0x648>
100058f6:	9b0c      	ldr	r3, [sp, #48]	@ 0x30
100058f8:	681b      	ldr	r3, [r3, #0]
100058fa:	9309      	str	r3, [sp, #36]	@ 0x24
100058fc:	e4e4      	b.n	100052c8 <_vsnprintf+0x580>
100058fe:	000a      	movs	r2, r1
10005900:	e434      	b.n	1000516c <_vsnprintf+0x424>
10005902:	2302      	movs	r3, #2
10005904:	0018      	movs	r0, r3
10005906:	4010      	ands	r0, r2
10005908:	900d      	str	r0, [sp, #52]	@ 0x34
1000590a:	4213      	tst	r3, r2
1000590c:	d000      	beq.n	10005910 <_vsnprintf+0xbc8>
1000590e:	e53e      	b.n	1000538e <_vsnprintf+0x646>
10005910:	4643      	mov	r3, r8
10005912:	2b00      	cmp	r3, #0
10005914:	d000      	beq.n	10005918 <_vsnprintf+0xbd0>
10005916:	e642      	b.n	1000559e <_vsnprintf+0x856>
10005918:	f7ff fb71 	bl	10004ffe <_vsnprintf+0x2b6>
1000591c:	3301      	adds	r3, #1
1000591e:	930f      	str	r3, [sp, #60]	@ 0x3c
10005920:	e47f      	b.n	10005222 <_vsnprintf+0x4da>
10005922:	4663      	mov	r3, ip
10005924:	930d      	str	r3, [sp, #52]	@ 0x34
10005926:	e7f3      	b.n	10005910 <_vsnprintf+0xbc8>

10005928 <__wrap_snprintf>:
10005928:	b40c      	push	{r2, r3}
1000592a:	b530      	push	{r4, r5, lr}
1000592c:	b085      	sub	sp, #20
1000592e:	ac08      	add	r4, sp, #32
10005930:	cc08      	ldmia	r4!, {r3}
10005932:	4d06      	ldr	r5, [pc, #24]	@ (1000594c <__wrap_snprintf+0x24>)
10005934:	000a      	movs	r2, r1
10005936:	9400      	str	r4, [sp, #0]
10005938:	0001      	movs	r1, r0
1000593a:	0028      	movs	r0, r5
1000593c:	9403      	str	r4, [sp, #12]
1000593e:	f7ff fa03 	bl	10004d48 <_vsnprintf>
10005942:	b005      	add	sp, #20
10005944:	bc30      	pop	{r4, r5}
10005946:	bc08      	pop	{r3}
10005948:	b002      	add	sp, #8
1000594a:	4718      	bx	r3
1000594c:	10004081 	.word	0x10004081

10005950 <vfctprintf>:
10005950:	b510      	push	{r4, lr}
10005952:	000c      	movs	r4, r1
10005954:	b084      	sub	sp, #16
10005956:	9403      	str	r4, [sp, #12]
10005958:	2401      	movs	r4, #1
1000595a:	a902      	add	r1, sp, #8
1000595c:	9002      	str	r0, [sp, #8]
1000595e:	9300      	str	r3, [sp, #0]
10005960:	4803      	ldr	r0, [pc, #12]	@ (10005970 <vfctprintf+0x20>)
10005962:	0013      	movs	r3, r2
10005964:	4262      	negs	r2, r4
10005966:	f7ff f9ef 	bl	10004d48 <_vsnprintf>
1000596a:	b004      	add	sp, #16
1000596c:	bd10      	pop	{r4, pc}
1000596e:	46c0      	nop			@ (mov r8, r8)
10005970:	10004315 	.word	0x10004315

10005974 <weak_raw_vprintf>:
10005974:	b510      	push	{r4, lr}
10005976:	4a09      	ldr	r2, [pc, #36]	@ (1000599c <weak_raw_vprintf+0x28>)
10005978:	0003      	movs	r3, r0
1000597a:	6814      	ldr	r4, [r2, #0]
1000597c:	b084      	sub	sp, #16
1000597e:	2c00      	cmp	r4, #0
10005980:	d008      	beq.n	10005994 <weak_raw_vprintf+0x20>
10005982:	2201      	movs	r2, #1
10005984:	9100      	str	r1, [sp, #0]
10005986:	4806      	ldr	r0, [pc, #24]	@ (100059a0 <weak_raw_vprintf+0x2c>)
10005988:	4252      	negs	r2, r2
1000598a:	a903      	add	r1, sp, #12
1000598c:	47a0      	blx	r4
1000598e:	2001      	movs	r0, #1
10005990:	b004      	add	sp, #16
10005992:	bd10      	pop	{r4, pc}
10005994:	f000 f998 	bl	10005cc8 <__wrap_puts>
10005998:	2000      	movs	r0, #0
1000599a:	e7f9      	b.n	10005990 <weak_raw_vprintf+0x1c>
1000599c:	20001fb0 	.word	0x20001fb0
100059a0:	10004305 	.word	0x10004305

100059a4 <_exit>:
100059a4:	be00      	bkpt	0x0000
100059a6:	e7fd      	b.n	100059a4 <_exit>

100059a8 <exit>:
100059a8:	b510      	push	{r4, lr}
100059aa:	f7ff fffb 	bl	100059a4 <_exit>
100059ae:	46c0      	nop			@ (mov r8, r8)

100059b0 <runtime_init>:
100059b0:	b570      	push	{r4, r5, r6, lr}
100059b2:	f7fd fadf 	bl	10002f74 <runtime_run_initializers>
100059b6:	4d07      	ldr	r5, [pc, #28]	@ (100059d4 <runtime_init+0x24>)
100059b8:	4e07      	ldr	r6, [pc, #28]	@ (100059d8 <runtime_init+0x28>)
100059ba:	42b5      	cmp	r5, r6
100059bc:	d209      	bcs.n	100059d2 <runtime_init+0x22>
100059be:	2400      	movs	r4, #0
100059c0:	3e01      	subs	r6, #1
100059c2:	1b76      	subs	r6, r6, r5
100059c4:	08b6      	lsrs	r6, r6, #2
100059c6:	cd08      	ldmia	r5!, {r3}
100059c8:	4798      	blx	r3
100059ca:	0023      	movs	r3, r4
100059cc:	3401      	adds	r4, #1
100059ce:	42b3      	cmp	r3, r6
100059d0:	d1f9      	bne.n	100059c6 <runtime_init+0x16>
100059d2:	bd70      	pop	{r4, r5, r6, pc}
100059d4:	10008cb4 	.word	0x10008cb4
100059d8:	10008cbc 	.word	0x10008cbc

100059dc <stdio_out_chars_no_crlf>:
100059dc:	0003      	movs	r3, r0
100059de:	b510      	push	{r4, lr}
100059e0:	0008      	movs	r0, r1
100059e2:	0011      	movs	r1, r2
100059e4:	681b      	ldr	r3, [r3, #0]
100059e6:	4798      	blx	r3
100059e8:	bd10      	pop	{r4, pc}
100059ea:	46c0      	nop			@ (mov r8, r8)

100059ec <stdio_out_chars_crlf>:
100059ec:	b5f0      	push	{r4, r5, r6, r7, lr}
100059ee:	46c6      	mov	lr, r8
100059f0:	b500      	push	{lr}
100059f2:	7d43      	ldrb	r3, [r0, #21]
100059f4:	0007      	movs	r7, r0
100059f6:	000c      	movs	r4, r1
100059f8:	0016      	movs	r6, r2
100059fa:	2b00      	cmp	r3, #0
100059fc:	d046      	beq.n	10005a8c <stdio_out_chars_crlf+0xa0>
100059fe:	2a00      	cmp	r2, #0
10005a00:	dd17      	ble.n	10005a32 <stdio_out_chars_crlf+0x46>
10005a02:	780b      	ldrb	r3, [r1, #0]
10005a04:	2b0a      	cmp	r3, #10
10005a06:	d024      	beq.n	10005a52 <stdio_out_chars_crlf+0x66>
10005a08:	2300      	movs	r3, #0
10005a0a:	4698      	mov	r8, r3
10005a0c:	2e01      	cmp	r6, #1
10005a0e:	d013      	beq.n	10005a38 <stdio_out_chars_crlf+0x4c>
10005a10:	2501      	movs	r5, #1
10005a12:	0029      	movs	r1, r5
10005a14:	5c63      	ldrb	r3, [r4, r1]
10005a16:	3501      	adds	r5, #1
10005a18:	2b0a      	cmp	r3, #10
10005a1a:	d026      	beq.n	10005a6a <stdio_out_chars_crlf+0x7e>
10005a1c:	42b5      	cmp	r5, r6
10005a1e:	d1f8      	bne.n	10005a12 <stdio_out_chars_crlf+0x26>
10005a20:	4546      	cmp	r6, r8
10005a22:	dc09      	bgt.n	10005a38 <stdio_out_chars_crlf+0x4c>
10005a24:	19a4      	adds	r4, r4, r6
10005a26:	3c01      	subs	r4, #1
10005a28:	7823      	ldrb	r3, [r4, #0]
10005a2a:	3b0d      	subs	r3, #13
10005a2c:	425a      	negs	r2, r3
10005a2e:	4153      	adcs	r3, r2
10005a30:	753b      	strb	r3, [r7, #20]
10005a32:	bc80      	pop	{r7}
10005a34:	46b8      	mov	r8, r7
10005a36:	bdf0      	pop	{r4, r5, r6, r7, pc}
10005a38:	4643      	mov	r3, r8
10005a3a:	18e0      	adds	r0, r4, r3
10005a3c:	19a4      	adds	r4, r4, r6
10005a3e:	1af1      	subs	r1, r6, r3
10005a40:	3c01      	subs	r4, #1
10005a42:	683b      	ldr	r3, [r7, #0]
10005a44:	4798      	blx	r3
10005a46:	7823      	ldrb	r3, [r4, #0]
10005a48:	3b0d      	subs	r3, #13
10005a4a:	425a      	negs	r2, r3
10005a4c:	4153      	adcs	r3, r2
10005a4e:	753b      	strb	r3, [r7, #20]
10005a50:	e7ef      	b.n	10005a32 <stdio_out_chars_crlf+0x46>
10005a52:	7d03      	ldrb	r3, [r0, #20]
10005a54:	2b00      	cmp	r3, #0
10005a56:	d1d7      	bne.n	10005a08 <stdio_out_chars_crlf+0x1c>
10005a58:	2102      	movs	r1, #2
10005a5a:	480f      	ldr	r0, [pc, #60]	@ (10005a98 <stdio_out_chars_crlf+0xac>)
10005a5c:	683b      	ldr	r3, [r7, #0]
10005a5e:	4798      	blx	r3
10005a60:	2e01      	cmp	r6, #1
10005a62:	d0df      	beq.n	10005a24 <stdio_out_chars_crlf+0x38>
10005a64:	2301      	movs	r3, #1
10005a66:	4698      	mov	r8, r3
10005a68:	e7d2      	b.n	10005a10 <stdio_out_chars_crlf+0x24>
10005a6a:	1e63      	subs	r3, r4, #1
10005a6c:	5c5b      	ldrb	r3, [r3, r1]
10005a6e:	2b0d      	cmp	r3, #13
10005a70:	d0d4      	beq.n	10005a1c <stdio_out_chars_crlf+0x30>
10005a72:	4588      	cmp	r8, r1
10005a74:	da04      	bge.n	10005a80 <stdio_out_chars_crlf+0x94>
10005a76:	4643      	mov	r3, r8
10005a78:	1ac9      	subs	r1, r1, r3
10005a7a:	18e0      	adds	r0, r4, r3
10005a7c:	683b      	ldr	r3, [r7, #0]
10005a7e:	4798      	blx	r3
10005a80:	2102      	movs	r1, #2
10005a82:	4805      	ldr	r0, [pc, #20]	@ (10005a98 <stdio_out_chars_crlf+0xac>)
10005a84:	683b      	ldr	r3, [r7, #0]
10005a86:	46a8      	mov	r8, r5
10005a88:	4798      	blx	r3
10005a8a:	e7c7      	b.n	10005a1c <stdio_out_chars_crlf+0x30>
10005a8c:	6803      	ldr	r3, [r0, #0]
10005a8e:	0011      	movs	r1, r2
10005a90:	0020      	movs	r0, r4
10005a92:	4798      	blx	r3
10005a94:	e7cd      	b.n	10005a32 <stdio_out_chars_crlf+0x46>
10005a96:	46c0      	nop			@ (mov r8, r8)
10005a98:	10009628 	.word	0x10009628

10005a9c <stdio_buffered_printer>:
10005a9c:	b5f0      	push	{r4, r5, r6, r7, lr}
10005a9e:	46c6      	mov	lr, r8
10005aa0:	680b      	ldr	r3, [r1, #0]
10005aa2:	0006      	movs	r6, r0
10005aa4:	000c      	movs	r4, r1
10005aa6:	b500      	push	{lr}
10005aa8:	2b80      	cmp	r3, #128	@ 0x80
10005aaa:	d006      	beq.n	10005aba <stdio_buffered_printer+0x1e>
10005aac:	1c5a      	adds	r2, r3, #1
10005aae:	6022      	str	r2, [r4, #0]
10005ab0:	18e4      	adds	r4, r4, r3
10005ab2:	7126      	strb	r6, [r4, #4]
10005ab4:	bc80      	pop	{r7}
10005ab6:	46b8      	mov	r8, r7
10005ab8:	bdf0      	pop	{r4, r5, r6, r7, pc}
10005aba:	4b0f      	ldr	r3, [pc, #60]	@ (10005af8 <stdio_buffered_printer+0x5c>)
10005abc:	681d      	ldr	r5, [r3, #0]
10005abe:	2d00      	cmp	r5, #0
10005ac0:	d016      	beq.n	10005af0 <stdio_buffered_printer+0x54>
10005ac2:	1d0b      	adds	r3, r1, #4
10005ac4:	4698      	mov	r8, r3
10005ac6:	4f0d      	ldr	r7, [pc, #52]	@ (10005afc <stdio_buffered_printer+0x60>)
10005ac8:	e002      	b.n	10005ad0 <stdio_buffered_printer+0x34>
10005aca:	692d      	ldr	r5, [r5, #16]
10005acc:	2d00      	cmp	r5, #0
10005ace:	d00f      	beq.n	10005af0 <stdio_buffered_printer+0x54>
10005ad0:	682b      	ldr	r3, [r5, #0]
10005ad2:	2b00      	cmp	r3, #0
10005ad4:	d0f9      	beq.n	10005aca <stdio_buffered_printer+0x2e>
10005ad6:	683b      	ldr	r3, [r7, #0]
10005ad8:	2b00      	cmp	r3, #0
10005ada:	d001      	beq.n	10005ae0 <stdio_buffered_printer+0x44>
10005adc:	42ab      	cmp	r3, r5
10005ade:	d1f4      	bne.n	10005aca <stdio_buffered_printer+0x2e>
10005ae0:	0028      	movs	r0, r5
10005ae2:	4641      	mov	r1, r8
10005ae4:	6822      	ldr	r2, [r4, #0]
10005ae6:	f7ff ff81 	bl	100059ec <stdio_out_chars_crlf>
10005aea:	692d      	ldr	r5, [r5, #16]
10005aec:	2d00      	cmp	r5, #0
10005aee:	d1ef      	bne.n	10005ad0 <stdio_buffered_printer+0x34>
10005af0:	2201      	movs	r2, #1
10005af2:	2300      	movs	r3, #0
10005af4:	e7db      	b.n	10005aae <stdio_buffered_printer+0x12>
10005af6:	46c0      	nop			@ (mov r8, r8)
10005af8:	20001b94 	.word	0x20001b94
10005afc:	20001b9c 	.word	0x20001b9c

10005b00 <stdio_put_string>:
10005b00:	b5f0      	push	{r4, r5, r6, r7, lr}
10005b02:	4645      	mov	r5, r8
10005b04:	46de      	mov	lr, fp
10005b06:	464e      	mov	r6, r9
10005b08:	4657      	mov	r7, sl
10005b0a:	b5e0      	push	{r5, r6, r7, lr}
10005b0c:	b083      	sub	sp, #12
10005b0e:	4691      	mov	r9, r2
10005b10:	001c      	movs	r4, r3
10005b12:	4680      	mov	r8, r0
10005b14:	000d      	movs	r5, r1
10005b16:	f7fd f817 	bl	10002b48 <time_us_64>
10005b1a:	2300      	movs	r3, #0
10005b1c:	4a30      	ldr	r2, [pc, #192]	@ (10005be0 <stdio_put_string+0xe0>)
10005b1e:	1812      	adds	r2, r2, r0
10005b20:	414b      	adcs	r3, r1
10005b22:	2b00      	cmp	r3, #0
10005b24:	da02      	bge.n	10005b2c <stdio_put_string+0x2c>
10005b26:	2201      	movs	r2, #1
10005b28:	4b2e      	ldr	r3, [pc, #184]	@ (10005be4 <stdio_put_string+0xe4>)
10005b2a:	4252      	negs	r2, r2
10005b2c:	492e      	ldr	r1, [pc, #184]	@ (10005be8 <stdio_put_string+0xe8>)
10005b2e:	0008      	movs	r0, r1
10005b30:	468a      	mov	sl, r1
10005b32:	f003 f871 	bl	10008c18 <__mutex_try_enter_block_until_veneer>
10005b36:	0007      	movs	r7, r0
10005b38:	1c6b      	adds	r3, r5, #1
10005b3a:	d103      	bne.n	10005b44 <stdio_put_string+0x44>
10005b3c:	4640      	mov	r0, r8
10005b3e:	f003 f809 	bl	10008b54 <strlen>
10005b42:	0005      	movs	r5, r0
10005b44:	2c00      	cmp	r4, #0
10005b46:	d027      	beq.n	10005b98 <stdio_put_string+0x98>
10005b48:	4e28      	ldr	r6, [pc, #160]	@ (10005bec <stdio_put_string+0xec>)
10005b4a:	4b29      	ldr	r3, [pc, #164]	@ (10005bf0 <stdio_put_string+0xf0>)
10005b4c:	681c      	ldr	r4, [r3, #0]
10005b4e:	2c00      	cmp	r4, #0
10005b50:	d018      	beq.n	10005b84 <stdio_put_string+0x84>
10005b52:	464b      	mov	r3, r9
10005b54:	2b00      	cmp	r3, #0
10005b56:	d121      	bne.n	10005b9c <stdio_put_string+0x9c>
10005b58:	4b26      	ldr	r3, [pc, #152]	@ (10005bf4 <stdio_put_string+0xf4>)
10005b5a:	4699      	mov	r9, r3
10005b5c:	e002      	b.n	10005b64 <stdio_put_string+0x64>
10005b5e:	6924      	ldr	r4, [r4, #16]
10005b60:	2c00      	cmp	r4, #0
10005b62:	d00f      	beq.n	10005b84 <stdio_put_string+0x84>
10005b64:	6823      	ldr	r3, [r4, #0]
10005b66:	2b00      	cmp	r3, #0
10005b68:	d0f9      	beq.n	10005b5e <stdio_put_string+0x5e>
10005b6a:	464b      	mov	r3, r9
10005b6c:	681b      	ldr	r3, [r3, #0]
10005b6e:	2b00      	cmp	r3, #0
10005b70:	d001      	beq.n	10005b76 <stdio_put_string+0x76>
10005b72:	429c      	cmp	r4, r3
10005b74:	d1f3      	bne.n	10005b5e <stdio_put_string+0x5e>
10005b76:	0020      	movs	r0, r4
10005b78:	002a      	movs	r2, r5
10005b7a:	4641      	mov	r1, r8
10005b7c:	47b0      	blx	r6
10005b7e:	6924      	ldr	r4, [r4, #16]
10005b80:	2c00      	cmp	r4, #0
10005b82:	d1ef      	bne.n	10005b64 <stdio_put_string+0x64>
10005b84:	2f00      	cmp	r7, #0
10005b86:	d126      	bne.n	10005bd6 <stdio_put_string+0xd6>
10005b88:	0028      	movs	r0, r5
10005b8a:	b003      	add	sp, #12
10005b8c:	bcf0      	pop	{r4, r5, r6, r7}
10005b8e:	46bb      	mov	fp, r7
10005b90:	46b2      	mov	sl, r6
10005b92:	46a9      	mov	r9, r5
10005b94:	46a0      	mov	r8, r4
10005b96:	bdf0      	pop	{r4, r5, r6, r7, pc}
10005b98:	4e17      	ldr	r6, [pc, #92]	@ (10005bf8 <stdio_put_string+0xf8>)
10005b9a:	e7d6      	b.n	10005b4a <stdio_put_string+0x4a>
10005b9c:	4b15      	ldr	r3, [pc, #84]	@ (10005bf4 <stdio_put_string+0xf4>)
10005b9e:	4699      	mov	r9, r3
10005ba0:	230a      	movs	r3, #10
10005ba2:	469b      	mov	fp, r3
10005ba4:	e002      	b.n	10005bac <stdio_put_string+0xac>
10005ba6:	6924      	ldr	r4, [r4, #16]
10005ba8:	2c00      	cmp	r4, #0
10005baa:	d0eb      	beq.n	10005b84 <stdio_put_string+0x84>
10005bac:	6823      	ldr	r3, [r4, #0]
10005bae:	2b00      	cmp	r3, #0
10005bb0:	d0f9      	beq.n	10005ba6 <stdio_put_string+0xa6>
10005bb2:	464b      	mov	r3, r9
10005bb4:	681b      	ldr	r3, [r3, #0]
10005bb6:	2b00      	cmp	r3, #0
10005bb8:	d001      	beq.n	10005bbe <stdio_put_string+0xbe>
10005bba:	42a3      	cmp	r3, r4
10005bbc:	d1f3      	bne.n	10005ba6 <stdio_put_string+0xa6>
10005bbe:	002a      	movs	r2, r5
10005bc0:	4641      	mov	r1, r8
10005bc2:	0020      	movs	r0, r4
10005bc4:	47b0      	blx	r6
10005bc6:	466b      	mov	r3, sp
10005bc8:	465a      	mov	r2, fp
10005bca:	0020      	movs	r0, r4
10005bcc:	71da      	strb	r2, [r3, #7]
10005bce:	1dd9      	adds	r1, r3, #7
10005bd0:	2201      	movs	r2, #1
10005bd2:	47b0      	blx	r6
10005bd4:	e7e7      	b.n	10005ba6 <stdio_put_string+0xa6>
10005bd6:	4650      	mov	r0, sl
10005bd8:	f002 fff6 	bl	10008bc8 <__mutex_exit_veneer>
10005bdc:	e7d4      	b.n	10005b88 <stdio_put_string+0x88>
10005bde:	46c0      	nop			@ (mov r8, r8)
10005be0:	000f4240 	.word	0x000f4240
10005be4:	7fffffff 	.word	0x7fffffff
10005be8:	200010b0 	.word	0x200010b0
10005bec:	100059ed 	.word	0x100059ed
10005bf0:	20001b94 	.word	0x20001b94
10005bf4:	20001b9c 	.word	0x20001b9c
10005bf8:	100059dd 	.word	0x100059dd

10005bfc <stdio_set_driver_enabled>:
10005bfc:	4a0a      	ldr	r2, [pc, #40]	@ (10005c28 <stdio_set_driver_enabled+0x2c>)
10005bfe:	6813      	ldr	r3, [r2, #0]
10005c00:	2b00      	cmp	r3, #0
10005c02:	d105      	bne.n	10005c10 <stdio_set_driver_enabled+0x14>
10005c04:	e00c      	b.n	10005c20 <stdio_set_driver_enabled+0x24>
10005c06:	001a      	movs	r2, r3
10005c08:	691b      	ldr	r3, [r3, #16]
10005c0a:	3210      	adds	r2, #16
10005c0c:	2b00      	cmp	r3, #0
10005c0e:	d007      	beq.n	10005c20 <stdio_set_driver_enabled+0x24>
10005c10:	4283      	cmp	r3, r0
10005c12:	d1f8      	bne.n	10005c06 <stdio_set_driver_enabled+0xa>
10005c14:	2900      	cmp	r1, #0
10005c16:	d102      	bne.n	10005c1e <stdio_set_driver_enabled+0x22>
10005c18:	6918      	ldr	r0, [r3, #16]
10005c1a:	6010      	str	r0, [r2, #0]
10005c1c:	6119      	str	r1, [r3, #16]
10005c1e:	4770      	bx	lr
10005c20:	2900      	cmp	r1, #0
10005c22:	d0fc      	beq.n	10005c1e <stdio_set_driver_enabled+0x22>
10005c24:	6010      	str	r0, [r2, #0]
10005c26:	e7fa      	b.n	10005c1e <stdio_set_driver_enabled+0x22>
10005c28:	20001b94 	.word	0x20001b94

10005c2c <stdio_init_all>:
10005c2c:	b510      	push	{r4, lr}
10005c2e:	f000 faf1 	bl	10006214 <stdio_usb_init>
10005c32:	bd10      	pop	{r4, pc}

10005c34 <__wrap_putchar>:
10005c34:	b5f0      	push	{r4, r5, r6, r7, lr}
10005c36:	46ce      	mov	lr, r9
10005c38:	4647      	mov	r7, r8
10005c3a:	b580      	push	{r7, lr}
10005c3c:	b083      	sub	sp, #12
10005c3e:	466b      	mov	r3, sp
10005c40:	0006      	movs	r6, r0
10005c42:	1ddd      	adds	r5, r3, #7
10005c44:	7028      	strb	r0, [r5, #0]
10005c46:	f7fc ff7f 	bl	10002b48 <time_us_64>
10005c4a:	2300      	movs	r3, #0
10005c4c:	4a19      	ldr	r2, [pc, #100]	@ (10005cb4 <__wrap_putchar+0x80>)
10005c4e:	1812      	adds	r2, r2, r0
10005c50:	414b      	adcs	r3, r1
10005c52:	2b00      	cmp	r3, #0
10005c54:	da02      	bge.n	10005c5c <__wrap_putchar+0x28>
10005c56:	2201      	movs	r2, #1
10005c58:	4b17      	ldr	r3, [pc, #92]	@ (10005cb8 <__wrap_putchar+0x84>)
10005c5a:	4252      	negs	r2, r2
10005c5c:	4917      	ldr	r1, [pc, #92]	@ (10005cbc <__wrap_putchar+0x88>)
10005c5e:	0008      	movs	r0, r1
10005c60:	4688      	mov	r8, r1
10005c62:	f002 ffd9 	bl	10008c18 <__mutex_try_enter_block_until_veneer>
10005c66:	4b16      	ldr	r3, [pc, #88]	@ (10005cc0 <__wrap_putchar+0x8c>)
10005c68:	4681      	mov	r9, r0
10005c6a:	681c      	ldr	r4, [r3, #0]
10005c6c:	2c00      	cmp	r4, #0
10005c6e:	d014      	beq.n	10005c9a <__wrap_putchar+0x66>
10005c70:	4f14      	ldr	r7, [pc, #80]	@ (10005cc4 <__wrap_putchar+0x90>)
10005c72:	e002      	b.n	10005c7a <__wrap_putchar+0x46>
10005c74:	6924      	ldr	r4, [r4, #16]
10005c76:	2c00      	cmp	r4, #0
10005c78:	d00f      	beq.n	10005c9a <__wrap_putchar+0x66>
10005c7a:	6823      	ldr	r3, [r4, #0]
10005c7c:	2b00      	cmp	r3, #0
10005c7e:	d0f9      	beq.n	10005c74 <__wrap_putchar+0x40>
10005c80:	683b      	ldr	r3, [r7, #0]
10005c82:	2b00      	cmp	r3, #0
10005c84:	d001      	beq.n	10005c8a <__wrap_putchar+0x56>
10005c86:	429c      	cmp	r4, r3
10005c88:	d1f4      	bne.n	10005c74 <__wrap_putchar+0x40>
10005c8a:	0020      	movs	r0, r4
10005c8c:	2201      	movs	r2, #1
10005c8e:	0029      	movs	r1, r5
10005c90:	f7ff feac 	bl	100059ec <stdio_out_chars_crlf>
10005c94:	6924      	ldr	r4, [r4, #16]
10005c96:	2c00      	cmp	r4, #0
10005c98:	d1ef      	bne.n	10005c7a <__wrap_putchar+0x46>
10005c9a:	464b      	mov	r3, r9
10005c9c:	2b00      	cmp	r3, #0
10005c9e:	d105      	bne.n	10005cac <__wrap_putchar+0x78>
10005ca0:	0030      	movs	r0, r6
10005ca2:	b003      	add	sp, #12
10005ca4:	bcc0      	pop	{r6, r7}
10005ca6:	46b9      	mov	r9, r7
10005ca8:	46b0      	mov	r8, r6
10005caa:	bdf0      	pop	{r4, r5, r6, r7, pc}
10005cac:	4640      	mov	r0, r8
10005cae:	f002 ff8b 	bl	10008bc8 <__mutex_exit_veneer>
10005cb2:	e7f5      	b.n	10005ca0 <__wrap_putchar+0x6c>
10005cb4:	000f4240 	.word	0x000f4240
10005cb8:	7fffffff 	.word	0x7fffffff
10005cbc:	200010b0 	.word	0x200010b0
10005cc0:	20001b94 	.word	0x20001b94
10005cc4:	20001b9c 	.word	0x20001b9c

10005cc8 <__wrap_puts>:
10005cc8:	b570      	push	{r4, r5, r6, lr}
10005cca:	0004      	movs	r4, r0
10005ccc:	f002 ff42 	bl	10008b54 <strlen>
10005cd0:	2301      	movs	r3, #1
10005cd2:	0001      	movs	r1, r0
10005cd4:	0005      	movs	r5, r0
10005cd6:	2201      	movs	r2, #1
10005cd8:	0020      	movs	r0, r4
10005cda:	f7ff ff11 	bl	10005b00 <stdio_put_string>
10005cde:	4b08      	ldr	r3, [pc, #32]	@ (10005d00 <__wrap_puts+0x38>)
10005ce0:	681c      	ldr	r4, [r3, #0]
10005ce2:	2c00      	cmp	r4, #0
10005ce4:	d006      	beq.n	10005cf4 <__wrap_puts+0x2c>
10005ce6:	6863      	ldr	r3, [r4, #4]
10005ce8:	2b00      	cmp	r3, #0
10005cea:	d005      	beq.n	10005cf8 <__wrap_puts+0x30>
10005cec:	4798      	blx	r3
10005cee:	6924      	ldr	r4, [r4, #16]
10005cf0:	2c00      	cmp	r4, #0
10005cf2:	d1f8      	bne.n	10005ce6 <__wrap_puts+0x1e>
10005cf4:	0028      	movs	r0, r5
10005cf6:	bd70      	pop	{r4, r5, r6, pc}
10005cf8:	6924      	ldr	r4, [r4, #16]
10005cfa:	2c00      	cmp	r4, #0
10005cfc:	d1f3      	bne.n	10005ce6 <__wrap_puts+0x1e>
10005cfe:	e7f9      	b.n	10005cf4 <__wrap_puts+0x2c>
10005d00:	20001b94 	.word	0x20001b94

10005d04 <__wrap_vprintf>:
10005d04:	b5f0      	push	{r4, r5, r6, r7, lr}
10005d06:	46ce      	mov	lr, r9
10005d08:	4647      	mov	r7, r8
10005d0a:	b580      	push	{r7, lr}
10005d0c:	b0a3      	sub	sp, #140	@ 0x8c
10005d0e:	0004      	movs	r4, r0
10005d10:	000d      	movs	r5, r1
10005d12:	f7fc ff19 	bl	10002b48 <time_us_64>
10005d16:	2300      	movs	r3, #0
10005d18:	4a27      	ldr	r2, [pc, #156]	@ (10005db8 <__wrap_vprintf+0xb4>)
10005d1a:	1812      	adds	r2, r2, r0
10005d1c:	414b      	adcs	r3, r1
10005d1e:	2b00      	cmp	r3, #0
10005d20:	da02      	bge.n	10005d28 <__wrap_vprintf+0x24>
10005d22:	2201      	movs	r2, #1
10005d24:	4b25      	ldr	r3, [pc, #148]	@ (10005dbc <__wrap_vprintf+0xb8>)
10005d26:	4252      	negs	r2, r2
10005d28:	4e25      	ldr	r6, [pc, #148]	@ (10005dc0 <__wrap_vprintf+0xbc>)
10005d2a:	0030      	movs	r0, r6
10005d2c:	f002 ff74 	bl	10008c18 <__mutex_try_enter_block_until_veneer>
10005d30:	2300      	movs	r3, #0
10005d32:	0022      	movs	r2, r4
10005d34:	9301      	str	r3, [sp, #4]
10005d36:	0007      	movs	r7, r0
10005d38:	002b      	movs	r3, r5
10005d3a:	4822      	ldr	r0, [pc, #136]	@ (10005dc4 <__wrap_vprintf+0xc0>)
10005d3c:	a901      	add	r1, sp, #4
10005d3e:	f7ff fe07 	bl	10005950 <vfctprintf>
10005d42:	4b21      	ldr	r3, [pc, #132]	@ (10005dc8 <__wrap_vprintf+0xc4>)
10005d44:	4680      	mov	r8, r0
10005d46:	4699      	mov	r9, r3
10005d48:	681c      	ldr	r4, [r3, #0]
10005d4a:	9b01      	ldr	r3, [sp, #4]
10005d4c:	2b00      	cmp	r3, #0
10005d4e:	d01a      	beq.n	10005d86 <__wrap_vprintf+0x82>
10005d50:	2c00      	cmp	r4, #0
10005d52:	d02f      	beq.n	10005db4 <__wrap_vprintf+0xb0>
10005d54:	4d1d      	ldr	r5, [pc, #116]	@ (10005dcc <__wrap_vprintf+0xc8>)
10005d56:	e002      	b.n	10005d5e <__wrap_vprintf+0x5a>
10005d58:	6924      	ldr	r4, [r4, #16]
10005d5a:	2c00      	cmp	r4, #0
10005d5c:	d00f      	beq.n	10005d7e <__wrap_vprintf+0x7a>
10005d5e:	6823      	ldr	r3, [r4, #0]
10005d60:	2b00      	cmp	r3, #0
10005d62:	d0f9      	beq.n	10005d58 <__wrap_vprintf+0x54>
10005d64:	682b      	ldr	r3, [r5, #0]
10005d66:	2b00      	cmp	r3, #0
10005d68:	d001      	beq.n	10005d6e <__wrap_vprintf+0x6a>
10005d6a:	42a3      	cmp	r3, r4
10005d6c:	d1f4      	bne.n	10005d58 <__wrap_vprintf+0x54>
10005d6e:	0020      	movs	r0, r4
10005d70:	9a01      	ldr	r2, [sp, #4]
10005d72:	a902      	add	r1, sp, #8
10005d74:	f7ff fe3a 	bl	100059ec <stdio_out_chars_crlf>
10005d78:	6924      	ldr	r4, [r4, #16]
10005d7a:	2c00      	cmp	r4, #0
10005d7c:	d1ef      	bne.n	10005d5e <__wrap_vprintf+0x5a>
10005d7e:	464b      	mov	r3, r9
10005d80:	681c      	ldr	r4, [r3, #0]
10005d82:	2300      	movs	r3, #0
10005d84:	9301      	str	r3, [sp, #4]
10005d86:	2c00      	cmp	r4, #0
10005d88:	d006      	beq.n	10005d98 <__wrap_vprintf+0x94>
10005d8a:	6863      	ldr	r3, [r4, #4]
10005d8c:	2b00      	cmp	r3, #0
10005d8e:	d00b      	beq.n	10005da8 <__wrap_vprintf+0xa4>
10005d90:	4798      	blx	r3
10005d92:	6924      	ldr	r4, [r4, #16]
10005d94:	2c00      	cmp	r4, #0
10005d96:	d1f8      	bne.n	10005d8a <__wrap_vprintf+0x86>
10005d98:	2f00      	cmp	r7, #0
10005d9a:	d107      	bne.n	10005dac <__wrap_vprintf+0xa8>
10005d9c:	4640      	mov	r0, r8
10005d9e:	b023      	add	sp, #140	@ 0x8c
10005da0:	bcc0      	pop	{r6, r7}
10005da2:	46b9      	mov	r9, r7
10005da4:	46b0      	mov	r8, r6
10005da6:	bdf0      	pop	{r4, r5, r6, r7, pc}
10005da8:	6924      	ldr	r4, [r4, #16]
10005daa:	e7ec      	b.n	10005d86 <__wrap_vprintf+0x82>
10005dac:	0030      	movs	r0, r6
10005dae:	f002 ff0b 	bl	10008bc8 <__mutex_exit_veneer>
10005db2:	e7f3      	b.n	10005d9c <__wrap_vprintf+0x98>
10005db4:	9401      	str	r4, [sp, #4]
10005db6:	e7ef      	b.n	10005d98 <__wrap_vprintf+0x94>
10005db8:	000f4240 	.word	0x000f4240
10005dbc:	7fffffff 	.word	0x7fffffff
10005dc0:	200010b0 	.word	0x200010b0
10005dc4:	10005a9d 	.word	0x10005a9d
10005dc8:	20001b94 	.word	0x20001b94
10005dcc:	20001b9c 	.word	0x20001b9c

10005dd0 <__wrap_printf>:
10005dd0:	b40f      	push	{r0, r1, r2, r3}
10005dd2:	b500      	push	{lr}
10005dd4:	b083      	sub	sp, #12
10005dd6:	a904      	add	r1, sp, #16
10005dd8:	c901      	ldmia	r1!, {r0}
10005dda:	9101      	str	r1, [sp, #4]
10005ddc:	f7ff ff92 	bl	10005d04 <__wrap_vprintf>
10005de0:	b003      	add	sp, #12
10005de2:	bc08      	pop	{r3}
10005de4:	b004      	add	sp, #16
10005de6:	4718      	bx	r3

10005de8 <resetd_init>:
10005de8:	4770      	bx	lr
10005dea:	46c0      	nop			@ (mov r8, r8)

10005dec <resetd_reset>:
10005dec:	2200      	movs	r2, #0
10005dee:	4b01      	ldr	r3, [pc, #4]	@ (10005df4 <resetd_reset+0x8>)
10005df0:	701a      	strb	r2, [r3, #0]
10005df2:	4770      	bx	lr
10005df4:	20002036 	.word	0x20002036

10005df8 <resetd_open>:
10005df8:	794b      	ldrb	r3, [r1, #5]
10005dfa:	2000      	movs	r0, #0
10005dfc:	2bff      	cmp	r3, #255	@ 0xff
10005dfe:	d10b      	bne.n	10005e18 <resetd_open+0x20>
10005e00:	798b      	ldrb	r3, [r1, #6]
10005e02:	2b00      	cmp	r3, #0
10005e04:	d108      	bne.n	10005e18 <resetd_open+0x20>
10005e06:	79cb      	ldrb	r3, [r1, #7]
10005e08:	2b01      	cmp	r3, #1
10005e0a:	d105      	bne.n	10005e18 <resetd_open+0x20>
10005e0c:	2a08      	cmp	r2, #8
10005e0e:	d903      	bls.n	10005e18 <resetd_open+0x20>
10005e10:	4b02      	ldr	r3, [pc, #8]	@ (10005e1c <resetd_open+0x24>)
10005e12:	788a      	ldrb	r2, [r1, #2]
10005e14:	3009      	adds	r0, #9
10005e16:	701a      	strb	r2, [r3, #0]
10005e18:	4770      	bx	lr
10005e1a:	46c0      	nop			@ (mov r8, r8)
10005e1c:	20002036 	.word	0x20002036

10005e20 <resetd_xfer_cb>:
10005e20:	2001      	movs	r0, #1
10005e22:	4770      	bx	lr

10005e24 <resetd_control_xfer_cb>:
10005e24:	b510      	push	{r4, lr}
10005e26:	2901      	cmp	r1, #1
10005e28:	d113      	bne.n	10005e52 <resetd_control_xfer_cb+0x2e>
10005e2a:	4912      	ldr	r1, [pc, #72]	@ (10005e74 <resetd_control_xfer_cb+0x50>)
10005e2c:	7953      	ldrb	r3, [r2, #5]
10005e2e:	7910      	ldrb	r0, [r2, #4]
10005e30:	7809      	ldrb	r1, [r1, #0]
10005e32:	021b      	lsls	r3, r3, #8
10005e34:	4303      	orrs	r3, r0
10005e36:	2000      	movs	r0, #0
10005e38:	4299      	cmp	r1, r3
10005e3a:	d000      	beq.n	10005e3e <resetd_control_xfer_cb+0x1a>
10005e3c:	bd10      	pop	{r4, pc}
10005e3e:	7853      	ldrb	r3, [r2, #1]
10005e40:	2b01      	cmp	r3, #1
10005e42:	d008      	beq.n	10005e56 <resetd_control_xfer_cb+0x32>
10005e44:	2b02      	cmp	r3, #2
10005e46:	d1f9      	bne.n	10005e3c <resetd_control_xfer_cb+0x18>
10005e48:	2264      	movs	r2, #100	@ 0x64
10005e4a:	2100      	movs	r1, #0
10005e4c:	2000      	movs	r0, #0
10005e4e:	f7fc ffdb 	bl	10002e08 <watchdog_reboot>
10005e52:	2001      	movs	r0, #1
10005e54:	e7f2      	b.n	10005e3c <resetd_control_xfer_cb+0x18>
10005e56:	78d3      	ldrb	r3, [r2, #3]
10005e58:	7891      	ldrb	r1, [r2, #2]
10005e5a:	021b      	lsls	r3, r3, #8
10005e5c:	4319      	orrs	r1, r3
10005e5e:	0a48      	lsrs	r0, r1, #9
10005e60:	05db      	lsls	r3, r3, #23
10005e62:	d401      	bmi.n	10005e68 <resetd_control_xfer_cb+0x44>
10005e64:	2001      	movs	r0, #1
10005e66:	4240      	negs	r0, r0
10005e68:	237f      	movs	r3, #127	@ 0x7f
10005e6a:	058a      	lsls	r2, r1, #22
10005e6c:	0fd2      	lsrs	r2, r2, #31
10005e6e:	4019      	ands	r1, r3
10005e70:	f7fd f852 	bl	10002f18 <rom_reset_usb_boot_extra>
10005e74:	20002036 	.word	0x20002036

10005e78 <tud_descriptor_bos_cb>:
10005e78:	4800      	ldr	r0, [pc, #0]	@ (10005e7c <tud_descriptor_bos_cb+0x4>)
10005e7a:	4770      	bx	lr
10005e7c:	100096f4 	.word	0x100096f4

10005e80 <tud_vendor_control_xfer_cb>:
10005e80:	b570      	push	{r4, r5, r6, lr}
10005e82:	0005      	movs	r5, r0
10005e84:	0014      	movs	r4, r2
10005e86:	2001      	movs	r0, #1
10005e88:	2901      	cmp	r1, #1
10005e8a:	d109      	bne.n	10005ea0 <tud_vendor_control_xfer_cb+0x20>
10005e8c:	7853      	ldrb	r3, [r2, #1]
10005e8e:	2000      	movs	r0, #0
10005e90:	2b01      	cmp	r3, #1
10005e92:	d105      	bne.n	10005ea0 <tud_vendor_control_xfer_cb+0x20>
10005e94:	7963      	ldrb	r3, [r4, #5]
10005e96:	7912      	ldrb	r2, [r2, #4]
10005e98:	021b      	lsls	r3, r3, #8
10005e9a:	4313      	orrs	r3, r2
10005e9c:	2b07      	cmp	r3, #7
10005e9e:	d000      	beq.n	10005ea2 <tud_vendor_control_xfer_cb+0x22>
10005ea0:	bd70      	pop	{r4, r5, r6, pc}
10005ea2:	0021      	movs	r1, r4
10005ea4:	0028      	movs	r0, r5
10005ea6:	4a02      	ldr	r2, [pc, #8]	@ (10005eb0 <tud_vendor_control_xfer_cb+0x30>)
10005ea8:	339f      	adds	r3, #159	@ 0x9f
10005eaa:	f001 fa55 	bl	10007358 <tud_control_xfer>
10005eae:	e7f7      	b.n	10005ea0 <tud_vendor_control_xfer_cb+0x20>
10005eb0:	1000964c 	.word	0x1000964c

10005eb4 <usbd_app_driver_get_cb>:
10005eb4:	2301      	movs	r3, #1
10005eb6:	7003      	strb	r3, [r0, #0]
10005eb8:	4800      	ldr	r0, [pc, #0]	@ (10005ebc <usbd_app_driver_get_cb+0x8>)
10005eba:	4770      	bx	lr
10005ebc:	1000962c 	.word	0x1000962c

10005ec0 <tud_cdc_line_coding_cb>:
10005ec0:	784b      	ldrb	r3, [r1, #1]
10005ec2:	780a      	ldrb	r2, [r1, #0]
10005ec4:	021b      	lsls	r3, r3, #8
10005ec6:	4313      	orrs	r3, r2
10005ec8:	788a      	ldrb	r2, [r1, #2]
10005eca:	b510      	push	{r4, lr}
10005ecc:	0412      	lsls	r2, r2, #16
10005ece:	431a      	orrs	r2, r3
10005ed0:	78cb      	ldrb	r3, [r1, #3]
10005ed2:	061b      	lsls	r3, r3, #24
10005ed4:	4313      	orrs	r3, r2
10005ed6:	2296      	movs	r2, #150	@ 0x96
10005ed8:	00d2      	lsls	r2, r2, #3
10005eda:	4293      	cmp	r3, r2
10005edc:	d000      	beq.n	10005ee0 <tud_cdc_line_coding_cb+0x20>
10005ede:	bd10      	pop	{r4, pc}
10005ee0:	2200      	movs	r2, #0
10005ee2:	2001      	movs	r0, #1
10005ee4:	0011      	movs	r1, r2
10005ee6:	4240      	negs	r0, r0
10005ee8:	f7fd f816 	bl	10002f18 <rom_reset_usb_boot_extra>

10005eec <stdio_usb_set_chars_available_callback>:
10005eec:	4b02      	ldr	r3, [pc, #8]	@ (10005ef8 <stdio_usb_set_chars_available_callback+0xc>)
10005eee:	6018      	str	r0, [r3, #0]
10005ef0:	4b02      	ldr	r3, [pc, #8]	@ (10005efc <stdio_usb_set_chars_available_callback+0x10>)
10005ef2:	6019      	str	r1, [r3, #0]
10005ef4:	4770      	bx	lr
10005ef6:	46c0      	nop			@ (mov r8, r8)
10005ef8:	20001b30 	.word	0x20001b30
10005efc:	20001b34 	.word	0x20001b34

10005f00 <usb_irq>:
10005f00:	b510      	push	{r4, lr}
10005f02:	4b02      	ldr	r3, [pc, #8]	@ (10005f0c <usb_irq+0xc>)
10005f04:	7818      	ldrb	r0, [r3, #0]
10005f06:	f7fb fe9f 	bl	10001c48 <irq_set_pending>
10005f0a:	bd10      	pop	{r4, pc}
10005f0c:	20002037 	.word	0x20002037

10005f10 <timer_task>:
10005f10:	4b15      	ldr	r3, [pc, #84]	@ (10005f68 <timer_task+0x58>)
10005f12:	b570      	push	{r4, r5, r6, lr}
10005f14:	681a      	ldr	r2, [r3, #0]
10005f16:	2a00      	cmp	r2, #0
10005f18:	d022      	beq.n	10005f60 <timer_task+0x50>
10005f1a:	f3ef 8110 	mrs	r1, PRIMASK
10005f1e:	b672      	cpsid	i
10005f20:	6810      	ldr	r0, [r2, #0]
10005f22:	2800      	cmp	r0, #0
10005f24:	d0fc      	beq.n	10005f20 <timer_task+0x10>
10005f26:	f3bf 8f5f 	dmb	sy
10005f2a:	2000      	movs	r0, #0
10005f2c:	4a0f      	ldr	r2, [pc, #60]	@ (10005f6c <timer_task+0x5c>)
10005f2e:	6059      	str	r1, [r3, #4]
10005f30:	7010      	strb	r0, [r2, #0]
10005f32:	681b      	ldr	r3, [r3, #0]
10005f34:	f3bf 8f5f 	dmb	sy
10005f38:	6018      	str	r0, [r3, #0]
10005f3a:	f381 8810 	msr	PRIMASK, r1
10005f3e:	2400      	movs	r4, #0
10005f40:	2500      	movs	r5, #0
10005f42:	4e0b      	ldr	r6, [pc, #44]	@ (10005f70 <timer_task+0x60>)
10005f44:	7830      	ldrb	r0, [r6, #0]
10005f46:	f7fb fe73 	bl	10001c30 <irq_is_enabled>
10005f4a:	2800      	cmp	r0, #0
10005f4c:	d104      	bne.n	10005f58 <timer_task+0x48>
10005f4e:	2400      	movs	r4, #0
10005f50:	2500      	movs	r5, #0
10005f52:	0029      	movs	r1, r5
10005f54:	0020      	movs	r0, r4
10005f56:	bd70      	pop	{r4, r5, r6, pc}
10005f58:	7830      	ldrb	r0, [r6, #0]
10005f5a:	f7fb fe75 	bl	10001c48 <irq_set_pending>
10005f5e:	e7f8      	b.n	10005f52 <timer_task+0x42>
10005f60:	24fa      	movs	r4, #250	@ 0xfa
10005f62:	2500      	movs	r5, #0
10005f64:	00a4      	lsls	r4, r4, #2
10005f66:	e7ec      	b.n	10005f42 <timer_task+0x32>
10005f68:	20001fdc 	.word	0x20001fdc
10005f6c:	20002038 	.word	0x20002038
10005f70:	20002037 	.word	0x20002037

10005f74 <stdio_usb_in_chars>:
10005f74:	b570      	push	{r4, r5, r6, lr}
10005f76:	0004      	movs	r4, r0
10005f78:	2000      	movs	r0, #0
10005f7a:	000e      	movs	r6, r1
10005f7c:	f001 fb0a 	bl	10007594 <tud_cdc_n_connected>
10005f80:	2800      	cmp	r0, #0
10005f82:	d034      	beq.n	10005fee <stdio_usb_in_chars+0x7a>
10005f84:	2000      	movs	r0, #0
10005f86:	f001 fb1b 	bl	100075c0 <tud_cdc_n_available>
10005f8a:	2800      	cmp	r0, #0
10005f8c:	d02f      	beq.n	10005fee <stdio_usb_in_chars+0x7a>
10005f8e:	f7fc fddb 	bl	10002b48 <time_us_64>
10005f92:	2300      	movs	r3, #0
10005f94:	4a17      	ldr	r2, [pc, #92]	@ (10005ff4 <stdio_usb_in_chars+0x80>)
10005f96:	1812      	adds	r2, r2, r0
10005f98:	414b      	adcs	r3, r1
10005f9a:	2b00      	cmp	r3, #0
10005f9c:	db16      	blt.n	10005fcc <stdio_usb_in_chars+0x58>
10005f9e:	4d16      	ldr	r5, [pc, #88]	@ (10005ff8 <stdio_usb_in_chars+0x84>)
10005fa0:	0028      	movs	r0, r5
10005fa2:	f002 fe39 	bl	10008c18 <__mutex_try_enter_block_until_veneer>
10005fa6:	2800      	cmp	r0, #0
10005fa8:	d021      	beq.n	10005fee <stdio_usb_in_chars+0x7a>
10005faa:	2000      	movs	r0, #0
10005fac:	f001 faf2 	bl	10007594 <tud_cdc_n_connected>
10005fb0:	2800      	cmp	r0, #0
10005fb2:	d10f      	bne.n	10005fd4 <stdio_usb_in_chars+0x60>
10005fb4:	2001      	movs	r0, #1
10005fb6:	2100      	movs	r1, #0
10005fb8:	4240      	negs	r0, r0
10005fba:	f000 fd01 	bl	100069c0 <tud_task_ext>
10005fbe:	2403      	movs	r4, #3
10005fc0:	4264      	negs	r4, r4
10005fc2:	0028      	movs	r0, r5
10005fc4:	f002 fe00 	bl	10008bc8 <__mutex_exit_veneer>
10005fc8:	0020      	movs	r0, r4
10005fca:	bd70      	pop	{r4, r5, r6, pc}
10005fcc:	2201      	movs	r2, #1
10005fce:	4b0b      	ldr	r3, [pc, #44]	@ (10005ffc <stdio_usb_in_chars+0x88>)
10005fd0:	4252      	negs	r2, r2
10005fd2:	e7e4      	b.n	10005f9e <stdio_usb_in_chars+0x2a>
10005fd4:	2000      	movs	r0, #0
10005fd6:	f001 faf3 	bl	100075c0 <tud_cdc_n_available>
10005fda:	2800      	cmp	r0, #0
10005fdc:	d0ea      	beq.n	10005fb4 <stdio_usb_in_chars+0x40>
10005fde:	0021      	movs	r1, r4
10005fe0:	0032      	movs	r2, r6
10005fe2:	2000      	movs	r0, #0
10005fe4:	f001 faf6 	bl	100075d4 <tud_cdc_n_read>
10005fe8:	1e04      	subs	r4, r0, #0
10005fea:	d1ea      	bne.n	10005fc2 <stdio_usb_in_chars+0x4e>
10005fec:	e7e7      	b.n	10005fbe <stdio_usb_in_chars+0x4a>
10005fee:	2403      	movs	r4, #3
10005ff0:	4264      	negs	r4, r4
10005ff2:	e7e9      	b.n	10005fc8 <stdio_usb_in_chars+0x54>
10005ff4:	000f4240 	.word	0x000f4240
10005ff8:	20002010 	.word	0x20002010
10005ffc:	7fffffff 	.word	0x7fffffff

10006000 <stdio_usb_out_flush>:
10006000:	b510      	push	{r4, lr}
10006002:	f7fc fda1 	bl	10002b48 <time_us_64>
10006006:	2300      	movs	r3, #0
10006008:	4a0d      	ldr	r2, [pc, #52]	@ (10006040 <stdio_usb_out_flush+0x40>)
1000600a:	1812      	adds	r2, r2, r0
1000600c:	414b      	adcs	r3, r1
1000600e:	2b00      	cmp	r3, #0
10006010:	da02      	bge.n	10006018 <stdio_usb_out_flush+0x18>
10006012:	2201      	movs	r2, #1
10006014:	4b0b      	ldr	r3, [pc, #44]	@ (10006044 <stdio_usb_out_flush+0x44>)
10006016:	4252      	negs	r2, r2
10006018:	4c0b      	ldr	r4, [pc, #44]	@ (10006048 <stdio_usb_out_flush+0x48>)
1000601a:	0020      	movs	r0, r4
1000601c:	f002 fdfc 	bl	10008c18 <__mutex_try_enter_block_until_veneer>
10006020:	2800      	cmp	r0, #0
10006022:	d00c      	beq.n	1000603e <stdio_usb_out_flush+0x3e>
10006024:	2001      	movs	r0, #1
10006026:	2100      	movs	r1, #0
10006028:	4240      	negs	r0, r0
1000602a:	f000 fcc9 	bl	100069c0 <tud_task_ext>
1000602e:	2000      	movs	r0, #0
10006030:	f001 fb14 	bl	1000765c <tud_cdc_n_write_flush>
10006034:	2800      	cmp	r0, #0
10006036:	d1f5      	bne.n	10006024 <stdio_usb_out_flush+0x24>
10006038:	0020      	movs	r0, r4
1000603a:	f002 fdc5 	bl	10008bc8 <__mutex_exit_veneer>
1000603e:	bd10      	pop	{r4, pc}
10006040:	000f4240 	.word	0x000f4240
10006044:	7fffffff 	.word	0x7fffffff
10006048:	20002010 	.word	0x20002010

1000604c <stdio_usb_out_chars>:
1000604c:	b5f8      	push	{r3, r4, r5, r6, r7, lr}
1000604e:	46de      	mov	lr, fp
10006050:	4657      	mov	r7, sl
10006052:	b580      	push	{r7, lr}
10006054:	0005      	movs	r5, r0
10006056:	000c      	movs	r4, r1
10006058:	f7fc fd76 	bl	10002b48 <time_us_64>
1000605c:	2300      	movs	r3, #0
1000605e:	4a36      	ldr	r2, [pc, #216]	@ (10006138 <stdio_usb_out_chars+0xec>)
10006060:	1812      	adds	r2, r2, r0
10006062:	414b      	adcs	r3, r1
10006064:	2b00      	cmp	r3, #0
10006066:	da02      	bge.n	1000606e <stdio_usb_out_chars+0x22>
10006068:	2201      	movs	r2, #1
1000606a:	4b34      	ldr	r3, [pc, #208]	@ (1000613c <stdio_usb_out_chars+0xf0>)
1000606c:	4252      	negs	r2, r2
1000606e:	4934      	ldr	r1, [pc, #208]	@ (10006140 <stdio_usb_out_chars+0xf4>)
10006070:	0008      	movs	r0, r1
10006072:	468a      	mov	sl, r1
10006074:	f002 fdd0 	bl	10008c18 <__mutex_try_enter_block_until_veneer>
10006078:	2800      	cmp	r0, #0
1000607a:	d103      	bne.n	10006084 <stdio_usb_out_chars+0x38>
1000607c:	bcc0      	pop	{r6, r7}
1000607e:	46bb      	mov	fp, r7
10006080:	46b2      	mov	sl, r6
10006082:	bdf8      	pop	{r3, r4, r5, r6, r7, pc}
10006084:	2000      	movs	r0, #0
10006086:	f001 fa85 	bl	10007594 <tud_cdc_n_connected>
1000608a:	2800      	cmp	r0, #0
1000608c:	d04a      	beq.n	10006124 <stdio_usb_out_chars+0xd8>
1000608e:	2600      	movs	r6, #0
10006090:	2c00      	cmp	r4, #0
10006092:	dd43      	ble.n	1000611c <stdio_usb_out_chars+0xd0>
10006094:	4b2b      	ldr	r3, [pc, #172]	@ (10006144 <stdio_usb_out_chars+0xf8>)
10006096:	469b      	mov	fp, r3
10006098:	e014      	b.n	100060c4 <stdio_usb_out_chars+0x78>
1000609a:	19a9      	adds	r1, r5, r6
1000609c:	2000      	movs	r0, #0
1000609e:	f001 fb17 	bl	100076d0 <tud_cdc_n_write>
100060a2:	0007      	movs	r7, r0
100060a4:	2001      	movs	r0, #1
100060a6:	2100      	movs	r1, #0
100060a8:	4240      	negs	r0, r0
100060aa:	f000 fc89 	bl	100069c0 <tud_task_ext>
100060ae:	2000      	movs	r0, #0
100060b0:	f001 fad4 	bl	1000765c <tud_cdc_n_write_flush>
100060b4:	f7fc fd48 	bl	10002b48 <time_us_64>
100060b8:	4b22      	ldr	r3, [pc, #136]	@ (10006144 <stdio_usb_out_chars+0xf8>)
100060ba:	19f6      	adds	r6, r6, r7
100060bc:	6018      	str	r0, [r3, #0]
100060be:	6059      	str	r1, [r3, #4]
100060c0:	42b4      	cmp	r4, r6
100060c2:	dd2b      	ble.n	1000611c <stdio_usb_out_chars+0xd0>
100060c4:	2000      	movs	r0, #0
100060c6:	f001 fb23 	bl	10007710 <tud_cdc_n_write_available>
100060ca:	1ba7      	subs	r7, r4, r6
100060cc:	0002      	movs	r2, r0
100060ce:	42b8      	cmp	r0, r7
100060d0:	dd00      	ble.n	100060d4 <stdio_usb_out_chars+0x88>
100060d2:	003a      	movs	r2, r7
100060d4:	2a00      	cmp	r2, #0
100060d6:	d1e0      	bne.n	1000609a <stdio_usb_out_chars+0x4e>
100060d8:	2001      	movs	r0, #1
100060da:	2100      	movs	r1, #0
100060dc:	4240      	negs	r0, r0
100060de:	f000 fc6f 	bl	100069c0 <tud_task_ext>
100060e2:	2000      	movs	r0, #0
100060e4:	f001 faba 	bl	1000765c <tud_cdc_n_write_flush>
100060e8:	2000      	movs	r0, #0
100060ea:	f001 fa53 	bl	10007594 <tud_cdc_n_connected>
100060ee:	2800      	cmp	r0, #0
100060f0:	d014      	beq.n	1000611c <stdio_usb_out_chars+0xd0>
100060f2:	2000      	movs	r0, #0
100060f4:	f001 fb0c 	bl	10007710 <tud_cdc_n_write_available>
100060f8:	2800      	cmp	r0, #0
100060fa:	d1e1      	bne.n	100060c0 <stdio_usb_out_chars+0x74>
100060fc:	f7fc fd24 	bl	10002b48 <time_us_64>
10006100:	465b      	mov	r3, fp
10006102:	000f      	movs	r7, r1
10006104:	681a      	ldr	r2, [r3, #0]
10006106:	685b      	ldr	r3, [r3, #4]
10006108:	2100      	movs	r1, #0
1000610a:	4684      	mov	ip, r0
1000610c:	480e      	ldr	r0, [pc, #56]	@ (10006148 <stdio_usb_out_chars+0xfc>)
1000610e:	1812      	adds	r2, r2, r0
10006110:	414b      	adcs	r3, r1
10006112:	429f      	cmp	r7, r3
10006114:	d802      	bhi.n	1000611c <stdio_usb_out_chars+0xd0>
10006116:	d1d3      	bne.n	100060c0 <stdio_usb_out_chars+0x74>
10006118:	4594      	cmp	ip, r2
1000611a:	d9d1      	bls.n	100060c0 <stdio_usb_out_chars+0x74>
1000611c:	4650      	mov	r0, sl
1000611e:	f002 fd53 	bl	10008bc8 <__mutex_exit_veneer>
10006122:	e7ab      	b.n	1000607c <stdio_usb_out_chars+0x30>
10006124:	2000      	movs	r0, #0
10006126:	2100      	movs	r1, #0
10006128:	4b06      	ldr	r3, [pc, #24]	@ (10006144 <stdio_usb_out_chars+0xf8>)
1000612a:	6018      	str	r0, [r3, #0]
1000612c:	6059      	str	r1, [r3, #4]
1000612e:	4650      	mov	r0, sl
10006130:	f002 fd4a 	bl	10008bc8 <__mutex_exit_veneer>
10006134:	e7a2      	b.n	1000607c <stdio_usb_out_chars+0x30>
10006136:	46c0      	nop			@ (mov r8, r8)
10006138:	000f4240 	.word	0x000f4240
1000613c:	7fffffff 	.word	0x7fffffff
10006140:	20002010 	.word	0x20002010
10006144:	20001280 	.word	0x20001280
10006148:	0007a120 	.word	0x0007a120

1000614c <low_priority_worker_irq>:
1000614c:	b530      	push	{r4, r5, lr}
1000614e:	4c2a      	ldr	r4, [pc, #168]	@ (100061f8 <low_priority_worker_irq+0xac>)
10006150:	b085      	sub	sp, #20
10006152:	2100      	movs	r1, #0
10006154:	0020      	movs	r0, r4
10006156:	f002 fd4f 	bl	10008bf8 <__mutex_try_enter_veneer>
1000615a:	2800      	cmp	r0, #0
1000615c:	d11c      	bne.n	10006198 <low_priority_worker_irq+0x4c>
1000615e:	4b27      	ldr	r3, [pc, #156]	@ (100061fc <low_priority_worker_irq+0xb0>)
10006160:	681a      	ldr	r2, [r3, #0]
10006162:	2a00      	cmp	r2, #0
10006164:	d016      	beq.n	10006194 <low_priority_worker_irq+0x48>
10006166:	f3ef 8110 	mrs	r1, PRIMASK
1000616a:	b672      	cpsid	i
1000616c:	6810      	ldr	r0, [r2, #0]
1000616e:	2800      	cmp	r0, #0
10006170:	d0fc      	beq.n	1000616c <low_priority_worker_irq+0x20>
10006172:	f3bf 8f5f 	dmb	sy
10006176:	2401      	movs	r4, #1
10006178:	4821      	ldr	r0, [pc, #132]	@ (10006200 <low_priority_worker_irq+0xb4>)
1000617a:	6059      	str	r1, [r3, #4]
1000617c:	7802      	ldrb	r2, [r0, #0]
1000617e:	681b      	ldr	r3, [r3, #0]
10006180:	b2d2      	uxtb	r2, r2
10006182:	7004      	strb	r4, [r0, #0]
10006184:	f3bf 8f5f 	dmb	sy
10006188:	2000      	movs	r0, #0
1000618a:	6018      	str	r0, [r3, #0]
1000618c:	f381 8810 	msr	PRIMASK, r1
10006190:	2a00      	cmp	r2, #0
10006192:	d017      	beq.n	100061c4 <low_priority_worker_irq+0x78>
10006194:	b005      	add	sp, #20
10006196:	bd30      	pop	{r4, r5, pc}
10006198:	2001      	movs	r0, #1
1000619a:	2100      	movs	r1, #0
1000619c:	4240      	negs	r0, r0
1000619e:	f000 fc0f 	bl	100069c0 <tud_task_ext>
100061a2:	2000      	movs	r0, #0
100061a4:	f001 fa0c 	bl	100075c0 <tud_cdc_n_available>
100061a8:	0005      	movs	r5, r0
100061aa:	0020      	movs	r0, r4
100061ac:	f002 fd0c 	bl	10008bc8 <__mutex_exit_veneer>
100061b0:	2d00      	cmp	r5, #0
100061b2:	d0ef      	beq.n	10006194 <low_priority_worker_irq+0x48>
100061b4:	4b13      	ldr	r3, [pc, #76]	@ (10006204 <low_priority_worker_irq+0xb8>)
100061b6:	681b      	ldr	r3, [r3, #0]
100061b8:	2b00      	cmp	r3, #0
100061ba:	d0eb      	beq.n	10006194 <low_priority_worker_irq+0x48>
100061bc:	4a12      	ldr	r2, [pc, #72]	@ (10006208 <low_priority_worker_irq+0xbc>)
100061be:	6810      	ldr	r0, [r2, #0]
100061c0:	4798      	blx	r3
100061c2:	e7e7      	b.n	10006194 <low_priority_worker_irq+0x48>
100061c4:	f7fc fa34 	bl	10002630 <alarm_pool_get_default>
100061c8:	0004      	movs	r4, r0
100061ca:	f7fc fcbd 	bl	10002b48 <time_us_64>
100061ce:	22fa      	movs	r2, #250	@ 0xfa
100061d0:	2300      	movs	r3, #0
100061d2:	0092      	lsls	r2, r2, #2
100061d4:	1812      	adds	r2, r2, r0
100061d6:	414b      	adcs	r3, r1
100061d8:	2b00      	cmp	r3, #0
100061da:	da02      	bge.n	100061e2 <low_priority_worker_irq+0x96>
100061dc:	2201      	movs	r2, #1
100061de:	4b0b      	ldr	r3, [pc, #44]	@ (1000620c <low_priority_worker_irq+0xc0>)
100061e0:	4252      	negs	r2, r2
100061e2:	2101      	movs	r1, #1
100061e4:	9102      	str	r1, [sp, #8]
100061e6:	2100      	movs	r1, #0
100061e8:	9101      	str	r1, [sp, #4]
100061ea:	4909      	ldr	r1, [pc, #36]	@ (10006210 <low_priority_worker_irq+0xc4>)
100061ec:	0020      	movs	r0, r4
100061ee:	9100      	str	r1, [sp, #0]
100061f0:	f7fc fa22 	bl	10002638 <alarm_pool_add_alarm_at>
100061f4:	e7ce      	b.n	10006194 <low_priority_worker_irq+0x48>
100061f6:	46c0      	nop			@ (mov r8, r8)
100061f8:	20002010 	.word	0x20002010
100061fc:	20001fdc 	.word	0x20001fdc
10006200:	20002038 	.word	0x20002038
10006204:	20001b30 	.word	0x20001b30
10006208:	20001b34 	.word	0x20001b34
1000620c:	7fffffff 	.word	0x7fffffff
10006210:	10005f11 	.word	0x10005f11

10006214 <stdio_usb_init>:
10006214:	23d0      	movs	r3, #208	@ 0xd0
10006216:	b510      	push	{r4, lr}
10006218:	061b      	lsls	r3, r3, #24
1000621a:	b084      	sub	sp, #16
1000621c:	681c      	ldr	r4, [r3, #0]
1000621e:	f7fc fa07 	bl	10002630 <alarm_pool_get_default>
10006222:	f7fc fb03 	bl	1000282c <alarm_pool_core_num>
10006226:	42a0      	cmp	r0, r4
10006228:	d002      	beq.n	10006230 <stdio_usb_init+0x1c>
1000622a:	2000      	movs	r0, #0
1000622c:	b004      	add	sp, #16
1000622e:	bd10      	pop	{r4, pc}
10006230:	4b29      	ldr	r3, [pc, #164]	@ (100062d8 <stdio_usb_init+0xc4>)
10006232:	2100      	movs	r1, #0
10006234:	2000      	movs	r0, #0
10006236:	781b      	ldrb	r3, [r3, #0]
10006238:	f001 fd5e 	bl	10007cf8 <tusb_rhport_init>
1000623c:	4827      	ldr	r0, [pc, #156]	@ (100062dc <stdio_usb_init+0xc8>)
1000623e:	6803      	ldr	r3, [r0, #0]
10006240:	2b00      	cmp	r3, #0
10006242:	d045      	beq.n	100062d0 <stdio_usb_init+0xbc>
10006244:	2001      	movs	r0, #1
10006246:	f7fb ff81 	bl	1000214c <user_irq_claim_unused>
1000624a:	23ff      	movs	r3, #255	@ 0xff
1000624c:	4c24      	ldr	r4, [pc, #144]	@ (100062e0 <stdio_usb_init+0xcc>)
1000624e:	4925      	ldr	r1, [pc, #148]	@ (100062e4 <stdio_usb_init+0xd0>)
10006250:	7020      	strb	r0, [r4, #0]
10006252:	4018      	ands	r0, r3
10006254:	f7fb fd12 	bl	10001c7c <irq_set_exclusive_handler>
10006258:	7820      	ldrb	r0, [r4, #0]
1000625a:	2101      	movs	r1, #1
1000625c:	f7fb fcd6 	bl	10001c0c <irq_set_enabled>
10006260:	2005      	movs	r0, #5
10006262:	f7fb fcf9 	bl	10001c58 <irq_has_shared_handler>
10006266:	2800      	cmp	r0, #0
10006268:	d124      	bne.n	100062b4 <stdio_usb_init+0xa0>
1000626a:	2208      	movs	r2, #8
1000626c:	2100      	movs	r1, #0
1000626e:	481e      	ldr	r0, [pc, #120]	@ (100062e8 <stdio_usb_init+0xd4>)
10006270:	f7fd fefa 	bl	10004068 <__wrap_memset>
10006274:	f7fc f9dc 	bl	10002630 <alarm_pool_get_default>
10006278:	0004      	movs	r4, r0
1000627a:	f7fc fc65 	bl	10002b48 <time_us_64>
1000627e:	22fa      	movs	r2, #250	@ 0xfa
10006280:	2300      	movs	r3, #0
10006282:	0092      	lsls	r2, r2, #2
10006284:	1812      	adds	r2, r2, r0
10006286:	414b      	adcs	r3, r1
10006288:	2b00      	cmp	r3, #0
1000628a:	da02      	bge.n	10006292 <stdio_usb_init+0x7e>
1000628c:	2201      	movs	r2, #1
1000628e:	4b17      	ldr	r3, [pc, #92]	@ (100062ec <stdio_usb_init+0xd8>)
10006290:	4252      	negs	r2, r2
10006292:	2101      	movs	r1, #1
10006294:	9102      	str	r1, [sp, #8]
10006296:	2100      	movs	r1, #0
10006298:	9101      	str	r1, [sp, #4]
1000629a:	4915      	ldr	r1, [pc, #84]	@ (100062f0 <stdio_usb_init+0xdc>)
1000629c:	0020      	movs	r0, r4
1000629e:	9100      	str	r1, [sp, #0]
100062a0:	f7fc f9ca 	bl	10002638 <alarm_pool_add_alarm_at>
100062a4:	2800      	cmp	r0, #0
100062a6:	dbc0      	blt.n	1000622a <stdio_usb_init+0x16>
100062a8:	4812      	ldr	r0, [pc, #72]	@ (100062f4 <stdio_usb_init+0xe0>)
100062aa:	2101      	movs	r1, #1
100062ac:	f7ff fca6 	bl	10005bfc <stdio_set_driver_enabled>
100062b0:	2001      	movs	r0, #1
100062b2:	e7bb      	b.n	1000622c <stdio_usb_init+0x18>
100062b4:	2001      	movs	r0, #1
100062b6:	f7fb fc77 	bl	10001ba8 <spin_lock_claim_unused>
100062ba:	4b0b      	ldr	r3, [pc, #44]	@ (100062e8 <stdio_usb_init+0xd4>)
100062bc:	0001      	movs	r1, r0
100062be:	0018      	movs	r0, r3
100062c0:	f7fb ffa6 	bl	10002210 <critical_section_init_with_lock_num>
100062c4:	2200      	movs	r2, #0
100062c6:	2005      	movs	r0, #5
100062c8:	490b      	ldr	r1, [pc, #44]	@ (100062f8 <stdio_usb_init+0xe4>)
100062ca:	f7fb fd01 	bl	10001cd0 <irq_add_shared_handler>
100062ce:	e7eb      	b.n	100062a8 <stdio_usb_init+0x94>
100062d0:	f7fb ff82 	bl	100021d8 <mutex_init>
100062d4:	e7b6      	b.n	10006244 <stdio_usb_init+0x30>
100062d6:	46c0      	nop			@ (mov r8, r8)
100062d8:	100098a8 	.word	0x100098a8
100062dc:	20002010 	.word	0x20002010
100062e0:	20002037 	.word	0x20002037
100062e4:	1000614d 	.word	0x1000614d
100062e8:	20001fdc 	.word	0x20001fdc
100062ec:	7fffffff 	.word	0x7fffffff
100062f0:	10005f11 	.word	0x10005f11
100062f4:	20001070 	.word	0x20001070
100062f8:	10005f01 	.word	0x10005f01

100062fc <tud_descriptor_device_cb>:
100062fc:	4800      	ldr	r0, [pc, #0]	@ (10006300 <tud_descriptor_device_cb+0x4>)
100062fe:	4770      	bx	lr
10006300:	10009790 	.word	0x10009790

10006304 <tud_descriptor_configuration_cb>:
10006304:	4800      	ldr	r0, [pc, #0]	@ (10006308 <tud_descriptor_configuration_cb+0x4>)
10006306:	4770      	bx	lr
10006308:	1000973c 	.word	0x1000973c

1000630c <tud_descriptor_string_cb>:
1000630c:	b510      	push	{r4, lr}
1000630e:	0004      	movs	r4, r0
10006310:	4817      	ldr	r0, [pc, #92]	@ (10006370 <tud_descriptor_string_cb+0x64>)
10006312:	7803      	ldrb	r3, [r0, #0]
10006314:	2b00      	cmp	r3, #0
10006316:	d020      	beq.n	1000635a <tud_descriptor_string_cb+0x4e>
10006318:	2c00      	cmp	r4, #0
1000631a:	d106      	bne.n	1000632a <tud_descriptor_string_cb+0x1e>
1000631c:	4b15      	ldr	r3, [pc, #84]	@ (10006374 <tud_descriptor_string_cb+0x68>)
1000631e:	4816      	ldr	r0, [pc, #88]	@ (10006378 <tud_descriptor_string_cb+0x6c>)
10006320:	8043      	strh	r3, [r0, #2]
10006322:	3b06      	subs	r3, #6
10006324:	3bff      	subs	r3, #255	@ 0xff
10006326:	8003      	strh	r3, [r0, #0]
10006328:	bd10      	pop	{r4, pc}
1000632a:	2c05      	cmp	r4, #5
1000632c:	d81d      	bhi.n	1000636a <tud_descriptor_string_cb+0x5e>
1000632e:	4b13      	ldr	r3, [pc, #76]	@ (1000637c <tud_descriptor_string_cb+0x70>)
10006330:	00a4      	lsls	r4, r4, #2
10006332:	58e0      	ldr	r0, [r4, r3]
10006334:	4912      	ldr	r1, [pc, #72]	@ (10006380 <tud_descriptor_string_cb+0x74>)
10006336:	2301      	movs	r3, #1
10006338:	3801      	subs	r0, #1
1000633a:	e004      	b.n	10006346 <tud_descriptor_string_cb+0x3a>
1000633c:	3301      	adds	r3, #1
1000633e:	800a      	strh	r2, [r1, #0]
10006340:	3102      	adds	r1, #2
10006342:	2b14      	cmp	r3, #20
10006344:	d00d      	beq.n	10006362 <tud_descriptor_string_cb+0x56>
10006346:	5cc2      	ldrb	r2, [r0, r3]
10006348:	2a00      	cmp	r2, #0
1000634a:	d1f7      	bne.n	1000633c <tud_descriptor_string_cb+0x30>
1000634c:	22c0      	movs	r2, #192	@ 0xc0
1000634e:	b2db      	uxtb	r3, r3
10006350:	005b      	lsls	r3, r3, #1
10006352:	0092      	lsls	r2, r2, #2
10006354:	4808      	ldr	r0, [pc, #32]	@ (10006378 <tud_descriptor_string_cb+0x6c>)
10006356:	4313      	orrs	r3, r2
10006358:	e7e5      	b.n	10006326 <tud_descriptor_string_cb+0x1a>
1000635a:	2111      	movs	r1, #17
1000635c:	f000 f81a 	bl	10006394 <pico_get_unique_board_id_string>
10006360:	e7da      	b.n	10006318 <tud_descriptor_string_cb+0xc>
10006362:	23ca      	movs	r3, #202	@ 0xca
10006364:	4804      	ldr	r0, [pc, #16]	@ (10006378 <tud_descriptor_string_cb+0x6c>)
10006366:	009b      	lsls	r3, r3, #2
10006368:	e7dd      	b.n	10006326 <tud_descriptor_string_cb+0x1a>
1000636a:	2000      	movs	r0, #0
1000636c:	e7dc      	b.n	10006328 <tud_descriptor_string_cb+0x1c>
1000636e:	46c0      	nop			@ (mov r8, r8)
10006370:	20002020 	.word	0x20002020
10006374:	00000409 	.word	0x00000409
10006378:	20001b6c 	.word	0x20001b6c
1000637c:	10009724 	.word	0x10009724
10006380:	20001b6e 	.word	0x20001b6e

10006384 <_retrieve_unique_id_on_boot>:
10006384:	b510      	push	{r4, lr}
10006386:	4802      	ldr	r0, [pc, #8]	@ (10006390 <_retrieve_unique_id_on_boot+0xc>)
10006388:	f000 f8d8 	bl	1000653c <flash_get_unique_id>
1000638c:	bd10      	pop	{r4, pc}
1000638e:	46c0      	nop			@ (mov r8, r8)
10006390:	20001ffc 	.word	0x20001ffc

10006394 <pico_get_unique_board_id_string>:
10006394:	b530      	push	{r4, r5, lr}
10006396:	1e4b      	subs	r3, r1, #1
10006398:	2901      	cmp	r1, #1
1000639a:	d100      	bne.n	1000639e <pico_get_unique_board_id_string+0xa>
1000639c:	e0a7      	b.n	100064ee <pico_get_unique_board_id_string+0x15a>
1000639e:	4a66      	ldr	r2, [pc, #408]	@ (10006538 <pico_get_unique_board_id_string+0x1a4>)
100063a0:	7811      	ldrb	r1, [r2, #0]
100063a2:	090d      	lsrs	r5, r1, #4
100063a4:	002c      	movs	r4, r5
100063a6:	3430      	adds	r4, #48	@ 0x30
100063a8:	299f      	cmp	r1, #159	@ 0x9f
100063aa:	d900      	bls.n	100063ae <pico_get_unique_board_id_string+0x1a>
100063ac:	e0a2      	b.n	100064f4 <pico_get_unique_board_id_string+0x160>
100063ae:	7004      	strb	r4, [r0, #0]
100063b0:	2b01      	cmp	r3, #1
100063b2:	d100      	bne.n	100063b6 <pico_get_unique_board_id_string+0x22>
100063b4:	e0be      	b.n	10006534 <pico_get_unique_board_id_string+0x1a0>
100063b6:	210f      	movs	r1, #15
100063b8:	7814      	ldrb	r4, [r2, #0]
100063ba:	4021      	ands	r1, r4
100063bc:	000c      	movs	r4, r1
100063be:	3430      	adds	r4, #48	@ 0x30
100063c0:	2909      	cmp	r1, #9
100063c2:	d900      	bls.n	100063c6 <pico_get_unique_board_id_string+0x32>
100063c4:	e098      	b.n	100064f8 <pico_get_unique_board_id_string+0x164>
100063c6:	7044      	strb	r4, [r0, #1]
100063c8:	2b02      	cmp	r3, #2
100063ca:	d100      	bne.n	100063ce <pico_get_unique_board_id_string+0x3a>
100063cc:	e0b2      	b.n	10006534 <pico_get_unique_board_id_string+0x1a0>
100063ce:	7854      	ldrb	r4, [r2, #1]
100063d0:	0925      	lsrs	r5, r4, #4
100063d2:	0029      	movs	r1, r5
100063d4:	3130      	adds	r1, #48	@ 0x30
100063d6:	2c9f      	cmp	r4, #159	@ 0x9f
100063d8:	d900      	bls.n	100063dc <pico_get_unique_board_id_string+0x48>
100063da:	e090      	b.n	100064fe <pico_get_unique_board_id_string+0x16a>
100063dc:	7081      	strb	r1, [r0, #2]
100063de:	2b03      	cmp	r3, #3
100063e0:	d100      	bne.n	100063e4 <pico_get_unique_board_id_string+0x50>
100063e2:	e0a7      	b.n	10006534 <pico_get_unique_board_id_string+0x1a0>
100063e4:	210f      	movs	r1, #15
100063e6:	4021      	ands	r1, r4
100063e8:	000c      	movs	r4, r1
100063ea:	3430      	adds	r4, #48	@ 0x30
100063ec:	2909      	cmp	r1, #9
100063ee:	d900      	bls.n	100063f2 <pico_get_unique_board_id_string+0x5e>
100063f0:	e087      	b.n	10006502 <pico_get_unique_board_id_string+0x16e>
100063f2:	70c4      	strb	r4, [r0, #3]
100063f4:	2b04      	cmp	r3, #4
100063f6:	d100      	bne.n	100063fa <pico_get_unique_board_id_string+0x66>
100063f8:	e09c      	b.n	10006534 <pico_get_unique_board_id_string+0x1a0>
100063fa:	7894      	ldrb	r4, [r2, #2]
100063fc:	0925      	lsrs	r5, r4, #4
100063fe:	0029      	movs	r1, r5
10006400:	3130      	adds	r1, #48	@ 0x30
10006402:	2c9f      	cmp	r4, #159	@ 0x9f
10006404:	d900      	bls.n	10006408 <pico_get_unique_board_id_string+0x74>
10006406:	e07f      	b.n	10006508 <pico_get_unique_board_id_string+0x174>
10006408:	7101      	strb	r1, [r0, #4]
1000640a:	2b05      	cmp	r3, #5
1000640c:	d100      	bne.n	10006410 <pico_get_unique_board_id_string+0x7c>
1000640e:	e091      	b.n	10006534 <pico_get_unique_board_id_string+0x1a0>
10006410:	210f      	movs	r1, #15
10006412:	4021      	ands	r1, r4
10006414:	000c      	movs	r4, r1
10006416:	3430      	adds	r4, #48	@ 0x30
10006418:	2909      	cmp	r1, #9
1000641a:	d900      	bls.n	1000641e <pico_get_unique_board_id_string+0x8a>
1000641c:	e076      	b.n	1000650c <pico_get_unique_board_id_string+0x178>
1000641e:	7144      	strb	r4, [r0, #5]
10006420:	2b06      	cmp	r3, #6
10006422:	d100      	bne.n	10006426 <pico_get_unique_board_id_string+0x92>
10006424:	e086      	b.n	10006534 <pico_get_unique_board_id_string+0x1a0>
10006426:	78d4      	ldrb	r4, [r2, #3]
10006428:	0925      	lsrs	r5, r4, #4
1000642a:	0029      	movs	r1, r5
1000642c:	3130      	adds	r1, #48	@ 0x30
1000642e:	2c9f      	cmp	r4, #159	@ 0x9f
10006430:	d900      	bls.n	10006434 <pico_get_unique_board_id_string+0xa0>
10006432:	e06e      	b.n	10006512 <pico_get_unique_board_id_string+0x17e>
10006434:	7181      	strb	r1, [r0, #6]
10006436:	2b07      	cmp	r3, #7
10006438:	d100      	bne.n	1000643c <pico_get_unique_board_id_string+0xa8>
1000643a:	e07b      	b.n	10006534 <pico_get_unique_board_id_string+0x1a0>
1000643c:	210f      	movs	r1, #15
1000643e:	4021      	ands	r1, r4
10006440:	000c      	movs	r4, r1
10006442:	3430      	adds	r4, #48	@ 0x30
10006444:	2909      	cmp	r1, #9
10006446:	d866      	bhi.n	10006516 <pico_get_unique_board_id_string+0x182>
10006448:	71c4      	strb	r4, [r0, #7]
1000644a:	2b08      	cmp	r3, #8
1000644c:	d100      	bne.n	10006450 <pico_get_unique_board_id_string+0xbc>
1000644e:	e071      	b.n	10006534 <pico_get_unique_board_id_string+0x1a0>
10006450:	7914      	ldrb	r4, [r2, #4]
10006452:	0925      	lsrs	r5, r4, #4
10006454:	0029      	movs	r1, r5
10006456:	3130      	adds	r1, #48	@ 0x30
10006458:	2c9f      	cmp	r4, #159	@ 0x9f
1000645a:	d85f      	bhi.n	1000651c <pico_get_unique_board_id_string+0x188>
1000645c:	7201      	strb	r1, [r0, #8]
1000645e:	2b09      	cmp	r3, #9
10006460:	d068      	beq.n	10006534 <pico_get_unique_board_id_string+0x1a0>
10006462:	210f      	movs	r1, #15
10006464:	4021      	ands	r1, r4
10006466:	000c      	movs	r4, r1
10006468:	3430      	adds	r4, #48	@ 0x30
1000646a:	2909      	cmp	r1, #9
1000646c:	d858      	bhi.n	10006520 <pico_get_unique_board_id_string+0x18c>
1000646e:	7244      	strb	r4, [r0, #9]
10006470:	2b0a      	cmp	r3, #10
10006472:	d05f      	beq.n	10006534 <pico_get_unique_board_id_string+0x1a0>
10006474:	7954      	ldrb	r4, [r2, #5]
10006476:	0925      	lsrs	r5, r4, #4
10006478:	0029      	movs	r1, r5
1000647a:	3130      	adds	r1, #48	@ 0x30
1000647c:	2c9f      	cmp	r4, #159	@ 0x9f
1000647e:	d852      	bhi.n	10006526 <pico_get_unique_board_id_string+0x192>
10006480:	7281      	strb	r1, [r0, #10]
10006482:	2b0b      	cmp	r3, #11
10006484:	d056      	beq.n	10006534 <pico_get_unique_board_id_string+0x1a0>
10006486:	210f      	movs	r1, #15
10006488:	4021      	ands	r1, r4
1000648a:	000c      	movs	r4, r1
1000648c:	3430      	adds	r4, #48	@ 0x30
1000648e:	2909      	cmp	r1, #9
10006490:	d84b      	bhi.n	1000652a <pico_get_unique_board_id_string+0x196>
10006492:	72c4      	strb	r4, [r0, #11]
10006494:	2b0c      	cmp	r3, #12
10006496:	d04d      	beq.n	10006534 <pico_get_unique_board_id_string+0x1a0>
10006498:	7994      	ldrb	r4, [r2, #6]
1000649a:	0925      	lsrs	r5, r4, #4
1000649c:	0029      	movs	r1, r5
1000649e:	3130      	adds	r1, #48	@ 0x30
100064a0:	2c9f      	cmp	r4, #159	@ 0x9f
100064a2:	d900      	bls.n	100064a6 <pico_get_unique_board_id_string+0x112>
100064a4:	3107      	adds	r1, #7
100064a6:	7301      	strb	r1, [r0, #12]
100064a8:	2b0d      	cmp	r3, #13
100064aa:	d043      	beq.n	10006534 <pico_get_unique_board_id_string+0x1a0>
100064ac:	210f      	movs	r1, #15
100064ae:	4021      	ands	r1, r4
100064b0:	000c      	movs	r4, r1
100064b2:	3430      	adds	r4, #48	@ 0x30
100064b4:	2909      	cmp	r1, #9
100064b6:	d901      	bls.n	100064bc <pico_get_unique_board_id_string+0x128>
100064b8:	3137      	adds	r1, #55	@ 0x37
100064ba:	000c      	movs	r4, r1
100064bc:	7344      	strb	r4, [r0, #13]
100064be:	2b0e      	cmp	r3, #14
100064c0:	d038      	beq.n	10006534 <pico_get_unique_board_id_string+0x1a0>
100064c2:	79d1      	ldrb	r1, [r2, #7]
100064c4:	090c      	lsrs	r4, r1, #4
100064c6:	0022      	movs	r2, r4
100064c8:	3230      	adds	r2, #48	@ 0x30
100064ca:	299f      	cmp	r1, #159	@ 0x9f
100064cc:	d900      	bls.n	100064d0 <pico_get_unique_board_id_string+0x13c>
100064ce:	3207      	adds	r2, #7
100064d0:	7382      	strb	r2, [r0, #14]
100064d2:	2b0f      	cmp	r3, #15
100064d4:	d02e      	beq.n	10006534 <pico_get_unique_board_id_string+0x1a0>
100064d6:	220f      	movs	r2, #15
100064d8:	400a      	ands	r2, r1
100064da:	0011      	movs	r1, r2
100064dc:	3137      	adds	r1, #55	@ 0x37
100064de:	2a09      	cmp	r2, #9
100064e0:	d801      	bhi.n	100064e6 <pico_get_unique_board_id_string+0x152>
100064e2:	3230      	adds	r2, #48	@ 0x30
100064e4:	0011      	movs	r1, r2
100064e6:	73c1      	strb	r1, [r0, #15]
100064e8:	2b10      	cmp	r3, #16
100064ea:	d023      	beq.n	10006534 <pico_get_unique_board_id_string+0x1a0>
100064ec:	3010      	adds	r0, #16
100064ee:	2300      	movs	r3, #0
100064f0:	7003      	strb	r3, [r0, #0]
100064f2:	bd30      	pop	{r4, r5, pc}
100064f4:	3407      	adds	r4, #7
100064f6:	e75a      	b.n	100063ae <pico_get_unique_board_id_string+0x1a>
100064f8:	3137      	adds	r1, #55	@ 0x37
100064fa:	000c      	movs	r4, r1
100064fc:	e763      	b.n	100063c6 <pico_get_unique_board_id_string+0x32>
100064fe:	3107      	adds	r1, #7
10006500:	e76c      	b.n	100063dc <pico_get_unique_board_id_string+0x48>
10006502:	3137      	adds	r1, #55	@ 0x37
10006504:	000c      	movs	r4, r1
10006506:	e774      	b.n	100063f2 <pico_get_unique_board_id_string+0x5e>
10006508:	3107      	adds	r1, #7
1000650a:	e77d      	b.n	10006408 <pico_get_unique_board_id_string+0x74>
1000650c:	3137      	adds	r1, #55	@ 0x37
1000650e:	000c      	movs	r4, r1
10006510:	e785      	b.n	1000641e <pico_get_unique_board_id_string+0x8a>
10006512:	3107      	adds	r1, #7
10006514:	e78e      	b.n	10006434 <pico_get_unique_board_id_string+0xa0>
10006516:	3137      	adds	r1, #55	@ 0x37
10006518:	000c      	movs	r4, r1
1000651a:	e795      	b.n	10006448 <pico_get_unique_board_id_string+0xb4>
1000651c:	3107      	adds	r1, #7
1000651e:	e79d      	b.n	1000645c <pico_get_unique_board_id_string+0xc8>
10006520:	3137      	adds	r1, #55	@ 0x37
10006522:	000c      	movs	r4, r1
10006524:	e7a3      	b.n	1000646e <pico_get_unique_board_id_string+0xda>
10006526:	3107      	adds	r1, #7
10006528:	e7aa      	b.n	10006480 <pico_get_unique_board_id_string+0xec>
1000652a:	3137      	adds	r1, #55	@ 0x37
1000652c:	000c      	movs	r4, r1
1000652e:	72c4      	strb	r4, [r0, #11]
10006530:	2b0c      	cmp	r3, #12
10006532:	d1b1      	bne.n	10006498 <pico_get_unique_board_id_string+0x104>
10006534:	18c0      	adds	r0, r0, r3
10006536:	e7da      	b.n	100064ee <pico_get_unique_board_id_string+0x15a>
10006538:	20001ffc 	.word	0x20001ffc

1000653c <flash_get_unique_id>:
1000653c:	b510      	push	{r4, lr}
1000653e:	b088      	sub	sp, #32
10006540:	0004      	movs	r4, r0
10006542:	220d      	movs	r2, #13
10006544:	2100      	movs	r1, #0
10006546:	4668      	mov	r0, sp
10006548:	f7fd fd8e 	bl	10004068 <__wrap_memset>
1000654c:	220d      	movs	r2, #13
1000654e:	2100      	movs	r1, #0
10006550:	a804      	add	r0, sp, #16
10006552:	f7fd fd89 	bl	10004068 <__wrap_memset>
10006556:	234b      	movs	r3, #75	@ 0x4b
10006558:	466a      	mov	r2, sp
1000655a:	4668      	mov	r0, sp
1000655c:	7013      	strb	r3, [r2, #0]
1000655e:	a904      	add	r1, sp, #16
10006560:	220d      	movs	r2, #13
10006562:	f002 fb29 	bl	10008bb8 <__flash_do_cmd_veneer>
10006566:	2115      	movs	r1, #21
10006568:	2208      	movs	r2, #8
1000656a:	0020      	movs	r0, r4
1000656c:	4469      	add	r1, sp
1000656e:	f7fd fd81 	bl	10004074 <__wrap___aeabi_memcpy>
10006572:	b008      	add	sp, #32
10006574:	bd10      	pop	{r4, pc}
10006576:	46c0      	nop			@ (mov r8, r8)

10006578 <dcd_init>:
10006578:	b5f8      	push	{r3, r4, r5, r6, r7, lr}
1000657a:	f000 f947 	bl	1000680c <rp2040_usb_init>
1000657e:	230c      	movs	r3, #12
10006580:	4d19      	ldr	r5, [pc, #100]	@ (100065e8 <dcd_init+0x70>)
10006582:	22ff      	movs	r2, #255	@ 0xff
10006584:	67ab      	str	r3, [r5, #120]	@ 0x78
10006586:	2005      	movs	r0, #5
10006588:	4918      	ldr	r1, [pc, #96]	@ (100065ec <dcd_init+0x74>)
1000658a:	f7fb fba1 	bl	10001cd0 <irq_add_shared_handler>
1000658e:	4c18      	ldr	r4, [pc, #96]	@ (100065f0 <dcd_init+0x78>)
10006590:	2240      	movs	r2, #64	@ 0x40
10006592:	2100      	movs	r1, #0
10006594:	0020      	movs	r0, r4
10006596:	f7fd fd67 	bl	10004068 <__wrap_memset>
1000659a:	2740      	movs	r7, #64	@ 0x40
1000659c:	2300      	movs	r3, #0
1000659e:	2601      	movs	r6, #1
100065a0:	2121      	movs	r1, #33	@ 0x21
100065a2:	4a14      	ldr	r2, [pc, #80]	@ (100065f4 <dcd_init+0x7c>)
100065a4:	7066      	strb	r6, [r4, #1]
100065a6:	8327      	strh	r7, [r4, #24]
100065a8:	60a2      	str	r2, [r4, #8]
100065aa:	6013      	str	r3, [r2, #0]
100065ac:	5463      	strb	r3, [r4, r1]
100065ae:	315f      	adds	r1, #95	@ 0x5f
100065b0:	8461      	strh	r1, [r4, #34]	@ 0x22
100065b2:	3945      	subs	r1, #69	@ 0x45
100065b4:	5463      	strb	r3, [r4, r1]
100065b6:	4a10      	ldr	r2, [pc, #64]	@ (100065f8 <dcd_init+0x80>)
100065b8:	4910      	ldr	r1, [pc, #64]	@ (100065fc <dcd_init+0x84>)
100065ba:	6063      	str	r3, [r4, #4]
100065bc:	60e2      	str	r2, [r4, #12]
100065be:	8727      	strh	r7, [r4, #56]	@ 0x38
100065c0:	62a1      	str	r1, [r4, #40]	@ 0x28
100065c2:	600b      	str	r3, [r1, #0]
100065c4:	6263      	str	r3, [r4, #36]	@ 0x24
100065c6:	62e2      	str	r2, [r4, #44]	@ 0x2c
100065c8:	f002 fb46 	bl	10008c58 <__reset_non_control_endpoints_veneer>
100065cc:	2380      	movs	r3, #128	@ 0x80
100065ce:	059b      	lsls	r3, r3, #22
100065d0:	642e      	str	r6, [r5, #64]	@ 0x40
100065d2:	64eb      	str	r3, [r5, #76]	@ 0x4c
100065d4:	2390      	movs	r3, #144	@ 0x90
100065d6:	4a0a      	ldr	r2, [pc, #40]	@ (10006600 <dcd_init+0x88>)
100065d8:	2001      	movs	r0, #1
100065da:	50ea      	str	r2, [r5, r3]
100065dc:	2280      	movs	r2, #128	@ 0x80
100065de:	4b09      	ldr	r3, [pc, #36]	@ (10006604 <dcd_init+0x8c>)
100065e0:	0252      	lsls	r2, r2, #9
100065e2:	64da      	str	r2, [r3, #76]	@ 0x4c
100065e4:	bdf8      	pop	{r3, r4, r5, r6, r7, pc}
100065e6:	46c0      	nop			@ (mov r8, r8)
100065e8:	50110000 	.word	0x50110000
100065ec:	20000545 	.word	0x20000545
100065f0:	20001ba4 	.word	0x20001ba4
100065f4:	50100084 	.word	0x50100084
100065f8:	50100100 	.word	0x50100100
100065fc:	50100080 	.word	0x50100080
10006600:	0001d010 	.word	0x0001d010
10006604:	50112000 	.word	0x50112000

10006608 <dcd_int_enable>:
10006608:	b510      	push	{r4, lr}
1000660a:	2101      	movs	r1, #1
1000660c:	2005      	movs	r0, #5
1000660e:	f7fb fafd 	bl	10001c0c <irq_set_enabled>
10006612:	bd10      	pop	{r4, pc}

10006614 <dcd_set_address>:
10006614:	b510      	push	{r4, lr}
10006616:	2200      	movs	r2, #0
10006618:	2100      	movs	r1, #0
1000661a:	4802      	ldr	r0, [pc, #8]	@ (10006624 <dcd_set_address+0x10>)
1000661c:	f000 f916 	bl	1000684c <hw_endpoint_xfer_start>
10006620:	bd10      	pop	{r4, pc}
10006622:	46c0      	nop			@ (mov r8, r8)
10006624:	20001bc4 	.word	0x20001bc4

10006628 <dcd_sof_enable>:
10006628:	4b04      	ldr	r3, [pc, #16]	@ (1000663c <dcd_sof_enable+0x14>)
1000662a:	7019      	strb	r1, [r3, #0]
1000662c:	2900      	cmp	r1, #0
1000662e:	d004      	beq.n	1000663a <dcd_sof_enable+0x12>
10006630:	2180      	movs	r1, #128	@ 0x80
10006632:	2390      	movs	r3, #144	@ 0x90
10006634:	4a02      	ldr	r2, [pc, #8]	@ (10006640 <dcd_sof_enable+0x18>)
10006636:	0289      	lsls	r1, r1, #10
10006638:	50d1      	str	r1, [r2, r3]
1000663a:	4770      	bx	lr
1000663c:	20002032 	.word	0x20002032
10006640:	50112000 	.word	0x50112000

10006644 <dcd_edpt0_status_complete>:
10006644:	780b      	ldrb	r3, [r1, #0]
10006646:	065b      	lsls	r3, r3, #25
10006648:	d102      	bne.n	10006650 <dcd_edpt0_status_complete+0xc>
1000664a:	784b      	ldrb	r3, [r1, #1]
1000664c:	2b05      	cmp	r3, #5
1000664e:	d000      	beq.n	10006652 <dcd_edpt0_status_complete+0xe>
10006650:	4770      	bx	lr
10006652:	788a      	ldrb	r2, [r1, #2]
10006654:	4b01      	ldr	r3, [pc, #4]	@ (1000665c <dcd_edpt0_status_complete+0x18>)
10006656:	601a      	str	r2, [r3, #0]
10006658:	e7fa      	b.n	10006650 <dcd_edpt0_status_complete+0xc>
1000665a:	46c0      	nop			@ (mov r8, r8)
1000665c:	50110000 	.word	0x50110000

10006660 <dcd_edpt_open>:
10006660:	b5f0      	push	{r4, r5, r6, r7, lr}
10006662:	46c6      	mov	lr, r8
10006664:	78c8      	ldrb	r0, [r1, #3]
10006666:	b500      	push	{lr}
10006668:	0780      	lsls	r0, r0, #30
1000666a:	0f83      	lsrs	r3, r0, #30
1000666c:	0018      	movs	r0, r3
1000666e:	2b01      	cmp	r3, #1
10006670:	d060      	beq.n	10006734 <dcd_edpt_open+0xd4>
10006672:	788f      	ldrb	r7, [r1, #2]
10006674:	790a      	ldrb	r2, [r1, #4]
10006676:	794b      	ldrb	r3, [r1, #5]
10006678:	217f      	movs	r1, #127	@ 0x7f
1000667a:	4039      	ands	r1, r7
1000667c:	09fc      	lsrs	r4, r7, #7
1000667e:	021b      	lsls	r3, r3, #8
10006680:	004e      	lsls	r6, r1, #1
10006682:	4313      	orrs	r3, r2
10006684:	4d33      	ldr	r5, [pc, #204]	@ (10006754 <dcd_edpt_open+0xf4>)
10006686:	1932      	adds	r2, r6, r4
10006688:	0152      	lsls	r2, r2, #5
1000668a:	18aa      	adds	r2, r5, r2
1000668c:	7097      	strb	r7, [r2, #2]
1000668e:	2701      	movs	r7, #1
10006690:	4067      	eors	r7, r4
10006692:	7057      	strb	r7, [r2, #1]
10006694:	2700      	movs	r7, #0
10006696:	055b      	lsls	r3, r3, #21
10006698:	0d5b      	lsrs	r3, r3, #21
1000669a:	70d7      	strb	r7, [r2, #3]
1000669c:	8313      	strh	r3, [r2, #24]
1000669e:	76d0      	strb	r0, [r2, #27]
100066a0:	46b8      	mov	r8, r7
100066a2:	00ca      	lsls	r2, r1, #3
100066a4:	2c01      	cmp	r4, #1
100066a6:	d032      	beq.n	1000670e <dcd_edpt_open+0xae>
100066a8:	4f2b      	ldr	r7, [pc, #172]	@ (10006758 <dcd_edpt_open+0xf8>)
100066aa:	46bc      	mov	ip, r7
100066ac:	018f      	lsls	r7, r1, #6
100066ae:	4462      	add	r2, ip
100066b0:	46bc      	mov	ip, r7
100066b2:	44ac      	add	ip, r5
100066b4:	4667      	mov	r7, ip
100066b6:	60ba      	str	r2, [r7, #8]
100066b8:	4647      	mov	r7, r8
100066ba:	6017      	str	r7, [r2, #0]
100066bc:	2900      	cmp	r1, #0
100066be:	d032      	beq.n	10006726 <dcd_edpt_open+0xc6>
100066c0:	4a26      	ldr	r2, [pc, #152]	@ (1000675c <dcd_edpt_open+0xfc>)
100066c2:	00c9      	lsls	r1, r1, #3
100066c4:	4690      	mov	r8, r2
100066c6:	4662      	mov	r2, ip
100066c8:	4441      	add	r1, r8
100066ca:	6051      	str	r1, [r2, #4]
100066cc:	223f      	movs	r2, #63	@ 0x3f
100066ce:	333f      	adds	r3, #63	@ 0x3f
100066d0:	4393      	bics	r3, r2
100066d2:	2802      	cmp	r0, #2
100066d4:	d037      	beq.n	10006746 <dcd_edpt_open+0xe6>
100066d6:	4922      	ldr	r1, [pc, #136]	@ (10006760 <dcd_edpt_open+0x100>)
100066d8:	1937      	adds	r7, r6, r4
100066da:	680a      	ldr	r2, [r1, #0]
100066dc:	017f      	lsls	r7, r7, #5
100066de:	18d3      	adds	r3, r2, r3
100066e0:	600b      	str	r3, [r1, #0]
100066e2:	4920      	ldr	r1, [pc, #128]	@ (10006764 <dcd_edpt_open+0x104>)
100066e4:	19ef      	adds	r7, r5, r7
100066e6:	60fa      	str	r2, [r7, #12]
100066e8:	428b      	cmp	r3, r1
100066ea:	d82e      	bhi.n	1000674a <dcd_edpt_open+0xea>
100066ec:	1936      	adds	r6, r6, r4
100066ee:	0176      	lsls	r6, r6, #5
100066f0:	19ad      	adds	r5, r5, r6
100066f2:	7eeb      	ldrb	r3, [r5, #27]
100066f4:	491c      	ldr	r1, [pc, #112]	@ (10006768 <dcd_edpt_open+0x108>)
100066f6:	069b      	lsls	r3, r3, #26
100066f8:	404a      	eors	r2, r1
100066fa:	4313      	orrs	r3, r2
100066fc:	2280      	movs	r2, #128	@ 0x80
100066fe:	0612      	lsls	r2, r2, #24
10006700:	4313      	orrs	r3, r2
10006702:	686a      	ldr	r2, [r5, #4]
10006704:	6013      	str	r3, [r2, #0]
10006706:	2001      	movs	r0, #1
10006708:	bc80      	pop	{r7}
1000670a:	46b8      	mov	r8, r7
1000670c:	bdf0      	pop	{r4, r5, r6, r7, pc}
1000670e:	4f17      	ldr	r7, [pc, #92]	@ (1000676c <dcd_edpt_open+0x10c>)
10006710:	46bc      	mov	ip, r7
10006712:	018f      	lsls	r7, r1, #6
10006714:	4462      	add	r2, ip
10006716:	46bc      	mov	ip, r7
10006718:	44ac      	add	ip, r5
1000671a:	4667      	mov	r7, ip
1000671c:	62ba      	str	r2, [r7, #40]	@ 0x28
1000671e:	4647      	mov	r7, r8
10006720:	6017      	str	r7, [r2, #0]
10006722:	2900      	cmp	r1, #0
10006724:	d108      	bne.n	10006738 <dcd_edpt_open+0xd8>
10006726:	2300      	movs	r3, #0
10006728:	0164      	lsls	r4, r4, #5
1000672a:	192c      	adds	r4, r5, r4
1000672c:	6063      	str	r3, [r4, #4]
1000672e:	4b10      	ldr	r3, [pc, #64]	@ (10006770 <dcd_edpt_open+0x110>)
10006730:	60e3      	str	r3, [r4, #12]
10006732:	e7e8      	b.n	10006706 <dcd_edpt_open+0xa6>
10006734:	2000      	movs	r0, #0
10006736:	e7e7      	b.n	10006708 <dcd_edpt_open+0xa8>
10006738:	4a0b      	ldr	r2, [pc, #44]	@ (10006768 <dcd_edpt_open+0x108>)
1000673a:	00c9      	lsls	r1, r1, #3
1000673c:	4690      	mov	r8, r2
1000673e:	4662      	mov	r2, ip
10006740:	4441      	add	r1, r8
10006742:	6251      	str	r1, [r2, #36]	@ 0x24
10006744:	e7c2      	b.n	100066cc <dcd_edpt_open+0x6c>
10006746:	005b      	lsls	r3, r3, #1
10006748:	e7c5      	b.n	100066d6 <dcd_edpt_open+0x76>
1000674a:	f7fc fc0d 	bl	10002f68 <hard_assertion_failure>
1000674e:	68fa      	ldr	r2, [r7, #12]
10006750:	e7cc      	b.n	100066ec <dcd_edpt_open+0x8c>
10006752:	46c0      	nop			@ (mov r8, r8)
10006754:	20001ba4 	.word	0x20001ba4
10006758:	50100084 	.word	0x50100084
1000675c:	50100004 	.word	0x50100004
10006760:	20001fc0 	.word	0x20001fc0
10006764:	50100fff 	.word	0x50100fff
10006768:	50100000 	.word	0x50100000
1000676c:	50100080 	.word	0x50100080
10006770:	50100100 	.word	0x50100100

10006774 <dcd_edpt_close_all>:
10006774:	b510      	push	{r4, lr}
10006776:	f002 fa6f 	bl	10008c58 <__reset_non_control_endpoints_veneer>
1000677a:	bd10      	pop	{r4, pc}

1000677c <dcd_edpt_xfer>:
1000677c:	b510      	push	{r4, lr}
1000677e:	207f      	movs	r0, #127	@ 0x7f
10006780:	000c      	movs	r4, r1
10006782:	4020      	ands	r0, r4
10006784:	0040      	lsls	r0, r0, #1
10006786:	09e4      	lsrs	r4, r4, #7
10006788:	0011      	movs	r1, r2
1000678a:	1900      	adds	r0, r0, r4
1000678c:	001a      	movs	r2, r3
1000678e:	4b03      	ldr	r3, [pc, #12]	@ (1000679c <dcd_edpt_xfer+0x20>)
10006790:	0140      	lsls	r0, r0, #5
10006792:	18c0      	adds	r0, r0, r3
10006794:	f000 f85a 	bl	1000684c <hw_endpoint_xfer_start>
10006798:	2001      	movs	r0, #1
1000679a:	bd10      	pop	{r4, pc}
1000679c:	20001ba4 	.word	0x20001ba4

100067a0 <dcd_edpt_stall>:
100067a0:	237f      	movs	r3, #127	@ 0x7f
100067a2:	0018      	movs	r0, r3
100067a4:	b500      	push	{lr}
100067a6:	4008      	ands	r0, r1
100067a8:	b083      	sub	sp, #12
100067aa:	420b      	tst	r3, r1
100067ac:	d104      	bne.n	100067b8 <dcd_edpt_stall+0x18>
100067ae:	424b      	negs	r3, r1
100067b0:	414b      	adcs	r3, r1
100067b2:	4a08      	ldr	r2, [pc, #32]	@ (100067d4 <dcd_edpt_stall+0x34>)
100067b4:	3301      	adds	r3, #1
100067b6:	6693      	str	r3, [r2, #104]	@ 0x68
100067b8:	2280      	movs	r2, #128	@ 0x80
100067ba:	09c9      	lsrs	r1, r1, #7
100067bc:	0040      	lsls	r0, r0, #1
100067be:	4b06      	ldr	r3, [pc, #24]	@ (100067d8 <dcd_edpt_stall+0x38>)
100067c0:	1840      	adds	r0, r0, r1
100067c2:	0140      	lsls	r0, r0, #5
100067c4:	2100      	movs	r1, #0
100067c6:	18c0      	adds	r0, r0, r3
100067c8:	0112      	lsls	r2, r2, #4
100067ca:	f002 fa3d 	bl	10008c48 <___hw_endpoint_buffer_control_update32_veneer>
100067ce:	b003      	add	sp, #12
100067d0:	bd00      	pop	{pc}
100067d2:	46c0      	nop			@ (mov r8, r8)
100067d4:	50112000 	.word	0x50112000
100067d8:	20001ba4 	.word	0x20001ba4

100067dc <dcd_edpt_clear_stall>:
100067dc:	227f      	movs	r2, #127	@ 0x7f
100067de:	0013      	movs	r3, r2
100067e0:	b510      	push	{r4, lr}
100067e2:	400b      	ands	r3, r1
100067e4:	420a      	tst	r2, r1
100067e6:	d100      	bne.n	100067ea <dcd_edpt_clear_stall+0xe>
100067e8:	bd10      	pop	{r4, pc}
100067ea:	09c9      	lsrs	r1, r1, #7
100067ec:	005b      	lsls	r3, r3, #1
100067ee:	185b      	adds	r3, r3, r1
100067f0:	4804      	ldr	r0, [pc, #16]	@ (10006804 <dcd_edpt_clear_stall+0x28>)
100067f2:	015b      	lsls	r3, r3, #5
100067f4:	18c0      	adds	r0, r0, r3
100067f6:	2300      	movs	r3, #0
100067f8:	2200      	movs	r2, #0
100067fa:	4903      	ldr	r1, [pc, #12]	@ (10006808 <dcd_edpt_clear_stall+0x2c>)
100067fc:	70c3      	strb	r3, [r0, #3]
100067fe:	f002 fa23 	bl	10008c48 <___hw_endpoint_buffer_control_update32_veneer>
10006802:	e7f1      	b.n	100067e8 <dcd_edpt_clear_stall+0xc>
10006804:	20001ba4 	.word	0x20001ba4
10006808:	fffff7ff 	.word	0xfffff7ff

1000680c <rp2040_usb_init>:
1000680c:	2280      	movs	r2, #128	@ 0x80
1000680e:	4b0a      	ldr	r3, [pc, #40]	@ (10006838 <rp2040_usb_init+0x2c>)
10006810:	0452      	lsls	r2, r2, #17
10006812:	b510      	push	{r4, lr}
10006814:	601a      	str	r2, [r3, #0]
10006816:	4b09      	ldr	r3, [pc, #36]	@ (1000683c <rp2040_usb_init+0x30>)
10006818:	4909      	ldr	r1, [pc, #36]	@ (10006840 <rp2040_usb_init+0x34>)
1000681a:	601a      	str	r2, [r3, #0]
1000681c:	0010      	movs	r0, r2
1000681e:	680b      	ldr	r3, [r1, #0]
10006820:	4398      	bics	r0, r3
10006822:	d1fb      	bne.n	1000681c <rp2040_usb_init+0x10>
10006824:	2280      	movs	r2, #128	@ 0x80
10006826:	2100      	movs	r1, #0
10006828:	0152      	lsls	r2, r2, #5
1000682a:	4806      	ldr	r0, [pc, #24]	@ (10006844 <rp2040_usb_init+0x38>)
1000682c:	f7fd fc1c 	bl	10004068 <__wrap_memset>
10006830:	2209      	movs	r2, #9
10006832:	4b05      	ldr	r3, [pc, #20]	@ (10006848 <rp2040_usb_init+0x3c>)
10006834:	675a      	str	r2, [r3, #116]	@ 0x74
10006836:	bd10      	pop	{r4, pc}
10006838:	4000e000 	.word	0x4000e000
1000683c:	4000f000 	.word	0x4000f000
10006840:	4000c008 	.word	0x4000c008
10006844:	50100000 	.word	0x50100000
10006848:	50110000 	.word	0x50110000

1000684c <hw_endpoint_xfer_start>:
1000684c:	2300      	movs	r3, #0
1000684e:	b510      	push	{r4, lr}
10006850:	82c3      	strh	r3, [r0, #22]
10006852:	3301      	adds	r3, #1
10006854:	8282      	strh	r2, [r0, #20]
10006856:	7683      	strb	r3, [r0, #26]
10006858:	6101      	str	r1, [r0, #16]
1000685a:	0004      	movs	r4, r0
1000685c:	f002 fa04 	bl	10008c68 <__e15_is_bulkin_ep_veneer>
10006860:	2800      	cmp	r0, #0
10006862:	d004      	beq.n	1000686e <hw_endpoint_xfer_start+0x22>
10006864:	2180      	movs	r1, #128	@ 0x80
10006866:	2390      	movs	r3, #144	@ 0x90
10006868:	4a07      	ldr	r2, [pc, #28]	@ (10006888 <hw_endpoint_xfer_start+0x3c>)
1000686a:	0289      	lsls	r1, r1, #10
1000686c:	50d1      	str	r1, [r2, r3]
1000686e:	0020      	movs	r0, r4
10006870:	f002 f9e2 	bl	10008c38 <__e15_is_critical_frame_period_veneer>
10006874:	2800      	cmp	r0, #0
10006876:	d002      	beq.n	1000687e <hw_endpoint_xfer_start+0x32>
10006878:	2301      	movs	r3, #1
1000687a:	7723      	strb	r3, [r4, #28]
1000687c:	bd10      	pop	{r4, pc}
1000687e:	0020      	movs	r0, r4
10006880:	f002 f9d2 	bl	10008c28 <__hw_endpoint_start_next_buffer_veneer>
10006884:	e7fa      	b.n	1000687c <hw_endpoint_xfer_start+0x30>
10006886:	46c0      	nop			@ (mov r8, r8)
10006888:	50112000 	.word	0x50112000

1000688c <tud_event_hook_cb>:
1000688c:	4770      	bx	lr
1000688e:	46c0      	nop			@ (mov r8, r8)

10006890 <tud_sof_cb>:
10006890:	4770      	bx	lr
10006892:	46c0      	nop			@ (mov r8, r8)

10006894 <tud_descriptor_device_qualifier_cb>:
10006894:	2000      	movs	r0, #0
10006896:	4770      	bx	lr

10006898 <tud_descriptor_other_speed_configuration_cb>:
10006898:	2000      	movs	r0, #0
1000689a:	4770      	bx	lr

1000689c <tud_mount_cb>:
1000689c:	4770      	bx	lr
1000689e:	46c0      	nop			@ (mov r8, r8)

100068a0 <tud_umount_cb>:
100068a0:	4770      	bx	lr
100068a2:	46c0      	nop			@ (mov r8, r8)

100068a4 <tud_suspend_cb>:
100068a4:	4770      	bx	lr
100068a6:	46c0      	nop			@ (mov r8, r8)

100068a8 <tud_resume_cb>:
100068a8:	4770      	bx	lr
100068aa:	46c0      	nop			@ (mov r8, r8)

100068ac <tud_mounted>:
100068ac:	4b02      	ldr	r3, [pc, #8]	@ (100068b8 <tud_mounted+0xc>)
100068ae:	7858      	ldrb	r0, [r3, #1]
100068b0:	1e43      	subs	r3, r0, #1
100068b2:	4198      	sbcs	r0, r3
100068b4:	b2c0      	uxtb	r0, r0
100068b6:	4770      	bx	lr
100068b8:	20001638 	.word	0x20001638

100068bc <tud_suspended>:
100068bc:	4b02      	ldr	r3, [pc, #8]	@ (100068c8 <tud_suspended+0xc>)
100068be:	7818      	ldrb	r0, [r3, #0]
100068c0:	0740      	lsls	r0, r0, #29
100068c2:	0fc0      	lsrs	r0, r0, #31
100068c4:	4770      	bx	lr
100068c6:	46c0      	nop			@ (mov r8, r8)
100068c8:	20001638 	.word	0x20001638

100068cc <tud_rhport_init>:
100068cc:	b5f0      	push	{r4, r5, r6, r7, lr}
100068ce:	46d6      	mov	lr, sl
100068d0:	464f      	mov	r7, r9
100068d2:	4646      	mov	r6, r8
100068d4:	b5c0      	push	{r6, r7, lr}
100068d6:	4b2f      	ldr	r3, [pc, #188]	@ (10006994 <tud_rhport_init+0xc8>)
100068d8:	0007      	movs	r7, r0
100068da:	469a      	mov	sl, r3
100068dc:	781b      	ldrb	r3, [r3, #0]
100068de:	000e      	movs	r6, r1
100068e0:	2bff      	cmp	r3, #255	@ 0xff
100068e2:	d150      	bne.n	10006986 <tud_rhport_init+0xba>
100068e4:	2900      	cmp	r1, #0
100068e6:	d041      	beq.n	1000696c <tud_rhport_init+0xa0>
100068e8:	2100      	movs	r1, #0
100068ea:	2254      	movs	r2, #84	@ 0x54
100068ec:	482a      	ldr	r0, [pc, #168]	@ (10006998 <tud_rhport_init+0xcc>)
100068ee:	f7fd fbbb 	bl	10004068 <__wrap_memset>
100068f2:	2200      	movs	r2, #0
100068f4:	4c29      	ldr	r4, [pc, #164]	@ (1000699c <tud_rhport_init+0xd0>)
100068f6:	4b2a      	ldr	r3, [pc, #168]	@ (100069a0 <tud_rhport_init+0xd4>)
100068f8:	0020      	movs	r0, r4
100068fa:	701a      	strb	r2, [r3, #0]
100068fc:	f7fb fc6c 	bl	100021d8 <mutex_init>
10006900:	4b28      	ldr	r3, [pc, #160]	@ (100069a4 <tud_rhport_init+0xd8>)
10006902:	601c      	str	r4, [r3, #0]
10006904:	4c28      	ldr	r4, [pc, #160]	@ (100069a8 <tud_rhport_init+0xdc>)
10006906:	0020      	movs	r0, r4
10006908:	3c14      	subs	r4, #20
1000690a:	f7fb fc73 	bl	100021f4 <critical_section_init>
1000690e:	0020      	movs	r0, r4
10006910:	f001 fdfa 	bl	10008508 <tu_fifo_clear>
10006914:	4b25      	ldr	r3, [pc, #148]	@ (100069ac <tud_rhport_init+0xe0>)
10006916:	4d26      	ldr	r5, [pc, #152]	@ (100069b0 <tud_rhport_init+0xe4>)
10006918:	601c      	str	r4, [r3, #0]
1000691a:	4b26      	ldr	r3, [pc, #152]	@ (100069b4 <tud_rhport_init+0xe8>)
1000691c:	2b00      	cmp	r3, #0
1000691e:	d004      	beq.n	1000692a <tud_rhport_init+0x5e>
10006920:	0028      	movs	r0, r5
10006922:	f7ff fac7 	bl	10005eb4 <usbd_app_driver_get_cb>
10006926:	4b24      	ldr	r3, [pc, #144]	@ (100069b8 <tud_rhport_init+0xec>)
10006928:	6018      	str	r0, [r3, #0]
1000692a:	4924      	ldr	r1, [pc, #144]	@ (100069bc <tud_rhport_init+0xf0>)
1000692c:	2400      	movs	r4, #0
1000692e:	4689      	mov	r9, r1
10006930:	4921      	ldr	r1, [pc, #132]	@ (100069b8 <tud_rhport_init+0xec>)
10006932:	2300      	movs	r3, #0
10006934:	4688      	mov	r8, r1
10006936:	782a      	ldrb	r2, [r5, #0]
10006938:	e010      	b.n	1000695c <tud_rhport_init+0x90>
1000693a:	4643      	mov	r3, r8
1000693c:	681b      	ldr	r3, [r3, #0]
1000693e:	0162      	lsls	r2, r4, #5
10006940:	189b      	adds	r3, r3, r2
10006942:	2b00      	cmp	r3, #0
10006944:	d012      	beq.n	1000696c <tud_rhport_init+0xa0>
10006946:	685b      	ldr	r3, [r3, #4]
10006948:	2b00      	cmp	r3, #0
1000694a:	d00f      	beq.n	1000696c <tud_rhport_init+0xa0>
1000694c:	4798      	blx	r3
1000694e:	782a      	ldrb	r2, [r5, #0]
10006950:	3401      	adds	r4, #1
10006952:	b2e4      	uxtb	r4, r4
10006954:	1c51      	adds	r1, r2, #1
10006956:	0023      	movs	r3, r4
10006958:	42a1      	cmp	r1, r4
1000695a:	db09      	blt.n	10006970 <tud_rhport_init+0xa4>
1000695c:	42a2      	cmp	r2, r4
1000695e:	d8ec      	bhi.n	1000693a <tud_rhport_init+0x6e>
10006960:	1a9b      	subs	r3, r3, r2
10006962:	015b      	lsls	r3, r3, #5
10006964:	444b      	add	r3, r9
10006966:	685b      	ldr	r3, [r3, #4]
10006968:	2b00      	cmp	r3, #0
1000696a:	d1ef      	bne.n	1000694c <tud_rhport_init+0x80>
1000696c:	2000      	movs	r0, #0
1000696e:	e00b      	b.n	10006988 <tud_rhport_init+0xbc>
10006970:	4653      	mov	r3, sl
10006972:	0031      	movs	r1, r6
10006974:	0038      	movs	r0, r7
10006976:	701f      	strb	r7, [r3, #0]
10006978:	f7ff fdfe 	bl	10006578 <dcd_init>
1000697c:	2800      	cmp	r0, #0
1000697e:	d0f5      	beq.n	1000696c <tud_rhport_init+0xa0>
10006980:	0038      	movs	r0, r7
10006982:	f7ff fe41 	bl	10006608 <dcd_int_enable>
10006986:	2001      	movs	r0, #1
10006988:	bce0      	pop	{r5, r6, r7}
1000698a:	46ba      	mov	sl, r7
1000698c:	46b1      	mov	r9, r6
1000698e:	46a8      	mov	r8, r5
10006990:	bdf0      	pop	{r4, r5, r6, r7, pc}
10006992:	46c0      	nop			@ (mov r8, r8)
10006994:	200010a4 	.word	0x200010a4
10006998:	20001638 	.word	0x20001638
1000699c:	20001630 	.word	0x20001630
100069a0:	20002033 	.word	0x20002033
100069a4:	2000168c 	.word	0x2000168c
100069a8:	2000109c 	.word	0x2000109c
100069ac:	20001690 	.word	0x20001690
100069b0:	20002031 	.word	0x20002031
100069b4:	10005eb5 	.word	0x10005eb5
100069b8:	20001488 	.word	0x20001488
100069bc:	1000984c 	.word	0x1000984c

100069c0 <tud_task_ext>:
100069c0:	b5f0      	push	{r4, r5, r6, r7, lr}
100069c2:	46de      	mov	lr, fp
100069c4:	4657      	mov	r7, sl
100069c6:	464e      	mov	r6, r9
100069c8:	4645      	mov	r5, r8
100069ca:	b5e0      	push	{r5, r6, r7, lr}
100069cc:	4bc8      	ldr	r3, [pc, #800]	@ (10006cf0 <tud_task_ext+0x330>)
100069ce:	b091      	sub	sp, #68	@ 0x44
100069d0:	9302      	str	r3, [sp, #8]
100069d2:	781b      	ldrb	r3, [r3, #0]
100069d4:	2bff      	cmp	r3, #255	@ 0xff
100069d6:	d100      	bne.n	100069da <tud_task_ext+0x1a>
100069d8:	e13e      	b.n	10006c58 <tud_task_ext+0x298>
100069da:	4bc6      	ldr	r3, [pc, #792]	@ (10006cf4 <tud_task_ext+0x334>)
100069dc:	4ec6      	ldr	r6, [pc, #792]	@ (10006cf8 <tud_task_ext+0x338>)
100069de:	469b      	mov	fp, r3
100069e0:	465f      	mov	r7, fp
100069e2:	4bc6      	ldr	r3, [pc, #792]	@ (10006cfc <tud_task_ext+0x33c>)
100069e4:	ac0d      	add	r4, sp, #52	@ 0x34
100069e6:	9301      	str	r3, [sp, #4]
100069e8:	4bc5      	ldr	r3, [pc, #788]	@ (10006d00 <tud_task_ext+0x340>)
100069ea:	9300      	str	r3, [sp, #0]
100069ec:	6835      	ldr	r5, [r6, #0]
100069ee:	696a      	ldr	r2, [r5, #20]
100069f0:	f3ef 8110 	mrs	r1, PRIMASK
100069f4:	b672      	cpsid	i
100069f6:	6813      	ldr	r3, [r2, #0]
100069f8:	2b00      	cmp	r3, #0
100069fa:	d0fc      	beq.n	100069f6 <tud_task_ext+0x36>
100069fc:	f3bf 8f5f 	dmb	sy
10006a00:	61a9      	str	r1, [r5, #24]
10006a02:	0028      	movs	r0, r5
10006a04:	0021      	movs	r1, r4
10006a06:	f001 fbaf 	bl	10008168 <tu_fifo_read>
10006a0a:	696a      	ldr	r2, [r5, #20]
10006a0c:	69ab      	ldr	r3, [r5, #24]
10006a0e:	f3bf 8f5f 	dmb	sy
10006a12:	2100      	movs	r1, #0
10006a14:	6011      	str	r1, [r2, #0]
10006a16:	f383 8810 	msr	PRIMASK, r3
10006a1a:	2800      	cmp	r0, #0
10006a1c:	d100      	bne.n	10006a20 <tud_task_ext+0x60>
10006a1e:	e11b      	b.n	10006c58 <tud_task_ext+0x298>
10006a20:	7863      	ldrb	r3, [r4, #1]
10006a22:	2b08      	cmp	r3, #8
10006a24:	d8e2      	bhi.n	100069ec <tud_task_ext+0x2c>
10006a26:	009b      	lsls	r3, r3, #2
10006a28:	58fb      	ldr	r3, [r7, r3]
10006a2a:	469f      	mov	pc, r3
10006a2c:	6863      	ldr	r3, [r4, #4]
10006a2e:	2b00      	cmp	r3, #0
10006a30:	d0dc      	beq.n	100069ec <tud_task_ext+0x2c>
10006a32:	68a0      	ldr	r0, [r4, #8]
10006a34:	4798      	blx	r3
10006a36:	e7d9      	b.n	100069ec <tud_task_ext+0x2c>
10006a38:	227f      	movs	r2, #127	@ 0x7f
10006a3a:	7921      	ldrb	r1, [r4, #4]
10006a3c:	4daf      	ldr	r5, [pc, #700]	@ (10006cfc <tud_task_ext+0x33c>)
10006a3e:	400a      	ands	r2, r1
10006a40:	0053      	lsls	r3, r2, #1
10006a42:	18eb      	adds	r3, r5, r3
10006a44:	4698      	mov	r8, r3
10006a46:	09c8      	lsrs	r0, r1, #7
10006a48:	4480      	add	r8, r0
10006a4a:	4640      	mov	r0, r8
10006a4c:	2301      	movs	r3, #1
10006a4e:	3030      	adds	r0, #48	@ 0x30
10006a50:	7905      	ldrb	r5, [r0, #4]
10006a52:	439d      	bics	r5, r3
10006a54:	7105      	strb	r5, [r0, #4]
10006a56:	7905      	ldrb	r5, [r0, #4]
10006a58:	3303      	adds	r3, #3
10006a5a:	439d      	bics	r5, r3
10006a5c:	7105      	strb	r5, [r0, #4]
10006a5e:	2a00      	cmp	r2, #0
10006a60:	d100      	bne.n	10006a64 <tud_task_ext+0xa4>
10006a62:	e100      	b.n	10006c66 <tud_task_ext+0x2a6>
10006a64:	4643      	mov	r3, r8
10006a66:	4aa7      	ldr	r2, [pc, #668]	@ (10006d04 <tud_task_ext+0x344>)
10006a68:	7d1b      	ldrb	r3, [r3, #20]
10006a6a:	7812      	ldrb	r2, [r2, #0]
10006a6c:	4293      	cmp	r3, r2
10006a6e:	d300      	bcc.n	10006a72 <tud_task_ext+0xb2>
10006a70:	e0ef      	b.n	10006c52 <tud_task_ext+0x292>
10006a72:	4aa5      	ldr	r2, [pc, #660]	@ (10006d08 <tud_task_ext+0x348>)
10006a74:	015b      	lsls	r3, r3, #5
10006a76:	6815      	ldr	r5, [r2, #0]
10006a78:	18ed      	adds	r5, r5, r3
10006a7a:	2d00      	cmp	r5, #0
10006a7c:	d100      	bne.n	10006a80 <tud_task_ext+0xc0>
10006a7e:	e0eb      	b.n	10006c58 <tud_task_ext+0x298>
10006a80:	68a3      	ldr	r3, [r4, #8]
10006a82:	7962      	ldrb	r2, [r4, #5]
10006a84:	7820      	ldrb	r0, [r4, #0]
10006a86:	69ad      	ldr	r5, [r5, #24]
10006a88:	47a8      	blx	r5
10006a8a:	e7af      	b.n	100069ec <tud_task_ext+0x2c>
10006a8c:	4a9f      	ldr	r2, [pc, #636]	@ (10006d0c <tud_task_ext+0x34c>)
10006a8e:	7813      	ldrb	r3, [r2, #0]
10006a90:	2b00      	cmp	r3, #0
10006a92:	d100      	bne.n	10006a96 <tud_task_ext+0xd6>
10006a94:	e0e0      	b.n	10006c58 <tud_task_ext+0x298>
10006a96:	7813      	ldrb	r3, [r2, #0]
10006a98:	3b01      	subs	r3, #1
10006a9a:	b2db      	uxtb	r3, r3
10006a9c:	7013      	strb	r3, [r2, #0]
10006a9e:	7813      	ldrb	r3, [r2, #0]
10006aa0:	2b00      	cmp	r3, #0
10006aa2:	d1a3      	bne.n	100069ec <tud_task_ext+0x2c>
10006aa4:	2201      	movs	r2, #1
10006aa6:	4d95      	ldr	r5, [pc, #596]	@ (10006cfc <tud_task_ext+0x33c>)
10006aa8:	2101      	movs	r1, #1
10006aaa:	782b      	ldrb	r3, [r5, #0]
10006aac:	2004      	movs	r0, #4
10006aae:	4313      	orrs	r3, r2
10006ab0:	702b      	strb	r3, [r5, #0]
10006ab2:	2334      	movs	r3, #52	@ 0x34
10006ab4:	5cea      	ldrb	r2, [r5, r3]
10006ab6:	438a      	bics	r2, r1
10006ab8:	54ea      	strb	r2, [r5, r3]
10006aba:	5cea      	ldrb	r2, [r5, r3]
10006abc:	4382      	bics	r2, r0
10006abe:	54ea      	strb	r2, [r5, r3]
10006ac0:	3301      	adds	r3, #1
10006ac2:	5cea      	ldrb	r2, [r5, r3]
10006ac4:	438a      	bics	r2, r1
10006ac6:	54ea      	strb	r2, [r5, r3]
10006ac8:	5cea      	ldrb	r2, [r5, r3]
10006aca:	4382      	bics	r2, r0
10006acc:	54ea      	strb	r2, [r5, r3]
10006ace:	7823      	ldrb	r3, [r4, #0]
10006ad0:	2000      	movs	r0, #0
10006ad2:	469b      	mov	fp, r3
10006ad4:	f000 fc9e 	bl	10007414 <usbd_control_set_complete_callback>
10006ad8:	2260      	movs	r2, #96	@ 0x60
10006ada:	7923      	ldrb	r3, [r4, #4]
10006adc:	401a      	ands	r2, r3
10006ade:	2a60      	cmp	r2, #96	@ 0x60
10006ae0:	d100      	bne.n	10006ae4 <tud_task_ext+0x124>
10006ae2:	e0ef      	b.n	10006cc4 <tud_task_ext+0x304>
10006ae4:	2a40      	cmp	r2, #64	@ 0x40
10006ae6:	d100      	bne.n	10006aea <tud_task_ext+0x12a>
10006ae8:	e0f5      	b.n	10006cd6 <tud_task_ext+0x316>
10006aea:	06db      	lsls	r3, r3, #27
10006aec:	0edb      	lsrs	r3, r3, #27
10006aee:	2b01      	cmp	r3, #1
10006af0:	d100      	bne.n	10006af4 <tud_task_ext+0x134>
10006af2:	e113      	b.n	10006d1c <tud_task_ext+0x35c>
10006af4:	2b02      	cmp	r3, #2
10006af6:	d100      	bne.n	10006afa <tud_task_ext+0x13a>
10006af8:	e0c7      	b.n	10006c8a <tud_task_ext+0x2ca>
10006afa:	2b00      	cmp	r3, #0
10006afc:	d000      	beq.n	10006b00 <tud_task_ext+0x140>
10006afe:	e0e1      	b.n	10006cc4 <tud_task_ext+0x304>
10006b00:	2a20      	cmp	r2, #32
10006b02:	d100      	bne.n	10006b06 <tud_task_ext+0x146>
10006b04:	e21c      	b.n	10006f40 <tud_task_ext+0x580>
10006b06:	2a00      	cmp	r2, #0
10006b08:	d000      	beq.n	10006b0c <tud_task_ext+0x14c>
10006b0a:	e0db      	b.n	10006cc4 <tud_task_ext+0x304>
10006b0c:	7963      	ldrb	r3, [r4, #5]
10006b0e:	2b09      	cmp	r3, #9
10006b10:	d900      	bls.n	10006b14 <tud_task_ext+0x154>
10006b12:	e0d7      	b.n	10006cc4 <tud_task_ext+0x304>
10006b14:	4a7e      	ldr	r2, [pc, #504]	@ (10006d10 <tud_task_ext+0x350>)
10006b16:	009b      	lsls	r3, r3, #2
10006b18:	58d3      	ldr	r3, [r2, r3]
10006b1a:	469f      	mov	pc, r3
10006b1c:	4d77      	ldr	r5, [pc, #476]	@ (10006cfc <tud_task_ext+0x33c>)
10006b1e:	782b      	ldrb	r3, [r5, #0]
10006b20:	07db      	lsls	r3, r3, #31
10006b22:	d400      	bmi.n	10006b26 <tud_task_ext+0x166>
10006b24:	e762      	b.n	100069ec <tud_task_ext+0x2c>
10006b26:	f7ff febf 	bl	100068a8 <tud_resume_cb>
10006b2a:	e75f      	b.n	100069ec <tud_task_ext+0x2c>
10006b2c:	9b01      	ldr	r3, [sp, #4]
10006b2e:	78db      	ldrb	r3, [r3, #3]
10006b30:	07db      	lsls	r3, r3, #31
10006b32:	d400      	bmi.n	10006b36 <tud_task_ext+0x176>
10006b34:	e75a      	b.n	100069ec <tud_task_ext+0x2c>
10006b36:	6860      	ldr	r0, [r4, #4]
10006b38:	f7ff feaa 	bl	10006890 <tud_sof_cb>
10006b3c:	e756      	b.n	100069ec <tud_task_ext+0x2c>
10006b3e:	4d6f      	ldr	r5, [pc, #444]	@ (10006cfc <tud_task_ext+0x33c>)
10006b40:	782b      	ldrb	r3, [r5, #0]
10006b42:	07db      	lsls	r3, r3, #31
10006b44:	d400      	bmi.n	10006b48 <tud_task_ext+0x188>
10006b46:	e751      	b.n	100069ec <tud_task_ext+0x2c>
10006b48:	7828      	ldrb	r0, [r5, #0]
10006b4a:	0700      	lsls	r0, r0, #28
10006b4c:	0fc0      	lsrs	r0, r0, #31
10006b4e:	f7ff fea9 	bl	100068a4 <tud_suspend_cb>
10006b52:	e74b      	b.n	100069ec <tud_task_ext+0x2c>
10006b54:	7823      	ldrb	r3, [r4, #0]
10006b56:	496a      	ldr	r1, [pc, #424]	@ (10006d00 <tud_task_ext+0x340>)
10006b58:	4699      	mov	r9, r3
10006b5a:	468b      	mov	fp, r1
10006b5c:	4b69      	ldr	r3, [pc, #420]	@ (10006d04 <tud_task_ext+0x344>)
10006b5e:	496a      	ldr	r1, [pc, #424]	@ (10006d08 <tud_task_ext+0x348>)
10006b60:	4698      	mov	r8, r3
10006b62:	468a      	mov	sl, r1
10006b64:	0039      	movs	r1, r7
10006b66:	781a      	ldrb	r2, [r3, #0]
10006b68:	4647      	mov	r7, r8
10006b6a:	2300      	movs	r3, #0
10006b6c:	46b0      	mov	r8, r6
10006b6e:	2500      	movs	r5, #0
10006b70:	464e      	mov	r6, r9
10006b72:	4689      	mov	r9, r1
10006b74:	e010      	b.n	10006b98 <tud_task_ext+0x1d8>
10006b76:	4653      	mov	r3, sl
10006b78:	681b      	ldr	r3, [r3, #0]
10006b7a:	016a      	lsls	r2, r5, #5
10006b7c:	189b      	adds	r3, r3, r2
10006b7e:	2b00      	cmp	r3, #0
10006b80:	d100      	bne.n	10006b84 <tud_task_ext+0x1c4>
10006b82:	e076      	b.n	10006c72 <tud_task_ext+0x2b2>
10006b84:	68db      	ldr	r3, [r3, #12]
10006b86:	0030      	movs	r0, r6
10006b88:	4798      	blx	r3
10006b8a:	783a      	ldrb	r2, [r7, #0]
10006b8c:	3501      	adds	r5, #1
10006b8e:	b2ed      	uxtb	r5, r5
10006b90:	1c51      	adds	r1, r2, #1
10006b92:	002b      	movs	r3, r5
10006b94:	428d      	cmp	r5, r1
10006b96:	dc44      	bgt.n	10006c22 <tud_task_ext+0x262>
10006b98:	4295      	cmp	r5, r2
10006b9a:	d3ec      	bcc.n	10006b76 <tud_task_ext+0x1b6>
10006b9c:	1a9b      	subs	r3, r3, r2
10006b9e:	015b      	lsls	r3, r3, #5
10006ba0:	445b      	add	r3, fp
10006ba2:	e7ef      	b.n	10006b84 <tud_task_ext+0x1c4>
10006ba4:	7823      	ldrb	r3, [r4, #0]
10006ba6:	4958      	ldr	r1, [pc, #352]	@ (10006d08 <tud_task_ext+0x348>)
10006ba8:	4699      	mov	r9, r3
10006baa:	4b56      	ldr	r3, [pc, #344]	@ (10006d04 <tud_task_ext+0x344>)
10006bac:	468a      	mov	sl, r1
10006bae:	4698      	mov	r8, r3
10006bb0:	0031      	movs	r1, r6
10006bb2:	46bb      	mov	fp, r7
10006bb4:	464e      	mov	r6, r9
10006bb6:	781a      	ldrb	r2, [r3, #0]
10006bb8:	2500      	movs	r5, #0
10006bba:	2300      	movs	r3, #0
10006bbc:	4647      	mov	r7, r8
10006bbe:	4689      	mov	r9, r1
10006bc0:	e00f      	b.n	10006be2 <tud_task_ext+0x222>
10006bc2:	4653      	mov	r3, sl
10006bc4:	681b      	ldr	r3, [r3, #0]
10006bc6:	016a      	lsls	r2, r5, #5
10006bc8:	189b      	adds	r3, r3, r2
10006bca:	2b00      	cmp	r3, #0
10006bcc:	d055      	beq.n	10006c7a <tud_task_ext+0x2ba>
10006bce:	68db      	ldr	r3, [r3, #12]
10006bd0:	0030      	movs	r0, r6
10006bd2:	4798      	blx	r3
10006bd4:	783a      	ldrb	r2, [r7, #0]
10006bd6:	3501      	adds	r5, #1
10006bd8:	b2ed      	uxtb	r5, r5
10006bda:	1c51      	adds	r1, r2, #1
10006bdc:	002b      	movs	r3, r5
10006bde:	428d      	cmp	r5, r1
10006be0:	dc07      	bgt.n	10006bf2 <tud_task_ext+0x232>
10006be2:	4295      	cmp	r5, r2
10006be4:	d3ed      	bcc.n	10006bc2 <tud_task_ext+0x202>
10006be6:	1a9b      	subs	r3, r3, r2
10006be8:	9a00      	ldr	r2, [sp, #0]
10006bea:	015b      	lsls	r3, r3, #5
10006bec:	4694      	mov	ip, r2
10006bee:	4463      	add	r3, ip
10006bf0:	e7ed      	b.n	10006bce <tud_task_ext+0x20e>
10006bf2:	9d01      	ldr	r5, [sp, #4]
10006bf4:	2254      	movs	r2, #84	@ 0x54
10006bf6:	2100      	movs	r1, #0
10006bf8:	0028      	movs	r0, r5
10006bfa:	f7fd fa35 	bl	10004068 <__wrap_memset>
10006bfe:	2210      	movs	r2, #16
10006c00:	21ff      	movs	r1, #255	@ 0xff
10006c02:	4844      	ldr	r0, [pc, #272]	@ (10006d14 <tud_task_ext+0x354>)
10006c04:	f7fd fa30 	bl	10004068 <__wrap_memset>
10006c08:	0028      	movs	r0, r5
10006c0a:	2220      	movs	r2, #32
10006c0c:	21ff      	movs	r1, #255	@ 0xff
10006c0e:	3014      	adds	r0, #20
10006c10:	464e      	mov	r6, r9
10006c12:	465f      	mov	r7, fp
10006c14:	f7fd fa28 	bl	10004068 <__wrap_memset>
10006c18:	f000 fbf2 	bl	10007400 <usbd_control_reset>
10006c1c:	f7ff fe40 	bl	100068a0 <tud_umount_cb>
10006c20:	e6e4      	b.n	100069ec <tud_task_ext+0x2c>
10006c22:	4d36      	ldr	r5, [pc, #216]	@ (10006cfc <tud_task_ext+0x33c>)
10006c24:	2254      	movs	r2, #84	@ 0x54
10006c26:	2100      	movs	r1, #0
10006c28:	0028      	movs	r0, r5
10006c2a:	f7fd fa1d 	bl	10004068 <__wrap_memset>
10006c2e:	2210      	movs	r2, #16
10006c30:	21ff      	movs	r1, #255	@ 0xff
10006c32:	1d28      	adds	r0, r5, #4
10006c34:	f7fd fa18 	bl	10004068 <__wrap_memset>
10006c38:	0028      	movs	r0, r5
10006c3a:	2220      	movs	r2, #32
10006c3c:	21ff      	movs	r1, #255	@ 0xff
10006c3e:	3014      	adds	r0, #20
10006c40:	4646      	mov	r6, r8
10006c42:	464f      	mov	r7, r9
10006c44:	f7fd fa10 	bl	10004068 <__wrap_memset>
10006c48:	f000 fbda 	bl	10007400 <usbd_control_reset>
10006c4c:	7923      	ldrb	r3, [r4, #4]
10006c4e:	70ab      	strb	r3, [r5, #2]
10006c50:	e6cc      	b.n	100069ec <tud_task_ext+0x2c>
10006c52:	1c50      	adds	r0, r2, #1
10006c54:	4298      	cmp	r0, r3
10006c56:	da13      	bge.n	10006c80 <tud_task_ext+0x2c0>
10006c58:	b011      	add	sp, #68	@ 0x44
10006c5a:	bcf0      	pop	{r4, r5, r6, r7}
10006c5c:	46bb      	mov	fp, r7
10006c5e:	46b2      	mov	sl, r6
10006c60:	46a9      	mov	r9, r5
10006c62:	46a0      	mov	r8, r4
10006c64:	bdf0      	pop	{r4, r5, r6, r7, pc}
10006c66:	68a3      	ldr	r3, [r4, #8]
10006c68:	7962      	ldrb	r2, [r4, #5]
10006c6a:	7820      	ldrb	r0, [r4, #0]
10006c6c:	f000 fbe6 	bl	1000743c <usbd_control_xfer_cb>
10006c70:	e6bc      	b.n	100069ec <tud_task_ext+0x2c>
10006c72:	4646      	mov	r6, r8
10006c74:	464f      	mov	r7, r9
10006c76:	4d21      	ldr	r5, [pc, #132]	@ (10006cfc <tud_task_ext+0x33c>)
10006c78:	e7e6      	b.n	10006c48 <tud_task_ext+0x288>
10006c7a:	464e      	mov	r6, r9
10006c7c:	465f      	mov	r7, fp
10006c7e:	e7cb      	b.n	10006c18 <tud_task_ext+0x258>
10006c80:	4d1f      	ldr	r5, [pc, #124]	@ (10006d00 <tud_task_ext+0x340>)
10006c82:	1a9b      	subs	r3, r3, r2
10006c84:	015b      	lsls	r3, r3, #5
10006c86:	195d      	adds	r5, r3, r5
10006c88:	e6fa      	b.n	10006a80 <tud_task_ext+0xc0>
10006c8a:	2370      	movs	r3, #112	@ 0x70
10006c8c:	7a21      	ldrb	r1, [r4, #8]
10006c8e:	420b      	tst	r3, r1
10006c90:	d118      	bne.n	10006cc4 <tud_task_ext+0x304>
10006c92:	09c8      	lsrs	r0, r1, #7
10006c94:	4682      	mov	sl, r0
10006c96:	330f      	adds	r3, #15
10006c98:	400b      	ands	r3, r1
10006c9a:	005b      	lsls	r3, r3, #1
10006c9c:	4698      	mov	r8, r3
10006c9e:	4819      	ldr	r0, [pc, #100]	@ (10006d04 <tud_task_ext+0x344>)
10006ca0:	18eb      	adds	r3, r5, r3
10006ca2:	4453      	add	r3, sl
10006ca4:	7d1b      	ldrb	r3, [r3, #20]
10006ca6:	7800      	ldrb	r0, [r0, #0]
10006ca8:	4699      	mov	r9, r3
10006caa:	4283      	cmp	r3, r0
10006cac:	d266      	bcs.n	10006d7c <tud_task_ext+0x3bc>
10006cae:	4816      	ldr	r0, [pc, #88]	@ (10006d08 <tud_task_ext+0x348>)
10006cb0:	015b      	lsls	r3, r3, #5
10006cb2:	6800      	ldr	r0, [r0, #0]
10006cb4:	4681      	mov	r9, r0
10006cb6:	4499      	add	r9, r3
10006cb8:	2a00      	cmp	r2, #0
10006cba:	d100      	bne.n	10006cbe <tud_task_ext+0x2fe>
10006cbc:	e15f      	b.n	10006f7e <tud_task_ext+0x5be>
10006cbe:	464b      	mov	r3, r9
10006cc0:	2b00      	cmp	r3, #0
10006cc2:	d168      	bne.n	10006d96 <tud_task_ext+0x3d6>
10006cc4:	7820      	ldrb	r0, [r4, #0]
10006cc6:	2100      	movs	r1, #0
10006cc8:	f7ff fd6a 	bl	100067a0 <dcd_edpt_stall>
10006ccc:	2180      	movs	r1, #128	@ 0x80
10006cce:	7820      	ldrb	r0, [r4, #0]
10006cd0:	f7ff fd66 	bl	100067a0 <dcd_edpt_stall>
10006cd4:	e68a      	b.n	100069ec <tud_task_ext+0x2c>
10006cd6:	4810      	ldr	r0, [pc, #64]	@ (10006d18 <tud_task_ext+0x358>)
10006cd8:	f000 fb9c 	bl	10007414 <usbd_control_set_complete_callback>
10006cdc:	2101      	movs	r1, #1
10006cde:	4658      	mov	r0, fp
10006ce0:	aa0e      	add	r2, sp, #56	@ 0x38
10006ce2:	f7ff f8cd 	bl	10005e80 <tud_vendor_control_xfer_cb>
10006ce6:	2800      	cmp	r0, #0
10006ce8:	d000      	beq.n	10006cec <tud_task_ext+0x32c>
10006cea:	e67f      	b.n	100069ec <tud_task_ext+0x2c>
10006cec:	e7ea      	b.n	10006cc4 <tud_task_ext+0x304>
10006cee:	46c0      	nop			@ (mov r8, r8)
10006cf0:	200010a4 	.word	0x200010a4
10006cf4:	100097a4 	.word	0x100097a4
10006cf8:	20001690 	.word	0x20001690
10006cfc:	20001638 	.word	0x20001638
10006d00:	1000984c 	.word	0x1000984c
10006d04:	20002031 	.word	0x20002031
10006d08:	20001488 	.word	0x20001488
10006d0c:	20002033 	.word	0x20002033
10006d10:	100097c8 	.word	0x100097c8
10006d14:	2000163c 	.word	0x2000163c
10006d18:	10005e81 	.word	0x10005e81
10006d1c:	7a23      	ldrb	r3, [r4, #8]
10006d1e:	2b0f      	cmp	r3, #15
10006d20:	d8d0      	bhi.n	10006cc4 <tud_task_ext+0x304>
10006d22:	4acf      	ldr	r2, [pc, #828]	@ (10007060 <tud_task_ext+0x6a0>)
10006d24:	18eb      	adds	r3, r5, r3
10006d26:	791b      	ldrb	r3, [r3, #4]
10006d28:	7815      	ldrb	r5, [r2, #0]
10006d2a:	42ab      	cmp	r3, r5
10006d2c:	d33e      	bcc.n	10006dac <tud_task_ext+0x3ec>
10006d2e:	1c69      	adds	r1, r5, #1
10006d30:	4299      	cmp	r1, r3
10006d32:	dbc7      	blt.n	10006cc4 <tud_task_ext+0x304>
10006d34:	1b5d      	subs	r5, r3, r5
10006d36:	4bcb      	ldr	r3, [pc, #812]	@ (10007064 <tud_task_ext+0x6a4>)
10006d38:	016d      	lsls	r5, r5, #5
10006d3a:	18ed      	adds	r5, r5, r3
10006d3c:	6968      	ldr	r0, [r5, #20]
10006d3e:	f000 fb69 	bl	10007414 <usbd_control_set_complete_callback>
10006d42:	2101      	movs	r1, #1
10006d44:	4658      	mov	r0, fp
10006d46:	696b      	ldr	r3, [r5, #20]
10006d48:	aa0e      	add	r2, sp, #56	@ 0x38
10006d4a:	4798      	blx	r3
10006d4c:	2800      	cmp	r0, #0
10006d4e:	d000      	beq.n	10006d52 <tud_task_ext+0x392>
10006d50:	e64c      	b.n	100069ec <tud_task_ext+0x2c>
10006d52:	2260      	movs	r2, #96	@ 0x60
10006d54:	0015      	movs	r5, r2
10006d56:	7923      	ldrb	r3, [r4, #4]
10006d58:	401d      	ands	r5, r3
10006d5a:	421a      	tst	r2, r3
10006d5c:	d1b2      	bne.n	10006cc4 <tud_task_ext+0x304>
10006d5e:	7963      	ldrb	r3, [r4, #5]
10006d60:	3b0a      	subs	r3, #10
10006d62:	2b01      	cmp	r3, #1
10006d64:	d8ae      	bhi.n	10006cc4 <tud_task_ext+0x304>
10006d66:	f000 fb55 	bl	10007414 <usbd_control_set_complete_callback>
10006d6a:	7963      	ldrb	r3, [r4, #5]
10006d6c:	2b0a      	cmp	r3, #10
10006d6e:	d100      	bne.n	10006d72 <tud_task_ext+0x3b2>
10006d70:	e199      	b.n	100070a6 <tud_task_ext+0x6e6>
10006d72:	4658      	mov	r0, fp
10006d74:	a90e      	add	r1, sp, #56	@ 0x38
10006d76:	f000 fad9 	bl	1000732c <tud_control_status>
10006d7a:	e637      	b.n	100069ec <tud_task_ext+0x2c>
10006d7c:	1c43      	adds	r3, r0, #1
10006d7e:	454b      	cmp	r3, r9
10006d80:	da00      	bge.n	10006d84 <tud_task_ext+0x3c4>
10006d82:	e0f7      	b.n	10006f74 <tud_task_ext+0x5b4>
10006d84:	464b      	mov	r3, r9
10006d86:	1a1b      	subs	r3, r3, r0
10006d88:	015b      	lsls	r3, r3, #5
10006d8a:	4699      	mov	r9, r3
10006d8c:	48b5      	ldr	r0, [pc, #724]	@ (10007064 <tud_task_ext+0x6a4>)
10006d8e:	4481      	add	r9, r0
10006d90:	2a00      	cmp	r2, #0
10006d92:	d100      	bne.n	10006d96 <tud_task_ext+0x3d6>
10006d94:	e0f3      	b.n	10006f7e <tud_task_ext+0x5be>
10006d96:	464b      	mov	r3, r9
10006d98:	6958      	ldr	r0, [r3, #20]
10006d9a:	f000 fb3b 	bl	10007414 <usbd_control_set_complete_callback>
10006d9e:	464b      	mov	r3, r9
10006da0:	2101      	movs	r1, #1
10006da2:	4658      	mov	r0, fp
10006da4:	695b      	ldr	r3, [r3, #20]
10006da6:	aa0e      	add	r2, sp, #56	@ 0x38
10006da8:	4798      	blx	r3
10006daa:	e79c      	b.n	10006ce6 <tud_task_ext+0x326>
10006dac:	4aae      	ldr	r2, [pc, #696]	@ (10007068 <tud_task_ext+0x6a8>)
10006dae:	015b      	lsls	r3, r3, #5
10006db0:	6815      	ldr	r5, [r2, #0]
10006db2:	18ed      	adds	r5, r5, r3
10006db4:	2d00      	cmp	r5, #0
10006db6:	d1c1      	bne.n	10006d3c <tud_task_ext+0x37c>
10006db8:	e784      	b.n	10006cc4 <tud_task_ext+0x304>
10006dba:	79a3      	ldrb	r3, [r4, #6]
10006dbc:	4699      	mov	r9, r3
10006dbe:	786b      	ldrb	r3, [r5, #1]
10006dc0:	4599      	cmp	r9, r3
10006dc2:	d0d6      	beq.n	10006d72 <tud_task_ext+0x3b2>
10006dc4:	786b      	ldrb	r3, [r5, #1]
10006dc6:	2b00      	cmp	r3, #0
10006dc8:	d000      	beq.n	10006dcc <tud_task_ext+0x40c>
10006dca:	e133      	b.n	10007034 <tud_task_ext+0x674>
10006dcc:	464b      	mov	r3, r9
10006dce:	706b      	strb	r3, [r5, #1]
10006dd0:	2b00      	cmp	r3, #0
10006dd2:	d100      	bne.n	10006dd6 <tud_task_ext+0x416>
10006dd4:	e12b      	b.n	1000702e <tud_task_ext+0x66e>
10006dd6:	4648      	mov	r0, r9
10006dd8:	3801      	subs	r0, #1
10006dda:	b2c0      	uxtb	r0, r0
10006ddc:	f7ff fa92 	bl	10006304 <tud_descriptor_configuration_cb>
10006de0:	2800      	cmp	r0, #0
10006de2:	d100      	bne.n	10006de6 <tud_task_ext+0x426>
10006de4:	e17e      	b.n	100070e4 <tud_task_ext+0x724>
10006de6:	7843      	ldrb	r3, [r0, #1]
10006de8:	9307      	str	r3, [sp, #28]
10006dea:	2b02      	cmp	r3, #2
10006dec:	d000      	beq.n	10006df0 <tud_task_ext+0x430>
10006dee:	e179      	b.n	100070e4 <tud_task_ext+0x724>
10006df0:	2201      	movs	r2, #1
10006df2:	79c1      	ldrb	r1, [r0, #7]
10006df4:	46b1      	mov	r9, r6
10006df6:	118b      	asrs	r3, r1, #6
10006df8:	1149      	asrs	r1, r1, #5
10006dfa:	4013      	ands	r3, r2
10006dfc:	400a      	ands	r2, r1
10006dfe:	2130      	movs	r1, #48	@ 0x30
10006e00:	0112      	lsls	r2, r2, #4
10006e02:	015b      	lsls	r3, r3, #5
10006e04:	4313      	orrs	r3, r2
10006e06:	782a      	ldrb	r2, [r5, #0]
10006e08:	46a8      	mov	r8, r5
10006e0a:	438a      	bics	r2, r1
10006e0c:	4313      	orrs	r3, r2
10006e0e:	702b      	strb	r3, [r5, #0]
10006e10:	2309      	movs	r3, #9
10006e12:	469a      	mov	sl, r3
10006e14:	4482      	add	sl, r0
10006e16:	4656      	mov	r6, sl
10006e18:	46ba      	mov	sl, r7
10006e1a:	78c3      	ldrb	r3, [r0, #3]
10006e1c:	7882      	ldrb	r2, [r0, #2]
10006e1e:	021b      	lsls	r3, r3, #8
10006e20:	4313      	orrs	r3, r2
10006e22:	18c3      	adds	r3, r0, r3
10006e24:	9305      	str	r3, [sp, #20]
10006e26:	4b8e      	ldr	r3, [pc, #568]	@ (10007060 <tud_task_ext+0x6a0>)
10006e28:	9304      	str	r3, [sp, #16]
10006e2a:	4b8e      	ldr	r3, [pc, #568]	@ (10007064 <tud_task_ext+0x6a4>)
10006e2c:	9308      	str	r3, [sp, #32]
10006e2e:	4b8e      	ldr	r3, [pc, #568]	@ (10007068 <tud_task_ext+0x6a8>)
10006e30:	9309      	str	r3, [sp, #36]	@ 0x24
10006e32:	4b8e      	ldr	r3, [pc, #568]	@ (1000706c <tud_task_ext+0x6ac>)
10006e34:	930a      	str	r3, [sp, #40]	@ 0x28
10006e36:	9b05      	ldr	r3, [sp, #20]
10006e38:	42b3      	cmp	r3, r6
10006e3a:	d800      	bhi.n	10006e3e <tud_task_ext+0x47e>
10006e3c:	e155      	b.n	100070ea <tud_task_ext+0x72a>
10006e3e:	7873      	ldrb	r3, [r6, #1]
10006e40:	2201      	movs	r2, #1
10006e42:	2b0b      	cmp	r3, #11
10006e44:	d103      	bne.n	10006e4e <tud_task_ext+0x48e>
10006e46:	7833      	ldrb	r3, [r6, #0]
10006e48:	78f2      	ldrb	r2, [r6, #3]
10006e4a:	18f6      	adds	r6, r6, r3
10006e4c:	7873      	ldrb	r3, [r6, #1]
10006e4e:	2b04      	cmp	r3, #4
10006e50:	d000      	beq.n	10006e54 <tud_task_ext+0x494>
10006e52:	e144      	b.n	100070de <tud_task_ext+0x71e>
10006e54:	9b05      	ldr	r3, [sp, #20]
10006e56:	2700      	movs	r7, #0
10006e58:	1b9b      	subs	r3, r3, r6
10006e5a:	b29b      	uxth	r3, r3
10006e5c:	9306      	str	r3, [sp, #24]
10006e5e:	9b04      	ldr	r3, [sp, #16]
10006e60:	920b      	str	r2, [sp, #44]	@ 0x2c
10006e62:	781d      	ldrb	r5, [r3, #0]
10006e64:	2300      	movs	r3, #0
10006e66:	9303      	str	r3, [sp, #12]
10006e68:	e01b      	b.n	10006ea2 <tud_task_ext+0x4e2>
10006e6a:	9a09      	ldr	r2, [sp, #36]	@ 0x24
10006e6c:	017b      	lsls	r3, r7, #5
10006e6e:	6815      	ldr	r5, [r2, #0]
10006e70:	18ed      	adds	r5, r5, r3
10006e72:	2d00      	cmp	r5, #0
10006e74:	d100      	bne.n	10006e78 <tud_task_ext+0x4b8>
10006e76:	e132      	b.n	100070de <tud_task_ext+0x71e>
10006e78:	0031      	movs	r1, r6
10006e7a:	4658      	mov	r0, fp
10006e7c:	692b      	ldr	r3, [r5, #16]
10006e7e:	9a06      	ldr	r2, [sp, #24]
10006e80:	4798      	blx	r3
10006e82:	4684      	mov	ip, r0
10006e84:	2808      	cmp	r0, #8
10006e86:	d903      	bls.n	10006e90 <tud_task_ext+0x4d0>
10006e88:	9a06      	ldr	r2, [sp, #24]
10006e8a:	4282      	cmp	r2, r0
10006e8c:	d300      	bcc.n	10006e90 <tud_task_ext+0x4d0>
10006e8e:	e113      	b.n	100070b8 <tud_task_ext+0x6f8>
10006e90:	9b04      	ldr	r3, [sp, #16]
10006e92:	3701      	adds	r7, #1
10006e94:	781d      	ldrb	r5, [r3, #0]
10006e96:	b2ff      	uxtb	r7, r7
10006e98:	1c6b      	adds	r3, r5, #1
10006e9a:	9703      	str	r7, [sp, #12]
10006e9c:	429f      	cmp	r7, r3
10006e9e:	dd00      	ble.n	10006ea2 <tud_task_ext+0x4e2>
10006ea0:	e11d      	b.n	100070de <tud_task_ext+0x71e>
10006ea2:	42bd      	cmp	r5, r7
10006ea4:	d8e1      	bhi.n	10006e6a <tud_task_ext+0x4aa>
10006ea6:	9b03      	ldr	r3, [sp, #12]
10006ea8:	1b5d      	subs	r5, r3, r5
10006eaa:	9b08      	ldr	r3, [sp, #32]
10006eac:	016d      	lsls	r5, r5, #5
10006eae:	469c      	mov	ip, r3
10006eb0:	4465      	add	r5, ip
10006eb2:	e7e1      	b.n	10006e78 <tud_task_ext+0x4b8>
10006eb4:	786b      	ldrb	r3, [r5, #1]
10006eb6:	aa0c      	add	r2, sp, #48	@ 0x30
10006eb8:	3202      	adds	r2, #2
10006eba:	7013      	strb	r3, [r2, #0]
10006ebc:	4658      	mov	r0, fp
10006ebe:	2301      	movs	r3, #1
10006ec0:	a90e      	add	r1, sp, #56	@ 0x38
10006ec2:	f000 fa49 	bl	10007358 <tud_control_xfer>
10006ec6:	e591      	b.n	100069ec <tud_task_ext+0x2c>
10006ec8:	88e3      	ldrh	r3, [r4, #6]
10006eca:	0a1a      	lsrs	r2, r3, #8
10006ecc:	b2d8      	uxtb	r0, r3
10006ece:	2a0f      	cmp	r2, #15
10006ed0:	d900      	bls.n	10006ed4 <tud_task_ext+0x514>
10006ed2:	e6f7      	b.n	10006cc4 <tud_task_ext+0x304>
10006ed4:	4966      	ldr	r1, [pc, #408]	@ (10007070 <tud_task_ext+0x6b0>)
10006ed6:	0093      	lsls	r3, r2, #2
10006ed8:	58cb      	ldr	r3, [r1, r3]
10006eda:	469f      	mov	pc, r3
10006edc:	a80e      	add	r0, sp, #56	@ 0x38
10006ede:	f000 fa9f 	bl	10007420 <usbd_control_set_request>
10006ee2:	4658      	mov	r0, fp
10006ee4:	79a1      	ldrb	r1, [r4, #6]
10006ee6:	f7ff fb95 	bl	10006614 <dcd_set_address>
10006eea:	2202      	movs	r2, #2
10006eec:	782b      	ldrb	r3, [r5, #0]
10006eee:	4313      	orrs	r3, r2
10006ef0:	702b      	strb	r3, [r5, #0]
10006ef2:	e57b      	b.n	100069ec <tud_task_ext+0x2c>
10006ef4:	88e3      	ldrh	r3, [r4, #6]
10006ef6:	2b01      	cmp	r3, #1
10006ef8:	d000      	beq.n	10006efc <tud_task_ext+0x53c>
10006efa:	e6e3      	b.n	10006cc4 <tud_task_ext+0x304>
10006efc:	2208      	movs	r2, #8
10006efe:	782b      	ldrb	r3, [r5, #0]
10006f00:	4658      	mov	r0, fp
10006f02:	4393      	bics	r3, r2
10006f04:	a90e      	add	r1, sp, #56	@ 0x38
10006f06:	702b      	strb	r3, [r5, #0]
10006f08:	f000 fa10 	bl	1000732c <tud_control_status>
10006f0c:	e56e      	b.n	100069ec <tud_task_ext+0x2c>
10006f0e:	2002      	movs	r0, #2
10006f10:	7829      	ldrb	r1, [r5, #0]
10006f12:	ab0c      	add	r3, sp, #48	@ 0x30
10006f14:	1c9a      	adds	r2, r3, #2
10006f16:	068b      	lsls	r3, r1, #26
10006f18:	0889      	lsrs	r1, r1, #2
10006f1a:	0fdb      	lsrs	r3, r3, #31
10006f1c:	4001      	ands	r1, r0
10006f1e:	430b      	orrs	r3, r1
10006f20:	8013      	strh	r3, [r2, #0]
10006f22:	4658      	mov	r0, fp
10006f24:	2302      	movs	r3, #2
10006f26:	a90e      	add	r1, sp, #56	@ 0x38
10006f28:	f000 fa16 	bl	10007358 <tud_control_xfer>
10006f2c:	e55e      	b.n	100069ec <tud_task_ext+0x2c>
10006f2e:	88e3      	ldrh	r3, [r4, #6]
10006f30:	2b01      	cmp	r3, #1
10006f32:	d000      	beq.n	10006f36 <tud_task_ext+0x576>
10006f34:	e6c6      	b.n	10006cc4 <tud_task_ext+0x304>
10006f36:	2208      	movs	r2, #8
10006f38:	782b      	ldrb	r3, [r5, #0]
10006f3a:	4313      	orrs	r3, r2
10006f3c:	702b      	strb	r3, [r5, #0]
10006f3e:	e718      	b.n	10006d72 <tud_task_ext+0x3b2>
10006f40:	7a23      	ldrb	r3, [r4, #8]
10006f42:	2b0f      	cmp	r3, #15
10006f44:	d900      	bls.n	10006f48 <tud_task_ext+0x588>
10006f46:	e6bd      	b.n	10006cc4 <tud_task_ext+0x304>
10006f48:	18eb      	adds	r3, r5, r3
10006f4a:	791d      	ldrb	r5, [r3, #4]
10006f4c:	4b44      	ldr	r3, [pc, #272]	@ (10007060 <tud_task_ext+0x6a0>)
10006f4e:	781b      	ldrb	r3, [r3, #0]
10006f50:	429d      	cmp	r5, r3
10006f52:	d228      	bcs.n	10006fa6 <tud_task_ext+0x5e6>
10006f54:	4b44      	ldr	r3, [pc, #272]	@ (10007068 <tud_task_ext+0x6a8>)
10006f56:	016d      	lsls	r5, r5, #5
10006f58:	681b      	ldr	r3, [r3, #0]
10006f5a:	195d      	adds	r5, r3, r5
10006f5c:	2d00      	cmp	r5, #0
10006f5e:	d100      	bne.n	10006f62 <tud_task_ext+0x5a2>
10006f60:	e6b0      	b.n	10006cc4 <tud_task_ext+0x304>
10006f62:	6968      	ldr	r0, [r5, #20]
10006f64:	f000 fa56 	bl	10007414 <usbd_control_set_complete_callback>
10006f68:	2101      	movs	r1, #1
10006f6a:	4658      	mov	r0, fp
10006f6c:	696b      	ldr	r3, [r5, #20]
10006f6e:	aa0e      	add	r2, sp, #56	@ 0x38
10006f70:	4798      	blx	r3
10006f72:	e6b8      	b.n	10006ce6 <tud_task_ext+0x326>
10006f74:	2a00      	cmp	r2, #0
10006f76:	d000      	beq.n	10006f7a <tud_task_ext+0x5ba>
10006f78:	e6a4      	b.n	10006cc4 <tud_task_ext+0x304>
10006f7a:	2300      	movs	r3, #0
10006f7c:	4699      	mov	r9, r3
10006f7e:	7962      	ldrb	r2, [r4, #5]
10006f80:	2002      	movs	r0, #2
10006f82:	0013      	movs	r3, r2
10006f84:	9203      	str	r2, [sp, #12]
10006f86:	4383      	bics	r3, r0
10006f88:	2b01      	cmp	r3, #1
10006f8a:	d015      	beq.n	10006fb8 <tud_task_ext+0x5f8>
10006f8c:	2a00      	cmp	r2, #0
10006f8e:	d000      	beq.n	10006f92 <tud_task_ext+0x5d2>
10006f90:	e698      	b.n	10006cc4 <tud_task_ext+0x304>
10006f92:	002b      	movs	r3, r5
10006f94:	4443      	add	r3, r8
10006f96:	4453      	add	r3, sl
10006f98:	3330      	adds	r3, #48	@ 0x30
10006f9a:	791b      	ldrb	r3, [r3, #4]
10006f9c:	aa0c      	add	r2, sp, #48	@ 0x30
10006f9e:	079b      	lsls	r3, r3, #30
10006fa0:	0fdb      	lsrs	r3, r3, #31
10006fa2:	3202      	adds	r2, #2
10006fa4:	e7bc      	b.n	10006f20 <tud_task_ext+0x560>
10006fa6:	1c5a      	adds	r2, r3, #1
10006fa8:	42aa      	cmp	r2, r5
10006faa:	da00      	bge.n	10006fae <tud_task_ext+0x5ee>
10006fac:	e68a      	b.n	10006cc4 <tud_task_ext+0x304>
10006fae:	1aed      	subs	r5, r5, r3
10006fb0:	4b2c      	ldr	r3, [pc, #176]	@ (10007064 <tud_task_ext+0x6a4>)
10006fb2:	016d      	lsls	r5, r5, #5
10006fb4:	18ed      	adds	r5, r5, r3
10006fb6:	e7d4      	b.n	10006f62 <tud_task_ext+0x5a2>
10006fb8:	88e3      	ldrh	r3, [r4, #6]
10006fba:	2b00      	cmp	r3, #0
10006fbc:	d112      	bne.n	10006fe4 <tud_task_ext+0x624>
10006fbe:	9b02      	ldr	r3, [sp, #8]
10006fc0:	7818      	ldrb	r0, [r3, #0]
10006fc2:	9b03      	ldr	r3, [sp, #12]
10006fc4:	2b01      	cmp	r3, #1
10006fc6:	d023      	beq.n	10007010 <tud_task_ext+0x650>
10006fc8:	f7ff fbea 	bl	100067a0 <dcd_edpt_stall>
10006fcc:	4643      	mov	r3, r8
10006fce:	2102      	movs	r1, #2
10006fd0:	18eb      	adds	r3, r5, r3
10006fd2:	4453      	add	r3, sl
10006fd4:	3330      	adds	r3, #48	@ 0x30
10006fd6:	791a      	ldrb	r2, [r3, #4]
10006fd8:	430a      	orrs	r2, r1
10006fda:	2101      	movs	r1, #1
10006fdc:	711a      	strb	r2, [r3, #4]
10006fde:	791a      	ldrb	r2, [r3, #4]
10006fe0:	430a      	orrs	r2, r1
10006fe2:	711a      	strb	r2, [r3, #4]
10006fe4:	464b      	mov	r3, r9
10006fe6:	2b00      	cmp	r3, #0
10006fe8:	d100      	bne.n	10006fec <tud_task_ext+0x62c>
10006fea:	e4ff      	b.n	100069ec <tud_task_ext+0x2c>
10006fec:	6958      	ldr	r0, [r3, #20]
10006fee:	f000 fa11 	bl	10007414 <usbd_control_set_complete_callback>
10006ff2:	464b      	mov	r3, r9
10006ff4:	2101      	movs	r1, #1
10006ff6:	695b      	ldr	r3, [r3, #20]
10006ff8:	aa0e      	add	r2, sp, #56	@ 0x38
10006ffa:	4658      	mov	r0, fp
10006ffc:	4798      	blx	r3
10006ffe:	2000      	movs	r0, #0
10007000:	f000 fa08 	bl	10007414 <usbd_control_set_complete_callback>
10007004:	2335      	movs	r3, #53	@ 0x35
10007006:	5ceb      	ldrb	r3, [r5, r3]
10007008:	07db      	lsls	r3, r3, #31
1000700a:	d500      	bpl.n	1000700e <tud_task_ext+0x64e>
1000700c:	e4ee      	b.n	100069ec <tud_task_ext+0x2c>
1000700e:	e6b0      	b.n	10006d72 <tud_task_ext+0x3b2>
10007010:	f7ff fbe4 	bl	100067dc <dcd_edpt_clear_stall>
10007014:	4643      	mov	r3, r8
10007016:	2102      	movs	r1, #2
10007018:	18eb      	adds	r3, r5, r3
1000701a:	4453      	add	r3, sl
1000701c:	3330      	adds	r3, #48	@ 0x30
1000701e:	791a      	ldrb	r2, [r3, #4]
10007020:	438a      	bics	r2, r1
10007022:	711a      	strb	r2, [r3, #4]
10007024:	791a      	ldrb	r2, [r3, #4]
10007026:	9903      	ldr	r1, [sp, #12]
10007028:	438a      	bics	r2, r1
1000702a:	711a      	strb	r2, [r3, #4]
1000702c:	e7da      	b.n	10006fe4 <tud_task_ext+0x624>
1000702e:	f7ff fc37 	bl	100068a0 <tud_umount_cb>
10007032:	e69e      	b.n	10006d72 <tud_task_ext+0x3b2>
10007034:	2100      	movs	r1, #0
10007036:	4658      	mov	r0, fp
10007038:	f7ff faf6 	bl	10006628 <dcd_sof_enable>
1000703c:	4658      	mov	r0, fp
1000703e:	f7ff fb99 	bl	10006774 <dcd_edpt_close_all>
10007042:	78ab      	ldrb	r3, [r5, #2]
10007044:	4907      	ldr	r1, [pc, #28]	@ (10007064 <tud_task_ext+0x6a4>)
10007046:	9303      	str	r3, [sp, #12]
10007048:	9104      	str	r1, [sp, #16]
1000704a:	4b05      	ldr	r3, [pc, #20]	@ (10007060 <tud_task_ext+0x6a0>)
1000704c:	4906      	ldr	r1, [pc, #24]	@ (10007068 <tud_task_ext+0x6a8>)
1000704e:	4698      	mov	r8, r3
10007050:	781a      	ldrb	r2, [r3, #0]
10007052:	9105      	str	r1, [sp, #20]
10007054:	2300      	movs	r3, #0
10007056:	0029      	movs	r1, r5
10007058:	001d      	movs	r5, r3
1000705a:	468a      	mov	sl, r1
1000705c:	e01b      	b.n	10007096 <tud_task_ext+0x6d6>
1000705e:	46c0      	nop			@ (mov r8, r8)
10007060:	20002031 	.word	0x20002031
10007064:	1000984c 	.word	0x1000984c
10007068:	20001488 	.word	0x20001488
1000706c:	2000164c 	.word	0x2000164c
10007070:	100097f0 	.word	0x100097f0
10007074:	9b05      	ldr	r3, [sp, #20]
10007076:	016a      	lsls	r2, r5, #5
10007078:	681b      	ldr	r3, [r3, #0]
1000707a:	189b      	adds	r3, r3, r2
1000707c:	2b00      	cmp	r3, #0
1000707e:	d04d      	beq.n	1000711c <tud_task_ext+0x75c>
10007080:	68db      	ldr	r3, [r3, #12]
10007082:	4658      	mov	r0, fp
10007084:	4798      	blx	r3
10007086:	4643      	mov	r3, r8
10007088:	781a      	ldrb	r2, [r3, #0]
1000708a:	3501      	adds	r5, #1
1000708c:	b2ed      	uxtb	r5, r5
1000708e:	1c51      	adds	r1, r2, #1
10007090:	002b      	movs	r3, r5
10007092:	428d      	cmp	r5, r1
10007094:	dc2e      	bgt.n	100070f4 <tud_task_ext+0x734>
10007096:	4295      	cmp	r5, r2
10007098:	d3ec      	bcc.n	10007074 <tud_task_ext+0x6b4>
1000709a:	1a9b      	subs	r3, r3, r2
1000709c:	9a04      	ldr	r2, [sp, #16]
1000709e:	015b      	lsls	r3, r3, #5
100070a0:	4694      	mov	ip, r2
100070a2:	4463      	add	r3, ip
100070a4:	e7ec      	b.n	10007080 <tud_task_ext+0x6c0>
100070a6:	ab0c      	add	r3, sp, #48	@ 0x30
100070a8:	1c9a      	adds	r2, r3, #2
100070aa:	4658      	mov	r0, fp
100070ac:	2301      	movs	r3, #1
100070ae:	a90e      	add	r1, sp, #56	@ 0x38
100070b0:	7015      	strb	r5, [r2, #0]
100070b2:	f000 f951 	bl	10007358 <tud_control_xfer>
100070b6:	e499      	b.n	100069ec <tud_task_ext+0x2c>
100070b8:	9a0b      	ldr	r2, [sp, #44]	@ 0x2c
100070ba:	2a01      	cmp	r2, #1
100070bc:	d04f      	beq.n	1000715e <tud_task_ext+0x79e>
100070be:	2a00      	cmp	r2, #0
100070c0:	d03c      	beq.n	1000713c <tud_task_ext+0x77c>
100070c2:	2300      	movs	r3, #0
100070c4:	78b0      	ldrb	r0, [r6, #2]
100070c6:	e004      	b.n	100070d2 <tud_task_ext+0x712>
100070c8:	3301      	adds	r3, #1
100070ca:	b2db      	uxtb	r3, r3
100070cc:	710f      	strb	r7, [r1, #4]
100070ce:	4293      	cmp	r3, r2
100070d0:	d234      	bcs.n	1000713c <tud_task_ext+0x77c>
100070d2:	18c1      	adds	r1, r0, r3
100070d4:	b2c9      	uxtb	r1, r1
100070d6:	4441      	add	r1, r8
100070d8:	790d      	ldrb	r5, [r1, #4]
100070da:	2dff      	cmp	r5, #255	@ 0xff
100070dc:	d0f4      	beq.n	100070c8 <tud_task_ext+0x708>
100070de:	464e      	mov	r6, r9
100070e0:	4645      	mov	r5, r8
100070e2:	4657      	mov	r7, sl
100070e4:	2300      	movs	r3, #0
100070e6:	706b      	strb	r3, [r5, #1]
100070e8:	e5ec      	b.n	10006cc4 <tud_task_ext+0x304>
100070ea:	464e      	mov	r6, r9
100070ec:	4657      	mov	r7, sl
100070ee:	f7ff fbd5 	bl	1000689c <tud_mount_cb>
100070f2:	e63e      	b.n	10006d72 <tud_task_ext+0x3b2>
100070f4:	4655      	mov	r5, sl
100070f6:	2254      	movs	r2, #84	@ 0x54
100070f8:	2100      	movs	r1, #0
100070fa:	0028      	movs	r0, r5
100070fc:	f7fc ffb4 	bl	10004068 <__wrap_memset>
10007100:	2210      	movs	r2, #16
10007102:	21ff      	movs	r1, #255	@ 0xff
10007104:	1d28      	adds	r0, r5, #4
10007106:	f7fc ffaf 	bl	10004068 <__wrap_memset>
1000710a:	0028      	movs	r0, r5
1000710c:	2220      	movs	r2, #32
1000710e:	21ff      	movs	r1, #255	@ 0xff
10007110:	3014      	adds	r0, #20
10007112:	f7fc ffa9 	bl	10004068 <__wrap_memset>
10007116:	9b03      	ldr	r3, [sp, #12]
10007118:	70ab      	strb	r3, [r5, #2]
1000711a:	e657      	b.n	10006dcc <tud_task_ext+0x40c>
1000711c:	4655      	mov	r5, sl
1000711e:	e7fa      	b.n	10007116 <tud_task_ext+0x756>
10007120:	f7fe feaa 	bl	10005e78 <tud_descriptor_bos_cb>
10007124:	1e02      	subs	r2, r0, #0
10007126:	d100      	bne.n	1000712a <tud_task_ext+0x76a>
10007128:	e5cc      	b.n	10006cc4 <tud_task_ext+0x304>
1000712a:	78d3      	ldrb	r3, [r2, #3]
1000712c:	7891      	ldrb	r1, [r2, #2]
1000712e:	021b      	lsls	r3, r3, #8
10007130:	430b      	orrs	r3, r1
10007132:	4658      	mov	r0, fp
10007134:	a90e      	add	r1, sp, #56	@ 0x38
10007136:	f000 f90f 	bl	10007358 <tud_control_xfer>
1000713a:	e5d4      	b.n	10006ce6 <tud_task_ext+0x326>
1000713c:	4665      	mov	r5, ip
1000713e:	003b      	movs	r3, r7
10007140:	002a      	movs	r2, r5
10007142:	0031      	movs	r1, r6
10007144:	980a      	ldr	r0, [sp, #40]	@ 0x28
10007146:	f000 fe7f 	bl	10007e48 <tu_edpt_bind_driver>
1000714a:	46ac      	mov	ip, r5
1000714c:	9b04      	ldr	r3, [sp, #16]
1000714e:	9a03      	ldr	r2, [sp, #12]
10007150:	781b      	ldrb	r3, [r3, #0]
10007152:	4466      	add	r6, ip
10007154:	3301      	adds	r3, #1
10007156:	4293      	cmp	r3, r2
10007158:	db00      	blt.n	1000715c <tud_task_ext+0x79c>
1000715a:	e66c      	b.n	10006e36 <tud_task_ext+0x476>
1000715c:	e7bf      	b.n	100070de <tud_task_ext+0x71e>
1000715e:	4b17      	ldr	r3, [pc, #92]	@ (100071bc <tud_task_ext+0x7fc>)
10007160:	6929      	ldr	r1, [r5, #16]
10007162:	4299      	cmp	r1, r3
10007164:	d1ad      	bne.n	100070c2 <tud_task_ext+0x702>
10007166:	9a07      	ldr	r2, [sp, #28]
10007168:	e7ab      	b.n	100070c2 <tud_task_ext+0x702>
1000716a:	f7ff fb93 	bl	10006894 <tud_descriptor_device_qualifier_cb>
1000716e:	1e02      	subs	r2, r0, #0
10007170:	d100      	bne.n	10007174 <tud_task_ext+0x7b4>
10007172:	e5a7      	b.n	10006cc4 <tud_task_ext+0x304>
10007174:	4658      	mov	r0, fp
10007176:	7813      	ldrb	r3, [r2, #0]
10007178:	a90e      	add	r1, sp, #56	@ 0x38
1000717a:	f000 f8ed 	bl	10007358 <tud_control_xfer>
1000717e:	e5b2      	b.n	10006ce6 <tud_task_ext+0x326>
10007180:	8921      	ldrh	r1, [r4, #8]
10007182:	f7ff f8c3 	bl	1000630c <tud_descriptor_string_cb>
10007186:	1e02      	subs	r2, r0, #0
10007188:	d1f4      	bne.n	10007174 <tud_task_ext+0x7b4>
1000718a:	e59b      	b.n	10006cc4 <tud_task_ext+0x304>
1000718c:	2a02      	cmp	r2, #2
1000718e:	d00f      	beq.n	100071b0 <tud_task_ext+0x7f0>
10007190:	f7ff fb82 	bl	10006898 <tud_descriptor_other_speed_configuration_cb>
10007194:	1e02      	subs	r2, r0, #0
10007196:	d1c8      	bne.n	1000712a <tud_task_ext+0x76a>
10007198:	e594      	b.n	10006cc4 <tud_task_ext+0x304>
1000719a:	f7ff f8af 	bl	100062fc <tud_descriptor_device_cb>
1000719e:	1e02      	subs	r2, r0, #0
100071a0:	d100      	bne.n	100071a4 <tud_task_ext+0x7e4>
100071a2:	e58f      	b.n	10006cc4 <tud_task_ext+0x304>
100071a4:	2312      	movs	r3, #18
100071a6:	4658      	mov	r0, fp
100071a8:	a90e      	add	r1, sp, #56	@ 0x38
100071aa:	f000 f8d5 	bl	10007358 <tud_control_xfer>
100071ae:	e59a      	b.n	10006ce6 <tud_task_ext+0x326>
100071b0:	f7ff f8a8 	bl	10006304 <tud_descriptor_configuration_cb>
100071b4:	1e02      	subs	r2, r0, #0
100071b6:	d1b8      	bne.n	1000712a <tud_task_ext+0x76a>
100071b8:	e584      	b.n	10006cc4 <tud_task_ext+0x304>
100071ba:	46c0      	nop			@ (mov r8, r8)
100071bc:	10007811 	.word	0x10007811

100071c0 <usbd_open_edpt_pair>:
100071c0:	b5f8      	push	{r3, r4, r5, r6, r7, lr}
100071c2:	4657      	mov	r7, sl
100071c4:	464e      	mov	r6, r9
100071c6:	46de      	mov	lr, fp
100071c8:	4645      	mov	r5, r8
100071ca:	000c      	movs	r4, r1
100071cc:	b5e0      	push	{r5, r6, r7, lr}
100071ce:	0016      	movs	r6, r2
100071d0:	001f      	movs	r7, r3
100071d2:	2a00      	cmp	r2, #0
100071d4:	d03c      	beq.n	10007250 <usbd_open_edpt_pair+0x90>
100071d6:	2370      	movs	r3, #112	@ 0x70
100071d8:	4698      	mov	r8, r3
100071da:	4b1e      	ldr	r3, [pc, #120]	@ (10007254 <usbd_open_edpt_pair+0x94>)
100071dc:	2500      	movs	r5, #0
100071de:	469b      	mov	fp, r3
100071e0:	4b1d      	ldr	r3, [pc, #116]	@ (10007258 <usbd_open_edpt_pair+0x98>)
100071e2:	469a      	mov	sl, r3
100071e4:	e01a      	b.n	1000721c <usbd_open_edpt_pair+0x5c>
100071e6:	465b      	mov	r3, fp
100071e8:	781b      	ldrb	r3, [r3, #0]
100071ea:	0020      	movs	r0, r4
100071ec:	4699      	mov	r9, r3
100071ee:	4653      	mov	r3, sl
100071f0:	7899      	ldrb	r1, [r3, #2]
100071f2:	f000 fdeb 	bl	10007dcc <tu_edpt_validate>
100071f6:	2800      	cmp	r0, #0
100071f8:	d01c      	beq.n	10007234 <usbd_open_edpt_pair+0x74>
100071fa:	0021      	movs	r1, r4
100071fc:	4648      	mov	r0, r9
100071fe:	f7ff fa2f 	bl	10006660 <dcd_edpt_open>
10007202:	2800      	cmp	r0, #0
10007204:	d016      	beq.n	10007234 <usbd_open_edpt_pair+0x74>
10007206:	78a3      	ldrb	r3, [r4, #2]
10007208:	09da      	lsrs	r2, r3, #7
1000720a:	2a01      	cmp	r2, #1
1000720c:	d019      	beq.n	10007242 <usbd_open_edpt_pair+0x82>
1000720e:	9a0a      	ldr	r2, [sp, #40]	@ 0x28
10007210:	3501      	adds	r5, #1
10007212:	7013      	strb	r3, [r2, #0]
10007214:	7823      	ldrb	r3, [r4, #0]
10007216:	18e4      	adds	r4, r4, r3
10007218:	42b5      	cmp	r5, r6
1000721a:	da19      	bge.n	10007250 <usbd_open_edpt_pair+0x90>
1000721c:	7863      	ldrb	r3, [r4, #1]
1000721e:	2b05      	cmp	r3, #5
10007220:	d108      	bne.n	10007234 <usbd_open_edpt_pair+0x74>
10007222:	78e3      	ldrb	r3, [r4, #3]
10007224:	079b      	lsls	r3, r3, #30
10007226:	0f9b      	lsrs	r3, r3, #30
10007228:	42bb      	cmp	r3, r7
1000722a:	d103      	bne.n	10007234 <usbd_open_edpt_pair+0x74>
1000722c:	4642      	mov	r2, r8
1000722e:	78a3      	ldrb	r3, [r4, #2]
10007230:	421a      	tst	r2, r3
10007232:	d0d8      	beq.n	100071e6 <usbd_open_edpt_pair+0x26>
10007234:	2000      	movs	r0, #0
10007236:	bcf0      	pop	{r4, r5, r6, r7}
10007238:	46bb      	mov	fp, r7
1000723a:	46b2      	mov	sl, r6
1000723c:	46a9      	mov	r9, r5
1000723e:	46a0      	mov	r8, r4
10007240:	bdf8      	pop	{r3, r4, r5, r6, r7, pc}
10007242:	9a0b      	ldr	r2, [sp, #44]	@ 0x2c
10007244:	3501      	adds	r5, #1
10007246:	7013      	strb	r3, [r2, #0]
10007248:	7823      	ldrb	r3, [r4, #0]
1000724a:	18e4      	adds	r4, r4, r3
1000724c:	42b5      	cmp	r5, r6
1000724e:	dbe5      	blt.n	1000721c <usbd_open_edpt_pair+0x5c>
10007250:	2001      	movs	r0, #1
10007252:	e7f0      	b.n	10007236 <usbd_open_edpt_pair+0x76>
10007254:	200010a4 	.word	0x200010a4
10007258:	20001638 	.word	0x20001638

1000725c <usbd_edpt_open>:
1000725c:	2270      	movs	r2, #112	@ 0x70
1000725e:	b570      	push	{r4, r5, r6, lr}
10007260:	788b      	ldrb	r3, [r1, #2]
10007262:	000c      	movs	r4, r1
10007264:	421a      	tst	r2, r3
10007266:	d001      	beq.n	1000726c <usbd_edpt_open+0x10>
10007268:	2000      	movs	r0, #0
1000726a:	bd70      	pop	{r4, r5, r6, pc}
1000726c:	4b06      	ldr	r3, [pc, #24]	@ (10007288 <usbd_edpt_open+0x2c>)
1000726e:	0020      	movs	r0, r4
10007270:	781d      	ldrb	r5, [r3, #0]
10007272:	4b06      	ldr	r3, [pc, #24]	@ (1000728c <usbd_edpt_open+0x30>)
10007274:	7899      	ldrb	r1, [r3, #2]
10007276:	f000 fda9 	bl	10007dcc <tu_edpt_validate>
1000727a:	2800      	cmp	r0, #0
1000727c:	d0f4      	beq.n	10007268 <usbd_edpt_open+0xc>
1000727e:	0021      	movs	r1, r4
10007280:	0028      	movs	r0, r5
10007282:	f7ff f9ed 	bl	10006660 <dcd_edpt_open>
10007286:	e7f0      	b.n	1000726a <usbd_edpt_open+0xe>
10007288:	200010a4 	.word	0x200010a4
1000728c:	20001638 	.word	0x20001638

10007290 <usbd_edpt_claim>:
10007290:	000b      	movs	r3, r1
10007292:	207f      	movs	r0, #127	@ 0x7f
10007294:	b510      	push	{r4, lr}
10007296:	4018      	ands	r0, r3
10007298:	09db      	lsrs	r3, r3, #7
1000729a:	3334      	adds	r3, #52	@ 0x34
1000729c:	0040      	lsls	r0, r0, #1
1000729e:	4a04      	ldr	r2, [pc, #16]	@ (100072b0 <usbd_edpt_claim+0x20>)
100072a0:	18c0      	adds	r0, r0, r3
100072a2:	4b04      	ldr	r3, [pc, #16]	@ (100072b4 <usbd_edpt_claim+0x24>)
100072a4:	6811      	ldr	r1, [r2, #0]
100072a6:	18c0      	adds	r0, r0, r3
100072a8:	f000 fd4c 	bl	10007d44 <tu_edpt_claim>
100072ac:	bd10      	pop	{r4, pc}
100072ae:	46c0      	nop			@ (mov r8, r8)
100072b0:	2000168c 	.word	0x2000168c
100072b4:	20001638 	.word	0x20001638

100072b8 <usbd_edpt_release>:
100072b8:	000b      	movs	r3, r1
100072ba:	207f      	movs	r0, #127	@ 0x7f
100072bc:	b510      	push	{r4, lr}
100072be:	4018      	ands	r0, r3
100072c0:	09db      	lsrs	r3, r3, #7
100072c2:	3334      	adds	r3, #52	@ 0x34
100072c4:	0040      	lsls	r0, r0, #1
100072c6:	4a04      	ldr	r2, [pc, #16]	@ (100072d8 <usbd_edpt_release+0x20>)
100072c8:	18c0      	adds	r0, r0, r3
100072ca:	4b04      	ldr	r3, [pc, #16]	@ (100072dc <usbd_edpt_release+0x24>)
100072cc:	6811      	ldr	r1, [r2, #0]
100072ce:	18c0      	adds	r0, r0, r3
100072d0:	f000 fd60 	bl	10007d94 <tu_edpt_release>
100072d4:	bd10      	pop	{r4, pc}
100072d6:	46c0      	nop			@ (mov r8, r8)
100072d8:	2000168c 	.word	0x2000168c
100072dc:	20001638 	.word	0x20001638

100072e0 <usbd_edpt_xfer>:
100072e0:	b570      	push	{r4, r5, r6, lr}
100072e2:	247f      	movs	r4, #127	@ 0x7f
100072e4:	480f      	ldr	r0, [pc, #60]	@ (10007324 <usbd_edpt_xfer+0x44>)
100072e6:	400c      	ands	r4, r1
100072e8:	0064      	lsls	r4, r4, #1
100072ea:	1904      	adds	r4, r0, r4
100072ec:	09cd      	lsrs	r5, r1, #7
100072ee:	1964      	adds	r4, r4, r5
100072f0:	3430      	adds	r4, #48	@ 0x30
100072f2:	7920      	ldrb	r0, [r4, #4]
100072f4:	07c0      	lsls	r0, r0, #31
100072f6:	d501      	bpl.n	100072fc <usbd_edpt_xfer+0x1c>
100072f8:	2000      	movs	r0, #0
100072fa:	bd70      	pop	{r4, r5, r6, pc}
100072fc:	2601      	movs	r6, #1
100072fe:	7925      	ldrb	r5, [r4, #4]
10007300:	4809      	ldr	r0, [pc, #36]	@ (10007328 <usbd_edpt_xfer+0x48>)
10007302:	4335      	orrs	r5, r6
10007304:	7800      	ldrb	r0, [r0, #0]
10007306:	7125      	strb	r5, [r4, #4]
10007308:	f7ff fa38 	bl	1000677c <dcd_edpt_xfer>
1000730c:	2800      	cmp	r0, #0
1000730e:	d1f4      	bne.n	100072fa <usbd_edpt_xfer+0x1a>
10007310:	2201      	movs	r2, #1
10007312:	7923      	ldrb	r3, [r4, #4]
10007314:	4393      	bics	r3, r2
10007316:	7123      	strb	r3, [r4, #4]
10007318:	7923      	ldrb	r3, [r4, #4]
1000731a:	3203      	adds	r2, #3
1000731c:	4393      	bics	r3, r2
1000731e:	7123      	strb	r3, [r4, #4]
10007320:	e7ea      	b.n	100072f8 <usbd_edpt_xfer+0x18>
10007322:	46c0      	nop			@ (mov r8, r8)
10007324:	20001638 	.word	0x20001638
10007328:	200010a4 	.word	0x200010a4

1000732c <tud_control_status>:
1000732c:	b570      	push	{r4, r5, r6, lr}
1000732e:	4c09      	ldr	r4, [pc, #36]	@ (10007354 <tud_control_status+0x28>)
10007330:	0006      	movs	r6, r0
10007332:	2208      	movs	r2, #8
10007334:	0020      	movs	r0, r4
10007336:	000d      	movs	r5, r1
10007338:	f7fc fe9c 	bl	10004074 <__wrap___aeabi_memcpy>
1000733c:	2300      	movs	r3, #0
1000733e:	2180      	movs	r1, #128	@ 0x80
10007340:	60e3      	str	r3, [r4, #12]
10007342:	60a3      	str	r3, [r4, #8]
10007344:	782b      	ldrb	r3, [r5, #0]
10007346:	0030      	movs	r0, r6
10007348:	4399      	bics	r1, r3
1000734a:	2200      	movs	r2, #0
1000734c:	2300      	movs	r3, #0
1000734e:	f7ff ffc7 	bl	100072e0 <usbd_edpt_xfer>
10007352:	bd70      	pop	{r4, r5, r6, pc}
10007354:	20001618 	.word	0x20001618

10007358 <tud_control_xfer>:
10007358:	b5f8      	push	{r3, r4, r5, r6, r7, lr}
1000735a:	46ce      	mov	lr, r9
1000735c:	4647      	mov	r7, r8
1000735e:	4690      	mov	r8, r2
10007360:	4e25      	ldr	r6, [pc, #148]	@ (100073f8 <tud_control_xfer+0xa0>)
10007362:	b580      	push	{r7, lr}
10007364:	4681      	mov	r9, r0
10007366:	2208      	movs	r2, #8
10007368:	0030      	movs	r0, r6
1000736a:	000d      	movs	r5, r1
1000736c:	001f      	movs	r7, r3
1000736e:	f7fc fe81 	bl	10004074 <__wrap___aeabi_memcpy>
10007372:	4643      	mov	r3, r8
10007374:	60b3      	str	r3, [r6, #8]
10007376:	2300      	movs	r3, #0
10007378:	81f3      	strh	r3, [r6, #14]
1000737a:	79ec      	ldrb	r4, [r5, #7]
1000737c:	79ab      	ldrb	r3, [r5, #6]
1000737e:	0224      	lsls	r4, r4, #8
10007380:	431c      	orrs	r4, r3
10007382:	1c23      	adds	r3, r4, #0
10007384:	42bc      	cmp	r4, r7
10007386:	d900      	bls.n	1000738a <tud_control_xfer+0x32>
10007388:	1c3b      	adds	r3, r7, #0
1000738a:	b29f      	uxth	r7, r3
1000738c:	81b3      	strh	r3, [r6, #12]
1000738e:	2c00      	cmp	r4, #0
10007390:	d00d      	beq.n	100073ae <tud_control_xfer+0x56>
10007392:	2f00      	cmp	r7, #0
10007394:	d017      	beq.n	100073c6 <tud_control_xfer+0x6e>
10007396:	4642      	mov	r2, r8
10007398:	2a00      	cmp	r2, #0
1000739a:	d02b      	beq.n	100073f4 <tud_control_xfer+0x9c>
1000739c:	2f40      	cmp	r7, #64	@ 0x40
1000739e:	d81b      	bhi.n	100073d8 <tud_control_xfer+0x80>
100073a0:	b29f      	uxth	r7, r3
100073a2:	7833      	ldrb	r3, [r6, #0]
100073a4:	2b7f      	cmp	r3, #127	@ 0x7f
100073a6:	d81c      	bhi.n	100073e2 <tud_control_xfer+0x8a>
100073a8:	2100      	movs	r1, #0
100073aa:	4a14      	ldr	r2, [pc, #80]	@ (100073fc <tud_control_xfer+0xa4>)
100073ac:	e00f      	b.n	100073ce <tud_control_xfer+0x76>
100073ae:	2180      	movs	r1, #128	@ 0x80
100073b0:	782b      	ldrb	r3, [r5, #0]
100073b2:	2200      	movs	r2, #0
100073b4:	4399      	bics	r1, r3
100073b6:	4648      	mov	r0, r9
100073b8:	2300      	movs	r3, #0
100073ba:	f7ff ff91 	bl	100072e0 <usbd_edpt_xfer>
100073be:	bcc0      	pop	{r6, r7}
100073c0:	46b9      	mov	r9, r7
100073c2:	46b0      	mov	r8, r6
100073c4:	bdf8      	pop	{r3, r4, r5, r6, r7, pc}
100073c6:	237f      	movs	r3, #127	@ 0x7f
100073c8:	2200      	movs	r2, #0
100073ca:	7831      	ldrb	r1, [r6, #0]
100073cc:	4399      	bics	r1, r3
100073ce:	003b      	movs	r3, r7
100073d0:	4648      	mov	r0, r9
100073d2:	f7ff ff85 	bl	100072e0 <usbd_edpt_xfer>
100073d6:	e7f2      	b.n	100073be <tud_control_xfer+0x66>
100073d8:	2340      	movs	r3, #64	@ 0x40
100073da:	b29f      	uxth	r7, r3
100073dc:	7833      	ldrb	r3, [r6, #0]
100073de:	2b7f      	cmp	r3, #127	@ 0x7f
100073e0:	d9e2      	bls.n	100073a8 <tud_control_xfer+0x50>
100073e2:	4c06      	ldr	r4, [pc, #24]	@ (100073fc <tud_control_xfer+0xa4>)
100073e4:	003a      	movs	r2, r7
100073e6:	4641      	mov	r1, r8
100073e8:	0020      	movs	r0, r4
100073ea:	f7fc fe43 	bl	10004074 <__wrap___aeabi_memcpy>
100073ee:	2180      	movs	r1, #128	@ 0x80
100073f0:	0022      	movs	r2, r4
100073f2:	e7ec      	b.n	100073ce <tud_control_xfer+0x76>
100073f4:	2000      	movs	r0, #0
100073f6:	e7e2      	b.n	100073be <tud_control_xfer+0x66>
100073f8:	20001618 	.word	0x20001618
100073fc:	200015d8 	.word	0x200015d8

10007400 <usbd_control_reset>:
10007400:	b510      	push	{r4, lr}
10007402:	2214      	movs	r2, #20
10007404:	2100      	movs	r1, #0
10007406:	4802      	ldr	r0, [pc, #8]	@ (10007410 <usbd_control_reset+0x10>)
10007408:	f7fc fe2e 	bl	10004068 <__wrap_memset>
1000740c:	bd10      	pop	{r4, pc}
1000740e:	46c0      	nop			@ (mov r8, r8)
10007410:	20001618 	.word	0x20001618

10007414 <usbd_control_set_complete_callback>:
10007414:	4b01      	ldr	r3, [pc, #4]	@ (1000741c <usbd_control_set_complete_callback+0x8>)
10007416:	6118      	str	r0, [r3, #16]
10007418:	4770      	bx	lr
1000741a:	46c0      	nop			@ (mov r8, r8)
1000741c:	20001618 	.word	0x20001618

10007420 <usbd_control_set_request>:
10007420:	b510      	push	{r4, lr}
10007422:	4c05      	ldr	r4, [pc, #20]	@ (10007438 <usbd_control_set_request+0x18>)
10007424:	0001      	movs	r1, r0
10007426:	2208      	movs	r2, #8
10007428:	0020      	movs	r0, r4
1000742a:	f7fc fe23 	bl	10004074 <__wrap___aeabi_memcpy>
1000742e:	2300      	movs	r3, #0
10007430:	60a3      	str	r3, [r4, #8]
10007432:	60e3      	str	r3, [r4, #12]
10007434:	bd10      	pop	{r4, pc}
10007436:	46c0      	nop			@ (mov r8, r8)
10007438:	20001618 	.word	0x20001618

1000743c <usbd_control_xfer_cb>:
1000743c:	b570      	push	{r4, r5, r6, lr}
1000743e:	4c38      	ldr	r4, [pc, #224]	@ (10007520 <usbd_control_xfer_cb+0xe4>)
10007440:	001d      	movs	r5, r3
10007442:	7823      	ldrb	r3, [r4, #0]
10007444:	0006      	movs	r6, r0
10007446:	09da      	lsrs	r2, r3, #7
10007448:	09c9      	lsrs	r1, r1, #7
1000744a:	428a      	cmp	r2, r1
1000744c:	d010      	beq.n	10007470 <usbd_control_xfer_cb+0x34>
1000744e:	2000      	movs	r0, #0
10007450:	2d00      	cmp	r5, #0
10007452:	d000      	beq.n	10007456 <usbd_control_xfer_cb+0x1a>
10007454:	bd70      	pop	{r4, r5, r6, pc}
10007456:	0021      	movs	r1, r4
10007458:	0030      	movs	r0, r6
1000745a:	f7ff f8f3 	bl	10006644 <dcd_edpt0_status_complete>
1000745e:	6923      	ldr	r3, [r4, #16]
10007460:	2b00      	cmp	r3, #0
10007462:	d003      	beq.n	1000746c <usbd_control_xfer_cb+0x30>
10007464:	0022      	movs	r2, r4
10007466:	2103      	movs	r1, #3
10007468:	0030      	movs	r0, r6
1000746a:	4798      	blx	r3
1000746c:	2001      	movs	r0, #1
1000746e:	e7f1      	b.n	10007454 <usbd_control_xfer_cb+0x18>
10007470:	2b7f      	cmp	r3, #127	@ 0x7f
10007472:	d806      	bhi.n	10007482 <usbd_control_xfer_cb+0x46>
10007474:	68a0      	ldr	r0, [r4, #8]
10007476:	2800      	cmp	r0, #0
10007478:	d034      	beq.n	100074e4 <usbd_control_xfer_cb+0xa8>
1000747a:	002a      	movs	r2, r5
1000747c:	4929      	ldr	r1, [pc, #164]	@ (10007524 <usbd_control_xfer_cb+0xe8>)
1000747e:	f7fc fdf9 	bl	10004074 <__wrap___aeabi_memcpy>
10007482:	89e2      	ldrh	r2, [r4, #14]
10007484:	68a1      	ldr	r1, [r4, #8]
10007486:	1952      	adds	r2, r2, r5
10007488:	88e3      	ldrh	r3, [r4, #6]
1000748a:	b292      	uxth	r2, r2
1000748c:	1949      	adds	r1, r1, r5
1000748e:	81e2      	strh	r2, [r4, #14]
10007490:	60a1      	str	r1, [r4, #8]
10007492:	4293      	cmp	r3, r2
10007494:	d014      	beq.n	100074c0 <usbd_control_xfer_cb+0x84>
10007496:	2d3f      	cmp	r5, #63	@ 0x3f
10007498:	d912      	bls.n	100074c0 <usbd_control_xfer_cb+0x84>
1000749a:	89a3      	ldrh	r3, [r4, #12]
1000749c:	1a98      	subs	r0, r3, r2
1000749e:	1c05      	adds	r5, r0, #0
100074a0:	b280      	uxth	r0, r0
100074a2:	2840      	cmp	r0, #64	@ 0x40
100074a4:	d82a      	bhi.n	100074fc <usbd_control_xfer_cb+0xc0>
100074a6:	7820      	ldrb	r0, [r4, #0]
100074a8:	b2ad      	uxth	r5, r5
100074aa:	287f      	cmp	r0, #127	@ 0x7f
100074ac:	d828      	bhi.n	10007500 <usbd_control_xfer_cb+0xc4>
100074ae:	2100      	movs	r1, #0
100074b0:	429a      	cmp	r2, r3
100074b2:	d032      	beq.n	1000751a <usbd_control_xfer_cb+0xde>
100074b4:	4a1b      	ldr	r2, [pc, #108]	@ (10007524 <usbd_control_xfer_cb+0xe8>)
100074b6:	002b      	movs	r3, r5
100074b8:	0030      	movs	r0, r6
100074ba:	f7ff ff11 	bl	100072e0 <usbd_edpt_xfer>
100074be:	e7c9      	b.n	10007454 <usbd_control_xfer_cb+0x18>
100074c0:	6923      	ldr	r3, [r4, #16]
100074c2:	2b00      	cmp	r3, #0
100074c4:	d005      	beq.n	100074d2 <usbd_control_xfer_cb+0x96>
100074c6:	0022      	movs	r2, r4
100074c8:	2102      	movs	r1, #2
100074ca:	0030      	movs	r0, r6
100074cc:	4798      	blx	r3
100074ce:	2800      	cmp	r0, #0
100074d0:	d00a      	beq.n	100074e8 <usbd_control_xfer_cb+0xac>
100074d2:	2180      	movs	r1, #128	@ 0x80
100074d4:	7823      	ldrb	r3, [r4, #0]
100074d6:	2200      	movs	r2, #0
100074d8:	4399      	bics	r1, r3
100074da:	0030      	movs	r0, r6
100074dc:	2300      	movs	r3, #0
100074de:	f7ff feff 	bl	100072e0 <usbd_edpt_xfer>
100074e2:	e7b7      	b.n	10007454 <usbd_control_xfer_cb+0x18>
100074e4:	2000      	movs	r0, #0
100074e6:	e7b5      	b.n	10007454 <usbd_control_xfer_cb+0x18>
100074e8:	2100      	movs	r1, #0
100074ea:	0030      	movs	r0, r6
100074ec:	f7ff f958 	bl	100067a0 <dcd_edpt_stall>
100074f0:	0030      	movs	r0, r6
100074f2:	2180      	movs	r1, #128	@ 0x80
100074f4:	f7ff f954 	bl	100067a0 <dcd_edpt_stall>
100074f8:	2001      	movs	r0, #1
100074fa:	e7ab      	b.n	10007454 <usbd_control_xfer_cb+0x18>
100074fc:	2540      	movs	r5, #64	@ 0x40
100074fe:	e7d2      	b.n	100074a6 <usbd_control_xfer_cb+0x6a>
10007500:	429a      	cmp	r2, r3
10007502:	d007      	beq.n	10007514 <usbd_control_xfer_cb+0xd8>
10007504:	4c07      	ldr	r4, [pc, #28]	@ (10007524 <usbd_control_xfer_cb+0xe8>)
10007506:	002a      	movs	r2, r5
10007508:	0020      	movs	r0, r4
1000750a:	f7fc fdb3 	bl	10004074 <__wrap___aeabi_memcpy>
1000750e:	2180      	movs	r1, #128	@ 0x80
10007510:	0022      	movs	r2, r4
10007512:	e7d0      	b.n	100074b6 <usbd_control_xfer_cb+0x7a>
10007514:	2180      	movs	r1, #128	@ 0x80
10007516:	2200      	movs	r2, #0
10007518:	e7cd      	b.n	100074b6 <usbd_control_xfer_cb+0x7a>
1000751a:	2200      	movs	r2, #0
1000751c:	e7cb      	b.n	100074b6 <usbd_control_xfer_cb+0x7a>
1000751e:	46c0      	nop			@ (mov r8, r8)
10007520:	20001618 	.word	0x20001618
10007524:	200015d8 	.word	0x200015d8

10007528 <_prep_out_transaction.isra.0>:
10007528:	b570      	push	{r4, r5, r6, lr}
1000752a:	0004      	movs	r4, r0
1000752c:	f7ff f9be 	bl	100068ac <tud_mounted>
10007530:	2800      	cmp	r0, #0
10007532:	d100      	bne.n	10007536 <_prep_out_transaction.isra.0+0xe>
10007534:	bd70      	pop	{r4, r5, r6, pc}
10007536:	f7ff f9c1 	bl	100068bc <tud_suspended>
1000753a:	2800      	cmp	r0, #0
1000753c:	d1fa      	bne.n	10007534 <_prep_out_transaction.isra.0+0xc>
1000753e:	23c8      	movs	r3, #200	@ 0xc8
10007540:	4363      	muls	r3, r4
10007542:	4d12      	ldr	r5, [pc, #72]	@ (1000758c <_prep_out_transaction.isra.0+0x64>)
10007544:	18ee      	adds	r6, r5, r3
10007546:	78f1      	ldrb	r1, [r6, #3]
10007548:	2900      	cmp	r1, #0
1000754a:	d0f3      	beq.n	10007534 <_prep_out_transaction.isra.0+0xc>
1000754c:	3310      	adds	r3, #16
1000754e:	195d      	adds	r5, r3, r5
10007550:	0028      	movs	r0, r5
10007552:	f000 fdf3 	bl	1000813c <tu_fifo_remaining>
10007556:	283f      	cmp	r0, #63	@ 0x3f
10007558:	d9ec      	bls.n	10007534 <_prep_out_transaction.isra.0+0xc>
1000755a:	2000      	movs	r0, #0
1000755c:	78f1      	ldrb	r1, [r6, #3]
1000755e:	f7ff fe97 	bl	10007290 <usbd_edpt_claim>
10007562:	2800      	cmp	r0, #0
10007564:	d0e6      	beq.n	10007534 <_prep_out_transaction.isra.0+0xc>
10007566:	0028      	movs	r0, r5
10007568:	f000 fde8 	bl	1000813c <tu_fifo_remaining>
1000756c:	78f1      	ldrb	r1, [r6, #3]
1000756e:	283f      	cmp	r0, #63	@ 0x3f
10007570:	d907      	bls.n	10007582 <_prep_out_transaction.isra.0+0x5a>
10007572:	4b07      	ldr	r3, [pc, #28]	@ (10007590 <_prep_out_transaction.isra.0+0x68>)
10007574:	01e2      	lsls	r2, r4, #7
10007576:	18d2      	adds	r2, r2, r3
10007578:	2000      	movs	r0, #0
1000757a:	2340      	movs	r3, #64	@ 0x40
1000757c:	f7ff feb0 	bl	100072e0 <usbd_edpt_xfer>
10007580:	e7d8      	b.n	10007534 <_prep_out_transaction.isra.0+0xc>
10007582:	2000      	movs	r0, #0
10007584:	f7ff fe98 	bl	100072b8 <usbd_edpt_release>
10007588:	e7d4      	b.n	10007534 <_prep_out_transaction.isra.0+0xc>
1000758a:	46c0      	nop			@ (mov r8, r8)
1000758c:	20001510 	.word	0x20001510
10007590:	2000148c 	.word	0x2000148c

10007594 <tud_cdc_n_connected>:
10007594:	b510      	push	{r4, lr}
10007596:	0004      	movs	r4, r0
10007598:	f7ff f988 	bl	100068ac <tud_mounted>
1000759c:	2800      	cmp	r0, #0
1000759e:	d101      	bne.n	100075a4 <tud_cdc_n_connected+0x10>
100075a0:	2000      	movs	r0, #0
100075a2:	bd10      	pop	{r4, pc}
100075a4:	f7ff f98a 	bl	100068bc <tud_suspended>
100075a8:	2800      	cmp	r0, #0
100075aa:	d1f9      	bne.n	100075a0 <tud_cdc_n_connected+0xc>
100075ac:	22c8      	movs	r2, #200	@ 0xc8
100075ae:	4362      	muls	r2, r4
100075b0:	4b02      	ldr	r3, [pc, #8]	@ (100075bc <tud_cdc_n_connected+0x28>)
100075b2:	3001      	adds	r0, #1
100075b4:	189b      	adds	r3, r3, r2
100075b6:	791b      	ldrb	r3, [r3, #4]
100075b8:	4018      	ands	r0, r3
100075ba:	e7f2      	b.n	100075a2 <tud_cdc_n_connected+0xe>
100075bc:	20001510 	.word	0x20001510

100075c0 <tud_cdc_n_available>:
100075c0:	23c8      	movs	r3, #200	@ 0xc8
100075c2:	b510      	push	{r4, lr}
100075c4:	4343      	muls	r3, r0
100075c6:	4802      	ldr	r0, [pc, #8]	@ (100075d0 <tud_cdc_n_available+0x10>)
100075c8:	1818      	adds	r0, r3, r0
100075ca:	f000 fd99 	bl	10008100 <tu_fifo_count>
100075ce:	bd10      	pop	{r4, pc}
100075d0:	20001520 	.word	0x20001520

100075d4 <tud_cdc_n_read>:
100075d4:	b5f8      	push	{r3, r4, r5, r6, r7, lr}
100075d6:	24c8      	movs	r4, #200	@ 0xc8
100075d8:	2380      	movs	r3, #128	@ 0x80
100075da:	4344      	muls	r4, r0
100075dc:	4f1c      	ldr	r7, [pc, #112]	@ (10007650 <tud_cdc_n_read+0x7c>)
100075de:	3410      	adds	r4, #16
100075e0:	0005      	movs	r5, r0
100075e2:	193c      	adds	r4, r7, r4
100075e4:	025b      	lsls	r3, r3, #9
100075e6:	429a      	cmp	r2, r3
100075e8:	d300      	bcc.n	100075ec <tud_cdc_n_read+0x18>
100075ea:	4a1a      	ldr	r2, [pc, #104]	@ (10007654 <tud_cdc_n_read+0x80>)
100075ec:	0020      	movs	r0, r4
100075ee:	b292      	uxth	r2, r2
100075f0:	f000 fe08 	bl	10008204 <tu_fifo_read_n>
100075f4:	0006      	movs	r6, r0
100075f6:	f7ff f959 	bl	100068ac <tud_mounted>
100075fa:	2800      	cmp	r0, #0
100075fc:	d101      	bne.n	10007602 <tud_cdc_n_read+0x2e>
100075fe:	0030      	movs	r0, r6
10007600:	bdf8      	pop	{r3, r4, r5, r6, r7, pc}
10007602:	f7ff f95b 	bl	100068bc <tud_suspended>
10007606:	2800      	cmp	r0, #0
10007608:	d1f9      	bne.n	100075fe <tud_cdc_n_read+0x2a>
1000760a:	23c8      	movs	r3, #200	@ 0xc8
1000760c:	436b      	muls	r3, r5
1000760e:	18ff      	adds	r7, r7, r3
10007610:	78fb      	ldrb	r3, [r7, #3]
10007612:	2b00      	cmp	r3, #0
10007614:	d0f3      	beq.n	100075fe <tud_cdc_n_read+0x2a>
10007616:	0020      	movs	r0, r4
10007618:	f000 fd90 	bl	1000813c <tu_fifo_remaining>
1000761c:	283f      	cmp	r0, #63	@ 0x3f
1000761e:	d9ee      	bls.n	100075fe <tud_cdc_n_read+0x2a>
10007620:	2000      	movs	r0, #0
10007622:	78f9      	ldrb	r1, [r7, #3]
10007624:	f7ff fe34 	bl	10007290 <usbd_edpt_claim>
10007628:	2800      	cmp	r0, #0
1000762a:	d0e8      	beq.n	100075fe <tud_cdc_n_read+0x2a>
1000762c:	0020      	movs	r0, r4
1000762e:	f000 fd85 	bl	1000813c <tu_fifo_remaining>
10007632:	78f9      	ldrb	r1, [r7, #3]
10007634:	283f      	cmp	r0, #63	@ 0x3f
10007636:	d907      	bls.n	10007648 <tud_cdc_n_read+0x74>
10007638:	4b07      	ldr	r3, [pc, #28]	@ (10007658 <tud_cdc_n_read+0x84>)
1000763a:	01ea      	lsls	r2, r5, #7
1000763c:	18d2      	adds	r2, r2, r3
1000763e:	2000      	movs	r0, #0
10007640:	2340      	movs	r3, #64	@ 0x40
10007642:	f7ff fe4d 	bl	100072e0 <usbd_edpt_xfer>
10007646:	e7da      	b.n	100075fe <tud_cdc_n_read+0x2a>
10007648:	2000      	movs	r0, #0
1000764a:	f7ff fe35 	bl	100072b8 <usbd_edpt_release>
1000764e:	e7d6      	b.n	100075fe <tud_cdc_n_read+0x2a>
10007650:	20001510 	.word	0x20001510
10007654:	0000ffff 	.word	0x0000ffff
10007658:	2000148c 	.word	0x2000148c

1000765c <tud_cdc_n_write_flush>:
1000765c:	b5f8      	push	{r3, r4, r5, r6, r7, lr}
1000765e:	0004      	movs	r4, r0
10007660:	f7ff f924 	bl	100068ac <tud_mounted>
10007664:	2800      	cmp	r0, #0
10007666:	d101      	bne.n	1000766c <tud_cdc_n_write_flush+0x10>
10007668:	2000      	movs	r0, #0
1000766a:	bdf8      	pop	{r3, r4, r5, r6, r7, pc}
1000766c:	f7ff f926 	bl	100068bc <tud_suspended>
10007670:	2800      	cmp	r0, #0
10007672:	d1f9      	bne.n	10007668 <tud_cdc_n_write_flush+0xc>
10007674:	25c8      	movs	r5, #200	@ 0xc8
10007676:	4365      	muls	r5, r4
10007678:	002e      	movs	r6, r5
1000767a:	4f13      	ldr	r7, [pc, #76]	@ (100076c8 <tud_cdc_n_write_flush+0x6c>)
1000767c:	3624      	adds	r6, #36	@ 0x24
1000767e:	19f6      	adds	r6, r6, r7
10007680:	0030      	movs	r0, r6
10007682:	f000 fd3d 	bl	10008100 <tu_fifo_count>
10007686:	2800      	cmp	r0, #0
10007688:	d0ee      	beq.n	10007668 <tud_cdc_n_write_flush+0xc>
1000768a:	197f      	adds	r7, r7, r5
1000768c:	2000      	movs	r0, #0
1000768e:	78b9      	ldrb	r1, [r7, #2]
10007690:	f7ff fdfe 	bl	10007290 <usbd_edpt_claim>
10007694:	2800      	cmp	r0, #0
10007696:	d0e7      	beq.n	10007668 <tud_cdc_n_write_flush+0xc>
10007698:	4d0c      	ldr	r5, [pc, #48]	@ (100076cc <tud_cdc_n_write_flush+0x70>)
1000769a:	01e4      	lsls	r4, r4, #7
1000769c:	1965      	adds	r5, r4, r5
1000769e:	0029      	movs	r1, r5
100076a0:	2240      	movs	r2, #64	@ 0x40
100076a2:	0030      	movs	r0, r6
100076a4:	f000 fdae 	bl	10008204 <tu_fifo_read_n>
100076a8:	78b9      	ldrb	r1, [r7, #2]
100076aa:	1e04      	subs	r4, r0, #0
100076ac:	d008      	beq.n	100076c0 <tud_cdc_n_write_flush+0x64>
100076ae:	0003      	movs	r3, r0
100076b0:	002a      	movs	r2, r5
100076b2:	2000      	movs	r0, #0
100076b4:	f7ff fe14 	bl	100072e0 <usbd_edpt_xfer>
100076b8:	2800      	cmp	r0, #0
100076ba:	d0d5      	beq.n	10007668 <tud_cdc_n_write_flush+0xc>
100076bc:	0020      	movs	r0, r4
100076be:	e7d4      	b.n	1000766a <tud_cdc_n_write_flush+0xe>
100076c0:	2000      	movs	r0, #0
100076c2:	f7ff fdf9 	bl	100072b8 <usbd_edpt_release>
100076c6:	e7cf      	b.n	10007668 <tud_cdc_n_write_flush+0xc>
100076c8:	20001510 	.word	0x20001510
100076cc:	200014cc 	.word	0x200014cc

100076d0 <tud_cdc_n_write>:
100076d0:	b570      	push	{r4, r5, r6, lr}
100076d2:	24c8      	movs	r4, #200	@ 0xc8
100076d4:	4344      	muls	r4, r0
100076d6:	4b0c      	ldr	r3, [pc, #48]	@ (10007708 <tud_cdc_n_write+0x38>)
100076d8:	0005      	movs	r5, r0
100076da:	18e4      	adds	r4, r4, r3
100076dc:	2380      	movs	r3, #128	@ 0x80
100076de:	025b      	lsls	r3, r3, #9
100076e0:	429a      	cmp	r2, r3
100076e2:	d300      	bcc.n	100076e6 <tud_cdc_n_write+0x16>
100076e4:	4a09      	ldr	r2, [pc, #36]	@ (1000770c <tud_cdc_n_write+0x3c>)
100076e6:	0020      	movs	r0, r4
100076e8:	b292      	uxth	r2, r2
100076ea:	f000 fe51 	bl	10008390 <tu_fifo_write_n>
100076ee:	0006      	movs	r6, r0
100076f0:	0020      	movs	r0, r4
100076f2:	f000 fd05 	bl	10008100 <tu_fifo_count>
100076f6:	283f      	cmp	r0, #63	@ 0x3f
100076f8:	d801      	bhi.n	100076fe <tud_cdc_n_write+0x2e>
100076fa:	0030      	movs	r0, r6
100076fc:	bd70      	pop	{r4, r5, r6, pc}
100076fe:	0028      	movs	r0, r5
10007700:	f7ff ffac 	bl	1000765c <tud_cdc_n_write_flush>
10007704:	e7f9      	b.n	100076fa <tud_cdc_n_write+0x2a>
10007706:	46c0      	nop			@ (mov r8, r8)
10007708:	20001534 	.word	0x20001534
1000770c:	0000ffff 	.word	0x0000ffff

10007710 <tud_cdc_n_write_available>:
10007710:	23c8      	movs	r3, #200	@ 0xc8
10007712:	b510      	push	{r4, lr}
10007714:	4343      	muls	r3, r0
10007716:	4802      	ldr	r0, [pc, #8]	@ (10007720 <tud_cdc_n_write_available+0x10>)
10007718:	1818      	adds	r0, r3, r0
1000771a:	f000 fd0f 	bl	1000813c <tu_fifo_remaining>
1000771e:	bd10      	pop	{r4, pc}
10007720:	20001534 	.word	0x20001534

10007724 <cdcd_init>:
10007724:	b5f0      	push	{r4, r5, r6, r7, lr}
10007726:	2500      	movs	r5, #0
10007728:	4c18      	ldr	r4, [pc, #96]	@ (1000778c <cdcd_init+0x68>)
1000772a:	b083      	sub	sp, #12
1000772c:	22c8      	movs	r2, #200	@ 0xc8
1000772e:	2100      	movs	r1, #0
10007730:	0020      	movs	r0, r4
10007732:	f7fc fc99 	bl	10004068 <__wrap_memset>
10007736:	4b16      	ldr	r3, [pc, #88]	@ (10007790 <cdcd_init+0x6c>)
10007738:	0021      	movs	r1, r4
1000773a:	701d      	strb	r5, [r3, #0]
1000773c:	23ff      	movs	r3, #255	@ 0xff
1000773e:	7163      	strb	r3, [r4, #5]
10007740:	23e1      	movs	r3, #225	@ 0xe1
10007742:	025b      	lsls	r3, r3, #9
10007744:	60a3      	str	r3, [r4, #8]
10007746:	0020      	movs	r0, r4
10007748:	2308      	movs	r3, #8
1000774a:	2240      	movs	r2, #64	@ 0x40
1000774c:	73a3      	strb	r3, [r4, #14]
1000774e:	3138      	adds	r1, #56	@ 0x38
10007750:	9500      	str	r5, [sp, #0]
10007752:	3b07      	subs	r3, #7
10007754:	3010      	adds	r0, #16
10007756:	f000 fc9d 	bl	10008094 <tu_fifo_config>
1000775a:	0027      	movs	r7, r4
1000775c:	2301      	movs	r3, #1
1000775e:	0021      	movs	r1, r4
10007760:	0020      	movs	r0, r4
10007762:	0026      	movs	r6, r4
10007764:	2240      	movs	r2, #64	@ 0x40
10007766:	3178      	adds	r1, #120	@ 0x78
10007768:	9300      	str	r3, [sp, #0]
1000776a:	37b8      	adds	r7, #184	@ 0xb8
1000776c:	3024      	adds	r0, #36	@ 0x24
1000776e:	f000 fc91 	bl	10008094 <tu_fifo_config>
10007772:	36c0      	adds	r6, #192	@ 0xc0
10007774:	0038      	movs	r0, r7
10007776:	f7fa fd2f 	bl	100021d8 <mutex_init>
1000777a:	0030      	movs	r0, r6
1000777c:	f7fa fd2c 	bl	100021d8 <mutex_init>
10007780:	61e5      	str	r5, [r4, #28]
10007782:	6227      	str	r7, [r4, #32]
10007784:	6326      	str	r6, [r4, #48]	@ 0x30
10007786:	6365      	str	r5, [r4, #52]	@ 0x34
10007788:	b003      	add	sp, #12
1000778a:	bdf0      	pop	{r4, r5, r6, r7, pc}
1000778c:	20001510 	.word	0x20001510
10007790:	2000150c 	.word	0x2000150c

10007794 <cdcd_deinit>:
10007794:	4a0a      	ldr	r2, [pc, #40]	@ (100077c0 <cdcd_deinit+0x2c>)
10007796:	6b11      	ldr	r1, [r2, #48]	@ 0x30
10007798:	6a13      	ldr	r3, [r2, #32]
1000779a:	2900      	cmp	r1, #0
1000779c:	d00c      	beq.n	100077b8 <cdcd_deinit+0x24>
1000779e:	2b00      	cmp	r3, #0
100077a0:	d007      	beq.n	100077b2 <cdcd_deinit+0x1e>
100077a2:	2300      	movs	r3, #0
100077a4:	61d3      	str	r3, [r2, #28]
100077a6:	6353      	str	r3, [r2, #52]	@ 0x34
100077a8:	6313      	str	r3, [r2, #48]	@ 0x30
100077aa:	2300      	movs	r3, #0
100077ac:	6213      	str	r3, [r2, #32]
100077ae:	2001      	movs	r0, #1
100077b0:	4770      	bx	lr
100077b2:	6353      	str	r3, [r2, #52]	@ 0x34
100077b4:	6313      	str	r3, [r2, #48]	@ 0x30
100077b6:	e7fa      	b.n	100077ae <cdcd_deinit+0x1a>
100077b8:	2b00      	cmp	r3, #0
100077ba:	d0f8      	beq.n	100077ae <cdcd_deinit+0x1a>
100077bc:	61d1      	str	r1, [r2, #28]
100077be:	e7f4      	b.n	100077aa <cdcd_deinit+0x16>
100077c0:	20001510 	.word	0x20001510

100077c4 <cdcd_reset>:
100077c4:	b570      	push	{r4, r5, r6, lr}
100077c6:	4c0f      	ldr	r4, [pc, #60]	@ (10007804 <cdcd_reset+0x40>)
100077c8:	2205      	movs	r2, #5
100077ca:	2100      	movs	r1, #0
100077cc:	0020      	movs	r0, r4
100077ce:	f7fc fc4b 	bl	10004068 <__wrap_memset>
100077d2:	4d0d      	ldr	r5, [pc, #52]	@ (10007808 <cdcd_reset+0x44>)
100077d4:	782b      	ldrb	r3, [r5, #0]
100077d6:	07da      	lsls	r2, r3, #31
100077d8:	d507      	bpl.n	100077ea <cdcd_reset+0x26>
100077da:	4c0c      	ldr	r4, [pc, #48]	@ (1000780c <cdcd_reset+0x48>)
100077dc:	079b      	lsls	r3, r3, #30
100077de:	d50c      	bpl.n	100077fa <cdcd_reset+0x36>
100077e0:	2101      	movs	r1, #1
100077e2:	0020      	movs	r0, r4
100077e4:	f000 feb0 	bl	10008548 <tu_fifo_set_overwritable>
100077e8:	bd70      	pop	{r4, r5, r6, pc}
100077ea:	0020      	movs	r0, r4
100077ec:	3010      	adds	r0, #16
100077ee:	f000 fe8b 	bl	10008508 <tu_fifo_clear>
100077f2:	782b      	ldrb	r3, [r5, #0]
100077f4:	4c05      	ldr	r4, [pc, #20]	@ (1000780c <cdcd_reset+0x48>)
100077f6:	079b      	lsls	r3, r3, #30
100077f8:	d4f2      	bmi.n	100077e0 <cdcd_reset+0x1c>
100077fa:	0020      	movs	r0, r4
100077fc:	f000 fe84 	bl	10008508 <tu_fifo_clear>
10007800:	e7ee      	b.n	100077e0 <cdcd_reset+0x1c>
10007802:	46c0      	nop			@ (mov r8, r8)
10007804:	20001510 	.word	0x20001510
10007808:	2000150c 	.word	0x2000150c
1000780c:	20001534 	.word	0x20001534

10007810 <cdcd_open>:
10007810:	b5f0      	push	{r4, r5, r6, r7, lr}
10007812:	794b      	ldrb	r3, [r1, #5]
10007814:	0006      	movs	r6, r0
10007816:	b083      	sub	sp, #12
10007818:	2b02      	cmp	r3, #2
1000781a:	d102      	bne.n	10007822 <cdcd_open+0x12>
1000781c:	798b      	ldrb	r3, [r1, #6]
1000781e:	2b02      	cmp	r3, #2
10007820:	d003      	beq.n	1000782a <cdcd_open+0x1a>
10007822:	2500      	movs	r5, #0
10007824:	0028      	movs	r0, r5
10007826:	b003      	add	sp, #12
10007828:	bdf0      	pop	{r4, r5, r6, r7, pc}
1000782a:	4f20      	ldr	r7, [pc, #128]	@ (100078ac <cdcd_open+0x9c>)
1000782c:	78bb      	ldrb	r3, [r7, #2]
1000782e:	2b00      	cmp	r3, #0
10007830:	d1f7      	bne.n	10007822 <cdcd_open+0x12>
10007832:	788b      	ldrb	r3, [r1, #2]
10007834:	2509      	movs	r5, #9
10007836:	703b      	strb	r3, [r7, #0]
10007838:	780c      	ldrb	r4, [r1, #0]
1000783a:	190c      	adds	r4, r1, r4
1000783c:	7863      	ldrb	r3, [r4, #1]
1000783e:	2b24      	cmp	r3, #36	@ 0x24
10007840:	d007      	beq.n	10007852 <cdcd_open+0x42>
10007842:	e00c      	b.n	1000785e <cdcd_open+0x4e>
10007844:	7823      	ldrb	r3, [r4, #0]
10007846:	18e4      	adds	r4, r4, r3
10007848:	195d      	adds	r5, r3, r5
1000784a:	7863      	ldrb	r3, [r4, #1]
1000784c:	b2ad      	uxth	r5, r5
1000784e:	2b24      	cmp	r3, #36	@ 0x24
10007850:	d105      	bne.n	1000785e <cdcd_open+0x4e>
10007852:	4295      	cmp	r5, r2
10007854:	d9f6      	bls.n	10007844 <cdcd_open+0x34>
10007856:	2000      	movs	r0, #0
10007858:	f7ff fe66 	bl	10007528 <_prep_out_transaction.isra.0>
1000785c:	e7e2      	b.n	10007824 <cdcd_open+0x14>
1000785e:	001a      	movs	r2, r3
10007860:	2b05      	cmp	r3, #5
10007862:	d015      	beq.n	10007890 <cdcd_open+0x80>
10007864:	2a04      	cmp	r2, #4
10007866:	d1f6      	bne.n	10007856 <cdcd_open+0x46>
10007868:	7963      	ldrb	r3, [r4, #5]
1000786a:	2b0a      	cmp	r3, #10
1000786c:	d1f3      	bne.n	10007856 <cdcd_open+0x46>
1000786e:	4b10      	ldr	r3, [pc, #64]	@ (100078b0 <cdcd_open+0xa0>)
10007870:	7827      	ldrb	r7, [r4, #0]
10007872:	9301      	str	r3, [sp, #4]
10007874:	3301      	adds	r3, #1
10007876:	9300      	str	r3, [sp, #0]
10007878:	0030      	movs	r0, r6
1000787a:	2302      	movs	r3, #2
1000787c:	19e1      	adds	r1, r4, r7
1000787e:	3a02      	subs	r2, #2
10007880:	f7ff fc9e 	bl	100071c0 <usbd_open_edpt_pair>
10007884:	2800      	cmp	r0, #0
10007886:	d0cc      	beq.n	10007822 <cdcd_open+0x12>
10007888:	350e      	adds	r5, #14
1000788a:	19ed      	adds	r5, r5, r7
1000788c:	b2ad      	uxth	r5, r5
1000788e:	e7e2      	b.n	10007856 <cdcd_open+0x46>
10007890:	0021      	movs	r1, r4
10007892:	0030      	movs	r0, r6
10007894:	f7ff fce2 	bl	1000725c <usbd_edpt_open>
10007898:	2800      	cmp	r0, #0
1000789a:	d0c2      	beq.n	10007822 <cdcd_open+0x12>
1000789c:	78a3      	ldrb	r3, [r4, #2]
1000789e:	707b      	strb	r3, [r7, #1]
100078a0:	7823      	ldrb	r3, [r4, #0]
100078a2:	195d      	adds	r5, r3, r5
100078a4:	18e4      	adds	r4, r4, r3
100078a6:	7862      	ldrb	r2, [r4, #1]
100078a8:	b2ad      	uxth	r5, r5
100078aa:	e7db      	b.n	10007864 <cdcd_open+0x54>
100078ac:	20001510 	.word	0x20001510
100078b0:	20001512 	.word	0x20001512

100078b4 <cdcd_control_xfer_cb>:
100078b4:	b5f8      	push	{r3, r4, r5, r6, r7, lr}
100078b6:	2360      	movs	r3, #96	@ 0x60
100078b8:	0014      	movs	r4, r2
100078ba:	7812      	ldrb	r2, [r2, #0]
100078bc:	0005      	movs	r5, r0
100078be:	4013      	ands	r3, r2
100078c0:	2000      	movs	r0, #0
100078c2:	2b20      	cmp	r3, #32
100078c4:	d107      	bne.n	100078d6 <cdcd_control_xfer_cb+0x22>
100078c6:	4a30      	ldr	r2, [pc, #192]	@ (10007988 <cdcd_control_xfer_cb+0xd4>)
100078c8:	7963      	ldrb	r3, [r4, #5]
100078ca:	7927      	ldrb	r7, [r4, #4]
100078cc:	7816      	ldrb	r6, [r2, #0]
100078ce:	021b      	lsls	r3, r3, #8
100078d0:	433b      	orrs	r3, r7
100078d2:	429e      	cmp	r6, r3
100078d4:	d000      	beq.n	100078d8 <cdcd_control_xfer_cb+0x24>
100078d6:	bdf8      	pop	{r3, r4, r5, r6, r7, pc}
100078d8:	7863      	ldrb	r3, [r4, #1]
100078da:	2b22      	cmp	r3, #34	@ 0x22
100078dc:	d01a      	beq.n	10007914 <cdcd_control_xfer_cb+0x60>
100078de:	d807      	bhi.n	100078f0 <cdcd_control_xfer_cb+0x3c>
100078e0:	2b20      	cmp	r3, #32
100078e2:	d034      	beq.n	1000794e <cdcd_control_xfer_cb+0x9a>
100078e4:	2b21      	cmp	r3, #33	@ 0x21
100078e6:	d1f6      	bne.n	100078d6 <cdcd_control_xfer_cb+0x22>
100078e8:	2901      	cmp	r1, #1
100078ea:	d03e      	beq.n	1000796a <cdcd_control_xfer_cb+0xb6>
100078ec:	2001      	movs	r0, #1
100078ee:	e7f2      	b.n	100078d6 <cdcd_control_xfer_cb+0x22>
100078f0:	2b23      	cmp	r3, #35	@ 0x23
100078f2:	d1f0      	bne.n	100078d6 <cdcd_control_xfer_cb+0x22>
100078f4:	2901      	cmp	r1, #1
100078f6:	d040      	beq.n	1000797a <cdcd_control_xfer_cb+0xc6>
100078f8:	2903      	cmp	r1, #3
100078fa:	d1f7      	bne.n	100078ec <cdcd_control_xfer_cb+0x38>
100078fc:	4b23      	ldr	r3, [pc, #140]	@ (1000798c <cdcd_control_xfer_cb+0xd8>)
100078fe:	2b00      	cmp	r3, #0
10007900:	d0f4      	beq.n	100078ec <cdcd_control_xfer_cb+0x38>
10007902:	78e1      	ldrb	r1, [r4, #3]
10007904:	78a3      	ldrb	r3, [r4, #2]
10007906:	0209      	lsls	r1, r1, #8
10007908:	2000      	movs	r0, #0
1000790a:	4319      	orrs	r1, r3
1000790c:	e000      	b.n	10007910 <cdcd_control_xfer_cb+0x5c>
1000790e:	bf00      	nop
10007910:	2001      	movs	r0, #1
10007912:	e7e0      	b.n	100078d6 <cdcd_control_xfer_cb+0x22>
10007914:	2901      	cmp	r1, #1
10007916:	d030      	beq.n	1000797a <cdcd_control_xfer_cb+0xc6>
10007918:	2903      	cmp	r1, #3
1000791a:	d1e7      	bne.n	100078ec <cdcd_control_xfer_cb+0x38>
1000791c:	2501      	movs	r5, #1
1000791e:	002e      	movs	r6, r5
10007920:	78a3      	ldrb	r3, [r4, #2]
10007922:	78e4      	ldrb	r4, [r4, #3]
10007924:	3902      	subs	r1, #2
10007926:	0224      	lsls	r4, r4, #8
10007928:	431c      	orrs	r4, r3
1000792a:	7114      	strb	r4, [r2, #4]
1000792c:	4026      	ands	r6, r4
1000792e:	3224      	adds	r2, #36	@ 0x24
10007930:	0010      	movs	r0, r2
10007932:	4071      	eors	r1, r6
10007934:	f000 fe08 	bl	10008548 <tu_fifo_set_overwritable>
10007938:	4b15      	ldr	r3, [pc, #84]	@ (10007990 <cdcd_control_xfer_cb+0xdc>)
1000793a:	2b00      	cmp	r3, #0
1000793c:	d0d6      	beq.n	100078ec <cdcd_control_xfer_cb+0x38>
1000793e:	0862      	lsrs	r2, r4, #1
10007940:	2000      	movs	r0, #0
10007942:	0031      	movs	r1, r6
10007944:	402a      	ands	r2, r5
10007946:	e000      	b.n	1000794a <cdcd_control_xfer_cb+0x96>
10007948:	bf00      	nop
1000794a:	2001      	movs	r0, #1
1000794c:	e7c3      	b.n	100078d6 <cdcd_control_xfer_cb+0x22>
1000794e:	2901      	cmp	r1, #1
10007950:	d00b      	beq.n	1000796a <cdcd_control_xfer_cb+0xb6>
10007952:	2903      	cmp	r1, #3
10007954:	d1ca      	bne.n	100078ec <cdcd_control_xfer_cb+0x38>
10007956:	4b0f      	ldr	r3, [pc, #60]	@ (10007994 <cdcd_control_xfer_cb+0xe0>)
10007958:	2b00      	cmp	r3, #0
1000795a:	d0c7      	beq.n	100078ec <cdcd_control_xfer_cb+0x38>
1000795c:	3208      	adds	r2, #8
1000795e:	2000      	movs	r0, #0
10007960:	0011      	movs	r1, r2
10007962:	f7fe faad 	bl	10005ec0 <tud_cdc_line_coding_cb>
10007966:	2001      	movs	r0, #1
10007968:	e7b5      	b.n	100078d6 <cdcd_control_xfer_cb+0x22>
1000796a:	2307      	movs	r3, #7
1000796c:	0021      	movs	r1, r4
1000796e:	0028      	movs	r0, r5
10007970:	4a09      	ldr	r2, [pc, #36]	@ (10007998 <cdcd_control_xfer_cb+0xe4>)
10007972:	f7ff fcf1 	bl	10007358 <tud_control_xfer>
10007976:	2001      	movs	r0, #1
10007978:	e7ad      	b.n	100078d6 <cdcd_control_xfer_cb+0x22>
1000797a:	0021      	movs	r1, r4
1000797c:	0028      	movs	r0, r5
1000797e:	f7ff fcd5 	bl	1000732c <tud_control_status>
10007982:	2001      	movs	r0, #1
10007984:	e7a7      	b.n	100078d6 <cdcd_control_xfer_cb+0x22>
10007986:	46c0      	nop			@ (mov r8, r8)
10007988:	20001510 	.word	0x20001510
	...
10007994:	10005ec1 	.word	0x10005ec1
10007998:	20001518 	.word	0x20001518

1000799c <cdcd_xfer_cb>:
1000799c:	b5f0      	push	{r4, r5, r6, r7, lr}
1000799e:	464f      	mov	r7, r9
100079a0:	4646      	mov	r6, r8
100079a2:	46d6      	mov	lr, sl
100079a4:	b5c0      	push	{r6, r7, lr}
100079a6:	4d36      	ldr	r5, [pc, #216]	@ (10007a80 <cdcd_xfer_cb+0xe4>)
100079a8:	4680      	mov	r8, r0
100079aa:	78ea      	ldrb	r2, [r5, #3]
100079ac:	000c      	movs	r4, r1
100079ae:	001f      	movs	r7, r3
100079b0:	428a      	cmp	r2, r1
100079b2:	d03c      	beq.n	10007a2e <cdcd_xfer_cb+0x92>
100079b4:	78ab      	ldrb	r3, [r5, #2]
100079b6:	428b      	cmp	r3, r1
100079b8:	d010      	beq.n	100079dc <cdcd_xfer_cb+0x40>
100079ba:	2000      	movs	r0, #0
100079bc:	bce0      	pop	{r5, r6, r7}
100079be:	46ba      	mov	sl, r7
100079c0:	46b1      	mov	r9, r6
100079c2:	46a8      	mov	r8, r5
100079c4:	bdf0      	pop	{r4, r5, r6, r7, pc}
100079c6:	4b2f      	ldr	r3, [pc, #188]	@ (10007a84 <cdcd_xfer_cb+0xe8>)
100079c8:	2b00      	cmp	r3, #0
100079ca:	d004      	beq.n	100079d6 <cdcd_xfer_cb+0x3a>
100079cc:	482e      	ldr	r0, [pc, #184]	@ (10007a88 <cdcd_xfer_cb+0xec>)
100079ce:	f000 fbad 	bl	1000812c <tu_fifo_empty>
100079d2:	2800      	cmp	r0, #0
100079d4:	d051      	beq.n	10007a7a <cdcd_xfer_cb+0xde>
100079d6:	2000      	movs	r0, #0
100079d8:	f7ff fda6 	bl	10007528 <_prep_out_transaction.isra.0>
100079dc:	78ab      	ldrb	r3, [r5, #2]
100079de:	42a3      	cmp	r3, r4
100079e0:	d001      	beq.n	100079e6 <cdcd_xfer_cb+0x4a>
100079e2:	2001      	movs	r0, #1
100079e4:	e7ea      	b.n	100079bc <cdcd_xfer_cb+0x20>
100079e6:	4b29      	ldr	r3, [pc, #164]	@ (10007a8c <cdcd_xfer_cb+0xf0>)
100079e8:	2b00      	cmp	r3, #0
100079ea:	d002      	beq.n	100079f2 <cdcd_xfer_cb+0x56>
100079ec:	2000      	movs	r0, #0
100079ee:	e000      	b.n	100079f2 <cdcd_xfer_cb+0x56>
100079f0:	bf00      	nop
100079f2:	2000      	movs	r0, #0
100079f4:	f7ff fe32 	bl	1000765c <tud_cdc_n_write_flush>
100079f8:	2800      	cmp	r0, #0
100079fa:	d1f2      	bne.n	100079e2 <cdcd_xfer_cb+0x46>
100079fc:	4c24      	ldr	r4, [pc, #144]	@ (10007a90 <cdcd_xfer_cb+0xf4>)
100079fe:	0020      	movs	r0, r4
10007a00:	f000 fb7e 	bl	10008100 <tu_fifo_count>
10007a04:	2800      	cmp	r0, #0
10007a06:	d1ec      	bne.n	100079e2 <cdcd_xfer_cb+0x46>
10007a08:	2f00      	cmp	r7, #0
10007a0a:	d0ea      	beq.n	100079e2 <cdcd_xfer_cb+0x46>
10007a0c:	06bf      	lsls	r7, r7, #26
10007a0e:	d1e8      	bne.n	100079e2 <cdcd_xfer_cb+0x46>
10007a10:	3c24      	subs	r4, #36	@ 0x24
10007a12:	4640      	mov	r0, r8
10007a14:	78a1      	ldrb	r1, [r4, #2]
10007a16:	f7ff fc3b 	bl	10007290 <usbd_edpt_claim>
10007a1a:	2800      	cmp	r0, #0
10007a1c:	d0e1      	beq.n	100079e2 <cdcd_xfer_cb+0x46>
10007a1e:	2300      	movs	r3, #0
10007a20:	2200      	movs	r2, #0
10007a22:	4640      	mov	r0, r8
10007a24:	78a1      	ldrb	r1, [r4, #2]
10007a26:	f7ff fc5b 	bl	100072e0 <usbd_edpt_xfer>
10007a2a:	2001      	movs	r0, #1
10007a2c:	e7c6      	b.n	100079bc <cdcd_xfer_cb+0x20>
10007a2e:	b29a      	uxth	r2, r3
10007a30:	2310      	movs	r3, #16
10007a32:	469a      	mov	sl, r3
10007a34:	4e17      	ldr	r6, [pc, #92]	@ (10007a94 <cdcd_xfer_cb+0xf8>)
10007a36:	44aa      	add	sl, r5
10007a38:	0031      	movs	r1, r6
10007a3a:	4650      	mov	r0, sl
10007a3c:	f000 fca8 	bl	10008390 <tu_fifo_write_n>
10007a40:	4b15      	ldr	r3, [pc, #84]	@ (10007a98 <cdcd_xfer_cb+0xfc>)
10007a42:	2b00      	cmp	r3, #0
10007a44:	d0bf      	beq.n	100079c6 <cdcd_xfer_cb+0x2a>
10007a46:	796b      	ldrb	r3, [r5, #5]
10007a48:	2bff      	cmp	r3, #255	@ 0xff
10007a4a:	d0bc      	beq.n	100079c6 <cdcd_xfer_cb+0x2a>
10007a4c:	2f00      	cmp	r7, #0
10007a4e:	d0ba      	beq.n	100079c6 <cdcd_xfer_cb+0x2a>
10007a50:	19f2      	adds	r2, r6, r7
10007a52:	4691      	mov	r9, r2
10007a54:	e003      	b.n	10007a5e <cdcd_xfer_cb+0xc2>
10007a56:	3601      	adds	r6, #1
10007a58:	454e      	cmp	r6, r9
10007a5a:	d0b4      	beq.n	100079c6 <cdcd_xfer_cb+0x2a>
10007a5c:	796b      	ldrb	r3, [r5, #5]
10007a5e:	7832      	ldrb	r2, [r6, #0]
10007a60:	429a      	cmp	r2, r3
10007a62:	d1f8      	bne.n	10007a56 <cdcd_xfer_cb+0xba>
10007a64:	4650      	mov	r0, sl
10007a66:	f000 fb61 	bl	1000812c <tu_fifo_empty>
10007a6a:	2800      	cmp	r0, #0
10007a6c:	d1f3      	bne.n	10007a56 <cdcd_xfer_cb+0xba>
10007a6e:	4653      	mov	r3, sl
10007a70:	3b10      	subs	r3, #16
10007a72:	7959      	ldrb	r1, [r3, #5]
10007a74:	e000      	b.n	10007a78 <cdcd_xfer_cb+0xdc>
10007a76:	bf00      	nop
10007a78:	e7ed      	b.n	10007a56 <cdcd_xfer_cb+0xba>
10007a7a:	e000      	b.n	10007a7e <cdcd_xfer_cb+0xe2>
10007a7c:	bf00      	nop
10007a7e:	e7aa      	b.n	100079d6 <cdcd_xfer_cb+0x3a>
10007a80:	20001510 	.word	0x20001510
10007a84:	00000000 	.word	0x00000000
10007a88:	20001520 	.word	0x20001520
10007a8c:	00000000 	.word	0x00000000
10007a90:	20001534 	.word	0x20001534
10007a94:	2000148c 	.word	0x2000148c
10007a98:	00000000 	.word	0x00000000

10007a9c <vendord_init>:
10007a9c:	2293      	movs	r2, #147	@ 0x93
10007a9e:	b5f0      	push	{r4, r5, r6, r7, lr}
10007aa0:	4c13      	ldr	r4, [pc, #76]	@ (10007af0 <vendord_init+0x54>)
10007aa2:	b085      	sub	sp, #20
10007aa4:	2100      	movs	r1, #0
10007aa6:	0020      	movs	r0, r4
10007aa8:	0092      	lsls	r2, r2, #2
10007aaa:	f7fc fadd 	bl	10004068 <__wrap_memset>
10007aae:	0023      	movs	r3, r4
10007ab0:	0020      	movs	r0, r4
10007ab2:	2680      	movs	r6, #128	@ 0x80
10007ab4:	2740      	movs	r7, #64	@ 0x40
10007ab6:	4d0f      	ldr	r5, [pc, #60]	@ (10007af4 <vendord_init+0x58>)
10007ab8:	334d      	adds	r3, #77	@ 0x4d
10007aba:	0076      	lsls	r6, r6, #1
10007abc:	33ff      	adds	r3, #255	@ 0xff
10007abe:	3029      	adds	r0, #41	@ 0x29
10007ac0:	9502      	str	r5, [sp, #8]
10007ac2:	9300      	str	r3, [sp, #0]
10007ac4:	2200      	movs	r2, #0
10007ac6:	2300      	movs	r3, #0
10007ac8:	2100      	movs	r1, #0
10007aca:	9703      	str	r7, [sp, #12]
10007acc:	9601      	str	r6, [sp, #4]
10007ace:	30ff      	adds	r0, #255	@ 0xff
10007ad0:	f000 f9d4 	bl	10007e7c <tu_edpt_stream_init>
10007ad4:	3540      	adds	r5, #64	@ 0x40
10007ad6:	1d20      	adds	r0, r4, #4
10007ad8:	3428      	adds	r4, #40	@ 0x28
10007ada:	2300      	movs	r3, #0
10007adc:	2201      	movs	r2, #1
10007ade:	2100      	movs	r1, #0
10007ae0:	9703      	str	r7, [sp, #12]
10007ae2:	9502      	str	r5, [sp, #8]
10007ae4:	9601      	str	r6, [sp, #4]
10007ae6:	9400      	str	r4, [sp, #0]
10007ae8:	f000 f9c8 	bl	10007e7c <tu_edpt_stream_init>
10007aec:	b005      	add	sp, #20
10007aee:	bdf0      	pop	{r4, r5, r6, r7, pc}
10007af0:	200017dc 	.word	0x200017dc
10007af4:	2000175c 	.word	0x2000175c

10007af8 <vendord_deinit>:
10007af8:	b510      	push	{r4, lr}
10007afa:	4c05      	ldr	r4, [pc, #20]	@ (10007b10 <vendord_deinit+0x18>)
10007afc:	0020      	movs	r0, r4
10007afe:	f000 f9f3 	bl	10007ee8 <tu_edpt_stream_deinit>
10007b02:	0020      	movs	r0, r4
10007b04:	3825      	subs	r0, #37	@ 0x25
10007b06:	38ff      	subs	r0, #255	@ 0xff
10007b08:	f000 f9ee 	bl	10007ee8 <tu_edpt_stream_deinit>
10007b0c:	2001      	movs	r0, #1
10007b0e:	bd10      	pop	{r4, pc}
10007b10:	20001904 	.word	0x20001904

10007b14 <vendord_reset>:
10007b14:	b570      	push	{r4, r5, r6, lr}
10007b16:	4c08      	ldr	r4, [pc, #32]	@ (10007b38 <vendord_reset+0x24>)
10007b18:	2500      	movs	r5, #0
10007b1a:	0020      	movs	r0, r4
10007b1c:	3031      	adds	r0, #49	@ 0x31
10007b1e:	30ff      	adds	r0, #255	@ 0xff
10007b20:	7025      	strb	r5, [r4, #0]
10007b22:	f000 fcf1 	bl	10008508 <tu_fifo_clear>
10007b26:	0020      	movs	r0, r4
10007b28:	300c      	adds	r0, #12
10007b2a:	f000 fced 	bl	10008508 <tu_fifo_clear>
10007b2e:	232a      	movs	r3, #42	@ 0x2a
10007b30:	33ff      	adds	r3, #255	@ 0xff
10007b32:	54e5      	strb	r5, [r4, r3]
10007b34:	7165      	strb	r5, [r4, #5]
10007b36:	bd70      	pop	{r4, r5, r6, pc}
10007b38:	200017dc 	.word	0x200017dc

10007b3c <vendord_open>:
10007b3c:	b5f8      	push	{r3, r4, r5, r6, r7, lr}
10007b3e:	4657      	mov	r7, sl
10007b40:	4645      	mov	r5, r8
10007b42:	46de      	mov	lr, fp
10007b44:	464e      	mov	r6, r9
10007b46:	b5e0      	push	{r5, r6, r7, lr}
10007b48:	794b      	ldrb	r3, [r1, #5]
10007b4a:	4680      	mov	r8, r0
10007b4c:	000f      	movs	r7, r1
10007b4e:	2bff      	cmp	r3, #255	@ 0xff
10007b50:	d15b      	bne.n	10007c0a <vendord_open+0xce>
10007b52:	4b40      	ldr	r3, [pc, #256]	@ (10007c54 <vendord_open+0x118>)
10007b54:	4699      	mov	r9, r3
10007b56:	232a      	movs	r3, #42	@ 0x2a
10007b58:	4649      	mov	r1, r9
10007b5a:	33ff      	adds	r3, #255	@ 0xff
10007b5c:	5ccb      	ldrb	r3, [r1, r3]
10007b5e:	2b00      	cmp	r3, #0
10007b60:	d153      	bne.n	10007c0a <vendord_open+0xce>
10007b62:	794e      	ldrb	r6, [r1, #5]
10007b64:	2e00      	cmp	r6, #0
10007b66:	d150      	bne.n	10007c0a <vendord_open+0xce>
10007b68:	78bb      	ldrb	r3, [r7, #2]
10007b6a:	783c      	ldrb	r4, [r7, #0]
10007b6c:	700b      	strb	r3, [r1, #0]
10007b6e:	793b      	ldrb	r3, [r7, #4]
10007b70:	193c      	adds	r4, r7, r4
10007b72:	2b00      	cmp	r3, #0
10007b74:	d046      	beq.n	10007c04 <vendord_open+0xc8>
10007b76:	2398      	movs	r3, #152	@ 0x98
10007b78:	005b      	lsls	r3, r3, #1
10007b7a:	444b      	add	r3, r9
10007b7c:	469a      	mov	sl, r3
10007b7e:	230c      	movs	r3, #12
10007b80:	444b      	add	r3, r9
10007b82:	469b      	mov	fp, r3
10007b84:	18a5      	adds	r5, r4, r2
10007b86:	e003      	b.n	10007b90 <vendord_open+0x54>
10007b88:	42ac      	cmp	r4, r5
10007b8a:	d23b      	bcs.n	10007c04 <vendord_open+0xc8>
10007b8c:	7823      	ldrb	r3, [r4, #0]
10007b8e:	18e4      	adds	r4, r4, r3
10007b90:	7863      	ldrb	r3, [r4, #1]
10007b92:	2b05      	cmp	r3, #5
10007b94:	d1f8      	bne.n	10007b88 <vendord_open+0x4c>
10007b96:	42ac      	cmp	r4, r5
10007b98:	d234      	bcs.n	10007c04 <vendord_open+0xc8>
10007b9a:	0021      	movs	r1, r4
10007b9c:	4640      	mov	r0, r8
10007b9e:	f7ff fb5d 	bl	1000725c <usbd_edpt_open>
10007ba2:	2800      	cmp	r0, #0
10007ba4:	d031      	beq.n	10007c0a <vendord_open+0xce>
10007ba6:	78a3      	ldrb	r3, [r4, #2]
10007ba8:	3601      	adds	r6, #1
10007baa:	b2f6      	uxtb	r6, r6
10007bac:	09db      	lsrs	r3, r3, #7
10007bae:	2b01      	cmp	r3, #1
10007bb0:	d032      	beq.n	10007c18 <vendord_open+0xdc>
10007bb2:	4650      	mov	r0, sl
10007bb4:	f000 fca8 	bl	10008508 <tu_fifo_clear>
10007bb8:	232a      	movs	r3, #42	@ 0x2a
10007bba:	4649      	mov	r1, r9
10007bbc:	78a2      	ldrb	r2, [r4, #2]
10007bbe:	33ff      	adds	r3, #255	@ 0xff
10007bc0:	54ca      	strb	r2, [r1, r3]
10007bc2:	7963      	ldrb	r3, [r4, #5]
10007bc4:	7922      	ldrb	r2, [r4, #4]
10007bc6:	021b      	lsls	r3, r3, #8
10007bc8:	4313      	orrs	r3, r2
10007bca:	4a23      	ldr	r2, [pc, #140]	@ (10007c58 <vendord_open+0x11c>)
10007bcc:	055b      	lsls	r3, r3, #21
10007bce:	4694      	mov	ip, r2
10007bd0:	0d5b      	lsrs	r3, r3, #21
10007bd2:	2194      	movs	r1, #148	@ 0x94
10007bd4:	4463      	add	r3, ip
10007bd6:	425a      	negs	r2, r3
10007bd8:	4153      	adcs	r3, r2
10007bda:	464a      	mov	r2, r9
10007bdc:	2002      	movs	r0, #2
10007bde:	0049      	lsls	r1, r1, #1
10007be0:	5c52      	ldrb	r2, [r2, r1]
10007be2:	005b      	lsls	r3, r3, #1
10007be4:	4382      	bics	r2, r0
10007be6:	4313      	orrs	r3, r2
10007be8:	464a      	mov	r2, r9
10007bea:	5453      	strb	r3, [r2, r1]
10007bec:	4651      	mov	r1, sl
10007bee:	4640      	mov	r0, r8
10007bf0:	3908      	subs	r1, #8
10007bf2:	f000 f9e3 	bl	10007fbc <tu_edpt_stream_read_xfer>
10007bf6:	2800      	cmp	r0, #0
10007bf8:	d007      	beq.n	10007c0a <vendord_open+0xce>
10007bfa:	7823      	ldrb	r3, [r4, #0]
10007bfc:	18e4      	adds	r4, r4, r3
10007bfe:	793b      	ldrb	r3, [r7, #4]
10007c00:	42b3      	cmp	r3, r6
10007c02:	d8c5      	bhi.n	10007b90 <vendord_open+0x54>
10007c04:	1be0      	subs	r0, r4, r7
10007c06:	b280      	uxth	r0, r0
10007c08:	e000      	b.n	10007c0c <vendord_open+0xd0>
10007c0a:	2000      	movs	r0, #0
10007c0c:	bcf0      	pop	{r4, r5, r6, r7}
10007c0e:	46bb      	mov	fp, r7
10007c10:	46b2      	mov	sl, r6
10007c12:	46a9      	mov	r9, r5
10007c14:	46a0      	mov	r8, r4
10007c16:	bdf8      	pop	{r3, r4, r5, r6, r7, pc}
10007c18:	4658      	mov	r0, fp
10007c1a:	f000 fc75 	bl	10008508 <tu_fifo_clear>
10007c1e:	465a      	mov	r2, fp
10007c20:	78a3      	ldrb	r3, [r4, #2]
10007c22:	3a0c      	subs	r2, #12
10007c24:	7153      	strb	r3, [r2, #5]
10007c26:	7963      	ldrb	r3, [r4, #5]
10007c28:	7921      	ldrb	r1, [r4, #4]
10007c2a:	021b      	lsls	r3, r3, #8
10007c2c:	430b      	orrs	r3, r1
10007c2e:	490a      	ldr	r1, [pc, #40]	@ (10007c58 <vendord_open+0x11c>)
10007c30:	055b      	lsls	r3, r3, #21
10007c32:	468c      	mov	ip, r1
10007c34:	0d5b      	lsrs	r3, r3, #21
10007c36:	4463      	add	r3, ip
10007c38:	4259      	negs	r1, r3
10007c3a:	414b      	adcs	r3, r1
10007c3c:	2002      	movs	r0, #2
10007c3e:	7911      	ldrb	r1, [r2, #4]
10007c40:	005b      	lsls	r3, r3, #1
10007c42:	4381      	bics	r1, r0
10007c44:	430b      	orrs	r3, r1
10007c46:	4659      	mov	r1, fp
10007c48:	2000      	movs	r0, #0
10007c4a:	3908      	subs	r1, #8
10007c4c:	7113      	strb	r3, [r2, #4]
10007c4e:	f000 f981 	bl	10007f54 <tu_edpt_stream_write_xfer>
10007c52:	e7d2      	b.n	10007bfa <vendord_open+0xbe>
10007c54:	200017dc 	.word	0x200017dc
10007c58:	fffffe00 	.word	0xfffffe00

10007c5c <vendord_xfer_cb>:
10007c5c:	b5f8      	push	{r3, r4, r5, r6, r7, lr}
10007c5e:	252a      	movs	r5, #42	@ 0x2a
10007c60:	0006      	movs	r6, r0
10007c62:	481f      	ldr	r0, [pc, #124]	@ (10007ce0 <vendord_xfer_cb+0x84>)
10007c64:	35ff      	adds	r5, #255	@ 0xff
10007c66:	5d45      	ldrb	r5, [r0, r5]
10007c68:	001f      	movs	r7, r3
10007c6a:	428d      	cmp	r5, r1
10007c6c:	d015      	beq.n	10007c9a <vendord_xfer_cb+0x3e>
10007c6e:	7943      	ldrb	r3, [r0, #5]
10007c70:	428b      	cmp	r3, r1
10007c72:	d001      	beq.n	10007c78 <vendord_xfer_cb+0x1c>
10007c74:	2000      	movs	r0, #0
10007c76:	bdf8      	pop	{r3, r4, r5, r6, r7, pc}
10007c78:	4b1a      	ldr	r3, [pc, #104]	@ (10007ce4 <vendord_xfer_cb+0x88>)
10007c7a:	2b00      	cmp	r3, #0
10007c7c:	d004      	beq.n	10007c88 <vendord_xfer_cb+0x2c>
10007c7e:	0439      	lsls	r1, r7, #16
10007c80:	2000      	movs	r0, #0
10007c82:	0c09      	lsrs	r1, r1, #16
10007c84:	e000      	b.n	10007c88 <vendord_xfer_cb+0x2c>
10007c86:	bf00      	nop
10007c88:	4c17      	ldr	r4, [pc, #92]	@ (10007ce8 <vendord_xfer_cb+0x8c>)
10007c8a:	0030      	movs	r0, r6
10007c8c:	0021      	movs	r1, r4
10007c8e:	f000 f961 	bl	10007f54 <tu_edpt_stream_write_xfer>
10007c92:	2800      	cmp	r0, #0
10007c94:	d01d      	beq.n	10007cd2 <vendord_xfer_cb+0x76>
10007c96:	2001      	movs	r0, #1
10007c98:	e7ed      	b.n	10007c76 <vendord_xfer_cb+0x1a>
10007c9a:	239a      	movs	r3, #154	@ 0x9a
10007c9c:	005b      	lsls	r3, r3, #1
10007c9e:	5ac3      	ldrh	r3, [r0, r3]
10007ca0:	2b00      	cmp	r3, #0
10007ca2:	d10d      	bne.n	10007cc0 <vendord_xfer_cb+0x64>
10007ca4:	4b11      	ldr	r3, [pc, #68]	@ (10007cec <vendord_xfer_cb+0x90>)
10007ca6:	2b00      	cmp	r3, #0
10007ca8:	d004      	beq.n	10007cb4 <vendord_xfer_cb+0x58>
10007caa:	2000      	movs	r0, #0
10007cac:	4910      	ldr	r1, [pc, #64]	@ (10007cf0 <vendord_xfer_cb+0x94>)
10007cae:	b2ba      	uxth	r2, r7
10007cb0:	e000      	b.n	10007cb4 <vendord_xfer_cb+0x58>
10007cb2:	bf00      	nop
10007cb4:	0030      	movs	r0, r6
10007cb6:	490f      	ldr	r1, [pc, #60]	@ (10007cf4 <vendord_xfer_cb+0x98>)
10007cb8:	f000 f980 	bl	10007fbc <tu_edpt_stream_read_xfer>
10007cbc:	2001      	movs	r0, #1
10007cbe:	e7da      	b.n	10007c76 <vendord_xfer_cb+0x1a>
10007cc0:	2396      	movs	r3, #150	@ 0x96
10007cc2:	005b      	lsls	r3, r3, #1
10007cc4:	58c1      	ldr	r1, [r0, r3]
10007cc6:	3031      	adds	r0, #49	@ 0x31
10007cc8:	b2ba      	uxth	r2, r7
10007cca:	30ff      	adds	r0, #255	@ 0xff
10007ccc:	f000 fb60 	bl	10008390 <tu_fifo_write_n>
10007cd0:	e7e8      	b.n	10007ca4 <vendord_xfer_cb+0x48>
10007cd2:	003a      	movs	r2, r7
10007cd4:	0021      	movs	r1, r4
10007cd6:	0030      	movs	r0, r6
10007cd8:	f000 f908 	bl	10007eec <tu_edpt_stream_write_zlp_if_needed>
10007cdc:	2001      	movs	r0, #1
10007cde:	e7ca      	b.n	10007c76 <vendord_xfer_cb+0x1a>
10007ce0:	200017dc 	.word	0x200017dc
10007ce4:	00000000 	.word	0x00000000
10007ce8:	200017e0 	.word	0x200017e0
10007cec:	00000000 	.word	0x00000000
10007cf0:	2000175c 	.word	0x2000175c
10007cf4:	20001904 	.word	0x20001904

10007cf8 <tusb_rhport_init>:
10007cf8:	b500      	push	{lr}
10007cfa:	0003      	movs	r3, r0
10007cfc:	b083      	sub	sp, #12
10007cfe:	2900      	cmp	r1, #0
10007d00:	d010      	beq.n	10007d24 <tusb_rhport_init+0x2c>
10007d02:	2000      	movs	r0, #0
10007d04:	2b01      	cmp	r3, #1
10007d06:	d807      	bhi.n	10007d18 <tusb_rhport_init+0x20>
10007d08:	780a      	ldrb	r2, [r1, #0]
10007d0a:	2a00      	cmp	r2, #0
10007d0c:	d004      	beq.n	10007d18 <tusb_rhport_init+0x20>
10007d0e:	480c      	ldr	r0, [pc, #48]	@ (10007d40 <tusb_rhport_init+0x48>)
10007d10:	54c2      	strb	r2, [r0, r3]
10007d12:	2001      	movs	r0, #1
10007d14:	2a01      	cmp	r2, #1
10007d16:	d001      	beq.n	10007d1c <tusb_rhport_init+0x24>
10007d18:	b003      	add	sp, #12
10007d1a:	bd00      	pop	{pc}
10007d1c:	0018      	movs	r0, r3
10007d1e:	f7fe fdd5 	bl	100068cc <tud_rhport_init>
10007d22:	e7f9      	b.n	10007d18 <tusb_rhport_init+0x20>
10007d24:	2301      	movs	r3, #1
10007d26:	466a      	mov	r2, sp
10007d28:	2000      	movs	r0, #0
10007d2a:	a901      	add	r1, sp, #4
10007d2c:	8093      	strh	r3, [r2, #4]
10007d2e:	f7fe fdcd 	bl	100068cc <tud_rhport_init>
10007d32:	2800      	cmp	r0, #0
10007d34:	d0f0      	beq.n	10007d18 <tusb_rhport_init+0x20>
10007d36:	2201      	movs	r2, #1
10007d38:	4b01      	ldr	r3, [pc, #4]	@ (10007d40 <tusb_rhport_init+0x48>)
10007d3a:	701a      	strb	r2, [r3, #0]
10007d3c:	e7ec      	b.n	10007d18 <tusb_rhport_init+0x20>
10007d3e:	46c0      	nop			@ (mov r8, r8)
10007d40:	2000162c 	.word	0x2000162c

10007d44 <tu_edpt_claim>:
10007d44:	7803      	ldrb	r3, [r0, #0]
10007d46:	b570      	push	{r4, r5, r6, lr}
10007d48:	07db      	lsls	r3, r3, #31
10007d4a:	0004      	movs	r4, r0
10007d4c:	000e      	movs	r6, r1
10007d4e:	0fdd      	lsrs	r5, r3, #31
10007d50:	2b00      	cmp	r3, #0
10007d52:	d117      	bne.n	10007d84 <tu_edpt_claim+0x40>
10007d54:	7803      	ldrb	r3, [r0, #0]
10007d56:	075b      	lsls	r3, r3, #29
10007d58:	d501      	bpl.n	10007d5e <tu_edpt_claim+0x1a>
10007d5a:	0028      	movs	r0, r5
10007d5c:	bd70      	pop	{r4, r5, r6, pc}
10007d5e:	2101      	movs	r1, #1
10007d60:	0030      	movs	r0, r6
10007d62:	4249      	negs	r1, r1
10007d64:	f000 ff50 	bl	10008c08 <__mutex_enter_timeout_ms_veneer>
10007d68:	7823      	ldrb	r3, [r4, #0]
10007d6a:	07db      	lsls	r3, r3, #31
10007d6c:	0fdd      	lsrs	r5, r3, #31
10007d6e:	2b00      	cmp	r3, #0
10007d70:	d10a      	bne.n	10007d88 <tu_edpt_claim+0x44>
10007d72:	7823      	ldrb	r3, [r4, #0]
10007d74:	075b      	lsls	r3, r3, #29
10007d76:	d408      	bmi.n	10007d8a <tu_edpt_claim+0x46>
10007d78:	2204      	movs	r2, #4
10007d7a:	7823      	ldrb	r3, [r4, #0]
10007d7c:	2501      	movs	r5, #1
10007d7e:	4313      	orrs	r3, r2
10007d80:	7023      	strb	r3, [r4, #0]
10007d82:	e002      	b.n	10007d8a <tu_edpt_claim+0x46>
10007d84:	2500      	movs	r5, #0
10007d86:	e7e8      	b.n	10007d5a <tu_edpt_claim+0x16>
10007d88:	2500      	movs	r5, #0
10007d8a:	0030      	movs	r0, r6
10007d8c:	f000 ff1c 	bl	10008bc8 <__mutex_exit_veneer>
10007d90:	e7e3      	b.n	10007d5a <tu_edpt_claim+0x16>
10007d92:	46c0      	nop			@ (mov r8, r8)

10007d94 <tu_edpt_release>:
10007d94:	b570      	push	{r4, r5, r6, lr}
10007d96:	000c      	movs	r4, r1
10007d98:	2101      	movs	r1, #1
10007d9a:	0006      	movs	r6, r0
10007d9c:	4249      	negs	r1, r1
10007d9e:	0020      	movs	r0, r4
10007da0:	f000 ff32 	bl	10008c08 <__mutex_enter_timeout_ms_veneer>
10007da4:	7833      	ldrb	r3, [r6, #0]
10007da6:	075b      	lsls	r3, r3, #29
10007da8:	0fdd      	lsrs	r5, r3, #31
10007daa:	2b00      	cmp	r3, #0
10007dac:	db04      	blt.n	10007db8 <tu_edpt_release+0x24>
10007dae:	0020      	movs	r0, r4
10007db0:	f000 ff0a 	bl	10008bc8 <__mutex_exit_veneer>
10007db4:	0028      	movs	r0, r5
10007db6:	bd70      	pop	{r4, r5, r6, pc}
10007db8:	7833      	ldrb	r3, [r6, #0]
10007dba:	07db      	lsls	r3, r3, #31
10007dbc:	d404      	bmi.n	10007dc8 <tu_edpt_release+0x34>
10007dbe:	2204      	movs	r2, #4
10007dc0:	7833      	ldrb	r3, [r6, #0]
10007dc2:	4393      	bics	r3, r2
10007dc4:	7033      	strb	r3, [r6, #0]
10007dc6:	e7f2      	b.n	10007dae <tu_edpt_release+0x1a>
10007dc8:	2500      	movs	r5, #0
10007dca:	e7f0      	b.n	10007dae <tu_edpt_release+0x1a>

10007dcc <tu_edpt_validate>:
10007dcc:	7943      	ldrb	r3, [r0, #5]
10007dce:	7902      	ldrb	r2, [r0, #4]
10007dd0:	021b      	lsls	r3, r3, #8
10007dd2:	4313      	orrs	r3, r2
10007dd4:	78c2      	ldrb	r2, [r0, #3]
10007dd6:	055b      	lsls	r3, r3, #21
10007dd8:	0792      	lsls	r2, r2, #30
10007dda:	0d5b      	lsrs	r3, r3, #21
10007ddc:	0f92      	lsrs	r2, r2, #30
10007dde:	2a02      	cmp	r2, #2
10007de0:	d01d      	beq.n	10007e1e <tu_edpt_validate+0x52>
10007de2:	2a03      	cmp	r2, #3
10007de4:	d00c      	beq.n	10007e00 <tu_edpt_validate+0x34>
10007de6:	2000      	movs	r0, #0
10007de8:	2a01      	cmp	r2, #1
10007dea:	d108      	bne.n	10007dfe <tu_edpt_validate+0x32>
10007dec:	3902      	subs	r1, #2
10007dee:	424a      	negs	r2, r1
10007df0:	4151      	adcs	r1, r2
10007df2:	4a12      	ldr	r2, [pc, #72]	@ (10007e3c <tu_edpt_validate+0x70>)
10007df4:	4694      	mov	ip, r2
10007df6:	4461      	add	r1, ip
10007df8:	4299      	cmp	r1, r3
10007dfa:	4140      	adcs	r0, r0
10007dfc:	b2c0      	uxtb	r0, r0
10007dfe:	4770      	bx	lr
10007e00:	3902      	subs	r1, #2
10007e02:	1e4a      	subs	r2, r1, #1
10007e04:	4191      	sbcs	r1, r2
10007e06:	4a0e      	ldr	r2, [pc, #56]	@ (10007e40 <tu_edpt_validate+0x74>)
10007e08:	4249      	negs	r1, r1
10007e0a:	4011      	ands	r1, r2
10007e0c:	2280      	movs	r2, #128	@ 0x80
10007e0e:	00d2      	lsls	r2, r2, #3
10007e10:	4694      	mov	ip, r2
10007e12:	2000      	movs	r0, #0
10007e14:	4461      	add	r1, ip
10007e16:	4299      	cmp	r1, r3
10007e18:	4140      	adcs	r0, r0
10007e1a:	b2c0      	uxtb	r0, r0
10007e1c:	e7ef      	b.n	10007dfe <tu_edpt_validate+0x32>
10007e1e:	2902      	cmp	r1, #2
10007e20:	d005      	beq.n	10007e2e <tu_edpt_validate+0x62>
10007e22:	2000      	movs	r0, #0
10007e24:	2240      	movs	r2, #64	@ 0x40
10007e26:	429a      	cmp	r2, r3
10007e28:	4140      	adcs	r0, r0
10007e2a:	b2c0      	uxtb	r0, r0
10007e2c:	e7e7      	b.n	10007dfe <tu_edpt_validate+0x32>
10007e2e:	4a05      	ldr	r2, [pc, #20]	@ (10007e44 <tu_edpt_validate+0x78>)
10007e30:	1898      	adds	r0, r3, r2
10007e32:	4243      	negs	r3, r0
10007e34:	4158      	adcs	r0, r3
10007e36:	b2c0      	uxtb	r0, r0
10007e38:	e7e1      	b.n	10007dfe <tu_edpt_validate+0x32>
10007e3a:	46c0      	nop			@ (mov r8, r8)
10007e3c:	000003ff 	.word	0x000003ff
10007e40:	fffffc40 	.word	0xfffffc40
10007e44:	fffffe00 	.word	0xfffffe00

10007e48 <tu_edpt_bind_driver>:
10007e48:	188a      	adds	r2, r1, r2
10007e4a:	b570      	push	{r4, r5, r6, lr}
10007e4c:	4291      	cmp	r1, r2
10007e4e:	d207      	bcs.n	10007e60 <tu_edpt_bind_driver+0x18>
10007e50:	267f      	movs	r6, #127	@ 0x7f
10007e52:	784c      	ldrb	r4, [r1, #1]
10007e54:	2c05      	cmp	r4, #5
10007e56:	d004      	beq.n	10007e62 <tu_edpt_bind_driver+0x1a>
10007e58:	780c      	ldrb	r4, [r1, #0]
10007e5a:	1909      	adds	r1, r1, r4
10007e5c:	428a      	cmp	r2, r1
10007e5e:	d8f8      	bhi.n	10007e52 <tu_edpt_bind_driver+0xa>
10007e60:	bd70      	pop	{r4, r5, r6, pc}
10007e62:	0034      	movs	r4, r6
10007e64:	788d      	ldrb	r5, [r1, #2]
10007e66:	402c      	ands	r4, r5
10007e68:	0064      	lsls	r4, r4, #1
10007e6a:	1904      	adds	r4, r0, r4
10007e6c:	09ed      	lsrs	r5, r5, #7
10007e6e:	5563      	strb	r3, [r4, r5]
10007e70:	780c      	ldrb	r4, [r1, #0]
10007e72:	1909      	adds	r1, r1, r4
10007e74:	428a      	cmp	r2, r1
10007e76:	d8ec      	bhi.n	10007e52 <tu_edpt_bind_driver+0xa>
10007e78:	e7f2      	b.n	10007e60 <tu_edpt_bind_driver+0x18>
10007e7a:	46c0      	nop			@ (mov r8, r8)

10007e7c <tu_edpt_stream_init>:
10007e7c:	b5f0      	push	{r4, r5, r6, r7, lr}
10007e7e:	46c6      	mov	lr, r8
10007e80:	b500      	push	{lr}
10007e82:	b082      	sub	sp, #8
10007e84:	0015      	movs	r5, r2
10007e86:	aa08      	add	r2, sp, #32
10007e88:	ca40      	ldmia	r2!, {r6}
10007e8a:	0004      	movs	r4, r0
10007e8c:	8817      	ldrh	r7, [r2, #0]
10007e8e:	466a      	mov	r2, sp
10007e90:	8d92      	ldrh	r2, [r2, #44]	@ 0x2c
10007e92:	2001      	movs	r0, #1
10007e94:	4690      	mov	r8, r2
10007e96:	000a      	movs	r2, r1
10007e98:	7821      	ldrb	r1, [r4, #0]
10007e9a:	4002      	ands	r2, r0
10007e9c:	4381      	bics	r1, r0
10007e9e:	0020      	movs	r0, r4
10007ea0:	4311      	orrs	r1, r2
10007ea2:	7021      	strb	r1, [r4, #0]
10007ea4:	003a      	movs	r2, r7
10007ea6:	9300      	str	r3, [sp, #0]
10007ea8:	0031      	movs	r1, r6
10007eaa:	2301      	movs	r3, #1
10007eac:	3008      	adds	r0, #8
10007eae:	f000 f8f1 	bl	10008094 <tu_fifo_config>
10007eb2:	2e00      	cmp	r6, #0
10007eb4:	d001      	beq.n	10007eba <tu_edpt_stream_init+0x3e>
10007eb6:	2f00      	cmp	r7, #0
10007eb8:	d108      	bne.n	10007ecc <tu_edpt_stream_init+0x50>
10007eba:	9b0a      	ldr	r3, [sp, #40]	@ 0x28
10007ebc:	2001      	movs	r0, #1
10007ebe:	6063      	str	r3, [r4, #4]
10007ec0:	4643      	mov	r3, r8
10007ec2:	8063      	strh	r3, [r4, #2]
10007ec4:	b002      	add	sp, #8
10007ec6:	bc80      	pop	{r7}
10007ec8:	46b8      	mov	r8, r7
10007eca:	bdf0      	pop	{r4, r5, r6, r7, pc}
10007ecc:	0026      	movs	r6, r4
10007ece:	361c      	adds	r6, #28
10007ed0:	0030      	movs	r0, r6
10007ed2:	f7fa f981 	bl	100021d8 <mutex_init>
10007ed6:	2300      	movs	r3, #0
10007ed8:	2d00      	cmp	r5, #0
10007eda:	d001      	beq.n	10007ee0 <tu_edpt_stream_init+0x64>
10007edc:	0033      	movs	r3, r6
10007ede:	2600      	movs	r6, #0
10007ee0:	6163      	str	r3, [r4, #20]
10007ee2:	61a6      	str	r6, [r4, #24]
10007ee4:	e7e9      	b.n	10007eba <tu_edpt_stream_init+0x3e>
10007ee6:	46c0      	nop			@ (mov r8, r8)

10007ee8 <tu_edpt_stream_deinit>:
10007ee8:	2001      	movs	r0, #1
10007eea:	4770      	bx	lr

10007eec <tu_edpt_stream_write_zlp_if_needed>:
10007eec:	b5f8      	push	{r3, r4, r5, r6, r7, lr}
10007eee:	2402      	movs	r4, #2
10007ef0:	780b      	ldrb	r3, [r1, #0]
10007ef2:	0007      	movs	r7, r0
10007ef4:	401c      	ands	r4, r3
10007ef6:	4263      	negs	r3, r4
10007ef8:	415c      	adcs	r4, r3
10007efa:	4b14      	ldr	r3, [pc, #80]	@ (10007f4c <tu_edpt_stream_write_zlp_if_needed+0x60>)
10007efc:	4264      	negs	r4, r4
10007efe:	401c      	ands	r4, r3
10007f00:	4b13      	ldr	r3, [pc, #76]	@ (10007f50 <tu_edpt_stream_write_zlp_if_needed+0x64>)
10007f02:	0008      	movs	r0, r1
10007f04:	469c      	mov	ip, r3
10007f06:	3008      	adds	r0, #8
10007f08:	000d      	movs	r5, r1
10007f0a:	0016      	movs	r6, r2
10007f0c:	4464      	add	r4, ip
10007f0e:	f000 f8f7 	bl	10008100 <tu_fifo_count>
10007f12:	2800      	cmp	r0, #0
10007f14:	d107      	bne.n	10007f26 <tu_edpt_stream_write_zlp_if_needed+0x3a>
10007f16:	2e00      	cmp	r6, #0
10007f18:	d005      	beq.n	10007f26 <tu_edpt_stream_write_zlp_if_needed+0x3a>
10007f1a:	4234      	tst	r4, r6
10007f1c:	d103      	bne.n	10007f26 <tu_edpt_stream_write_zlp_if_needed+0x3a>
10007f1e:	2401      	movs	r4, #1
10007f20:	782b      	ldrb	r3, [r5, #0]
10007f22:	421c      	tst	r4, r3
10007f24:	d001      	beq.n	10007f2a <tu_edpt_stream_write_zlp_if_needed+0x3e>
10007f26:	2000      	movs	r0, #0
10007f28:	bdf8      	pop	{r3, r4, r5, r6, r7, pc}
10007f2a:	0038      	movs	r0, r7
10007f2c:	7869      	ldrb	r1, [r5, #1]
10007f2e:	f7ff f9af 	bl	10007290 <usbd_edpt_claim>
10007f32:	2800      	cmp	r0, #0
10007f34:	d0f7      	beq.n	10007f26 <tu_edpt_stream_write_zlp_if_needed+0x3a>
10007f36:	782b      	ldrb	r3, [r5, #0]
10007f38:	421c      	tst	r4, r3
10007f3a:	d1f4      	bne.n	10007f26 <tu_edpt_stream_write_zlp_if_needed+0x3a>
10007f3c:	2300      	movs	r3, #0
10007f3e:	2200      	movs	r2, #0
10007f40:	0038      	movs	r0, r7
10007f42:	7869      	ldrb	r1, [r5, #1]
10007f44:	f7ff f9cc 	bl	100072e0 <usbd_edpt_xfer>
10007f48:	e7ee      	b.n	10007f28 <tu_edpt_stream_write_zlp_if_needed+0x3c>
10007f4a:	46c0      	nop			@ (mov r8, r8)
10007f4c:	fffffe40 	.word	0xfffffe40
10007f50:	000001ff 	.word	0x000001ff

10007f54 <tu_edpt_stream_write_xfer>:
10007f54:	b5f8      	push	{r3, r4, r5, r6, r7, lr}
10007f56:	000d      	movs	r5, r1
10007f58:	3508      	adds	r5, #8
10007f5a:	0006      	movs	r6, r0
10007f5c:	0028      	movs	r0, r5
10007f5e:	000c      	movs	r4, r1
10007f60:	f000 f8ce 	bl	10008100 <tu_fifo_count>
10007f64:	2800      	cmp	r0, #0
10007f66:	d003      	beq.n	10007f70 <tu_edpt_stream_write_xfer+0x1c>
10007f68:	2701      	movs	r7, #1
10007f6a:	7823      	ldrb	r3, [r4, #0]
10007f6c:	421f      	tst	r7, r3
10007f6e:	d001      	beq.n	10007f74 <tu_edpt_stream_write_xfer+0x20>
10007f70:	2000      	movs	r0, #0
10007f72:	bdf8      	pop	{r3, r4, r5, r6, r7, pc}
10007f74:	0030      	movs	r0, r6
10007f76:	7861      	ldrb	r1, [r4, #1]
10007f78:	f7ff f98a 	bl	10007290 <usbd_edpt_claim>
10007f7c:	2800      	cmp	r0, #0
10007f7e:	d0f7      	beq.n	10007f70 <tu_edpt_stream_write_xfer+0x1c>
10007f80:	0028      	movs	r0, r5
10007f82:	8862      	ldrh	r2, [r4, #2]
10007f84:	6861      	ldr	r1, [r4, #4]
10007f86:	f000 f93d 	bl	10008204 <tu_fifo_read_n>
10007f8a:	7823      	ldrb	r3, [r4, #0]
10007f8c:	0005      	movs	r5, r0
10007f8e:	401f      	ands	r7, r3
10007f90:	2800      	cmp	r0, #0
10007f92:	d00b      	beq.n	10007fac <tu_edpt_stream_write_xfer+0x58>
10007f94:	2f00      	cmp	r7, #0
10007f96:	d1eb      	bne.n	10007f70 <tu_edpt_stream_write_xfer+0x1c>
10007f98:	0003      	movs	r3, r0
10007f9a:	6862      	ldr	r2, [r4, #4]
10007f9c:	0030      	movs	r0, r6
10007f9e:	7861      	ldrb	r1, [r4, #1]
10007fa0:	f7ff f99e 	bl	100072e0 <usbd_edpt_xfer>
10007fa4:	2800      	cmp	r0, #0
10007fa6:	d0e3      	beq.n	10007f70 <tu_edpt_stream_write_xfer+0x1c>
10007fa8:	0028      	movs	r0, r5
10007faa:	e7e2      	b.n	10007f72 <tu_edpt_stream_write_xfer+0x1e>
10007fac:	2f00      	cmp	r7, #0
10007fae:	d1df      	bne.n	10007f70 <tu_edpt_stream_write_xfer+0x1c>
10007fb0:	0030      	movs	r0, r6
10007fb2:	7861      	ldrb	r1, [r4, #1]
10007fb4:	f7ff f980 	bl	100072b8 <usbd_edpt_release>
10007fb8:	e7da      	b.n	10007f70 <tu_edpt_stream_write_xfer+0x1c>
10007fba:	46c0      	nop			@ (mov r8, r8)

10007fbc <tu_edpt_stream_read_xfer>:
10007fbc:	b5f8      	push	{r3, r4, r5, r6, r7, lr}
10007fbe:	46ce      	mov	lr, r9
10007fc0:	4647      	mov	r7, r8
10007fc2:	b580      	push	{r7, lr}
10007fc4:	898a      	ldrh	r2, [r1, #12]
10007fc6:	0006      	movs	r6, r0
10007fc8:	000c      	movs	r4, r1
10007fca:	780b      	ldrb	r3, [r1, #0]
10007fcc:	2a00      	cmp	r2, #0
10007fce:	d107      	bne.n	10007fe0 <tu_edpt_stream_read_xfer+0x24>
10007fd0:	2501      	movs	r5, #1
10007fd2:	421d      	tst	r5, r3
10007fd4:	d040      	beq.n	10008058 <tu_edpt_stream_read_xfer+0x9c>
10007fd6:	2000      	movs	r0, #0
10007fd8:	bcc0      	pop	{r6, r7}
10007fda:	46b9      	mov	r9, r7
10007fdc:	46b0      	mov	r8, r6
10007fde:	bdf8      	pop	{r3, r4, r5, r6, r7, pc}
10007fe0:	079b      	lsls	r3, r3, #30
10007fe2:	d433      	bmi.n	1000804c <tu_edpt_stream_read_xfer+0x90>
10007fe4:	4b2a      	ldr	r3, [pc, #168]	@ (10008090 <tu_edpt_stream_read_xfer+0xd4>)
10007fe6:	2540      	movs	r5, #64	@ 0x40
10007fe8:	4699      	mov	r9, r3
10007fea:	0027      	movs	r7, r4
10007fec:	3708      	adds	r7, #8
10007fee:	0038      	movs	r0, r7
10007ff0:	f000 f8a4 	bl	1000813c <tu_fifo_remaining>
10007ff4:	4285      	cmp	r5, r0
10007ff6:	d8ee      	bhi.n	10007fd6 <tu_edpt_stream_read_xfer+0x1a>
10007ff8:	2201      	movs	r2, #1
10007ffa:	7823      	ldrb	r3, [r4, #0]
10007ffc:	4690      	mov	r8, r2
10007ffe:	421a      	tst	r2, r3
10008000:	d1e9      	bne.n	10007fd6 <tu_edpt_stream_read_xfer+0x1a>
10008002:	0030      	movs	r0, r6
10008004:	7861      	ldrb	r1, [r4, #1]
10008006:	f7ff f943 	bl	10007290 <usbd_edpt_claim>
1000800a:	2800      	cmp	r0, #0
1000800c:	d0e3      	beq.n	10007fd6 <tu_edpt_stream_read_xfer+0x1a>
1000800e:	0038      	movs	r0, r7
10008010:	f000 f894 	bl	1000813c <tu_fifo_remaining>
10008014:	4642      	mov	r2, r8
10008016:	7823      	ldrb	r3, [r4, #0]
10008018:	401a      	ands	r2, r3
1000801a:	4285      	cmp	r5, r0
1000801c:	d831      	bhi.n	10008082 <tu_edpt_stream_read_xfer+0xc6>
1000801e:	2a00      	cmp	r2, #0
10008020:	d1d9      	bne.n	10007fd6 <tu_edpt_stream_read_xfer+0x1a>
10008022:	464a      	mov	r2, r9
10008024:	8863      	ldrh	r3, [r4, #2]
10008026:	4002      	ands	r2, r0
10008028:	1c1d      	adds	r5, r3, #0
1000802a:	4293      	cmp	r3, r2
1000802c:	d900      	bls.n	10008030 <tu_edpt_stream_read_xfer+0x74>
1000802e:	1c15      	adds	r5, r2, #0
10008030:	b2ad      	uxth	r5, r5
10008032:	2200      	movs	r2, #0
10008034:	7861      	ldrb	r1, [r4, #1]
10008036:	2d00      	cmp	r5, #0
10008038:	d000      	beq.n	1000803c <tu_edpt_stream_read_xfer+0x80>
1000803a:	6862      	ldr	r2, [r4, #4]
1000803c:	002b      	movs	r3, r5
1000803e:	0030      	movs	r0, r6
10008040:	f7ff f94e 	bl	100072e0 <usbd_edpt_xfer>
10008044:	2800      	cmp	r0, #0
10008046:	d0c6      	beq.n	10007fd6 <tu_edpt_stream_read_xfer+0x1a>
10008048:	0028      	movs	r0, r5
1000804a:	e7c5      	b.n	10007fd8 <tu_edpt_stream_read_xfer+0x1c>
1000804c:	23fe      	movs	r3, #254	@ 0xfe
1000804e:	2580      	movs	r5, #128	@ 0x80
10008050:	021b      	lsls	r3, r3, #8
10008052:	4699      	mov	r9, r3
10008054:	00ad      	lsls	r5, r5, #2
10008056:	e7c8      	b.n	10007fea <tu_edpt_stream_read_xfer+0x2e>
10008058:	7849      	ldrb	r1, [r1, #1]
1000805a:	f7ff f919 	bl	10007290 <usbd_edpt_claim>
1000805e:	2800      	cmp	r0, #0
10008060:	d0b9      	beq.n	10007fd6 <tu_edpt_stream_read_xfer+0x1a>
10008062:	7823      	ldrb	r3, [r4, #0]
10008064:	421d      	tst	r5, r3
10008066:	d1b6      	bne.n	10007fd6 <tu_edpt_stream_read_xfer+0x1a>
10008068:	8863      	ldrh	r3, [r4, #2]
1000806a:	2200      	movs	r2, #0
1000806c:	7861      	ldrb	r1, [r4, #1]
1000806e:	2b00      	cmp	r3, #0
10008070:	d000      	beq.n	10008074 <tu_edpt_stream_read_xfer+0xb8>
10008072:	6862      	ldr	r2, [r4, #4]
10008074:	0030      	movs	r0, r6
10008076:	f7ff f933 	bl	100072e0 <usbd_edpt_xfer>
1000807a:	2800      	cmp	r0, #0
1000807c:	d0ab      	beq.n	10007fd6 <tu_edpt_stream_read_xfer+0x1a>
1000807e:	8860      	ldrh	r0, [r4, #2]
10008080:	e7aa      	b.n	10007fd8 <tu_edpt_stream_read_xfer+0x1c>
10008082:	2a00      	cmp	r2, #0
10008084:	d1a7      	bne.n	10007fd6 <tu_edpt_stream_read_xfer+0x1a>
10008086:	0030      	movs	r0, r6
10008088:	7861      	ldrb	r1, [r4, #1]
1000808a:	f7ff f915 	bl	100072b8 <usbd_edpt_release>
1000808e:	e7a2      	b.n	10007fd6 <tu_edpt_stream_read_xfer+0x1a>
10008090:	0000ffc0 	.word	0x0000ffc0

10008094 <tu_fifo_config>:
10008094:	b5f0      	push	{r4, r5, r6, r7, lr}
10008096:	46c6      	mov	lr, r8
10008098:	b500      	push	{lr}
1000809a:	0004      	movs	r4, r0
1000809c:	4668      	mov	r0, sp
1000809e:	7e05      	ldrb	r5, [r0, #24]
100080a0:	2080      	movs	r0, #128	@ 0x80
100080a2:	4688      	mov	r8, r1
100080a4:	0017      	movs	r7, r2
100080a6:	001e      	movs	r6, r3
100080a8:	0200      	lsls	r0, r0, #8
100080aa:	4282      	cmp	r2, r0
100080ac:	d826      	bhi.n	100080fc <tu_fifo_config+0x68>
100080ae:	68e0      	ldr	r0, [r4, #12]
100080b0:	2800      	cmp	r0, #0
100080b2:	d003      	beq.n	100080bc <tu_fifo_config+0x28>
100080b4:	2101      	movs	r1, #1
100080b6:	4249      	negs	r1, r1
100080b8:	f000 fda6 	bl	10008c08 <__mutex_enter_timeout_ms_veneer>
100080bc:	6920      	ldr	r0, [r4, #16]
100080be:	2800      	cmp	r0, #0
100080c0:	d003      	beq.n	100080ca <tu_fifo_config+0x36>
100080c2:	2101      	movs	r1, #1
100080c4:	4249      	negs	r1, r1
100080c6:	f000 fd9f 	bl	10008c08 <__mutex_enter_timeout_ms_veneer>
100080ca:	4643      	mov	r3, r8
100080cc:	6023      	str	r3, [r4, #0]
100080ce:	0473      	lsls	r3, r6, #17
100080d0:	0c5b      	lsrs	r3, r3, #17
100080d2:	03ed      	lsls	r5, r5, #15
100080d4:	431d      	orrs	r5, r3
100080d6:	2300      	movs	r3, #0
100080d8:	68e0      	ldr	r0, [r4, #12]
100080da:	8163      	strh	r3, [r4, #10]
100080dc:	80a7      	strh	r7, [r4, #4]
100080de:	80e5      	strh	r5, [r4, #6]
100080e0:	8123      	strh	r3, [r4, #8]
100080e2:	2800      	cmp	r0, #0
100080e4:	d001      	beq.n	100080ea <tu_fifo_config+0x56>
100080e6:	f000 fd6f 	bl	10008bc8 <__mutex_exit_veneer>
100080ea:	6920      	ldr	r0, [r4, #16]
100080ec:	2800      	cmp	r0, #0
100080ee:	d001      	beq.n	100080f4 <tu_fifo_config+0x60>
100080f0:	f000 fd6a 	bl	10008bc8 <__mutex_exit_veneer>
100080f4:	2001      	movs	r0, #1
100080f6:	bc80      	pop	{r7}
100080f8:	46b8      	mov	r8, r7
100080fa:	bdf0      	pop	{r4, r5, r6, r7, pc}
100080fc:	2000      	movs	r0, #0
100080fe:	e7fa      	b.n	100080f6 <tu_fifo_config+0x62>

10008100 <tu_fifo_count>:
10008100:	b510      	push	{r4, lr}
10008102:	8904      	ldrh	r4, [r0, #8]
10008104:	8941      	ldrh	r1, [r0, #10]
10008106:	8882      	ldrh	r2, [r0, #4]
10008108:	b2a3      	uxth	r3, r4
1000810a:	b288      	uxth	r0, r1
1000810c:	428c      	cmp	r4, r1
1000810e:	d307      	bcc.n	10008120 <tu_fifo_count+0x20>
10008110:	1a1b      	subs	r3, r3, r0
10008112:	b29b      	uxth	r3, r3
10008114:	1c10      	adds	r0, r2, #0
10008116:	429a      	cmp	r2, r3
10008118:	d900      	bls.n	1000811c <tu_fifo_count+0x1c>
1000811a:	1c18      	adds	r0, r3, #0
1000811c:	b280      	uxth	r0, r0
1000811e:	bd10      	pop	{r4, pc}
10008120:	0051      	lsls	r1, r2, #1
10008122:	1a09      	subs	r1, r1, r0
10008124:	185b      	adds	r3, r3, r1
10008126:	b29b      	uxth	r3, r3
10008128:	e7f4      	b.n	10008114 <tu_fifo_count+0x14>
1000812a:	46c0      	nop			@ (mov r8, r8)

1000812c <tu_fifo_empty>:
1000812c:	8903      	ldrh	r3, [r0, #8]
1000812e:	8940      	ldrh	r0, [r0, #10]
10008130:	1a18      	subs	r0, r3, r0
10008132:	4243      	negs	r3, r0
10008134:	4158      	adcs	r0, r3
10008136:	b2c0      	uxtb	r0, r0
10008138:	4770      	bx	lr
1000813a:	46c0      	nop			@ (mov r8, r8)

1000813c <tu_fifo_remaining>:
1000813c:	b510      	push	{r4, lr}
1000813e:	8904      	ldrh	r4, [r0, #8]
10008140:	8941      	ldrh	r1, [r0, #10]
10008142:	8882      	ldrh	r2, [r0, #4]
10008144:	b2a3      	uxth	r3, r4
10008146:	b288      	uxth	r0, r1
10008148:	428c      	cmp	r4, r1
1000814a:	d307      	bcc.n	1000815c <tu_fifo_remaining+0x20>
1000814c:	1a1b      	subs	r3, r3, r0
1000814e:	b29b      	uxth	r3, r3
10008150:	2000      	movs	r0, #0
10008152:	429a      	cmp	r2, r3
10008154:	d901      	bls.n	1000815a <tu_fifo_remaining+0x1e>
10008156:	1ad2      	subs	r2, r2, r3
10008158:	b290      	uxth	r0, r2
1000815a:	bd10      	pop	{r4, pc}
1000815c:	0051      	lsls	r1, r2, #1
1000815e:	1a09      	subs	r1, r1, r0
10008160:	185b      	adds	r3, r3, r1
10008162:	b29b      	uxth	r3, r3
10008164:	e7f4      	b.n	10008150 <tu_fifo_remaining+0x14>
10008166:	46c0      	nop			@ (mov r8, r8)

10008168 <tu_fifo_read>:
10008168:	b570      	push	{r4, r5, r6, lr}
1000816a:	0004      	movs	r4, r0
1000816c:	6900      	ldr	r0, [r0, #16]
1000816e:	000e      	movs	r6, r1
10008170:	2800      	cmp	r0, #0
10008172:	d003      	beq.n	1000817c <tu_fifo_read+0x14>
10008174:	2101      	movs	r1, #1
10008176:	4249      	negs	r1, r1
10008178:	f000 fd46 	bl	10008c08 <__mutex_enter_timeout_ms_veneer>
1000817c:	8925      	ldrh	r5, [r4, #8]
1000817e:	8960      	ldrh	r0, [r4, #10]
10008180:	88a2      	ldrh	r2, [r4, #4]
10008182:	b2a9      	uxth	r1, r5
10008184:	b283      	uxth	r3, r0
10008186:	4285      	cmp	r5, r0
10008188:	d332      	bcc.n	100081f0 <tu_fifo_read+0x88>
1000818a:	1acd      	subs	r5, r1, r3
1000818c:	b2ad      	uxth	r5, r5
1000818e:	2d00      	cmp	r5, #0
10008190:	d028      	beq.n	100081e4 <tu_fifo_read+0x7c>
10008192:	42aa      	cmp	r2, r5
10008194:	d208      	bcs.n	100081a8 <tu_fifo_read+0x40>
10008196:	4291      	cmp	r1, r2
10008198:	d32f      	bcc.n	100081fa <tu_fifo_read+0x92>
1000819a:	1a89      	subs	r1, r1, r2
1000819c:	b28b      	uxth	r3, r1
1000819e:	8163      	strh	r3, [r4, #10]
100081a0:	429a      	cmp	r2, r3
100081a2:	d803      	bhi.n	100081ac <tu_fifo_read+0x44>
100081a4:	1a9b      	subs	r3, r3, r2
100081a6:	b29b      	uxth	r3, r3
100081a8:	429a      	cmp	r2, r3
100081aa:	d9fb      	bls.n	100081a4 <tu_fifo_read+0x3c>
100081ac:	88e2      	ldrh	r2, [r4, #6]
100081ae:	6821      	ldr	r1, [r4, #0]
100081b0:	0452      	lsls	r2, r2, #17
100081b2:	0c52      	lsrs	r2, r2, #17
100081b4:	4353      	muls	r3, r2
100081b6:	0030      	movs	r0, r6
100081b8:	18c9      	adds	r1, r1, r3
100081ba:	f7fb ff5b 	bl	10004074 <__wrap___aeabi_memcpy>
100081be:	8963      	ldrh	r3, [r4, #10]
100081c0:	2501      	movs	r5, #1
100081c2:	1c59      	adds	r1, r3, #1
100081c4:	b289      	uxth	r1, r1
100081c6:	88a2      	ldrh	r2, [r4, #4]
100081c8:	428b      	cmp	r3, r1
100081ca:	d90d      	bls.n	100081e8 <tu_fifo_read+0x80>
100081cc:	2100      	movs	r1, #0
100081ce:	0052      	lsls	r2, r2, #1
100081d0:	1a89      	subs	r1, r1, r2
100081d2:	b289      	uxth	r1, r1
100081d4:	6920      	ldr	r0, [r4, #16]
100081d6:	8161      	strh	r1, [r4, #10]
100081d8:	2800      	cmp	r0, #0
100081da:	d001      	beq.n	100081e0 <tu_fifo_read+0x78>
100081dc:	f000 fcf4 	bl	10008bc8 <__mutex_exit_veneer>
100081e0:	0028      	movs	r0, r5
100081e2:	bd70      	pop	{r4, r5, r6, pc}
100081e4:	8961      	ldrh	r1, [r4, #10]
100081e6:	b289      	uxth	r1, r1
100081e8:	0052      	lsls	r2, r2, #1
100081ea:	4291      	cmp	r1, r2
100081ec:	dbf2      	blt.n	100081d4 <tu_fifo_read+0x6c>
100081ee:	e7ef      	b.n	100081d0 <tu_fifo_read+0x68>
100081f0:	0055      	lsls	r5, r2, #1
100081f2:	1aed      	subs	r5, r5, r3
100081f4:	194d      	adds	r5, r1, r5
100081f6:	b2ad      	uxth	r5, r5
100081f8:	e7c9      	b.n	1000818e <tu_fifo_read+0x26>
100081fa:	1889      	adds	r1, r1, r2
100081fc:	b28b      	uxth	r3, r1
100081fe:	8163      	strh	r3, [r4, #10]
10008200:	e7ce      	b.n	100081a0 <tu_fifo_read+0x38>
10008202:	46c0      	nop			@ (mov r8, r8)

10008204 <tu_fifo_read_n>:
10008204:	b5f0      	push	{r4, r5, r6, r7, lr}
10008206:	4646      	mov	r6, r8
10008208:	464f      	mov	r7, r9
1000820a:	46d6      	mov	lr, sl
1000820c:	b5c0      	push	{r6, r7, lr}
1000820e:	0006      	movs	r6, r0
10008210:	6900      	ldr	r0, [r0, #16]
10008212:	4689      	mov	r9, r1
10008214:	4690      	mov	r8, r2
10008216:	2800      	cmp	r0, #0
10008218:	d003      	beq.n	10008222 <tu_fifo_read_n+0x1e>
1000821a:	2101      	movs	r1, #1
1000821c:	4249      	negs	r1, r1
1000821e:	f000 fcf3 	bl	10008c08 <__mutex_enter_timeout_ms_veneer>
10008222:	8931      	ldrh	r1, [r6, #8]
10008224:	8972      	ldrh	r2, [r6, #10]
10008226:	88b5      	ldrh	r5, [r6, #4]
10008228:	b28b      	uxth	r3, r1
1000822a:	b294      	uxth	r4, r2
1000822c:	4291      	cmp	r1, r2
1000822e:	d354      	bcc.n	100082da <tu_fifo_read_n+0xd6>
10008230:	1b1f      	subs	r7, r3, r4
10008232:	b2bf      	uxth	r7, r7
10008234:	2f00      	cmp	r7, #0
10008236:	d04a      	beq.n	100082ce <tu_fifo_read_n+0xca>
10008238:	42bd      	cmp	r5, r7
1000823a:	d205      	bcs.n	10008248 <tu_fifo_read_n+0x44>
1000823c:	42ab      	cmp	r3, r5
1000823e:	d251      	bcs.n	100082e4 <tu_fifo_read_n+0xe0>
10008240:	195b      	adds	r3, r3, r5
10008242:	b29c      	uxth	r4, r3
10008244:	002f      	movs	r7, r5
10008246:	8174      	strh	r4, [r6, #10]
10008248:	4643      	mov	r3, r8
1000824a:	45b8      	cmp	r8, r7
1000824c:	d83d      	bhi.n	100082ca <tu_fifo_read_n+0xc6>
1000824e:	b29f      	uxth	r7, r3
10008250:	42a5      	cmp	r5, r4
10008252:	d803      	bhi.n	1000825c <tu_fifo_read_n+0x58>
10008254:	1b64      	subs	r4, r4, r5
10008256:	b2a4      	uxth	r4, r4
10008258:	42a5      	cmp	r5, r4
1000825a:	d9fb      	bls.n	10008254 <tu_fifo_read_n+0x50>
1000825c:	88f2      	ldrh	r2, [r6, #6]
1000825e:	6831      	ldr	r1, [r6, #0]
10008260:	0452      	lsls	r2, r2, #17
10008262:	0c52      	lsrs	r2, r2, #17
10008264:	4690      	mov	r8, r2
10008266:	4362      	muls	r2, r4
10008268:	1b2b      	subs	r3, r5, r4
1000826a:	b29b      	uxth	r3, r3
1000826c:	1889      	adds	r1, r1, r2
1000826e:	4642      	mov	r2, r8
10008270:	429f      	cmp	r7, r3
10008272:	d925      	bls.n	100082c0 <tu_fifo_read_n+0xbc>
10008274:	4353      	muls	r3, r2
10008276:	b29b      	uxth	r3, r3
10008278:	001a      	movs	r2, r3
1000827a:	4648      	mov	r0, r9
1000827c:	469a      	mov	sl, r3
1000827e:	f7fb fef9 	bl	10004074 <__wrap___aeabi_memcpy>
10008282:	4643      	mov	r3, r8
10008284:	4648      	mov	r0, r9
10008286:	1b7d      	subs	r5, r7, r5
10008288:	1964      	adds	r4, r4, r5
1000828a:	435c      	muls	r4, r3
1000828c:	6831      	ldr	r1, [r6, #0]
1000828e:	4450      	add	r0, sl
10008290:	b2a2      	uxth	r2, r4
10008292:	f7fb feef 	bl	10004074 <__wrap___aeabi_memcpy>
10008296:	8971      	ldrh	r1, [r6, #10]
10008298:	88b5      	ldrh	r5, [r6, #4]
1000829a:	19cb      	adds	r3, r1, r7
1000829c:	b29b      	uxth	r3, r3
1000829e:	006a      	lsls	r2, r5, #1
100082a0:	4299      	cmp	r1, r3
100082a2:	d916      	bls.n	100082d2 <tu_fifo_read_n+0xce>
100082a4:	1a9b      	subs	r3, r3, r2
100082a6:	b29b      	uxth	r3, r3
100082a8:	6930      	ldr	r0, [r6, #16]
100082aa:	8173      	strh	r3, [r6, #10]
100082ac:	2800      	cmp	r0, #0
100082ae:	d001      	beq.n	100082b4 <tu_fifo_read_n+0xb0>
100082b0:	f000 fc8a 	bl	10008bc8 <__mutex_exit_veneer>
100082b4:	0038      	movs	r0, r7
100082b6:	bce0      	pop	{r5, r6, r7}
100082b8:	46ba      	mov	sl, r7
100082ba:	46b1      	mov	r9, r6
100082bc:	46a8      	mov	r8, r5
100082be:	bdf0      	pop	{r4, r5, r6, r7, pc}
100082c0:	4648      	mov	r0, r9
100082c2:	437a      	muls	r2, r7
100082c4:	f7fb fed6 	bl	10004074 <__wrap___aeabi_memcpy>
100082c8:	e7e5      	b.n	10008296 <tu_fifo_read_n+0x92>
100082ca:	1c3b      	adds	r3, r7, #0
100082cc:	e7bf      	b.n	1000824e <tu_fifo_read_n+0x4a>
100082ce:	8973      	ldrh	r3, [r6, #10]
100082d0:	b29b      	uxth	r3, r3
100082d2:	006a      	lsls	r2, r5, #1
100082d4:	4293      	cmp	r3, r2
100082d6:	dbe7      	blt.n	100082a8 <tu_fifo_read_n+0xa4>
100082d8:	e7e4      	b.n	100082a4 <tu_fifo_read_n+0xa0>
100082da:	006f      	lsls	r7, r5, #1
100082dc:	1b3f      	subs	r7, r7, r4
100082de:	19df      	adds	r7, r3, r7
100082e0:	b2bf      	uxth	r7, r7
100082e2:	e7a7      	b.n	10008234 <tu_fifo_read_n+0x30>
100082e4:	1b5b      	subs	r3, r3, r5
100082e6:	b29c      	uxth	r4, r3
100082e8:	e7ac      	b.n	10008244 <tu_fifo_read_n+0x40>
100082ea:	46c0      	nop			@ (mov r8, r8)

100082ec <tu_fifo_write>:
100082ec:	b5f8      	push	{r3, r4, r5, r6, r7, lr}
100082ee:	0004      	movs	r4, r0
100082f0:	68c0      	ldr	r0, [r0, #12]
100082f2:	000e      	movs	r6, r1
100082f4:	2800      	cmp	r0, #0
100082f6:	d003      	beq.n	10008300 <tu_fifo_write+0x14>
100082f8:	2101      	movs	r1, #1
100082fa:	4249      	negs	r1, r1
100082fc:	f000 fc84 	bl	10008c08 <__mutex_enter_timeout_ms_veneer>
10008300:	8925      	ldrh	r5, [r4, #8]
10008302:	8920      	ldrh	r0, [r4, #8]
10008304:	8961      	ldrh	r1, [r4, #10]
10008306:	88a2      	ldrh	r2, [r4, #4]
10008308:	b2ad      	uxth	r5, r5
1000830a:	b283      	uxth	r3, r0
1000830c:	b28f      	uxth	r7, r1
1000830e:	4288      	cmp	r0, r1
10008310:	d329      	bcc.n	10008366 <tu_fifo_write+0x7a>
10008312:	1bdb      	subs	r3, r3, r7
10008314:	b29b      	uxth	r3, r3
10008316:	429a      	cmp	r2, r3
10008318:	d809      	bhi.n	1000832e <tu_fifo_write+0x42>
1000831a:	79e7      	ldrb	r7, [r4, #7]
1000831c:	09ff      	lsrs	r7, r7, #7
1000831e:	d106      	bne.n	1000832e <tu_fifo_write+0x42>
10008320:	68e0      	ldr	r0, [r4, #12]
10008322:	2800      	cmp	r0, #0
10008324:	d001      	beq.n	1000832a <tu_fifo_write+0x3e>
10008326:	f000 fc4f 	bl	10008bc8 <__mutex_exit_veneer>
1000832a:	0038      	movs	r0, r7
1000832c:	bdf8      	pop	{r3, r4, r5, r6, r7, pc}
1000832e:	002b      	movs	r3, r5
10008330:	4295      	cmp	r5, r2
10008332:	d31d      	bcc.n	10008370 <tu_fifo_write+0x84>
10008334:	1a9b      	subs	r3, r3, r2
10008336:	b29b      	uxth	r3, r3
10008338:	4293      	cmp	r3, r2
1000833a:	d2fb      	bcs.n	10008334 <tu_fifo_write+0x48>
1000833c:	88e2      	ldrh	r2, [r4, #6]
1000833e:	6820      	ldr	r0, [r4, #0]
10008340:	0452      	lsls	r2, r2, #17
10008342:	0c52      	lsrs	r2, r2, #17
10008344:	4353      	muls	r3, r2
10008346:	0031      	movs	r1, r6
10008348:	18c0      	adds	r0, r0, r3
1000834a:	f7fb fe93 	bl	10004074 <__wrap___aeabi_memcpy>
1000834e:	1c6b      	adds	r3, r5, #1
10008350:	b29b      	uxth	r3, r3
10008352:	88a2      	ldrh	r2, [r4, #4]
10008354:	429d      	cmp	r5, r3
10008356:	d917      	bls.n	10008388 <tu_fifo_write+0x9c>
10008358:	2300      	movs	r3, #0
1000835a:	0052      	lsls	r2, r2, #1
1000835c:	1a9b      	subs	r3, r3, r2
1000835e:	b29b      	uxth	r3, r3
10008360:	2701      	movs	r7, #1
10008362:	8123      	strh	r3, [r4, #8]
10008364:	e7dc      	b.n	10008320 <tu_fifo_write+0x34>
10008366:	0051      	lsls	r1, r2, #1
10008368:	1bc9      	subs	r1, r1, r7
1000836a:	185b      	adds	r3, r3, r1
1000836c:	b29b      	uxth	r3, r3
1000836e:	e7d2      	b.n	10008316 <tu_fifo_write+0x2a>
10008370:	88e2      	ldrh	r2, [r4, #6]
10008372:	6820      	ldr	r0, [r4, #0]
10008374:	0452      	lsls	r2, r2, #17
10008376:	0c52      	lsrs	r2, r2, #17
10008378:	4353      	muls	r3, r2
1000837a:	0031      	movs	r1, r6
1000837c:	18c0      	adds	r0, r0, r3
1000837e:	f7fb fe79 	bl	10004074 <__wrap___aeabi_memcpy>
10008382:	3501      	adds	r5, #1
10008384:	88a2      	ldrh	r2, [r4, #4]
10008386:	b2ab      	uxth	r3, r5
10008388:	0052      	lsls	r2, r2, #1
1000838a:	4293      	cmp	r3, r2
1000838c:	dbe8      	blt.n	10008360 <tu_fifo_write+0x74>
1000838e:	e7e5      	b.n	1000835c <tu_fifo_write+0x70>

10008390 <tu_fifo_write_n>:
10008390:	b5f0      	push	{r4, r5, r6, r7, lr}
10008392:	464e      	mov	r6, r9
10008394:	4657      	mov	r7, sl
10008396:	46de      	mov	lr, fp
10008398:	4645      	mov	r5, r8
1000839a:	b5e0      	push	{r5, r6, r7, lr}
1000839c:	4689      	mov	r9, r1
1000839e:	0006      	movs	r6, r0
100083a0:	0017      	movs	r7, r2
100083a2:	b083      	sub	sp, #12
100083a4:	2a00      	cmp	r2, #0
100083a6:	d067      	beq.n	10008478 <tu_fifo_write_n+0xe8>
100083a8:	68c0      	ldr	r0, [r0, #12]
100083aa:	2800      	cmp	r0, #0
100083ac:	d003      	beq.n	100083b6 <tu_fifo_write_n+0x26>
100083ae:	2101      	movs	r1, #1
100083b0:	4249      	negs	r1, r1
100083b2:	f000 fc29 	bl	10008c08 <__mutex_enter_timeout_ms_veneer>
100083b6:	8933      	ldrh	r3, [r6, #8]
100083b8:	79f2      	ldrb	r2, [r6, #7]
100083ba:	b29b      	uxth	r3, r3
100083bc:	4698      	mov	r8, r3
100083be:	8973      	ldrh	r3, [r6, #10]
100083c0:	88b5      	ldrh	r5, [r6, #4]
100083c2:	b29b      	uxth	r3, r3
100083c4:	09d2      	lsrs	r2, r2, #7
100083c6:	d140      	bne.n	1000844a <tu_fifo_write_n+0xba>
100083c8:	4598      	cmp	r8, r3
100083ca:	d25e      	bcs.n	1000848a <tu_fifo_write_n+0xfa>
100083cc:	006a      	lsls	r2, r5, #1
100083ce:	1ad3      	subs	r3, r2, r3
100083d0:	4443      	add	r3, r8
100083d2:	b29b      	uxth	r3, r3
100083d4:	42ab      	cmp	r3, r5
100083d6:	d25d      	bcs.n	10008494 <tu_fifo_write_n+0x104>
100083d8:	1aeb      	subs	r3, r5, r3
100083da:	1c1a      	adds	r2, r3, #0
100083dc:	b29b      	uxth	r3, r3
100083de:	42bb      	cmp	r3, r7
100083e0:	d900      	bls.n	100083e4 <tu_fifo_write_n+0x54>
100083e2:	1c3a      	adds	r2, r7, #0
100083e4:	b297      	uxth	r7, r2
100083e6:	1b7b      	subs	r3, r7, r5
100083e8:	b29b      	uxth	r3, r3
100083ea:	9301      	str	r3, [sp, #4]
100083ec:	88f3      	ldrh	r3, [r6, #6]
100083ee:	045b      	lsls	r3, r3, #17
100083f0:	0c5b      	lsrs	r3, r3, #17
100083f2:	469a      	mov	sl, r3
100083f4:	4643      	mov	r3, r8
100083f6:	19db      	adds	r3, r3, r7
100083f8:	b29b      	uxth	r3, r3
100083fa:	469b      	mov	fp, r3
100083fc:	4644      	mov	r4, r8
100083fe:	45a8      	cmp	r8, r5
10008400:	d303      	bcc.n	1000840a <tu_fifo_write_n+0x7a>
10008402:	1b64      	subs	r4, r4, r5
10008404:	b2a4      	uxth	r4, r4
10008406:	42ac      	cmp	r4, r5
10008408:	d2fb      	bcs.n	10008402 <tu_fifo_write_n+0x72>
1000840a:	4653      	mov	r3, sl
1000840c:	4363      	muls	r3, r4
1000840e:	6830      	ldr	r0, [r6, #0]
10008410:	1b2d      	subs	r5, r5, r4
10008412:	b2ad      	uxth	r5, r5
10008414:	18c0      	adds	r0, r0, r3
10008416:	42bd      	cmp	r5, r7
10008418:	d34b      	bcc.n	100084b2 <tu_fifo_write_n+0x122>
1000841a:	4652      	mov	r2, sl
1000841c:	4649      	mov	r1, r9
1000841e:	437a      	muls	r2, r7
10008420:	f7fb fe28 	bl	10004074 <__wrap___aeabi_memcpy>
10008424:	88b3      	ldrh	r3, [r6, #4]
10008426:	005b      	lsls	r3, r3, #1
10008428:	45d8      	cmp	r8, fp
1000842a:	d801      	bhi.n	10008430 <tu_fifo_write_n+0xa0>
1000842c:	459b      	cmp	fp, r3
1000842e:	db03      	blt.n	10008438 <tu_fifo_write_n+0xa8>
10008430:	465a      	mov	r2, fp
10008432:	1ad3      	subs	r3, r2, r3
10008434:	b29b      	uxth	r3, r3
10008436:	469b      	mov	fp, r3
10008438:	465b      	mov	r3, fp
1000843a:	003d      	movs	r5, r7
1000843c:	8133      	strh	r3, [r6, #8]
1000843e:	68f0      	ldr	r0, [r6, #12]
10008440:	2800      	cmp	r0, #0
10008442:	d01a      	beq.n	1000847a <tu_fifo_write_n+0xea>
10008444:	f000 fbc0 	bl	10008bc8 <__mutex_exit_veneer>
10008448:	e017      	b.n	1000847a <tu_fifo_write_n+0xea>
1000844a:	88f2      	ldrh	r2, [r6, #6]
1000844c:	0452      	lsls	r2, r2, #17
1000844e:	0c52      	lsrs	r2, r2, #17
10008450:	4692      	mov	sl, r2
10008452:	42af      	cmp	r7, r5
10008454:	d220      	bcs.n	10008498 <tu_fifo_write_n+0x108>
10008456:	4598      	cmp	r8, r3
10008458:	d34d      	bcc.n	100084f6 <tu_fifo_write_n+0x166>
1000845a:	4642      	mov	r2, r8
1000845c:	1ad2      	subs	r2, r2, r3
1000845e:	b292      	uxth	r2, r2
10008460:	0069      	lsls	r1, r5, #1
10008462:	1b78      	subs	r0, r7, r5
10008464:	b280      	uxth	r0, r0
10008466:	19d2      	adds	r2, r2, r7
10008468:	9001      	str	r0, [sp, #4]
1000846a:	428a      	cmp	r2, r1
1000846c:	da33      	bge.n	100084d6 <tu_fifo_write_n+0x146>
1000846e:	4643      	mov	r3, r8
10008470:	18fb      	adds	r3, r7, r3
10008472:	b29b      	uxth	r3, r3
10008474:	469b      	mov	fp, r3
10008476:	e7c1      	b.n	100083fc <tu_fifo_write_n+0x6c>
10008478:	2500      	movs	r5, #0
1000847a:	0028      	movs	r0, r5
1000847c:	b003      	add	sp, #12
1000847e:	bcf0      	pop	{r4, r5, r6, r7}
10008480:	46bb      	mov	fp, r7
10008482:	46b2      	mov	sl, r6
10008484:	46a9      	mov	r9, r5
10008486:	46a0      	mov	r8, r4
10008488:	bdf0      	pop	{r4, r5, r6, r7, pc}
1000848a:	4642      	mov	r2, r8
1000848c:	1ad3      	subs	r3, r2, r3
1000848e:	b29b      	uxth	r3, r3
10008490:	42ab      	cmp	r3, r5
10008492:	d3a1      	bcc.n	100083d8 <tu_fifo_write_n+0x48>
10008494:	2500      	movs	r5, #0
10008496:	e7d2      	b.n	1000843e <tu_fifo_write_n+0xae>
10008498:	2d00      	cmp	r5, #0
1000849a:	d0d0      	beq.n	1000843e <tu_fifo_write_n+0xae>
1000849c:	1b7f      	subs	r7, r7, r5
1000849e:	4357      	muls	r7, r2
100084a0:	4698      	mov	r8, r3
100084a2:	195a      	adds	r2, r3, r5
100084a4:	2300      	movs	r3, #0
100084a6:	b292      	uxth	r2, r2
100084a8:	44b9      	add	r9, r7
100084aa:	4693      	mov	fp, r2
100084ac:	002f      	movs	r7, r5
100084ae:	9301      	str	r3, [sp, #4]
100084b0:	e7a4      	b.n	100083fc <tu_fifo_write_n+0x6c>
100084b2:	4653      	mov	r3, sl
100084b4:	435d      	muls	r5, r3
100084b6:	b2ad      	uxth	r5, r5
100084b8:	002a      	movs	r2, r5
100084ba:	4649      	mov	r1, r9
100084bc:	f7fb fdda 	bl	10004074 <__wrap___aeabi_memcpy>
100084c0:	9b01      	ldr	r3, [sp, #4]
100084c2:	0029      	movs	r1, r5
100084c4:	18e2      	adds	r2, r4, r3
100084c6:	4653      	mov	r3, sl
100084c8:	435a      	muls	r2, r3
100084ca:	6830      	ldr	r0, [r6, #0]
100084cc:	b292      	uxth	r2, r2
100084ce:	4449      	add	r1, r9
100084d0:	f7fb fdd0 	bl	10004074 <__wrap___aeabi_memcpy>
100084d4:	e7a6      	b.n	10008424 <tu_fifo_write_n+0x94>
100084d6:	195a      	adds	r2, r3, r5
100084d8:	b292      	uxth	r2, r2
100084da:	4693      	mov	fp, r2
100084dc:	1bd2      	subs	r2, r2, r7
100084de:	b292      	uxth	r2, r2
100084e0:	4690      	mov	r8, r2
100084e2:	4293      	cmp	r3, r2
100084e4:	d90c      	bls.n	10008500 <tu_fifo_write_n+0x170>
100084e6:	4643      	mov	r3, r8
100084e8:	1a59      	subs	r1, r3, r1
100084ea:	b28b      	uxth	r3, r1
100084ec:	4698      	mov	r8, r3
100084ee:	18fb      	adds	r3, r7, r3
100084f0:	b29b      	uxth	r3, r3
100084f2:	469b      	mov	fp, r3
100084f4:	e782      	b.n	100083fc <tu_fifo_write_n+0x6c>
100084f6:	0069      	lsls	r1, r5, #1
100084f8:	1aca      	subs	r2, r1, r3
100084fa:	4442      	add	r2, r8
100084fc:	b292      	uxth	r2, r2
100084fe:	e7b0      	b.n	10008462 <tu_fifo_write_n+0xd2>
10008500:	4291      	cmp	r1, r2
10008502:	dd00      	ble.n	10008506 <tu_fifo_write_n+0x176>
10008504:	e77a      	b.n	100083fc <tu_fifo_write_n+0x6c>
10008506:	e7ee      	b.n	100084e6 <tu_fifo_write_n+0x156>

10008508 <tu_fifo_clear>:
10008508:	b510      	push	{r4, lr}
1000850a:	0004      	movs	r4, r0
1000850c:	68c0      	ldr	r0, [r0, #12]
1000850e:	2800      	cmp	r0, #0
10008510:	d003      	beq.n	1000851a <tu_fifo_clear+0x12>
10008512:	2101      	movs	r1, #1
10008514:	4249      	negs	r1, r1
10008516:	f000 fb77 	bl	10008c08 <__mutex_enter_timeout_ms_veneer>
1000851a:	6920      	ldr	r0, [r4, #16]
1000851c:	2800      	cmp	r0, #0
1000851e:	d003      	beq.n	10008528 <tu_fifo_clear+0x20>
10008520:	2101      	movs	r1, #1
10008522:	4249      	negs	r1, r1
10008524:	f000 fb70 	bl	10008c08 <__mutex_enter_timeout_ms_veneer>
10008528:	2300      	movs	r3, #0
1000852a:	68e0      	ldr	r0, [r4, #12]
1000852c:	8163      	strh	r3, [r4, #10]
1000852e:	8123      	strh	r3, [r4, #8]
10008530:	2800      	cmp	r0, #0
10008532:	d001      	beq.n	10008538 <tu_fifo_clear+0x30>
10008534:	f000 fb48 	bl	10008bc8 <__mutex_exit_veneer>
10008538:	6920      	ldr	r0, [r4, #16]
1000853a:	2800      	cmp	r0, #0
1000853c:	d001      	beq.n	10008542 <tu_fifo_clear+0x3a>
1000853e:	f000 fb43 	bl	10008bc8 <__mutex_exit_veneer>
10008542:	2001      	movs	r0, #1
10008544:	bd10      	pop	{r4, pc}
10008546:	46c0      	nop			@ (mov r8, r8)

10008548 <tu_fifo_set_overwritable>:
10008548:	b570      	push	{r4, r5, r6, lr}
1000854a:	0004      	movs	r4, r0
1000854c:	68c0      	ldr	r0, [r0, #12]
1000854e:	000d      	movs	r5, r1
10008550:	2800      	cmp	r0, #0
10008552:	d003      	beq.n	1000855c <tu_fifo_set_overwritable+0x14>
10008554:	2101      	movs	r1, #1
10008556:	4249      	negs	r1, r1
10008558:	f000 fb56 	bl	10008c08 <__mutex_enter_timeout_ms_veneer>
1000855c:	6920      	ldr	r0, [r4, #16]
1000855e:	2800      	cmp	r0, #0
10008560:	d003      	beq.n	1000856a <tu_fifo_set_overwritable+0x22>
10008562:	2101      	movs	r1, #1
10008564:	4249      	negs	r1, r1
10008566:	f000 fb4f 	bl	10008c08 <__mutex_enter_timeout_ms_veneer>
1000856a:	217f      	movs	r1, #127	@ 0x7f
1000856c:	79e3      	ldrb	r3, [r4, #7]
1000856e:	01ed      	lsls	r5, r5, #7
10008570:	4019      	ands	r1, r3
10008572:	68e0      	ldr	r0, [r4, #12]
10008574:	4329      	orrs	r1, r5
10008576:	71e1      	strb	r1, [r4, #7]
10008578:	2800      	cmp	r0, #0
1000857a:	d001      	beq.n	10008580 <tu_fifo_set_overwritable+0x38>
1000857c:	f000 fb24 	bl	10008bc8 <__mutex_exit_veneer>
10008580:	6920      	ldr	r0, [r4, #16]
10008582:	2800      	cmp	r0, #0
10008584:	d001      	beq.n	1000858a <tu_fifo_set_overwritable+0x42>
10008586:	f000 fb1f 	bl	10008bc8 <__mutex_exit_veneer>
1000858a:	2001      	movs	r0, #1
1000858c:	bd70      	pop	{r4, r5, r6, pc}
1000858e:	46c0      	nop			@ (mov r8, r8)

10008590 <pio_claim_unused_sm>:
10008590:	b510      	push	{r4, lr}
10008592:	4b0a      	ldr	r3, [pc, #40]	@ (100085bc <pio_claim_unused_sm+0x2c>)
10008594:	4a0a      	ldr	r2, [pc, #40]	@ (100085c0 <pio_claim_unused_sm+0x30>)
10008596:	18c4      	adds	r4, r0, r3
10008598:	0d24      	lsrs	r4, r4, #20
1000859a:	00a4      	lsls	r4, r4, #2
1000859c:	b082      	sub	sp, #8
1000859e:	9200      	str	r2, [sp, #0]
100085a0:	4808      	ldr	r0, [pc, #32]	@ (100085c4 <pio_claim_unused_sm+0x34>)
100085a2:	0022      	movs	r2, r4
100085a4:	1ce3      	adds	r3, r4, #3
100085a6:	f7f9 faaf 	bl	10001b08 <hw_claim_unused_from_range>
100085aa:	4284      	cmp	r4, r0
100085ac:	dc02      	bgt.n	100085b4 <pio_claim_unused_sm+0x24>
100085ae:	1b00      	subs	r0, r0, r4
100085b0:	b002      	add	sp, #8
100085b2:	bd10      	pop	{r4, pc}
100085b4:	2001      	movs	r0, #1
100085b6:	4240      	negs	r0, r0
100085b8:	e7fa      	b.n	100085b0 <pio_claim_unused_sm+0x20>
100085ba:	46c0      	nop			@ (mov r8, r8)
100085bc:	afe00000 	.word	0xafe00000
100085c0:	1000938c 	.word	0x1000938c
100085c4:	20001b40 	.word	0x20001b40

100085c8 <pio_can_add_program>:
100085c8:	b570      	push	{r4, r5, r6, lr}
100085ca:	000d      	movs	r5, r1
100085cc:	0004      	movs	r4, r0
100085ce:	f7f9 fa63 	bl	10001a98 <hw_claim_lock>
100085d2:	4a1a      	ldr	r2, [pc, #104]	@ (1000863c <pio_can_add_program+0x74>)
100085d4:	4b1a      	ldr	r3, [pc, #104]	@ (10008640 <pio_can_add_program+0x78>)
100085d6:	4694      	mov	ip, r2
100085d8:	2201      	movs	r2, #1
100085da:	4464      	add	r4, ip
100085dc:	0d24      	lsrs	r4, r4, #20
100085de:	00a4      	lsls	r4, r4, #2
100085e0:	58e6      	ldr	r6, [r4, r3]
100085e2:	2105      	movs	r1, #5
100085e4:	792c      	ldrb	r4, [r5, #4]
100085e6:	2320      	movs	r3, #32
100085e8:	40a2      	lsls	r2, r4
100085ea:	5669      	ldrsb	r1, [r5, r1]
100085ec:	3a01      	subs	r2, #1
100085ee:	1b1b      	subs	r3, r3, r4
100085f0:	2900      	cmp	r1, #0
100085f2:	db13      	blt.n	1000861c <pio_can_add_program+0x54>
100085f4:	2400      	movs	r4, #0
100085f6:	428b      	cmp	r3, r1
100085f8:	db0c      	blt.n	10008614 <pio_can_add_program+0x4c>
100085fa:	0013      	movs	r3, r2
100085fc:	408b      	lsls	r3, r1
100085fe:	421e      	tst	r6, r3
10008600:	d108      	bne.n	10008614 <pio_can_add_program+0x4c>
10008602:	79ab      	ldrb	r3, [r5, #6]
10008604:	2b00      	cmp	r3, #0
10008606:	d105      	bne.n	10008614 <pio_can_add_program+0x4c>
10008608:	408a      	lsls	r2, r1
1000860a:	0014      	movs	r4, r2
1000860c:	4034      	ands	r4, r6
1000860e:	4263      	negs	r3, r4
10008610:	415c      	adcs	r4, r3
10008612:	b2e4      	uxtb	r4, r4
10008614:	f7f9 fa4c 	bl	10001ab0 <hw_claim_unlock>
10008618:	0020      	movs	r0, r4
1000861a:	bd70      	pop	{r4, r5, r6, pc}
1000861c:	2b00      	cmp	r3, #0
1000861e:	da02      	bge.n	10008626 <pio_can_add_program+0x5e>
10008620:	e009      	b.n	10008636 <pio_can_add_program+0x6e>
10008622:	3b01      	subs	r3, #1
10008624:	d307      	bcc.n	10008636 <pio_can_add_program+0x6e>
10008626:	0014      	movs	r4, r2
10008628:	409c      	lsls	r4, r3
1000862a:	0019      	movs	r1, r3
1000862c:	4226      	tst	r6, r4
1000862e:	d1f8      	bne.n	10008622 <pio_can_add_program+0x5a>
10008630:	79ab      	ldrb	r3, [r5, #6]
10008632:	2b00      	cmp	r3, #0
10008634:	d0e8      	beq.n	10008608 <pio_can_add_program+0x40>
10008636:	2400      	movs	r4, #0
10008638:	e7ec      	b.n	10008614 <pio_can_add_program+0x4c>
1000863a:	46c0      	nop			@ (mov r8, r8)
1000863c:	afe00000 	.word	0xafe00000
10008640:	20001754 	.word	0x20001754

10008644 <pio_add_program>:
10008644:	b5f0      	push	{r4, r5, r6, r7, lr}
10008646:	4657      	mov	r7, sl
10008648:	4645      	mov	r5, r8
1000864a:	46de      	mov	lr, fp
1000864c:	464e      	mov	r6, r9
1000864e:	4688      	mov	r8, r1
10008650:	b5e0      	push	{r5, r6, r7, lr}
10008652:	b083      	sub	sp, #12
10008654:	0006      	movs	r6, r0
10008656:	2505      	movs	r5, #5
10008658:	f7f9 fa1e 	bl	10001a98 <hw_claim_lock>
1000865c:	4643      	mov	r3, r8
1000865e:	4684      	mov	ip, r0
10008660:	575d      	ldrsb	r5, [r3, r5]
10008662:	7918      	ldrb	r0, [r3, #4]
10008664:	4b33      	ldr	r3, [pc, #204]	@ (10008734 <pio_add_program+0xf0>)
10008666:	4a34      	ldr	r2, [pc, #208]	@ (10008738 <pio_add_program+0xf4>)
10008668:	18f3      	adds	r3, r6, r3
1000866a:	0d1b      	lsrs	r3, r3, #20
1000866c:	009b      	lsls	r3, r3, #2
1000866e:	4692      	mov	sl, r2
10008670:	58d7      	ldr	r7, [r2, r3]
10008672:	2201      	movs	r2, #1
10008674:	2420      	movs	r4, #32
10008676:	4082      	lsls	r2, r0
10008678:	1a24      	subs	r4, r4, r0
1000867a:	3a01      	subs	r2, #1
1000867c:	2d00      	cmp	r5, #0
1000867e:	db41      	blt.n	10008704 <pio_add_program+0xc0>
10008680:	42a5      	cmp	r5, r4
10008682:	dc32      	bgt.n	100086ea <pio_add_program+0xa6>
10008684:	0011      	movs	r1, r2
10008686:	40a9      	lsls	r1, r5
10008688:	420f      	tst	r7, r1
1000868a:	d12e      	bne.n	100086ea <pio_add_program+0xa6>
1000868c:	4641      	mov	r1, r8
1000868e:	6809      	ldr	r1, [r1, #0]
10008690:	4689      	mov	r9, r1
10008692:	4641      	mov	r1, r8
10008694:	7989      	ldrb	r1, [r1, #6]
10008696:	2900      	cmp	r1, #0
10008698:	d145      	bne.n	10008726 <pio_add_program+0xe2>
1000869a:	002c      	movs	r4, r5
1000869c:	40aa      	lsls	r2, r5
1000869e:	4693      	mov	fp, r2
100086a0:	4659      	mov	r1, fp
100086a2:	403a      	ands	r2, r7
100086a4:	4239      	tst	r1, r7
100086a6:	d141      	bne.n	1000872c <pio_add_program+0xe8>
100086a8:	2180      	movs	r1, #128	@ 0x80
100086aa:	0189      	lsls	r1, r1, #6
100086ac:	4688      	mov	r8, r1
100086ae:	2800      	cmp	r0, #0
100086b0:	d016      	beq.n	100086e0 <pio_add_program+0x9c>
100086b2:	4661      	mov	r1, ip
100086b4:	46a4      	mov	ip, r4
100086b6:	0034      	movs	r4, r6
100086b8:	464e      	mov	r6, r9
100086ba:	4699      	mov	r9, r3
100086bc:	0003      	movs	r3, r0
100086be:	9101      	str	r1, [sp, #4]
100086c0:	0051      	lsls	r1, r2, #1
100086c2:	5a70      	ldrh	r0, [r6, r1]
100086c4:	4540      	cmp	r0, r8
100086c6:	d200      	bcs.n	100086ca <pio_add_program+0x86>
100086c8:	1940      	adds	r0, r0, r5
100086ca:	18a9      	adds	r1, r5, r2
100086cc:	3112      	adds	r1, #18
100086ce:	0089      	lsls	r1, r1, #2
100086d0:	3201      	adds	r2, #1
100086d2:	5108      	str	r0, [r1, r4]
100086d4:	429a      	cmp	r2, r3
100086d6:	d3f3      	bcc.n	100086c0 <pio_add_program+0x7c>
100086d8:	9b01      	ldr	r3, [sp, #4]
100086da:	4664      	mov	r4, ip
100086dc:	469c      	mov	ip, r3
100086de:	464b      	mov	r3, r9
100086e0:	465a      	mov	r2, fp
100086e2:	4317      	orrs	r7, r2
100086e4:	4652      	mov	r2, sl
100086e6:	50d7      	str	r7, [r2, r3]
100086e8:	e001      	b.n	100086ee <pio_add_program+0xaa>
100086ea:	2401      	movs	r4, #1
100086ec:	4264      	negs	r4, r4
100086ee:	4660      	mov	r0, ip
100086f0:	f7f9 f9de 	bl	10001ab0 <hw_claim_unlock>
100086f4:	0020      	movs	r0, r4
100086f6:	b003      	add	sp, #12
100086f8:	bcf0      	pop	{r4, r5, r6, r7}
100086fa:	46bb      	mov	fp, r7
100086fc:	46b2      	mov	sl, r6
100086fe:	46a9      	mov	r9, r5
10008700:	46a0      	mov	r8, r4
10008702:	bdf0      	pop	{r4, r5, r6, r7, pc}
10008704:	2c00      	cmp	r4, #0
10008706:	da02      	bge.n	1000870e <pio_add_program+0xca>
10008708:	e010      	b.n	1000872c <pio_add_program+0xe8>
1000870a:	3c01      	subs	r4, #1
1000870c:	d30e      	bcc.n	1000872c <pio_add_program+0xe8>
1000870e:	0011      	movs	r1, r2
10008710:	40a1      	lsls	r1, r4
10008712:	0025      	movs	r5, r4
10008714:	420f      	tst	r7, r1
10008716:	d1f8      	bne.n	1000870a <pio_add_program+0xc6>
10008718:	4641      	mov	r1, r8
1000871a:	6809      	ldr	r1, [r1, #0]
1000871c:	4689      	mov	r9, r1
1000871e:	4641      	mov	r1, r8
10008720:	7989      	ldrb	r1, [r1, #6]
10008722:	2900      	cmp	r1, #0
10008724:	d0ba      	beq.n	1000869c <pio_add_program+0x58>
10008726:	2414      	movs	r4, #20
10008728:	4264      	negs	r4, r4
1000872a:	e7e0      	b.n	100086ee <pio_add_program+0xaa>
1000872c:	2409      	movs	r4, #9
1000872e:	4264      	negs	r4, r4
10008730:	e7dd      	b.n	100086ee <pio_add_program+0xaa>
10008732:	46c0      	nop			@ (mov r8, r8)
10008734:	afe00000 	.word	0xafe00000
10008738:	20001754 	.word	0x20001754

1000873c <pio_sm_set_consecutive_pindirs>:
1000873c:	b5f0      	push	{r4, r5, r6, r7, lr}
1000873e:	464e      	mov	r6, r9
10008740:	4645      	mov	r5, r8
10008742:	46de      	mov	lr, fp
10008744:	4657      	mov	r7, sl
10008746:	b5e0      	push	{r5, r6, r7, lr}
10008748:	b083      	sub	sp, #12
1000874a:	4689      	mov	r9, r1
1000874c:	a90c      	add	r1, sp, #48	@ 0x30
1000874e:	4684      	mov	ip, r0
10008750:	780d      	ldrb	r5, [r1, #0]
10008752:	2a1f      	cmp	r2, #31
10008754:	d845      	bhi.n	100087e2 <pio_sm_set_consecutive_pindirs+0xa6>
10008756:	4649      	mov	r1, r9
10008758:	0049      	lsls	r1, r1, #1
1000875a:	4688      	mov	r8, r1
1000875c:	4449      	add	r1, r9
1000875e:	00c9      	lsls	r1, r1, #3
10008760:	1846      	adds	r6, r0, r1
10008762:	0037      	movs	r7, r6
10008764:	0034      	movs	r4, r6
10008766:	37dc      	adds	r7, #220	@ 0xdc
10008768:	6838      	ldr	r0, [r7, #0]
1000876a:	34cc      	adds	r4, #204	@ 0xcc
1000876c:	4683      	mov	fp, r0
1000876e:	6820      	ldr	r0, [r4, #0]
10008770:	0031      	movs	r1, r6
10008772:	9001      	str	r0, [sp, #4]
10008774:	481c      	ldr	r0, [pc, #112]	@ (100087e8 <pio_sm_set_consecutive_pindirs+0xac>)
10008776:	2480      	movs	r4, #128	@ 0x80
10008778:	4682      	mov	sl, r0
1000877a:	02a4      	lsls	r4, r4, #10
1000877c:	4451      	add	r1, sl
1000877e:	600c      	str	r4, [r1, #0]
10008780:	4269      	negs	r1, r5
10008782:	414d      	adcs	r5, r1
10008784:	211e      	movs	r1, #30
10008786:	426d      	negs	r5, r5
10008788:	438d      	bics	r5, r1
1000878a:	4918      	ldr	r1, [pc, #96]	@ (100087ec <pio_sm_set_consecutive_pindirs+0xb0>)
1000878c:	468a      	mov	sl, r1
1000878e:	4455      	add	r5, sl
10008790:	2b05      	cmp	r3, #5
10008792:	d90c      	bls.n	100087ae <pio_sm_set_consecutive_pindirs+0x72>
10008794:	20a0      	movs	r0, #160	@ 0xa0
10008796:	211f      	movs	r1, #31
10008798:	0540      	lsls	r0, r0, #21
1000879a:	36d8      	adds	r6, #216	@ 0xd8
1000879c:	0154      	lsls	r4, r2, #5
1000879e:	4304      	orrs	r4, r0
100087a0:	3205      	adds	r2, #5
100087a2:	3b05      	subs	r3, #5
100087a4:	603c      	str	r4, [r7, #0]
100087a6:	400a      	ands	r2, r1
100087a8:	6035      	str	r5, [r6, #0]
100087aa:	2b05      	cmp	r3, #5
100087ac:	d8f6      	bhi.n	1000879c <pio_sm_set_consecutive_pindirs+0x60>
100087ae:	0152      	lsls	r2, r2, #5
100087b0:	069b      	lsls	r3, r3, #26
100087b2:	4313      	orrs	r3, r2
100087b4:	4642      	mov	r2, r8
100087b6:	444a      	add	r2, r9
100087b8:	00d2      	lsls	r2, r2, #3
100087ba:	4462      	add	r2, ip
100087bc:	0010      	movs	r0, r2
100087be:	32dc      	adds	r2, #220	@ 0xdc
100087c0:	6013      	str	r3, [r2, #0]
100087c2:	0003      	movs	r3, r0
100087c4:	33d8      	adds	r3, #216	@ 0xd8
100087c6:	601d      	str	r5, [r3, #0]
100087c8:	465b      	mov	r3, fp
100087ca:	6013      	str	r3, [r2, #0]
100087cc:	9b01      	ldr	r3, [sp, #4]
100087ce:	30cc      	adds	r0, #204	@ 0xcc
100087d0:	6003      	str	r3, [r0, #0]
100087d2:	2000      	movs	r0, #0
100087d4:	b003      	add	sp, #12
100087d6:	bcf0      	pop	{r4, r5, r6, r7}
100087d8:	46bb      	mov	fp, r7
100087da:	46b2      	mov	sl, r6
100087dc:	46a9      	mov	r9, r5
100087de:	46a0      	mov	r8, r4
100087e0:	bdf0      	pop	{r4, r5, r6, r7, pc}
100087e2:	2005      	movs	r0, #5
100087e4:	4240      	negs	r0, r0
100087e6:	e7f5      	b.n	100087d4 <pio_sm_set_consecutive_pindirs+0x98>
100087e8:	000030cc 	.word	0x000030cc
100087ec:	0000e09f 	.word	0x0000e09f

100087f0 <pio_sm_init>:
100087f0:	b5f0      	push	{r4, r5, r6, r7, lr}
100087f2:	2501      	movs	r5, #1
100087f4:	408d      	lsls	r5, r1
100087f6:	6804      	ldr	r4, [r0, #0]
100087f8:	43ac      	bics	r4, r5
100087fa:	6004      	str	r4, [r0, #0]
100087fc:	2b00      	cmp	r3, #0
100087fe:	d02e      	beq.n	1000885e <pio_sm_init+0x6e>
10008800:	004d      	lsls	r5, r1, #1
10008802:	186c      	adds	r4, r5, r1
10008804:	00e4      	lsls	r4, r4, #3
10008806:	1904      	adds	r4, r0, r4
10008808:	0026      	movs	r6, r4
1000880a:	681f      	ldr	r7, [r3, #0]
1000880c:	36c8      	adds	r6, #200	@ 0xc8
1000880e:	6037      	str	r7, [r6, #0]
10008810:	689f      	ldr	r7, [r3, #8]
10008812:	3604      	adds	r6, #4
10008814:	6077      	str	r7, [r6, #4]
10008816:	685f      	ldr	r7, [r3, #4]
10008818:	68db      	ldr	r3, [r3, #12]
1000881a:	34dc      	adds	r4, #220	@ 0xdc
1000881c:	6037      	str	r7, [r6, #0]
1000881e:	6023      	str	r3, [r4, #0]
10008820:	186b      	adds	r3, r5, r1
10008822:	4d18      	ldr	r5, [pc, #96]	@ (10008884 <pio_sm_init+0x94>)
10008824:	00db      	lsls	r3, r3, #3
10008826:	46ac      	mov	ip, r5
10008828:	2580      	movs	r5, #128	@ 0x80
1000882a:	18c4      	adds	r4, r0, r3
1000882c:	4464      	add	r4, ip
1000882e:	062d      	lsls	r5, r5, #24
10008830:	6025      	str	r5, [r4, #0]
10008832:	6025      	str	r5, [r4, #0]
10008834:	4c14      	ldr	r4, [pc, #80]	@ (10008888 <pio_sm_init+0x98>)
10008836:	1d0d      	adds	r5, r1, #4
10008838:	408c      	lsls	r4, r1
1000883a:	6084      	str	r4, [r0, #8]
1000883c:	2401      	movs	r4, #1
1000883e:	0026      	movs	r6, r4
10008840:	40ae      	lsls	r6, r5
10008842:	2580      	movs	r5, #128	@ 0x80
10008844:	3108      	adds	r1, #8
10008846:	408c      	lsls	r4, r1
10008848:	211f      	movs	r1, #31
1000884a:	01ad      	lsls	r5, r5, #6
1000884c:	1945      	adds	r5, r0, r5
1000884e:	18c0      	adds	r0, r0, r3
10008850:	400a      	ands	r2, r1
10008852:	30d8      	adds	r0, #216	@ 0xd8
10008854:	602e      	str	r6, [r5, #0]
10008856:	602c      	str	r4, [r5, #0]
10008858:	6002      	str	r2, [r0, #0]
1000885a:	2000      	movs	r0, #0
1000885c:	bdf0      	pop	{r4, r5, r6, r7, pc}
1000885e:	004d      	lsls	r5, r1, #1
10008860:	186c      	adds	r4, r5, r1
10008862:	00e4      	lsls	r4, r4, #3
10008864:	1904      	adds	r4, r0, r4
10008866:	0026      	movs	r6, r4
10008868:	2780      	movs	r7, #128	@ 0x80
1000886a:	36c8      	adds	r6, #200	@ 0xc8
1000886c:	027f      	lsls	r7, r7, #9
1000886e:	6037      	str	r7, [r6, #0]
10008870:	27c0      	movs	r7, #192	@ 0xc0
10008872:	033f      	lsls	r7, r7, #12
10008874:	60b7      	str	r7, [r6, #8]
10008876:	27f8      	movs	r7, #248	@ 0xf8
10008878:	3604      	adds	r6, #4
1000887a:	027f      	lsls	r7, r7, #9
1000887c:	34dc      	adds	r4, #220	@ 0xdc
1000887e:	6037      	str	r7, [r6, #0]
10008880:	6023      	str	r3, [r4, #0]
10008882:	e7cd      	b.n	10008820 <pio_sm_init+0x30>
10008884:	000010d0 	.word	0x000010d0
10008888:	01010101 	.word	0x01010101

1000888c <i2c_read_blocking_internal.constprop.0>:
1000888c:	b5f0      	push	{r4, r5, r6, r7, lr}
1000888e:	46de      	mov	lr, fp
10008890:	4657      	mov	r7, sl
10008892:	464e      	mov	r6, r9
10008894:	4645      	mov	r5, r8
10008896:	b5e0      	push	{r5, r6, r7, lr}
10008898:	0007      	movs	r7, r0
1000889a:	b083      	sub	sp, #12
1000889c:	a80c      	add	r0, sp, #48	@ 0x30
1000889e:	9201      	str	r2, [sp, #4]
100088a0:	7802      	ldrb	r2, [r0, #0]
100088a2:	2000      	movs	r0, #0
100088a4:	683c      	ldr	r4, [r7, #0]
100088a6:	469b      	mov	fp, r3
100088a8:	66e0      	str	r0, [r4, #108]	@ 0x6c
100088aa:	6061      	str	r1, [r4, #4]
100088ac:	2101      	movs	r1, #1
100088ae:	4691      	mov	r9, r2
100088b0:	66e1      	str	r1, [r4, #108]	@ 0x6c
100088b2:	2b00      	cmp	r3, #0
100088b4:	dd34      	ble.n	10008920 <i2c_read_blocking_internal.constprop.0+0x94>
100088b6:	1e5a      	subs	r2, r3, #1
100088b8:	4690      	mov	r8, r2
100088ba:	2280      	movs	r2, #128	@ 0x80
100088bc:	0052      	lsls	r2, r2, #1
100088be:	4694      	mov	ip, r2
100088c0:	2680      	movs	r6, #128	@ 0x80
100088c2:	2540      	movs	r5, #64	@ 0x40
100088c4:	6f61      	ldr	r1, [r4, #116]	@ 0x74
100088c6:	2910      	cmp	r1, #16
100088c8:	d0fc      	beq.n	100088c4 <i2c_read_blocking_internal.constprop.0+0x38>
100088ca:	2100      	movs	r1, #0
100088cc:	2800      	cmp	r0, #0
100088ce:	d101      	bne.n	100088d4 <i2c_read_blocking_internal.constprop.0+0x48>
100088d0:	7939      	ldrb	r1, [r7, #4]
100088d2:	0289      	lsls	r1, r1, #10
100088d4:	4540      	cmp	r0, r8
100088d6:	d01d      	beq.n	10008914 <i2c_read_blocking_internal.constprop.0+0x88>
100088d8:	4662      	mov	r2, ip
100088da:	4311      	orrs	r1, r2
100088dc:	6121      	str	r1, [r4, #16]
100088de:	59a1      	ldr	r1, [r4, r6]
100088e0:	6b61      	ldr	r1, [r4, #52]	@ 0x34
100088e2:	420d      	tst	r5, r1
100088e4:	d00b      	beq.n	100088fe <i2c_read_blocking_internal.constprop.0+0x72>
100088e6:	2001      	movs	r0, #1
100088e8:	6d63      	ldr	r3, [r4, #84]	@ 0x54
100088ea:	4240      	negs	r0, r0
100088ec:	464b      	mov	r3, r9
100088ee:	713b      	strb	r3, [r7, #4]
100088f0:	b003      	add	sp, #12
100088f2:	bcf0      	pop	{r4, r5, r6, r7}
100088f4:	46bb      	mov	fp, r7
100088f6:	46b2      	mov	sl, r6
100088f8:	46a9      	mov	r9, r5
100088fa:	46a0      	mov	r8, r4
100088fc:	bdf0      	pop	{r4, r5, r6, r7, pc}
100088fe:	6fa1      	ldr	r1, [r4, #120]	@ 0x78
10008900:	2900      	cmp	r1, #0
10008902:	d0ec      	beq.n	100088de <i2c_read_blocking_internal.constprop.0+0x52>
10008904:	6921      	ldr	r1, [r4, #16]
10008906:	9b01      	ldr	r3, [sp, #4]
10008908:	5419      	strb	r1, [r3, r0]
1000890a:	3001      	adds	r0, #1
1000890c:	4583      	cmp	fp, r0
1000890e:	d0ed      	beq.n	100088ec <i2c_read_blocking_internal.constprop.0+0x60>
10008910:	683c      	ldr	r4, [r7, #0]
10008912:	e7d7      	b.n	100088c4 <i2c_read_blocking_internal.constprop.0+0x38>
10008914:	464b      	mov	r3, r9
10008916:	2201      	movs	r2, #1
10008918:	405a      	eors	r2, r3
1000891a:	0253      	lsls	r3, r2, #9
1000891c:	4319      	orrs	r1, r3
1000891e:	e7db      	b.n	100088d8 <i2c_read_blocking_internal.constprop.0+0x4c>
10008920:	2000      	movs	r0, #0
10008922:	e7e3      	b.n	100088ec <i2c_read_blocking_internal.constprop.0+0x60>

10008924 <i2c_write_blocking_internal.constprop.0>:
10008924:	b5f0      	push	{r4, r5, r6, r7, lr}
10008926:	46de      	mov	lr, fp
10008928:	4657      	mov	r7, sl
1000892a:	464e      	mov	r6, r9
1000892c:	4645      	mov	r5, r8
1000892e:	4690      	mov	r8, r2
10008930:	2200      	movs	r2, #0
10008932:	b5e0      	push	{r5, r6, r7, lr}
10008934:	b085      	sub	sp, #20
10008936:	001e      	movs	r6, r3
10008938:	ab0e      	add	r3, sp, #56	@ 0x38
1000893a:	781b      	ldrb	r3, [r3, #0]
1000893c:	0007      	movs	r7, r0
1000893e:	469b      	mov	fp, r3
10008940:	6803      	ldr	r3, [r0, #0]
10008942:	66da      	str	r2, [r3, #108]	@ 0x6c
10008944:	3201      	adds	r2, #1
10008946:	6059      	str	r1, [r3, #4]
10008948:	66da      	str	r2, [r3, #108]	@ 0x6c
1000894a:	2e00      	cmp	r6, #0
1000894c:	dd60      	ble.n	10008a10 <i2c_write_blocking_internal.constprop.0+0xec>
1000894e:	7902      	ldrb	r2, [r0, #4]
10008950:	4659      	mov	r1, fp
10008952:	0292      	lsls	r2, r2, #10
10008954:	4692      	mov	sl, r2
10008956:	2201      	movs	r2, #1
10008958:	404a      	eors	r2, r1
1000895a:	0252      	lsls	r2, r2, #9
1000895c:	4694      	mov	ip, r2
1000895e:	2280      	movs	r2, #128	@ 0x80
10008960:	4691      	mov	r9, r2
10008962:	465a      	mov	r2, fp
10008964:	2480      	movs	r4, #128	@ 0x80
10008966:	9203      	str	r2, [sp, #12]
10008968:	4662      	mov	r2, ip
1000896a:	46bb      	mov	fp, r7
1000896c:	2000      	movs	r0, #0
1000896e:	2110      	movs	r1, #16
10008970:	4647      	mov	r7, r8
10008972:	46b4      	mov	ip, r6
10008974:	1e75      	subs	r5, r6, #1
10008976:	00a4      	lsls	r4, r4, #2
10008978:	9201      	str	r2, [sp, #4]
1000897a:	1b42      	subs	r2, r0, r5
1000897c:	0016      	movs	r6, r2
1000897e:	4272      	negs	r2, r6
10008980:	4172      	adcs	r2, r6
10008982:	9e01      	ldr	r6, [sp, #4]
10008984:	4252      	negs	r2, r2
10008986:	4016      	ands	r6, r2
10008988:	9602      	str	r6, [sp, #8]
1000898a:	5c3e      	ldrb	r6, [r7, r0]
1000898c:	46b0      	mov	r8, r6
1000898e:	4656      	mov	r6, sl
10008990:	4642      	mov	r2, r8
10008992:	4316      	orrs	r6, r2
10008994:	0032      	movs	r2, r6
10008996:	9e02      	ldr	r6, [sp, #8]
10008998:	4316      	orrs	r6, r2
1000899a:	611e      	str	r6, [r3, #16]
1000899c:	9e01      	ldr	r6, [sp, #4]
1000899e:	6b5a      	ldr	r2, [r3, #52]	@ 0x34
100089a0:	4211      	tst	r1, r2
100089a2:	d0fc      	beq.n	1000899e <i2c_write_blocking_internal.constprop.0+0x7a>
100089a4:	464a      	mov	r2, r9
100089a6:	589a      	ldr	r2, [r3, r2]
100089a8:	9601      	str	r6, [sp, #4]
100089aa:	4692      	mov	sl, r2
100089ac:	2a00      	cmp	r2, #0
100089ae:	d10a      	bne.n	100089c6 <i2c_write_blocking_internal.constprop.0+0xa2>
100089b0:	42a8      	cmp	r0, r5
100089b2:	d028      	beq.n	10008a06 <i2c_write_blocking_internal.constprop.0+0xe2>
100089b4:	2200      	movs	r2, #0
100089b6:	3001      	adds	r0, #1
100089b8:	4692      	mov	sl, r2
100089ba:	4584      	cmp	ip, r0
100089bc:	d1dd      	bne.n	1000897a <i2c_write_blocking_internal.constprop.0+0x56>
100089be:	9b03      	ldr	r3, [sp, #12]
100089c0:	465f      	mov	r7, fp
100089c2:	469b      	mov	fp, r3
100089c4:	e016      	b.n	100089f4 <i2c_write_blocking_internal.constprop.0+0xd0>
100089c6:	6d5a      	ldr	r2, [r3, #84]	@ 0x54
100089c8:	2201      	movs	r2, #1
100089ca:	4690      	mov	r8, r2
100089cc:	6b5a      	ldr	r2, [r3, #52]	@ 0x34
100089ce:	4222      	tst	r2, r4
100089d0:	d0fc      	beq.n	100089cc <i2c_write_blocking_internal.constprop.0+0xa8>
100089d2:	6e1a      	ldr	r2, [r3, #96]	@ 0x60
100089d4:	4642      	mov	r2, r8
100089d6:	9601      	str	r6, [sp, #4]
100089d8:	2a00      	cmp	r2, #0
100089da:	d0eb      	beq.n	100089b4 <i2c_write_blocking_internal.constprop.0+0x90>
100089dc:	9b03      	ldr	r3, [sp, #12]
100089de:	465f      	mov	r7, fp
100089e0:	469b      	mov	fp, r3
100089e2:	4653      	mov	r3, sl
100089e4:	2b00      	cmp	r3, #0
100089e6:	d015      	beq.n	10008a14 <i2c_write_blocking_internal.constprop.0+0xf0>
100089e8:	4653      	mov	r3, sl
100089ea:	07db      	lsls	r3, r3, #31
100089ec:	d412      	bmi.n	10008a14 <i2c_write_blocking_internal.constprop.0+0xf0>
100089ee:	4653      	mov	r3, sl
100089f0:	071b      	lsls	r3, r3, #28
100089f2:	d50f      	bpl.n	10008a14 <i2c_write_blocking_internal.constprop.0+0xf0>
100089f4:	465b      	mov	r3, fp
100089f6:	713b      	strb	r3, [r7, #4]
100089f8:	b005      	add	sp, #20
100089fa:	bcf0      	pop	{r4, r5, r6, r7}
100089fc:	46bb      	mov	fp, r7
100089fe:	46b2      	mov	sl, r6
10008a00:	46a9      	mov	r9, r5
10008a02:	46a0      	mov	r8, r4
10008a04:	bdf0      	pop	{r4, r5, r6, r7, pc}
10008a06:	9a03      	ldr	r2, [sp, #12]
10008a08:	2a00      	cmp	r2, #0
10008a0a:	d1d3      	bne.n	100089b4 <i2c_write_blocking_internal.constprop.0+0x90>
10008a0c:	4690      	mov	r8, r2
10008a0e:	e7dd      	b.n	100089cc <i2c_write_blocking_internal.constprop.0+0xa8>
10008a10:	2000      	movs	r0, #0
10008a12:	e7ef      	b.n	100089f4 <i2c_write_blocking_internal.constprop.0+0xd0>
10008a14:	2001      	movs	r0, #1
10008a16:	4240      	negs	r0, r0
10008a18:	e7ec      	b.n	100089f4 <i2c_write_blocking_internal.constprop.0+0xd0>
10008a1a:	46c0      	nop			@ (mov r8, r8)

10008a1c <i2c_set_baudrate>:
10008a1c:	b5f8      	push	{r3, r4, r5, r6, r7, lr}
10008a1e:	46de      	mov	lr, fp
10008a20:	4657      	mov	r7, sl
10008a22:	464e      	mov	r6, r9
10008a24:	4645      	mov	r5, r8
10008a26:	4683      	mov	fp, r0
10008a28:	b5e0      	push	{r5, r6, r7, lr}
10008a2a:	2005      	movs	r0, #5
10008a2c:	000c      	movs	r4, r1
10008a2e:	f7fa f993 	bl	10002d58 <clock_get_hz>
10008a32:	0006      	movs	r6, r0
10008a34:	0860      	lsrs	r0, r4, #1
10008a36:	0021      	movs	r1, r4
10008a38:	1980      	adds	r0, r0, r6
10008a3a:	f7fa fbe7 	bl	1000320c <__wrap___aeabi_uidiv>
10008a3e:	0043      	lsls	r3, r0, #1
10008a40:	4698      	mov	r8, r3
10008a42:	4480      	add	r8, r0
10008a44:	0007      	movs	r7, r0
10008a46:	2105      	movs	r1, #5
10008a48:	4640      	mov	r0, r8
10008a4a:	f7fa fbdf 	bl	1000320c <__wrap___aeabi_uidiv>
10008a4e:	1a3b      	subs	r3, r7, r0
10008a50:	469a      	mov	sl, r3
10008a52:	4b1e      	ldr	r3, [pc, #120]	@ (10008acc <i2c_set_baudrate+0xb0>)
10008a54:	4681      	mov	r9, r0
10008a56:	0070      	lsls	r0, r6, #1
10008a58:	1980      	adds	r0, r0, r6
10008a5a:	429c      	cmp	r4, r3
10008a5c:	d831      	bhi.n	10008ac2 <i2c_set_baudrate+0xa6>
10008a5e:	491c      	ldr	r1, [pc, #112]	@ (10008ad0 <i2c_set_baudrate+0xb4>)
10008a60:	f7fa fbd4 	bl	1000320c <__wrap___aeabi_uidiv>
10008a64:	1c45      	adds	r5, r0, #1
10008a66:	465b      	mov	r3, fp
10008a68:	681c      	ldr	r4, [r3, #0]
10008a6a:	2300      	movs	r3, #0
10008a6c:	66e3      	str	r3, [r4, #108]	@ 0x6c
10008a6e:	6822      	ldr	r2, [r4, #0]
10008a70:	3304      	adds	r3, #4
10008a72:	405a      	eors	r2, r3
10008a74:	3302      	adds	r3, #2
10008a76:	4013      	ands	r3, r2
10008a78:	2280      	movs	r2, #128	@ 0x80
10008a7a:	0152      	lsls	r2, r2, #5
10008a7c:	18a2      	adds	r2, r4, r2
10008a7e:	6013      	str	r3, [r2, #0]
10008a80:	4653      	mov	r3, sl
10008a82:	61e3      	str	r3, [r4, #28]
10008a84:	464b      	mov	r3, r9
10008a86:	6223      	str	r3, [r4, #32]
10008a88:	4643      	mov	r3, r8
10008a8a:	2001      	movs	r0, #1
10008a8c:	2b4f      	cmp	r3, #79	@ 0x4f
10008a8e:	d903      	bls.n	10008a98 <i2c_set_baudrate+0x7c>
10008a90:	2150      	movs	r1, #80	@ 0x50
10008a92:	4640      	mov	r0, r8
10008a94:	f7fa fbba 	bl	1000320c <__wrap___aeabi_uidiv>
10008a98:	23a0      	movs	r3, #160	@ 0xa0
10008a9a:	50e0      	str	r0, [r4, r3]
10008a9c:	6fe3      	ldr	r3, [r4, #124]	@ 0x7c
10008a9e:	0039      	movs	r1, r7
10008aa0:	405d      	eors	r5, r3
10008aa2:	4b0c      	ldr	r3, [pc, #48]	@ (10008ad4 <i2c_set_baudrate+0xb8>)
10008aa4:	042d      	lsls	r5, r5, #16
10008aa6:	0c2d      	lsrs	r5, r5, #16
10008aa8:	18e3      	adds	r3, r4, r3
10008aaa:	601d      	str	r5, [r3, #0]
10008aac:	2301      	movs	r3, #1
10008aae:	0030      	movs	r0, r6
10008ab0:	66e3      	str	r3, [r4, #108]	@ 0x6c
10008ab2:	f7fa fbab 	bl	1000320c <__wrap___aeabi_uidiv>
10008ab6:	bcf0      	pop	{r4, r5, r6, r7}
10008ab8:	46bb      	mov	fp, r7
10008aba:	46b2      	mov	sl, r6
10008abc:	46a9      	mov	r9, r5
10008abe:	46a0      	mov	r8, r4
10008ac0:	bdf8      	pop	{r3, r4, r5, r6, r7, pc}
10008ac2:	4905      	ldr	r1, [pc, #20]	@ (10008ad8 <i2c_set_baudrate+0xbc>)
10008ac4:	f7fa fba2 	bl	1000320c <__wrap___aeabi_uidiv>
10008ac8:	1c45      	adds	r5, r0, #1
10008aca:	e7cc      	b.n	10008a66 <i2c_set_baudrate+0x4a>
10008acc:	000f423f 	.word	0x000f423f
10008ad0:	00989680 	.word	0x00989680
10008ad4:	0000107c 	.word	0x0000107c
10008ad8:	017d7840 	.word	0x017d7840

10008adc <i2c_init>:
10008adc:	4a0f      	ldr	r2, [pc, #60]	@ (10008b1c <i2c_init+0x40>)
10008ade:	b570      	push	{r4, r5, r6, lr}
10008ae0:	1a82      	subs	r2, r0, r2
10008ae2:	1e53      	subs	r3, r2, #1
10008ae4:	419a      	sbcs	r2, r3
10008ae6:	4b0e      	ldr	r3, [pc, #56]	@ (10008b20 <i2c_init+0x44>)
10008ae8:	00d2      	lsls	r2, r2, #3
10008aea:	3208      	adds	r2, #8
10008aec:	601a      	str	r2, [r3, #0]
10008aee:	4b0d      	ldr	r3, [pc, #52]	@ (10008b24 <i2c_init+0x48>)
10008af0:	4c0d      	ldr	r4, [pc, #52]	@ (10008b28 <i2c_init+0x4c>)
10008af2:	601a      	str	r2, [r3, #0]
10008af4:	0015      	movs	r5, r2
10008af6:	6823      	ldr	r3, [r4, #0]
10008af8:	439d      	bics	r5, r3
10008afa:	1e2b      	subs	r3, r5, #0
10008afc:	d1fa      	bne.n	10008af4 <i2c_init+0x18>
10008afe:	2466      	movs	r4, #102	@ 0x66
10008b00:	6802      	ldr	r2, [r0, #0]
10008b02:	34ff      	adds	r4, #255	@ 0xff
10008b04:	7105      	strb	r5, [r0, #4]
10008b06:	66d5      	str	r5, [r2, #108]	@ 0x6c
10008b08:	6014      	str	r4, [r2, #0]
10008b0a:	3c63      	subs	r4, #99	@ 0x63
10008b0c:	3388      	adds	r3, #136	@ 0x88
10008b0e:	3cff      	subs	r4, #255	@ 0xff
10008b10:	63d5      	str	r5, [r2, #60]	@ 0x3c
10008b12:	6395      	str	r5, [r2, #56]	@ 0x38
10008b14:	50d4      	str	r4, [r2, r3]
10008b16:	f7ff ff81 	bl	10008a1c <i2c_set_baudrate>
10008b1a:	bd70      	pop	{r4, r5, r6, pc}
10008b1c:	200010a8 	.word	0x200010a8
10008b20:	4000e000 	.word	0x4000e000
10008b24:	4000f000 	.word	0x4000f000
10008b28:	4000c008 	.word	0x4000c008

10008b2c <i2c_write_blocking>:
10008b2c:	b510      	push	{r4, lr}
10008b2e:	b082      	sub	sp, #8
10008b30:	466c      	mov	r4, sp
10008b32:	7c24      	ldrb	r4, [r4, #16]
10008b34:	9400      	str	r4, [sp, #0]
10008b36:	f7ff fef5 	bl	10008924 <i2c_write_blocking_internal.constprop.0>
10008b3a:	b002      	add	sp, #8
10008b3c:	bd10      	pop	{r4, pc}
10008b3e:	46c0      	nop			@ (mov r8, r8)

10008b40 <i2c_read_blocking>:
10008b40:	b510      	push	{r4, lr}
10008b42:	b082      	sub	sp, #8
10008b44:	466c      	mov	r4, sp
10008b46:	7c24      	ldrb	r4, [r4, #16]
10008b48:	9400      	str	r4, [sp, #0]
10008b4a:	f7ff fe9f 	bl	1000888c <i2c_read_blocking_internal.constprop.0>
10008b4e:	b002      	add	sp, #8
10008b50:	bd10      	pop	{r4, pc}
10008b52:	46c0      	nop			@ (mov r8, r8)

10008b54 <strlen>:
10008b54:	b510      	push	{r4, lr}
10008b56:	0783      	lsls	r3, r0, #30
10008b58:	d00a      	beq.n	10008b70 <strlen+0x1c>
10008b5a:	0003      	movs	r3, r0
10008b5c:	2103      	movs	r1, #3
10008b5e:	e002      	b.n	10008b66 <strlen+0x12>
10008b60:	3301      	adds	r3, #1
10008b62:	420b      	tst	r3, r1
10008b64:	d005      	beq.n	10008b72 <strlen+0x1e>
10008b66:	781a      	ldrb	r2, [r3, #0]
10008b68:	2a00      	cmp	r2, #0
10008b6a:	d1f9      	bne.n	10008b60 <strlen+0xc>
10008b6c:	1a18      	subs	r0, r3, r0
10008b6e:	bd10      	pop	{r4, pc}
10008b70:	0003      	movs	r3, r0
10008b72:	6819      	ldr	r1, [r3, #0]
10008b74:	4a0c      	ldr	r2, [pc, #48]	@ (10008ba8 <strlen+0x54>)
10008b76:	4c0d      	ldr	r4, [pc, #52]	@ (10008bac <strlen+0x58>)
10008b78:	188a      	adds	r2, r1, r2
10008b7a:	438a      	bics	r2, r1
10008b7c:	4222      	tst	r2, r4
10008b7e:	d10f      	bne.n	10008ba0 <strlen+0x4c>
10008b80:	6859      	ldr	r1, [r3, #4]
10008b82:	4a09      	ldr	r2, [pc, #36]	@ (10008ba8 <strlen+0x54>)
10008b84:	3304      	adds	r3, #4
10008b86:	188a      	adds	r2, r1, r2
10008b88:	438a      	bics	r2, r1
10008b8a:	4222      	tst	r2, r4
10008b8c:	d108      	bne.n	10008ba0 <strlen+0x4c>
10008b8e:	6859      	ldr	r1, [r3, #4]
10008b90:	4a05      	ldr	r2, [pc, #20]	@ (10008ba8 <strlen+0x54>)
10008b92:	3304      	adds	r3, #4
10008b94:	188a      	adds	r2, r1, r2
10008b96:	438a      	bics	r2, r1
10008b98:	4222      	tst	r2, r4
10008b9a:	d0f1      	beq.n	10008b80 <strlen+0x2c>
10008b9c:	e000      	b.n	10008ba0 <strlen+0x4c>
10008b9e:	3301      	adds	r3, #1
10008ba0:	781a      	ldrb	r2, [r3, #0]
10008ba2:	2a00      	cmp	r2, #0
10008ba4:	d1fb      	bne.n	10008b9e <strlen+0x4a>
10008ba6:	e7e1      	b.n	10008b6c <strlen+0x18>
10008ba8:	fefefeff 	.word	0xfefefeff
10008bac:	80808080 	.word	0x80808080

10008bb0 <_fini>:
10008bb0:	b5f8      	push	{r3, r4, r5, r6, r7, lr}
10008bb2:	46c0      	nop			@ (mov r8, r8)
10008bb4:	0000      	movs	r0, r0
	...

10008bb8 <__flash_do_cmd_veneer>:
10008bb8:	b401      	push	{r0}
10008bba:	4802      	ldr	r0, [pc, #8]	@ (10008bc4 <__flash_do_cmd_veneer+0xc>)
10008bbc:	4684      	mov	ip, r0
10008bbe:	bc01      	pop	{r0}
10008bc0:	4760      	bx	ip
10008bc2:	bf00      	nop
10008bc4:	20000301 	.word	0x20000301

10008bc8 <__mutex_exit_veneer>:
10008bc8:	b401      	push	{r0}
10008bca:	4802      	ldr	r0, [pc, #8]	@ (10008bd4 <__mutex_exit_veneer+0xc>)
10008bcc:	4684      	mov	ip, r0
10008bce:	bc01      	pop	{r0}
10008bd0:	4760      	bx	ip
10008bd2:	bf00      	nop
10008bd4:	20000225 	.word	0x20000225

10008bd8 <____aeabi_ldiv0_veneer>:
10008bd8:	b401      	push	{r0}
10008bda:	4802      	ldr	r0, [pc, #8]	@ (10008be4 <____aeabi_ldiv0_veneer+0xc>)
10008bdc:	4684      	mov	ip, r0
10008bde:	bc01      	pop	{r0}
10008be0:	4760      	bx	ip
10008be2:	bf00      	nop
10008be4:	20000f5d 	.word	0x20000f5d

10008be8 <____aeabi_idiv0_veneer>:
10008be8:	b401      	push	{r0}
10008bea:	4802      	ldr	r0, [pc, #8]	@ (10008bf4 <____aeabi_idiv0_veneer+0xc>)
10008bec:	4684      	mov	ip, r0
10008bee:	bc01      	pop	{r0}
10008bf0:	4760      	bx	ip
10008bf2:	bf00      	nop
10008bf4:	20000f5d 	.word	0x20000f5d

10008bf8 <__mutex_try_enter_veneer>:
10008bf8:	b401      	push	{r0}
10008bfa:	4802      	ldr	r0, [pc, #8]	@ (10008c04 <__mutex_try_enter_veneer+0xc>)
10008bfc:	4684      	mov	ip, r0
10008bfe:	bc01      	pop	{r0}
10008c00:	4760      	bx	ip
10008c02:	bf00      	nop
10008c04:	200000c1 	.word	0x200000c1

10008c08 <__mutex_enter_timeout_ms_veneer>:
10008c08:	b401      	push	{r0}
10008c0a:	4802      	ldr	r0, [pc, #8]	@ (10008c14 <__mutex_enter_timeout_ms_veneer+0xc>)
10008c0c:	4684      	mov	ip, r0
10008c0e:	bc01      	pop	{r0}
10008c10:	4760      	bx	ip
10008c12:	bf00      	nop
10008c14:	20000199 	.word	0x20000199

10008c18 <__mutex_try_enter_block_until_veneer>:
10008c18:	b401      	push	{r0}
10008c1a:	4802      	ldr	r0, [pc, #8]	@ (10008c24 <__mutex_try_enter_block_until_veneer+0xc>)
10008c1c:	4684      	mov	ip, r0
10008c1e:	bc01      	pop	{r0}
10008c20:	4760      	bx	ip
10008c22:	bf00      	nop
10008c24:	20000101 	.word	0x20000101

10008c28 <__hw_endpoint_start_next_buffer_veneer>:
10008c28:	b401      	push	{r0}
10008c2a:	4802      	ldr	r0, [pc, #8]	@ (10008c34 <__hw_endpoint_start_next_buffer_veneer+0xc>)
10008c2c:	4684      	mov	ip, r0
10008c2e:	bc01      	pop	{r0}
10008c30:	4760      	bx	ip
10008c32:	bf00      	nop
10008c34:	20000cd1 	.word	0x20000cd1

10008c38 <__e15_is_critical_frame_period_veneer>:
10008c38:	b401      	push	{r0}
10008c3a:	4802      	ldr	r0, [pc, #8]	@ (10008c44 <__e15_is_critical_frame_period_veneer+0xc>)
10008c3c:	4684      	mov	ip, r0
10008c3e:	bc01      	pop	{r0}
10008c40:	4760      	bx	ip
10008c42:	bf00      	nop
10008c44:	20000c41 	.word	0x20000c41

10008c48 <___hw_endpoint_buffer_control_update32_veneer>:
10008c48:	b401      	push	{r0}
10008c4a:	4802      	ldr	r0, [pc, #8]	@ (10008c54 <___hw_endpoint_buffer_control_update32_veneer+0xc>)
10008c4c:	4684      	mov	ip, r0
10008c4e:	bc01      	pop	{r0}
10008c50:	4760      	bx	ip
10008c52:	bf00      	nop
10008c54:	20000c81 	.word	0x20000c81

10008c58 <__reset_non_control_endpoints_veneer>:
10008c58:	b401      	push	{r0}
10008c5a:	4802      	ldr	r0, [pc, #8]	@ (10008c64 <__reset_non_control_endpoints_veneer+0xc>)
10008c5c:	4684      	mov	ip, r0
10008c5e:	bc01      	pop	{r0}
10008c60:	4760      	bx	ip
10008c62:	bf00      	nop
10008c64:	2000043d 	.word	0x2000043d

10008c68 <__e15_is_bulkin_ep_veneer>:
10008c68:	b401      	push	{r0}
10008c6a:	4802      	ldr	r0, [pc, #8]	@ (10008c74 <__e15_is_bulkin_ep_veneer+0xc>)
10008c6c:	4684      	mov	ip, r0
10008c6e:	bc01      	pop	{r0}
10008c70:	4760      	bx	ip
10008c72:	bf00      	nop
10008c74:	20000c19 	.word	0x20000c19

10008c78 <__pre_init_runtime_init_early_resets>:
10008c78:	10002f9d                                ./..

10008c7c <__pre_init_runtime_init_usb_power_down>:
10008c7c:	10002fc9 100031ad 10004059 10003851     ./...1..Y@..Q8..
10008c8c:	10003f55                                U?..

10008c90 <__pre_init_runtime_init_clocks>:
10008c90:	100030d5                                .0..

10008c94 <__pre_init_runtime_init_post_clock_resets>:
10008c94:	10002fe5                                ./..

10008c98 <__pre_init_runtime_init_rp2040_gpio_ie_disable>:
10008c98:	10003005                                .0..

10008c9c <__pre_init_runtime_init_spin_locks_reset>:
10008c9c:	10003019                                .0..

10008ca0 <__pre_init_runtime_init_mutex>:
10008ca0:	10002189                                .!..

10008ca4 <__pre_init_runtime_init_install_ram_vector_table>:
10008ca4:	10003021                                !0..

10008ca8 <__pre_init_runtime_init_default_alarm_pool>:
10008ca8:	10002555                                U%..

10008cac <__pre_init_first_per_core_initializer>:
10008cac:	10002f65                                e/..

10008cb0 <__pre_init_runtime_init_per_core_irq_priorities>:
10008cb0:	10001be9                                ....

10008cb4 <__init_array_start>:
10008cb4:	10006385 	.word	0x10006385

10008cb8 <__frame_dummy_init_array_entry>:
10008cb8:	100002b1                                ....

Disassembly of section .data:

200000c0 <mutex_try_enter>:
200000c0:	0003      	movs	r3, r0
200000c2:	6800      	ldr	r0, [r0, #0]
200000c4:	f3ef 8c10 	mrs	ip, PRIMASK
200000c8:	b672      	cpsid	i
200000ca:	6802      	ldr	r2, [r0, #0]
200000cc:	2a00      	cmp	r2, #0
200000ce:	d0fc      	beq.n	200000ca <mutex_try_enter+0xa>
200000d0:	f3bf 8f5f 	dmb	sy
200000d4:	2204      	movs	r2, #4
200000d6:	569a      	ldrsb	r2, [r3, r2]
200000d8:	2a00      	cmp	r2, #0
200000da:	db0b      	blt.n	200000f4 <mutex_try_enter+0x34>
200000dc:	2900      	cmp	r1, #0
200000de:	d000      	beq.n	200000e2 <mutex_try_enter+0x22>
200000e0:	600a      	str	r2, [r1, #0]
200000e2:	2000      	movs	r0, #0
200000e4:	681b      	ldr	r3, [r3, #0]
200000e6:	f3bf 8f5f 	dmb	sy
200000ea:	2200      	movs	r2, #0
200000ec:	601a      	str	r2, [r3, #0]
200000ee:	f38c 8810 	msr	PRIMASK, ip
200000f2:	4770      	bx	lr
200000f4:	22d0      	movs	r2, #208	@ 0xd0
200000f6:	0612      	lsls	r2, r2, #24
200000f8:	6812      	ldr	r2, [r2, #0]
200000fa:	2001      	movs	r0, #1
200000fc:	711a      	strb	r2, [r3, #4]
200000fe:	e7f1      	b.n	200000e4 <mutex_try_enter+0x24>

20000100 <mutex_try_enter_block_until>:
20000100:	b5f0      	push	{r4, r5, r6, r7, lr}
20000102:	46c6      	mov	lr, r8
20000104:	0015      	movs	r5, r2
20000106:	b500      	push	{lr}
20000108:	0004      	movs	r4, r0
2000010a:	001e      	movs	r6, r3
2000010c:	6802      	ldr	r2, [r0, #0]
2000010e:	f3ef 8110 	mrs	r1, PRIMASK
20000112:	b672      	cpsid	i
20000114:	6813      	ldr	r3, [r2, #0]
20000116:	2b00      	cmp	r3, #0
20000118:	d0fc      	beq.n	20000114 <mutex_try_enter_block_until+0x14>
2000011a:	f3bf 8f5f 	dmb	sy
2000011e:	2304      	movs	r3, #4
20000120:	56e3      	ldrsb	r3, [r4, r3]
20000122:	6822      	ldr	r2, [r4, #0]
20000124:	2b00      	cmp	r3, #0
20000126:	db2b      	blt.n	20000180 <mutex_try_enter_block_until+0x80>
20000128:	f3bf 8f5f 	dmb	sy
2000012c:	2000      	movs	r0, #0
2000012e:	6010      	str	r0, [r2, #0]
20000130:	f381 8810 	msr	PRIMASK, r1
20000134:	22d0      	movs	r2, #208	@ 0xd0
20000136:	0612      	lsls	r2, r2, #24
20000138:	7812      	ldrb	r2, [r2, #0]
2000013a:	2700      	movs	r7, #0
2000013c:	b252      	sxtb	r2, r2
2000013e:	4690      	mov	r8, r2
20000140:	429a      	cmp	r2, r3
20000142:	d10e      	bne.n	20000162 <mutex_try_enter_block_until+0x62>
20000144:	2000      	movs	r0, #0
20000146:	bc80      	pop	{r7}
20000148:	46b8      	mov	r8, r7
2000014a:	bdf0      	pop	{r4, r5, r6, r7, pc}
2000014c:	f3bf 8f5f 	dmb	sy
20000150:	6017      	str	r7, [r2, #0]
20000152:	f381 8810 	msr	PRIMASK, r1
20000156:	0028      	movs	r0, r5
20000158:	0031      	movs	r1, r6
2000015a:	f000 ff31 	bl	20000fc0 <__best_effort_wfe_or_timeout_veneer>
2000015e:	2800      	cmp	r0, #0
20000160:	d1f0      	bne.n	20000144 <mutex_try_enter_block_until+0x44>
20000162:	6822      	ldr	r2, [r4, #0]
20000164:	f3ef 8110 	mrs	r1, PRIMASK
20000168:	b672      	cpsid	i
2000016a:	6813      	ldr	r3, [r2, #0]
2000016c:	2b00      	cmp	r3, #0
2000016e:	d0fc      	beq.n	2000016a <mutex_try_enter_block_until+0x6a>
20000170:	f3bf 8f5f 	dmb	sy
20000174:	7923      	ldrb	r3, [r4, #4]
20000176:	6822      	ldr	r2, [r4, #0]
20000178:	2b7f      	cmp	r3, #127	@ 0x7f
2000017a:	d9e7      	bls.n	2000014c <mutex_try_enter_block_until+0x4c>
2000017c:	4643      	mov	r3, r8
2000017e:	e002      	b.n	20000186 <mutex_try_enter_block_until+0x86>
20000180:	23d0      	movs	r3, #208	@ 0xd0
20000182:	061b      	lsls	r3, r3, #24
20000184:	681b      	ldr	r3, [r3, #0]
20000186:	7123      	strb	r3, [r4, #4]
20000188:	f3bf 8f5f 	dmb	sy
2000018c:	2300      	movs	r3, #0
2000018e:	6013      	str	r3, [r2, #0]
20000190:	f381 8810 	msr	PRIMASK, r1
20000194:	2001      	movs	r0, #1
20000196:	e7d6      	b.n	20000146 <mutex_try_enter_block_until+0x46>

20000198 <mutex_enter_timeout_ms>:
20000198:	b5f0      	push	{r4, r5, r6, r7, lr}
2000019a:	46c6      	mov	lr, r8
2000019c:	b500      	push	{lr}
2000019e:	000d      	movs	r5, r1
200001a0:	0004      	movs	r4, r0
200001a2:	f000 fefd 	bl	20000fa0 <__time_us_64_veneer>
200001a6:	22fa      	movs	r2, #250	@ 0xfa
200001a8:	0006      	movs	r6, r0
200001aa:	000f      	movs	r7, r1
200001ac:	2300      	movs	r3, #0
200001ae:	0028      	movs	r0, r5
200001b0:	2100      	movs	r1, #0
200001b2:	0092      	lsls	r2, r2, #2
200001b4:	f000 fefc 	bl	20000fb0 <____wrap___aeabi_lmul_veneer>
200001b8:	1836      	adds	r6, r6, r0
200001ba:	414f      	adcs	r7, r1
200001bc:	2f00      	cmp	r7, #0
200001be:	da02      	bge.n	200001c6 <mutex_enter_timeout_ms+0x2e>
200001c0:	2601      	movs	r6, #1
200001c2:	4f17      	ldr	r7, [pc, #92]	@ (20000220 <mutex_enter_timeout_ms+0x88>)
200001c4:	4276      	negs	r6, r6
200001c6:	23d0      	movs	r3, #208	@ 0xd0
200001c8:	061b      	lsls	r3, r3, #24
200001ca:	681b      	ldr	r3, [r3, #0]
200001cc:	2500      	movs	r5, #0
200001ce:	4698      	mov	r8, r3
200001d0:	e00a      	b.n	200001e8 <mutex_enter_timeout_ms+0x50>
200001d2:	f3bf 8f5f 	dmb	sy
200001d6:	6015      	str	r5, [r2, #0]
200001d8:	f381 8810 	msr	PRIMASK, r1
200001dc:	0030      	movs	r0, r6
200001de:	0039      	movs	r1, r7
200001e0:	f000 feee 	bl	20000fc0 <__best_effort_wfe_or_timeout_veneer>
200001e4:	2800      	cmp	r0, #0
200001e6:	d118      	bne.n	2000021a <mutex_enter_timeout_ms+0x82>
200001e8:	6822      	ldr	r2, [r4, #0]
200001ea:	f3ef 8110 	mrs	r1, PRIMASK
200001ee:	b672      	cpsid	i
200001f0:	6813      	ldr	r3, [r2, #0]
200001f2:	2b00      	cmp	r3, #0
200001f4:	d0fc      	beq.n	200001f0 <mutex_enter_timeout_ms+0x58>
200001f6:	f3bf 8f5f 	dmb	sy
200001fa:	7923      	ldrb	r3, [r4, #4]
200001fc:	6822      	ldr	r2, [r4, #0]
200001fe:	2b7f      	cmp	r3, #127	@ 0x7f
20000200:	d9e7      	bls.n	200001d2 <mutex_enter_timeout_ms+0x3a>
20000202:	4643      	mov	r3, r8
20000204:	7123      	strb	r3, [r4, #4]
20000206:	f3bf 8f5f 	dmb	sy
2000020a:	2300      	movs	r3, #0
2000020c:	6013      	str	r3, [r2, #0]
2000020e:	f381 8810 	msr	PRIMASK, r1
20000212:	2001      	movs	r0, #1
20000214:	bc80      	pop	{r7}
20000216:	46b8      	mov	r8, r7
20000218:	bdf0      	pop	{r4, r5, r6, r7, pc}
2000021a:	2000      	movs	r0, #0
2000021c:	e7fa      	b.n	20000214 <mutex_enter_timeout_ms+0x7c>
2000021e:	46c0      	nop			@ (mov r8, r8)
20000220:	7fffffff 	.word	0x7fffffff

20000224 <mutex_exit>:
20000224:	6802      	ldr	r2, [r0, #0]
20000226:	f3ef 8110 	mrs	r1, PRIMASK
2000022a:	b672      	cpsid	i
2000022c:	6813      	ldr	r3, [r2, #0]
2000022e:	2b00      	cmp	r3, #0
20000230:	d0fc      	beq.n	2000022c <mutex_exit+0x8>
20000232:	f3bf 8f5f 	dmb	sy
20000236:	23ff      	movs	r3, #255	@ 0xff
20000238:	7103      	strb	r3, [r0, #4]
2000023a:	6803      	ldr	r3, [r0, #0]
2000023c:	f3bf 8f5f 	dmb	sy
20000240:	2200      	movs	r2, #0
20000242:	601a      	str	r2, [r3, #0]
20000244:	f381 8810 	msr	PRIMASK, r1
20000248:	bf40      	sev
2000024a:	4770      	bx	lr

2000024c <flash_init_boot2_copyout>:
2000024c:	b510      	push	{r4, lr}
2000024e:	4c08      	ldr	r4, [pc, #32]	@ (20000270 <flash_init_boot2_copyout+0x24>)
20000250:	7823      	ldrb	r3, [r4, #0]
20000252:	2b00      	cmp	r3, #0
20000254:	d10a      	bne.n	2000026c <flash_init_boot2_copyout+0x20>
20000256:	2380      	movs	r3, #128	@ 0x80
20000258:	4806      	ldr	r0, [pc, #24]	@ (20000274 <flash_init_boot2_copyout+0x28>)
2000025a:	4907      	ldr	r1, [pc, #28]	@ (20000278 <flash_init_boot2_copyout+0x2c>)
2000025c:	055b      	lsls	r3, r3, #21
2000025e:	681a      	ldr	r2, [r3, #0]
20000260:	50c2      	str	r2, [r0, r3]
20000262:	3304      	adds	r3, #4
20000264:	428b      	cmp	r3, r1
20000266:	d1fa      	bne.n	2000025e <flash_init_boot2_copyout+0x12>
20000268:	2301      	movs	r3, #1
2000026a:	7023      	strb	r3, [r4, #0]
2000026c:	bd10      	pop	{r4, pc}
2000026e:	46c0      	nop			@ (mov r8, r8)
20000270:	20002034 	.word	0x20002034
20000274:	10001a28 	.word	0x10001a28
20000278:	10000100 	.word	0x10000100

2000027c <flash_enable_xip_via_boot2>:
2000027c:	b510      	push	{r4, lr}
2000027e:	4b01      	ldr	r3, [pc, #4]	@ (20000284 <flash_enable_xip_via_boot2+0x8>)
20000280:	4798      	blx	r3
20000282:	bd10      	pop	{r4, pc}
20000284:	20001a29 	.word	0x20001a29

20000288 <flash_save_hardware_state>:
20000288:	4b06      	ldr	r3, [pc, #24]	@ (200002a4 <flash_save_hardware_state+0x1c>)
2000028a:	685a      	ldr	r2, [r3, #4]
2000028c:	6002      	str	r2, [r0, #0]
2000028e:	689a      	ldr	r2, [r3, #8]
20000290:	6042      	str	r2, [r0, #4]
20000292:	68da      	ldr	r2, [r3, #12]
20000294:	6082      	str	r2, [r0, #8]
20000296:	691a      	ldr	r2, [r3, #16]
20000298:	60c2      	str	r2, [r0, #12]
2000029a:	695a      	ldr	r2, [r3, #20]
2000029c:	6102      	str	r2, [r0, #16]
2000029e:	699b      	ldr	r3, [r3, #24]
200002a0:	6143      	str	r3, [r0, #20]
200002a2:	4770      	bx	lr
200002a4:	40020000 	.word	0x40020000

200002a8 <flash_restore_hardware_state>:
200002a8:	6802      	ldr	r2, [r0, #0]
200002aa:	4b06      	ldr	r3, [pc, #24]	@ (200002c4 <flash_restore_hardware_state+0x1c>)
200002ac:	605a      	str	r2, [r3, #4]
200002ae:	6842      	ldr	r2, [r0, #4]
200002b0:	609a      	str	r2, [r3, #8]
200002b2:	6882      	ldr	r2, [r0, #8]
200002b4:	60da      	str	r2, [r3, #12]
200002b6:	68c2      	ldr	r2, [r0, #12]
200002b8:	611a      	str	r2, [r3, #16]
200002ba:	6902      	ldr	r2, [r0, #16]
200002bc:	615a      	str	r2, [r3, #20]
200002be:	6942      	ldr	r2, [r0, #20]
200002c0:	619a      	str	r2, [r3, #24]
200002c2:	4770      	bx	lr
200002c4:	40020000 	.word	0x40020000

200002c8 <flash_cs_force.constprop.0>:
200002c8:	4b03      	ldr	r3, [pc, #12]	@ (200002d8 <flash_cs_force.constprop.0+0x10>)
200002ca:	681a      	ldr	r2, [r3, #0]
200002cc:	23c0      	movs	r3, #192	@ 0xc0
200002ce:	009b      	lsls	r3, r3, #2
200002d0:	4393      	bics	r3, r2
200002d2:	4a02      	ldr	r2, [pc, #8]	@ (200002dc <flash_cs_force.constprop.0+0x14>)
200002d4:	6013      	str	r3, [r2, #0]
200002d6:	4770      	bx	lr
200002d8:	4001800c 	.word	0x4001800c
200002dc:	4001900c 	.word	0x4001900c

200002e0 <flash_cs_force.constprop.1>:
200002e0:	4b05      	ldr	r3, [pc, #20]	@ (200002f8 <flash_cs_force.constprop.1+0x18>)
200002e2:	681a      	ldr	r2, [r3, #0]
200002e4:	2380      	movs	r3, #128	@ 0x80
200002e6:	009b      	lsls	r3, r3, #2
200002e8:	4053      	eors	r3, r2
200002ea:	22c0      	movs	r2, #192	@ 0xc0
200002ec:	0092      	lsls	r2, r2, #2
200002ee:	4013      	ands	r3, r2
200002f0:	4a02      	ldr	r2, [pc, #8]	@ (200002fc <flash_cs_force.constprop.1+0x1c>)
200002f2:	6013      	str	r3, [r2, #0]
200002f4:	4770      	bx	lr
200002f6:	46c0      	nop			@ (mov r8, r8)
200002f8:	4001800c 	.word	0x4001800c
200002fc:	4001900c 	.word	0x4001900c

20000300 <flash_do_cmd>:
20000300:	2300      	movs	r3, #0
20000302:	b5f0      	push	{r4, r5, r6, r7, lr}
20000304:	46de      	mov	lr, fp
20000306:	4657      	mov	r7, sl
20000308:	464e      	mov	r6, r9
2000030a:	4645      	mov	r5, r8
2000030c:	469a      	mov	sl, r3
2000030e:	b5e0      	push	{r5, r6, r7, lr}
20000310:	b089      	sub	sp, #36	@ 0x24
20000312:	9001      	str	r0, [sp, #4]
20000314:	000e      	movs	r6, r1
20000316:	8a98      	ldrh	r0, [r3, #20]
20000318:	4945      	ldr	r1, [pc, #276]	@ (20000430 <flash_do_cmd+0x130>)
2000031a:	8b1b      	ldrh	r3, [r3, #24]
2000031c:	0014      	movs	r4, r2
2000031e:	4798      	blx	r3
20000320:	4653      	mov	r3, sl
20000322:	4681      	mov	r9, r0
20000324:	4943      	ldr	r1, [pc, #268]	@ (20000434 <flash_do_cmd+0x134>)
20000326:	8a98      	ldrh	r0, [r3, #20]
20000328:	8b1b      	ldrh	r3, [r3, #24]
2000032a:	4798      	blx	r3
2000032c:	4653      	mov	r3, sl
2000032e:	4942      	ldr	r1, [pc, #264]	@ (20000438 <flash_do_cmd+0x138>)
20000330:	0005      	movs	r5, r0
20000332:	8a98      	ldrh	r0, [r3, #20]
20000334:	8b1b      	ldrh	r3, [r3, #24]
20000336:	4798      	blx	r3
20000338:	4680      	mov	r8, r0
2000033a:	f7ff ff87 	bl	2000024c <flash_init_boot2_copyout>
2000033e:	a802      	add	r0, sp, #8
20000340:	f7ff ffa2 	bl	20000288 <flash_save_hardware_state>
20000344:	47c8      	blx	r9
20000346:	47a8      	blx	r5
20000348:	f7ff ffca 	bl	200002e0 <flash_cs_force.constprop.1>
2000034c:	1e25      	subs	r5, r4, #0
2000034e:	d022      	beq.n	20000396 <flash_do_cmd+0x96>
20000350:	2308      	movs	r3, #8
20000352:	21c0      	movs	r1, #192	@ 0xc0
20000354:	469c      	mov	ip, r3
20000356:	2002      	movs	r0, #2
20000358:	0549      	lsls	r1, r1, #21
2000035a:	4662      	mov	r2, ip
2000035c:	6a8b      	ldr	r3, [r1, #40]	@ 0x28
2000035e:	401a      	ands	r2, r3
20000360:	4218      	tst	r0, r3
20000362:	d03f      	beq.n	200003e4 <flash_do_cmd+0xe4>
20000364:	1b63      	subs	r3, r4, r5
20000366:	2d00      	cmp	r5, #0
20000368:	d12f      	bne.n	200003ca <flash_do_cmd+0xca>
2000036a:	2a00      	cmp	r2, #0
2000036c:	d111      	bne.n	20000392 <flash_do_cmd+0x92>
2000036e:	2c00      	cmp	r4, #0
20000370:	d011      	beq.n	20000396 <flash_do_cmd+0x96>
20000372:	23c0      	movs	r3, #192	@ 0xc0
20000374:	055b      	lsls	r3, r3, #21
20000376:	469b      	mov	fp, r3
20000378:	2302      	movs	r3, #2
2000037a:	469a      	mov	sl, r3
2000037c:	3306      	adds	r3, #6
2000037e:	4699      	mov	r9, r3
20000380:	465b      	mov	r3, fp
20000382:	464a      	mov	r2, r9
20000384:	4657      	mov	r7, sl
20000386:	6a9b      	ldr	r3, [r3, #40]	@ 0x28
20000388:	401a      	ands	r2, r3
2000038a:	421f      	tst	r7, r3
2000038c:	d042      	beq.n	20000414 <flash_do_cmd+0x114>
2000038e:	2a00      	cmp	r2, #0
20000390:	d0f6      	beq.n	20000380 <flash_do_cmd+0x80>
20000392:	2c00      	cmp	r4, #0
20000394:	d130      	bne.n	200003f8 <flash_do_cmd+0xf8>
20000396:	f7ff ff97 	bl	200002c8 <flash_cs_force.constprop.0>
2000039a:	47c0      	blx	r8
2000039c:	f7ff ff6e 	bl	2000027c <flash_enable_xip_via_boot2>
200003a0:	a802      	add	r0, sp, #8
200003a2:	f7ff ff81 	bl	200002a8 <flash_restore_hardware_state>
200003a6:	b009      	add	sp, #36	@ 0x24
200003a8:	bcf0      	pop	{r4, r5, r6, r7}
200003aa:	46bb      	mov	fp, r7
200003ac:	46b2      	mov	sl, r6
200003ae:	46a9      	mov	r9, r5
200003b0:	46a0      	mov	r8, r4
200003b2:	bdf0      	pop	{r4, r5, r6, r7, pc}
200003b4:	2c00      	cmp	r4, #0
200003b6:	d12f      	bne.n	20000418 <flash_do_cmd+0x118>
200003b8:	22c0      	movs	r2, #192	@ 0xc0
200003ba:	0552      	lsls	r2, r2, #21
200003bc:	6a92      	ldr	r2, [r2, #40]	@ 0x28
200003be:	4691      	mov	r9, r2
200003c0:	2208      	movs	r2, #8
200003c2:	464f      	mov	r7, r9
200003c4:	403a      	ands	r2, r7
200003c6:	07bf      	lsls	r7, r7, #30
200003c8:	d52d      	bpl.n	20000426 <flash_do_cmd+0x126>
200003ca:	2b0d      	cmp	r3, #13
200003cc:	d91b      	bls.n	20000406 <flash_do_cmd+0x106>
200003ce:	2a00      	cmp	r2, #0
200003d0:	d1f0      	bne.n	200003b4 <flash_do_cmd+0xb4>
200003d2:	22c0      	movs	r2, #192	@ 0xc0
200003d4:	0552      	lsls	r2, r2, #21
200003d6:	6a92      	ldr	r2, [r2, #40]	@ 0x28
200003d8:	4691      	mov	r9, r2
200003da:	2208      	movs	r2, #8
200003dc:	464f      	mov	r7, r9
200003de:	403a      	ands	r2, r7
200003e0:	07bf      	lsls	r7, r7, #30
200003e2:	d4f2      	bmi.n	200003ca <flash_do_cmd+0xca>
200003e4:	2a00      	cmp	r2, #0
200003e6:	d104      	bne.n	200003f2 <flash_do_cmd+0xf2>
200003e8:	002b      	movs	r3, r5
200003ea:	4323      	orrs	r3, r4
200003ec:	2b00      	cmp	r3, #0
200003ee:	d1b4      	bne.n	2000035a <flash_do_cmd+0x5a>
200003f0:	e7d1      	b.n	20000396 <flash_do_cmd+0x96>
200003f2:	002b      	movs	r3, r5
200003f4:	2c00      	cmp	r4, #0
200003f6:	d0f9      	beq.n	200003ec <flash_do_cmd+0xec>
200003f8:	6e0b      	ldr	r3, [r1, #96]	@ 0x60
200003fa:	3c01      	subs	r4, #1
200003fc:	7033      	strb	r3, [r6, #0]
200003fe:	0023      	movs	r3, r4
20000400:	3601      	adds	r6, #1
20000402:	432b      	orrs	r3, r5
20000404:	e7f2      	b.n	200003ec <flash_do_cmd+0xec>
20000406:	9f01      	ldr	r7, [sp, #4]
20000408:	3d01      	subs	r5, #1
2000040a:	783b      	ldrb	r3, [r7, #0]
2000040c:	3701      	adds	r7, #1
2000040e:	660b      	str	r3, [r1, #96]	@ 0x60
20000410:	9701      	str	r7, [sp, #4]
20000412:	e7e7      	b.n	200003e4 <flash_do_cmd+0xe4>
20000414:	2500      	movs	r5, #0
20000416:	e7e5      	b.n	200003e4 <flash_do_cmd+0xe4>
20000418:	23c0      	movs	r3, #192	@ 0xc0
2000041a:	055b      	lsls	r3, r3, #21
2000041c:	6e1b      	ldr	r3, [r3, #96]	@ 0x60
2000041e:	3c01      	subs	r4, #1
20000420:	7033      	strb	r3, [r6, #0]
20000422:	3601      	adds	r6, #1
20000424:	e799      	b.n	2000035a <flash_do_cmd+0x5a>
20000426:	002b      	movs	r3, r5
20000428:	2a00      	cmp	r2, #0
2000042a:	d1df      	bne.n	200003ec <flash_do_cmd+0xec>
2000042c:	e7dc      	b.n	200003e8 <flash_do_cmd+0xe8>
2000042e:	46c0      	nop			@ (mov r8, r8)
20000430:	00004649 	.word	0x00004649
20000434:	00005845 	.word	0x00005845
20000438:	00004346 	.word	0x00004346

2000043c <reset_non_control_endpoints>:
2000043c:	2200      	movs	r2, #0
2000043e:	4b15      	ldr	r3, [pc, #84]	@ (20000494 <reset_non_control_endpoints+0x58>)
20000440:	b510      	push	{r4, lr}
20000442:	609a      	str	r2, [r3, #8]
20000444:	60da      	str	r2, [r3, #12]
20000446:	611a      	str	r2, [r3, #16]
20000448:	615a      	str	r2, [r3, #20]
2000044a:	619a      	str	r2, [r3, #24]
2000044c:	61da      	str	r2, [r3, #28]
2000044e:	621a      	str	r2, [r3, #32]
20000450:	625a      	str	r2, [r3, #36]	@ 0x24
20000452:	629a      	str	r2, [r3, #40]	@ 0x28
20000454:	62da      	str	r2, [r3, #44]	@ 0x2c
20000456:	631a      	str	r2, [r3, #48]	@ 0x30
20000458:	635a      	str	r2, [r3, #52]	@ 0x34
2000045a:	639a      	str	r2, [r3, #56]	@ 0x38
2000045c:	63da      	str	r2, [r3, #60]	@ 0x3c
2000045e:	641a      	str	r2, [r3, #64]	@ 0x40
20000460:	645a      	str	r2, [r3, #68]	@ 0x44
20000462:	649a      	str	r2, [r3, #72]	@ 0x48
20000464:	64da      	str	r2, [r3, #76]	@ 0x4c
20000466:	651a      	str	r2, [r3, #80]	@ 0x50
20000468:	655a      	str	r2, [r3, #84]	@ 0x54
2000046a:	659a      	str	r2, [r3, #88]	@ 0x58
2000046c:	65da      	str	r2, [r3, #92]	@ 0x5c
2000046e:	661a      	str	r2, [r3, #96]	@ 0x60
20000470:	665a      	str	r2, [r3, #100]	@ 0x64
20000472:	669a      	str	r2, [r3, #104]	@ 0x68
20000474:	66da      	str	r2, [r3, #108]	@ 0x6c
20000476:	671a      	str	r2, [r3, #112]	@ 0x70
20000478:	675a      	str	r2, [r3, #116]	@ 0x74
2000047a:	679a      	str	r2, [r3, #120]	@ 0x78
2000047c:	67da      	str	r2, [r3, #124]	@ 0x7c
2000047e:	32f0      	adds	r2, #240	@ 0xf0
20000480:	0092      	lsls	r2, r2, #2
20000482:	2100      	movs	r1, #0
20000484:	4804      	ldr	r0, [pc, #16]	@ (20000498 <reset_non_control_endpoints+0x5c>)
20000486:	f000 fd83 	bl	20000f90 <____wrap_memset_veneer>
2000048a:	4b04      	ldr	r3, [pc, #16]	@ (2000049c <reset_non_control_endpoints+0x60>)
2000048c:	4a04      	ldr	r2, [pc, #16]	@ (200004a0 <reset_non_control_endpoints+0x64>)
2000048e:	601a      	str	r2, [r3, #0]
20000490:	bd10      	pop	{r4, pc}
20000492:	46c0      	nop			@ (mov r8, r8)
20000494:	50100000 	.word	0x50100000
20000498:	20001be4 	.word	0x20001be4
2000049c:	20001fc0 	.word	0x20001fc0
200004a0:	50100180 	.word	0x50100180

200004a4 <hw_handle_buff_status>:
200004a4:	b5f0      	push	{r4, r5, r6, r7, lr}
200004a6:	464e      	mov	r6, r9
200004a8:	4645      	mov	r5, r8
200004aa:	46de      	mov	lr, fp
200004ac:	4657      	mov	r7, sl
200004ae:	b5e0      	push	{r5, r6, r7, lr}
200004b0:	4b21      	ldr	r3, [pc, #132]	@ (20000538 <hw_handle_buff_status+0x94>)
200004b2:	2400      	movs	r4, #0
200004b4:	6d9e      	ldr	r6, [r3, #88]	@ 0x58
200004b6:	2501      	movs	r5, #1
200004b8:	b085      	sub	sp, #20
200004ba:	2e00      	cmp	r6, #0
200004bc:	d022      	beq.n	20000504 <hw_handle_buff_status+0x60>
200004be:	4b1f      	ldr	r3, [pc, #124]	@ (2000053c <hw_handle_buff_status+0x98>)
200004c0:	469a      	mov	sl, r3
200004c2:	2301      	movs	r3, #1
200004c4:	4699      	mov	r9, r3
200004c6:	4b1e      	ldr	r3, [pc, #120]	@ (20000540 <hw_handle_buff_status+0x9c>)
200004c8:	4698      	mov	r8, r3
200004ca:	e001      	b.n	200004d0 <hw_handle_buff_status+0x2c>
200004cc:	2c20      	cmp	r4, #32
200004ce:	d019      	beq.n	20000504 <hw_handle_buff_status+0x60>
200004d0:	002a      	movs	r2, r5
200004d2:	0023      	movs	r3, r4
200004d4:	3401      	adds	r4, #1
200004d6:	002f      	movs	r7, r5
200004d8:	4032      	ands	r2, r6
200004da:	b2e4      	uxtb	r4, r4
200004dc:	006d      	lsls	r5, r5, #1
200004de:	2a00      	cmp	r2, #0
200004e0:	d0f4      	beq.n	200004cc <hw_handle_buff_status+0x28>
200004e2:	4652      	mov	r2, sl
200004e4:	6597      	str	r7, [r2, #88]	@ 0x58
200004e6:	464a      	mov	r2, r9
200004e8:	085b      	lsrs	r3, r3, #1
200004ea:	005b      	lsls	r3, r3, #1
200004ec:	4022      	ands	r2, r4
200004ee:	189b      	adds	r3, r3, r2
200004f0:	015b      	lsls	r3, r3, #5
200004f2:	4443      	add	r3, r8
200004f4:	0018      	movs	r0, r3
200004f6:	469b      	mov	fp, r3
200004f8:	f000 fc1e 	bl	20000d38 <hw_endpoint_xfer_continue>
200004fc:	2800      	cmp	r0, #0
200004fe:	d108      	bne.n	20000512 <hw_handle_buff_status+0x6e>
20000500:	43be      	bics	r6, r7
20000502:	d1e3      	bne.n	200004cc <hw_handle_buff_status+0x28>
20000504:	b005      	add	sp, #20
20000506:	bcf0      	pop	{r4, r5, r6, r7}
20000508:	46bb      	mov	fp, r7
2000050a:	46b2      	mov	sl, r6
2000050c:	46a9      	mov	r9, r5
2000050e:	46a0      	mov	r8, r4
20000510:	bdf0      	pop	{r4, r5, r6, r7, pc}
20000512:	465b      	mov	r3, fp
20000514:	21e0      	movs	r1, #224	@ 0xe0
20000516:	789a      	ldrb	r2, [r3, #2]
20000518:	8adb      	ldrh	r3, [r3, #22]
2000051a:	a801      	add	r0, sp, #4
2000051c:	6083      	str	r3, [r0, #8]
2000051e:	2300      	movs	r3, #0
20000520:	00c9      	lsls	r1, r1, #3
20000522:	8001      	strh	r1, [r0, #0]
20000524:	2101      	movs	r1, #1
20000526:	7102      	strb	r2, [r0, #4]
20000528:	7143      	strb	r3, [r0, #5]
2000052a:	f000 fc25 	bl	20000d78 <dcd_event_handler>
2000052e:	4658      	mov	r0, fp
20000530:	f000 fba0 	bl	20000c74 <hw_endpoint_reset_transfer>
20000534:	e7e4      	b.n	20000500 <hw_handle_buff_status+0x5c>
20000536:	46c0      	nop			@ (mov r8, r8)
20000538:	50110000 	.word	0x50110000
2000053c:	50113000 	.word	0x50113000
20000540:	20001ba4 	.word	0x20001ba4

20000544 <dcd_rp2040_irq>:
20000544:	2398      	movs	r3, #152	@ 0x98
20000546:	b5f0      	push	{r4, r5, r6, r7, lr}
20000548:	46c6      	mov	lr, r8
2000054a:	4ac8      	ldr	r2, [pc, #800]	@ (2000086c <dcd_rp2040_irq+0x328>)
2000054c:	b500      	push	{lr}
2000054e:	58d5      	ldr	r5, [r2, r3]
20000550:	2380      	movs	r3, #128	@ 0x80
20000552:	002e      	movs	r6, r5
20000554:	029b      	lsls	r3, r3, #10
20000556:	2410      	movs	r4, #16
20000558:	b084      	sub	sp, #16
2000055a:	401e      	ands	r6, r3
2000055c:	421d      	tst	r5, r3
2000055e:	d074      	beq.n	2000064a <dcd_rp2040_irq+0x106>
20000560:	4bc3      	ldr	r3, [pc, #780]	@ (20000870 <dcd_rp2040_irq+0x32c>)
20000562:	4cc4      	ldr	r4, [pc, #784]	@ (20000874 <dcd_rp2040_irq+0x330>)
20000564:	6a9a      	ldr	r2, [r3, #40]	@ 0x28
20000566:	4bc4      	ldr	r3, [pc, #784]	@ (20000878 <dcd_rp2040_irq+0x334>)
20000568:	2600      	movs	r6, #0
2000056a:	601a      	str	r2, [r3, #0]
2000056c:	233b      	movs	r3, #59	@ 0x3b
2000056e:	5ce3      	ldrb	r3, [r4, r3]
20000570:	2b02      	cmp	r3, #2
20000572:	d100      	bne.n	20000576 <dcd_rp2040_irq+0x32>
20000574:	e14f      	b.n	20000816 <dcd_rp2040_irq+0x2d2>
20000576:	237b      	movs	r3, #123	@ 0x7b
20000578:	5ce3      	ldrb	r3, [r4, r3]
2000057a:	2b02      	cmp	r3, #2
2000057c:	d100      	bne.n	20000580 <dcd_rp2040_irq+0x3c>
2000057e:	e0f3      	b.n	20000768 <dcd_rp2040_irq+0x224>
20000580:	23bb      	movs	r3, #187	@ 0xbb
20000582:	5ce3      	ldrb	r3, [r4, r3]
20000584:	2b02      	cmp	r3, #2
20000586:	d100      	bne.n	2000058a <dcd_rp2040_irq+0x46>
20000588:	e0fa      	b.n	20000780 <dcd_rp2040_irq+0x23c>
2000058a:	23fb      	movs	r3, #251	@ 0xfb
2000058c:	5ce3      	ldrb	r3, [r4, r3]
2000058e:	2b02      	cmp	r3, #2
20000590:	d100      	bne.n	20000594 <dcd_rp2040_irq+0x50>
20000592:	e101      	b.n	20000798 <dcd_rp2040_irq+0x254>
20000594:	233c      	movs	r3, #60	@ 0x3c
20000596:	33ff      	adds	r3, #255	@ 0xff
20000598:	5ce3      	ldrb	r3, [r4, r3]
2000059a:	2b02      	cmp	r3, #2
2000059c:	d100      	bne.n	200005a0 <dcd_rp2040_irq+0x5c>
2000059e:	e12d      	b.n	200007fc <dcd_rp2040_irq+0x2b8>
200005a0:	237c      	movs	r3, #124	@ 0x7c
200005a2:	33ff      	adds	r3, #255	@ 0xff
200005a4:	5ce3      	ldrb	r3, [r4, r3]
200005a6:	2b02      	cmp	r3, #2
200005a8:	d100      	bne.n	200005ac <dcd_rp2040_irq+0x68>
200005aa:	e10e      	b.n	200007ca <dcd_rp2040_irq+0x286>
200005ac:	23bc      	movs	r3, #188	@ 0xbc
200005ae:	33ff      	adds	r3, #255	@ 0xff
200005b0:	5ce3      	ldrb	r3, [r4, r3]
200005b2:	2b02      	cmp	r3, #2
200005b4:	d100      	bne.n	200005b8 <dcd_rp2040_irq+0x74>
200005b6:	e13f      	b.n	20000838 <dcd_rp2040_irq+0x2f4>
200005b8:	23fc      	movs	r3, #252	@ 0xfc
200005ba:	33ff      	adds	r3, #255	@ 0xff
200005bc:	5ce3      	ldrb	r3, [r4, r3]
200005be:	2b02      	cmp	r3, #2
200005c0:	d100      	bne.n	200005c4 <dcd_rp2040_irq+0x80>
200005c2:	e0f5      	b.n	200007b0 <dcd_rp2040_irq+0x26c>
200005c4:	4bad      	ldr	r3, [pc, #692]	@ (2000087c <dcd_rp2040_irq+0x338>)
200005c6:	5ce3      	ldrb	r3, [r4, r3]
200005c8:	2b02      	cmp	r3, #2
200005ca:	d100      	bne.n	200005ce <dcd_rp2040_irq+0x8a>
200005cc:	e174      	b.n	200008b8 <dcd_rp2040_irq+0x374>
200005ce:	4bac      	ldr	r3, [pc, #688]	@ (20000880 <dcd_rp2040_irq+0x33c>)
200005d0:	5ce3      	ldrb	r3, [r4, r3]
200005d2:	2b02      	cmp	r3, #2
200005d4:	d100      	bne.n	200005d8 <dcd_rp2040_irq+0x94>
200005d6:	e105      	b.n	200007e4 <dcd_rp2040_irq+0x2a0>
200005d8:	4baa      	ldr	r3, [pc, #680]	@ (20000884 <dcd_rp2040_irq+0x340>)
200005da:	5ce3      	ldrb	r3, [r4, r3]
200005dc:	2b02      	cmp	r3, #2
200005de:	d100      	bne.n	200005e2 <dcd_rp2040_irq+0x9e>
200005e0:	e175      	b.n	200008ce <dcd_rp2040_irq+0x38a>
200005e2:	4ba9      	ldr	r3, [pc, #676]	@ (20000888 <dcd_rp2040_irq+0x344>)
200005e4:	5ce3      	ldrb	r3, [r4, r3]
200005e6:	2b02      	cmp	r3, #2
200005e8:	d100      	bne.n	200005ec <dcd_rp2040_irq+0xa8>
200005ea:	e132      	b.n	20000852 <dcd_rp2040_irq+0x30e>
200005ec:	4ba7      	ldr	r3, [pc, #668]	@ (2000088c <dcd_rp2040_irq+0x348>)
200005ee:	5ce3      	ldrb	r3, [r4, r3]
200005f0:	2b02      	cmp	r3, #2
200005f2:	d100      	bne.n	200005f6 <dcd_rp2040_irq+0xb2>
200005f4:	e1a0      	b.n	20000938 <dcd_rp2040_irq+0x3f4>
200005f6:	4ba6      	ldr	r3, [pc, #664]	@ (20000890 <dcd_rp2040_irq+0x34c>)
200005f8:	5ce3      	ldrb	r3, [r4, r3]
200005fa:	2b02      	cmp	r3, #2
200005fc:	d100      	bne.n	20000600 <dcd_rp2040_irq+0xbc>
200005fe:	e171      	b.n	200008e4 <dcd_rp2040_irq+0x3a0>
20000600:	4ba4      	ldr	r3, [pc, #656]	@ (20000894 <dcd_rp2040_irq+0x350>)
20000602:	5ce3      	ldrb	r3, [r4, r3]
20000604:	2b02      	cmp	r3, #2
20000606:	d100      	bne.n	2000060a <dcd_rp2040_irq+0xc6>
20000608:	e1a1      	b.n	2000094e <dcd_rp2040_irq+0x40a>
2000060a:	4ba3      	ldr	r3, [pc, #652]	@ (20000898 <dcd_rp2040_irq+0x354>)
2000060c:	5ce3      	ldrb	r3, [r4, r3]
2000060e:	2b02      	cmp	r3, #2
20000610:	d100      	bne.n	20000614 <dcd_rp2040_irq+0xd0>
20000612:	e17f      	b.n	20000914 <dcd_rp2040_irq+0x3d0>
20000614:	2e00      	cmp	r6, #0
20000616:	d108      	bne.n	2000062a <dcd_rp2040_irq+0xe6>
20000618:	4ba0      	ldr	r3, [pc, #640]	@ (2000089c <dcd_rp2040_irq+0x358>)
2000061a:	781b      	ldrb	r3, [r3, #0]
2000061c:	2b00      	cmp	r3, #0
2000061e:	d104      	bne.n	2000062a <dcd_rp2040_irq+0xe6>
20000620:	2180      	movs	r1, #128	@ 0x80
20000622:	4a9f      	ldr	r2, [pc, #636]	@ (200008a0 <dcd_rp2040_irq+0x35c>)
20000624:	3390      	adds	r3, #144	@ 0x90
20000626:	0289      	lsls	r1, r1, #10
20000628:	50d1      	str	r1, [r2, r3]
2000062a:	22c0      	movs	r2, #192	@ 0xc0
2000062c:	4669      	mov	r1, sp
2000062e:	4b8f      	ldr	r3, [pc, #572]	@ (2000086c <dcd_rp2040_irq+0x328>)
20000630:	0092      	lsls	r2, r2, #2
20000632:	6c9b      	ldr	r3, [r3, #72]	@ 0x48
20000634:	2680      	movs	r6, #128	@ 0x80
20000636:	055b      	lsls	r3, r3, #21
20000638:	808a      	strh	r2, [r1, #4]
2000063a:	0d5b      	lsrs	r3, r3, #21
2000063c:	2101      	movs	r1, #1
2000063e:	a801      	add	r0, sp, #4
20000640:	9302      	str	r3, [sp, #8]
20000642:	f000 fb99 	bl	20000d78 <dcd_event_handler>
20000646:	4c97      	ldr	r4, [pc, #604]	@ (200008a4 <dcd_rp2040_irq+0x360>)
20000648:	02b6      	lsls	r6, r6, #10
2000064a:	06eb      	lsls	r3, r5, #27
2000064c:	d500      	bpl.n	20000650 <dcd_rp2040_irq+0x10c>
2000064e:	e07f      	b.n	20000750 <dcd_rp2040_irq+0x20c>
20000650:	2380      	movs	r3, #128	@ 0x80
20000652:	025b      	lsls	r3, r3, #9
20000654:	421d      	tst	r5, r3
20000656:	d031      	beq.n	200006bc <dcd_rp2040_irq+0x178>
20000658:	431e      	orrs	r6, r3
2000065a:	2301      	movs	r3, #1
2000065c:	2402      	movs	r4, #2
2000065e:	4698      	mov	r8, r3
20000660:	4f84      	ldr	r7, [pc, #528]	@ (20000874 <dcd_rp2040_irq+0x330>)
20000662:	7ebb      	ldrb	r3, [r7, #26]
20000664:	2b00      	cmp	r3, #0
20000666:	d014      	beq.n	20000692 <dcd_rp2040_irq+0x14e>
20000668:	f000 fc8a 	bl	20000f80 <__rp2040_chip_version_veneer>
2000066c:	2801      	cmp	r0, #1
2000066e:	d900      	bls.n	20000672 <dcd_rp2040_irq+0x12e>
20000670:	e072      	b.n	20000758 <dcd_rp2040_irq+0x214>
20000672:	22c0      	movs	r2, #192	@ 0xc0
20000674:	2100      	movs	r1, #0
20000676:	0038      	movs	r0, r7
20000678:	0192      	lsls	r2, r2, #6
2000067a:	f000 fb01 	bl	20000c80 <_hw_endpoint_buffer_control_update32>
2000067e:	0038      	movs	r0, r7
20000680:	f000 faf8 	bl	20000c74 <hw_endpoint_reset_transfer>
20000684:	f000 fc7c 	bl	20000f80 <__rp2040_chip_version_veneer>
20000688:	2801      	cmp	r0, #1
2000068a:	d902      	bls.n	20000692 <dcd_rp2040_irq+0x14e>
2000068c:	4b84      	ldr	r3, [pc, #528]	@ (200008a0 <dcd_rp2040_irq+0x35c>)
2000068e:	665c      	str	r4, [r3, #100]	@ 0x64
20000690:	661c      	str	r4, [r3, #96]	@ 0x60
20000692:	4643      	mov	r3, r8
20000694:	70fb      	strb	r3, [r7, #3]
20000696:	3720      	adds	r7, #32
20000698:	2c01      	cmp	r4, #1
2000069a:	d122      	bne.n	200006e2 <dcd_rp2040_irq+0x19e>
2000069c:	23c0      	movs	r3, #192	@ 0xc0
2000069e:	466a      	mov	r2, sp
200006a0:	00db      	lsls	r3, r3, #3
200006a2:	8093      	strh	r3, [r2, #4]
200006a4:	4a80      	ldr	r2, [pc, #512]	@ (200008a8 <dcd_rp2040_irq+0x364>)
200006a6:	ab02      	add	r3, sp, #8
200006a8:	ca03      	ldmia	r2!, {r0, r1}
200006aa:	c303      	stmia	r3!, {r0, r1}
200006ac:	2101      	movs	r1, #1
200006ae:	a801      	add	r0, sp, #4
200006b0:	f000 fb62 	bl	20000d78 <dcd_event_handler>
200006b4:	2280      	movs	r2, #128	@ 0x80
200006b6:	4b7a      	ldr	r3, [pc, #488]	@ (200008a0 <dcd_rp2040_irq+0x35c>)
200006b8:	0292      	lsls	r2, r2, #10
200006ba:	651a      	str	r2, [r3, #80]	@ 0x50
200006bc:	2380      	movs	r3, #128	@ 0x80
200006be:	015b      	lsls	r3, r3, #5
200006c0:	421d      	tst	r5, r3
200006c2:	d110      	bne.n	200006e6 <dcd_rp2040_irq+0x1a2>
200006c4:	2380      	movs	r3, #128	@ 0x80
200006c6:	01db      	lsls	r3, r3, #7
200006c8:	421d      	tst	r5, r3
200006ca:	d123      	bne.n	20000714 <dcd_rp2040_irq+0x1d0>
200006cc:	2380      	movs	r3, #128	@ 0x80
200006ce:	021b      	lsls	r3, r3, #8
200006d0:	421d      	tst	r5, r3
200006d2:	d12f      	bne.n	20000734 <dcd_rp2040_irq+0x1f0>
200006d4:	42ae      	cmp	r6, r5
200006d6:	d000      	beq.n	200006da <dcd_rp2040_irq+0x196>
200006d8:	e1c0      	b.n	20000a5c <dcd_rp2040_irq+0x518>
200006da:	b004      	add	sp, #16
200006dc:	bc80      	pop	{r7}
200006de:	46b8      	mov	r8, r7
200006e0:	bdf0      	pop	{r4, r5, r6, r7, pc}
200006e2:	2401      	movs	r4, #1
200006e4:	e7bd      	b.n	20000662 <dcd_rp2040_irq+0x11e>
200006e6:	2400      	movs	r4, #0
200006e8:	431e      	orrs	r6, r3
200006ea:	4b60      	ldr	r3, [pc, #384]	@ (2000086c <dcd_rp2040_irq+0x328>)
200006ec:	601c      	str	r4, [r3, #0]
200006ee:	f7ff fea5 	bl	2000043c <reset_non_control_endpoints>
200006f2:	2380      	movs	r3, #128	@ 0x80
200006f4:	466a      	mov	r2, sp
200006f6:	005b      	lsls	r3, r3, #1
200006f8:	8093      	strh	r3, [r2, #4]
200006fa:	7214      	strb	r4, [r2, #8]
200006fc:	2101      	movs	r1, #1
200006fe:	a801      	add	r0, sp, #4
20000700:	f000 fb3a 	bl	20000d78 <dcd_event_handler>
20000704:	2280      	movs	r2, #128	@ 0x80
20000706:	4b66      	ldr	r3, [pc, #408]	@ (200008a0 <dcd_rp2040_irq+0x35c>)
20000708:	0312      	lsls	r2, r2, #12
2000070a:	651a      	str	r2, [r3, #80]	@ 0x50
2000070c:	2380      	movs	r3, #128	@ 0x80
2000070e:	01db      	lsls	r3, r3, #7
20000710:	421d      	tst	r5, r3
20000712:	d0db      	beq.n	200006cc <dcd_rp2040_irq+0x188>
20000714:	431e      	orrs	r6, r3
20000716:	2380      	movs	r3, #128	@ 0x80
20000718:	466a      	mov	r2, sp
2000071a:	00db      	lsls	r3, r3, #3
2000071c:	8093      	strh	r3, [r2, #4]
2000071e:	2101      	movs	r1, #1
20000720:	a801      	add	r0, sp, #4
20000722:	f000 fb29 	bl	20000d78 <dcd_event_handler>
20000726:	2210      	movs	r2, #16
20000728:	4b5d      	ldr	r3, [pc, #372]	@ (200008a0 <dcd_rp2040_irq+0x35c>)
2000072a:	651a      	str	r2, [r3, #80]	@ 0x50
2000072c:	2380      	movs	r3, #128	@ 0x80
2000072e:	021b      	lsls	r3, r3, #8
20000730:	421d      	tst	r5, r3
20000732:	d0cf      	beq.n	200006d4 <dcd_rp2040_irq+0x190>
20000734:	431e      	orrs	r6, r3
20000736:	23a0      	movs	r3, #160	@ 0xa0
20000738:	466a      	mov	r2, sp
2000073a:	00db      	lsls	r3, r3, #3
2000073c:	8093      	strh	r3, [r2, #4]
2000073e:	2101      	movs	r1, #1
20000740:	a801      	add	r0, sp, #4
20000742:	f000 fb19 	bl	20000d78 <dcd_event_handler>
20000746:	2280      	movs	r2, #128	@ 0x80
20000748:	4b55      	ldr	r3, [pc, #340]	@ (200008a0 <dcd_rp2040_irq+0x35c>)
2000074a:	0112      	lsls	r2, r2, #4
2000074c:	651a      	str	r2, [r3, #80]	@ 0x50
2000074e:	e7c1      	b.n	200006d4 <dcd_rp2040_irq+0x190>
20000750:	f7ff fea8 	bl	200004a4 <hw_handle_buff_status>
20000754:	0026      	movs	r6, r4
20000756:	e77b      	b.n	20000650 <dcd_rp2040_irq+0x10c>
20000758:	4b54      	ldr	r3, [pc, #336]	@ (200008ac <dcd_rp2040_irq+0x368>)
2000075a:	4a44      	ldr	r2, [pc, #272]	@ (2000086c <dcd_rp2040_irq+0x328>)
2000075c:	661c      	str	r4, [r3, #96]	@ 0x60
2000075e:	6e53      	ldr	r3, [r2, #100]	@ 0x64
20000760:	4023      	ands	r3, r4
20000762:	42a3      	cmp	r3, r4
20000764:	d1fb      	bne.n	2000075e <dcd_rp2040_irq+0x21a>
20000766:	e784      	b.n	20000672 <dcd_rp2040_irq+0x12e>
20000768:	3378      	adds	r3, #120	@ 0x78
2000076a:	5ce7      	ldrb	r7, [r4, r3]
2000076c:	2f00      	cmp	r7, #0
2000076e:	d100      	bne.n	20000772 <dcd_rp2040_irq+0x22e>
20000770:	e706      	b.n	20000580 <dcd_rp2040_irq+0x3c>
20000772:	3302      	adds	r3, #2
20000774:	5ce2      	ldrb	r2, [r4, r3]
20000776:	2a00      	cmp	r2, #0
20000778:	d000      	beq.n	2000077c <dcd_rp2040_irq+0x238>
2000077a:	e10d      	b.n	20000998 <dcd_rp2040_irq+0x454>
2000077c:	003e      	movs	r6, r7
2000077e:	e6ff      	b.n	20000580 <dcd_rp2040_irq+0x3c>
20000780:	33b8      	adds	r3, #184	@ 0xb8
20000782:	5ce7      	ldrb	r7, [r4, r3]
20000784:	2f00      	cmp	r7, #0
20000786:	d100      	bne.n	2000078a <dcd_rp2040_irq+0x246>
20000788:	e6ff      	b.n	2000058a <dcd_rp2040_irq+0x46>
2000078a:	3302      	adds	r3, #2
2000078c:	5ce2      	ldrb	r2, [r4, r3]
2000078e:	2a00      	cmp	r2, #0
20000790:	d000      	beq.n	20000794 <dcd_rp2040_irq+0x250>
20000792:	e0f9      	b.n	20000988 <dcd_rp2040_irq+0x444>
20000794:	003e      	movs	r6, r7
20000796:	e6f8      	b.n	2000058a <dcd_rp2040_irq+0x46>
20000798:	33f8      	adds	r3, #248	@ 0xf8
2000079a:	5ce7      	ldrb	r7, [r4, r3]
2000079c:	2f00      	cmp	r7, #0
2000079e:	d100      	bne.n	200007a2 <dcd_rp2040_irq+0x25e>
200007a0:	e6f8      	b.n	20000594 <dcd_rp2040_irq+0x50>
200007a2:	3302      	adds	r3, #2
200007a4:	5ce2      	ldrb	r2, [r4, r3]
200007a6:	2a00      	cmp	r2, #0
200007a8:	d000      	beq.n	200007ac <dcd_rp2040_irq+0x268>
200007aa:	e141      	b.n	20000a30 <dcd_rp2040_irq+0x4ec>
200007ac:	003e      	movs	r6, r7
200007ae:	e6f1      	b.n	20000594 <dcd_rp2040_irq+0x50>
200007b0:	33f9      	adds	r3, #249	@ 0xf9
200007b2:	33ff      	adds	r3, #255	@ 0xff
200007b4:	5ce7      	ldrb	r7, [r4, r3]
200007b6:	2f00      	cmp	r7, #0
200007b8:	d100      	bne.n	200007bc <dcd_rp2040_irq+0x278>
200007ba:	e703      	b.n	200005c4 <dcd_rp2040_irq+0x80>
200007bc:	3302      	adds	r3, #2
200007be:	5ce2      	ldrb	r2, [r4, r3]
200007c0:	2a00      	cmp	r2, #0
200007c2:	d000      	beq.n	200007c6 <dcd_rp2040_irq+0x282>
200007c4:	e12b      	b.n	20000a1e <dcd_rp2040_irq+0x4da>
200007c6:	003e      	movs	r6, r7
200007c8:	e6fc      	b.n	200005c4 <dcd_rp2040_irq+0x80>
200007ca:	3379      	adds	r3, #121	@ 0x79
200007cc:	33ff      	adds	r3, #255	@ 0xff
200007ce:	5ce7      	ldrb	r7, [r4, r3]
200007d0:	2f00      	cmp	r7, #0
200007d2:	d100      	bne.n	200007d6 <dcd_rp2040_irq+0x292>
200007d4:	e6ea      	b.n	200005ac <dcd_rp2040_irq+0x68>
200007d6:	3302      	adds	r3, #2
200007d8:	5ce2      	ldrb	r2, [r4, r3]
200007da:	2a00      	cmp	r2, #0
200007dc:	d000      	beq.n	200007e0 <dcd_rp2040_irq+0x29c>
200007de:	e115      	b.n	20000a0c <dcd_rp2040_irq+0x4c8>
200007e0:	003e      	movs	r6, r7
200007e2:	e6e3      	b.n	200005ac <dcd_rp2040_irq+0x68>
200007e4:	4b32      	ldr	r3, [pc, #200]	@ (200008b0 <dcd_rp2040_irq+0x36c>)
200007e6:	5ce7      	ldrb	r7, [r4, r3]
200007e8:	2f00      	cmp	r7, #0
200007ea:	d100      	bne.n	200007ee <dcd_rp2040_irq+0x2aa>
200007ec:	e6f4      	b.n	200005d8 <dcd_rp2040_irq+0x94>
200007ee:	3302      	adds	r3, #2
200007f0:	5ce2      	ldrb	r2, [r4, r3]
200007f2:	2a00      	cmp	r2, #0
200007f4:	d000      	beq.n	200007f8 <dcd_rp2040_irq+0x2b4>
200007f6:	e101      	b.n	200009fc <dcd_rp2040_irq+0x4b8>
200007f8:	003e      	movs	r6, r7
200007fa:	e6ed      	b.n	200005d8 <dcd_rp2040_irq+0x94>
200007fc:	3339      	adds	r3, #57	@ 0x39
200007fe:	33ff      	adds	r3, #255	@ 0xff
20000800:	5ce7      	ldrb	r7, [r4, r3]
20000802:	2f00      	cmp	r7, #0
20000804:	d100      	bne.n	20000808 <dcd_rp2040_irq+0x2c4>
20000806:	e6cb      	b.n	200005a0 <dcd_rp2040_irq+0x5c>
20000808:	3302      	adds	r3, #2
2000080a:	5ce2      	ldrb	r2, [r4, r3]
2000080c:	2a00      	cmp	r2, #0
2000080e:	d000      	beq.n	20000812 <dcd_rp2040_irq+0x2ce>
20000810:	e0eb      	b.n	200009ea <dcd_rp2040_irq+0x4a6>
20000812:	003e      	movs	r6, r7
20000814:	e6c4      	b.n	200005a0 <dcd_rp2040_irq+0x5c>
20000816:	3338      	adds	r3, #56	@ 0x38
20000818:	5ce6      	ldrb	r6, [r4, r3]
2000081a:	2e00      	cmp	r6, #0
2000081c:	d100      	bne.n	20000820 <dcd_rp2040_irq+0x2dc>
2000081e:	e6aa      	b.n	20000576 <dcd_rp2040_irq+0x32>
20000820:	3302      	adds	r3, #2
20000822:	5ce2      	ldrb	r2, [r4, r3]
20000824:	2a00      	cmp	r2, #0
20000826:	d100      	bne.n	2000082a <dcd_rp2040_irq+0x2e6>
20000828:	e6a5      	b.n	20000576 <dcd_rp2040_irq+0x32>
2000082a:	0020      	movs	r0, r4
2000082c:	2200      	movs	r2, #0
2000082e:	3020      	adds	r0, #32
20000830:	54e2      	strb	r2, [r4, r3]
20000832:	f000 fa4d 	bl	20000cd0 <hw_endpoint_start_next_buffer>
20000836:	e69e      	b.n	20000576 <dcd_rp2040_irq+0x32>
20000838:	33b9      	adds	r3, #185	@ 0xb9
2000083a:	33ff      	adds	r3, #255	@ 0xff
2000083c:	5ce7      	ldrb	r7, [r4, r3]
2000083e:	2f00      	cmp	r7, #0
20000840:	d100      	bne.n	20000844 <dcd_rp2040_irq+0x300>
20000842:	e6b9      	b.n	200005b8 <dcd_rp2040_irq+0x74>
20000844:	3302      	adds	r3, #2
20000846:	5ce2      	ldrb	r2, [r4, r3]
20000848:	2a00      	cmp	r2, #0
2000084a:	d000      	beq.n	2000084e <dcd_rp2040_irq+0x30a>
2000084c:	e0c4      	b.n	200009d8 <dcd_rp2040_irq+0x494>
2000084e:	003e      	movs	r6, r7
20000850:	e6b2      	b.n	200005b8 <dcd_rp2040_irq+0x74>
20000852:	4b18      	ldr	r3, [pc, #96]	@ (200008b4 <dcd_rp2040_irq+0x370>)
20000854:	5ce7      	ldrb	r7, [r4, r3]
20000856:	2f00      	cmp	r7, #0
20000858:	d100      	bne.n	2000085c <dcd_rp2040_irq+0x318>
2000085a:	e6c7      	b.n	200005ec <dcd_rp2040_irq+0xa8>
2000085c:	3302      	adds	r3, #2
2000085e:	5ce2      	ldrb	r2, [r4, r3]
20000860:	2a00      	cmp	r2, #0
20000862:	d000      	beq.n	20000866 <dcd_rp2040_irq+0x322>
20000864:	e0b0      	b.n	200009c8 <dcd_rp2040_irq+0x484>
20000866:	003e      	movs	r6, r7
20000868:	e6c0      	b.n	200005ec <dcd_rp2040_irq+0xa8>
2000086a:	46c0      	nop			@ (mov r8, r8)
2000086c:	50110000 	.word	0x50110000
20000870:	40054000 	.word	0x40054000
20000874:	20001ba4 	.word	0x20001ba4
20000878:	20001b98 	.word	0x20001b98
2000087c:	0000023b 	.word	0x0000023b
20000880:	0000027b 	.word	0x0000027b
20000884:	000002bb 	.word	0x000002bb
20000888:	000002fb 	.word	0x000002fb
2000088c:	0000033b 	.word	0x0000033b
20000890:	0000037b 	.word	0x0000037b
20000894:	000003bb 	.word	0x000003bb
20000898:	000003fb 	.word	0x000003fb
2000089c:	20002032 	.word	0x20002032
200008a0:	50113000 	.word	0x50113000
200008a4:	00020010 	.word	0x00020010
200008a8:	50100000 	.word	0x50100000
200008ac:	50112000 	.word	0x50112000
200008b0:	0000027a 	.word	0x0000027a
200008b4:	000002fa 	.word	0x000002fa
200008b8:	4b6b      	ldr	r3, [pc, #428]	@ (20000a68 <dcd_rp2040_irq+0x524>)
200008ba:	5ce7      	ldrb	r7, [r4, r3]
200008bc:	2f00      	cmp	r7, #0
200008be:	d100      	bne.n	200008c2 <dcd_rp2040_irq+0x37e>
200008c0:	e685      	b.n	200005ce <dcd_rp2040_irq+0x8a>
200008c2:	3302      	adds	r3, #2
200008c4:	5ce2      	ldrb	r2, [r4, r3]
200008c6:	2a00      	cmp	r2, #0
200008c8:	d176      	bne.n	200009b8 <dcd_rp2040_irq+0x474>
200008ca:	003e      	movs	r6, r7
200008cc:	e67f      	b.n	200005ce <dcd_rp2040_irq+0x8a>
200008ce:	4b67      	ldr	r3, [pc, #412]	@ (20000a6c <dcd_rp2040_irq+0x528>)
200008d0:	5ce7      	ldrb	r7, [r4, r3]
200008d2:	2f00      	cmp	r7, #0
200008d4:	d100      	bne.n	200008d8 <dcd_rp2040_irq+0x394>
200008d6:	e684      	b.n	200005e2 <dcd_rp2040_irq+0x9e>
200008d8:	3302      	adds	r3, #2
200008da:	5ce2      	ldrb	r2, [r4, r3]
200008dc:	2a00      	cmp	r2, #0
200008de:	d163      	bne.n	200009a8 <dcd_rp2040_irq+0x464>
200008e0:	003e      	movs	r6, r7
200008e2:	e67e      	b.n	200005e2 <dcd_rp2040_irq+0x9e>
200008e4:	4b62      	ldr	r3, [pc, #392]	@ (20000a70 <dcd_rp2040_irq+0x52c>)
200008e6:	5ce7      	ldrb	r7, [r4, r3]
200008e8:	2f00      	cmp	r7, #0
200008ea:	d100      	bne.n	200008ee <dcd_rp2040_irq+0x3aa>
200008ec:	e688      	b.n	20000600 <dcd_rp2040_irq+0xbc>
200008ee:	3302      	adds	r3, #2
200008f0:	5ce2      	ldrb	r2, [r4, r3]
200008f2:	2a00      	cmp	r2, #0
200008f4:	d000      	beq.n	200008f8 <dcd_rp2040_irq+0x3b4>
200008f6:	e0a3      	b.n	20000a40 <dcd_rp2040_irq+0x4fc>
200008f8:	4b5e      	ldr	r3, [pc, #376]	@ (20000a74 <dcd_rp2040_irq+0x530>)
200008fa:	5ce3      	ldrb	r3, [r4, r3]
200008fc:	2b02      	cmp	r3, #2
200008fe:	d130      	bne.n	20000962 <dcd_rp2040_irq+0x41e>
20000900:	4b5d      	ldr	r3, [pc, #372]	@ (20000a78 <dcd_rp2040_irq+0x534>)
20000902:	5ce3      	ldrb	r3, [r4, r3]
20000904:	2b00      	cmp	r3, #0
20000906:	d127      	bne.n	20000958 <dcd_rp2040_irq+0x414>
20000908:	4b5c      	ldr	r3, [pc, #368]	@ (20000a7c <dcd_rp2040_irq+0x538>)
2000090a:	5ce3      	ldrb	r3, [r4, r3]
2000090c:	2b02      	cmp	r3, #2
2000090e:	d000      	beq.n	20000912 <dcd_rp2040_irq+0x3ce>
20000910:	e68b      	b.n	2000062a <dcd_rp2040_irq+0xe6>
20000912:	003e      	movs	r6, r7
20000914:	4b5a      	ldr	r3, [pc, #360]	@ (20000a80 <dcd_rp2040_irq+0x53c>)
20000916:	5ce3      	ldrb	r3, [r4, r3]
20000918:	2b00      	cmp	r3, #0
2000091a:	d100      	bne.n	2000091e <dcd_rp2040_irq+0x3da>
2000091c:	e67a      	b.n	20000614 <dcd_rp2040_irq+0xd0>
2000091e:	23ff      	movs	r3, #255	@ 0xff
20000920:	009b      	lsls	r3, r3, #2
20000922:	5ce2      	ldrb	r2, [r4, r3]
20000924:	2a00      	cmp	r2, #0
20000926:	d100      	bne.n	2000092a <dcd_rp2040_irq+0x3e6>
20000928:	e67f      	b.n	2000062a <dcd_rp2040_irq+0xe6>
2000092a:	2200      	movs	r2, #0
2000092c:	54e2      	strb	r2, [r4, r3]
2000092e:	3b1c      	subs	r3, #28
20000930:	18e0      	adds	r0, r4, r3
20000932:	f000 f9cd 	bl	20000cd0 <hw_endpoint_start_next_buffer>
20000936:	e678      	b.n	2000062a <dcd_rp2040_irq+0xe6>
20000938:	4b52      	ldr	r3, [pc, #328]	@ (20000a84 <dcd_rp2040_irq+0x540>)
2000093a:	5ce7      	ldrb	r7, [r4, r3]
2000093c:	2f00      	cmp	r7, #0
2000093e:	d100      	bne.n	20000942 <dcd_rp2040_irq+0x3fe>
20000940:	e659      	b.n	200005f6 <dcd_rp2040_irq+0xb2>
20000942:	3302      	adds	r3, #2
20000944:	5ce2      	ldrb	r2, [r4, r3]
20000946:	2a00      	cmp	r2, #0
20000948:	d116      	bne.n	20000978 <dcd_rp2040_irq+0x434>
2000094a:	003e      	movs	r6, r7
2000094c:	e653      	b.n	200005f6 <dcd_rp2040_irq+0xb2>
2000094e:	4b4a      	ldr	r3, [pc, #296]	@ (20000a78 <dcd_rp2040_irq+0x534>)
20000950:	5ce3      	ldrb	r3, [r4, r3]
20000952:	2b00      	cmp	r3, #0
20000954:	d100      	bne.n	20000958 <dcd_rp2040_irq+0x414>
20000956:	e658      	b.n	2000060a <dcd_rp2040_irq+0xc6>
20000958:	23ef      	movs	r3, #239	@ 0xef
2000095a:	009b      	lsls	r3, r3, #2
2000095c:	5ce2      	ldrb	r2, [r4, r3]
2000095e:	2a00      	cmp	r2, #0
20000960:	d175      	bne.n	20000a4e <dcd_rp2040_irq+0x50a>
20000962:	4b46      	ldr	r3, [pc, #280]	@ (20000a7c <dcd_rp2040_irq+0x538>)
20000964:	5ce3      	ldrb	r3, [r4, r3]
20000966:	2b02      	cmp	r3, #2
20000968:	d000      	beq.n	2000096c <dcd_rp2040_irq+0x428>
2000096a:	e65e      	b.n	2000062a <dcd_rp2040_irq+0xe6>
2000096c:	4b44      	ldr	r3, [pc, #272]	@ (20000a80 <dcd_rp2040_irq+0x53c>)
2000096e:	5ce3      	ldrb	r3, [r4, r3]
20000970:	2b00      	cmp	r3, #0
20000972:	d100      	bne.n	20000976 <dcd_rp2040_irq+0x432>
20000974:	e659      	b.n	2000062a <dcd_rp2040_irq+0xe6>
20000976:	e7d2      	b.n	2000091e <dcd_rp2040_irq+0x3da>
20000978:	2200      	movs	r2, #0
2000097a:	54e2      	strb	r2, [r4, r3]
2000097c:	3b1c      	subs	r3, #28
2000097e:	18e0      	adds	r0, r4, r3
20000980:	f000 f9a6 	bl	20000cd0 <hw_endpoint_start_next_buffer>
20000984:	003e      	movs	r6, r7
20000986:	e636      	b.n	200005f6 <dcd_rp2040_irq+0xb2>
20000988:	0020      	movs	r0, r4
2000098a:	2200      	movs	r2, #0
2000098c:	30a0      	adds	r0, #160	@ 0xa0
2000098e:	54e2      	strb	r2, [r4, r3]
20000990:	003e      	movs	r6, r7
20000992:	f000 f99d 	bl	20000cd0 <hw_endpoint_start_next_buffer>
20000996:	e5f8      	b.n	2000058a <dcd_rp2040_irq+0x46>
20000998:	0020      	movs	r0, r4
2000099a:	2200      	movs	r2, #0
2000099c:	3060      	adds	r0, #96	@ 0x60
2000099e:	54e2      	strb	r2, [r4, r3]
200009a0:	003e      	movs	r6, r7
200009a2:	f000 f995 	bl	20000cd0 <hw_endpoint_start_next_buffer>
200009a6:	e5eb      	b.n	20000580 <dcd_rp2040_irq+0x3c>
200009a8:	2200      	movs	r2, #0
200009aa:	54e2      	strb	r2, [r4, r3]
200009ac:	3b1c      	subs	r3, #28
200009ae:	18e0      	adds	r0, r4, r3
200009b0:	f000 f98e 	bl	20000cd0 <hw_endpoint_start_next_buffer>
200009b4:	003e      	movs	r6, r7
200009b6:	e614      	b.n	200005e2 <dcd_rp2040_irq+0x9e>
200009b8:	2200      	movs	r2, #0
200009ba:	54e2      	strb	r2, [r4, r3]
200009bc:	3b1c      	subs	r3, #28
200009be:	18e0      	adds	r0, r4, r3
200009c0:	f000 f986 	bl	20000cd0 <hw_endpoint_start_next_buffer>
200009c4:	003e      	movs	r6, r7
200009c6:	e602      	b.n	200005ce <dcd_rp2040_irq+0x8a>
200009c8:	2200      	movs	r2, #0
200009ca:	54e2      	strb	r2, [r4, r3]
200009cc:	3b1c      	subs	r3, #28
200009ce:	18e0      	adds	r0, r4, r3
200009d0:	f000 f97e 	bl	20000cd0 <hw_endpoint_start_next_buffer>
200009d4:	003e      	movs	r6, r7
200009d6:	e609      	b.n	200005ec <dcd_rp2040_irq+0xa8>
200009d8:	0020      	movs	r0, r4
200009da:	2200      	movs	r2, #0
200009dc:	30a1      	adds	r0, #161	@ 0xa1
200009de:	30ff      	adds	r0, #255	@ 0xff
200009e0:	54e2      	strb	r2, [r4, r3]
200009e2:	003e      	movs	r6, r7
200009e4:	f000 f974 	bl	20000cd0 <hw_endpoint_start_next_buffer>
200009e8:	e5e6      	b.n	200005b8 <dcd_rp2040_irq+0x74>
200009ea:	0020      	movs	r0, r4
200009ec:	2200      	movs	r2, #0
200009ee:	3021      	adds	r0, #33	@ 0x21
200009f0:	30ff      	adds	r0, #255	@ 0xff
200009f2:	54e2      	strb	r2, [r4, r3]
200009f4:	003e      	movs	r6, r7
200009f6:	f000 f96b 	bl	20000cd0 <hw_endpoint_start_next_buffer>
200009fa:	e5d1      	b.n	200005a0 <dcd_rp2040_irq+0x5c>
200009fc:	2200      	movs	r2, #0
200009fe:	54e2      	strb	r2, [r4, r3]
20000a00:	3b1c      	subs	r3, #28
20000a02:	18e0      	adds	r0, r4, r3
20000a04:	f000 f964 	bl	20000cd0 <hw_endpoint_start_next_buffer>
20000a08:	003e      	movs	r6, r7
20000a0a:	e5e5      	b.n	200005d8 <dcd_rp2040_irq+0x94>
20000a0c:	0020      	movs	r0, r4
20000a0e:	2200      	movs	r2, #0
20000a10:	3061      	adds	r0, #97	@ 0x61
20000a12:	30ff      	adds	r0, #255	@ 0xff
20000a14:	54e2      	strb	r2, [r4, r3]
20000a16:	003e      	movs	r6, r7
20000a18:	f000 f95a 	bl	20000cd0 <hw_endpoint_start_next_buffer>
20000a1c:	e5c6      	b.n	200005ac <dcd_rp2040_irq+0x68>
20000a1e:	0020      	movs	r0, r4
20000a20:	2200      	movs	r2, #0
20000a22:	30e1      	adds	r0, #225	@ 0xe1
20000a24:	30ff      	adds	r0, #255	@ 0xff
20000a26:	54e2      	strb	r2, [r4, r3]
20000a28:	003e      	movs	r6, r7
20000a2a:	f000 f951 	bl	20000cd0 <hw_endpoint_start_next_buffer>
20000a2e:	e5c9      	b.n	200005c4 <dcd_rp2040_irq+0x80>
20000a30:	0020      	movs	r0, r4
20000a32:	2200      	movs	r2, #0
20000a34:	30e0      	adds	r0, #224	@ 0xe0
20000a36:	54e2      	strb	r2, [r4, r3]
20000a38:	003e      	movs	r6, r7
20000a3a:	f000 f949 	bl	20000cd0 <hw_endpoint_start_next_buffer>
20000a3e:	e5a9      	b.n	20000594 <dcd_rp2040_irq+0x50>
20000a40:	2200      	movs	r2, #0
20000a42:	54e2      	strb	r2, [r4, r3]
20000a44:	3b1c      	subs	r3, #28
20000a46:	18e0      	adds	r0, r4, r3
20000a48:	f000 f942 	bl	20000cd0 <hw_endpoint_start_next_buffer>
20000a4c:	e754      	b.n	200008f8 <dcd_rp2040_irq+0x3b4>
20000a4e:	2200      	movs	r2, #0
20000a50:	54e2      	strb	r2, [r4, r3]
20000a52:	3b1c      	subs	r3, #28
20000a54:	18e0      	adds	r0, r4, r3
20000a56:	f000 f93b 	bl	20000cd0 <hw_endpoint_start_next_buffer>
20000a5a:	e782      	b.n	20000962 <dcd_rp2040_irq+0x41e>
20000a5c:	0031      	movs	r1, r6
20000a5e:	480a      	ldr	r0, [pc, #40]	@ (20000a88 <dcd_rp2040_irq+0x544>)
20000a60:	4069      	eors	r1, r5
20000a62:	f000 fab5 	bl	20000fd0 <__panic_veneer>
20000a66:	46c0      	nop			@ (mov r8, r8)
20000a68:	0000023a 	.word	0x0000023a
20000a6c:	000002ba 	.word	0x000002ba
20000a70:	0000037a 	.word	0x0000037a
20000a74:	000003bb 	.word	0x000003bb
20000a78:	000003ba 	.word	0x000003ba
20000a7c:	000003fb 	.word	0x000003fb
20000a80:	000003fa 	.word	0x000003fa
20000a84:	0000033a 	.word	0x0000033a
20000a88:	10009330 	.word	0x10009330

20000a8c <prepare_ep_buffer>:
20000a8c:	b5f0      	push	{r4, r5, r6, r7, lr}
20000a8e:	46c6      	mov	lr, r8
20000a90:	b500      	push	{lr}
20000a92:	0002      	movs	r2, r0
20000a94:	8a83      	ldrh	r3, [r0, #20]
20000a96:	8b00      	ldrh	r0, [r0, #24]
20000a98:	468c      	mov	ip, r1
20000a9a:	1c01      	adds	r1, r0, #0
20000a9c:	4298      	cmp	r0, r3
20000a9e:	d900      	bls.n	20000aa2 <prepare_ep_buffer+0x16>
20000aa0:	1c19      	adds	r1, r3, #0
20000aa2:	78d4      	ldrb	r4, [r2, #3]
20000aa4:	2580      	movs	r5, #128	@ 0x80
20000aa6:	0020      	movs	r0, r4
20000aa8:	1e46      	subs	r6, r0, #1
20000aaa:	41b0      	sbcs	r0, r6
20000aac:	b289      	uxth	r1, r1
20000aae:	00ed      	lsls	r5, r5, #3
20000ab0:	430d      	orrs	r5, r1
20000ab2:	0340      	lsls	r0, r0, #13
20000ab4:	4328      	orrs	r0, r5
20000ab6:	2501      	movs	r5, #1
20000ab8:	406c      	eors	r4, r5
20000aba:	1a5b      	subs	r3, r3, r1
20000abc:	70d4      	strb	r4, [r2, #3]
20000abe:	7854      	ldrb	r4, [r2, #1]
20000ac0:	b29b      	uxth	r3, r3
20000ac2:	8293      	strh	r3, [r2, #20]
20000ac4:	2c00      	cmp	r4, #0
20000ac6:	d131      	bne.n	20000b2c <prepare_ep_buffer+0xa0>
20000ac8:	4664      	mov	r4, ip
20000aca:	68d5      	ldr	r5, [r2, #12]
20000acc:	01a4      	lsls	r4, r4, #6
20000ace:	1e4e      	subs	r6, r1, #1
20000ad0:	192d      	adds	r5, r5, r4
20000ad2:	46b0      	mov	r8, r6
20000ad4:	6914      	ldr	r4, [r2, #16]
20000ad6:	2900      	cmp	r1, #0
20000ad8:	d023      	beq.n	20000b22 <prepare_ep_buffer+0x96>
20000ada:	2e06      	cmp	r6, #6
20000adc:	d932      	bls.n	20000b44 <prepare_ep_buffer+0xb8>
20000ade:	002b      	movs	r3, r5
20000ae0:	4323      	orrs	r3, r4
20000ae2:	079b      	lsls	r3, r3, #30
20000ae4:	d12e      	bne.n	20000b44 <prepare_ep_buffer+0xb8>
20000ae6:	1c63      	adds	r3, r4, #1
20000ae8:	1aeb      	subs	r3, r5, r3
20000aea:	2b02      	cmp	r3, #2
20000aec:	d92a      	bls.n	20000b44 <prepare_ep_buffer+0xb8>
20000aee:	2300      	movs	r3, #0
20000af0:	088f      	lsrs	r7, r1, #2
20000af2:	00bf      	lsls	r7, r7, #2
20000af4:	58e6      	ldr	r6, [r4, r3]
20000af6:	50ee      	str	r6, [r5, r3]
20000af8:	3304      	adds	r3, #4
20000afa:	429f      	cmp	r7, r3
20000afc:	d1fa      	bne.n	20000af4 <prepare_ep_buffer+0x68>
20000afe:	4643      	mov	r3, r8
20000b00:	19ed      	adds	r5, r5, r7
20000b02:	1bdb      	subs	r3, r3, r7
20000b04:	19e4      	adds	r4, r4, r7
20000b06:	42b9      	cmp	r1, r7
20000b08:	d009      	beq.n	20000b1e <prepare_ep_buffer+0x92>
20000b0a:	7826      	ldrb	r6, [r4, #0]
20000b0c:	702e      	strb	r6, [r5, #0]
20000b0e:	2b00      	cmp	r3, #0
20000b10:	d005      	beq.n	20000b1e <prepare_ep_buffer+0x92>
20000b12:	7866      	ldrb	r6, [r4, #1]
20000b14:	706e      	strb	r6, [r5, #1]
20000b16:	2b01      	cmp	r3, #1
20000b18:	d001      	beq.n	20000b1e <prepare_ep_buffer+0x92>
20000b1a:	78a3      	ldrb	r3, [r4, #2]
20000b1c:	70ab      	strb	r3, [r5, #2]
20000b1e:	6914      	ldr	r4, [r2, #16]
20000b20:	8a93      	ldrh	r3, [r2, #20]
20000b22:	1864      	adds	r4, r4, r1
20000b24:	6114      	str	r4, [r2, #16]
20000b26:	2280      	movs	r2, #128	@ 0x80
20000b28:	0212      	lsls	r2, r2, #8
20000b2a:	4310      	orrs	r0, r2
20000b2c:	2b00      	cmp	r3, #0
20000b2e:	d102      	bne.n	20000b36 <prepare_ep_buffer+0xaa>
20000b30:	2380      	movs	r3, #128	@ 0x80
20000b32:	01db      	lsls	r3, r3, #7
20000b34:	4318      	orrs	r0, r3
20000b36:	4663      	mov	r3, ip
20000b38:	2b00      	cmp	r3, #0
20000b3a:	d000      	beq.n	20000b3e <prepare_ep_buffer+0xb2>
20000b3c:	0400      	lsls	r0, r0, #16
20000b3e:	bc80      	pop	{r7}
20000b40:	46b8      	mov	r8, r7
20000b42:	bdf0      	pop	{r4, r5, r6, r7, pc}
20000b44:	2300      	movs	r3, #0
20000b46:	5ce6      	ldrb	r6, [r4, r3]
20000b48:	54ee      	strb	r6, [r5, r3]
20000b4a:	3301      	adds	r3, #1
20000b4c:	4299      	cmp	r1, r3
20000b4e:	d1fa      	bne.n	20000b46 <prepare_ep_buffer+0xba>
20000b50:	e7e5      	b.n	20000b1e <prepare_ep_buffer+0x92>
20000b52:	46c0      	nop			@ (mov r8, r8)

20000b54 <sync_ep_buffer>:
20000b54:	6883      	ldr	r3, [r0, #8]
20000b56:	b5f0      	push	{r4, r5, r6, r7, lr}
20000b58:	681a      	ldr	r2, [r3, #0]
20000b5a:	0004      	movs	r4, r0
20000b5c:	2900      	cmp	r1, #0
20000b5e:	d000      	beq.n	20000b62 <sync_ep_buffer+0xe>
20000b60:	0c12      	lsrs	r2, r2, #16
20000b62:	7863      	ldrb	r3, [r4, #1]
20000b64:	0592      	lsls	r2, r2, #22
20000b66:	0d90      	lsrs	r0, r2, #22
20000b68:	2b00      	cmp	r3, #0
20000b6a:	d108      	bne.n	20000b7e <sync_ep_buffer+0x2a>
20000b6c:	8ae3      	ldrh	r3, [r4, #22]
20000b6e:	18c3      	adds	r3, r0, r3
20000b70:	82e3      	strh	r3, [r4, #22]
20000b72:	8b23      	ldrh	r3, [r4, #24]
20000b74:	4283      	cmp	r3, r0
20000b76:	d901      	bls.n	20000b7c <sync_ep_buffer+0x28>
20000b78:	2300      	movs	r3, #0
20000b7a:	82a3      	strh	r3, [r4, #20]
20000b7c:	bdf0      	pop	{r4, r5, r6, r7, pc}
20000b7e:	68e3      	ldr	r3, [r4, #12]
20000b80:	0189      	lsls	r1, r1, #6
20000b82:	6925      	ldr	r5, [r4, #16]
20000b84:	185e      	adds	r6, r3, r1
20000b86:	1e47      	subs	r7, r0, #1
20000b88:	2800      	cmp	r0, #0
20000b8a:	d022      	beq.n	20000bd2 <sync_ep_buffer+0x7e>
20000b8c:	2f06      	cmp	r7, #6
20000b8e:	d926      	bls.n	20000bde <sync_ep_buffer+0x8a>
20000b90:	3101      	adds	r1, #1
20000b92:	185b      	adds	r3, r3, r1
20000b94:	1aeb      	subs	r3, r5, r3
20000b96:	2b02      	cmp	r3, #2
20000b98:	d921      	bls.n	20000bde <sync_ep_buffer+0x8a>
20000b9a:	002b      	movs	r3, r5
20000b9c:	4333      	orrs	r3, r6
20000b9e:	079b      	lsls	r3, r3, #30
20000ba0:	d11d      	bne.n	20000bde <sync_ep_buffer+0x8a>
20000ba2:	2300      	movs	r3, #0
20000ba4:	0e12      	lsrs	r2, r2, #24
20000ba6:	0092      	lsls	r2, r2, #2
20000ba8:	58f1      	ldr	r1, [r6, r3]
20000baa:	50e9      	str	r1, [r5, r3]
20000bac:	3304      	adds	r3, #4
20000bae:	429a      	cmp	r2, r3
20000bb0:	d1fa      	bne.n	20000ba8 <sync_ep_buffer+0x54>
20000bb2:	1abf      	subs	r7, r7, r2
20000bb4:	18ad      	adds	r5, r5, r2
20000bb6:	18b6      	adds	r6, r6, r2
20000bb8:	4290      	cmp	r0, r2
20000bba:	d009      	beq.n	20000bd0 <sync_ep_buffer+0x7c>
20000bbc:	7832      	ldrb	r2, [r6, #0]
20000bbe:	702a      	strb	r2, [r5, #0]
20000bc0:	2f00      	cmp	r7, #0
20000bc2:	d005      	beq.n	20000bd0 <sync_ep_buffer+0x7c>
20000bc4:	7872      	ldrb	r2, [r6, #1]
20000bc6:	706a      	strb	r2, [r5, #1]
20000bc8:	2f01      	cmp	r7, #1
20000bca:	d001      	beq.n	20000bd0 <sync_ep_buffer+0x7c>
20000bcc:	78b2      	ldrb	r2, [r6, #2]
20000bce:	70aa      	strb	r2, [r5, #2]
20000bd0:	6925      	ldr	r5, [r4, #16]
20000bd2:	8ae3      	ldrh	r3, [r4, #22]
20000bd4:	182d      	adds	r5, r5, r0
20000bd6:	18c3      	adds	r3, r0, r3
20000bd8:	82e3      	strh	r3, [r4, #22]
20000bda:	6125      	str	r5, [r4, #16]
20000bdc:	e7c9      	b.n	20000b72 <sync_ep_buffer+0x1e>
20000bde:	2200      	movs	r2, #0
20000be0:	5cb3      	ldrb	r3, [r6, r2]
20000be2:	54ab      	strb	r3, [r5, r2]
20000be4:	3201      	adds	r2, #1
20000be6:	4290      	cmp	r0, r2
20000be8:	d1fa      	bne.n	20000be0 <sync_ep_buffer+0x8c>
20000bea:	6925      	ldr	r5, [r4, #16]
20000bec:	e7f1      	b.n	20000bd2 <sync_ep_buffer+0x7e>
20000bee:	46c0      	nop			@ (mov r8, r8)

20000bf0 <_hw_endpoint_xfer_sync>:
20000bf0:	b510      	push	{r4, lr}
20000bf2:	0004      	movs	r4, r0
20000bf4:	6883      	ldr	r3, [r0, #8]
20000bf6:	2100      	movs	r1, #0
20000bf8:	681b      	ldr	r3, [r3, #0]
20000bfa:	f7ff ffab 	bl	20000b54 <sync_ep_buffer>
20000bfe:	6863      	ldr	r3, [r4, #4]
20000c00:	681b      	ldr	r3, [r3, #0]
20000c02:	005b      	lsls	r3, r3, #1
20000c04:	d502      	bpl.n	20000c0c <_hw_endpoint_xfer_sync+0x1c>
20000c06:	8b23      	ldrh	r3, [r4, #24]
20000c08:	4283      	cmp	r3, r0
20000c0a:	d000      	beq.n	20000c0e <_hw_endpoint_xfer_sync+0x1e>
20000c0c:	bd10      	pop	{r4, pc}
20000c0e:	2101      	movs	r1, #1
20000c10:	0020      	movs	r0, r4
20000c12:	f7ff ff9f 	bl	20000b54 <sync_ep_buffer>
20000c16:	e7f9      	b.n	20000c0c <_hw_endpoint_xfer_sync+0x1c>

20000c18 <e15_is_bulkin_ep>:
20000c18:	4a08      	ldr	r2, [pc, #32]	@ (20000c3c <e15_is_bulkin_ep+0x24>)
20000c1a:	0003      	movs	r3, r0
20000c1c:	6c12      	ldr	r2, [r2, #64]	@ 0x40
20000c1e:	2000      	movs	r0, #0
20000c20:	0792      	lsls	r2, r2, #30
20000c22:	d403      	bmi.n	20000c2c <e15_is_bulkin_ep+0x14>
20000c24:	789a      	ldrb	r2, [r3, #2]
20000c26:	09d2      	lsrs	r2, r2, #7
20000c28:	2a01      	cmp	r2, #1
20000c2a:	d000      	beq.n	20000c2e <e15_is_bulkin_ep+0x16>
20000c2c:	4770      	bx	lr
20000c2e:	7ed8      	ldrb	r0, [r3, #27]
20000c30:	3802      	subs	r0, #2
20000c32:	4243      	negs	r3, r0
20000c34:	4158      	adcs	r0, r3
20000c36:	b2c0      	uxtb	r0, r0
20000c38:	e7f8      	b.n	20000c2c <e15_is_bulkin_ep+0x14>
20000c3a:	46c0      	nop			@ (mov r8, r8)
20000c3c:	50110000 	.word	0x50110000

20000c40 <e15_is_critical_frame_period>:
20000c40:	b510      	push	{r4, lr}
20000c42:	f7ff ffe9 	bl	20000c18 <e15_is_bulkin_ep>
20000c46:	2800      	cmp	r0, #0
20000c48:	d00c      	beq.n	20000c64 <e15_is_critical_frame_period+0x24>
20000c4a:	4907      	ldr	r1, [pc, #28]	@ (20000c68 <e15_is_critical_frame_period+0x28>)
20000c4c:	4b07      	ldr	r3, [pc, #28]	@ (20000c6c <e15_is_critical_frame_period+0x2c>)
20000c4e:	468c      	mov	ip, r1
20000c50:	4a07      	ldr	r2, [pc, #28]	@ (20000c70 <e15_is_critical_frame_period+0x30>)
20000c52:	6a9b      	ldr	r3, [r3, #40]	@ 0x28
20000c54:	6812      	ldr	r2, [r2, #0]
20000c56:	4463      	add	r3, ip
20000c58:	1a9b      	subs	r3, r3, r2
20000c5a:	2000      	movs	r0, #0
20000c5c:	22c6      	movs	r2, #198	@ 0xc6
20000c5e:	429a      	cmp	r2, r3
20000c60:	4140      	adcs	r0, r0
20000c62:	b2c0      	uxtb	r0, r0
20000c64:	bd10      	pop	{r4, pc}
20000c66:	46c0      	nop			@ (mov r8, r8)
20000c68:	fffffce0 	.word	0xfffffce0
20000c6c:	40054000 	.word	0x40054000
20000c70:	20001b98 	.word	0x20001b98

20000c74 <hw_endpoint_reset_transfer>:
20000c74:	2300      	movs	r3, #0
20000c76:	7683      	strb	r3, [r0, #26]
20000c78:	6143      	str	r3, [r0, #20]
20000c7a:	6103      	str	r3, [r0, #16]
20000c7c:	4770      	bx	lr
20000c7e:	46c0      	nop			@ (mov r8, r8)

20000c80 <_hw_endpoint_buffer_control_update32>:
20000c80:	b510      	push	{r4, lr}
20000c82:	6883      	ldr	r3, [r0, #8]
20000c84:	2900      	cmp	r1, #0
20000c86:	d001      	beq.n	20000c8c <_hw_endpoint_buffer_control_update32+0xc>
20000c88:	681c      	ldr	r4, [r3, #0]
20000c8a:	4021      	ands	r1, r4
20000c8c:	2a00      	cmp	r2, #0
20000c8e:	d012      	beq.n	20000cb6 <_hw_endpoint_buffer_control_update32+0x36>
20000c90:	2480      	movs	r4, #128	@ 0x80
20000c92:	00e4      	lsls	r4, r4, #3
20000c94:	4311      	orrs	r1, r2
20000c96:	4222      	tst	r2, r4
20000c98:	d00d      	beq.n	20000cb6 <_hw_endpoint_buffer_control_update32+0x36>
20000c9a:	681a      	ldr	r2, [r3, #0]
20000c9c:	4222      	tst	r2, r4
20000c9e:	d10c      	bne.n	20000cba <_hw_endpoint_buffer_control_update32+0x3a>
20000ca0:	4a08      	ldr	r2, [pc, #32]	@ (20000cc4 <_hw_endpoint_buffer_control_update32+0x44>)
20000ca2:	400a      	ands	r2, r1
20000ca4:	601a      	str	r2, [r3, #0]
20000ca6:	4a08      	ldr	r2, [pc, #32]	@ (20000cc8 <_hw_endpoint_buffer_control_update32+0x48>)
20000ca8:	6c12      	ldr	r2, [r2, #64]	@ 0x40
20000caa:	0792      	lsls	r2, r2, #30
20000cac:	d403      	bmi.n	20000cb6 <_hw_endpoint_buffer_control_update32+0x36>
20000cae:	230c      	movs	r3, #12
20000cb0:	3b03      	subs	r3, #3
20000cb2:	d2fd      	bcs.n	20000cb0 <_hw_endpoint_buffer_control_update32+0x30>
20000cb4:	6883      	ldr	r3, [r0, #8]
20000cb6:	6019      	str	r1, [r3, #0]
20000cb8:	bd10      	pop	{r4, pc}
20000cba:	7881      	ldrb	r1, [r0, #2]
20000cbc:	4803      	ldr	r0, [pc, #12]	@ (20000ccc <_hw_endpoint_buffer_control_update32+0x4c>)
20000cbe:	f000 f987 	bl	20000fd0 <__panic_veneer>
20000cc2:	46c0      	nop			@ (mov r8, r8)
20000cc4:	fffffbff 	.word	0xfffffbff
20000cc8:	50110000 	.word	0x50110000
20000ccc:	10009344 	.word	0x10009344

20000cd0 <hw_endpoint_start_next_buffer>:
20000cd0:	6843      	ldr	r3, [r0, #4]
20000cd2:	b570      	push	{r4, r5, r6, lr}
20000cd4:	2100      	movs	r1, #0
20000cd6:	2580      	movs	r5, #128	@ 0x80
20000cd8:	0004      	movs	r4, r0
20000cda:	681e      	ldr	r6, [r3, #0]
20000cdc:	f7ff fed6 	bl	20000a8c <prepare_ep_buffer>
20000ce0:	4b12      	ldr	r3, [pc, #72]	@ (20000d2c <hw_endpoint_start_next_buffer+0x5c>)
20000ce2:	016d      	lsls	r5, r5, #5
20000ce4:	6c1a      	ldr	r2, [r3, #64]	@ 0x40
20000ce6:	4305      	orrs	r5, r0
20000ce8:	78a3      	ldrb	r3, [r4, #2]
20000cea:	0792      	lsls	r2, r2, #30
20000cec:	d50e      	bpl.n	20000d0c <hw_endpoint_start_next_buffer+0x3c>
20000cee:	065b      	lsls	r3, r3, #25
20000cf0:	d00e      	beq.n	20000d10 <hw_endpoint_start_next_buffer+0x40>
20000cf2:	4b0f      	ldr	r3, [pc, #60]	@ (20000d30 <hw_endpoint_start_next_buffer+0x60>)
20000cf4:	401e      	ands	r6, r3
20000cf6:	2380      	movs	r3, #128	@ 0x80
20000cf8:	059b      	lsls	r3, r3, #22
20000cfa:	4333      	orrs	r3, r6
20000cfc:	6862      	ldr	r2, [r4, #4]
20000cfe:	2100      	movs	r1, #0
20000d00:	6013      	str	r3, [r2, #0]
20000d02:	0020      	movs	r0, r4
20000d04:	002a      	movs	r2, r5
20000d06:	f7ff ffbb 	bl	20000c80 <_hw_endpoint_buffer_control_update32>
20000d0a:	bd70      	pop	{r4, r5, r6, pc}
20000d0c:	09db      	lsrs	r3, r3, #7
20000d0e:	d0f0      	beq.n	20000cf2 <hw_endpoint_start_next_buffer+0x22>
20000d10:	8aa3      	ldrh	r3, [r4, #20]
20000d12:	2b00      	cmp	r3, #0
20000d14:	d0ed      	beq.n	20000cf2 <hw_endpoint_start_next_buffer+0x22>
20000d16:	2101      	movs	r1, #1
20000d18:	0020      	movs	r0, r4
20000d1a:	f7ff feb7 	bl	20000a8c <prepare_ep_buffer>
20000d1e:	23a0      	movs	r3, #160	@ 0xa0
20000d20:	4a04      	ldr	r2, [pc, #16]	@ (20000d34 <hw_endpoint_start_next_buffer+0x64>)
20000d22:	05db      	lsls	r3, r3, #23
20000d24:	4032      	ands	r2, r6
20000d26:	4305      	orrs	r5, r0
20000d28:	4313      	orrs	r3, r2
20000d2a:	e7e7      	b.n	20000cfc <hw_endpoint_start_next_buffer+0x2c>
20000d2c:	50110000 	.word	0x50110000
20000d30:	afffffff 	.word	0xafffffff
20000d34:	dfffffff 	.word	0xdfffffff

20000d38 <hw_endpoint_xfer_continue>:
20000d38:	b570      	push	{r4, r5, r6, lr}
20000d3a:	7e85      	ldrb	r5, [r0, #26]
20000d3c:	0004      	movs	r4, r0
20000d3e:	2d00      	cmp	r5, #0
20000d40:	d014      	beq.n	20000d6c <hw_endpoint_xfer_continue+0x34>
20000d42:	f7ff ff55 	bl	20000bf0 <_hw_endpoint_xfer_sync>
20000d46:	8aa3      	ldrh	r3, [r4, #20]
20000d48:	2b00      	cmp	r3, #0
20000d4a:	d101      	bne.n	20000d50 <hw_endpoint_xfer_continue+0x18>
20000d4c:	0028      	movs	r0, r5
20000d4e:	bd70      	pop	{r4, r5, r6, pc}
20000d50:	0020      	movs	r0, r4
20000d52:	f7ff ff75 	bl	20000c40 <e15_is_critical_frame_period>
20000d56:	2800      	cmp	r0, #0
20000d58:	d003      	beq.n	20000d62 <hw_endpoint_xfer_continue+0x2a>
20000d5a:	2301      	movs	r3, #1
20000d5c:	2500      	movs	r5, #0
20000d5e:	7723      	strb	r3, [r4, #28]
20000d60:	e7f4      	b.n	20000d4c <hw_endpoint_xfer_continue+0x14>
20000d62:	0020      	movs	r0, r4
20000d64:	f7ff ffb4 	bl	20000cd0 <hw_endpoint_start_next_buffer>
20000d68:	2500      	movs	r5, #0
20000d6a:	e7ef      	b.n	20000d4c <hw_endpoint_xfer_continue+0x14>
20000d6c:	7881      	ldrb	r1, [r0, #2]
20000d6e:	4801      	ldr	r0, [pc, #4]	@ (20000d74 <hw_endpoint_xfer_continue+0x3c>)
20000d70:	f000 f92e 	bl	20000fd0 <__panic_veneer>
20000d74:	10009364 	.word	0x10009364

20000d78 <dcd_event_handler>:
20000d78:	b5f0      	push	{r4, r5, r6, r7, lr}
20000d7a:	46ce      	mov	lr, r9
20000d7c:	4647      	mov	r7, r8
20000d7e:	b580      	push	{r7, lr}
20000d80:	7843      	ldrb	r3, [r0, #1]
20000d82:	0005      	movs	r5, r0
20000d84:	000e      	movs	r6, r1
20000d86:	b085      	sub	sp, #20
20000d88:	2b06      	cmp	r3, #6
20000d8a:	d808      	bhi.n	20000d9e <dcd_event_handler+0x26>
20000d8c:	4a6c      	ldr	r2, [pc, #432]	@ (20000f40 <dcd_event_handler+0x1c8>)
20000d8e:	009b      	lsls	r3, r3, #2
20000d90:	58d3      	ldr	r3, [r2, r3]
20000d92:	469f      	mov	pc, r3
20000d94:	4a6b      	ldr	r2, [pc, #428]	@ (20000f44 <dcd_event_handler+0x1cc>)
20000d96:	7813      	ldrb	r3, [r2, #0]
20000d98:	3301      	adds	r3, #1
20000d9a:	b2db      	uxtb	r3, r3
20000d9c:	7013      	strb	r3, [r2, #0]
20000d9e:	4b6a      	ldr	r3, [pc, #424]	@ (20000f48 <dcd_event_handler+0x1d0>)
20000da0:	681c      	ldr	r4, [r3, #0]
20000da2:	6962      	ldr	r2, [r4, #20]
20000da4:	f3ef 8110 	mrs	r1, PRIMASK
20000da8:	b672      	cpsid	i
20000daa:	6813      	ldr	r3, [r2, #0]
20000dac:	2b00      	cmp	r3, #0
20000dae:	d0fc      	beq.n	20000daa <dcd_event_handler+0x32>
20000db0:	f3bf 8f5f 	dmb	sy
20000db4:	61a1      	str	r1, [r4, #24]
20000db6:	0020      	movs	r0, r4
20000db8:	0029      	movs	r1, r5
20000dba:	f000 f8d9 	bl	20000f70 <__tu_fifo_write_veneer>
20000dbe:	6962      	ldr	r2, [r4, #20]
20000dc0:	69a3      	ldr	r3, [r4, #24]
20000dc2:	f3bf 8f5f 	dmb	sy
20000dc6:	2100      	movs	r1, #0
20000dc8:	6011      	str	r1, [r2, #0]
20000dca:	f383 8810 	msr	PRIMASK, r3
20000dce:	2800      	cmp	r0, #0
20000dd0:	d104      	bne.n	20000ddc <dcd_event_handler+0x64>
20000dd2:	b005      	add	sp, #20
20000dd4:	bcc0      	pop	{r6, r7}
20000dd6:	46b9      	mov	r9, r7
20000dd8:	46b0      	mov	r8, r6
20000dda:	bdf0      	pop	{r4, r5, r6, r7, pc}
20000ddc:	0032      	movs	r2, r6
20000dde:	7869      	ldrb	r1, [r5, #1]
20000de0:	7828      	ldrb	r0, [r5, #0]
20000de2:	f000 f8bd 	bl	20000f60 <__tud_event_hook_cb_veneer>
20000de6:	e7f4      	b.n	20000dd2 <dcd_event_handler+0x5a>
20000de8:	2101      	movs	r1, #1
20000dea:	4b58      	ldr	r3, [pc, #352]	@ (20000f4c <dcd_event_handler+0x1d4>)
20000dec:	781a      	ldrb	r2, [r3, #0]
20000dee:	438a      	bics	r2, r1
20000df0:	701a      	strb	r2, [r3, #0]
20000df2:	781a      	ldrb	r2, [r3, #0]
20000df4:	3101      	adds	r1, #1
20000df6:	438a      	bics	r2, r1
20000df8:	701a      	strb	r2, [r3, #0]
20000dfa:	2200      	movs	r2, #0
20000dfc:	705a      	strb	r2, [r3, #1]
20000dfe:	781a      	ldrb	r2, [r3, #0]
20000e00:	3102      	adds	r1, #2
20000e02:	438a      	bics	r2, r1
20000e04:	701a      	strb	r2, [r3, #0]
20000e06:	e7ca      	b.n	20000d9e <dcd_event_handler+0x26>
20000e08:	4951      	ldr	r1, [pc, #324]	@ (20000f50 <dcd_event_handler+0x1d8>)
20000e0a:	4f52      	ldr	r7, [pc, #328]	@ (20000f54 <dcd_event_handler+0x1dc>)
20000e0c:	4689      	mov	r9, r1
20000e0e:	4952      	ldr	r1, [pc, #328]	@ (20000f58 <dcd_event_handler+0x1e0>)
20000e10:	2400      	movs	r4, #0
20000e12:	2300      	movs	r3, #0
20000e14:	4688      	mov	r8, r1
20000e16:	783a      	ldrb	r2, [r7, #0]
20000e18:	e012      	b.n	20000e40 <dcd_event_handler+0xc8>
20000e1a:	4643      	mov	r3, r8
20000e1c:	681b      	ldr	r3, [r3, #0]
20000e1e:	0161      	lsls	r1, r4, #5
20000e20:	185b      	adds	r3, r3, r1
20000e22:	2b00      	cmp	r3, #0
20000e24:	d006      	beq.n	20000e34 <dcd_event_handler+0xbc>
20000e26:	69db      	ldr	r3, [r3, #28]
20000e28:	2b00      	cmp	r3, #0
20000e2a:	d003      	beq.n	20000e34 <dcd_event_handler+0xbc>
20000e2c:	6869      	ldr	r1, [r5, #4]
20000e2e:	7828      	ldrb	r0, [r5, #0]
20000e30:	4798      	blx	r3
20000e32:	783a      	ldrb	r2, [r7, #0]
20000e34:	3401      	adds	r4, #1
20000e36:	b2e4      	uxtb	r4, r4
20000e38:	1c51      	adds	r1, r2, #1
20000e3a:	0023      	movs	r3, r4
20000e3c:	42a1      	cmp	r1, r4
20000e3e:	db17      	blt.n	20000e70 <dcd_event_handler+0xf8>
20000e40:	42a2      	cmp	r2, r4
20000e42:	d8ea      	bhi.n	20000e1a <dcd_event_handler+0xa2>
20000e44:	1a9b      	subs	r3, r3, r2
20000e46:	015b      	lsls	r3, r3, #5
20000e48:	444b      	add	r3, r9
20000e4a:	e7ec      	b.n	20000e26 <dcd_event_handler+0xae>
20000e4c:	4b3f      	ldr	r3, [pc, #252]	@ (20000f4c <dcd_event_handler+0x1d4>)
20000e4e:	781a      	ldrb	r2, [r3, #0]
20000e50:	07d2      	lsls	r2, r2, #31
20000e52:	d5be      	bpl.n	20000dd2 <dcd_event_handler+0x5a>
20000e54:	2104      	movs	r1, #4
20000e56:	781a      	ldrb	r2, [r3, #0]
20000e58:	430a      	orrs	r2, r1
20000e5a:	701a      	strb	r2, [r3, #0]
20000e5c:	e79f      	b.n	20000d9e <dcd_event_handler+0x26>
20000e5e:	4b3b      	ldr	r3, [pc, #236]	@ (20000f4c <dcd_event_handler+0x1d4>)
20000e60:	781a      	ldrb	r2, [r3, #0]
20000e62:	07d2      	lsls	r2, r2, #31
20000e64:	d5b5      	bpl.n	20000dd2 <dcd_event_handler+0x5a>
20000e66:	2104      	movs	r1, #4
20000e68:	781a      	ldrb	r2, [r3, #0]
20000e6a:	438a      	bics	r2, r1
20000e6c:	701a      	strb	r2, [r3, #0]
20000e6e:	e796      	b.n	20000d9e <dcd_event_handler+0x26>
20000e70:	4f36      	ldr	r7, [pc, #216]	@ (20000f4c <dcd_event_handler+0x1d4>)
20000e72:	783b      	ldrb	r3, [r7, #0]
20000e74:	075b      	lsls	r3, r3, #29
20000e76:	d52b      	bpl.n	20000ed0 <dcd_event_handler+0x158>
20000e78:	2204      	movs	r2, #4
20000e7a:	783b      	ldrb	r3, [r7, #0]
20000e7c:	2100      	movs	r1, #0
20000e7e:	4393      	bics	r3, r2
20000e80:	703b      	strb	r3, [r7, #0]
20000e82:	466b      	mov	r3, sp
20000e84:	3206      	adds	r2, #6
20000e86:	1d98      	adds	r0, r3, #6
20000e88:	f000 f882 	bl	20000f90 <____wrap_memset_veneer>
20000e8c:	782b      	ldrb	r3, [r5, #0]
20000e8e:	ac01      	add	r4, sp, #4
20000e90:	7023      	strb	r3, [r4, #0]
20000e92:	2305      	movs	r3, #5
20000e94:	7063      	strb	r3, [r4, #1]
20000e96:	4b2c      	ldr	r3, [pc, #176]	@ (20000f48 <dcd_event_handler+0x1d0>)
20000e98:	681b      	ldr	r3, [r3, #0]
20000e9a:	4698      	mov	r8, r3
20000e9c:	695a      	ldr	r2, [r3, #20]
20000e9e:	f3ef 8110 	mrs	r1, PRIMASK
20000ea2:	b672      	cpsid	i
20000ea4:	6813      	ldr	r3, [r2, #0]
20000ea6:	2b00      	cmp	r3, #0
20000ea8:	d0fc      	beq.n	20000ea4 <dcd_event_handler+0x12c>
20000eaa:	f3bf 8f5f 	dmb	sy
20000eae:	4643      	mov	r3, r8
20000eb0:	4640      	mov	r0, r8
20000eb2:	6199      	str	r1, [r3, #24]
20000eb4:	0021      	movs	r1, r4
20000eb6:	f000 f85b 	bl	20000f70 <__tu_fifo_write_veneer>
20000eba:	4643      	mov	r3, r8
20000ebc:	695a      	ldr	r2, [r3, #20]
20000ebe:	699b      	ldr	r3, [r3, #24]
20000ec0:	f3bf 8f5f 	dmb	sy
20000ec4:	2100      	movs	r1, #0
20000ec6:	6011      	str	r1, [r2, #0]
20000ec8:	f383 8810 	msr	PRIMASK, r3
20000ecc:	2800      	cmp	r0, #0
20000ece:	d131      	bne.n	20000f34 <dcd_event_handler+0x1bc>
20000ed0:	78fb      	ldrb	r3, [r7, #3]
20000ed2:	07db      	lsls	r3, r3, #31
20000ed4:	d400      	bmi.n	20000ed8 <dcd_event_handler+0x160>
20000ed6:	e77c      	b.n	20000dd2 <dcd_event_handler+0x5a>
20000ed8:	466b      	mov	r3, sp
20000eda:	220a      	movs	r2, #10
20000edc:	2100      	movs	r1, #0
20000ede:	1d98      	adds	r0, r3, #6
20000ee0:	f000 f856 	bl	20000f90 <____wrap_memset_veneer>
20000ee4:	782b      	ldrb	r3, [r5, #0]
20000ee6:	ac01      	add	r4, sp, #4
20000ee8:	7023      	strb	r3, [r4, #0]
20000eea:	2303      	movs	r3, #3
20000eec:	7063      	strb	r3, [r4, #1]
20000eee:	686b      	ldr	r3, [r5, #4]
20000ef0:	6063      	str	r3, [r4, #4]
20000ef2:	4b15      	ldr	r3, [pc, #84]	@ (20000f48 <dcd_event_handler+0x1d0>)
20000ef4:	681d      	ldr	r5, [r3, #0]
20000ef6:	696a      	ldr	r2, [r5, #20]
20000ef8:	f3ef 8110 	mrs	r1, PRIMASK
20000efc:	b672      	cpsid	i
20000efe:	6813      	ldr	r3, [r2, #0]
20000f00:	2b00      	cmp	r3, #0
20000f02:	d0fc      	beq.n	20000efe <dcd_event_handler+0x186>
20000f04:	f3bf 8f5f 	dmb	sy
20000f08:	61a9      	str	r1, [r5, #24]
20000f0a:	0028      	movs	r0, r5
20000f0c:	0021      	movs	r1, r4
20000f0e:	f000 f82f 	bl	20000f70 <__tu_fifo_write_veneer>
20000f12:	696a      	ldr	r2, [r5, #20]
20000f14:	69ab      	ldr	r3, [r5, #24]
20000f16:	f3bf 8f5f 	dmb	sy
20000f1a:	2100      	movs	r1, #0
20000f1c:	6011      	str	r1, [r2, #0]
20000f1e:	f383 8810 	msr	PRIMASK, r3
20000f22:	2800      	cmp	r0, #0
20000f24:	d100      	bne.n	20000f28 <dcd_event_handler+0x1b0>
20000f26:	e754      	b.n	20000dd2 <dcd_event_handler+0x5a>
20000f28:	0032      	movs	r2, r6
20000f2a:	7861      	ldrb	r1, [r4, #1]
20000f2c:	7820      	ldrb	r0, [r4, #0]
20000f2e:	f000 f817 	bl	20000f60 <__tud_event_hook_cb_veneer>
20000f32:	e74e      	b.n	20000dd2 <dcd_event_handler+0x5a>
20000f34:	0032      	movs	r2, r6
20000f36:	7861      	ldrb	r1, [r4, #1]
20000f38:	7820      	ldrb	r0, [r4, #0]
20000f3a:	f000 f811 	bl	20000f60 <__tud_event_hook_cb_veneer>
20000f3e:	e7c7      	b.n	20000ed0 <dcd_event_handler+0x158>
20000f40:	10009830 	.word	0x10009830
20000f44:	20002033 	.word	0x20002033
20000f48:	20001690 	.word	0x20001690
20000f4c:	20001638 	.word	0x20001638
20000f50:	1000984c 	.word	0x1000984c
20000f54:	20002031 	.word	0x20002031
20000f58:	20001488 	.word	0x20001488

20000f5c <__aeabi_idiv0>:
20000f5c:	4770      	bx	lr
20000f5e:	46c0      	nop			@ (mov r8, r8)

20000f60 <__tud_event_hook_cb_veneer>:
20000f60:	b401      	push	{r0}
20000f62:	4802      	ldr	r0, [pc, #8]	@ (20000f6c <__tud_event_hook_cb_veneer+0xc>)
20000f64:	4684      	mov	ip, r0
20000f66:	bc01      	pop	{r0}
20000f68:	4760      	bx	ip
20000f6a:	bf00      	nop
20000f6c:	1000688d 	.word	0x1000688d

20000f70 <__tu_fifo_write_veneer>:
20000f70:	b401      	push	{r0}
20000f72:	4802      	ldr	r0, [pc, #8]	@ (20000f7c <__tu_fifo_write_veneer+0xc>)
20000f74:	4684      	mov	ip, r0
20000f76:	bc01      	pop	{r0}
20000f78:	4760      	bx	ip
20000f7a:	bf00      	nop
20000f7c:	100082ed 	.word	0x100082ed

20000f80 <__rp2040_chip_version_veneer>:
20000f80:	b401      	push	{r0}
20000f82:	4802      	ldr	r0, [pc, #8]	@ (20000f8c <__rp2040_chip_version_veneer+0xc>)
20000f84:	4684      	mov	ip, r0
20000f86:	bc01      	pop	{r0}
20000f88:	4760      	bx	ip
20000f8a:	bf00      	nop
20000f8c:	10001a5d 	.word	0x10001a5d

20000f90 <____wrap_memset_veneer>:
20000f90:	b401      	push	{r0}
20000f92:	4802      	ldr	r0, [pc, #8]	@ (20000f9c <____wrap_memset_veneer+0xc>)
20000f94:	4684      	mov	ip, r0
20000f96:	bc01      	pop	{r0}
20000f98:	4760      	bx	ip
20000f9a:	bf00      	nop
20000f9c:	10004069 	.word	0x10004069

20000fa0 <__time_us_64_veneer>:
20000fa0:	b401      	push	{r0}
20000fa2:	4802      	ldr	r0, [pc, #8]	@ (20000fac <__time_us_64_veneer+0xc>)
20000fa4:	4684      	mov	ip, r0
20000fa6:	bc01      	pop	{r0}
20000fa8:	4760      	bx	ip
20000faa:	bf00      	nop
20000fac:	10002b49 	.word	0x10002b49

20000fb0 <____wrap___aeabi_lmul_veneer>:
20000fb0:	b401      	push	{r0}
20000fb2:	4802      	ldr	r0, [pc, #8]	@ (20000fbc <____wrap___aeabi_lmul_veneer+0xc>)
20000fb4:	4684      	mov	ip, r0
20000fb6:	bc01      	pop	{r0}
20000fb8:	4760      	bx	ip
20000fba:	bf00      	nop
20000fbc:	10003e55 	.word	0x10003e55

20000fc0 <__best_effort_wfe_or_timeout_veneer>:
20000fc0:	b401      	push	{r0}
20000fc2:	4802      	ldr	r0, [pc, #8]	@ (20000fcc <__best_effort_wfe_or_timeout_veneer+0xc>)
20000fc4:	4684      	mov	ip, r0
20000fc6:	bc01      	pop	{r0}
20000fc8:	4760      	bx	ip
20000fca:	bf00      	nop
20000fcc:	10002a19 	.word	0x10002a19

20000fd0 <__panic_veneer>:
20000fd0:	b401      	push	{r0}
20000fd2:	4802      	ldr	r0, [pc, #8]	@ (20000fdc <__panic_veneer+0xc>)
20000fd4:	4684      	mov	ip, r0
20000fd6:	bc01      	pop	{r0}
20000fd8:	4760      	bx	ip
20000fda:	bf00      	nop
20000fdc:	10001a69 	.word	0x10001a69

20000fe0 <striped_spin_lock_num>:
20000fe0:	00000010                                ....

20000fe4 <irq_handler_chain_slots>:
20000fe4:	00000000 	.word	0x00000000
20000fe8:	00010000 	.word	0x00010000
	...
20000ff4:	00020000 	.word	0x00020000
	...
20001000:	00030000 	.word	0x00030000
	...
2000100c:	00ff0000 	.word	0x00ff0000
20001010:	00000000 	.word	0x00000000

20001014 <irq_handler_chain_first_slot>:
20001014:	b501      	push	{r0, lr}
20001016:	6848      	ldr	r0, [r1, #4]
20001018:	3101      	adds	r1, #1
2000101a:	468e      	mov	lr, r1
2000101c:	4700      	bx	r0

2000101e <irq_handler_chain_remove_tail>:
2000101e:	4670      	mov	r0, lr
20001020:	3809      	subs	r0, #9
20001022:	4901      	ldr	r1, [pc, #4]	@ (20001028 <irq_handler_chain_remove_tail+0xa>)
20001024:	4788      	blx	r1
20001026:	bd01      	pop	{r0, pc}
20001028:	10002099 	.word	0x10002099

2000102c <default_alarm_pool>:
	...
20001040:	200010b8 00000000 00000000 00000000     ... ............

20001050 <aeabi_bits_funcs>:
20001050:	00003350 	.word	0x00003350
20001054:	0000334c 	.word	0x0000334c
20001058:	00003354 	.word	0x00003354
2000105c:	00003352 	.word	0x00003352

20001060 <aeabi_bits_funcs_end>:
20001060:	0000534d 	.word	0x0000534d
20001064:	0000434d 	.word	0x0000434d
20001068:	00003453 	.word	0x00003453
2000106c:	00003443 	.word	0x00003443

20001070 <stdio_usb>:
20001070:	1000604d 10006001 10005f75 10005eed     M`...`..u_...^..
20001080:	00000000 00000100                       ........

20001088 <_usbd_qdef>:
20001088:	20001694 000c0010 00000000 00000000     ... ............
	...

200010a4 <_usbd_rhport>:
200010a4:	000000ff                                ....

200010a8 <i2c0_inst>:
200010a8:	40044000 00000000                       .@.@....

200010b0 <print_mutex>:
	...
