:020000041000EA
:1000000000B5324B212058609868022188439860DF
:10001000D860186158612E4B002199600221596106
:100020000121F02299502B49196001219960352056
:1000300000F044F80222904214D00621196600F024
:1000400034F8196E01211966002018661A6600F04E
:100050002CF8196E196E196E052000F02FF8012189
:100060000842F9D1002199601B49196000215960AB
:100070001A491B48016001219960EB211966A021F2
:10008000196600F012F800219960164914480160C1
:100090000121996001BC002800D000471248134993
:1000A000086003C880F30888084703B5996A0420EC
:1000B0000142FBD001200142F8D103BD02B5186610
:1000C0001866FFF7F2FF186E186E02BD00000240BE
:1000D000000000180000070000035F00212200005C
:1000E000F4000018222000A00001001008ED00E03C
:1000F00000000000000000000000000074B24E7A12
:1001000000200420F7010010CB010010CD010010E9
:10011000C9010010C9010010C9010010C901001077
:10012000C9010010C9010010C9010010CF01001061
:10013000C9010010C9010010D1010010D301001045
:10014000C1010010C1010010C1010010C101001067
:10015000C1010010C1010010C1010010C101001057
:10016000C1010010C1010010C1010010C101001047
:10017000C1010010C1010010C1010010C101001037
:10018000C1010010C1010010C1010010C101001027
:10019000C1010010C1010010C1010010C101001017
:1001A000C1010010C1010010C1010010C101001007
:1001B000C1010010C1010010C1010010C1010010F7
:1001C000EFF30580103800BE00BE00BE00BE00BECA
:1001D00000BE00BEF2EB88713498001054980010F5
:1001E0003802001090A31AE71E481F49086006C88D
:1001F00081F3088810471D480068002801D019487D
:10020000F3E70DA40ECC002902D000F012F8F9E7B4
:100210001749184A002000E001C19142FCD116495B
:100220008847164988471649884700BEFDE701C937
:1002300001C29A42FBD3704754980010C0000020BE
:10024000B81000204CA8001000000420000004207A
:100250004CA8001000100420001004200000000032
:10026000704700000000000008ED00E0000000D032
:10027000B81000203820002079590010D502001055
:1002800071590010F8B5C04606480749091A8B1085
:10029000C90FC91810B5491003D0044B002B00D06A
:1002A000984710BDB8100020B810002000000000D2
:1002B000054B10B5002B03D00449054800E000BFF2
:1002C000FFF7E2FF10BDC04600000000C01F002085
:1002D000848C0010F0B5DE46454657464E46E0B5E4
:1002E000B3B005F087FCFA20C00002F0FBFAD0485A
:1002F00005F0CEFCCF4805F0CBFCCF4805F0C8FC9C
:100300000FA80200CD4B32CB32C200F0D5F9002845
:1003100003D1CB4805F0BCFCFEE70426C94805F034
:10032000B7FCC94D12A9280000F0FCF92721C748E5
:1003300005F032FDC64C1423290027222000009628
:1003400000F0C4FA200000F097FC00222000110009
:1003500000F0D0FC2000BF4900F01EFD012200216A
:10036000200000F0C7FC2000BB4900F015FD022270
:100370000021200000F0BEFCB849200000F00CFD78
:10038000B74802F0AFFAB74805F082FC032001F04D
:1003900029FB300001F026FBD025192001F022FBBB
:1003A00008232D06AB62DB18AB6280239B04AB6293
:1003B00000220121032001F099FA300000220121DE
:1003C00001F094FA00220121192001F08FFAA648C9
:1003D00005F05EFCA54F2E3669686A686B68D20628
:1003E0009B010907DB0FD20FC90F380005F0D4FCC1
:1003F000013E642002F076FA002EEDD19C4805F013
:1004000047FCFA20C00002F06DFA9A4805F040FC63
:10041000B423DB0099460293B42319275B00964D61
:1004200098460193653B0322280094490097FF3BBF
:1004300000F058FE002800D1BCE04B460193434633
:100440000422032100938E483B0005F0A5FC200008
:1004500000F012FC00222000110000F04BFC2000F4
:10046000884900F099FCFA20800002F03BFA864BA4
:100470009B46864B0693864B0793864B0593864B8C
:100480000993864B0893864B0A93864B0B93864BB6
:100490000D93864B0C9369E0FA220023920002F040
:1004A000D7FE5B461B68C31A632B5CD95B4618609A
:1004B000301C03F029FD5346002B00D18AE00D9B30
:1004C000424600900191029349463B00099805F08D
:1004D00063FC200000F0D0FB00220021200000F08F
:1004E00009FC20000A9900F057FC4946200000F062
:1004F000B5FC01220021200000F0FCFB20000B993C
:1005000000F04AFC4146200000F0A8FC0E21012228
:10051000200000F0EFFB0C99200000F03DFC0222CF
:100520000021200000F0E6FB2000069900F034FCDA
:100530003900200000F092FC2000079900F02CFC0C
:10054000B4212000C90000F089FC03220021200012
:1005500000F0D0FB2000059900F01EFC01222000D5
:10056000311C00F0E7FC0A2002F0BCF9280000F082
:1005700067FF280000F0F8FF280000F0E9FF81463F
:10058000280000F0E7FF8046280000F0E5FF0700A4
:10059000280000F0E3FF8246280000F0E3FF061C7D
:1005A00002F0B6FA002900D076E7FA21890002F0BD
:1005B00011FE76E73E4805F06BFB200000F05CFB87
:1005C00031002000320000F095FB2000394900F096
:1005D000E3FBFEE7089B42460090019102934946E7
:1005E0003B00099805F0D8FB200000F045FB0022F5
:1005F0000021200000F07EFB20000A9900F0CCFBD7
:100600004946200000F02AFC01220021200000F0D1
:1006100071FB20000B9900F0BFFB4146200000F069
:100620001DFC0E210122200000F064FB089973E7F5
:10063000908C0010B88C0010D88C001058930010CB
:10064000FC8C0010208D0010A8100020408D0010A0
:10065000B01F0020688D0010788D0010848D001070
:10066000DC050000948D0010BC8D0010E48D00109E
:10067000F48D0010208E0010381200200000205051
:100680007C8E0010B88E0010A41F0020C08E0010B9
:10069000C88E0010CC8E0010D48E0010888C0010F4
:1006A000FC8E0010048F00100C8F00108C8C00103A
:1006B0003C8E0010688E001010B5041E19D0006822
:1006C000002816D0A16808F0EDF90321207901F087
:1006D000F3F80321607901F0EFF80022012120797D
:1006E00001F004F960790022012101F0FFF80120F6
:1006F00010BD0020FCE7C04610B50F2484B06C4448
:10070000227000280BD0002322000093013308F050
:10071000F1F9013843425841C0B204B010BD002085
:10072000FBE7C046F0B5DE46574645464E468A468C
:10073000E0B5804687B0584805F0AAFA574805F05A
:10074000A7FA534600240027002B59D0544B03939B
:10075000544B9B46544B99460F2378251E00254049
:100760002640234217D0002D36D0782D19D1484687
:1007700005F012FB0F2E39D00134802CECD139005A
:100780004A4805F009FB380007B0F0BCBB46B2464A
:10079000A946A046F0BD2100424805F0FDFA002D13
:1007A00028D002A900238C460F22E5B2009329002D
:1007B00040460133624408F0A7F9002812DB21000B
:1007C000584605F0E9FA5346DD5501370F2ED3D1CF
:1007D0000A2005F013FACFE7334D280005F0DCFAC4
:1007E0000134B9E7039805F0D7FAEFE70A2005F0DE
:1007F00005FAC4E72C4D0124280005F0CDFAECE7FA
:10080000284B9A46284B99460F2378251E002540F1
:100810002640234212D0002D2ED0782D14D14846E8
:1008200005F0BAFA0F2EE1D00134802CA7D00F23A7
:1008300078251E00254026402342ECD12100504659
:1008400005F0AAFA002D21D002A8002384460F2229
:1008500000934046E1B20133624408F055F90028A4
:1008600010DB21000F4805F097FA01370F2EDBD17E
:100870000A2005F0C3F9D7E70B4D280005F08CFAE4
:100880000134C1E7064805F087FAEFE748464D46D0
:1008900005F082FA0124F0E7108F0010208F00107D
:1008A0005C8F0010548F0010608F0010648F001058
:1008B00000230F2200B585B000936A44013308F08D
:1008C00023F9C043C00F05B000BDC046F0B5C64611
:1008D00000B515006A46437108230E00127E0160C0
:1008E00005718271C3710400322001F0FBFF290001
:1008F0003000FFF7DDFF002800D1B6E1E279217971
:100900002068FFF7F9FEFA2030253426800001F038
:10091000E9FFE27921792A43D2B22068FFF7ECFEA1
:10092000E27921793243D2B22068FFF7E5FE012057
:10093000002101F061FFE27921792A43D2B22068D7
:10094000FFF7DAFE0021322001F056FF052001F00A
:10095000C9FFE27921792A43D2B22068FFF7CCFEA1
:10096000E27921793243D2B22068FFF7C5FE012037
:10097000002101F041FFE27921792A43D2B22068B7
:10098000FFF7BAFE3220002101F036FF9620002149
:1009900001F032FFE27921792A43D2B22068FFF7D1
:1009A000ABFEE27921793243D2B22068FFF7A4FE90
:1009B0000120002101F020FFE27924272A4320258D
:1009C000D2B221792068FFF797FE802632200021DD
:1009D00001F012FF9620002101F00EFFE27921794B
:1009E0002A43D2B22068FFF787FEE27921793A43A1
:1009F000D2B22068FFF780FE0120002101F0FCFE4A
:100A0000E27921792A43D2B22068FFF775FE3220BD
:100A1000002101F0F1FE9620002101F0EDFEE279C7
:100A200021792A43D2B22068FFF766FEE279217964
:100A30003A43D2B22068FFF75FFE0120002101F0A7
:100A4000DBFEE27921792A43D2B22068FFF754FE17
:100A50003220002101F0D0FEE27976423243217942
:100A6000D2B22068FFF748FE8423E27921791A4345
:100A70002068FFF741FE0120002101F0BDFEE3796F
:100A800021791E43F2B22068FFF736FE32200021A2
:100A900001F0B2FEE27921792068FFF72DFE0423F0
:100AA000984643464026E27921791A43D2B220681B
:100AB000FFF722FE0120002101F09EFEE27921795C
:100AC0002068FFF719FE3220002101F095FEE2793F
:100AD000764232432179D2B22068FFF70DFEC4235B
:100AE000E27921791A432068FFF706FE01200021F0
:100AF00001F082FEE37921791E43F2B22068FFF70C
:100B0000FBFD3220002101F077FEE2792179206897
:100B1000FFF7F2FD43461026E27921791A43D2B25B
:100B20002068FFF7E9FD0120002101F065FEE27970
:100B300021792068FFF7E0FD3220002101F05CFE02
:100B4000E27921793243D2B22068FFF7D5FD142330
:100B5000E27921791A432068FFF7CEFD01200021B8
:100B600001F04AFEE27921793243D2B22068FFF7E0
:100B7000C3FD0021322001F03FFE022001F0B2FE51
:100B8000E27921792068FFF7B7FD43466026E279D4
:100B900021791A43D2B22068FFF7AEFD012000216F
:100BA00001F02AFEE27921792068FFF7A5FD3220C5
:100BB000002101F021FEE27921793243D2B220688E
:100BC000FFF79AFD6423E27921791A432068FFF741
:100BD00093FD0120002101F00FFEE27921793243DB
:100BE000D2B22068FFF788FD3220002101F004FE18
:100BF000E27921792068FFF77FFD4346E279217988
:100C00001A43D2B22068FFF777FD0120002101F0DE
:100C1000F3FDE27921792068FFF76EFD3220002193
:100C200001F0EAFDE27921792A43D2B22068FFF788
:100C300063FDE27921793A43D2B22068FFF75CFD87
:100C40000120002101F0D8FDE27921792A43D2B2B6
:100C50002068FFF751FD0021322001F0CDFD022078
:100C600001F040FE80BCB846F0BD2900014805F007
:100C700093F843E67C8F001070B50400C2790179C7
:100C80000068FFF739FD04231025E27921791A4322
:100C90002068FFF731FD0120002101F0ADFDE27970
:100CA00021792068FFF728FD3220002101F0A4FD02
:100CB000E27921792A432068D2B2FFF71DFD14237F
:100CC000E27921791A432068FFF716FD01200021FF
:100CD00001F092FDE27921792A43D2B22068FFF730
:100CE0000BFD0021322001F087FD022001F0FAFD0A
:100CF00070BDC046F0B5274B83B0019383790400E3
:100D0000934201D8013BDAB201AB9D5C0F234D1930
:100D1000EDB22F0080269F43E2793E432179324392
:100D20002068FFF7E9FC8423E27921793A431A43EA
:100D30002068FFF7E1FC0120002101F05DFDE27970
:100D4000217932432068FFF7D7FC3220002101F0DF
:100D500053FD2D01E279EDB221792A432068FFF796
:100D6000CBFC0423E27921792A431A432068FFF758
:100D7000C3FC0120002101F03FFDE27921792A43E3
:100D80002068FFF7B9FC3220002101F035FD03B0E7
:100D9000F0BDC04600401454F8B557464546DE46FF
:100DA0004E46E0B50D7804000F00002D50D00F2303
:100DB0009A4601239946052398462E0053464A46F3
:100DC0009E433243D3B2E27921791A4320689B468D
:100DD000FFF792FCE37921791E4343461E43F2B2AA
:100DE0002068FFF789FC0120002101F005FD5B462A
:100DF0004E46E27921791A4320682D01FFF77CFCE9
:100E0000EDB23220002101F0F7FC2E43E279F6B278
:100E1000217932432068FFF76FFCE37921791D4384
:100E200043461D43EAB22068FFF766FC012000211B
:100E300001F0E2FCE279217932432068FFF75CFCA3
:100E400001373220002101F0D7FC3D78002DB4D1CC
:100E5000F0BCBB46B246A946A046F8BDF0B5DE469A
:100E6000574645464E46E0B585B06F460B00040038
:100E7000102168462E4A04F03BFD3D78002D50D0ED
:100E80000F239A4601239946052398462E00534680
:100E90004A469E433243D3B2E27921791A4320680D
:100EA0009B46FFF729FCE37921791E4343461E4305
:100EB000F2B22068FFF720FC0120002101F09CFC29
:100EC0005B464E46E27921791A4320682D01FFF7EF
:100ED00013FCEDB23220002101F08EFC2E43E279AA
:100EE000F6B2217932432068FFF706FCE3792179D5
:100EF0001D4343461D43EAB22068FFF7FDFB012076
:100F0000002101F079FCE279217932432068FFF772
:100F1000F3FB01373220002101F06EFC3D78002DFB
:100F2000B4D105B0F0BCBB46B246A946A046F0BD60
:100F3000A88F0010F0B5DE46574645464E46E0B550
:100F40000D1C374989B0130004000A0002A80821CB
:100F500004F0CEFC281C02F0D7FF04AF00900191F2
:100F600002AA1021380004F0C3FC3D78002D50D0B7
:100F70000F239A4601239946052398462E0053468F
:100F80004A469E433243D3B2E27921791A4320681C
:100F90009B46FFF7B1FBE37921791E4343461E438D
:100FA000F2B22068FFF7A8FB0120002101F024FC29
:100FB0005B464E46E27921791A4320682D01FFF7FE
:100FC0009BFBEDB23220002101F016FC2E43E279AA
:100FD000F6B2217932432068FFF78EFBE37921795D
:100FE0001D4343461D43EAB22068FFF785FB0120FD
:100FF000002101F001FCE279217932432068FFF7FA
:101000007BFB01373220002101F0F6FB3D78002DFB
:10101000B4D109B0F0BCBB46B246A946A046F0BD6B
:10102000AC8F0010F8B5CE4647462B4E80B53368DE
:10103000002B02D09B78834203D0C0BCB946B04697
:10104000F8BD01F065FD336804000D0098469A6A0A
:10105000DB6A801A99410A1E35D042461178012771
:101060008C46390062464346D02091409B69000679
:101070009946436840680B405A1E93414246527855
:101080005B0097403840471EB8410343032BD4D13F
:1010900043464A46114F99693B681148D21AD31703
:1010A000D2185A4004F078FE33689A699C62DD6277
:1010B0003A6000221A6224329A5C002A08D0DA6967
:1010C0000132DA61B9E7FA239B009842C5D2B4E74E
:1010D000DA69013ADA61B0E7A01B0020A81F0020FE
:1010E000B48F0010F0B5DE4657464E464546E0B593
:1010F0008DB01F0016AB1B78160083709846179BA7
:1011000002704360189B012283600023836199462B
:10111000C361036224334770C160C25400220023BC
:101120008262C3624B46036304000D0001F0F0FCD1
:1011300000234A4623644423A063E163E254300061
:1011400000F050FC380000F04DFC0022012130007E
:1011500000F0CCFB00220121380000F0C7FB9C4BC3
:10116000280019009A4607F013FA0390002800D1CE
:101170000EE15146280007F049FA010060619548E8
:1011800004F00AFE0021280007F0E6F9011E00DA4B
:1011900017E1914B20619D4200D103E18F4A9048B5
:1011A00004F0FAFD23696269994604AB9A46190076
:1011B00000230292CB608022F82352025B02049249
:1011C0000593C0231B038B60102208A802F036FF92
:1011D000029A504613000833D2011B03134308A997
:1011E0001022099302F02AFFF82251461203F3035A
:1011F0001340CB607B4930006B181B0D0633D9B20E
:101200008B4600F059FB5946701C00F055FB00233B
:101210003200494600932800023307F073FAA022F7
:101220005346802112039B6804926F4A09061340BB
:101230000B438B465146029A8B6028005346494621
:1012400007F0BAFA4B4669495B008C4659464B4455
:10125000DB00EA18624411601160D0221206516866
:10126000EB185268624AD8331A60624A49461A60DB
:10127000614A62481A60624A1A6001239A468B40AA
:101280002A6813432B6004F003FD31005D4804F02D
:1012900083FD39005C4804F07FFD642001F022FBEF
:1012A000236950461A0008329040696802000842DB
:1012B00000D179E069680A4200D086E09B00EB1813
:1012C000186A69680A4200D078E0186A69681142B1
:1012D00000D073E0186A696811426FD1186A6968B2
:1012E00011426BD1186A6968114267D1186A69683E
:1012F000114263D1186A69680A425FD103221B6AEE
:101300001A4044230125E254E15CE25CE35C5208AC
:101310002B402A40C9B23D4804F03EFD404600F053
:1013200061FB4346D0269D403606002201214046FF
:10133000B56200F0DBFA73681D422FD10825002248
:10134000334B4146334804F027FD414607220A400B
:101350000C2192009140304B0A001C604346DB0890
:101360002E493C339B005A504046012229002C4B09
:1013700000F0D0FA2B4804F08BFC2B4804F088FCDA
:1013800003980DB0F0BCBB46B246A946A046F0BDDE
:10139000264804F07DFC00230393F1E70425012295
:1013A000234BCEE7234AFAE6234804F071FC236975
:1013B00051461A00083291400A007BE7032202409E
:1013C0009FE71E4804F064FCE5E7002299E7C04669
:1013D000749300101890001000002050E08F00104F
:1013E000609000100000E0AFFFFF0A3ED010000048
:1013F000C0E000000240000046A000008090001005
:1014000022A00000AC900010C8900010FC900010CA
:10141000F08F001028910010A01B00200040014018
:10142000251000106491001090910010F88F0010AA
:10143000E88F0010D88F0010E49000103C9000104E
:10144000F0B557464E464546DE46E0B501270669EB
:10145000C5680836B7406B6887B01F4269D1384B02
:1014600000211A6804939046364A019193465B46E0
:101470000291B100039103210593039B12689B46DF
:1014800091468C46304E314A5B46B2464E46146811
:10149000039262465B59413100961340425C01342D
:1014A0009A422CD05646425C92001A43D2B2B256AF
:1014B000002A17D0866996198661066A0136066287
:1014C000D617B61A2422F60F8654066A8268964208
:1014D00001DB0022026201229146009A4A440092F6
:1014E0000122029243546B68621C1F420FD15B467B
:1014F000140062465B591340425C9A42D2D10123E8
:10150000994601936B68C844621C1F42EFD0059A4C
:10151000009B9346039A99461460019A049B002A03
:1015200001D042461A60029B002B02D05B464A461D
:101530001A6007B0F0BCBB46B246A946A046F0BD53
:1015400000200020142000206493001018200020A8
:1015500080697047C0697047006A70472423C05C87
:10156000C0B27047006C7047F0B54646D6464F464D
:10157000C0B5804601F0CCFA434604009A6BDB6BA1
:101580000D00A41A9D4106000F00002D02D1164B3C
:101590009C4224D943469B699A464346186B53465E
:1015A000181A02F07FFC43468146986802F07AFCE4
:1015B000011C484602F055FC29008146200002F03B
:1015C00095FC011C094802F04CFC011C484602F045
:1015D0005CFC434652469E63DF6318641A63E0BCBA
:1015E000BA46B146A846F0BD9F860100C0E1644CF2
:1015F000D0231B061B68AC4A9900F0B5DE468B462B
:1016000051585A4253412F2257464E4645465B4257
:1016100093439A46A54BE0B59C4683B000260191C2
:10162000E244002938D0A24B99465246F3080833C9
:101630009B009D580123340098460836002D22D087
:101640000F212000294001342D09002919D04B46D3
:101650005A469A580300C240203BDB1713404246CB
:1016600013420CD107220F000240920097403A002B
:10167000C308904F3C339B00DA51019B9847002DE3
:1016800001D0B442DCD3202ECFD103B0F0BCBB4696
:10169000B246A946A046F0BD854E5F4600210F2305
:1016A000B346CC0822005046083292001258002A55
:1016B00000D1D0E0180010408046100913421AD023
:1016C0005D46ED59A94620256D42AC468C446546E1
:1016D000ED17AC464D46CD40A94665464E463540D1
:1016E0000126354204D14646724D3C34A400665171
:1016F000002800D1AFE01C000440A446140A0342B5
:101700001AD0481C80465846C059464681464D4628
:101710000800F5401F38C01728400125284208D18D
:1017200065462D01AC46F0086646624D3C308000AF
:101730004651002C00D18EE0180020408446100B4A
:10174000234211D08C1CA0465C46E4594646A14673
:101750004D460C00F5401E3CE4172C4001252C4260
:1017600000D182E0002876D01C000440A446140C6E
:10177000034210D0C81C80465846C0594646814690
:101780004D460800F5401D38C01728400125284265
:1017900075D0002C5FD0180020408046100D2342E9
:1017A0000ED00C1DA4466546414CE459EC40A146C0
:1017B0000C004D461C3CE40F2C426AD000284AD055
:1017C0001C000440A446140E034218D0481D804655
:1017D00045463748C059E840814608004D461B3809
:1017E000C00F284209D165462D05AC4640466646E5
:1017F000C008304D3C3080004651002C2BD01800E2
:1018000020408446120F23422AD029488C1D81464D
:10181000C059E0408046080045461A38C00F2842AB
:1018200006D1E0086446234D3C3024068000445134
:10183000002A10D04846C059CC1DE040844608001C
:1018400065461938C00F284205D1E0083C30194CD4
:101850001207800002510831202900D021E714E747
:10186000002AF8D012488146E4E765462D02AC46CE
:10187000F40866460F4D3C34A400665172E7654695
:101880002D03AC46F00866460A4D3C3080004651B8
:101890007FE745462D04A84664464646E408054DC4
:1018A0003C34A400665189E7281B002030410140E8
:1018B000F01F002000400140094A83009A1810B52B
:1018C00014684022544080322240064CC000A44696
:1018D00063441A60044B9C466044416010BDC0469E
:1018E00004C0014004D0014000400140074B80008B
:1018F000C3181B68C90092000A435A400C231340C6
:10190000034A9446604403607047C04604C00140E7
:1019100004D00140F8B545469846D0231B06DE4664
:101920001C689B462B4B57469A46A3004E46994649
:10193000E0B5534616004A469B5807000D00002BA1
:1019400034D04346002B3FD053464A464146995037
:10195000D0231B061C6863425C412F220720634290
:1019600093431D4A38409446FA0811008000854090
:101970003C311A486344890092000D509B18002E98
:101980000ED0802292019446634401210D201D60F7
:1019900000F020F9F0BCBB46B246A946A046F8BD0F
:1019A000C0229201944663441D60F3E74346002B36
:1019B000D1D0534641460D2099500022084900F0ED
:1019C0006BF95B461C68C6E70D20054900F05EFA1E
:1019D000BAE7C046281B00203041014000400140CA
:1019E000F11500100123D022834012069362936107
:1019F000094A83009A1811684022514080320A40F7
:101A00000649C0008C4663441A60054B9C4605237A
:101A1000604443607047C04604C0014004D00140A8
:101A2000004001408023DB051868000F7047C04666
:101A30000FB400B5084883B004F02AF9049B002BCA
:101A400007D005A91800019103F078FF034804F0BE
:101A50001FF9012003F08AFFC0910010D0910010FF
:101A6000EFF3108072B6034A1368002BFCD0BFF36B
:101A70005F8F70472C0100D0BFF35F8F0022024BB5
:101A80001A6080F3108870472C0100D070B5EFF316
:101A9000108C72B60D4D2B68002BFCD0BFF35F8FFE
:101AA0000724CB08C618C05C01230C40A3401C00CF
:101AB0000440034207D118433070BFF35F8F2C609E
:101AC0008CF3108870BD1000FFF7B2FF2C0100D01E
:101AD000F8B54746CE46884680B5EFF3108C72B60F
:101AE0001C4D2C68002CFCD0BFF35F8F9A4222D88B
:101AF00007210126894602E00132934218D34D4660
:101B000037001540AF40D4080119045D2742F3D1D6
:101B100010003C430C70BFF35F8F00220D4B1A6026
:101B20008CF3108800280EDBC0BCB946B046F8BD67
:101B300001204042EFE7BFF35F8F00232B608CF35F
:101B40001088012040424346002BEDD00898FFF753
:101B50006FFFC0462C0100D0044A1078431CDBB252
:101B6000172B00D9102313707047C046E00F0020D8
:101B700010B5064B064C82B00100009318221F23BB
:101B80002000FFF7A5FF02B010BDC046D4910010A1
:101B9000381B00200021044B044ABFF35F8F02C3AF
:101BA0009342FAD17047C046000100D0800100D0B6
:101BB000054B064A1360064A136053609360D36076
:101BC00013615361936170478080808000E400E07E
:101BD00004E400E01F2318401E3B8340002905D089
:101BE000C021044A490053501360704780220149C4
:101BF0008B50FAE700E100E001228240034B1B68B2
:101C000013405A1E9341D8B27047C04600E100E02D
:101C100001238340014A13607047C04600E200E0A0
:101C2000064B10309B688000C358054A00209B1A61
:101C30002F229A424041C0B27047C04600ED00E0FA
:101C4000E40F002070B50D00EFF3108672B60F4A56
:101C50001368002BFCD0BFF35F8F0D4B10309B68D7
:101C600084001B590B4A934203D09D4201D001F0DE
:101C70005FF9074B9B681D51BFF35F8FBFF35F8F09
:101C80000022024B1A6086F3108870BD240100D038
:101C900000ED00E0C1010010F0B557464E46DE46AB
:101CA0004546E0B585B0060000911700EFF3108BB4
:101CB00072B66A4A1368002BFCD0BFF35F8F002511
:101CC000674B5D579A46002D00DAA9E06B00654C22
:101CD00001935B199B009846A146C1444B4652466E
:101CE0009B7910361370604BB6009B6899590B1B9B
:101CF0002F2B33D95D4B994200D0ACE0019B42467B
:101D00009C465B4B6544AD0063535A4B0232A218AC
:101D1000043B9B1A1B05584A5B0D651913436B80E6
:101D2000564B0121AB80FF23AB71009BEF71AB6081
:101D30004B460B4319004C4B9B689951BFF35F8F87
:101D4000BFF35F8F0022454B1A608BF3108805B0FC
:101D5000F0BCBB46B246A946A046F0BD01200A0031
:101D60008243D3798C46BB4231D84546130044495F
:101D70001B1B5B415943090D3D4B63533D4B0235E2
:101D80006519043B5B1B1B053B4D5B0D2B43AA46B2
:101D90004D466B800425AC465546E044131F444431
:101DA0001B1B1B055B0D1D434B46997100999D80C4
:101DB00099604946DF71334B01431360BBE758001C
:101DC000C01880002018C179B9422FD9020006231B
:101DD000D356002BF3DA02932B4B61460393131D6A
:101DE0009A4604235B429C46E14450464B461B1AEC
:101DF0001B055B0D9C46204B9571984663464046FB
:101E000003439380019B5A199200039BA418A3805B
:101E1000029B1C4AA371009B2260E771A3608AE7C2
:101E200001F086F8002553465D574FE790880293EE
:101E30004005131D9A46031561469C464046D4440E
:101E4000634604302018181AE0230005400D1B02D9
:101E500018430390C5E701F06BF84FE7240100D069
:101E600031200020E40F002000ED00E0C10100104F
:101E700000A1FFFF1410002000E0FFFF01BDFFFFE5
:101E8000AAAA00000148804701BD0000F0B5DE4667
:101E900057464E464546E0B50C0083B0EFF3108838
:101EA00072B6634A1368002BFCD0BFF35F8F614B9F
:101EB00061499A68030010339F00D55901938D4200
:101EC00043D0A54254D05D4EAA1B2F2A3DD85C4B6F
:101ED0009B461B68994601231A009C4682404B464C
:101EE00013401F2299466346024093409A4680223F
:101EF0005B4650469850BFF35F8FEFF305839B46D8
:101F0000002B37D0019B5B4501D001F011F8012374
:101F10002A009A439068844208D176E04B005B180F
:101F20009B00F3189868844236D01A000621515657
:101F30000029F3DA844254D04B46002B27D0C0222C
:101F400051463F4B5200995019603A4B9B68DD5106
:101F5000BFF35F8FBFF35F8F0022354B1A6088F3AA
:101F6000108803B0F0BCBB46B246A946A046F0BDFF
:101F70000D00EAE72A0063469A4390688442D5D16F
:101F800006201056130000280ADA0D0031E08023E5
:101F900051462B4AD150D8E706201856002821DB9D
:101FA00042001118890074188B46A1689960E17984
:101FB000D971062161569971002924DBA488F11A90
:101FC000640524155C44091909051E4C490D21437B
:101FD000998013181C4A9B001178F318997110709E
:101FE000AAE713005946002914D1FF31917117490E
:101FF000918015490A789A71154A9B1B5B415A4397
:10200000120D0A7098E71149E2E7062010561300F6
:102010000028C5DA0F4A1049D21A083A5002400D7A
:10202000014399800D4952080A43DA8084E7C0468B
:10203000240100D000ED00E0C1010010E40F0020F9
:1020400000E100E000E0FFFF3120002001BDFFFFC4
:10205000AAAA00001E10002000F0FFFF00F8FFFFFA
:1020600070B501240443EFF30581EFF3108C72B6D1
:10207000214A1368002BFCD0BFF35F8F1F4B050074
:102080001F4AED1A6D416A43120D1E4D8900AE685C
:1020900052B27658A6421CD00621595691421CD005
:1020A00012215956914222D01E215956914220D0D8
:1020B0002A2159560324914210D0134B19781A70D3
:1020C0008171BFF35F8F00220B4B1A608CF3108875
:1020D00070BDAB680D4C5C50EFE70024610009193E
:1020E00089005B18FF21997109499980E5E701246E
:1020F000F4E70224F2E7C046240100D0E40F0020F8
:10210000AAAA000000ED00E031200020C10100106B
:1021100001BDFFFF10B5084B084C82B001000093D1
:10212000002205232000FFF7D3FC002801DB1F233A
:10213000181A02B010BDC046F091001035200020E2
:10214000024B9C46614489000160704740000034A6
:1021500070B5114C114DAC420FD2FF262368002BF5
:102160000CD0FFF7F9FC01002000FFF7E9FFA68083
:10217000BFF35F8F0834AC42F0D370BDFFF7ECFCC7
:1021800001002000FFF7DCFF2671BFF35F8F0834EA
:10219000AC42E3D3F1E7C046B0100020B8100020F5
:1021A00010B50400FFF7D8FC01002000FFF7C8FFBE
:1021B000FF232371BFF35F8F10BDC04610B504002D
:1021C0000120FFF7D5FC034BC3189B002360BFF32E
:1021D0005F8F10BD40000034034B9C466144890072
:1021E0000160BFF35F8F7047400000340A4B1968ED
:1021F000EFF3108072B60A68002AFCD0BFF35F8F3D
:102200001B68BFF35F8F00221A6080F3108840BF05
:10221000002000217047C04608200020F0B5DE46AF
:1022200057464E464546E0B587B0EFF30583032297
:1022300001251A40954091008846A946B34B039268
:102240005C58B34B1D60B34B04934B46B248436399
:102250000823E55E002D37DAA3881BB2002B00DBD4
:10226000ADE0A379002B00D0EEE00823E05E00286B
:1022700020DB430062691B18DB00D3189E68DD6811
:10228000731C00D111E1A44801004144826A0B692A
:10229000B71A9B1A9F4215D30123026A0398834001
:1022A0001A420FD09C4800F02BFC8D4202DCCCD1AE
:1022B0008642CAD940BF07B0F0BCBB46B246A94669
:1022C000A046F0BD0E61EDE762696B0092465B19B6
:1022D000DB009A4453469E68DF6800F011FC8F4291
:1022E000BADC00D103E1002F00DAE8E052465346A1
:1022F00052691B699346049A934200D1D9E0524631
:102300000821605E528800045946104398470090A7
:1023100001910099019A0B001000134300D1CEE007
:1023200013000A00B61A9F41002806DB7A4800F025
:10233000E7FB009E019F36184F4153469E60DF60C9
:1023400000229A5E002A00DA86E753009918606935
:10235000C900411802938B68C9689B46B94200DDE9
:102360007AE702D1B34200D976E708239C46A44419
:10237000059565462281A446029B2C0006E0530089
:102380009918C90041188D68C968AB469B18DB00D5
:10239000C318B94206DC00D1B3E01C000023E25EA2
:1023A000002AECDA230064469C4653461A806346B2
:1023B000059D1D80A3881BB2002B00DA51E722691E
:1023C000EFF3108172B61368002BFCD0BFF35F8F60
:1023D0000123A7885B42A3803FB22369BFF35F8FCD
:1023E00000221A6081F31088002F00DA39E72300F9
:1023F000083322009A4666697B00DB19DB00F3187C
:10240000996850468C460824115FDD68002910DB6E
:10241000029306E0AB4244D00023E15E2000002995
:1024200006DB4C006418E4003419E368AB42F1DDCC
:10243000029B078000201F5E1980002FDCDA140049
:10244000A379002B00D110E70023A37126000823F5
:10245000E15E08364B1C00D12CE70800A2466569F6
:1024600002E03E004B1C1AD04B005B18DB00EF185B
:102470000A008C46E95E7B881BB2002BF1DA01234F
:102480005B42DC17BB60FC60824205D05346318062
:102490001B893B8053461A8160464B1CE4D154464D
:1024A000E5E6A3686345B7D9C2E76B1C00D0EAE64E
:1024B000F8E65B4658461B69984700281BD15346EF
:1024C0001B8822692381EFF3108372B611680029FB
:1024D000FCD0BFF35F8F514662880A802269658015
:1024E000BFF35F8F0021116083F31088B4E686424A
:1024F00000D8F8E6B0E65B461A685B680092019384
:1025000007E7B34500D848E74CE7C046E01F002086
:102510003C7005401D2200100040054070B52E4C57
:102520002569002D04D00A212C48FFF709FE70BD53
:102530002B4E0321300000F0D9FAE660FFF70CFBC8
:10254000284B03229C46D02322701B061B680121C6
:102550006370254B6044A3600F238000206102203C
:10256000638063694942A18019800231198647312D
:102570001D83585218315A5275325C3999521832AB
:102580000131995218320131995218320131995260
:10259000083518329D5202311832995218320131E1
:1025A0009952183201319952183201319952183228
:1025B000013199521832013199520C4B0C49DC60AF
:1025C00001303562FFF73EFB01210320FFF702FBDC
:1025D000084B1D60A7E7C0462C10002008200020F3
:1025E0000040054040000034FFFF1000E01F0020C5
:1025F0001D22001038600540004870472C10002054
:10260000F8B51F0008AB1B7804001600002B08D19A
:1026100000F07EFA32003B00121A8B41002B00DAE8
:1026200052E02269EFF3108072B61368002BFCD0E1
:10263000BFF35F8F0223E15E63694A005218D20044
:102640009B182269002936DB1D886580BFF35F8FE8
:102650000025156080F31088069A9E60DF601A617D
:10266000079A5A615A8801325204520C101C002AEF
:102670001FD082B25880080410432669EFF31087F8
:1026800072B63268002AFCD0BFF35F8FA2881A802E
:10269000A1802369BFF35F8F00221A6087F310883F
:1026A0000A4923788C4601329A40E36863441A60F1
:1026B000F8BD0120DDE7BFF35F8F0023136080F3D7
:1026C000108801204042F3E70020F1E73C200000A1
:1026D00070B501000469EFF3108C72B62068002811
:1026E000FCD0BFF35F8F02200D5E4C69680040197B
:1026F000C00024180869002D36DB26884E80BFF301
:102700005F8F002606608CF31088E360638804986E
:10271000013320615B0405985B0CA26060611A1CA8
:10272000002B1FD093B22804628018430A69EFF38C
:10273000108C72B61368002BFCD0BFF35F8F8B88B0
:1027400023808D800B69BFF35F8F00221A608CF3AA
:1027500010880B7801329A40CB6808498C46634454
:102760001A6070BD0122DDE7BFF35F8F00230360B5
:102770008CF3108801204042F3E7C0463C20000063
:1027800010B543890A1493421ADD53009B1842691D
:10279000DB00D3180469EFF3108C72B62268002AAC
:1027A000FCD0BFF35F8F5A88090494B2090C8A42A7
:1027B00008D00369BFF35F8F00221A608CF3108882
:1027C000002010BD8022120214435C8001230269A4
:1027D0008371BFF35F8F002111608CF3108804496F
:1027E00002788C469340C268012062441360E8E797
:1027F0003C20000040787047F0B5C64600B582B076
:1028000004000D0000F084F924184D41002D02DA77
:1028100001242F4D644206267642F71736196F4180
:10282000AF4214D811D000F073F932003B00121AF5
:102830008B41002B15DC002B46D02000290000F036
:1028400071F902B080BCB846F0BDA642EBD90026B3
:10285000002700F05DF932003B00121A8B41002B7B
:10286000E9DD00F055F932003B00121A8B41002BD4
:102870000ADB00230193174B3200009316483B00FC
:10288000FFF726FF0130D8D000233900B0469C4620
:10289000124A1348536A994204D8966A4645CCD2E4
:1028A0009942CAD10668EFF3108772B63368002BDD
:1028B000FCD0BFF35F8F0368BFF35F8F66461E6077
:1028C00087F3108820BFE5E7002AB6D0C9E7C046E5
:1028D000FFFFFF7FED2100102C100020004005407D
:1028E00008200020F0B5C64600B582B0040000F014
:1028F0000FF9FA2206000F002000002300219200A9
:1029000001F08CFA8019794104000D1E02DA0124CD
:102910002E4D644206267642F71736196F41AF42B4
:1029200014D811D000F0F4F832003B00121A8B4199
:10293000002B15DC002B46D02000290000F0F2F817
:1029400002B080BCB846F0BDA642EBD900260027F5
:1029500000F0DEF832003B00121A8B41002BE9DD5B
:1029600000F0D6F832003B00121A8B41002B0ADB34
:1029700000230193164B3200009316483B00FFF7EB
:10298000A7FE0130D8D000233900B0469C46124A39
:102990001248536A994204D8966A4645CCD2994265
:1029A000CAD10668EFF3108772B63368002BFCD0EB
:1029B000BFF35F8F0368BFF35F8F66461E6087F3C8
:1029C000108820BFE5E7002AB6D0C9E7FFFFFF7FE8
:1029D000ED2100102C1000200040054008200020B0
:1029E000F0B557464E46DE464546E0B506000F00B8
:1029F00085B0EFF3058399468B46002B12D03849FA
:102A000000204B6ABB4206D38A6ADB1B591E8B41EE
:102A1000B2424041184305B0F0BCBB46B246A9469D
:102A2000A046F0BD2F4B9A46DB68984653461B786C
:102A30004046039300F064F84246039B04000433CD
:102A40009B009B580D001B1A39003000001BA94148
:102A5000894510DC0DD020BF214A0020536A5B4518
:102A6000D9D3926ADB1B591E8B41B24240411843B5
:102A7000D1E78342EFD900F04BF832003B00121A45
:102A80008B41002B1ADB00230193174B320000937C
:102A900050463B00FFF71CFE011E0FDD104B5A6A2B
:102AA0005A451BD39B6AB34216D35046FFF768FEC4
:102AB0000B4A0020536A5B45ADD3D2E7084A002099
:102AC000536A5B45A7D30020926ADB1BB2424041A8
:102AD0005A1E934118439EE75A45E6D120BFE4E7CA
:102AE000004005402C100020ED21001010B5024AD6
:102AF0000248FEF7CBFF10BD0C9200103C1B0020DB
:102B00000300416A0A00986A596A8A42FAD17047FA
:102B1000034B596A0A00986A596A9142FAD1704780
:102B200000400540064A536A9942FCD807D1044B3D
:102B300002E05A6A914202D19A6A9042F9D87047EB
:102B400000400540F8B5DE464E4657464546E0B5DE
:102B50008B4605000A991800160000F03BFB0A9B03
:102B60006C001F02324B64199C46A40064446368E5
:102B700081469F4200D967602B1FDBB29846012B2C
:102B800030D9C02380229B01E31812011A60294B1F
:102B9000AD0059599A4600291BD17301E0262268DD
:102BA00053401E40802342465B01E3181E60012A09
:102BB00030D9802380229B01E31812011A6053460A
:102BC0004A4667605A51F0BCBB46B246A946A04689
:102BD000F8BD586900F0FEFA013043001B18033BB2
:102BE000FDD2DAE75B46012BCBD1C02303229B0148
:102BF000E3181A60023AA3681A42FCD07301E02677
:102C00002268AD0053401E4080230A4A5B01924671
:102C1000E3181E605A462168514003220A401A6098
:102C200001225B469A40A3681A42FCD0C1E7C04625
:102C300000800040441B0020F0B546464F46D64673
:102C4000C0B51F00344B44009C462418A4006444C3
:102C5000636888461600FF2B02D880235B00636000
:102C6000031FDBB29A46012B30D9C02380229B017F
:102C7000E31812011A60294B850059599946002919
:102C80001BD17301E026226853401E408023524628
:102C90005B01E3181E60012A30D9802380229B014A
:102CA000E31812011A6080235B0063604B465F519A
:102CB000E0BCBA46B146A846F0BD586900F08AFAB1
:102CC000013043001B18033BFDD2DAE74346012BDA
:102CD000CBD1C02303229B01E3181A60023AA368F8
:102CE0001A42FCD07301E0262268850053401E4042
:102CF00080230A4A5B019146E3181E604246216820
:102D0000514003220A401A60012342469340A268C0
:102D10001342FCD0C1E7C04600800040441B0020A5
:102D2000014B8000C0587047441B0020F8B50400D8
:102D300021481E0017000D0000F04CFA0100380079
:102D400000F048FA069B36041B031E432368002B41
:102D500020DB1A4B1A49E3185A1E93418022920134
:102D600094465B421B0B174A1B0363441360164ACD
:102D700013601F000A689743FBD1144B2560E218CB
:102D80002123A06013602368002BFCDA0823E6608F
:102D90001360F8BD3F2322681340AB42D9D1A3682A
:102DA0001B051B0D8342D4D1EE22E368D2021340EF
:102DB000B342CED1EDE7C046001BB7000040FDBFD7
:102DC00008C0004000E0004000F000400430000077
:102DD00010B580241C4BE4051C6000281AD0012388
:102DE0001A4C18431A4BDC611A4C44401C6259625D
:102DF00098628021144BC90519601748174908606B
:102E0000E021C9041960002A07D18022144B120660
:102E10001A6010BD0E4BD861EBE753019B1A9B0063
:102E20009A18802312015B049A4209D213000D49BB
:102E30000B60074B5A608022094BD2051A60E8E705
:102E4000094B1A00F3E7C04600B00540D3C007B0F5
:102E5000008005402D3FF84FFCFF01000820014095
:102E600000A00540B81F0020FFFFFF008023024A9A
:102E70009B000B43D362704700800540002310B5D0
:102E80000100988A1B8B984710BDC046162310B5C9
:102E90000100188802331B88984710BDF8B54746D3
:102EA000CE4680B50F1E18D0142399460433040073
:102EB0000025012698464B461888434621681B8802
:102EC000984701C4431E984101350640AF42F2D1F4
:102ED0003000C0BCB946B046F8BD0126F8E7C04690
:102EE000002370B504000D00988A05491B8B984794
:102EF00003000020002C01DB0130A040290098478E
:102F000055420000AA23064A1B0113608D235B0073
:102F1000D3600449044B19605368002BFCDA7047F6
:102F20000040024000B0FA00006002407047C04616
:102F300010B50148FEF77CFD3092001070B5074DCA
:102F4000074EB54209D20024013E761BB60808CDD3
:102F5000984723000134B342F9D170BD408C001072
:102F60007C8C0010054B064A06491A60064A074B3E
:102F70001A6010000B689843FBD1704700E00040D6
:102F8000BFCDFBFE08C00040FE7F3C0000F00040CB
:102F9000044BDB6C002B03D18022034BD2021A605E
:102FA0007047C046000011504C201150044A054B98
:102FB0001A60054A1368DB018033FBD17047C046B5
:102FC000FFFFFF0100F0004008C000404022034B1B
:102FD0009A675A671A67DA667047C04600F0014080
:102FE00010B5FEF7D7FD10BDF8B52749274C284D81
:102FF000641AA6103200302E00D930222800920028
:1030000001F01CF8BC2C3BD830202F232C1964076E
:10301000204A801BE40F9B1B052B16D93700002C80
:1030200002D0B300771CEA50001B33199B00410803
:10303000EB18C900C9181A605A6008339942FAD1CE
:10304000012303421CD09843C619B300EA50731CF5
:103050002F2E15D09B00EA50B31C2E2E10D09B00B3
:10306000EA50F31C2D2E0BD09B00EA50331D2C2E62
:1030700006D09B00EA50731D2B2E01D09B00EA5016
:10308000054B9D60F8BDC04600010010C001001056
:1030900000000020C101001000ED00E0002310B589
:1030A000294C82B0A367FFF72DFF0122274B1A603E
:1030B000636C012BFCD10322254B1A60224A936BCF
:1030C000012BFCD1013300930121224A2248043311
:1030D000FFF72CFE052301210093204A2048FFF72B
:1030E00025FE0022022104201E4BFFF7A5FD002231
:1030F000012105201C4BFFF79FFD00220021072026
:103100001A4BFFF799FD002200210820174BFFF70B
:1031100093FD8023DB000093002200210920134B44
:10312000FFF710FD0022104B00210620FFF784FD61
:103130000420FFF7F5FD0E4900F04CF801000020D7
:10314000FFF794FE02B010BD008000403CB000408C
:1031500030B00040002F685900800240008C864744
:1031600000C00240001BB70040597307006CDC022E
:1031700040420F0001480421014B18475010002025
:103180009D2E0010124A936F9B0815D29066D1664F
:10319000002905D0FFE7FFE7FFE7516F106F704789
:1031A00004B580210906C2175140002800D0C84349
:1031B00005F00EFD002104BDF0B5146E556E576F7D
:1031C000166FFFF7E3FF1466556657671667F0BD85
:1031D000000000D0114A936F9B0813D2106651660D
:1031E000002905D0FFE7FFE7FFE7516F106F704739
:1031F00004B5002801D00020C04305F0E9FC0021FF
:1032000004BDC046F0B5146E556E576F166FFFF7CC
:10321000E5FF1466556657671667F0BD000000D0DD
:1032200094464A4A926F9208624601D228E0C0460C
:10323000F0B5464E346E756E776F366F00F020F83D
:103240009446424A14665566576716676246F0BD53
:1032500094463E4A926F9208624601D254E0C046BC
:10326000F0B53A4E346E756E776F366F00F04CF8ED
:103270009446364A14665566576716676246F0BD2F
:10328000002B24DB11D000293EDA00B5C9434042AF
:1032900000D1013100F038F8C943404200D101317A
:1032A000DB43524200D1013300BD002AEBD100289C
:1032B00001D1002905D00020C90FC90701D1C043A1
:1032C000410800B505F06CFC0022002300BD00B5EC
:1032D00000290ADBDB43524200D1013300F014F82D
:1032E000C943404200D1013100BDC943404200D131
:1032F0000131DB43524200D1013300F005F8DB43DA
:10330000524200D1013300BD002923D1002B18D136
:10331000002A0CD0BC460D4F38667A660021002387
:10332000FFE7FFE7FFE77A6F386F674670470028CF
:1033300001D00748010000B505F032FC002200234F
:1033400000BD02000B00002000217047000000D0EB
:10335000FFFFFFFF002B00D0BFE0130C28D1002A95
:10336000E7D080B4114F39667A66FFE7FFE730B4E3
:10337000040C7B6F396F1B0423433B667A66FFE7BF
:10338000FFE7FFE7C04684B27B6F3D6F1B0423431A
:103390003B667A66FFE7FFE7C04600232C042D0C4E
:1033A0007A6F386F00196941B0BC7047000000D0D7
:1033B000F0B594460025140E01D112020835140F01
:1033C00001D112010435940F01D192000235D40FBE
:1033D00001D152000135D40B0134254F7C66254CB8
:1033E0003C660E0C93B2FFE7FFE7FFE73C6F6643D6
:1033F000360C7703BE467343DF0B5B04C01AB9413A
:10340000130C7343DB18C91ACE086643360CB64456
:1034100093B273431F0F1B01C01AB941130C7343BE
:103420001F0B1B05C01AB941860D8F023E43664330
:10343000360C092D24DB520A7243801A7703460AA0
:103440006643360C16235B1BDE40DF40BF19644623
:103450006643821B7046043506330100D940A840FC
:10346000C01900D30131A24206D20023F0BD0000F2
:10347000000000D0FFFFFFFF121B0130F3D3F1E784
:1034800009277F1BFE406446A2B27243801A00D215
:103490000139220C7243130C1204821A99410B0059
:1034A0007046043513370100F940A840801900D355
:1034B0000131002B02D1A2420AD2F0BD013000D36B
:1034C0000131121BFAD2013BF8D1A24200D2F0BD69
:1034D000013000D30131121BF7E7F0B51C0C00D00E
:1034E00080E00CB400251C0A04D11B02160E3343E5
:1034F000120208351C0B04D11B01160F33431201B5
:1035000004359C0B04D19B00960F33439200023587
:10351000DC0B02D192185B4101351C009718644105
:103520000134464F7C66464C3C660E0CFFE7FFE7D5
:10353000FFE7C0463C6F6643360C7703BE4697B242
:103540007743C01B00D20139C01B00D201399FB2A2
:103550007743C91BC91B170C77437E04FF0B801BE5
:10356000B941CE086643360C0C2D33DBB644120B42
:103570001F053A431B0B97B27743C01B00D201399A
:103580009FB27743C91B170C77433E043F0C801B47
:10359000B941860D8F023E43664329277F1BFE40BB
:1035A0000C3D7746AF40BF1930BCA2B2ABB27243FC
:1035B0007343801A9941220C7243130C1204801A2F
:1035C000994102000B000137001BA941F9D2781E76
:1035D0000021F0BD0C277F1BFE4077467F0BAF40DC
:1035E000FF19E0E700245D1C07D0144F7D663966A3
:1035F000FFE7FFE7FFE7FFE73C6F95B29EB2654349
:103600006643401BB141150C1E0C654366433604EE
:103610002F0C3E432D04401BB141994204D20200BD
:103620000B0020000021F0BD01D19042F7D3801A99
:10363000994101349942F2D3F6E70000000000D02E
:10364000FFFFFFFF48404140484018B41B4B5B68F8
:10365000FC46019308BD04DFEF38001018B4174B87
:103660001B68FC46019308BD00DFF9380010944642
:10367000134A926F920809D2624618B40F4BDB6866
:10368000FC46019308BD0CDFB13B00100C4AF0B5BD
:10369000146E556E576F166F6246FFF7EEFF084ABD
:1036A0001466556657671667F0BD18B4034B9B68E0
:1036B000FC46019308BD08DF553A0010881200202F
:1036C000000000D0FFB550404240504059404B40B0
:1036D000594000E0FFB5154F4C00640D03D0BC42CB
:1036E00004D10C0314D80020090D09055C00640DF9
:1036F00003D0BC4204D11C030AD800221B0D1B05B9
:1037000001264B4009D44B4003D58B4200D1824265
:10371000FFBD9942FCD19042FFBD0B43DB18034330
:103720001343F5D0C9434918FFBD0000FF0700004F
:1037300000B5FFF7CFFF804100BDC04600B5FFF7E1
:10374000C9FF01D9002000BD012000BD00B5FFF771
:10375000B9FF01D9002000BD012000BD00B5FFF771
:10376000B1FF804100BD012040054A00121804D875
:103770005A00121801D8002070470120704700003D
:103780000021002805D17047C1174840401AFAD0DF
:10379000C90713B5064B1B6898470CBC441CA240D4
:1037A0001005120B0349091B09051943114310BDEC
:1037B000042000201F04000010B54C00620D80237F
:1037C000D218DB00D21A5B057E2A10DD9E3A13DA8E
:1037D000CC170903490819435242D140640001340F
:1037E0001532202A05DAD0400843604310BD00207E
:1037F00010BD0846604310BDC80FC018013810BD89
:1038000018B4044B5B6AFC46019308BD24DF613D9C
:103810000010000088120020132370B51D78012DC0
:1038200019D014DD1F48FFF731FB06001E48FFF7D3
:103830002DFB1E4C80223100200000F0FFFB022DEA
:103840002DD01B48FFF71AFB1A4B186070BD1A4B9E
:10385000164CA364F5E7184B144C23606360A36017
:10386000E36023616361A361E36123626362A36236
:10387000E36223636363A363E36323646364A36416
:10388000E36423656365A365E36523666366A366F6
:10389000E36623676367A367E367A364D1E7064B27
:1038A000A364CEE753440000534600008812002072
:1038B0004C33000004200020BD38001007B56046DE
:1038C00001880A0A0230DF2AFAD1C9B2820804D379
:1038D000028840880004104300E00068014A50500C
:1038E000039007BD881200200FB403BC0CBCF0B5D8
:1038F0000124E407634000E0F0B50C0DCF0F661E15
:103900003605891B640503D3C943404200D3013106
:10391000640D03D0661CF60A07D0E41B00207F006C
:10392000791C89078912803C24031D0DDF0F6E1E50
:1039300036059B1B6D0503D3DB43524200D3013395
:103940006D0D03D06E1CF60A07D0ED1B00227F0020
:103950007B1C9B079B12803D2D032F1B661B58D49D
:10396000A446202E46DA20371400BC401D00BD407E
:10397000F24033412A4380185941CB0F05D0C94347
:10398000C043002264425041514162464D0D28D14E
:103990000D0D07D100281FD0241940414941013A9B
:1039A0000D0DF9D0640006D3013000D30131002C95
:1039B00001D140084000013A0BD4941CE40A04D120
:1039C00012051144DB071944F0BDD907204B1943F8
:1039D00000E0D9070020F0BD0029DDD1002CDBD1AB
:1039E000F0BD0132C6074008CD0728434908002E24
:1039F000E1D0D9E73C2E29DA203E40371400BC4004
:103A000000D00124F24014431A00BB401C43D317DA
:103A1000ACE7AC46202F08DA20360400B4400D0095
:103A2000B540F84039412843A5E73C2F0CDA203F48
:103A300040360400B44000D00124F840044308009C
:103A4000B1400C43C117EAE710001900002494E7C5
:103A50000000F07FF0B50C0D661E3605891BE60AE6
:103A60006405640D02D0651CED0A04D0002001211C
:103A70000905803C2403A4461C0D671E3F05DB1B83
:103A8000E70A6405640D02D0651CED0A04D000222B
:103A900001231B05803C24037740644497B484B21F
:103AA00096B27443070C7E43150C6F4380B2684393
:103AB000361802D3012000043F183004350C0019D9
:103AC0007D41844688B29AB250430C0C62431F0C6D
:103AD0007C438EB27E43921902D301263604A41988
:103AE0001604170C3618674101BC81B29AB25143D3
:103AF000040C62431B0C5C4380B25843121802D37F
:103B00000120000424181004130C401863412D18E0
:103B10005E410020474106BC88B293B258430C0C6A
:103B20006343120C544389B251435B1802D3012101
:103B30000904641819041A0C091862416D185641D9
:103B40000020474118BCF902720D1143F0026A0DC2
:103B50001043ED020A0D03D16D1940414941013B6B
:103B6000124E9B1B7600B3420ED26D0007D301307C
:103B7000002671416646354301D1400840001B05CF
:103B8000C918E4072144F0BD0BDA013306D1013036
:103B900004D101314F0D01D04908F2E7E1070020BF
:103BA000F0BD013631050020EBE70000FF03000007
:103BB000F0B51C0D671E3F05DB1BE70A6405640DAD
:103BC00002D0661CF60A04D0002201231B05803CAB
:103BD0002403D0252D060026F6432E661E096E66A8
:103BE000CE0FF619B44649004F0D02D07E1CF60ADE
:103BF00003D000200021403F3F033E1BB600B444E9
:103C0000013F7F05C91B49082E6F013676089C02CB
:103C1000950D25437543ED137543AD1301356D10B7
:103C2000F603761B0CB4CC02450D2C43A2B2B3B202
:103C30005A43270C7B43350C6F43A4B26C431B19CA
:103C400002D3012424043F191C041D0CA4187D4137
:103C500024196D41009A91B2ACB26143170C7C43B8
:103C60002B0C5F4392B25A43A41802D301221204D0
:103C7000BF182204230C52187B41019C6C431B1972
:103C8000520ED9010A434401A01A81B2B2B2514383
:103C900003145A43360C734387B27743D617D219AD
:103CA00000277E4136049B191704160C7F185E41CD
:103CB0007316ED18F301002680337541A90F06D164
:103CC0006400690AE8055B0A184309D22FE0042260
:103CD000944480337541A90AA8059B0A184326D34A
:103CE000404149412404009A019B0D005543641B47
:103CF0004343E41A95B286B27543170C7E43030C16
:103D00005F4392B25A43B61802D301221204BF187D
:103D10003204330C52197B4152429C41002C02D494
:103D20000022013051414008CA071043490802B03F
:103D30006246D7079210084BD218084B9A4203D21A
:103D400012058918C919F0BD0020002A01DC3900CC
:103D5000F0BD01331905F5E7FD030000FE07000083
:103D6000002200B5203200F004F8080000BD000079
:103D700000220B150AD410B5944600F031F8141443
:103D8000013400DA0021CB17144C20470020002119
:103D900070476244343A0CD40C2A07DA040091408C
:103DA000904052422032D440214310BDD843D943E1
:103DB00010BD203207D40C469440524220321141AB
:103DC000D040204310BD0800C917203203D452420E
:103DD0002032104110BD1800190010BD933D001095
:103DE0000A0DCC0F531E1B05C91A520503D3C94334
:103DF000404200D30131520D03D0531CDB0A07D0DF
:103E0000121B00206400611C89078912803A12038A
:103E1000014BD21A70470000FF0300005143434397
:103E2000C9188C46110C83B24B4310B4040C614387
:103E300092B280B2504362431C041B0C001910BCA8
:103E400059411304120CC0185141614470470000DD
:103E50004840414048400E4B5B6818470C4B1B687C
:103E600018470C4A936F9B0802D2094BDB6818472E
:103E7000F0B5146E556E576F166FFFF7F6FF054AD3
:103E80001466556657671667F0BD014B9B68184767
:103E900088130020000000D0491A002808D10846E5
:103EA00070470000C10FC90700D54042002817D055
:103EB000F44603B40B4B1B68984706BC81409E3800
:103EC0004042803107D20B0607D04900490AC0059D
:103ED0001043084360470130F8E7490A8902F5E7D3
:103EE0007047000004200020054A10470029FBD03D
:103EF000044B5B6EFC46184764DFAD3F00100000CA
:103F0000993E001088130020034BDB6FFC461847D6
:103F10007CDFF13F0010000088130020132310B550
:103F200012481C78FEF7B2FF0100012C0AD003DD15
:103F300080220F4800F082F80E48FEF79FFF0E4BDC
:103F4000186010BD0A4C5422200000F077F80B4B8B
:103F50006365A365E36523666366A366E36623671B
:103F60006367A367E3672362E361E5E75346000005
:103F7000881300204C33000004200020813F0010F3
:103F800007B5604601880A0A0230DF2AFAD1C9B2B1
:103F9000820804D3028840880004104300E00068CF
:103FA000014A5050039007BD88130020002230B50D
:103FB000002906D5CD0705434808013A10E0002244
:103FC00030B505000D430FD0CD170C16AC4205D10E
:103FD000C901440E2143C0010732F6E7050008007D
:103FE00052423D320149884730BD0000EF290000B0
:103FF000C30FDB0741000A0E07D0FF2A08D00909CA
:10400000054A891819434007704719000020704776
:104010000249C918FAE70000000000380000F07FEC
:1040200001480421014B1847601000209D2E00100C
:10403000014B1B681847000060100020014B5B68B3
:1040400018470000601000209A4200D28854704740
:104050007047C046F8B55746DE464E464546E0B581
:1040600099460A9B07009A460D9B884693460B9CEF
:104070009B073BD10C9B9C423DD21E1B0B94150011
:104080000C005E442A004B46013521002020B84731
:10409000B542F7D1A0460B9C002C20D045463619DE
:1040A0005346321B013C185D29004B46B847002C93
:1040B000F6D12B00350098460D9B9B070FD55B462C
:1040C000EC1A0C9BA3420AD9464698462A004B4656
:1040D000310020200134B84701354445F6D328008B
:1040E000F0BCBB46B246A946A046F8BD1600150076
:1040F000002CD3D1E0E716001500002CCED1EEE75E
:10410000F0B54546DE4657464E46E0B585B09C467E
:1041100010AB1B78149F934698460F9C129E139DDC
:10412000BB074CD4002D42D1B44248D201233B40BE
:1041300099460E9B013B9A46302304E052460134D7
:104140001355A64201D9202CF8D14B46002B00D1A3
:1041500083E00E9B013B99463023A54205D82EE013
:104160004A4601341355AC4229D0202CF8D1FB0625
:104170000CD57B0554D4A64263D0A54261D0119BD7
:10418000102B50D0022B57D0202C32D1202301935A
:104190000E9B5A460093039763460295FFF75AFF1A
:1041A00005B0F0BCBB46B246A946A046F0BD01230F
:1041B0003B40994601233B422AD1B442B9D3FB0686
:1041C0001CD57B05DBD4002CD5D1119B102B5BD0EB
:1041D000119B022B6BD0302301240E9A137043469F
:1041E000002B10D17B073ED52B260E9A631C16554B
:1041F000CDE72300013430260E9AD654202CC5D0AA
:104200004346002BEED02D260E9A631C1655BEE7B2
:104210004346002B2FD0013DB44200D289E798E7F6
:10422000119B102BB2D1BB0637D5202CAED0582312
:104230000E9A13550134A7E7202CA7D02300013490
:1042400007E0631E012CC0D0119A102A31D0022A37
:10425000D1D162260E9AD65496E7FB06CED57B05C1
:1042600000D488E78BE723003E0790D520260E9ADE
:10427000013316558BE70C233B405A1E9341ED1A30
:10428000B44200D255E764E7BB060ED478230E9AF9
:104290000224137030235370A1E7202C00D175E75E
:1042A00078230E9A135501346EE75823EFE76033F5
:1042B000EDE70E9AA61E91464E44BA0602D5582244
:1042C000327098E77822327095E7C04610B5002822
:1042D00000D110BD01F092FCFBE7C0460B0010B509
:1042E000002802D049681B68984710BDF0B55746B2
:1042F000DE464E464546E0B595B083460F009246F1
:1043000098461E9A1F9B10001900209EFFF72BFA5B
:10431000002800D0EAE11E981F990122C54B5242A5
:10432000FFF706FA002800D014E11E981F99012219
:10433000C14B5242FFF712FA002800D0E9E01E9864
:104340001F990022BD4BFFF709FA002800D0C8E0F2
:104350001E981F990022BA4BFFF7EAF9002800D0F7
:10436000BFE01E981F9900220023FFF7E1F9002803
:1043700000D0E4E000230B93229B5B0500D40626CB
:104380000024302307E0172106AA013452181355E0
:10439000013E202C01D0092EF5D81E981F99FFF759
:1043A0000BFAA84BF2009B181A685B68050008928C
:1043B0000993FFF7E9F902000B001E981F99FFF718
:1043C00044F9089A099BFFF770F906900791FFF7E7
:1043D00017FA8146FFF7D4F902000B0006980799F7
:1043E000FFF733F90022984B06900791FFF7B6F9D3
:1043F000002800D10DE101239C46E1444846FFF727
:10440000BFF902000B0008980999FFF797F90028F7
:1044100002D0002399460135002E00D1D9E006953F
:104420004D46B94614E006AA944617230A21634470
:10443000280001341F19FEF7CDFE303139702800F5
:104440000A21013EFEF7C6FE092D00D817E105003E
:10445000202CE8D14F46069D20240CAE06AA172337
:104460009446634499465B46B34606930FE04B4639
:1044700028000A210134E618FEF784FE30312800B6
:1044800031700A21FEF77EFE051E00D1E4E0202CEB
:10449000EDD1069B5E469B460323229A1340012BD7
:1044A00018D1219B002B15D00B9B002B00D1FDE0D8
:1044B000219B013B2193202B0CD93023219A07E02B
:1044C000172006A9013409180B55944200D3CCE0FB
:1044D000202CF5D1229B01940393219B00960293FB
:1044E00022E0229B52460493219B390003935846B5
:1044F0001E9B1F9C029600930194434600F04AF9CC
:104500000400200015B0F0BCBB46B246A946A04648
:10451000F0BD229B5B070FD403224C4B22990192E2
:10452000039121990093029143465246390058461F
:10453000FFF790FD0400E4E70422454BEEE71E9AE6
:104540001F9B00200021FFF780F801231E901F9180
:104550000B9311E7229B54469B0711D1219B042BFF
:104560000ED9219B55469C465E46043C64442A0075
:104570004346013539002020B047A542F7D1B34664
:10458000344D26002B1F99465B46A3461C00320083
:10459000E87843463900013DA04701364D45F6D144
:1045A00023005C469B46229B04349B07A9D55346B7
:1045B000219AE31A9A42A4D95E4615002200434686
:1045C00039002020B04753460134E31A9D42F5D804
:1045D00097E72800FFF7D8F802000B001E981F99F4
:1045E000FFF733F80022184B06900791FFF7A0F869
:1045F0000CAE002800D031E7069807990022124B34
:10460000FFF7ACF8002800D028E7012301359D43CF
:1046100024E70022069807990B4BFFF789F800283A
:1046200000D0F9E64B46002B5CD101239C46E144C7
:10463000F2E6C046FFFFEFFFFFFFEF7F65CDCD4104
:1046400065CDCDC1809500100000E03F889200103C
:104650008092001090920010069B5E469B460323BA
:10466000229A1340012B00D181E0202C00D131E7A8
:104670000B9B002B27D02D23335501342AE74F46BF
:10468000069D202C00D1E7E63022331907E01720E1
:1046900006A9013409180A55202C00D1DCE6A342F2
:1046A000F5D12E220CAE0134F254D7E60C23229A17
:1046B000134257D0219B013B2193A34200D9FCE632
:1046C000202C00D106E7229B5B0703D52B23335513
:1046D0000134FFE6229B1B0700D4FBE62023335561
:1046E0000134F7E6DB0700D496E69EE7229B5546A9
:1046F0009B0711D1219B032B0ED9219B54469C462D
:104700005E46033D654422004346013439002020C3
:10471000B047AC42F7D1B346B9465F461C4EEC1CDD
:104720002A00B078434649460135B847013EAC42BD
:10473000F6D1229BBB464F469B0700D4E1E6534689
:10474000219AE31A9A4200D8DBE65E461500220061
:10475000434639002020B04753460134E31AAB42A8
:10476000F5D3CEE6219BA34200D9A6E6B2E6219B73
:10477000002B00D179E70B9B002B97D0219B013BAD
:1047800021939C4200D298E6202C00D073E7A1E64A
:104790008C920010F0B5DE4657464E464546E0B5D1
:1047A00099B081468B4692469846229A239B1000E8
:1047B0001900FEF7D8FF002800D0CAE022982399FC
:1047C0000122824B5242FEF7C9FF002800D0C0E010
:1047D0002298239901227E4B5242FEF7A9FF00281E
:1047E00000D0B6E02298239900220023FEF7A0FF14
:1047F000002800D0C9E1229B239C089309940898C3
:1048000009998023269ADB001A400D928022269C6B
:104810001201144022000B94269C07000E001C423B
:1048200000D0ADE00B00034300D0D5E0002A00D05B
:104830000AE2220006332493022313400C9302233E
:10484000134200D002E2259B042B00D20FE2043B6E
:104850000B93002304250A93002222982399002316
:10486000FEF766FF002800D003E25A4B269A134059
:1048700004930B9B0393249B0293089B099C009336
:1048800001945946434652464846FFF72FFD020021
:104890002020269B1F27034059424B415B42184072
:1048A000531C0893594643464530C8470A9AD317C4
:1048B000D4185C40D30F0A936B1E0B9308AB9C4635
:1048C0000025674401E0202D0FD020000A21FEF7CB
:1048D00081FC01357E193031317020000A21FEF74C
:1048E00079FC26000400092EEDD8052306930B9BC6
:1048F00059460593002304930A3303930A9B4846C1
:10490000029310AB0093089A43460195FFF7F8FB1A
:104910000C9B002B2DD05346C41A259BA34228D9AB
:104920004D465F4681461E00534639001A19202025
:1049300043460134A847A642F6D85346484625992F
:10494000C21A01320023914200D386E101301818C7
:104950000FE0269B0493259B0393249B0293229BA9
:10496000239C009301944346524659464846FFF71C
:10497000BDFC19B0F0BCBB46B246A946A046F0BD8E
:1049800001432BD10B9B2200002B00D154E70023C5
:104990000A93249B0A9A0024934200DD85E1229821
:1049A000239900220023FEF7C3FE002800D035E142
:1049B000269B084A02941A408023DB001343049389
:1049C000259B0393089B099CCBE7C046FFFFEF7F25
:1049D000FFFFEFFFFFF7FFFF06232493B44B7000A8
:1049E0009C46400D6044FEF7CFFEB24AB24BFEF744
:1049F0005CFEB24AB24BFEF731FE3603B14B360BCA
:104A0000334304000D00380019000022AE4BFEF7BE
:104A10001CFEAE4AAE4BFEF748FE02000B00200023
:104A20002900FEF71BFEFEF7C7FE0A90FEF7ACFE5C
:104A3000A84AA94B04000D00FEF737FE0022A74B41
:104A4000FEF70CFEFEF7B8FEA54A0600A54B2000B7
:104A50002900FEF72AFE040030000D000C96FEF738
:104A600093FEA14AA14BFEF720FE02000B0020009E
:104A70002900FEF7EAFD02000B0006000F00FEF71A
:104A800014FE320004000D003B0030003900FEF738
:104A9000E5FD00220E900F91954B20002900FEF7B6
:104AA000E6FD0022934BFEF7D9FD02000B0020002B
:104AB0002900FEF7DCFD00228F4BFEF7CFFD020040
:104AC0000B0020002900FEF7D2FD0D00802104001C
:104AD00032003B000020C905FEF7B7FD02000B00C5
:104AE00020002900FEF7BAFD02000B000E980F9976
:104AF000FEF7BDFD0022734BFEF7B0FD7F4B0C9C13
:104B00009C46644400222305FEF7CFFD06000F00FB
:104B100002000B0008980999FEF70AFE00280AD047
:104B20000A9B3000013B39000A930022714BFEF7CB
:104B30009EFD06000F000A9A330063323900C62A30
:104B400012D802222698042510400B9A0C90002AB5
:104B500025D1259B042B05D9002800D0A1E0259B59
:104B6000043B0B93042541E00222269810400B9A47
:104B70000C90002A12D1259B052B76D9002872D1E2
:104B8000259B0525053B0B9334E0802212069446B5
:104B9000229B0893239B6344099330E605250B432E
:104BA00000D1F6E608980999554A564BFEF7CEFD16
:104BB000002808D0089809990022534BFEF7B8FD49
:104BC000002800D0E5E6249B002B1CD00D9B002B79
:104BD00019D0249B013B2493259BAB4204D90C9B09
:104BE000002B5AD002230C9300230B930A9B002B1B
:104BF00000D131E60898099932003B00FEF737FDF5
:104C00000890099128E6259BAB42EDD90C9B002B1F
:104C100043D000230B9302330C93E7E78020269BBD
:104C20003A4A00061A40802384460294089C099D53
:104C30002900DB0013430493259B61442200039366
:104C40000B00009201938EE60524A8E600230B9347
:104C50000A93023304250C93FEE553468C46013B30
:104C600063441B1A72E602230C930525C2E7042352
:104C7000EDE58020089E099F000639008446269AAB
:104C8000224B6144134004930B9B32000393249BFB
:104C900002930B0000920193F3E5259B5B1B0B93A2
:104CA000A4E7022304250C93A0E79C1A013C76E6B6
:104CB00001FCFFFFFB799F501344D33FB3C8608BC7
:104CC000288AC63F0000F03F0000F83F61436F6351
:104CD000A787D23F71A379094F930A400000E03FB4
:104CE0001655B5BBB16B0240EF39FAFE422EE63FD6
:104CF00000002C400000244000001840FF0300008A
:104D00002D431CEBE2361A3F80842E41FFF7FFFF54
:104D1000F0B5DE4657464E464546E0B5A5B01E0006
:104D20002E9B92460C93CD4ACD4B80468B461A6003
:104D3000002900D1EAE1002330789946002800D10B
:104D4000ECE1C84B4C460B93C74B454657460E9378
:104D50000AE0631C984622003B005946A847444697
:104D60003078002800D187E001362528F1D10823CA
:104D70009A46043B9946023B9846013B00229C46DA
:104D80000D943078711C0300203BDBB2102B03D84C
:104D90000B9C9B00E3589F460300303B89460D9CCB
:104DA000092B3AD9002398462A2800D1C1E00023D4
:104DB0009A462E284BD00300683BDBB2122B1ED83C
:104DC0000E999B00CB589F4663460E001A43D8E7C6
:104DD00043460E001A43D4E74B460E001A43D0E771
:104DE00010230E001A43CCE753460E001A43C8E7BF
:104DF00080235B001A43FF3B9C467078E1444E469B
:104E000067284FD82428A4D90300253BDBB2422BC6
:104E10009FD896499B00CB589F46002394461E007E
:104E200000E00131B3009B195B001E180878303E8A
:104E30000300303B092BF4D90123624689469C4686
:104E40000023B0469A460E00E1442E28B3D130210B
:104E5000802049428C46C000024370784B4684440F
:104E60006146092900D86CE12A2800D17AE10123A2
:104E70009C464E46E1449EE7A146A846BA46CA452E
:104E800003D801235B425344994653464A46594648
:104E90000020C047200025B0F0BCBB46B246A94662
:104EA000A046F0BD0300693BDBB20D930F2B00D988
:104EB0004FE7012199408C466D49894661464B4632
:104EC00019400F91634649460B4200D028E10D9BE3
:104ED0000A2B3AD0072B00D03BE70C9B190008C9DE
:104EE0008846002B00D14BE121200243914614A9B2
:104EF0008C461F220F2162448C4651460D950C9121
:104F0000A24615000F9902E020290CD01300644638
:104F10001C4020003730092C00D807380131685474
:104F20001A090F2BF0D80C9B54460D9D9A460F91F1
:104F300033E10C9B02CB8846002947DB0C9301230D
:104F40009C4670784E46E14431E70C9B02CB1493AB
:104F50005346002B00D138E19C4608780B000C909A
:104F60008C44002801D100F098FC894661469446A3
:104F700003E05A780133002A01D08B42F9D1494627
:104F800062465B1A0C900F93530500D520E1022373
:104F9000180010400D90134200D1CBE30D930B1B72
:104FA000B1469A465E460C9822003B003100A84765
:104FB00053460134185D0028F6D1B3464E460D9B8A
:104FC000002B00D0C7E1149B0C93C9E60C9301237E
:104FD0009C46283849420243884670784E46E14450
:104FE000E5E670786C2800D17FE180235B001A43EE
:104FF000FF3B9C46E14402E780239B001A430123C8
:105000009C467078E144FAE67078682800D173E134
:1050100080231A437F3B9C46E144F0E6672800D199
:1050200003E1472800D15AE1452800D15AE1049212
:10503000072142460C9B0392073352468B431900CB
:1050400002920CC92800009201930C9122003B00AF
:105050005946FFF79FFB040082E6C046114D001041
:10506000AC1F0020E49300102894001074940010EA
:1050700041900000462800D1DBE00492072142461F
:105080000C9B0392073352468B43190002920CC9C2
:105090002800009201930C9122003B005946FFF733
:1050A00025F904005CE6631C984622003B00594643
:1050B0002520A847444653E60C9B04330D93631CFC
:1050C0009946920700D422E10C9B22001878594699
:1050D0003B00A84743464444012B00D885E23300F7
:1050E000B8462E005F4625004C46994622004346AE
:1050F000013439002020B047AC42F7D12C00BB4628
:10510000350047464E460D9B0C9329E6DB4B307825
:10511000984600239946002800D012E60024AEE607
:105120006F2800D188E000D80BE31023782800D145
:10513000CFE09A430A239C4600230F930A330D9332
:1051400080E05646B1008919490001330E181878DD
:10515000303E010030390929F4D9B2461E0001332E
:10516000994628E60C9B023602CB8A46C943504634
:10517000C917084082460C933078731C99461AE68A
:1051800010231000984311331843814680201300E8
:10519000C0000340024200D1A9E64B460693082313
:1051A00005935346049310230393002302930F9B0C
:1051B000220001931CAB009359463B002800FEF7E8
:1051C0009FFF434604000C93CAE501235B42C3E6FC
:1051D0000F9B534501D953460F93022318001040EB
:1051E0000D90134200D1B7E10D93D1460B1B9A46A7
:1051F0003300A1442E0022004D460C98B9465F466C
:105200009B4608E04B463900541CB0475346185D96
:10521000002877D022009542F4D15B46BB464F462A
:10522000A94635004C461E00C9E680231B011A43DF
:10523000FDE620231A4320E708239C4600230F9312
:1052400008330D9380231100DB0019401A4200D16E
:1052500016E10D239A431000802302009B001A40A0
:105260001492184200D0C2E1802302005B001A4071
:1052700091460C9A04320F92184200D0B7E24306CE
:1052800000D59FE1030600D419E30C9B1B8809930A
:10529000002B00D0FCE110339843002900D1F7E146
:1052A0000023994643460593534604930D9B06906D
:1052B00003930023D2E0582808D0622867D1022344
:1052C0009C4600230F9302330D93BBE720231A4320
:1052D000103B9C4600230F9310330D93B2E78023BD
:1052E0001B011A4320231A43A1E6C0239B001A4343
:1052F000F31C9946B07882E5C0231A43F31C994603
:10530000B0787CE535005E46BB464F4657E64346DF
:10531000012B00D863E1631E43449A463300B9462B
:105320002E005F4655469B46A24622004B4601345E
:1053300039002020B047AC42F7D135005E46BB466D
:105340004F46A14654460C9B4A46187859463B00A6
:105350004444A847D7E6A1460F9B984500D832E6BB
:105360004444E41A3300B8462E005F4625004C46FC
:10537000994622004346013439002020B047AC4210
:10538000F7D12C00BB46350047464E461BE680232E
:105390001000DB0018401A4200D10FE11121180063
:1053A0008A430D920D9A802311009B0019408C4670
:1053B0001A4269D1802311005B00194089460C997B
:1053C00004310F911A4200D0CAE113005B0600D5E8
:1053D000F0E013001B0600D459E20C9B00229B5EF8
:1053E000D9175A184A4092B2D90F0C91002B00D10C
:1053F000F9E1100014AA944642461F231492524623
:105400006344A84616944D460400B946B2461F00B0
:10541000159201E0202D0FD020000A21FDF7DAFEC1
:1054200001357E193031317020000A21FDF7D2FE9E
:1054300026000400092EEDD8149B4F46A946454688
:105440009846159B56469A46169C0D9B06934346D6
:105450000593534604930A2303930C9B02934B46F4
:1054600001931CAB2200009359463B002800FEF735
:1054700047FE0F9B04000C9372E4C046514000109D
:105480000C239A431000E7E607220C9B0733934353
:10549000013294469C4462460C920CCBD90F0F917A
:1054A0001100194300D191E0D91713911291514085
:1054B000109113995940119110981199129A139BB8
:1054C000801A99411090119114AA002394464246E3
:1054D0009946149252461F336344A846B246169426
:1054E0004E46109C119DB94615921F0001E0202EDA
:1054F00010D0200029000A220023FDF7A9FE013662
:1055000030322B00BA550D0022000400002BEED1E2
:10551000092AECD8149B1094119545469846159B82
:105520004F46B14656469A46169C0D9B06934346F7
:105530000593534604930A2303930F9B02934B4610
:1055400001931CAB2200009359463B002800FEF754
:10555000D7FD0400FFF704FC0F9B984500D8C1E17C
:105560008023DB000D9343460F9A1B199B1A994623
:1055700033002E004D46B9465F469B460C912200F3
:105580004B46013439002020B047AC42F7D14346A6
:105590000C9901330F930B7835000C935E46BB4694
:1055A0004F46002B00D10EE50D9B002B00D1F6E4F9
:1055B000002319E60C9B1B781A0015E710239A4369
:1055C0000D92EFE60C9B1B78099361E60023994648
:1055D0000028AAD1002200231092119374E70C9B9B
:1055E0002200187859463B00A8474C468BE50C9A98
:1055F000FA3BFF3B07329A430133994691444B46AD
:105600000C931368526815921A4306D110329043D6
:1056100000220992002900D081E06122810600D594
:105620004122D2B20A9214AA91460A9A00210A3A59
:10563000149242461792524618925A460991B3461E
:105640001F311E000F9B4944BA4619941A95002435
:10565000674698468946159D16901B920AE030329F
:10566000D2B24B4601341A55A8454AD0202C4AD014
:1056700006000D003A00002330002900FDF7E8FD88
:10568000D2B2092AEBD9149B9C466244D2B2E8E715
:105690006123820600D54123DBB20A3B0C934346CB
:1056A00014A91F228C46159353466244A046B24665
:1056B0004C461797A9461700099D0D9E1490169306
:1056C00008E03033DBB201343B55B5420ED3202C19
:1056D0000CD0050031002800FDF77CFDCBB2092974
:1056E000EFD90C9A94466344DBB2ECE7159B4D4628
:1056F000A14644469846169B564614989A46179FCC
:10570000D0E5B742B2D9179B57469846189B5E46DC
:105710009A461B9B09949B461698199C1A9D4346D2
:105720000593534604930D9B069003930023029325
:10573000099B05E70F9B984500D914E701330F93A8
:105740002DE41023110099430D91692800D0BAE08F
:1057500080231000DB0018401A4200D122E61DE62B
:105760000C9B1B68DA0F1100002B00D18CE0DA17BC
:105770009818504014AA914642461F23149252464C
:105780004B44A046A946169704006546B2461F0042
:105790000C91159201E0202D0FD020000A21FDF779
:1057A00019FD01357E193031317020000A21FDF7D5
:1057B00011FD26000400092EEDD8149B444698469E
:1057C0000C9BAC461900159B56464D469A46169FB3
:1057D0000D9B0291069343460593534604930A2377
:1057E000039363463CE6002800D02EE602E60C9BBD
:1057F0001B689946002B03D110339843002938D1F8
:105800006123820600D54123DBB20A3B0C93434659
:105810001693534614A91F228C4617932B006244FB
:10582000A0464D46B246189799461700149C0D9E07
:10583000159008E03033DBB201343B55B5420ED34E
:10584000202C0CD0050031002800FDF7C3FCCBB2A2
:105850000929EFD90C9A94466344DBB2ECE7169B16
:10586000149444469846179B56464D469A461598BA
:10587000189F43460593534604930D9B069003934C
:1058800000230293149BEBE50028A1D172E70C9B47
:105890001B68D9175A184A40A6E580231000DB0080
:1058A00018409C460F901A420FD00220030013406C
:1058B0000F93104219D00023A1460F934CE50C9B87
:1058C0001B680993E4E40A0034E402231800104042
:1058D0000D90134200D03EE54346002B00D042E637
:1058E000FFF771FB01330F937FE463460D93F3E7FA
:1058F0000CB430B585B008AC08CC064D0A00009455
:10590000010028000394FFF703FA05B030BC08BC7F
:1059100002B018474940001010B50C0084B0039441
:10592000012402A902900093034813006242FFF78A
:10593000EFF904B010BDC046DD42001010B5094AB1
:105940000300146884B0002C08D00122009106489E
:10595000524203A9A047012004B010BD00F098F9FD
:105960000020F9E7AC1F0020CD42001000BEFDE78B
:1059700010B5FFF7FBFFC04670B5FDF7DFFA074D26
:10598000074EB54209D20024013E761BB60808CD69
:10599000984723000134B342F9D170BD7C8C0010CC
:1059A000848C0010030010B5080011001B68984794
:1059B00010BDC046F0B5C64600B5437D07000C00DB
:1059C0001600002B46D0002A17DD0B780A2B24D0B6
:1059D00000239846012E13D001252900635C013570
:1059E0000A2B26D0B542F8D1464509DCA419013C62
:1059F00023780D3B5A4253413B7580BCB846F0BDFD
:105A00004346E018A419F11A013C3B6898472378F3
:105A10000D3B5A4253413B75EFE7037D002BD7D135
:105A200002210F483B689847012EDFD0012398469A
:105A3000D2E7631E5B5C0D2BD4D0884504DA434665
:105A4000C91AE0183B689847022105483B68A846F8
:105A50009847C7E70368110020009847CDE7C04684
:105A6000D0950010F0B5C6460B6806000C0000B5D6
:105A7000802B06D05A1C2260E418267180BCB846E0
:105A8000F0BD0F4B1D68002D16D00B1D98460D4F15
:105A900002E02D69002D0FD02B68002BF9D03B6858
:105AA000002B01D0AB42F4D1280041462268FFF719
:105AB00081FF2D69002DEFD101220023DBE7C046D5
:105AC000941B00209C1B0020F0B54546DE464E4648
:105AD0005746E0B583B091461C0080460D00FDF7A7
:105AE00017F80023304A12184B41002B02DA01222A
:105AF0002E4B52422E4908008A4603F081F80700D7
:105B00006B1C03D1404603F009F80500002C27D098
:105B1000284E294B1C68002C18D04B46002B21D155
:105B2000264B994602E02469002C0FD02368002BF5
:105B3000F9D04B461B68002B01D09C42F3D12000CA
:105B40002A004146B0472469002CEFD1002F26D10E
:105B5000280003B0F0BCBB46B246A946A046F0BD43
:105B6000174ED6E7154B99460A239B4602E0246957
:105B7000002CEBD02368002BF9D04B461B68002B80
:105B800001D0A342F3D12A0041462000B0476B4622
:105B90005A462000DA71D91D0122B047E7E7504686
:105BA00002F0F6FFD4E7C04640420F00FFFFFF7F40
:105BB000B0100020B5590010941B00209C1B002041
:105BC000A55900100A4A1368002B05D10CE01A00F1
:105BD0001B691032002B07D08342F8D1002902D173
:105BE00018691060196170470029FCD01060FAE74D
:105BF000941B002010B500F0F1FA10BDF0B5CE46B0
:105C0000474680B583B06B460600DD1D2870FCF763
:105C10007FFF0023194A12184B41002B02DA0122A0
:105C2000174B524217490800884602F0E9FF164B0D
:105C300081461C68002C14D0144F02E02469002C0B
:105C40000FD02368002BF9D03B68002B01D09C4279
:105C5000F4D1200001222900FFF7ACFE2469002CBA
:105C6000EFD14B46002B05D1300003B0C0BCB94684
:105C7000B046F0BD404602F08BFFF5E740420F0012
:105C8000FFFFFF7FB0100020941B00209C1B002012
:105C900070B5040002F042FF01230100050001225B
:105CA0002000FFF711FF084B1C68002C06D063682A
:105CB000002B05D098472469002CF8D1280070BD2E
:105CC0002469002CF3D1F9E7941B0020F0B5CE46EF
:105CD000474680B5A3B004000D00FCF719FF002370
:105CE000274A12184B41002B02DA0122254B52425F
:105CF000254E300002F084FF0023220001930700AC
:105D00002B00224801A9FFF707FE214B8046994648
:105D10001C68019B002B1AD0002C2FD01D4D02E0D7
:105D20002469002C0FD02368002BF9D02B68002B9E
:105D300001D0A342F4D12000019A02A9FFF73AFE54
:105D40002469002CEFD14B461C6800230193002CE2
:105D500006D06368002B0BD098472469002CF8D13B
:105D6000002F07D1404623B0C0BCB946B046F0BDB5
:105D70002469ECE7300002F00BFFF3E70194EFE752
:105D800040420F00FFFFFF7FB0100020655A001057
:105D9000941B00209C1B00200FB400B583B004A905
:105DA00001C90191FFF792FF03B008BC04B0184786
:105DB0007047C0460022014B1A7070473220002005
:105DC0004B790020FF2B0BD18B79002B08D1CB799D
:105DD000012B05D1082A03D9024B8A7809301A70A1
:105DE0007047C046322000200120704710B50129BD
:105DF00013D112495379107909781B02034300200B
:105E0000994200D010BD5378012B08D0022BF9D154
:105E1000642200210020FCF7DBFF0120F2E7D378A9
:105E200091781B021943480ADB0501D40120404246
:105E30007F238A05D20F1940FDF752F83220002047
:105E4000004870479C96001070B5050014000120B2
:105E5000012909D153780020012B05D163791279EA
:105E60001B021343072B00D070BD21002800024AFB
:105E70009F3301F055FAF7E7F49500100123037002
:105E800000487047D49500104B780A781B021343E2
:105E90008A7810B512041A43CB781B061343962256
:105EA000D200934200D010BD0022012011004042D8
:105EB000FDF716F8024B1860024B19607047C04698
:105EC000301B0020341B002010B5024B1878FBF764
:105ED0009FFE10BD33200020154B70B51A68002AB4
:105EE00022D0EFF3108172B610680028FCD0BFF307
:105EF0005F8F00200F4A596010701B68BFF35F8FDF
:105F0000186081F31088002400250B4E3078FBF7D1
:105F100073FE002804D1002400252900200070BD54
:105F20003078FBF775FEF8E7FA240025A400ECE7CB
:105F3000D81F0020342000203320002070B504003A
:105F400000200E0001F00AFB002834D0002001F0F0
:105F50001BFB00282FD0FCF7DBFD0023174A12188B
:105F60004B41002B16DB164D280002F049FE00289D
:105F700021D0002001F0F2FA00280FD101200021E9
:105F8000404200F001FD03246442280002F000FEBC
:105F9000200070BD01220B4B5242E4E7002001F0CB
:105FA000F3FA0028EAD021003200002001F0F6FACE
:105FB000041EEAD1E7E703246442E9E740420F0008
:105FC0000C200020FFFFFF7F10B5FCF7A1FD002390
:105FD0000D4A12184B41002B02DA01220B4B5242A0
:105FE0000B4C200002F00CFE00280CD001200021F8
:105FF000404200F0C9FC002001F014FB0028F5D15C
:10600000200002F0C5FD10BD40420F00FFFFFF7FE2
:106010000C200020F8B5DE46574680B505000C0080
:10602000FCF776FD0023364A12184B41002B02DAAA
:106030000122344B5242344908008A4602F0E0FD06
:10604000002803D1C0BCBB46B246F8BD002001F019
:1060500085FA00284AD00026002C43DD2B4B9B46B6
:1060600014E0A919002001F017FB0700012000210E
:10607000404200F089FC002001F0D4FAFCF748FD12
:10608000224BF61918605960B4422BDD002001F054
:1060900023FBA71B0200B84200DD3A00002AE0D132
:1060A00001200021404200F06FFC002001F0BAFA0C
:1060B000002001F053FA002814D0002001F00CFB5E
:1060C0000028E1D1FCF724FD5B460F001A685B68ED
:1060D000002184460E4812184B419F4202D8D3D16A
:1060E0009445D1D9504602F053FDABE70020002182
:1060F000064B18605960504602F04AFDA2E7C046C0
:1061000040420F00FFFFFF7F0C2000208012002084
:1061100020A1070030B52A4C85B00021200002F0F4
:106120005FFD00281CD1274B1A68002A16D0EFF318
:10613000108172B610680028FCD0BFF35F8F012475
:106140002148596002781B68D2B20470BFF35F8F98
:106150000020186081F31088002A17D005B030BDE8
:1061600001200021404200F00FFC002001F00CFA59
:106170000500200002F00CFD002DEFD0134B1B6832
:10618000002BEBD0124A10689847E7E7FCF734FA87
:106190000400FCF7BDFCFA220023920012184B41C8
:1061A000002B02DA01220B4B524201210291002105
:1061B0000191094920000091FCF722FACEE7C04680
:1061C0000C200020D81F002034200020301B00208D
:1061D000341B0020FFFFFF7FD95E0010D02310B5D5
:1061E0001B0684B01C68FCF707FAFCF703FBA0420F
:1061F00002D0002004B010BD294B002100201B78E4
:1062000001F05EFD27480368002B45D00120FBF715
:1062100081FFFF23244C254920701840FBF712FD15
:1062200020780121FBF7D6FC0520FBF7F9FC0028BC
:1062300024D1082200211E48FDF7FAFEFCF7DCF904
:106240000400FCF765FCFA220023920012184B416F
:10625000002B02DA0122174B524201210291002148
:106260000191154920000091FCF7CAF90028C0DB14
:1062700012480121FFF7A6FC0120BBE70120FBF734
:1062800077FC0B4B01001800FBF7A6FF002205204E
:106290000B49FBF701FDEBE7FBF782FFB6E7C046D2
:1062A000509800100C2000203320002015610010B1
:1062B000D81F0020FFFFFF7FD95E00107010002064
:1062C000C95E0010004870473897001000487047BA
:1062D000E496001010B5040017480378002B20D076
:1062E000002C06D1154B16484380063BFF3B03802C
:1062F00010BD052C1DD8134BA400E05812490123F2
:10630000013804E001330A800231142B0DD0C25C45
:10631000002AF7D1C022DBB25B0092000848134389
:10632000E5E7112100F01AF8DAE7CA2304489B00D8
:10633000DDE70020DCE7C0461C2000200904000047
:106340006C1B0020CC9600106E1B002010B502487C
:1063500000F0D8F810BDC046F81F002030B54B1E25
:10636000012900D1A7E0664A11780D092C003034CC
:106370009F2900D9A2E00470012B00D1BEE00F21BB
:10638000147821400C003034092900D998E0447079
:10639000022B00D1B2E054782509290030319F2C1E
:1063A00000D990E08170032B00D1A7E00F2121409C
:1063B0000C003034092900D987E0C470042B00D1C7
:1063C0009CE094782509290030319F2C00D97FE08A
:1063D0000171052B00D191E00F2121400C003034D8
:1063E000092900D976E04471062B00D186E0D478E3
:1063F0002509290030319F2C00D96EE08171072BCF
:1064000000D17BE00F2121400C003034092966D8EF
:10641000C471082B00D171E01479250929003031AD
:106420009F2C5FD80172092B68D00F2121400C00EE
:106430003034092958D844720A2B5FD05479250981
:10644000290030319F2C52D881720B2B56D00F214E
:1064500021400C00303409294BD8C4720C2B4DD08C
:1064600094792509290030319F2C00D90731017317
:106470000D2B43D00F2121400C003034092901D9C4
:1064800037310C0044730E2B38D0D1790C0922001F
:1064900030329F2900D9073282730F2B2ED00F2262
:1064A0000A4011003731092A01D830321100C17376
:1064B000102B23D010300023037030BD07345AE76F
:1064C00037310C0063E707316CE737310C0074E7B4
:1064D00007317DE737310C0085E707318EE737312B
:1064E0000C0095E707319DE737310C00A3E7073132
:1064F000AAE737310C00C4720C2BB1D1C018DAE70F
:10650000F81F002010B588B004000D220021684655
:10651000FDF78EFD0D22002104A8FDF789FD4B2318
:106520006A466846137004A90D2202F029FB152162
:10653000082220006944FDF781FD08B010BDC04667
:10654000F8B500F047F90C23194DFF22AB67052081
:106550001849FBF7A1FB184C402200212000FDF751
:1065600067FD4027002301262121144A66702783F6
:10657000A260136063545F31618445396354104AEB
:1065800010496360E2602787A1620B606362E26288
:1065900002F04EFB80239B052E64EB6490230A4A95
:1065A0000120EA508022094B5202DA64F8BDC0464D
:1065B0000000115045050020A41B0020840010504D
:1065C000000110508000105010D001000020115028
:1065D00010B501210520FBF7FDFA10BD10B5002212
:1065E0000021024800F016F910BDC046C41B00206F
:1065F000044B1970002904D080219023024A89029B
:10660000D15070472E200020002011500B785B06DF
:1066100002D14B78052B00D070478A78014B1A6065
:10662000FAE7C04600001150F0B5C646C87800B57C
:106630008007830F1800012B60D08F780A794B797F
:106640007F213940FC091B024E001343334D3219A0
:106650005201AA18977001276740577000275B0501
:106660005B0DD7701383D076B846CA00012C32D0A8
:106670002B4FBC468F016244BC46AC446746BA60AF
:1066800047461760002932D0264AC9009046624624
:10669000414451603F223F339343022837D022497F
:1066A00037190A687F01D3180B602049EF19FA6087
:1066B0008B422ED836197601AD19EB7E1C499B060C
:1066C0004A4013438022120613436A681360012074
:1066D00080BCB846F0BD174FBC468F016244BC4633
:1066E000AC446746BA6247461760002908D10023C8
:1066F00064012C196360104BE360E8E70020E7E7D2
:106700000B4AC9009046624641445162C2E75B00B1
:10671000C5E7FCF70DFCFA68CCE7C046A41B0020D7
:106720008400105004001050BC1F0020FF0F1050B8
:1067300000001050800010500001105010B502F001
:1067400077FA10BD10B57F200C0020404000E4090E
:10675000110000191A00034B4001C01800F05AF84C
:10676000012010BDA41B00207F23180000B50840A5
:1067700083B00B4204D14B424B41084A013393662C
:106780008022C9094000064B401840010021C01872
:10679000120102F045FA03B000BDC04600201150BE
:1067A000A41B00207F22130010B50B400A4200D129
:1067B00010BDC9095B005B1804485B01C0180023C9
:1067C00000220349C37002F02BFAF1E7A41B00205A
:1067D000FFF7FFFF80220A4B520410B51A60094BE5
:1067E00009491A6010000B689843FBD180220021F0
:1067F00052010648FDF71CFC0922054B5A6710BDE3
:1068000000E0004000F0004008C0004000001050D0
:1068100000001150002310B5C382013382828376B9
:106820000161040002F0CCF9002804D080219023FB
:10683000074A8902D150200002F0BAF9002802D09C
:106840000123237710BD200002F0E2F9FAE7C046E9
:10685000002011507047C0467047C0460020704766
:10686000002070477047C0467047C0467047C0461A
:106870007047C046024B5878431E9841C0B27047DB
:1068800038160020024B18784007C00F7047C046EA
:1068900038160020F0B5D6464F464646C0B52F4BB9
:1068A00007009A461B780E00FF2B50D1002941D0DB
:1068B000002154222A48FDF7BBFB0022294C2A4B19
:1068C00020001A70FBF76CFC284B1C60284C200041
:1068D000143CFBF773FC200001F0FAFD254B264D1C
:1068E0001C60264B002B04D02800FFF7C7FA244B6E
:1068F00018602449002489462149002388462A78C3
:1069000010E043461B6862019B18002B12D05B68A5
:10691000002B0FD098472A780134E4B2511C230091
:10692000A14209DBA242ECD89B1A5B014B445B6895
:10693000002BEFD100200BE05346310038001F70D0
:10694000FFF7FEFD0028F5D03800FFF741FE0120DB
:10695000E0BCBA46B146A846F0BDC046A41000202F
:1069600038160020301600202F2000208C16002022
:106970009C100020901600202D2000207D5E00102D
:1069800088140020F4970010F0B5DE4657464E46B6
:106990004546E0B5C84B91B002931B78FF2B00D160
:1069A0003EE1C64BC64E9B465F46C64B0DAC0193BF
:1069B000C54B009335686A69EFF3108172B61368AE
:1069C000002BFCD0BFF35F8FA9612800210001F0EC
:1069D000AFFB6A69AB69BFF35F8F0021116083F37E
:1069E0001088002800D11BE16378082BE2D89B00B7
:1069F000FB589F466368002BDCD0A0689847D9E716
:106A00007F222179AF4D0A405300EB189846C80900
:106A1000804440460123303005799D430571057956
:106A200003339D430571002A00D100E14346A74A84
:106A30001B7D1278934200D3EFE0A54A5B011568F5
:106A4000ED18002D00D1EBE0A36862792078AD69E4
:106A5000A847AFE79F4A1378002B00D1E0E01378F6
:106A6000013BDBB213701378002BA3D10122954DAB
:106A700001212B78042013432B703423EA5C8A43D2
:106A8000EA54EA5C8243EA540133EA5C8A43EA54FA
:106A9000EA5C8243EA54237800209B4600F09EFC87
:106AA000602223791A40602A00D1EFE0402A00D109
:106AB000F5E0DB06DB0E012B00D113E1022B00D148
:106AC000C7E0002B00D0E1E0202A00D11CE2002A20
:106AD00000D0DBE06379092B00D9D7E07E4A9B0028
:106AE000D3589F46774D2B78DB0700D462E7FFF73A
:106AF000BFFE5FE7019BDB78DB0700D45AE76068E5
:106B0000FFF7AAFE56E76F4D2B78DB0700D451E75D
:106B100028780007C00FFFF7A9FE4BE723786A49E2
:106B200099468B46694B6A4998468A4639001A78D5
:106B300047460023B04600254E46894610E053469E
:106B40001B686A019B18002B00D176E0DB683000DF
:106B500098473A780135EDB2511C2B008D4244DC48
:106B60009542ECD39B1A5B015B44EFE723785849CD
:106B70009946564B8A4698463100BB464E461A788F
:106B800000250023474689460FE053461B686A01EB
:106B90009B18002B55D0DB68300098473A780135B8
:106BA000EDB2511C2B008D4207DC9542EDD39B1AB0
:106BB000009A5B0194466344EDE7019D5422002155
:106BC0002800FDF735FA1022FF214448FDF730FA7E
:106BD00028002022FF2114304E465F46FDF728FA98
:106BE00000F0F2FBFFF740FEE4E6364D54220021B0
:106BF0002800FDF71DFA1022FF21281DFDF718FAC5
:106C000028002022FF21143046464F46FDF710FA97
:106C100000F0DAFB2379AB70CCE6501C984213DA13
:106C200011B0F0BCBB46B246A946A046F0BDA36871
:106C30006279207800F0E6FBBCE646464F46214DDF
:106C4000E6E74E465F46CBE71F4D9B1A5B015D1999
:106C5000FAE67023217A0B4218D1C80982460F3315
:106C60000B405B0098461948EB1853441B7D007895
:106C70009946834266D216485B0100688146994472
:106C8000002A00D15FE14B46002B68D1207800211B
:106C9000FFF76AFD80212078FFF766FD8AE610483D
:106CA00000F09CFB012158460EAAFFF7CDF8002802
:106CB00000D07FE6EAE7C046A41000204C97001001
:106CC0009016002038160020F49700102D20002088
:106CD000881400202F200020709700103C16002000
:106CE000495E0010237A0F2BD0D8CF4AEB181B79BE
:106CF0001578AB423ED3691C9942C7DB5D1BCB4B79
:106D00006D01ED18686900F069FB012158466B6957
:106D10000EAA9847002800D04CE66022150023797F
:106D20001D401A42B2D163790A3B012BAED800F064
:106D300055FB63790A2B00D199E158460EA900F062
:106D4000D9FA37E6431C4B4500DAF7E04B461B1AED
:106D50005B019946B5488144002A00D1F3E04B46D7
:106D6000586900F03BFB4B46012158465B690EAA6F
:106D700098479CE7AE4A5B011568ED18002DC1D11C
:106D800084E7A37999466B789945D6D06B78002B28
:106D900000D033E14B466B70002B00D12BE148460D
:106DA0000138C0B2FFF792FA002800D17EE14378A3
:106DB0000793022B00D079E10122C179B1468B11F2
:106DC000491113400A40302112015B0113432A7814
:106DD000A8468A4313432B7009239A468244564699
:106DE000BA46C37882781B021343C31805938E4BAF
:106DF00004938E4B08938E4B09938E4B0A93059BFD
:106E0000B34200D855E1737801220B2B03D13378BC
:106E1000F278F6187378042B00D044E1059B002724
:106E20009B1B9BB20693049B0B921D78002303933C
:106E30001BE0099A7B011568ED18002D00D132E1A5
:106E4000310058462B69069A98478446082803D98A
:106E5000069A824200D313E1049B01371D78FFB2EA
:106E60006B1C03979F4200DD1DE1BD42E1D8039BEF
:106E70005D1B089B6D019C466544E1E76B780CAA9D
:106E800002321370584601230EA900F049FA91E529
:106E9000E3881A0AD8B20F2A00D9F7E666499300A8
:106EA000CB589F460EA800F09FFA5846A179FFF7ED
:106EB00095FB02222B7813432B707BE5E388012B93
:106EC00000D0E3E608222B78584693430EA92B7096
:106ED00000F010FA6EE5022029780CAB9A1C8B06A4
:106EE0008908DB0F01400B431380584602230EA98B
:106EF00000F016FA5EE5E388012B00D0C6E6082212
:106F00002B7813432B7018E7237A0F2B00D9BDE69B
:106F1000EB181D79444B1B789D4228D2444B6D01E0
:106F20001B685D19002D00D1B0E6686900F056FAC3
:106F3000012158466B690EAA9847B8E6002A00D08E
:106F4000A4E600239946627902201300039283434A
:106F5000012B15D0002A00D098E62B00434453445F
:106F600030331B790CAA9B07DB0F0232BCE75A1C9B
:106F7000AA4200DA8AE6ED1A2C4B6D01ED18D4E72F
:106F8000E388002B12D1029B1878039B012B23D09E
:106F9000FFF7EAFB43460221EB18534430331A79DA
:106FA0000A4301211A711A790A431A714B46002BC0
:106FB00000D1FFE4586900F011FA4B4601215B69EA
:106FC0000EAA58469847002000F008FA3523EB5CDB
:106FD000DB0700D5EEE4B0E6FFF7E4FB4346022111
:106FE000EB18534430331A798A431A711A7903998A
:106FF0008A431A71DAE7FFF737FC9EE6002158460C
:10700000FFF7F6FA5846FFF799FBAB780749039369
:107010000491054B064998461A78059100232900EA
:107020001D008A461BE0C0462D200020F49700106A
:10703000881400204C16002098970010059B6A01C8
:107040001B689B18002B4DD0DB6858469847434679
:107050001A780135EDB2511C2B008D422EDC954281
:10706000ECD39B1A049A5B0194466344ECE70CABA7
:107070009A1C584601230EA9157000F051F999E4A5
:107080000B9A012A4FD0002A3CD00023B07804E0AC
:107090000133DBB20F71934234D2C118C9B24144FB
:1070A0000D79FF2DF4D04E464546574600236B70B0
:1070B000ECE54E465746FFF7D5FB3EE655465422D3
:1070C00000212800FCF7B4FF1022FF21281DFCF747
:1070D000AFFF28002022FF211430FCF7A9FF039BFB
:1070E000AB7057E65546FAE7FEF7AAFE021E00D13E
:1070F000CCE5D37891781B020B4358460EA900F0DB
:107100000FF9D4E565463B002A0031000A9800F0EB
:107110007FFEAC46049B039A1B786644013393427E
:1071200000DB6CE6BFE7174B29699942ADD1079A9E
:10713000ABE7FFF793FB021E00D1A7E55846137893
:107140000EA900F0EDF8B2E52189FFF7C3F8021EA1
:10715000F4D19BE5022A0FD0FFF782FB021EC8D1B3
:1071600094E5FFF7AFF8021E00D18FE512235846D1
:107170000EA900F0D5F89AE5FFF7A8F8021EB8D1DD
:1071800084E5C046D9770010F8B557464E46DE462E
:1071900045460C00E0B516001F00002A3CD07023C5
:1071A00098461E4B00259B461D4B9A461AE05B46AF
:1071B0001B78200099465346997800F0EBFD002893
:1071C0001CD021004846FFF72FFA002816D0A378DC
:1071D000DA09012A19D00A9A013513702378E418C4
:1071E000B54219DA6378052B08D1E3789B079B0F2A
:1071F000BB4203D14246A3781A42D8D00020F0BC4B
:10720000BB46B246A946A046F8BD0B9A013513709D
:107210002378E418B542E5DB0120F0E7A410002054
:1072200038160020702270B58B780C001A4201D0FD
:10723000002070BD064B20001D78064B997800F0A9
:10724000A9FD0028F4D021002800FFF7EDF9F0E7B0
:10725000A4100020381600200B007F2010B5184025
:10726000DB0934334000044AC018044B1168C018CD
:1072700000F04CFD10BDC0468C16002038160020D2
:107280000B007F2010B51840DB0934334000044A5E
:10729000C018044B1168C01800F060FD10BDC04656
:1072A0008C1600203816002070B57F240F480C4043
:1072B00064000419CD09641930342079C00701D560
:1072C000002070BD012625790948354300782571D5
:1072D000FFF738FA0028F4D1012223799343237170
:1072E0002379033293432371EAE7C046381600201E
:1072F000A410002070B5094C0600082220000D00E3
:10730000FCF79CFE00238021E360A3602B78300013
:10731000994300220023FFF7C7FF70BD1816002015
:10732000F8B5CE4647469046254E80B581460822A0
:1073300030000D001F00FCF781FE4346B3600023C0
:10734000F381EC79AB7924021C43231CBC4200D9A5
:107350003B1C9FB2B381002C0DD0002F17D04246AA
:10736000002A2BD0402F1BD89FB233787F2B1CD8FC
:107370000021144A0FE080212B78002299434846CF
:107380000023FFF791FFC0BCB946B046F8BD7F238C
:107390000022317899433B004846FFF785FFF2E72A
:1073A00040239FB233787F2BE2D9064C3A00414606
:1073B0002000FCF743FE80212200ECE70020E2E7FA
:1073C00018160020D815002010B5142200210248FC
:1073D000FCF72EFE10BDC04618160020014B1861A8
:1073E0007047C0461816002010B5054C0100082251
:1073F0002000FCF723FE0023A360E36010BDC0461D
:107400001816002070B5384C1D0023780600DA09E4
:10741000C9098A4210D00020002D00D070BD210083
:107420003000FFF7F3F82369002B03D0220003217B
:10743000300098470120F1E77F2B06D8A06800288C
:1074400034D02A002949FCF7F9FDE289A1685219D4
:10745000E38892B24919E281A160934214D03F2D92
:1074600012D9A389981A051C80B240282AD82078FE
:10747000ADB27F2828D800219A4232D01B4A2B0077
:107480003000FFF711FFC9E72369002B05D0220068
:1074900002213000984700280AD08021237800225A
:1074A000994330000023FFF7FFFEB7E70020B5E760
:1074B00000213000FFF758F930008021FFF754F920
:1074C0000120ABE74025D2E79A4207D0074C2A00BB
:1074D0002000FCF7B3FD80212200D0E780210022AC
:1074E000CDE70022CBE7C04618160020D8150020B3
:1074F00070B50400FFF7BEF9002800D170BDFFF79A
:10750000C1F90028FAD1C8236343124DEE18F1786F
:107510000029F3D010335D19280000F0F3FD3F2857
:10752000ECD90020F178FFF797FE0028E6D028007C
:1075300000F0E8FDF1783F2807D9074BE201D218A7
:1075400000204023FFF7B0FED8E70020FFF798FEA9
:10755000D4E7C046101500208C14002010B504009C
:10756000FFF788F9002801D1002010BDFFF78AF944
:107570000028F9D1C8226243024B01309B181B79C5
:107580001840F2E710150020C82310B54343024805
:10759000181800F099FD10BD20150020F8B5C8247A
:1075A000802344431C4F103405003C195B029A426F
:1075B00000D31A4A200092B200F008FE0600FFF73E
:1075C00059F9002801D13000F8BDFFF75BF9002818
:1075D000F9D1C8236B43FF18FB78002BF3D02000B0
:1075E00000F090FD3F28EED90020F978FFF734FE37
:1075F0000028E8D0200000F085FDF9783F2807D961
:10760000074BEA01D21800204023FFF74DFEDAE7CE
:107610000020FFF735FED6E710150020FFFF000021
:107620008C140020F8B50400FFF724F9002801D1DC
:107630000020F8BDFFF726F90028F9D1C8256543D9
:107640002E00134F2436F619300000F03DFD0028BF
:10765000EED07F190020B978FFF7FEFD0028E7D0B3
:107660000C4DE401651929004022300000F0AEFD08
:10767000B978041E08D003002A000020FFF714FE8A
:107680000028D5D02000D4E70020FFF7F9FDCFE790
:1076900010150020CC14002070B5C82444430C4BB6
:1076A0000500E41880235B029A4200D3094A2000B7
:1076B00092B200F051FE0600200000F005FD3F28C8
:1076C00001D8300070BD2800FFF7ACFFF9E7C046D5
:1076D00034150020FFFF0000C82310B543430248C3
:1076E000181800F00FFD10BD34150020F0B500256E
:1076F000184C83B0C82200212000FCF799FC164BDF
:1077000021001D70FF236371E1235B02A360200051
:1077100008234022A37338310095073B103000F056
:107720009DFC270001232100200026004022783103
:107730000093B837243000F091FCC0363800FAF7D7
:107740002FFD3000FAF72CFDE561276226636563A3
:1077500003B0F0BD101500200C1500200A4A116B73
:10776000136A00290CD0002B07D00023D361536388
:107770001363002313620120704753631363FAE716
:10778000002BF8D0D161F4E71015002070B50F4C34
:10779000052200212000FCF74BFC0D4D2B78DA0769
:1077A00007D50C4C9B070CD50121200000F0B0FE42
:1077B00070BD2000103000F08BFE2B78054C9B072D
:1077C000F2D4200000F084FEEEE7C0461015002041
:1077D0000C15002034150020F0B54B79060083B05D
:1077E000022B02D18B79022B03D00025280003B095
:1077F000F0BD204FBB78002BF7D18B7809253B706B
:107800000C780C196378242B07D00CE02378E4184B
:107810005D196378ADB2242B05D19542F6D90020CD
:10782000FFF766FEE2E71A00052B15D0042AF6D111
:1078300063790A2BF3D1104B27780193013300931E
:1078400030000223E119023AFFF79EFC0028CCD059
:107850000E35ED19ADB2E2E721003000FFF7E2FC92
:107860000028C2D0A3787B7023785D19E418627871
:10787000ADB2DBE71015002012150020F8B560232B
:1078800014001278050013400020202B07D1304A45
:107890006379277916781B023B439E4200D0F8BDDE
:1078A0006378222B1AD007D8202B34D0212BF6D185
:1078B00001293ED00120F2E7232BF0D1012940D04D
:1078C0000329F7D1234B002BF4D0E178A3780902E8
:1078D0000020194300E000BF0120E0E7012930D07B
:1078E0000329E7D101252E00A378E4780239240288
:1078F0001C431471264024321000714000F008FE31
:10790000154B002BD6D06208002031002A4000E041
:1079100000BF0120C3E701290BD00329CAD10F4BB7
:10792000002BC7D0083200201100FEF7ADFA01206D
:10793000B5E7072321002800094AFFF7F1FC0120E1
:10794000ADE721002800FFF7D5FC0120A7E7C046DE
:10795000101500200000000000000000895E0010EB
:1079600018150020F0B54F464646D646C0B5364DF0
:107970008046EA780C001F008A423CD0AB788B42EC
:1079800010D00020E0BCBA46B146A846F0BD2F4B4F
:10799000002B04D02E4800F0ADFB002851D0002071
:1079A000FFF7A6FDAB78A34201D00120EAE7294BFF
:1079B000002B02D0002000E000BF0020FFF732FEC5
:1079C0000028F2D1244C200000F07EFB0028ECD1EE
:1079D000002FEAD0BF06E8D1243C4046A178FFF74B
:1079E0003BFC0028E1D0002300224046A178FFF7AD
:1079F0005BFC0120C6E79AB210239A46174EAA44B0
:107A00003100504600F0A8FC154B002BBFD06B791D
:107A1000FF2BBCD0002FBAD0F219914603E00136FB
:107A20004E45B4D06B7932789A42F8D1504600F086
:107A300061FB0028F3D15346103B597900E000BFA9
:107A4000EDE700E000BFAAE71015002000000000ED
:107A50002015002000000000341500208C140020A8
:107A6000000000009322F0B5134C85B000212000E7
:107A70009200FCF7DDFA23002000802640270F4DFE
:107A80004D337600FF332930029500930022002306
:107A9000002103970196FF3000F0D4F94035201DF6
:107AA00028340023012200210397029501960094B7
:107AB00000F0C8F905B0F0BDDC1700205C1700200D
:107AC00010B5054C200000F0F3F920002538FF38F0
:107AD00000F0EEF9012010BD0419002070B5084C2B
:107AE000002520003130FF30257000F0F1FC20002F
:107AF0000C3000F0EDFC2A23FF33E554657170BDB6
:107B0000DC170020F8B557464546DE464E46E0B540
:107B10004B7980460F00FF2B5BD1404B99462A23BF
:107B20004946FF33CB5C002B53D14E79002E50D108
:107B3000BB783C780B703B793C19002B46D09823DE
:107B40005B004B449A460C234B449B46A51803E02C
:107B5000AC423BD22378E4186378052BF8D1AC42D1
:107B600034D221004046FFF75DFB002831D0A378D6
:107B70000136F6B2DB09012B32D0504600F0A8FCEA
:107B80002A234946A278FF33CA54637922791B021B
:107B90001343234A5B0594465B0D942163445A4288
:107BA00053414A4602204900525C5B008243134322
:107BB0004A46535451464046083900F0E3F900283C
:107BC00007D02378E4183B79B342C5D8E01B80B2D4
:107BD00000E00020F0BCBB46B246A946A046F8BD76
:107BE000584600F075FC5A46A3780C3A53716379F5
:107BF00021791B020B430A495B058C465B0D6344EC
:107C000059424B41022011795B0081430B43594695
:107C100000200839137100F081F9D2E7DC17002049
:107C200000FEFFFFF8B52A2506001F48FF35455D19
:107C30001F008D4215D043798B4201D00020F8BD42
:107C40001A4B002B04D039040020090C00E000BFBF
:107C5000174C3000210000F061F900281DD00120F0
:107C6000EDE79A235B00C35A002B0DD1114B002B7B
:107C700004D000201049BAB200E000BF30000F4924
:107C800000F080F90120DAE796235B00C15831301B
:107C9000BAB2FF3000F060FBE8E73A0021003000A4
:107CA00000F008F90120CAE7DC17002000000000FE
:107CB000E0170020000000005C17002004190020DD
:107CC00000B5030083B0002910D00020012B07D895
:107CD0000A78002A04D00C48C2540120012A01D09D
:107CE00003B000BD1800FEF7D5FDF9E701236A4691
:107CF000002001A99380FEF7CDFD0028F0D00122DD
:107D0000014B1A70ECE7C0462C160020037870B5C2
:107D1000DB0704000E00DD0F002B17D103785B0793
:107D200001D5280070BD01213000494200F060FFFC
:107D30002378DB07DD0F002B0AD123785B0708D4FB
:107D40000422237801251343237002E00025E8E78D
:107D50000025300000F01CFFE3E7C04670B50C00C2
:107D6000012106004942200000F042FF33785B0702
:107D7000DD0F002B04DB200000F00AFF280070BD9F
:107D80003378DB0704D40422337893433370F2E76B
:107D90000025F0E7437902791B021343C2785B05A3
:107DA00092075B0D920F022A1DD0032A0CD00020EF
:107DB000012A08D102394A425141124A944661448B
:107DC00099424041C0B2704702394A1E91410E4A61
:107DD000494211408022D2009446002061449942D9
:107DE0004041C0B2EFE7022905D0002040229A426C
:107DF0004041C0B2E7E7054A981843425841C0B233
:107E0000E1E7C046FF03000040FCFFFF00FEFFFF6C
:107E10008A1870B5914207D27F264C78052C04D081
:107E20000C7809198A42F8D870BD34008D782C403E
:107E300064000419ED0963550C7809198A42ECD8DD
:107E4000F2E7C046F0B5C64600B582B0150008AAF4
:107E500040CA040017886A46928D012090460A00A5
:107E60002178024081432000114321703A000093A1
:107E700031000123083000F0F1F8002E01D0002F6E
:107E800008D10A9B012063604346638002B080BC36
:107E9000B846F0BD26001C363000FAF781F9002301
:107EA000002D01D0330000266361A661E9E7C046DA
:107EB00001207047F8B502240B7807001C4063428C
:107EC0005C41144B64421C40134B08009C46083034
:107ED0000D001600644400F0F7F8002807D1002ECA
:107EE00005D0344203D101242B781C4201D000205C
:107EF000F8BD38006978FFF7AFF90028F7D02B7884
:107F00001C42F4D10023002238006978FFF7CCF935
:107F1000EEE7C04640FEFFFFFF010000F8B50D0090
:107F20000835060028000C0000F0CEF8002803D029
:107F3000012723781F4201D00020F8BD300061786E
:107F4000FFF78AF90028F7D028006288616800F0FE
:107F50003DF9237805001F4000280BD0002FEBD1FE
:107F60000300626830006178FFF79EF90028E3D0D3
:107F70002800E2E7002FDFD130006178FFF780F9B9
:107F8000DAE7C046F8B5CE46474680B58A8906008E
:107F90000C000B78002A07D101251D4240D000209B
:107FA000C0BCB946B046F8BD9B0733D42A4B402528
:107FB000994627000837380000F0A4F88542EED82B
:107FC0000122237890461A42E9D130006178FFF708
:107FD00043F90028E3D0380000F094F842462378B3
:107FE0001A40854231D8002AD9D14A4663880240D6
:107FF0001D1C934200D9151CADB200226178002DE2
:1080000000D062682B003000FFF74EF90028C6D080
:108010002800C5E7FE2380251B029946AD00C8E76E
:108020004978FFF719F90028B9D023781D42B6D155
:10803000638800226178002B00D062683000FFF76F
:1080400033F90028ABD06088AAE7002AA7D1300016
:108050006178FFF715F9A2E7C0FF0000F0B5C6464A
:1080600000B504006846057E8020884617001E0083
:108070000002824226D8E068002803D0012149424C
:1080800000F0B6FD2069002803D00121494200F02C
:10809000AFFD4346236073045B0CED031D430023D7
:1080A000E0686381A780E5802381002801D000F08B
:1080B0006FFD2069002801D000F06AFD012080BC1E
:1080C000B846F0BD0020FAE710B5048941898288DE
:1080D000A3B288B28C4207D31B1A9BB2101C9A42DF
:1080E00000D9181C80B210BD5100091A5B189BB250
:1080F000F4E7C04603894089181A43425841C0B288
:108100007047C04610B5048941898288A3B288B2FD
:108110008C4207D31B1A9BB200209A4201D9D21A73
:1081200090B210BD5100091A5B189BB2F4E7C0462B
:1081300070B5040000690E00002803D001214942F7
:1081400000F056FD25896089A288A9B283B28542D4
:1081500032D3CD1AADB2002D28D0AA4208D2914216
:108160002FD3891A8BB263819A4203D89B1A9BB290
:108170009A42FBD9E28821685204520C53433000E2
:10818000C918FBF75BFF63890125591C89B2A288D6
:108190008B420DD900215200891A89B22069618170
:1081A000002801D000F0F4FC280070BD618989B27C
:1081B00052009142F2DBEFE75500ED1A4D19ADB2D6
:1081C000C9E789188BB26381CEE7C046F0B5464651
:1081D0004F46D646C0B5060000698946904600283D
:1081E00003D00121494200F003FD31897289B5882D
:1081F0008BB294B2914254D31F1BBFB2002F4AD00E
:10820000BD4205D2AB4251D25B199CB22F007481A2
:108210004346B8453DD89FB2A54203D8641BA4B2DB
:10822000A542FBD9F28831685204520C9046624351
:108230002B1B9BB2891842469F4225D953439BB2C0
:108240001A0048469A46FBF7F9FE434648467D1B0E
:1082500064195C4331685044A2B2FBF7EFFE7189A8
:10826000B588CB199BB26A00994216D99B1A9BB26A
:1082700030697381002801D000F08AFC3800E0BC2E
:10828000BA46B146A846F0BD48467A43FBF7D6FE4B
:10829000E5E73B1CBFE773899BB26A009342E7DBCB
:1082A000E4E76F003F1BDF19BFB2A7E75B1B9CB27F
:1082B000ACE7C046F8B50400C0680E00002803D043
:1082C0000121494200F094FC258920896189A28816
:1082D000ADB283B28FB2884229D3DB1B9BB29A42E4
:1082E00009D8E779FF0906D1E068002801D000F03D
:1082F0004FFC3800F8BD2B0095421DD39B1A9BB252
:108300009342FBD2E28820685204520C534331005E
:10831000C018FBF793FE6B1C9BB2A2889D4217D935
:10832000002352009B1A9BB201272381DCE75100F6
:10833000C91B5B189BB2D2E7E28820685204520C3A
:1083400053433100C018FBF779FE0135A288ABB268
:1083500052009342E8DBE5E7F0B54E465746DE466D
:108360004546E0B589460600170083B0002A67D06D
:10837000C068002803D00121494200F039FC33894C
:10838000F2799BB298467389B5889BB2D20940D1E5
:1083900098455ED26A00D31A43449BB2AB425DD289
:1083A000EB1A1A1C9BB2BB4200D93A1C97B27B1B3A
:1083B0009BB20193F3885B045B0C9A464346DB193E
:1083C0009BB29B464446A84503D3641BA4B2AC426F
:1083D000FBD25346634330682D1BADB2C018BD427B
:1083E0004BD3524649467A43FBF728FEB3885B00DD
:1083F000D84501D89B4503DB5A46D31A9BB29B460E
:108400005B463D003381F06800281AD000F0C0FBC5
:1084100017E0F2885204520C9246AF4220D298459F
:108420004DD34246D21A92B26900781B80B2D2195B
:1084300001908A4233DA4346FB189BB29B46C1E760
:108440000025280003B0F0BCBB46B246A946A046B2
:10845000F0BD4246D31A9BB2AB42A1D30025D2E76E
:10846000002DD0D07F1B574398465A19002392B253
:10847000B94493462F000193A4E753465D43ADB240
:108480002A004946FBF7DAFD019B2900E218534612
:108490005A43306892B24944FBF7D0FDA6E75A1917
:1084A00092B29346D21B92B2904693420CD9434665
:1084B000591A8BB29846FB189BB29B4682E769001B
:1084C000CA1A424492B2B0E7914200DD7AE7EEE781
:1084D00010B50400C068002803D00121494200F013
:1084E00087FB2069002803D00121494200F080FB6E
:1084F0000023E06863812381002801D000F048FB5D
:108500002069002801D000F043FB012010BDC046C7
:1085100070B50400C0680D00002803D00121494255
:1085200000F066FB2069002803D00121494200F0D9
:108530005FFB7F21E379ED011940E0682943E17198
:10854000002801D000F024FB2069002801D000F0B1
:108550001FFB012070BDC04610B50A4B0A4AC41863
:10856000240DA40082B0009208482200E31CF9F711
:10857000AFFA844202DC001B02B010BD0120404271
:10858000FAE7C0460000E0AF34930010401B002023
:1085900070B50D000400F9F763FA1A4A1A4B9446B5
:1085A00001226444240DA400E65805212C792023DF
:1085B000A2406956013A1B1B002913DB00248B42A1
:1085C0000CDB13008B401E4208D1AB79002B05D188
:1085D0008A401400344063425C41E4B2F9F74CFA3B
:1085E000200070BD002B02DA09E0013B07D3140024
:1085F0009C4019002642F8D1AB79002BE8D000242A
:10860000ECE7C0460000E0AF54170020F0B5574635
:108610004546DE464E468846E0B583B00600052551
:10862000F9F71EFA434684465D571879334B344AAE
:10863000F3181B0D9B009246D7580122202482403C
:10864000241A013A002D41DBA54232DC1100A94079
:108650000F422ED141460968894641468979002951
:1086600045D12C00AA40934659463A40394241D15F
:10867000802189018846002816D06146A44634002E
:108680004E469946030001915100705A404500D270
:108690004019A91812318900013208519A42F3D3C6
:1086A000019B64469C464B465A4617435246D75058
:1086B00001E0012464426046F9F7DEF9200003B0CE
:1086C000F0BCBB46B246A946A046F0BD002C02DA7B
:1086D00010E0013C0ED31100A14025000F42F8D15B
:1086E000414609688946414689790029BAD014244F
:1086F0006442E0E709246442DDE7C0460000E0AFE1
:1087000054170020F0B54E464546DE465746E0B5C4
:1087100083B089460CA984460D781F2A45D849465E
:10872000490088464944C900461837003400DC3700
:108730003868CC3483462068310001901C4880247E
:108740008246A40251440C6069424D411E216D4293
:108750008D4318498A465544052B0CD9A0201F216A
:108760004005D836540104430532053B3C600A40BD
:108770003560052BF6D852019B06134342464A4406
:10878000D20062441000DC3213600300D8331D6055
:108790005B461360019BCC300360002003B0F0BC4B
:1087A000BB46B246A946A046F0BD05204042F5E7CB
:1087B000CC3000009FE00000F0B501258D4004683A
:1087C000AC430460002B2ED04D006C18E40004195B
:1087D00026001F68C83637609F68043677605F6878
:1087E000DB68DC34376023606B18184DDB00AC4667
:1087F0008025C41864442D0625602560144C0D1D89
:108800008C40846001242600AE40802508318C40D5
:108810001F21AD014519C0180A40D8302E602C60C8
:1088200002600020F0BD4D006C18E4000419260021
:108830008027C8367F023760C0273F03B760F8271C
:1088400004367F02DC3437602360CDE7D0100000AF
:1088500001010101F0B5DE4657464E464546E0B5FA
:10886000070083B00CA80192027800203C689B4668
:10887000E066616001219146E166002B34DD5A1EFD
:10888000904680225200944680264025616F102930
:10889000FCD00021002801D13979890240451DD042
:1088A000624611432161A159616B0D420BD0012039
:1088B000636D40424B463B7103B0F0BCBB46B246D1
:1088C000A946A046F0BDA16F0029ECD02169019B0B
:1088D000195401308345EDD03C68D7E74B4601225F
:1088E0005A4053021943DBE70020E3E7F0B5DE46C8
:1088F00057464E46454690460022E0B585B01E00DC
:108900000EAB1B7807009B460368DA66013259609C
:10891000DA66002E60DD0279594692029246012203
:108920004A4052029446802291465A46802403923D
:108930006246BB46002010214746B446751EA4007F
:108940000192421B160072427241019E5242164031
:1089500002963E5CB0465646424616433200029EA0
:1089600016431E61019E5A6B1142FCD04A469A582A
:1089700001969246002A0AD1A84228D0002201304E
:1089800092468445DDD1039B5F469B4616E05A6DB7
:10899000012290465A6B2242FCD01A6E4246019642
:1089A000002AEBD0039B5F469B465346002B15D015
:1089B0005346DB0712D453461B070FD55B463B716A
:1089C00005B0F0BCBB46B246A946A046F0BD039A2E
:1089D000002AD3D19046DDE70020EFE70120404296
:1089E000ECE7C046F8B5DE4657464E464546834658
:1089F000E0B505200C00FAF793F9060060082100A5
:108A00008019FAF7E7FB43009846804407000521E8
:108A10004046FAF7DFFB3B1A9A461E4B8146700030
:108A200080199C4231D81C49FAF7D4FB451C5B469F
:108A30001C680023E366226804335A400233134063
:108A400080225201A21813605346E3614B46236211
:108A5000434601204F2B03D950214046FAF7BAFB79
:108A6000A023E050E36F39005D400C4B2D042D0C2A
:108A7000E3181D6001233000E366FAF7ABFBF0BC9E
:108A8000BB46B246A946A046F8BD0549FAF7A2FB87
:108A9000451CCCE73F420F00809698007C100000F8
:108AA00040787D010F4A70B5821A531E9A410E4BD1
:108AB000D20008321A600D4B0D4C1A601500236865
:108AC0009D432B1EFAD166240268FF340571D566DA
:108AD0001460633C8833FF3CD5639563D450FFF743
:108AE00081FF70BDA810002000E0004000F00040B1
:108AF00008C0004010B582B06C46247C0094FFF79B
:108B0000F5FE02B010BDC04610B582B06C46247CA4
:108B10000094FFF79FFE02B010BDC04610B583075A
:108B20000AD00300032102E001330B4205D01A787A
:108B3000002AF9D1181A10BD030019680C4A0D4C0F
:108B40008A188A4322420FD15968094A04338A1885
:108B50008A43224208D15968054A04338A188A4355
:108B60002242F1D000E001331A78002AFBD1E1E77C
:108B7000FFFEFEFE80808080F8B5C0460000000049
:108B800001B40248844601BC604700BF01030020D5
:108B900001B40248844601BC604700BF25020020A2
:108BA00001B40248844601BC604700BF5D0F00204D
:108BB00001B40248844601BC604700BF410C00205C
:108BC00001B40248844601BC604700BF190C002074
:108BD00001B40248844601BC604700BF5D0F00201D
:108BE00001B40248844601BC604700BFC1000020B8
:108BF00001B40248844601BC604700BF99010020CF
:108C000001B40248844601BC604700BF0101002056
:108C100001B40248844601BC604700BFD10C00206B
:108C200001B40248844601BC604700BF810C0020AB
:108C300001B40248844601BC604700BF3D040020E7
:108C4000652F0010912F0010753100102140001089
:108C5000193800101D3F00109D300010AD2F00107E
:108C6000CD2F0010E12F001051210010E92F00102E
:108C70001D2500102D2F0010B11B00104D6300109A
:048C8000B10200102D
:108C880043435700435720000A3D3D3D3D3D3D3D90
:108C98003D3D3D3D3D3D3D3D3D3D3D3D3D3D3D3DFC
:108CA8003D3D3D3D3D3D3D3D3D3D0000000000005A
:108CB800456E636F646572204D6F6E69746F7220C4
:108CC8002D2050494F2056657273696F6E00000061
:108CD8003D3D3D3D3D3D3D3D3D3D3D3D3D3D3D3DBC
:108CE8003D3D3D3D3D3D3D3D3D3D3D3D3D3D3D3DAC
:108CF8003D0A00004552524F523A204661696C6560
:108D08006420746F20696E697469616C697A652082
:108D1800493243210000000049324320696E6974DA
:108D280069616C697A6564207375636365737366DA
:108D3800756C6C7900000000496E697469616C6932
:108D48007A696E67204C43442061742061646472C0
:108D5800657373203078253032582E2E2E0A000085
:108D6800456E636F646572204D6F6E69746F720033
:108D780050494F2056657273696F6E00496E697469
:108D880069616C697A696E672E2E2E000A3D3D3D39
:108D9800205052452D50494F204841524457415286
:108DA8004520544553542028412F422F5A29203D0D
:108DB8003D3D0000526F7461746520656E636F6499
:108DC80065723B20636F6E6669726D20412F422F7A
:108DD8005A20746F67676C653A000000413D25644E
:108DE80020423D2564205A3D25640A003D3D3D2032
:108DF800412F422F5A207365656E3F204966204EE9
:108E08004F2C20636865636B20776972696E6721F0
:108E1800203D3D3D0A000000496E697469616C6936
:108E28007A696E672050494F20656E636F6465727A
:108E38002E2E2E004552524F523A204661696C65DB
:108E48006420746F20696E697469616C697A652041
:108E580050494F20656E636F646572210000000001
:108E680050494F20496E6974204661696C656421D8
:108E78000000000050494F20656E636F64657220E2
:108E8800696E697469616C697A65642E20413A2556
:108E98006420423A2564205A3A2564207C205050A8
:108EA800523A256C64204350523A256C640A0A00F1
:108EB8005265616479210000506C733A000000002B
:108EC8002F00000052504D3A00000000436E743AE3
:108ED800256C64205265763A256C6420506C733A90
:108EE800256C642052504D3A252E31662025730A90
:108EF80000000000436E743A000000005265763AA4
:108F080000000000435700000A49324320427573AD
:108F1800205363616E000000202020302020312083
:108F280020322020332020342020352020362020D5
:108F3800372020382020392020412020422020437B
:108F4800202044202045202046000000253032788B
:108F5800200000002D2D200020202000466F756E77
:108F680064202564206465766963652873290A0A84
:108F7800000000005741524E494E473A204C4344A6
:108F8800206E6F7420666F756E6420617420616452
:108F98006472657373203078253032580A000000F7
:108FA800256C640025252E25646600005A207075FE
:108FB8006C73652120436F756E743A20256C6420AC
:108FC8002864656C74613A20256C64290A000000E5
:108FD80070696F300000000070696F310000000098
:108FE80046414C4C00000000524953450000000027
:108FF8004552524F523A2043616E6E6F742061643D
:10900800642050494F2070726F6772616D000000D4
:1090180050494F2070726F6772616D206C6F616488
:109028006564206174206F66667365742025640A20
:10903800000000004552524F523A204E6F2066728F
:1090480065652050494F207374617465206D6163B4
:1090580068696E6500000000436C61696D65642095
:109068007374617465206D616368696E6520256439
:10907800206F6E2025730A0050494F207374617465
:1090880065206D616368696E6520696E69746961E0
:109098006C697A656420616E642072756E6E696EA3
:1090A80067000000202050696E20412028696E70FA
:1090B8007574293A204750494F2025640A0000005A
:1090C800202050696E20422028696E707574293AF4
:1090D800204750494F2025640A00000050494F207E
:1090E8005258204649464F20686173206461746174
:1090F80000000000496E697469616C2073746174C2
:10910800652073657420746F3A20307825303258A2
:109118002028413D25642C20423D2564290A000071
:109128005A2070756C73652070696E3A20475049F3
:109138004F202564202870756C6C2D7570292C20A3
:1091480069646C653D25642C207472696767657273
:1091580020656467653D25730A0000000A3D3D3DB2
:1091680020456E636F64657220696E697469616C0D
:10917800697A6174696F6E20636F6D706C65746570
:10918800203D3D3D00000000526561647920746F08
:1091980020636F756E742E2054727920726F74611B
:1091A80074696E672074686520656E636F646572A4
:1091B8002E2E2E0A000000000A2A2A2A2050414E8C
:1091C8004943202A2A2A0A000A0000004E6F207309
:1091D80070696E6C6F636B73206172652061766174
:1091E800696C61626C6500004E6F20757365722052
:1091F800495251732061726520617661696C6162C0
:109208006C650000486172647761726520616C6109
:10921800726D20256420616C726561647920636CCD
:1092280061696D6564000000486172642061737350
:109238006572740052656C6561736500626F6F7466
:10924800325F77323571303830000000322E322EDE
:10925800300000007069636F00000000656E636F86
:109268006465725F6D6F6E69746F72004F6374200E
:109278003134203230323500666E692B0000000030
:10928800666E69006E616E00666E692D00000000F2
:1092980055534220737464696E202F207374646F71
:1092A800757400005261737062657272792050693A
:1092B800000000005069636F00000000426F617297
:1092C8006420434443000000526573657400000045
:1092D800556E68616E646C6564204952512030781F
:1092E80025780A0065702025303258207761732070
:1092F800616C726561647920617661696C61626C28
:109308006500000043616E277420636F6E74696E98
:1093180075652078666572206F6E20696E6163746A
:109328006976652065702025303258004E6F2050D0
:10933800494F207374617465206D616368696E6557
:10934800732061726520617661696C61626C650089
:10935800A810002000010000A08601000001FF0005
:10936800FF000001010000FF00FF01007C930010D6
:1093780009FF0000C3A0024746A0A5000000C2A044
:10938800008022A00000000006005250D3F0754271
:109398003C92001006005250E182887F44920010EF
:1093A80006005250ABB3605354920010060052505E
:1093B800BBFF3CB65C92001006005250861C0302AC
:1093C80064920010060052505422A29D749200101C
:1093D80005005250DE65F4684CA80010E84D0010F6
:1093E800984D0010984D0010E04D0010984D001059
:1093F800984D0010984D0010984D0010984D001091
:10940800984D0010984D0010D84D0010984D001040
:10941800D04D0010984D0010984D0010C84D001008
:1094280008500010FE4D0010F84F0010FE4D0010BF
:10943800E24F0010FE4D0010FE4D0010FE4D0010D2
:10944800FE4D0010FE4D0010FE4D0010FE4D0010A8
:10945800F04D0010FE4D0010FE4D0010FE4D0010A6
:10946800FE4D0010FE4D0010F04D0010A6500010EB
:10947800524D0010524D0010524D0010524D001028
:10948800524D0010524D0010524D0010524D001018
:10949800524D0010524D0010524D0010524D001008
:1094A800524D0010524D0010524D0010524D0010F8
:1094B800524D0010524D0010524D0010524D0010E8
:1094C800524D0010524D0010524D0010524D0010D8
:1094D800524D0010524D0010524D0010524D0010C8
:1094E800524D0010524D0010524D00101C500010EB
:1094F800745000101C500010524D0010524D0010B6
:10950800524D0010524D0010524D0010524D001097
:10951800524D0010524D0010524D0010524D001087
:10952800524D0010524D0010524D0010524D001077
:10953800524D0010524D0010B6520010524D0010FE
:10954800524D0010524D0010524D0010524D001057
:10955800524D0010524D0010524D0010524D001047
:10956800B6520010B8500010B65200101C5000102F
:10957800745000101C500010000000000000F03F64
:1095880000000000000024400000000000005940D6
:109598000000000000408F40000000000088C34029
:1095A80000000000006AF8400000000080842E419E
:1095B80000000000D01263410000000084D79741EA
:1095C8000000000065CDCD410D0A0000000000003C
:1095D800B15D001000000000B55D0010C15D001015
:1095E800ED5D0010E95D0010000000000A000000B9
:1095F80000000306A6000800020002009C001400F8
:10960800030057494E555342000000000000000077
:109618000000800004000100280044006500760076
:1096280069006300650049006E00740065007200FF
:10963800660061006300650047005500490044006A
:1096480000004E007B0062006300370033003900E1
:109658003800630031002D003700330063006400D8
:109668002D0034006300620037002D0039003800F7
:10967800620038002D0039003100330061003800E5
:1096880066006300610037006200660036007D00F6
:1096980000000000050F2100011C100500DF60DD3F
:1096A800D88945C74C9CD2659D9E648A9F0000035B
:1096B80006A60001000000000600525053B4F4A1B1
:1096C8009892001000000000AC920010BC920010AC
:1096D8001C200020C4920010D092001009025400EF
:1096E800030100807D080B0002020200000904004B
:1096F80000010202000405240020010524010001E4
:109708000424020605240600010705810308001049
:1097180009040100020A00000007050202400000D7
:10972800070582024000000904020000FF0001054D
:1097380012011002EF0201408A2E0A000001010204
:1097480003010000B46900101C6B00106C6B001062
:10975800F46A0010066B0010E46A0010546A0010E6
:10976800006A0010F4690010D66E0010BC6E00107C
:109778008C6C0010F66E00108C6C0010A46E00103B
:10978800906E00108C6C00107C6E0010826D0010C2
:109798008C6C001062710010547100104871001038
:1097A8008C6C00108C6C0010327100105471001019
:1097B8008C6C00108C6C00108C6C00108C6C001081
:1097C8008C6C00108C6C00108C6C0010E870001011
:1097D8009E0D00209E0D0020E80D0020080E0020A0
:1097E8004C0E00205E0E0020940D002000000000AA
:1097F800ED7600105D7700108D770010D977001096
:109808007D7800106579001000000000000000005D
:10981800657A0010C17A0010DD7A0010057B00100F
:0C982800495E0010257C001000000000CC
:10983400909300109C930010A8930010B493001010
:10984400C0930010CC930010D8930010C096001061
:1098540003000068EFF3108C72B60268002AFCD093
:10986400BFF35F8F04229A56002A0BDB002900D035
:109874000A6000201B68BFF35F8F00221A608CF31C
:1098840010887047D0221206126801201A71F1E77D
:10989400F0B5C646150000B504001E000268EFF3DB
:1098A400108172B61368002BFCD0BFF35F8F0423C2
:1098B400E3562268002B2BDBBFF35F8F0020106080
:1098C40081F31088D02212061278002752B29046F3
:1098D4009A420ED1002080BCB846F0BDBFF35F8F22
:1098E400176081F310882800310000F001FF002880
:1098F400F0D12268EFF3108172B61368002BFCD00C
:10990400BFF35F8F237922687F2BE7D9434602E0B8
:10991400D0231B061B682371BFF35F8F00231360E2
:1099240081F310880120D6E7F0B5C64600B50D00D6
:10993400040000F0F5FEFA2206000F0000232800C0
:109944000021920000F0F4FE36184F41002F02DA95
:109954000126174F7642D0231B061B680025984624
:109964000AE0BFF35F8F156081F31088300039007F
:1099740000F0BEFE002818D12268EFF3108172B601
:109984001368002BFCD0BFF35F8F237922687F2BF1
:10999400E7D943462371BFF35F8F0023136081F33C
:1099A4001088012080BCB846F0BD0020FAE7C0460C
:1099B400FFFFFF7F0268EFF3108172B61368002B7C
:1099C400FCD0BFF35F8FFF2303710368BFF35F8F86
:1099D40000221A6081F3108840BF704710B5084C0C
:1099E4002378002B0AD18023064807495B051A68AF
:1099F400C25004338B42FAD10123237010BDC046F8
:109A040030200020281A00100001001010B5014B6E
:109A1400984710BD291A0020064B5A6802609A68BC
:109A24004260DA6882601A69C2605A6902619B699D
:109A340043617047000002400268064B5A60426866
:109A44009A608268DA60C2681A6102695A6142697E
:109A54009A61704700000240034B1A68C0239B00C0
:109A64009343024A136070470C8001400C900140FC
:109A7400054B1A6880239B005340C0229200134078
:109A8400024A13607047C0460C8001400C900140AC
:109A94000023F0B5DE4657464E4645469A46E0B5A5
:109AA40089B001900E00988A45491B8B1400984791
:109AB400534681464349988A1B8B984753464249EB
:109AC4000500988A1B8B98478046FFF787FF02A8FA
:109AD400FFF7A2FFC847A847FFF7CAFF251E22D0F9
:109AE4000823C0219C460220490562468B6A1A401D
:109AF40018423FD0631B002D2FD1002A11D1002C16
:109B040011D0C0235B059B4602239A46063399462F
:109B14005B464A4657469B6A1A401F4242D0002A77
:109B2400F6D0002C30D1FFF797FFC047FFF76EFF48
:109B340002A8FFF781FF09B0F0BCBB46B246A946B4
:109B4400A046F0BD002C2FD1C0225205926A914646
:109B540008224F463A40BF072DD50D2B1BD9002AAA
:109B6400F0D1C0225205926A914608224F463A40EB
:109B7400BF07F2D4002A04D12B002343002BB4D115
:109B8400D1E72B00002CF9D00B6E013C337023007D
:109B940001362B43F2E7019F013D3B7801370B6609
:109BA4000197E7E70025E5E7C0235B051B6E013C51
:109BB4003370013699E72B00002ADFD1DCE7C04679
:109BC4004946000045580000464300000022154B5A
:109BD40010B59A60DA601A615A619A61DA611A62A0
:109BE4005A629A62DA621A635A639A63DA631A648B
:109BF4005A649A64DA641A655A659A65DA651A666B
:109C04005A669A66DA661A675A679A67DA67F032AA
:109C140092000021044800F093FD044B044A1A60AA
:109C240010BDC04600001050E41B0020BC1F0020E3
:109C340080011050F0B54E464546DE465746E0B525
:109C4400214B00249E6D012585B0002E22D01F4B90
:109C54009A46012399461E4B984601E0202C19D0C0
:109C64002A00230001342F003240E4B26D00002AA0
:109C7400F4D0524697654A465B085B0022409B1825
:109C84005B01434418009B4600F01EFC002808D1E9
:109C9400BE43E3D105B0F0BCBB46B246A946A046DC
:109CA400F0BD5B46E0219A78DB8A01A8836000233B
:109CB400C900018001210271437100F025FC58465E
:109CC40000F0A0FBE4E7C046000011500030115042
:109CD400A41B00209823F0B5C646C84A00B5D55841
:109CE40080232E009B02102484B01E401D4274D099
:109CF400C34BC44C9A6AC44B00261A603B23E35CF2
:109D0400022B00D14FE17B23E35C022B00D1F3E073
:109D1400BB23E35C022B00D1FAE0FB23E35C022BC0
:109D240000D101E13C23FF33E35C022B00D12DE1A0
:109D34007C23FF33E35C022B00D10EE1BC23FF3311
:109D4400E35C022B00D13FE1FC23FF33E35C022BF5
:109D540000D1F5E0AD4BE35C022B00D174E1AC4BD8
:109D6400E35C022B00D105E1AA4BE35C022B00D19A
:109D740075E1A94BE35C022B00D132E1A74BE35C14
:109D8400022B00D1A0E1A64BE35C022B00D171E1D0
:109D9400A44BE35C022B00D1A1E1A34BE35C022BB7
:109DA40000D17FE1002E08D1A04B1B78002B04D1F9
:109DB40080219F4A90338902D150C02269468F4B3B
:109DC40092009B6C80265B058A805B0D012101A8B3
:109DD400029300F099FB974CB602EB0600D57FE0A6
:109DE40080235B021D4231D01E4301230224984686
:109DF400844FBB7E002B14D000F08AFC012800D9CC
:109E040072E0C02200213800920100F001FB38000A
:109E140000F0F8FA00F07CFC012802D9844B5C665F
:109E24001C664346FB702037012C22D1C0236A46AE
:109E3400DB009380804A02AB03CA03C3012101A85B
:109E440000F062FB80227A4B92021A6580235B0148
:109E54001D4210D18023DB011D4223D180231B022C
:109E64001D422FD1AE4200D0C0E104B080BCB84640
:109E7400F0BD0124BDE700241E43604B1C60FFF7C6
:109E8400A5FE80236A465B0093801472012101A819
:109E940000F03AFB8022664B12031A658023DB0133
:109EA4001D42DBD01E4380236A46DB0093800121E0
:109EB40001A800F029FB10225D4B1A6580231B02C8
:109EC4001D42CFD01E43A0236A46DB0093800121AC
:109ED40001A800F019FB8022554B12011A65C1E755
:109EE400FFF7A8FE26007BE7544B444A1C66536EDA
:109EF4002340A342FBD184E77833E75C002F00D1F1
:109F040006E70233E25C002A00D00DE13E00FFE6E2
:109F1400B833E75C002F00D1FFE60233E25C002A8D
:109F240000D0F9E03E00F8E6F833E75C002F00D1FA
:109F3400F8E60233E25C002A00D041E13E00F1E69B
:109F4400F933FF33E75C002F00D103E70233E25C0F
:109F5400002A00D02BE13E00FCE67933FF33E75CB6
:109F6400002F00D1EAE60233E25C002A00D015E1BA
:109F74003E00E3E6324BE75C002F00D1F4E6023307
:109F8400E25C002A00D001E13E00EDE63933FF3304
:109F9400E75C002F00D1CBE60233E25C002A00D05C
:109FA400EBE03E00C4E63833E65C002E00D1AAE6BE
:109FB4000233E25C002A00D1A5E620000022203012
:109FC400E25400F04DFA9EE6B933FF33E75C002F0C
:109FD40000D1B9E60233E25C002A00D0C4E03E00BE
:109FE400B2E6184BE75C002F00D1C7E60233E25C0F
:109FF400002A00D0B0E03E00C0E6C0460000115088
:10A0040000400540A41B0020981B00203B020000D8
:10A014007B020000BB020000FB0200003B030000C7
:10A024007B030000BB030000FB0300002E20002084
:10A034000030115010000200000010500020115098
:10A044007A020000FA0200006B4BE75C002F00D19B
:10A0540085E60233E25C002A76D13E007FE6674B58
:10A06400E75C002F00D184E60233E25C002A63D16E
:10A074003E007EE6624BE75C002F00D188E60233A7
:10A08400E25C002A00D0A3E05E4BE35C022B30D1FB
:10A094005D4BE35C002B27D15C4BE35C022B00D0CF
:10A0A4008BE63E005A4BE35C002B00D17AE6FF239B
:10A0B4009B00E25C002A00D17FE60022E2541C3BB4
:10A0C400E01800F0CDF978E6524BE75C002F00D1A0
:10A0D40059E60233E25C002A16D13E0053E64A4BAD
:10A0E400E35C002B00D158E6EF239B00E25C002ADE
:10A0F40075D1464BE35C022B00D05EE6444BE35C37
:10A10400002B00D159E6D2E70022E2541C3BE018B0
:10A1140000F0A6F93E0036E620000022A030E2540A
:10A124003E0000F09DF9F8E5200000226030E25482
:10A134003E0000F095F9EBE50022E2541C3BE018E8
:10A1440000F08EF93E0014E60022E2541C3BE018B5
:10A1540000F086F93E0002E60022E2541C3BE018BF
:10A1640000F07EF93E0009E620000022A130FF3015
:10A17400E2543E0000F074F9E6E5200000222130AC
:10A18400FF30E2543E0000F06BF9D1E50022E254C6
:10A194001C3BE01800F064F93E00E5E520000022D5
:10A1A4006130FF30E2543E0000F05AF9C6E5200069
:10A1B4000022E130FF30E2543E0000F051F9C9E5DD
:10A1C40020000022E030E2543E0000F049F9A9E505
:10A1D4000022E2541C3BE01800F042F954E700224C
:10A1E400E2541C3BE01800F03BF982E731000A48D6
:10A1F400694000F0ADFAC0463A020000BA0200001D
:10A204007A030000BB030000BA030000FB03000054
:10A21400FA0300003A030000D8920010F0B5C646D5
:10A2240000B50200838A008B8C46011C984200D939
:10A23400191CD47880252000461EB04189B2ED0057
:10A244000D434003284301256C405B1AD4705478B5
:10A254009BB29382002C31D16446D568A4014E1E72
:10A264002D19B0461469002923D0062E32D92B00AB
:10A2740023439B072ED1631CEB1A022B2AD90023FC
:10A284008F08BF00E658EE5004339F42FAD143468C
:10A29400ED19DB1BE419B94209D026782E70002B86
:10A2A40005D066786E70012B01D0A378AB70146969
:10A2B400938A64181461802212021043002B02D185
:10A2C4008023DB0118436346002B00D0000480BCCC
:10A2D400B846F0BD0023E65CEE5401339942FAD14E
:10A2E400E5E7C0468368F0B51A680400002900D089
:10A2F400120C63789205900D002B08D1E38AC318E1
:10A30400E382238B834201D90023A382F0BDE36857
:10A31400890125695E18471E002822D0062F26D9F8
:10A3240001315B18EB1A022B21D92B0033439B0715
:10A334001DD10023120E9200F158E95004339A42C1
:10A34400FAD1BF1AAD18B618904209D032782A70E3
:10A35400002F05D072786A70012F01D0B278AA70EC
:10A364002569E38A2D18C318E3822561C9E7002211
:10A37400B35CAB5401329042FAD12569F1E7C0468F
:10A3840010B50400836800211B68FFF7ABFF636806
:10A394001B685B0002D5238B834200D010BD0121D2
:10A3A4002000FFF79FFFF9E7084A0300126C002022
:10A3B400920703D49A78D209012A00D07047D87E34
:10A3C400023843425841C0B2F8E7C0460000115079
:10A3D40010B5FFF7E9FF00280CD00749074B8C465E
:10A3E400074A9B6A126863449B1A0020C6229A4259
:10A3F4004041C0B210BDC046E0FCFFFF0040054034
:10A40400981B002000238376436103617047C04694
:10A4140010B58368002901D01C682140002A12D09D
:10A424008024E400114322420DD01A6822420CD148
:10A43400084A0A401A60084A126C920703D40C2393
:10A44400033BFDD28368196010BD8178034800F096
:10A454007FF9C046FFFBFFFF00001150EC92001093
:10A46400436870B50021802504001E68FFF7D6FEFE
:10A47400124B6D011A6C0543A37892070ED55B0647
:10A484000ED00F4B1E4080239B053343626800218E
:10A49400136020002A00FFF7BBFF70BDDB09F0D07A
:10A4A400A38A002BEDD001212000FFF7B7FEA023E3
:10A4B400044ADB05324005431343E7E7000011502B
:10A4C400FFFFFFAFFFFFFFDF70B5857E0400002DA7
:10A4D40014D0FFF755FFA38A002B01D1280070BDCB
:10A4E4002000FFF775FF002803D001230025237700
:10A4F400F4E72000FFF7B4FF0025EFE78178014877
:10A5040000F026F90C930010F0B5CE46474680B50E
:10A51400437805000E0085B0062B08D86C4A9B00D2
:10A52400D3589F466B4A13780133DBB213706A4BDE
:10A534001C686269EFF3108172B61368002BFCD0BB
:10A54400BFF35F8FA1612000290000F009F962695F
:10A55400A369BFF35F8F0021116083F31088002883
:10A5640004D105B0C0BCB946B046F0BD320069782C
:10A57400287800F0C5F8F4E70121584B1A788A438B
:10A584001A701A7801318A431A7000225A701A78A4
:10A5940002318A431A70CAE75149524F89465249D7
:10A5A4000024002388463A7812E043461B68610180
:10A5B4005B18002B06D0DB69002B03D06968287870
:10A5C40098473A780134E4B2511C2300A14217DBC6
:10A5D400A242EAD89B1A5B014B44ECE73F4B1A7842
:10A5E400D207BED504211A780A431A709FE73B4B61
:10A5F4001A78D207B5D504211A788A431A7096E7D7
:10A60400364F3B785B072BD504223B7800219343DC
:10A614003B706B460632981D00F092F82B7801AC23
:10A624002370052363702C4B1B6898465A69EFF31B
:10A63400108172B61368002BFCD0BFF35F8F4346C2
:10A6440040469961210000F08BF843465A699B69A2
:10A65400BFF35F8F0021116083F31088002831D18C
:10A66400FB78DB0700D47CE76B460A220021981DA7
:10A6740000F066F82B7801AC2370032363706B68D9
:10A684006360154B1D686A69EFF3108172B6136835
:10A69400002BFCD0BFF35F8FA9612800210000F0DC
:10A6A4005FF86A69AB69BFF35F8F0021116083F3C0
:10A6B4001088002800D154E732006178207800F037
:10A6C4001FF84EE732006178207800F019F8C7E7E8
:10A6D400D89700102F200020901600203816002054
:10A6E400F49700102D200020881400207047C046E5
:10A6F40001B40248844601BC604700BFE129001050
:10A7040001B40248844601BC604700BF556800108C
:10A7140001B40248844601BC604700BF251A0010FA
:10A7240001B40248844601BC604700BF112B0010ED
:10A7340001B40248844601BC604700BF1D3E0010BE
:10A7440001B40248844601BC604700BF3140001098
:10A7540001B40248844601BC604700BF311A0010AE
:10A7640001B40248844601BC604700BFB5820010B2
:10A7740010000000000000000000010000000000C4
:10A7840000000000000002000000000000000000C3
:10A794000000030000000000000000000000FF00B3
:10A7A4000000000001B5486801318E46004770463C
:10A7B40009380149884701BD6120001000000000EC
:10A7C4000000000000000000000000000000000085
:10A7D400B81000200000000000000000000000008D
:10A7E400503300004C330000543300005233000057
:10A7F4004D5300004D430000533400004334000027
:10A8040015600010C95F00103D5F0010B55E0010B8
:10A8140000000000000100009416002010000C004D
:10A824000000000000000000000000000000000024
:10A8340000000000FF000000004004400000000091
:08A8440000000000000000000C
:04000005100001E9FD
:00000001FF
