
/Users/ssnow/Documents/GitHub/PU-Winder/Pico-SDK PIO/build/encoder_monitor.elf:     file format elf32-littlearm

Sections:
Idx Name          Size      VMA       LMA       File off  Algn
  0 .boot2        00000100  10000000  10000000  00001000  2**0
                  CONTENTS, ALLOC, LOAD, READONLY, CODE
  1 .text         000089b4  10000100  10000100  00001100  2**3
                  CONTENTS, ALLOC, LOAD, READONLY, CODE
  2 .rodata       00000b0c  10008ab8  10008ab8  00009ab8  2**3
                  CONTENTS, ALLOC, LOAD, READONLY, DATA
  3 .binary_info  00000020  100095c4  100095c4  0000a5c4  2**2
                  CONTENTS, ALLOC, LOAD, READONLY, DATA
  4 .ram_vector_table 000000c0  20000000  20000000  0000d000  2**2
                  ALLOC
  5 .uninitialized_data 00000000  200000c0  200000c0  0000c0b8  2**0
                  CONTENTS
  6 .data         00000ff8  200000c0  100095e4  0000b0c0  2**4
                  CONTENTS, ALLOC, LOAD, READONLY, CODE
  7 .tdata        00000000  200010b8  200010b8  0000c0b8  2**0
                  CONTENTS, ALLOC, LOAD, DATA, THREAD_LOCAL
  8 .tbss         00000000  200010b8  200010b8  00000000  2**0
                  ALLOC, THREAD_LOCAL
  9 .bss          00000f78  200010b8  1000a5dc  0000c0b8  2**3
                  ALLOC
 10 .heap         00000800  20002030  1000a5dc  0000d030  2**2
                  ALLOC, READONLY
 11 .scratch_x    00000000  20040000  20040000  0000c0b8  2**0
                  CONTENTS
 12 .scratch_y    00000000  20041000  20041000  0000c0b8  2**0
                  CONTENTS
 13 .stack_dummy  00000800  20041000  20041000  0000d000  2**5
                  ALLOC, READONLY
 14 .ARM.attributes 00000028  00000000  00000000  0000c0b8  2**0
                  CONTENTS, READONLY
 15 .comment      00000045  00000000  00000000  0000c0e0  2**0
                  CONTENTS, READONLY
 16 .debug_info   0003d46e  00000000  00000000  0000c125  2**0
                  CONTENTS, READONLY, DEBUGGING, OCTETS
 17 .debug_abbrev 00009e4d  00000000  00000000  00049593  2**0
                  CONTENTS, READONLY, DEBUGGING, OCTETS
 18 .debug_loclists 00021005  00000000  00000000  000533e0  2**0
                  CONTENTS, READONLY, DEBUGGING, OCTETS
 19 .debug_aranges 00001938  00000000  00000000  000743e8  2**3
                  CONTENTS, READONLY, DEBUGGING, OCTETS
 20 .debug_rnglists 0000544d  00000000  00000000  00075d20  2**0
                  CONTENTS, READONLY, DEBUGGING, OCTETS
 21 .debug_line   000296b4  00000000  00000000  0007b16d  2**0
                  CONTENTS, READONLY, DEBUGGING, OCTETS
 22 .debug_str    00009ca0  00000000  00000000  000a4821  2**0
                  CONTENTS, READONLY, DEBUGGING, OCTETS
 23 .debug_frame  00003860  00000000  00000000  000ae4c4  2**2
                  CONTENTS, READONLY, DEBUGGING, OCTETS
 24 .debug_line_str 00000367  00000000  00000000  000b1d24  2**0
                  CONTENTS, READONLY, DEBUGGING, OCTETS

/Users/ssnow/Documents/GitHub/PU-Winder/Pico-SDK PIO/build/encoder_monitor.elf:     file format elf32-littlearm


Disassembly of section .boot2:

10000000 <__boot2_start__>:
10000000:	4b32b500 	.word	0x4b32b500
10000004:	60582021 	.word	0x60582021
10000008:	21026898 	.word	0x21026898
1000000c:	60984388 	.word	0x60984388
10000010:	611860d8 	.word	0x611860d8
10000014:	4b2e6158 	.word	0x4b2e6158
10000018:	60992100 	.word	0x60992100
1000001c:	61592102 	.word	0x61592102
10000020:	22f02101 	.word	0x22f02101
10000024:	492b5099 	.word	0x492b5099
10000028:	21016019 	.word	0x21016019
1000002c:	20356099 	.word	0x20356099
10000030:	f844f000 	.word	0xf844f000
10000034:	42902202 	.word	0x42902202
10000038:	2106d014 	.word	0x2106d014
1000003c:	f0006619 	.word	0xf0006619
10000040:	6e19f834 	.word	0x6e19f834
10000044:	66192101 	.word	0x66192101
10000048:	66182000 	.word	0x66182000
1000004c:	f000661a 	.word	0xf000661a
10000050:	6e19f82c 	.word	0x6e19f82c
10000054:	6e196e19 	.word	0x6e196e19
10000058:	f0002005 	.word	0xf0002005
1000005c:	2101f82f 	.word	0x2101f82f
10000060:	d1f94208 	.word	0xd1f94208
10000064:	60992100 	.word	0x60992100
10000068:	6019491b 	.word	0x6019491b
1000006c:	60592100 	.word	0x60592100
10000070:	481b491a 	.word	0x481b491a
10000074:	21016001 	.word	0x21016001
10000078:	21eb6099 	.word	0x21eb6099
1000007c:	21a06619 	.word	0x21a06619
10000080:	f0006619 	.word	0xf0006619
10000084:	2100f812 	.word	0x2100f812
10000088:	49166099 	.word	0x49166099
1000008c:	60014814 	.word	0x60014814
10000090:	60992101 	.word	0x60992101
10000094:	2800bc01 	.word	0x2800bc01
10000098:	4700d000 	.word	0x4700d000
1000009c:	49134812 	.word	0x49134812
100000a0:	c8036008 	.word	0xc8036008
100000a4:	8808f380 	.word	0x8808f380
100000a8:	b5034708 	.word	0xb5034708
100000ac:	20046a99 	.word	0x20046a99
100000b0:	d0fb4201 	.word	0xd0fb4201
100000b4:	42012001 	.word	0x42012001
100000b8:	bd03d1f8 	.word	0xbd03d1f8
100000bc:	6618b502 	.word	0x6618b502
100000c0:	f7ff6618 	.word	0xf7ff6618
100000c4:	6e18fff2 	.word	0x6e18fff2
100000c8:	bd026e18 	.word	0xbd026e18
100000cc:	40020000 	.word	0x40020000
100000d0:	18000000 	.word	0x18000000
100000d4:	00070000 	.word	0x00070000
100000d8:	005f0300 	.word	0x005f0300
100000dc:	00002221 	.word	0x00002221
100000e0:	180000f4 	.word	0x180000f4
100000e4:	a0002022 	.word	0xa0002022
100000e8:	10000100 	.word	0x10000100
100000ec:	e000ed08 	.word	0xe000ed08
	...
100000fc:	7a4eb274 	.word	0x7a4eb274

Disassembly of section .text:

10000100 <__VECTOR_TABLE>:
10000100:	20042000 	.word	0x20042000
10000104:	100001f7 	.word	0x100001f7
10000108:	100001cb 	.word	0x100001cb
1000010c:	100001cd 	.word	0x100001cd
10000110:	100001c9 	.word	0x100001c9
10000114:	100001c9 	.word	0x100001c9
10000118:	100001c9 	.word	0x100001c9
1000011c:	100001c9 	.word	0x100001c9
10000120:	100001c9 	.word	0x100001c9
10000124:	100001c9 	.word	0x100001c9
10000128:	100001c9 	.word	0x100001c9
1000012c:	100001cf 	.word	0x100001cf
10000130:	100001c9 	.word	0x100001c9
10000134:	100001c9 	.word	0x100001c9
10000138:	100001d1 	.word	0x100001d1
1000013c:	100001d3 	.word	0x100001d3
10000140:	100001c1 	.word	0x100001c1
10000144:	100001c1 	.word	0x100001c1
10000148:	100001c1 	.word	0x100001c1
1000014c:	100001c1 	.word	0x100001c1
10000150:	100001c1 	.word	0x100001c1
10000154:	100001c1 	.word	0x100001c1
10000158:	100001c1 	.word	0x100001c1
1000015c:	100001c1 	.word	0x100001c1
10000160:	100001c1 	.word	0x100001c1
10000164:	100001c1 	.word	0x100001c1
10000168:	100001c1 	.word	0x100001c1
1000016c:	100001c1 	.word	0x100001c1
10000170:	100001c1 	.word	0x100001c1
10000174:	100001c1 	.word	0x100001c1
10000178:	100001c1 	.word	0x100001c1
1000017c:	100001c1 	.word	0x100001c1
10000180:	100001c1 	.word	0x100001c1
10000184:	100001c1 	.word	0x100001c1
10000188:	100001c1 	.word	0x100001c1
1000018c:	100001c1 	.word	0x100001c1
10000190:	100001c1 	.word	0x100001c1
10000194:	100001c1 	.word	0x100001c1
10000198:	100001c1 	.word	0x100001c1
1000019c:	100001c1 	.word	0x100001c1
100001a0:	100001c1 	.word	0x100001c1
100001a4:	100001c1 	.word	0x100001c1
100001a8:	100001c1 	.word	0x100001c1
100001ac:	100001c1 	.word	0x100001c1
100001b0:	100001c1 	.word	0x100001c1
100001b4:	100001c1 	.word	0x100001c1
100001b8:	100001c1 	.word	0x100001c1
100001bc:	100001c1 	.word	0x100001c1

100001c0 <__unhandled_user_irq>:
100001c0:	f3ef 8005 	mrs	r0, IPSR
100001c4:	3810      	subs	r0, #16

100001c6 <unhandled_user_irq_num_in_r0>:
100001c6:	be00      	bkpt	0x0000

100001c8 <isr_invalid>:
100001c8:	be00      	bkpt	0x0000

100001ca <isr_nmi>:
100001ca:	be00      	bkpt	0x0000

100001cc <isr_hardfault>:
100001cc:	be00      	bkpt	0x0000

100001ce <isr_svcall>:
100001ce:	be00      	bkpt	0x0000

100001d0 <isr_pendsv>:
100001d0:	be00      	bkpt	0x0000

100001d2 <isr_systick>:
100001d2:	be00      	bkpt	0x0000

100001d4 <__default_isrs_end>:
100001d4:	7188ebf2 	.word	0x7188ebf2
100001d8:	100095c4 	.word	0x100095c4
100001dc:	100095e4 	.word	0x100095e4
100001e0:	10000238 	.word	0x10000238
100001e4:	e71aa390 	.word	0xe71aa390

100001e8 <_entry_point>:
100001e8:	481e      	ldr	r0, [pc, #120]	@ (10000264 <data_cpy_table+0x2c>)

100001ea <_enter_vtable_in_r0>:
100001ea:	491f      	ldr	r1, [pc, #124]	@ (10000268 <data_cpy_table+0x30>)
100001ec:	6008      	str	r0, [r1, #0]
100001ee:	c806      	ldmia	r0!, {r1, r2}
100001f0:	f381 8808 	msr	MSP, r1
100001f4:	4710      	bx	r2

100001f6 <_reset_handler>:
100001f6:	481d      	ldr	r0, [pc, #116]	@ (1000026c <data_cpy_table+0x34>)
100001f8:	6800      	ldr	r0, [r0, #0]
100001fa:	2800      	cmp	r0, #0
100001fc:	d001      	beq.n	10000202 <hold_non_core0_in_bootrom+0x4>

100001fe <hold_non_core0_in_bootrom>:
100001fe:	4819      	ldr	r0, [pc, #100]	@ (10000264 <data_cpy_table+0x2c>)
10000200:	e7f3      	b.n	100001ea <_enter_vtable_in_r0>
10000202:	a40d      	add	r4, pc, #52	@ (adr r4, 10000238 <data_cpy_table>)
10000204:	cc0e      	ldmia	r4!, {r1, r2, r3}
10000206:	2900      	cmp	r1, #0
10000208:	d002      	beq.n	10000210 <hold_non_core0_in_bootrom+0x12>
1000020a:	f000 f812 	bl	10000232 <data_cpy>
1000020e:	e7f9      	b.n	10000204 <hold_non_core0_in_bootrom+0x6>
10000210:	4917      	ldr	r1, [pc, #92]	@ (10000270 <data_cpy_table+0x38>)
10000212:	4a18      	ldr	r2, [pc, #96]	@ (10000274 <data_cpy_table+0x3c>)
10000214:	2000      	movs	r0, #0
10000216:	e000      	b.n	1000021a <bss_fill_test>

10000218 <bss_fill_loop>:
10000218:	c101      	stmia	r1!, {r0}

1000021a <bss_fill_test>:
1000021a:	4291      	cmp	r1, r2
1000021c:	d1fc      	bne.n	10000218 <bss_fill_loop>

1000021e <platform_entry>:
1000021e:	4916      	ldr	r1, [pc, #88]	@ (10000278 <data_cpy_table+0x40>)
10000220:	4788      	blx	r1
10000222:	4916      	ldr	r1, [pc, #88]	@ (1000027c <data_cpy_table+0x44>)
10000224:	4788      	blx	r1
10000226:	4916      	ldr	r1, [pc, #88]	@ (10000280 <data_cpy_table+0x48>)
10000228:	4788      	blx	r1
1000022a:	be00      	bkpt	0x0000
1000022c:	e7fd      	b.n	1000022a <platform_entry+0xc>

1000022e <data_cpy_loop>:
1000022e:	c901      	ldmia	r1!, {r0}
10000230:	c201      	stmia	r2!, {r0}

10000232 <data_cpy>:
10000232:	429a      	cmp	r2, r3
10000234:	d3fb      	bcc.n	1000022e <data_cpy_loop>
10000236:	4770      	bx	lr

10000238 <data_cpy_table>:
10000238:	100095e4 	.word	0x100095e4
1000023c:	200000c0 	.word	0x200000c0
10000240:	200010b8 	.word	0x200010b8
10000244:	1000a5dc 	.word	0x1000a5dc
10000248:	20040000 	.word	0x20040000
1000024c:	20040000 	.word	0x20040000
10000250:	1000a5dc 	.word	0x1000a5dc
10000254:	20041000 	.word	0x20041000
10000258:	20041000 	.word	0x20041000
1000025c:	00000000 	.word	0x00000000
10000260:	4770      	bx	lr
10000262:	0000      	.short	0x0000
10000264:	00000000 	.word	0x00000000
10000268:	e000ed08 	.word	0xe000ed08
1000026c:	d0000000 	.word	0xd0000000
10000270:	200010b8 	.word	0x200010b8
10000274:	20002030 	.word	0x20002030
10000278:	100057ad 	.word	0x100057ad
1000027c:	100002d5 	.word	0x100002d5
10000280:	100057a5 	.word	0x100057a5

10000284 <_init>:
10000284:	b5f8      	push	{r3, r4, r5, r6, r7, lr}
10000286:	46c0      	nop			@ (mov r8, r8)

10000288 <register_tm_clones>:
10000288:	4806      	ldr	r0, [pc, #24]	@ (100002a4 <register_tm_clones+0x1c>)
1000028a:	4907      	ldr	r1, [pc, #28]	@ (100002a8 <register_tm_clones+0x20>)
1000028c:	1a09      	subs	r1, r1, r0
1000028e:	108b      	asrs	r3, r1, #2
10000290:	0fc9      	lsrs	r1, r1, #31
10000292:	18c9      	adds	r1, r1, r3
10000294:	b510      	push	{r4, lr}
10000296:	1049      	asrs	r1, r1, #1
10000298:	d003      	beq.n	100002a2 <register_tm_clones+0x1a>
1000029a:	4b04      	ldr	r3, [pc, #16]	@ (100002ac <register_tm_clones+0x24>)
1000029c:	2b00      	cmp	r3, #0
1000029e:	d000      	beq.n	100002a2 <register_tm_clones+0x1a>
100002a0:	4798      	blx	r3
100002a2:	bd10      	pop	{r4, pc}
100002a4:	200010b8 	.word	0x200010b8
100002a8:	200010b8 	.word	0x200010b8
100002ac:	00000000 	.word	0x00000000

100002b0 <frame_dummy>:
100002b0:	4b05      	ldr	r3, [pc, #20]	@ (100002c8 <frame_dummy+0x18>)
100002b2:	b510      	push	{r4, lr}
100002b4:	2b00      	cmp	r3, #0
100002b6:	d003      	beq.n	100002c0 <frame_dummy+0x10>
100002b8:	4904      	ldr	r1, [pc, #16]	@ (100002cc <frame_dummy+0x1c>)
100002ba:	4805      	ldr	r0, [pc, #20]	@ (100002d0 <frame_dummy+0x20>)
100002bc:	e000      	b.n	100002c0 <frame_dummy+0x10>
100002be:	bf00      	nop
100002c0:	f7ff ffe2 	bl	10000288 <register_tm_clones>
100002c4:	bd10      	pop	{r4, pc}
100002c6:	46c0      	nop			@ (mov r8, r8)
100002c8:	00000000 	.word	0x00000000
100002cc:	20001fc4 	.word	0x20001fc4
100002d0:	10008ab4 	.word	0x10008ab4

100002d4 <main>:
100002d4:	b5f0      	push	{r4, r5, r6, r7, lr}
100002d6:	46de      	mov	lr, fp
100002d8:	4645      	mov	r5, r8
100002da:	4657      	mov	r7, sl
100002dc:	464e      	mov	r6, r9
100002de:	b5e0      	push	{r5, r6, r7, lr}
100002e0:	b0b5      	sub	sp, #212	@ 0xd4
100002e2:	f005 fba1 	bl	10005a28 <stdio_init_all>
100002e6:	20fa      	movs	r0, #250	@ 0xfa
100002e8:	00c0      	lsls	r0, r0, #3
100002ea:	f002 fa15 	bl	10002718 <sleep_ms>
100002ee:	48b3      	ldr	r0, [pc, #716]	@ (100005bc <main+0x2e8>)
100002f0:	f005 fbe8 	bl	10005ac4 <__wrap_puts>
100002f4:	48b2      	ldr	r0, [pc, #712]	@ (100005c0 <main+0x2ec>)
100002f6:	f005 fbe5 	bl	10005ac4 <__wrap_puts>
100002fa:	48b2      	ldr	r0, [pc, #712]	@ (100005c4 <main+0x2f0>)
100002fc:	f005 fbe2 	bl	10005ac4 <__wrap_puts>
10000300:	a811      	add	r0, sp, #68	@ 0x44
10000302:	0002      	movs	r2, r0
10000304:	4bb0      	ldr	r3, [pc, #704]	@ (100005c8 <main+0x2f4>)
10000306:	cb32      	ldmia	r3!, {r1, r4, r5}
10000308:	c232      	stmia	r2!, {r1, r4, r5}
1000030a:	f000 f99f 	bl	1000064c <i2c_helper_init>
1000030e:	2800      	cmp	r0, #0
10000310:	d103      	bne.n	1000031a <main+0x46>
10000312:	48ae      	ldr	r0, [pc, #696]	@ (100005cc <main+0x2f8>)
10000314:	f005 fbd6 	bl	10005ac4 <__wrap_puts>
10000318:	e7fe      	b.n	10000318 <main+0x44>
1000031a:	48ad      	ldr	r0, [pc, #692]	@ (100005d0 <main+0x2fc>)
1000031c:	f005 fbd2 	bl	10005ac4 <__wrap_puts>
10000320:	48ac      	ldr	r0, [pc, #688]	@ (100005d4 <main+0x300>)
10000322:	f005 fbcf 	bl	10005ac4 <__wrap_puts>
10000326:	4dac      	ldr	r5, [pc, #688]	@ (100005d8 <main+0x304>)
10000328:	a914      	add	r1, sp, #80	@ 0x50
1000032a:	0028      	movs	r0, r5
1000032c:	f000 f9c4 	bl	100006b8 <i2c_helper_scan>
10000330:	2800      	cmp	r0, #0
10000332:	d100      	bne.n	10000336 <main+0x62>
10000334:	e13d      	b.n	100005b2 <main+0x2de>
10000336:	2604      	movs	r6, #4
10000338:	2127      	movs	r1, #39	@ 0x27
1000033a:	48a8      	ldr	r0, [pc, #672]	@ (100005dc <main+0x308>)
1000033c:	f005 fc46 	bl	10005bcc <__wrap_printf>
10000340:	4ca7      	ldr	r4, [pc, #668]	@ (100005e0 <main+0x30c>)
10000342:	2314      	movs	r3, #20
10000344:	0029      	movs	r1, r5
10000346:	2227      	movs	r2, #39	@ 0x27
10000348:	0020      	movs	r0, r4
1000034a:	9600      	str	r6, [sp, #0]
1000034c:	f000 fa88 	bl	10000860 <lcd_init>
10000350:	0020      	movs	r0, r4
10000352:	f000 fc5b 	bl	10000c0c <lcd_clear>
10000356:	2200      	movs	r2, #0
10000358:	0020      	movs	r0, r4
1000035a:	0011      	movs	r1, r2
1000035c:	f000 fc94 	bl	10000c88 <lcd_set_cursor>
10000360:	0020      	movs	r0, r4
10000362:	49a0      	ldr	r1, [pc, #640]	@ (100005e4 <main+0x310>)
10000364:	f000 fce2 	bl	10000d2c <lcd_print>
10000368:	2201      	movs	r2, #1
1000036a:	2100      	movs	r1, #0
1000036c:	0020      	movs	r0, r4
1000036e:	f000 fc8b 	bl	10000c88 <lcd_set_cursor>
10000372:	0020      	movs	r0, r4
10000374:	499c      	ldr	r1, [pc, #624]	@ (100005e8 <main+0x314>)
10000376:	f000 fcd9 	bl	10000d2c <lcd_print>
1000037a:	2202      	movs	r2, #2
1000037c:	2100      	movs	r1, #0
1000037e:	0020      	movs	r0, r4
10000380:	f000 fc82 	bl	10000c88 <lcd_set_cursor>
10000384:	4999      	ldr	r1, [pc, #612]	@ (100005ec <main+0x318>)
10000386:	0020      	movs	r0, r4
10000388:	f000 fcd0 	bl	10000d2c <lcd_print>
1000038c:	4898      	ldr	r0, [pc, #608]	@ (100005f0 <main+0x31c>)
1000038e:	f002 f9c3 	bl	10002718 <sleep_ms>
10000392:	4898      	ldr	r0, [pc, #608]	@ (100005f4 <main+0x320>)
10000394:	f005 fb96 	bl	10005ac4 <__wrap_puts>
10000398:	4b97      	ldr	r3, [pc, #604]	@ (100005f8 <main+0x324>)
1000039a:	27b4      	movs	r7, #180	@ 0xb4
1000039c:	469b      	mov	fp, r3
1000039e:	23b4      	movs	r3, #180	@ 0xb4
100003a0:	00db      	lsls	r3, r3, #3
100003a2:	9302      	str	r3, [sp, #8]
100003a4:	4698      	mov	r8, r3
100003a6:	2319      	movs	r3, #25
100003a8:	007f      	lsls	r7, r7, #1
100003aa:	9300      	str	r3, [sp, #0]
100003ac:	4699      	mov	r9, r3
100003ae:	2203      	movs	r2, #3
100003b0:	0033      	movs	r3, r6
100003b2:	4658      	mov	r0, fp
100003b4:	4991      	ldr	r1, [pc, #580]	@ (100005fc <main+0x328>)
100003b6:	9701      	str	r7, [sp, #4]
100003b8:	f000 fe3e 	bl	10001038 <encoder_init>
100003bc:	1e05      	subs	r5, r0, #0
100003be:	d10f      	bne.n	100003e0 <main+0x10c>
100003c0:	488f      	ldr	r0, [pc, #572]	@ (10000600 <main+0x32c>)
100003c2:	f005 fb7f 	bl	10005ac4 <__wrap_puts>
100003c6:	0020      	movs	r0, r4
100003c8:	f000 fc20 	bl	10000c0c <lcd_clear>
100003cc:	0029      	movs	r1, r5
100003ce:	0020      	movs	r0, r4
100003d0:	002a      	movs	r2, r5
100003d2:	f000 fc59 	bl	10000c88 <lcd_set_cursor>
100003d6:	0020      	movs	r0, r4
100003d8:	498a      	ldr	r1, [pc, #552]	@ (10000604 <main+0x330>)
100003da:	f000 fca7 	bl	10000d2c <lcd_print>
100003de:	e7fe      	b.n	100003de <main+0x10a>
100003e0:	4889      	ldr	r0, [pc, #548]	@ (10000608 <main+0x334>)
100003e2:	f005 fb6f 	bl	10005ac4 <__wrap_puts>
100003e6:	464b      	mov	r3, r9
100003e8:	0032      	movs	r2, r6
100003ea:	2103      	movs	r1, #3
100003ec:	4887      	ldr	r0, [pc, #540]	@ (1000060c <main+0x338>)
100003ee:	f005 fbed 	bl	10005bcc <__wrap_printf>
100003f2:	4642      	mov	r2, r8
100003f4:	0039      	movs	r1, r7
100003f6:	4886      	ldr	r0, [pc, #536]	@ (10000610 <main+0x33c>)
100003f8:	f005 fbe8 	bl	10005bcc <__wrap_printf>
100003fc:	0020      	movs	r0, r4
100003fe:	f000 fc05 	bl	10000c0c <lcd_clear>
10000402:	2200      	movs	r2, #0
10000404:	0020      	movs	r0, r4
10000406:	0011      	movs	r1, r2
10000408:	f000 fc3e 	bl	10000c88 <lcd_set_cursor>
1000040c:	0020      	movs	r0, r4
1000040e:	4981      	ldr	r1, [pc, #516]	@ (10000614 <main+0x340>)
10000410:	f000 fc8c 	bl	10000d2c <lcd_print>
10000414:	20fa      	movs	r0, #250	@ 0xfa
10000416:	0080      	lsls	r0, r0, #2
10000418:	f002 f97e 	bl	10002718 <sleep_ms>
1000041c:	4b7e      	ldr	r3, [pc, #504]	@ (10000618 <main+0x344>)
1000041e:	4d7f      	ldr	r5, [pc, #508]	@ (1000061c <main+0x348>)
10000420:	9306      	str	r3, [sp, #24]
10000422:	4b7f      	ldr	r3, [pc, #508]	@ (10000620 <main+0x34c>)
10000424:	9307      	str	r3, [sp, #28]
10000426:	4b7f      	ldr	r3, [pc, #508]	@ (10000624 <main+0x350>)
10000428:	469a      	mov	sl, r3
1000042a:	4b7f      	ldr	r3, [pc, #508]	@ (10000628 <main+0x354>)
1000042c:	930f      	str	r3, [sp, #60]	@ 0x3c
1000042e:	4b7f      	ldr	r3, [pc, #508]	@ (1000062c <main+0x358>)
10000430:	930e      	str	r3, [sp, #56]	@ 0x38
10000432:	4b7f      	ldr	r3, [pc, #508]	@ (10000630 <main+0x35c>)
10000434:	9308      	str	r3, [sp, #32]
10000436:	4b7f      	ldr	r3, [pc, #508]	@ (10000634 <main+0x360>)
10000438:	9309      	str	r3, [sp, #36]	@ 0x24
1000043a:	4b7f      	ldr	r3, [pc, #508]	@ (10000638 <main+0x364>)
1000043c:	930a      	str	r3, [sp, #40]	@ 0x28
1000043e:	4b7f      	ldr	r3, [pc, #508]	@ (1000063c <main+0x368>)
10000440:	930b      	str	r3, [sp, #44]	@ 0x2c
10000442:	4b7f      	ldr	r3, [pc, #508]	@ (10000640 <main+0x36c>)
10000444:	930c      	str	r3, [sp, #48]	@ 0x30
10000446:	4b7f      	ldr	r3, [pc, #508]	@ (10000644 <main+0x370>)
10000448:	930d      	str	r3, [sp, #52]	@ 0x34
1000044a:	465b      	mov	r3, fp
1000044c:	9305      	str	r3, [sp, #20]
1000044e:	9e05      	ldr	r6, [sp, #20]
10000450:	27d0      	movs	r7, #208	@ 0xd0
10000452:	0030      	movs	r0, r6
10000454:	f000 ff12 	bl	1000127c <encoder_process>
10000458:	0030      	movs	r0, r6
1000045a:	f000 ff9f 	bl	1000139c <encoder_calculate_rpm>
1000045e:	9806      	ldr	r0, [sp, #24]
10000460:	f005 fb30 	bl	10005ac4 <__wrap_puts>
10000464:	260a      	movs	r6, #10
10000466:	063f      	lsls	r7, r7, #24
10000468:	6879      	ldr	r1, [r7, #4]
1000046a:	687a      	ldr	r2, [r7, #4]
1000046c:	687b      	ldr	r3, [r7, #4]
1000046e:	06d2      	lsls	r2, r2, #27
10000470:	019b      	lsls	r3, r3, #6
10000472:	0709      	lsls	r1, r1, #28
10000474:	0fdb      	lsrs	r3, r3, #31
10000476:	0fd2      	lsrs	r2, r2, #31
10000478:	0fc9      	lsrs	r1, r1, #31
1000047a:	0028      	movs	r0, r5
1000047c:	f005 fba6 	bl	10005bcc <__wrap_printf>
10000480:	3e01      	subs	r6, #1
10000482:	20c8      	movs	r0, #200	@ 0xc8
10000484:	f002 f948 	bl	10002718 <sleep_ms>
10000488:	2e00      	cmp	r6, #0
1000048a:	d1ed      	bne.n	10000468 <main+0x194>
1000048c:	9807      	ldr	r0, [sp, #28]
1000048e:	f005 fb19 	bl	10005ac4 <__wrap_puts>
10000492:	20fa      	movs	r0, #250	@ 0xfa
10000494:	00c0      	lsls	r0, r0, #3
10000496:	f002 f93f 	bl	10002718 <sleep_ms>
1000049a:	9b05      	ldr	r3, [sp, #20]
1000049c:	0018      	movs	r0, r3
1000049e:	469b      	mov	fp, r3
100004a0:	f000 ff70 	bl	10001384 <encoder_get_count>
100004a4:	4681      	mov	r9, r0
100004a6:	4658      	mov	r0, fp
100004a8:	f000 ff6e 	bl	10001388 <encoder_get_revolutions>
100004ac:	4680      	mov	r8, r0
100004ae:	4658      	mov	r0, fp
100004b0:	f000 ff6c 	bl	1000138c <encoder_get_pulses_this_rev>
100004b4:	0007      	movs	r7, r0
100004b6:	4658      	mov	r0, fp
100004b8:	f000 ff6a 	bl	10001390 <encoder_get_direction>
100004bc:	0006      	movs	r6, r0
100004be:	4658      	mov	r0, fp
100004c0:	f000 ff6a 	bl	10001398 <encoder_get_rpm>
100004c4:	9004      	str	r0, [sp, #16]
100004c6:	f002 fa3d 	bl	10002944 <time_us_64>
100004ca:	2900      	cmp	r1, #0
100004cc:	d06c      	beq.n	100005a8 <main+0x2d4>
100004ce:	22fa      	movs	r2, #250	@ 0xfa
100004d0:	2300      	movs	r3, #0
100004d2:	0092      	lsls	r2, r2, #2
100004d4:	f002 fdd6 	bl	10003084 <__wrap___aeabi_uldivmod>
100004d8:	4653      	mov	r3, sl
100004da:	681b      	ldr	r3, [r3, #0]
100004dc:	1ac3      	subs	r3, r0, r3
100004de:	2b63      	cmp	r3, #99	@ 0x63
100004e0:	d95e      	bls.n	100005a0 <main+0x2cc>
100004e2:	4653      	mov	r3, sl
100004e4:	6018      	str	r0, [r3, #0]
100004e6:	9804      	ldr	r0, [sp, #16]
100004e8:	f003 fc28 	bl	10003d3c <__wrap___aeabi_f2d>
100004ec:	9b0e      	ldr	r3, [sp, #56]	@ 0x38
100004ee:	469b      	mov	fp, r3
100004f0:	2e00      	cmp	r6, #0
100004f2:	d001      	beq.n	100004f8 <main+0x224>
100004f4:	9b0f      	ldr	r3, [sp, #60]	@ 0x3c
100004f6:	469b      	mov	fp, r3
100004f8:	465b      	mov	r3, fp
100004fa:	4642      	mov	r2, r8
100004fc:	9000      	str	r0, [sp, #0]
100004fe:	9101      	str	r1, [sp, #4]
10000500:	9302      	str	r3, [sp, #8]
10000502:	4649      	mov	r1, r9
10000504:	003b      	movs	r3, r7
10000506:	9808      	ldr	r0, [sp, #32]
10000508:	f005 fb60 	bl	10005bcc <__wrap_printf>
1000050c:	0020      	movs	r0, r4
1000050e:	f000 fb7d 	bl	10000c0c <lcd_clear>
10000512:	2200      	movs	r2, #0
10000514:	2100      	movs	r1, #0
10000516:	0020      	movs	r0, r4
10000518:	f000 fbb6 	bl	10000c88 <lcd_set_cursor>
1000051c:	0020      	movs	r0, r4
1000051e:	9909      	ldr	r1, [sp, #36]	@ 0x24
10000520:	f000 fc04 	bl	10000d2c <lcd_print>
10000524:	4649      	mov	r1, r9
10000526:	0020      	movs	r0, r4
10000528:	f000 fc62 	bl	10000df0 <lcd_print_int>
1000052c:	2201      	movs	r2, #1
1000052e:	2100      	movs	r1, #0
10000530:	0020      	movs	r0, r4
10000532:	f000 fba9 	bl	10000c88 <lcd_set_cursor>
10000536:	0020      	movs	r0, r4
10000538:	990a      	ldr	r1, [sp, #40]	@ 0x28
1000053a:	f000 fbf7 	bl	10000d2c <lcd_print>
1000053e:	4641      	mov	r1, r8
10000540:	0020      	movs	r0, r4
10000542:	f000 fc55 	bl	10000df0 <lcd_print_int>
10000546:	2201      	movs	r2, #1
10000548:	210e      	movs	r1, #14
1000054a:	0020      	movs	r0, r4
1000054c:	f000 fb9c 	bl	10000c88 <lcd_set_cursor>
10000550:	4659      	mov	r1, fp
10000552:	0020      	movs	r0, r4
10000554:	f000 fbea 	bl	10000d2c <lcd_print>
10000558:	2202      	movs	r2, #2
1000055a:	2100      	movs	r1, #0
1000055c:	0020      	movs	r0, r4
1000055e:	f000 fb93 	bl	10000c88 <lcd_set_cursor>
10000562:	0020      	movs	r0, r4
10000564:	990b      	ldr	r1, [sp, #44]	@ 0x2c
10000566:	f000 fbe1 	bl	10000d2c <lcd_print>
1000056a:	0039      	movs	r1, r7
1000056c:	0020      	movs	r0, r4
1000056e:	f000 fc3f 	bl	10000df0 <lcd_print_int>
10000572:	0020      	movs	r0, r4
10000574:	990c      	ldr	r1, [sp, #48]	@ 0x30
10000576:	f000 fbd9 	bl	10000d2c <lcd_print>
1000057a:	21b4      	movs	r1, #180	@ 0xb4
1000057c:	0020      	movs	r0, r4
1000057e:	00c9      	lsls	r1, r1, #3
10000580:	f000 fc36 	bl	10000df0 <lcd_print_int>
10000584:	2203      	movs	r2, #3
10000586:	2100      	movs	r1, #0
10000588:	0020      	movs	r0, r4
1000058a:	f000 fb7d 	bl	10000c88 <lcd_set_cursor>
1000058e:	0020      	movs	r0, r4
10000590:	990d      	ldr	r1, [sp, #52]	@ 0x34
10000592:	f000 fbcb 	bl	10000d2c <lcd_print>
10000596:	2201      	movs	r2, #1
10000598:	0020      	movs	r0, r4
1000059a:	9904      	ldr	r1, [sp, #16]
1000059c:	f000 fc94 	bl	10000ec8 <lcd_print_float>
100005a0:	200a      	movs	r0, #10
100005a2:	f002 f8b9 	bl	10002718 <sleep_ms>
100005a6:	e752      	b.n	1000044e <main+0x17a>
100005a8:	21fa      	movs	r1, #250	@ 0xfa
100005aa:	0089      	lsls	r1, r1, #2
100005ac:	f002 fd2c 	bl	10003008 <__wrap___aeabi_uidiv>
100005b0:	e792      	b.n	100004d8 <main+0x204>
100005b2:	4825      	ldr	r0, [pc, #148]	@ (10000648 <main+0x374>)
100005b4:	f005 fa86 	bl	10005ac4 <__wrap_puts>
100005b8:	e6bd      	b.n	10000336 <main+0x62>
100005ba:	46c0      	nop			@ (mov r8, r8)
100005bc:	10008ac0 	.word	0x10008ac0
100005c0:	10008ae8 	.word	0x10008ae8
100005c4:	10008b08 	.word	0x10008b08
100005c8:	100090f4 	.word	0x100090f4
100005cc:	10008b2c 	.word	0x10008b2c
100005d0:	10008b50 	.word	0x10008b50
100005d4:	10008b70 	.word	0x10008b70
100005d8:	200010a8 	.word	0x200010a8
100005dc:	10008ba4 	.word	0x10008ba4
100005e0:	20001fb4 	.word	0x20001fb4
100005e4:	10008bcc 	.word	0x10008bcc
100005e8:	10008bdc 	.word	0x10008bdc
100005ec:	10008be8 	.word	0x10008be8
100005f0:	000005dc 	.word	0x000005dc
100005f4:	10008bf8 	.word	0x10008bf8
100005f8:	20001238 	.word	0x20001238
100005fc:	50200000 	.word	0x50200000
10000600:	10008c14 	.word	0x10008c14
10000604:	10008c40 	.word	0x10008c40
10000608:	10008c54 	.word	0x10008c54
1000060c:	10008c7c 	.word	0x10008c7c
10000610:	10008ca0 	.word	0x10008ca0
10000614:	10008cb8 	.word	0x10008cb8
10000618:	10008cc0 	.word	0x10008cc0
1000061c:	10008ce0 	.word	0x10008ce0
10000620:	10008d00 	.word	0x10008d00
10000624:	20001fa4 	.word	0x20001fa4
10000628:	10008ab8 	.word	0x10008ab8
1000062c:	10008abc 	.word	0x10008abc
10000630:	10008d2c 	.word	0x10008d2c
10000634:	10008d64 	.word	0x10008d64
10000638:	10008d6c 	.word	0x10008d6c
1000063c:	10008d74 	.word	0x10008d74
10000640:	10008d7c 	.word	0x10008d7c
10000644:	10008d80 	.word	0x10008d80
10000648:	10008b84 	.word	0x10008b84

1000064c <i2c_helper_init>:
1000064c:	b510      	push	{r4, lr}
1000064e:	1e04      	subs	r4, r0, #0
10000650:	d019      	beq.n	10000686 <i2c_helper_init+0x3a>
10000652:	6800      	ldr	r0, [r0, #0]
10000654:	2800      	cmp	r0, #0
10000656:	d016      	beq.n	10000686 <i2c_helper_init+0x3a>
10000658:	68a1      	ldr	r1, [r4, #8]
1000065a:	f008 f93d 	bl	100088d8 <i2c_init>
1000065e:	2103      	movs	r1, #3
10000660:	7920      	ldrb	r0, [r4, #4]
10000662:	f001 f843 	bl	100016ec <gpio_set_function>
10000666:	2103      	movs	r1, #3
10000668:	7960      	ldrb	r0, [r4, #5]
1000066a:	f001 f83f 	bl	100016ec <gpio_set_function>
1000066e:	2200      	movs	r2, #0
10000670:	2101      	movs	r1, #1
10000672:	7920      	ldrb	r0, [r4, #4]
10000674:	f001 f854 	bl	10001720 <gpio_set_pulls>
10000678:	7960      	ldrb	r0, [r4, #5]
1000067a:	2200      	movs	r2, #0
1000067c:	2101      	movs	r1, #1
1000067e:	f001 f84f 	bl	10001720 <gpio_set_pulls>
10000682:	2001      	movs	r0, #1
10000684:	bd10      	pop	{r4, pc}
10000686:	2000      	movs	r0, #0
10000688:	e7fc      	b.n	10000684 <i2c_helper_init+0x38>
1000068a:	46c0      	nop			@ (mov r8, r8)

1000068c <i2c_helper_write_byte>:
1000068c:	b510      	push	{r4, lr}
1000068e:	240f      	movs	r4, #15
10000690:	b084      	sub	sp, #16
10000692:	446c      	add	r4, sp
10000694:	7022      	strb	r2, [r4, #0]
10000696:	2800      	cmp	r0, #0
10000698:	d00b      	beq.n	100006b2 <i2c_helper_write_byte+0x26>
1000069a:	2300      	movs	r3, #0
1000069c:	0022      	movs	r2, r4
1000069e:	9300      	str	r3, [sp, #0]
100006a0:	3301      	adds	r3, #1
100006a2:	f008 f941 	bl	10008928 <i2c_write_blocking>
100006a6:	3801      	subs	r0, #1
100006a8:	4243      	negs	r3, r0
100006aa:	4158      	adcs	r0, r3
100006ac:	b2c0      	uxtb	r0, r0
100006ae:	b004      	add	sp, #16
100006b0:	bd10      	pop	{r4, pc}
100006b2:	2000      	movs	r0, #0
100006b4:	e7fb      	b.n	100006ae <i2c_helper_write_byte+0x22>
100006b6:	46c0      	nop			@ (mov r8, r8)

100006b8 <i2c_helper_scan>:
100006b8:	b5f0      	push	{r4, r5, r6, r7, lr}
100006ba:	46de      	mov	lr, fp
100006bc:	4657      	mov	r7, sl
100006be:	4645      	mov	r5, r8
100006c0:	464e      	mov	r6, r9
100006c2:	468a      	mov	sl, r1
100006c4:	b5e0      	push	{r5, r6, r7, lr}
100006c6:	4680      	mov	r8, r0
100006c8:	b087      	sub	sp, #28
100006ca:	4858      	ldr	r0, [pc, #352]	@ (1000082c <i2c_helper_scan+0x174>)
100006cc:	f005 f9fa 	bl	10005ac4 <__wrap_puts>
100006d0:	4857      	ldr	r0, [pc, #348]	@ (10000830 <i2c_helper_scan+0x178>)
100006d2:	f005 f9f7 	bl	10005ac4 <__wrap_puts>
100006d6:	4653      	mov	r3, sl
100006d8:	2400      	movs	r4, #0
100006da:	2700      	movs	r7, #0
100006dc:	2b00      	cmp	r3, #0
100006de:	d059      	beq.n	10000794 <i2c_helper_scan+0xdc>
100006e0:	4b54      	ldr	r3, [pc, #336]	@ (10000834 <i2c_helper_scan+0x17c>)
100006e2:	9303      	str	r3, [sp, #12]
100006e4:	4b54      	ldr	r3, [pc, #336]	@ (10000838 <i2c_helper_scan+0x180>)
100006e6:	469b      	mov	fp, r3
100006e8:	4b54      	ldr	r3, [pc, #336]	@ (1000083c <i2c_helper_scan+0x184>)
100006ea:	4699      	mov	r9, r3
100006ec:	230f      	movs	r3, #15
100006ee:	2578      	movs	r5, #120	@ 0x78
100006f0:	001e      	movs	r6, r3
100006f2:	4025      	ands	r5, r4
100006f4:	4026      	ands	r6, r4
100006f6:	4223      	tst	r3, r4
100006f8:	d017      	beq.n	1000072a <i2c_helper_scan+0x72>
100006fa:	2d00      	cmp	r5, #0
100006fc:	d036      	beq.n	1000076c <i2c_helper_scan+0xb4>
100006fe:	2d78      	cmp	r5, #120	@ 0x78
10000700:	d119      	bne.n	10000736 <i2c_helper_scan+0x7e>
10000702:	4648      	mov	r0, r9
10000704:	f005 fa62 	bl	10005bcc <__wrap_printf>
10000708:	2e0f      	cmp	r6, #15
1000070a:	d039      	beq.n	10000780 <i2c_helper_scan+0xc8>
1000070c:	3401      	adds	r4, #1
1000070e:	2c80      	cmp	r4, #128	@ 0x80
10000710:	d1ec      	bne.n	100006ec <i2c_helper_scan+0x34>
10000712:	0039      	movs	r1, r7
10000714:	484a      	ldr	r0, [pc, #296]	@ (10000840 <i2c_helper_scan+0x188>)
10000716:	f005 fa59 	bl	10005bcc <__wrap_printf>
1000071a:	0038      	movs	r0, r7
1000071c:	b007      	add	sp, #28
1000071e:	bcf0      	pop	{r4, r5, r6, r7}
10000720:	46bb      	mov	fp, r7
10000722:	46b2      	mov	sl, r6
10000724:	46a9      	mov	r9, r5
10000726:	46a0      	mov	r8, r4
10000728:	bdf0      	pop	{r4, r5, r6, r7, pc}
1000072a:	0021      	movs	r1, r4
1000072c:	4842      	ldr	r0, [pc, #264]	@ (10000838 <i2c_helper_scan+0x180>)
1000072e:	f005 fa4d 	bl	10005bcc <__wrap_printf>
10000732:	2d00      	cmp	r5, #0
10000734:	d028      	beq.n	10000788 <i2c_helper_scan+0xd0>
10000736:	a902      	add	r1, sp, #8
10000738:	2300      	movs	r3, #0
1000073a:	468c      	mov	ip, r1
1000073c:	220f      	movs	r2, #15
1000073e:	b2e5      	uxtb	r5, r4
10000740:	9300      	str	r3, [sp, #0]
10000742:	0029      	movs	r1, r5
10000744:	4640      	mov	r0, r8
10000746:	3301      	adds	r3, #1
10000748:	4462      	add	r2, ip
1000074a:	f008 f8f7 	bl	1000893c <i2c_read_blocking>
1000074e:	2800      	cmp	r0, #0
10000750:	db12      	blt.n	10000778 <i2c_helper_scan+0xc0>
10000752:	0021      	movs	r1, r4
10000754:	4658      	mov	r0, fp
10000756:	f005 fa39 	bl	10005bcc <__wrap_printf>
1000075a:	4653      	mov	r3, sl
1000075c:	55dd      	strb	r5, [r3, r7]
1000075e:	3701      	adds	r7, #1
10000760:	2e0f      	cmp	r6, #15
10000762:	d1d3      	bne.n	1000070c <i2c_helper_scan+0x54>
10000764:	200a      	movs	r0, #10
10000766:	f005 f963 	bl	10005a30 <__wrap_putchar>
1000076a:	e7cf      	b.n	1000070c <i2c_helper_scan+0x54>
1000076c:	4d33      	ldr	r5, [pc, #204]	@ (1000083c <i2c_helper_scan+0x184>)
1000076e:	0028      	movs	r0, r5
10000770:	f005 fa2c 	bl	10005bcc <__wrap_printf>
10000774:	3401      	adds	r4, #1
10000776:	e7b9      	b.n	100006ec <i2c_helper_scan+0x34>
10000778:	9803      	ldr	r0, [sp, #12]
1000077a:	f005 fa27 	bl	10005bcc <__wrap_printf>
1000077e:	e7ef      	b.n	10000760 <i2c_helper_scan+0xa8>
10000780:	200a      	movs	r0, #10
10000782:	f005 f955 	bl	10005a30 <__wrap_putchar>
10000786:	e7c4      	b.n	10000712 <i2c_helper_scan+0x5a>
10000788:	4d2c      	ldr	r5, [pc, #176]	@ (1000083c <i2c_helper_scan+0x184>)
1000078a:	2401      	movs	r4, #1
1000078c:	0028      	movs	r0, r5
1000078e:	f005 fa1d 	bl	10005bcc <__wrap_printf>
10000792:	e7ec      	b.n	1000076e <i2c_helper_scan+0xb6>
10000794:	4b28      	ldr	r3, [pc, #160]	@ (10000838 <i2c_helper_scan+0x180>)
10000796:	469a      	mov	sl, r3
10000798:	4b28      	ldr	r3, [pc, #160]	@ (1000083c <i2c_helper_scan+0x184>)
1000079a:	4699      	mov	r9, r3
1000079c:	230f      	movs	r3, #15
1000079e:	2578      	movs	r5, #120	@ 0x78
100007a0:	001e      	movs	r6, r3
100007a2:	4025      	ands	r5, r4
100007a4:	4026      	ands	r6, r4
100007a6:	4223      	tst	r3, r4
100007a8:	d012      	beq.n	100007d0 <i2c_helper_scan+0x118>
100007aa:	2d00      	cmp	r5, #0
100007ac:	d02e      	beq.n	1000080c <i2c_helper_scan+0x154>
100007ae:	2d78      	cmp	r5, #120	@ 0x78
100007b0:	d114      	bne.n	100007dc <i2c_helper_scan+0x124>
100007b2:	4648      	mov	r0, r9
100007b4:	f005 fa0a 	bl	10005bcc <__wrap_printf>
100007b8:	2e0f      	cmp	r6, #15
100007ba:	d0e1      	beq.n	10000780 <i2c_helper_scan+0xc8>
100007bc:	3401      	adds	r4, #1
100007be:	2c80      	cmp	r4, #128	@ 0x80
100007c0:	d0a7      	beq.n	10000712 <i2c_helper_scan+0x5a>
100007c2:	230f      	movs	r3, #15
100007c4:	2578      	movs	r5, #120	@ 0x78
100007c6:	001e      	movs	r6, r3
100007c8:	4025      	ands	r5, r4
100007ca:	4026      	ands	r6, r4
100007cc:	4223      	tst	r3, r4
100007ce:	d1ec      	bne.n	100007aa <i2c_helper_scan+0xf2>
100007d0:	0021      	movs	r1, r4
100007d2:	4650      	mov	r0, sl
100007d4:	f005 f9fa 	bl	10005bcc <__wrap_printf>
100007d8:	2d00      	cmp	r5, #0
100007da:	d021      	beq.n	10000820 <i2c_helper_scan+0x168>
100007dc:	a802      	add	r0, sp, #8
100007de:	2300      	movs	r3, #0
100007e0:	4684      	mov	ip, r0
100007e2:	220f      	movs	r2, #15
100007e4:	9300      	str	r3, [sp, #0]
100007e6:	4640      	mov	r0, r8
100007e8:	b2e1      	uxtb	r1, r4
100007ea:	3301      	adds	r3, #1
100007ec:	4462      	add	r2, ip
100007ee:	f008 f8a5 	bl	1000893c <i2c_read_blocking>
100007f2:	2800      	cmp	r0, #0
100007f4:	db10      	blt.n	10000818 <i2c_helper_scan+0x160>
100007f6:	0021      	movs	r1, r4
100007f8:	480f      	ldr	r0, [pc, #60]	@ (10000838 <i2c_helper_scan+0x180>)
100007fa:	f005 f9e7 	bl	10005bcc <__wrap_printf>
100007fe:	3701      	adds	r7, #1
10000800:	2e0f      	cmp	r6, #15
10000802:	d1db      	bne.n	100007bc <i2c_helper_scan+0x104>
10000804:	200a      	movs	r0, #10
10000806:	f005 f913 	bl	10005a30 <__wrap_putchar>
1000080a:	e7d7      	b.n	100007bc <i2c_helper_scan+0x104>
1000080c:	4d0b      	ldr	r5, [pc, #44]	@ (1000083c <i2c_helper_scan+0x184>)
1000080e:	0028      	movs	r0, r5
10000810:	f005 f9dc 	bl	10005bcc <__wrap_printf>
10000814:	3401      	adds	r4, #1
10000816:	e7c1      	b.n	1000079c <i2c_helper_scan+0xe4>
10000818:	4806      	ldr	r0, [pc, #24]	@ (10000834 <i2c_helper_scan+0x17c>)
1000081a:	f005 f9d7 	bl	10005bcc <__wrap_printf>
1000081e:	e7ef      	b.n	10000800 <i2c_helper_scan+0x148>
10000820:	4648      	mov	r0, r9
10000822:	464d      	mov	r5, r9
10000824:	f005 f9d2 	bl	10005bcc <__wrap_printf>
10000828:	2401      	movs	r4, #1
1000082a:	e7f0      	b.n	1000080e <i2c_helper_scan+0x156>
1000082c:	10008d88 	.word	0x10008d88
10000830:	10008d98 	.word	0x10008d98
10000834:	10008dd4 	.word	0x10008dd4
10000838:	10008dcc 	.word	0x10008dcc
1000083c:	10008dd8 	.word	0x10008dd8
10000840:	10008ddc 	.word	0x10008ddc

10000844 <i2c_helper_device_present>:
10000844:	2300      	movs	r3, #0
10000846:	220f      	movs	r2, #15
10000848:	b500      	push	{lr}
1000084a:	b085      	sub	sp, #20
1000084c:	9300      	str	r3, [sp, #0]
1000084e:	446a      	add	r2, sp
10000850:	3301      	adds	r3, #1
10000852:	f008 f873 	bl	1000893c <i2c_read_blocking>
10000856:	43c0      	mvns	r0, r0
10000858:	0fc0      	lsrs	r0, r0, #31
1000085a:	b005      	add	sp, #20
1000085c:	bd00      	pop	{pc}
1000085e:	46c0      	nop			@ (mov r8, r8)

10000860 <lcd_init>:
10000860:	b5f0      	push	{r4, r5, r6, r7, lr}
10000862:	46c6      	mov	lr, r8
10000864:	b500      	push	{lr}
10000866:	0015      	movs	r5, r2
10000868:	466a      	mov	r2, sp
1000086a:	7143      	strb	r3, [r0, #5]
1000086c:	2308      	movs	r3, #8
1000086e:	000e      	movs	r6, r1
10000870:	7e12      	ldrb	r2, [r2, #24]
10000872:	6001      	str	r1, [r0, #0]
10000874:	7105      	strb	r5, [r0, #4]
10000876:	7182      	strb	r2, [r0, #6]
10000878:	71c3      	strb	r3, [r0, #7]
1000087a:	0004      	movs	r4, r0
1000087c:	2032      	movs	r0, #50	@ 0x32
1000087e:	f001 ff4b 	bl	10002718 <sleep_ms>
10000882:	0029      	movs	r1, r5
10000884:	0030      	movs	r0, r6
10000886:	f7ff ffdd 	bl	10000844 <i2c_helper_device_present>
1000088a:	2800      	cmp	r0, #0
1000088c:	d100      	bne.n	10000890 <lcd_init+0x30>
1000088e:	e1b6      	b.n	10000bfe <lcd_init+0x39e>
10000890:	79e2      	ldrb	r2, [r4, #7]
10000892:	7921      	ldrb	r1, [r4, #4]
10000894:	6820      	ldr	r0, [r4, #0]
10000896:	f7ff fef9 	bl	1000068c <i2c_helper_write_byte>
1000089a:	20fa      	movs	r0, #250	@ 0xfa
1000089c:	2530      	movs	r5, #48	@ 0x30
1000089e:	2634      	movs	r6, #52	@ 0x34
100008a0:	0080      	lsls	r0, r0, #2
100008a2:	f001 ff39 	bl	10002718 <sleep_ms>
100008a6:	79e2      	ldrb	r2, [r4, #7]
100008a8:	7921      	ldrb	r1, [r4, #4]
100008aa:	432a      	orrs	r2, r5
100008ac:	b2d2      	uxtb	r2, r2
100008ae:	6820      	ldr	r0, [r4, #0]
100008b0:	f7ff feec 	bl	1000068c <i2c_helper_write_byte>
100008b4:	79e2      	ldrb	r2, [r4, #7]
100008b6:	7921      	ldrb	r1, [r4, #4]
100008b8:	4332      	orrs	r2, r6
100008ba:	b2d2      	uxtb	r2, r2
100008bc:	6820      	ldr	r0, [r4, #0]
100008be:	f7ff fee5 	bl	1000068c <i2c_helper_write_byte>
100008c2:	2001      	movs	r0, #1
100008c4:	2100      	movs	r1, #0
100008c6:	f001 feb1 	bl	1000262c <sleep_us>
100008ca:	79e2      	ldrb	r2, [r4, #7]
100008cc:	7921      	ldrb	r1, [r4, #4]
100008ce:	432a      	orrs	r2, r5
100008d0:	b2d2      	uxtb	r2, r2
100008d2:	6820      	ldr	r0, [r4, #0]
100008d4:	f7ff feda 	bl	1000068c <i2c_helper_write_byte>
100008d8:	2100      	movs	r1, #0
100008da:	2032      	movs	r0, #50	@ 0x32
100008dc:	f001 fea6 	bl	1000262c <sleep_us>
100008e0:	2005      	movs	r0, #5
100008e2:	f001 ff19 	bl	10002718 <sleep_ms>
100008e6:	79e2      	ldrb	r2, [r4, #7]
100008e8:	7921      	ldrb	r1, [r4, #4]
100008ea:	432a      	orrs	r2, r5
100008ec:	b2d2      	uxtb	r2, r2
100008ee:	6820      	ldr	r0, [r4, #0]
100008f0:	f7ff fecc 	bl	1000068c <i2c_helper_write_byte>
100008f4:	79e2      	ldrb	r2, [r4, #7]
100008f6:	7921      	ldrb	r1, [r4, #4]
100008f8:	4332      	orrs	r2, r6
100008fa:	b2d2      	uxtb	r2, r2
100008fc:	6820      	ldr	r0, [r4, #0]
100008fe:	f7ff fec5 	bl	1000068c <i2c_helper_write_byte>
10000902:	2001      	movs	r0, #1
10000904:	2100      	movs	r1, #0
10000906:	f001 fe91 	bl	1000262c <sleep_us>
1000090a:	79e2      	ldrb	r2, [r4, #7]
1000090c:	7921      	ldrb	r1, [r4, #4]
1000090e:	432a      	orrs	r2, r5
10000910:	b2d2      	uxtb	r2, r2
10000912:	6820      	ldr	r0, [r4, #0]
10000914:	f7ff feba 	bl	1000068c <i2c_helper_write_byte>
10000918:	2032      	movs	r0, #50	@ 0x32
1000091a:	2100      	movs	r1, #0
1000091c:	f001 fe86 	bl	1000262c <sleep_us>
10000920:	2096      	movs	r0, #150	@ 0x96
10000922:	2100      	movs	r1, #0
10000924:	f001 fe82 	bl	1000262c <sleep_us>
10000928:	79e2      	ldrb	r2, [r4, #7]
1000092a:	7921      	ldrb	r1, [r4, #4]
1000092c:	432a      	orrs	r2, r5
1000092e:	b2d2      	uxtb	r2, r2
10000930:	6820      	ldr	r0, [r4, #0]
10000932:	f7ff feab 	bl	1000068c <i2c_helper_write_byte>
10000936:	79e2      	ldrb	r2, [r4, #7]
10000938:	7921      	ldrb	r1, [r4, #4]
1000093a:	4332      	orrs	r2, r6
1000093c:	b2d2      	uxtb	r2, r2
1000093e:	6820      	ldr	r0, [r4, #0]
10000940:	f7ff fea4 	bl	1000068c <i2c_helper_write_byte>
10000944:	2001      	movs	r0, #1
10000946:	2100      	movs	r1, #0
10000948:	f001 fe70 	bl	1000262c <sleep_us>
1000094c:	79e2      	ldrb	r2, [r4, #7]
1000094e:	2724      	movs	r7, #36	@ 0x24
10000950:	432a      	orrs	r2, r5
10000952:	2520      	movs	r5, #32
10000954:	b2d2      	uxtb	r2, r2
10000956:	7921      	ldrb	r1, [r4, #4]
10000958:	6820      	ldr	r0, [r4, #0]
1000095a:	f7ff fe97 	bl	1000068c <i2c_helper_write_byte>
1000095e:	2680      	movs	r6, #128	@ 0x80
10000960:	2032      	movs	r0, #50	@ 0x32
10000962:	2100      	movs	r1, #0
10000964:	f001 fe62 	bl	1000262c <sleep_us>
10000968:	2096      	movs	r0, #150	@ 0x96
1000096a:	2100      	movs	r1, #0
1000096c:	f001 fe5e 	bl	1000262c <sleep_us>
10000970:	79e2      	ldrb	r2, [r4, #7]
10000972:	7921      	ldrb	r1, [r4, #4]
10000974:	432a      	orrs	r2, r5
10000976:	b2d2      	uxtb	r2, r2
10000978:	6820      	ldr	r0, [r4, #0]
1000097a:	f7ff fe87 	bl	1000068c <i2c_helper_write_byte>
1000097e:	79e2      	ldrb	r2, [r4, #7]
10000980:	7921      	ldrb	r1, [r4, #4]
10000982:	433a      	orrs	r2, r7
10000984:	b2d2      	uxtb	r2, r2
10000986:	6820      	ldr	r0, [r4, #0]
10000988:	f7ff fe80 	bl	1000068c <i2c_helper_write_byte>
1000098c:	2001      	movs	r0, #1
1000098e:	2100      	movs	r1, #0
10000990:	f001 fe4c 	bl	1000262c <sleep_us>
10000994:	79e2      	ldrb	r2, [r4, #7]
10000996:	7921      	ldrb	r1, [r4, #4]
10000998:	432a      	orrs	r2, r5
1000099a:	b2d2      	uxtb	r2, r2
1000099c:	6820      	ldr	r0, [r4, #0]
1000099e:	f7ff fe75 	bl	1000068c <i2c_helper_write_byte>
100009a2:	2032      	movs	r0, #50	@ 0x32
100009a4:	2100      	movs	r1, #0
100009a6:	f001 fe41 	bl	1000262c <sleep_us>
100009aa:	2096      	movs	r0, #150	@ 0x96
100009ac:	2100      	movs	r1, #0
100009ae:	f001 fe3d 	bl	1000262c <sleep_us>
100009b2:	79e2      	ldrb	r2, [r4, #7]
100009b4:	7921      	ldrb	r1, [r4, #4]
100009b6:	432a      	orrs	r2, r5
100009b8:	b2d2      	uxtb	r2, r2
100009ba:	6820      	ldr	r0, [r4, #0]
100009bc:	f7ff fe66 	bl	1000068c <i2c_helper_write_byte>
100009c0:	79e2      	ldrb	r2, [r4, #7]
100009c2:	7921      	ldrb	r1, [r4, #4]
100009c4:	433a      	orrs	r2, r7
100009c6:	b2d2      	uxtb	r2, r2
100009c8:	6820      	ldr	r0, [r4, #0]
100009ca:	f7ff fe5f 	bl	1000068c <i2c_helper_write_byte>
100009ce:	2001      	movs	r0, #1
100009d0:	2100      	movs	r1, #0
100009d2:	f001 fe2b 	bl	1000262c <sleep_us>
100009d6:	79e2      	ldrb	r2, [r4, #7]
100009d8:	7921      	ldrb	r1, [r4, #4]
100009da:	432a      	orrs	r2, r5
100009dc:	b2d2      	uxtb	r2, r2
100009de:	6820      	ldr	r0, [r4, #0]
100009e0:	f7ff fe54 	bl	1000068c <i2c_helper_write_byte>
100009e4:	2032      	movs	r0, #50	@ 0x32
100009e6:	2100      	movs	r1, #0
100009e8:	f001 fe20 	bl	1000262c <sleep_us>
100009ec:	79e2      	ldrb	r2, [r4, #7]
100009ee:	4276      	negs	r6, r6
100009f0:	4332      	orrs	r2, r6
100009f2:	7921      	ldrb	r1, [r4, #4]
100009f4:	b2d2      	uxtb	r2, r2
100009f6:	6820      	ldr	r0, [r4, #0]
100009f8:	f7ff fe48 	bl	1000068c <i2c_helper_write_byte>
100009fc:	2384      	movs	r3, #132	@ 0x84
100009fe:	79e2      	ldrb	r2, [r4, #7]
10000a00:	7921      	ldrb	r1, [r4, #4]
10000a02:	431a      	orrs	r2, r3
10000a04:	6820      	ldr	r0, [r4, #0]
10000a06:	f7ff fe41 	bl	1000068c <i2c_helper_write_byte>
10000a0a:	2001      	movs	r0, #1
10000a0c:	2100      	movs	r1, #0
10000a0e:	f001 fe0d 	bl	1000262c <sleep_us>
10000a12:	79e3      	ldrb	r3, [r4, #7]
10000a14:	7921      	ldrb	r1, [r4, #4]
10000a16:	431e      	orrs	r6, r3
10000a18:	b2f2      	uxtb	r2, r6
10000a1a:	6820      	ldr	r0, [r4, #0]
10000a1c:	f7ff fe36 	bl	1000068c <i2c_helper_write_byte>
10000a20:	2032      	movs	r0, #50	@ 0x32
10000a22:	2100      	movs	r1, #0
10000a24:	f001 fe02 	bl	1000262c <sleep_us>
10000a28:	79e2      	ldrb	r2, [r4, #7]
10000a2a:	7921      	ldrb	r1, [r4, #4]
10000a2c:	6820      	ldr	r0, [r4, #0]
10000a2e:	f7ff fe2d 	bl	1000068c <i2c_helper_write_byte>
10000a32:	2304      	movs	r3, #4
10000a34:	4698      	mov	r8, r3
10000a36:	4643      	mov	r3, r8
10000a38:	2640      	movs	r6, #64	@ 0x40
10000a3a:	79e2      	ldrb	r2, [r4, #7]
10000a3c:	7921      	ldrb	r1, [r4, #4]
10000a3e:	431a      	orrs	r2, r3
10000a40:	b2d2      	uxtb	r2, r2
10000a42:	6820      	ldr	r0, [r4, #0]
10000a44:	f7ff fe22 	bl	1000068c <i2c_helper_write_byte>
10000a48:	2001      	movs	r0, #1
10000a4a:	2100      	movs	r1, #0
10000a4c:	f001 fdee 	bl	1000262c <sleep_us>
10000a50:	79e2      	ldrb	r2, [r4, #7]
10000a52:	7921      	ldrb	r1, [r4, #4]
10000a54:	6820      	ldr	r0, [r4, #0]
10000a56:	f7ff fe19 	bl	1000068c <i2c_helper_write_byte>
10000a5a:	2032      	movs	r0, #50	@ 0x32
10000a5c:	2100      	movs	r1, #0
10000a5e:	f001 fde5 	bl	1000262c <sleep_us>
10000a62:	79e2      	ldrb	r2, [r4, #7]
10000a64:	4276      	negs	r6, r6
10000a66:	4332      	orrs	r2, r6
10000a68:	7921      	ldrb	r1, [r4, #4]
10000a6a:	b2d2      	uxtb	r2, r2
10000a6c:	6820      	ldr	r0, [r4, #0]
10000a6e:	f7ff fe0d 	bl	1000068c <i2c_helper_write_byte>
10000a72:	23c4      	movs	r3, #196	@ 0xc4
10000a74:	79e2      	ldrb	r2, [r4, #7]
10000a76:	7921      	ldrb	r1, [r4, #4]
10000a78:	431a      	orrs	r2, r3
10000a7a:	6820      	ldr	r0, [r4, #0]
10000a7c:	f7ff fe06 	bl	1000068c <i2c_helper_write_byte>
10000a80:	2001      	movs	r0, #1
10000a82:	2100      	movs	r1, #0
10000a84:	f001 fdd2 	bl	1000262c <sleep_us>
10000a88:	79e3      	ldrb	r3, [r4, #7]
10000a8a:	7921      	ldrb	r1, [r4, #4]
10000a8c:	431e      	orrs	r6, r3
10000a8e:	b2f2      	uxtb	r2, r6
10000a90:	6820      	ldr	r0, [r4, #0]
10000a92:	f7ff fdfb 	bl	1000068c <i2c_helper_write_byte>
10000a96:	2032      	movs	r0, #50	@ 0x32
10000a98:	2100      	movs	r1, #0
10000a9a:	f001 fdc7 	bl	1000262c <sleep_us>
10000a9e:	79e2      	ldrb	r2, [r4, #7]
10000aa0:	7921      	ldrb	r1, [r4, #4]
10000aa2:	6820      	ldr	r0, [r4, #0]
10000aa4:	f7ff fdf2 	bl	1000068c <i2c_helper_write_byte>
10000aa8:	4643      	mov	r3, r8
10000aaa:	2610      	movs	r6, #16
10000aac:	79e2      	ldrb	r2, [r4, #7]
10000aae:	7921      	ldrb	r1, [r4, #4]
10000ab0:	431a      	orrs	r2, r3
10000ab2:	b2d2      	uxtb	r2, r2
10000ab4:	6820      	ldr	r0, [r4, #0]
10000ab6:	f7ff fde9 	bl	1000068c <i2c_helper_write_byte>
10000aba:	2001      	movs	r0, #1
10000abc:	2100      	movs	r1, #0
10000abe:	f001 fdb5 	bl	1000262c <sleep_us>
10000ac2:	79e2      	ldrb	r2, [r4, #7]
10000ac4:	7921      	ldrb	r1, [r4, #4]
10000ac6:	6820      	ldr	r0, [r4, #0]
10000ac8:	f7ff fde0 	bl	1000068c <i2c_helper_write_byte>
10000acc:	2032      	movs	r0, #50	@ 0x32
10000ace:	2100      	movs	r1, #0
10000ad0:	f001 fdac 	bl	1000262c <sleep_us>
10000ad4:	79e2      	ldrb	r2, [r4, #7]
10000ad6:	7921      	ldrb	r1, [r4, #4]
10000ad8:	4332      	orrs	r2, r6
10000ada:	b2d2      	uxtb	r2, r2
10000adc:	6820      	ldr	r0, [r4, #0]
10000ade:	f7ff fdd5 	bl	1000068c <i2c_helper_write_byte>
10000ae2:	2314      	movs	r3, #20
10000ae4:	79e2      	ldrb	r2, [r4, #7]
10000ae6:	7921      	ldrb	r1, [r4, #4]
10000ae8:	431a      	orrs	r2, r3
10000aea:	6820      	ldr	r0, [r4, #0]
10000aec:	f7ff fdce 	bl	1000068c <i2c_helper_write_byte>
10000af0:	2001      	movs	r0, #1
10000af2:	2100      	movs	r1, #0
10000af4:	f001 fd9a 	bl	1000262c <sleep_us>
10000af8:	79e2      	ldrb	r2, [r4, #7]
10000afa:	7921      	ldrb	r1, [r4, #4]
10000afc:	4332      	orrs	r2, r6
10000afe:	b2d2      	uxtb	r2, r2
10000b00:	6820      	ldr	r0, [r4, #0]
10000b02:	f7ff fdc3 	bl	1000068c <i2c_helper_write_byte>
10000b06:	2100      	movs	r1, #0
10000b08:	2032      	movs	r0, #50	@ 0x32
10000b0a:	f001 fd8f 	bl	1000262c <sleep_us>
10000b0e:	2002      	movs	r0, #2
10000b10:	f001 fe02 	bl	10002718 <sleep_ms>
10000b14:	79e2      	ldrb	r2, [r4, #7]
10000b16:	7921      	ldrb	r1, [r4, #4]
10000b18:	6820      	ldr	r0, [r4, #0]
10000b1a:	f7ff fdb7 	bl	1000068c <i2c_helper_write_byte>
10000b1e:	4643      	mov	r3, r8
10000b20:	2660      	movs	r6, #96	@ 0x60
10000b22:	79e2      	ldrb	r2, [r4, #7]
10000b24:	7921      	ldrb	r1, [r4, #4]
10000b26:	431a      	orrs	r2, r3
10000b28:	b2d2      	uxtb	r2, r2
10000b2a:	6820      	ldr	r0, [r4, #0]
10000b2c:	f7ff fdae 	bl	1000068c <i2c_helper_write_byte>
10000b30:	2001      	movs	r0, #1
10000b32:	2100      	movs	r1, #0
10000b34:	f001 fd7a 	bl	1000262c <sleep_us>
10000b38:	79e2      	ldrb	r2, [r4, #7]
10000b3a:	7921      	ldrb	r1, [r4, #4]
10000b3c:	6820      	ldr	r0, [r4, #0]
10000b3e:	f7ff fda5 	bl	1000068c <i2c_helper_write_byte>
10000b42:	2032      	movs	r0, #50	@ 0x32
10000b44:	2100      	movs	r1, #0
10000b46:	f001 fd71 	bl	1000262c <sleep_us>
10000b4a:	79e2      	ldrb	r2, [r4, #7]
10000b4c:	7921      	ldrb	r1, [r4, #4]
10000b4e:	4332      	orrs	r2, r6
10000b50:	b2d2      	uxtb	r2, r2
10000b52:	6820      	ldr	r0, [r4, #0]
10000b54:	f7ff fd9a 	bl	1000068c <i2c_helper_write_byte>
10000b58:	2364      	movs	r3, #100	@ 0x64
10000b5a:	79e2      	ldrb	r2, [r4, #7]
10000b5c:	7921      	ldrb	r1, [r4, #4]
10000b5e:	431a      	orrs	r2, r3
10000b60:	6820      	ldr	r0, [r4, #0]
10000b62:	f7ff fd93 	bl	1000068c <i2c_helper_write_byte>
10000b66:	2001      	movs	r0, #1
10000b68:	2100      	movs	r1, #0
10000b6a:	f001 fd5f 	bl	1000262c <sleep_us>
10000b6e:	79e2      	ldrb	r2, [r4, #7]
10000b70:	7921      	ldrb	r1, [r4, #4]
10000b72:	4332      	orrs	r2, r6
10000b74:	b2d2      	uxtb	r2, r2
10000b76:	6820      	ldr	r0, [r4, #0]
10000b78:	f7ff fd88 	bl	1000068c <i2c_helper_write_byte>
10000b7c:	2032      	movs	r0, #50	@ 0x32
10000b7e:	2100      	movs	r1, #0
10000b80:	f001 fd54 	bl	1000262c <sleep_us>
10000b84:	79e2      	ldrb	r2, [r4, #7]
10000b86:	7921      	ldrb	r1, [r4, #4]
10000b88:	6820      	ldr	r0, [r4, #0]
10000b8a:	f7ff fd7f 	bl	1000068c <i2c_helper_write_byte>
10000b8e:	4643      	mov	r3, r8
10000b90:	79e2      	ldrb	r2, [r4, #7]
10000b92:	7921      	ldrb	r1, [r4, #4]
10000b94:	431a      	orrs	r2, r3
10000b96:	b2d2      	uxtb	r2, r2
10000b98:	6820      	ldr	r0, [r4, #0]
10000b9a:	f7ff fd77 	bl	1000068c <i2c_helper_write_byte>
10000b9e:	2001      	movs	r0, #1
10000ba0:	2100      	movs	r1, #0
10000ba2:	f001 fd43 	bl	1000262c <sleep_us>
10000ba6:	79e2      	ldrb	r2, [r4, #7]
10000ba8:	7921      	ldrb	r1, [r4, #4]
10000baa:	6820      	ldr	r0, [r4, #0]
10000bac:	f7ff fd6e 	bl	1000068c <i2c_helper_write_byte>
10000bb0:	2032      	movs	r0, #50	@ 0x32
10000bb2:	2100      	movs	r1, #0
10000bb4:	f001 fd3a 	bl	1000262c <sleep_us>
10000bb8:	79e2      	ldrb	r2, [r4, #7]
10000bba:	7921      	ldrb	r1, [r4, #4]
10000bbc:	432a      	orrs	r2, r5
10000bbe:	b2d2      	uxtb	r2, r2
10000bc0:	6820      	ldr	r0, [r4, #0]
10000bc2:	f7ff fd63 	bl	1000068c <i2c_helper_write_byte>
10000bc6:	79e2      	ldrb	r2, [r4, #7]
10000bc8:	7921      	ldrb	r1, [r4, #4]
10000bca:	433a      	orrs	r2, r7
10000bcc:	b2d2      	uxtb	r2, r2
10000bce:	6820      	ldr	r0, [r4, #0]
10000bd0:	f7ff fd5c 	bl	1000068c <i2c_helper_write_byte>
10000bd4:	2001      	movs	r0, #1
10000bd6:	2100      	movs	r1, #0
10000bd8:	f001 fd28 	bl	1000262c <sleep_us>
10000bdc:	79e2      	ldrb	r2, [r4, #7]
10000bde:	7921      	ldrb	r1, [r4, #4]
10000be0:	432a      	orrs	r2, r5
10000be2:	b2d2      	uxtb	r2, r2
10000be4:	6820      	ldr	r0, [r4, #0]
10000be6:	f7ff fd51 	bl	1000068c <i2c_helper_write_byte>
10000bea:	2100      	movs	r1, #0
10000bec:	2032      	movs	r0, #50	@ 0x32
10000bee:	f001 fd1d 	bl	1000262c <sleep_us>
10000bf2:	2002      	movs	r0, #2
10000bf4:	f001 fd90 	bl	10002718 <sleep_ms>
10000bf8:	bc80      	pop	{r7}
10000bfa:	46b8      	mov	r8, r7
10000bfc:	bdf0      	pop	{r4, r5, r6, r7, pc}
10000bfe:	0029      	movs	r1, r5
10000c00:	4801      	ldr	r0, [pc, #4]	@ (10000c08 <lcd_init+0x3a8>)
10000c02:	f004 ffe3 	bl	10005bcc <__wrap_printf>
10000c06:	e643      	b.n	10000890 <lcd_init+0x30>
10000c08:	10008df4 	.word	0x10008df4

10000c0c <lcd_clear>:
10000c0c:	b570      	push	{r4, r5, r6, lr}
10000c0e:	0004      	movs	r4, r0
10000c10:	79c2      	ldrb	r2, [r0, #7]
10000c12:	7901      	ldrb	r1, [r0, #4]
10000c14:	6800      	ldr	r0, [r0, #0]
10000c16:	f7ff fd39 	bl	1000068c <i2c_helper_write_byte>
10000c1a:	2304      	movs	r3, #4
10000c1c:	2510      	movs	r5, #16
10000c1e:	79e2      	ldrb	r2, [r4, #7]
10000c20:	7921      	ldrb	r1, [r4, #4]
10000c22:	431a      	orrs	r2, r3
10000c24:	6820      	ldr	r0, [r4, #0]
10000c26:	f7ff fd31 	bl	1000068c <i2c_helper_write_byte>
10000c2a:	2001      	movs	r0, #1
10000c2c:	2100      	movs	r1, #0
10000c2e:	f001 fcfd 	bl	1000262c <sleep_us>
10000c32:	79e2      	ldrb	r2, [r4, #7]
10000c34:	7921      	ldrb	r1, [r4, #4]
10000c36:	6820      	ldr	r0, [r4, #0]
10000c38:	f7ff fd28 	bl	1000068c <i2c_helper_write_byte>
10000c3c:	2032      	movs	r0, #50	@ 0x32
10000c3e:	2100      	movs	r1, #0
10000c40:	f001 fcf4 	bl	1000262c <sleep_us>
10000c44:	79e2      	ldrb	r2, [r4, #7]
10000c46:	7921      	ldrb	r1, [r4, #4]
10000c48:	432a      	orrs	r2, r5
10000c4a:	6820      	ldr	r0, [r4, #0]
10000c4c:	b2d2      	uxtb	r2, r2
10000c4e:	f7ff fd1d 	bl	1000068c <i2c_helper_write_byte>
10000c52:	2314      	movs	r3, #20
10000c54:	79e2      	ldrb	r2, [r4, #7]
10000c56:	7921      	ldrb	r1, [r4, #4]
10000c58:	431a      	orrs	r2, r3
10000c5a:	6820      	ldr	r0, [r4, #0]
10000c5c:	f7ff fd16 	bl	1000068c <i2c_helper_write_byte>
10000c60:	2001      	movs	r0, #1
10000c62:	2100      	movs	r1, #0
10000c64:	f001 fce2 	bl	1000262c <sleep_us>
10000c68:	79e2      	ldrb	r2, [r4, #7]
10000c6a:	7921      	ldrb	r1, [r4, #4]
10000c6c:	432a      	orrs	r2, r5
10000c6e:	b2d2      	uxtb	r2, r2
10000c70:	6820      	ldr	r0, [r4, #0]
10000c72:	f7ff fd0b 	bl	1000068c <i2c_helper_write_byte>
10000c76:	2100      	movs	r1, #0
10000c78:	2032      	movs	r0, #50	@ 0x32
10000c7a:	f001 fcd7 	bl	1000262c <sleep_us>
10000c7e:	2002      	movs	r0, #2
10000c80:	f001 fd4a 	bl	10002718 <sleep_ms>
10000c84:	bd70      	pop	{r4, r5, r6, pc}
10000c86:	46c0      	nop			@ (mov r8, r8)

10000c88 <lcd_set_cursor>:
10000c88:	b5f0      	push	{r4, r5, r6, r7, lr}
10000c8a:	4b27      	ldr	r3, [pc, #156]	@ (10000d28 <lcd_set_cursor+0xa0>)
10000c8c:	b083      	sub	sp, #12
10000c8e:	9301      	str	r3, [sp, #4]
10000c90:	7983      	ldrb	r3, [r0, #6]
10000c92:	0004      	movs	r4, r0
10000c94:	4293      	cmp	r3, r2
10000c96:	d801      	bhi.n	10000c9c <lcd_set_cursor+0x14>
10000c98:	3b01      	subs	r3, #1
10000c9a:	b2da      	uxtb	r2, r3
10000c9c:	ab01      	add	r3, sp, #4
10000c9e:	5c9d      	ldrb	r5, [r3, r2]
10000ca0:	230f      	movs	r3, #15
10000ca2:	194d      	adds	r5, r1, r5
10000ca4:	b2ed      	uxtb	r5, r5
10000ca6:	002f      	movs	r7, r5
10000ca8:	2680      	movs	r6, #128	@ 0x80
10000caa:	439f      	bics	r7, r3
10000cac:	79e2      	ldrb	r2, [r4, #7]
10000cae:	433e      	orrs	r6, r7
10000cb0:	7921      	ldrb	r1, [r4, #4]
10000cb2:	4332      	orrs	r2, r6
10000cb4:	6820      	ldr	r0, [r4, #0]
10000cb6:	f7ff fce9 	bl	1000068c <i2c_helper_write_byte>
10000cba:	2384      	movs	r3, #132	@ 0x84
10000cbc:	79e2      	ldrb	r2, [r4, #7]
10000cbe:	7921      	ldrb	r1, [r4, #4]
10000cc0:	433a      	orrs	r2, r7
10000cc2:	431a      	orrs	r2, r3
10000cc4:	6820      	ldr	r0, [r4, #0]
10000cc6:	f7ff fce1 	bl	1000068c <i2c_helper_write_byte>
10000cca:	2001      	movs	r0, #1
10000ccc:	2100      	movs	r1, #0
10000cce:	f001 fcad 	bl	1000262c <sleep_us>
10000cd2:	79e2      	ldrb	r2, [r4, #7]
10000cd4:	7921      	ldrb	r1, [r4, #4]
10000cd6:	4332      	orrs	r2, r6
10000cd8:	6820      	ldr	r0, [r4, #0]
10000cda:	f7ff fcd7 	bl	1000068c <i2c_helper_write_byte>
10000cde:	2032      	movs	r0, #50	@ 0x32
10000ce0:	2100      	movs	r1, #0
10000ce2:	f001 fca3 	bl	1000262c <sleep_us>
10000ce6:	012d      	lsls	r5, r5, #4
10000ce8:	79e2      	ldrb	r2, [r4, #7]
10000cea:	b2ed      	uxtb	r5, r5
10000cec:	7921      	ldrb	r1, [r4, #4]
10000cee:	432a      	orrs	r2, r5
10000cf0:	6820      	ldr	r0, [r4, #0]
10000cf2:	f7ff fccb 	bl	1000068c <i2c_helper_write_byte>
10000cf6:	2304      	movs	r3, #4
10000cf8:	79e2      	ldrb	r2, [r4, #7]
10000cfa:	7921      	ldrb	r1, [r4, #4]
10000cfc:	432a      	orrs	r2, r5
10000cfe:	431a      	orrs	r2, r3
10000d00:	6820      	ldr	r0, [r4, #0]
10000d02:	f7ff fcc3 	bl	1000068c <i2c_helper_write_byte>
10000d06:	2001      	movs	r0, #1
10000d08:	2100      	movs	r1, #0
10000d0a:	f001 fc8f 	bl	1000262c <sleep_us>
10000d0e:	79e2      	ldrb	r2, [r4, #7]
10000d10:	7921      	ldrb	r1, [r4, #4]
10000d12:	432a      	orrs	r2, r5
10000d14:	6820      	ldr	r0, [r4, #0]
10000d16:	f7ff fcb9 	bl	1000068c <i2c_helper_write_byte>
10000d1a:	2032      	movs	r0, #50	@ 0x32
10000d1c:	2100      	movs	r1, #0
10000d1e:	f001 fc85 	bl	1000262c <sleep_us>
10000d22:	b003      	add	sp, #12
10000d24:	bdf0      	pop	{r4, r5, r6, r7, pc}
10000d26:	46c0      	nop			@ (mov r8, r8)
10000d28:	54144000 	.word	0x54144000

10000d2c <lcd_print>:
10000d2c:	b5f8      	push	{r3, r4, r5, r6, r7, lr}
10000d2e:	4657      	mov	r7, sl
10000d30:	4645      	mov	r5, r8
10000d32:	46de      	mov	lr, fp
10000d34:	464e      	mov	r6, r9
10000d36:	b5e0      	push	{r5, r6, r7, lr}
10000d38:	780d      	ldrb	r5, [r1, #0]
10000d3a:	0004      	movs	r4, r0
10000d3c:	000f      	movs	r7, r1
10000d3e:	2d00      	cmp	r5, #0
10000d40:	d050      	beq.n	10000de4 <lcd_print+0xb8>
10000d42:	230f      	movs	r3, #15
10000d44:	469a      	mov	sl, r3
10000d46:	2301      	movs	r3, #1
10000d48:	4699      	mov	r9, r3
10000d4a:	2305      	movs	r3, #5
10000d4c:	4698      	mov	r8, r3
10000d4e:	002e      	movs	r6, r5
10000d50:	4653      	mov	r3, sl
10000d52:	464a      	mov	r2, r9
10000d54:	439e      	bics	r6, r3
10000d56:	4332      	orrs	r2, r6
10000d58:	b2d3      	uxtb	r3, r2
10000d5a:	79e2      	ldrb	r2, [r4, #7]
10000d5c:	7921      	ldrb	r1, [r4, #4]
10000d5e:	431a      	orrs	r2, r3
10000d60:	6820      	ldr	r0, [r4, #0]
10000d62:	469b      	mov	fp, r3
10000d64:	f7ff fc92 	bl	1000068c <i2c_helper_write_byte>
10000d68:	79e3      	ldrb	r3, [r4, #7]
10000d6a:	7921      	ldrb	r1, [r4, #4]
10000d6c:	431e      	orrs	r6, r3
10000d6e:	4643      	mov	r3, r8
10000d70:	431e      	orrs	r6, r3
10000d72:	b2f2      	uxtb	r2, r6
10000d74:	6820      	ldr	r0, [r4, #0]
10000d76:	f7ff fc89 	bl	1000068c <i2c_helper_write_byte>
10000d7a:	2001      	movs	r0, #1
10000d7c:	2100      	movs	r1, #0
10000d7e:	f001 fc55 	bl	1000262c <sleep_us>
10000d82:	465b      	mov	r3, fp
10000d84:	464e      	mov	r6, r9
10000d86:	79e2      	ldrb	r2, [r4, #7]
10000d88:	7921      	ldrb	r1, [r4, #4]
10000d8a:	431a      	orrs	r2, r3
10000d8c:	6820      	ldr	r0, [r4, #0]
10000d8e:	012d      	lsls	r5, r5, #4
10000d90:	f7ff fc7c 	bl	1000068c <i2c_helper_write_byte>
10000d94:	b2ed      	uxtb	r5, r5
10000d96:	2032      	movs	r0, #50	@ 0x32
10000d98:	2100      	movs	r1, #0
10000d9a:	f001 fc47 	bl	1000262c <sleep_us>
10000d9e:	432e      	orrs	r6, r5
10000da0:	79e2      	ldrb	r2, [r4, #7]
10000da2:	b2f6      	uxtb	r6, r6
10000da4:	7921      	ldrb	r1, [r4, #4]
10000da6:	4332      	orrs	r2, r6
10000da8:	6820      	ldr	r0, [r4, #0]
10000daa:	f7ff fc6f 	bl	1000068c <i2c_helper_write_byte>
10000dae:	79e3      	ldrb	r3, [r4, #7]
10000db0:	7921      	ldrb	r1, [r4, #4]
10000db2:	431d      	orrs	r5, r3
10000db4:	4643      	mov	r3, r8
10000db6:	431d      	orrs	r5, r3
10000db8:	b2ea      	uxtb	r2, r5
10000dba:	6820      	ldr	r0, [r4, #0]
10000dbc:	f7ff fc66 	bl	1000068c <i2c_helper_write_byte>
10000dc0:	2001      	movs	r0, #1
10000dc2:	2100      	movs	r1, #0
10000dc4:	f001 fc32 	bl	1000262c <sleep_us>
10000dc8:	79e2      	ldrb	r2, [r4, #7]
10000dca:	7921      	ldrb	r1, [r4, #4]
10000dcc:	4332      	orrs	r2, r6
10000dce:	6820      	ldr	r0, [r4, #0]
10000dd0:	f7ff fc5c 	bl	1000068c <i2c_helper_write_byte>
10000dd4:	3701      	adds	r7, #1
10000dd6:	2032      	movs	r0, #50	@ 0x32
10000dd8:	2100      	movs	r1, #0
10000dda:	f001 fc27 	bl	1000262c <sleep_us>
10000dde:	783d      	ldrb	r5, [r7, #0]
10000de0:	2d00      	cmp	r5, #0
10000de2:	d1b4      	bne.n	10000d4e <lcd_print+0x22>
10000de4:	bcf0      	pop	{r4, r5, r6, r7}
10000de6:	46bb      	mov	fp, r7
10000de8:	46b2      	mov	sl, r6
10000dea:	46a9      	mov	r9, r5
10000dec:	46a0      	mov	r8, r4
10000dee:	bdf8      	pop	{r3, r4, r5, r6, r7, pc}

10000df0 <lcd_print_int>:
10000df0:	b5f0      	push	{r4, r5, r6, r7, lr}
10000df2:	46de      	mov	lr, fp
10000df4:	4657      	mov	r7, sl
10000df6:	4645      	mov	r5, r8
10000df8:	464e      	mov	r6, r9
10000dfa:	b5e0      	push	{r5, r6, r7, lr}
10000dfc:	b085      	sub	sp, #20
10000dfe:	466f      	mov	r7, sp
10000e00:	000b      	movs	r3, r1
10000e02:	0004      	movs	r4, r0
10000e04:	2110      	movs	r1, #16
10000e06:	4668      	mov	r0, sp
10000e08:	4a2e      	ldr	r2, [pc, #184]	@ (10000ec4 <lcd_print_int+0xd4>)
10000e0a:	f004 fc8b 	bl	10005724 <__wrap_snprintf>
10000e0e:	783d      	ldrb	r5, [r7, #0]
10000e10:	2d00      	cmp	r5, #0
10000e12:	d050      	beq.n	10000eb6 <lcd_print_int+0xc6>
10000e14:	230f      	movs	r3, #15
10000e16:	469a      	mov	sl, r3
10000e18:	2301      	movs	r3, #1
10000e1a:	4699      	mov	r9, r3
10000e1c:	2305      	movs	r3, #5
10000e1e:	4698      	mov	r8, r3
10000e20:	002e      	movs	r6, r5
10000e22:	4653      	mov	r3, sl
10000e24:	464a      	mov	r2, r9
10000e26:	439e      	bics	r6, r3
10000e28:	4332      	orrs	r2, r6
10000e2a:	b2d3      	uxtb	r3, r2
10000e2c:	79e2      	ldrb	r2, [r4, #7]
10000e2e:	7921      	ldrb	r1, [r4, #4]
10000e30:	431a      	orrs	r2, r3
10000e32:	6820      	ldr	r0, [r4, #0]
10000e34:	469b      	mov	fp, r3
10000e36:	f7ff fc29 	bl	1000068c <i2c_helper_write_byte>
10000e3a:	79e3      	ldrb	r3, [r4, #7]
10000e3c:	7921      	ldrb	r1, [r4, #4]
10000e3e:	431e      	orrs	r6, r3
10000e40:	4643      	mov	r3, r8
10000e42:	431e      	orrs	r6, r3
10000e44:	b2f2      	uxtb	r2, r6
10000e46:	6820      	ldr	r0, [r4, #0]
10000e48:	f7ff fc20 	bl	1000068c <i2c_helper_write_byte>
10000e4c:	2001      	movs	r0, #1
10000e4e:	2100      	movs	r1, #0
10000e50:	f001 fbec 	bl	1000262c <sleep_us>
10000e54:	465b      	mov	r3, fp
10000e56:	464e      	mov	r6, r9
10000e58:	79e2      	ldrb	r2, [r4, #7]
10000e5a:	7921      	ldrb	r1, [r4, #4]
10000e5c:	431a      	orrs	r2, r3
10000e5e:	6820      	ldr	r0, [r4, #0]
10000e60:	012d      	lsls	r5, r5, #4
10000e62:	f7ff fc13 	bl	1000068c <i2c_helper_write_byte>
10000e66:	b2ed      	uxtb	r5, r5
10000e68:	2032      	movs	r0, #50	@ 0x32
10000e6a:	2100      	movs	r1, #0
10000e6c:	f001 fbde 	bl	1000262c <sleep_us>
10000e70:	432e      	orrs	r6, r5
10000e72:	79e2      	ldrb	r2, [r4, #7]
10000e74:	b2f6      	uxtb	r6, r6
10000e76:	7921      	ldrb	r1, [r4, #4]
10000e78:	4332      	orrs	r2, r6
10000e7a:	6820      	ldr	r0, [r4, #0]
10000e7c:	f7ff fc06 	bl	1000068c <i2c_helper_write_byte>
10000e80:	79e3      	ldrb	r3, [r4, #7]
10000e82:	7921      	ldrb	r1, [r4, #4]
10000e84:	431d      	orrs	r5, r3
10000e86:	4643      	mov	r3, r8
10000e88:	431d      	orrs	r5, r3
10000e8a:	b2ea      	uxtb	r2, r5
10000e8c:	6820      	ldr	r0, [r4, #0]
10000e8e:	f7ff fbfd 	bl	1000068c <i2c_helper_write_byte>
10000e92:	2001      	movs	r0, #1
10000e94:	2100      	movs	r1, #0
10000e96:	f001 fbc9 	bl	1000262c <sleep_us>
10000e9a:	79e2      	ldrb	r2, [r4, #7]
10000e9c:	7921      	ldrb	r1, [r4, #4]
10000e9e:	4332      	orrs	r2, r6
10000ea0:	6820      	ldr	r0, [r4, #0]
10000ea2:	f7ff fbf3 	bl	1000068c <i2c_helper_write_byte>
10000ea6:	3701      	adds	r7, #1
10000ea8:	2032      	movs	r0, #50	@ 0x32
10000eaa:	2100      	movs	r1, #0
10000eac:	f001 fbbe 	bl	1000262c <sleep_us>
10000eb0:	783d      	ldrb	r5, [r7, #0]
10000eb2:	2d00      	cmp	r5, #0
10000eb4:	d1b4      	bne.n	10000e20 <lcd_print_int+0x30>
10000eb6:	b005      	add	sp, #20
10000eb8:	bcf0      	pop	{r4, r5, r6, r7}
10000eba:	46bb      	mov	fp, r7
10000ebc:	46b2      	mov	sl, r6
10000ebe:	46a9      	mov	r9, r5
10000ec0:	46a0      	mov	r8, r4
10000ec2:	bdf0      	pop	{r4, r5, r6, r7, pc}
10000ec4:	10008e20 	.word	0x10008e20

10000ec8 <lcd_print_float>:
10000ec8:	b5f0      	push	{r4, r5, r6, r7, lr}
10000eca:	46de      	mov	lr, fp
10000ecc:	4657      	mov	r7, sl
10000ece:	4645      	mov	r5, r8
10000ed0:	464e      	mov	r6, r9
10000ed2:	b5e0      	push	{r5, r6, r7, lr}
10000ed4:	1c0d      	adds	r5, r1, #0
10000ed6:	4937      	ldr	r1, [pc, #220]	@ (10000fb4 <lcd_print_float+0xec>)
10000ed8:	b089      	sub	sp, #36	@ 0x24
10000eda:	0013      	movs	r3, r2
10000edc:	0004      	movs	r4, r0
10000ede:	000a      	movs	r2, r1
10000ee0:	a802      	add	r0, sp, #8
10000ee2:	2108      	movs	r1, #8
10000ee4:	f004 fc1e 	bl	10005724 <__wrap_snprintf>
10000ee8:	1c28      	adds	r0, r5, #0
10000eea:	f002 ff27 	bl	10003d3c <__wrap___aeabi_f2d>
10000eee:	af04      	add	r7, sp, #16
10000ef0:	9000      	str	r0, [sp, #0]
10000ef2:	9101      	str	r1, [sp, #4]
10000ef4:	aa02      	add	r2, sp, #8
10000ef6:	2110      	movs	r1, #16
10000ef8:	0038      	movs	r0, r7
10000efa:	f004 fc13 	bl	10005724 <__wrap_snprintf>
10000efe:	783d      	ldrb	r5, [r7, #0]
10000f00:	2d00      	cmp	r5, #0
10000f02:	d050      	beq.n	10000fa6 <lcd_print_float+0xde>
10000f04:	230f      	movs	r3, #15
10000f06:	469a      	mov	sl, r3
10000f08:	2301      	movs	r3, #1
10000f0a:	4699      	mov	r9, r3
10000f0c:	2305      	movs	r3, #5
10000f0e:	4698      	mov	r8, r3
10000f10:	002e      	movs	r6, r5
10000f12:	4653      	mov	r3, sl
10000f14:	464a      	mov	r2, r9
10000f16:	439e      	bics	r6, r3
10000f18:	4332      	orrs	r2, r6
10000f1a:	b2d3      	uxtb	r3, r2
10000f1c:	79e2      	ldrb	r2, [r4, #7]
10000f1e:	7921      	ldrb	r1, [r4, #4]
10000f20:	431a      	orrs	r2, r3
10000f22:	6820      	ldr	r0, [r4, #0]
10000f24:	469b      	mov	fp, r3
10000f26:	f7ff fbb1 	bl	1000068c <i2c_helper_write_byte>
10000f2a:	79e3      	ldrb	r3, [r4, #7]
10000f2c:	7921      	ldrb	r1, [r4, #4]
10000f2e:	431e      	orrs	r6, r3
10000f30:	4643      	mov	r3, r8
10000f32:	431e      	orrs	r6, r3
10000f34:	b2f2      	uxtb	r2, r6
10000f36:	6820      	ldr	r0, [r4, #0]
10000f38:	f7ff fba8 	bl	1000068c <i2c_helper_write_byte>
10000f3c:	2001      	movs	r0, #1
10000f3e:	2100      	movs	r1, #0
10000f40:	f001 fb74 	bl	1000262c <sleep_us>
10000f44:	465b      	mov	r3, fp
10000f46:	464e      	mov	r6, r9
10000f48:	79e2      	ldrb	r2, [r4, #7]
10000f4a:	7921      	ldrb	r1, [r4, #4]
10000f4c:	431a      	orrs	r2, r3
10000f4e:	6820      	ldr	r0, [r4, #0]
10000f50:	012d      	lsls	r5, r5, #4
10000f52:	f7ff fb9b 	bl	1000068c <i2c_helper_write_byte>
10000f56:	b2ed      	uxtb	r5, r5
10000f58:	2032      	movs	r0, #50	@ 0x32
10000f5a:	2100      	movs	r1, #0
10000f5c:	f001 fb66 	bl	1000262c <sleep_us>
10000f60:	432e      	orrs	r6, r5
10000f62:	79e2      	ldrb	r2, [r4, #7]
10000f64:	b2f6      	uxtb	r6, r6
10000f66:	7921      	ldrb	r1, [r4, #4]
10000f68:	4332      	orrs	r2, r6
10000f6a:	6820      	ldr	r0, [r4, #0]
10000f6c:	f7ff fb8e 	bl	1000068c <i2c_helper_write_byte>
10000f70:	79e3      	ldrb	r3, [r4, #7]
10000f72:	7921      	ldrb	r1, [r4, #4]
10000f74:	431d      	orrs	r5, r3
10000f76:	4643      	mov	r3, r8
10000f78:	431d      	orrs	r5, r3
10000f7a:	b2ea      	uxtb	r2, r5
10000f7c:	6820      	ldr	r0, [r4, #0]
10000f7e:	f7ff fb85 	bl	1000068c <i2c_helper_write_byte>
10000f82:	2001      	movs	r0, #1
10000f84:	2100      	movs	r1, #0
10000f86:	f001 fb51 	bl	1000262c <sleep_us>
10000f8a:	79e2      	ldrb	r2, [r4, #7]
10000f8c:	7921      	ldrb	r1, [r4, #4]
10000f8e:	4332      	orrs	r2, r6
10000f90:	6820      	ldr	r0, [r4, #0]
10000f92:	f7ff fb7b 	bl	1000068c <i2c_helper_write_byte>
10000f96:	3701      	adds	r7, #1
10000f98:	2032      	movs	r0, #50	@ 0x32
10000f9a:	2100      	movs	r1, #0
10000f9c:	f001 fb46 	bl	1000262c <sleep_us>
10000fa0:	783d      	ldrb	r5, [r7, #0]
10000fa2:	2d00      	cmp	r5, #0
10000fa4:	d1b4      	bne.n	10000f10 <lcd_print_float+0x48>
10000fa6:	b009      	add	sp, #36	@ 0x24
10000fa8:	bcf0      	pop	{r4, r5, r6, r7}
10000faa:	46bb      	mov	fp, r7
10000fac:	46b2      	mov	sl, r6
10000fae:	46a9      	mov	r9, r5
10000fb0:	46a0      	mov	r8, r4
10000fb2:	bdf0      	pop	{r4, r5, r6, r7, pc}
10000fb4:	10008e24 	.word	0x10008e24

10000fb8 <encoder_z_handler>:
10000fb8:	b5f8      	push	{r3, r4, r5, r6, r7, lr}
10000fba:	4e1b      	ldr	r6, [pc, #108]	@ (10001028 <encoder_z_handler+0x70>)
10000fbc:	6833      	ldr	r3, [r6, #0]
10000fbe:	2b00      	cmp	r3, #0
10000fc0:	d002      	beq.n	10000fc8 <encoder_z_handler+0x10>
10000fc2:	789b      	ldrb	r3, [r3, #2]
10000fc4:	4283      	cmp	r3, r0
10000fc6:	d000      	beq.n	10000fca <encoder_z_handler+0x12>
10000fc8:	bdf8      	pop	{r3, r4, r5, r6, r7, pc}
10000fca:	f001 fcbb 	bl	10002944 <time_us_64>
10000fce:	0004      	movs	r4, r0
10000fd0:	000d      	movs	r5, r1
10000fd2:	0022      	movs	r2, r4
10000fd4:	002b      	movs	r3, r5
10000fd6:	6837      	ldr	r7, [r6, #0]
10000fd8:	6ab8      	ldr	r0, [r7, #40]	@ 0x28
10000fda:	6af9      	ldr	r1, [r7, #44]	@ 0x2c
10000fdc:	1a12      	subs	r2, r2, r0
10000fde:	418b      	sbcs	r3, r1
10000fe0:	0010      	movs	r0, r2
10000fe2:	2b00      	cmp	r3, #0
10000fe4:	d017      	beq.n	10001016 <encoder_z_handler+0x5e>
10000fe6:	4a11      	ldr	r2, [pc, #68]	@ (1000102c <encoder_z_handler+0x74>)
10000fe8:	69b8      	ldr	r0, [r7, #24]
10000fea:	6811      	ldr	r1, [r2, #0]
10000fec:	4288      	cmp	r0, r1
10000fee:	d0eb      	beq.n	10000fc8 <encoder_z_handler+0x10>
10000ff0:	69b9      	ldr	r1, [r7, #24]
10000ff2:	480f      	ldr	r0, [pc, #60]	@ (10001030 <encoder_z_handler+0x78>)
10000ff4:	6011      	str	r1, [r2, #0]
10000ff6:	69b9      	ldr	r1, [r7, #24]
10000ff8:	f004 fde8 	bl	10005bcc <__wrap_printf>
10000ffc:	2200      	movs	r2, #0
10000ffe:	6833      	ldr	r3, [r6, #0]
10001000:	621a      	str	r2, [r3, #32]
10001002:	3224      	adds	r2, #36	@ 0x24
10001004:	5c9a      	ldrb	r2, [r3, r2]
10001006:	2a00      	cmp	r2, #0
10001008:	d009      	beq.n	1000101e <encoder_z_handler+0x66>
1000100a:	69da      	ldr	r2, [r3, #28]
1000100c:	3201      	adds	r2, #1
1000100e:	61da      	str	r2, [r3, #28]
10001010:	629c      	str	r4, [r3, #40]	@ 0x28
10001012:	62dd      	str	r5, [r3, #44]	@ 0x2c
10001014:	e7d8      	b.n	10000fc8 <encoder_z_handler+0x10>
10001016:	4a07      	ldr	r2, [pc, #28]	@ (10001034 <encoder_z_handler+0x7c>)
10001018:	4290      	cmp	r0, r2
1000101a:	d8e4      	bhi.n	10000fe6 <encoder_z_handler+0x2e>
1000101c:	e7d4      	b.n	10000fc8 <encoder_z_handler+0x10>
1000101e:	69da      	ldr	r2, [r3, #28]
10001020:	3a01      	subs	r2, #1
10001022:	61da      	str	r2, [r3, #28]
10001024:	e7f4      	b.n	10001010 <encoder_z_handler+0x58>
10001026:	46c0      	nop			@ (mov r8, r8)
10001028:	20001ba0 	.word	0x20001ba0
1000102c:	20001fac 	.word	0x20001fac
10001030:	10008e2c 	.word	0x10008e2c
10001034:	0000c34f 	.word	0x0000c34f

10001038 <encoder_init>:
10001038:	b5f0      	push	{r4, r5, r6, r7, lr}
1000103a:	46de      	mov	lr, fp
1000103c:	464e      	mov	r6, r9
1000103e:	4645      	mov	r5, r8
10001040:	4657      	mov	r7, sl
10001042:	b5e0      	push	{r5, r6, r7, lr}
10001044:	b091      	sub	sp, #68	@ 0x44
10001046:	000e      	movs	r6, r1
10001048:	9305      	str	r3, [sp, #20]
1000104a:	0019      	movs	r1, r3
1000104c:	ab1a      	add	r3, sp, #104	@ 0x68
1000104e:	0015      	movs	r5, r2
10001050:	781a      	ldrb	r2, [r3, #0]
10001052:	9b1b      	ldr	r3, [sp, #108]	@ 0x6c
10001054:	2700      	movs	r7, #0
10001056:	6043      	str	r3, [r0, #4]
10001058:	9b1c      	ldr	r3, [sp, #112]	@ 0x70
1000105a:	7082      	strb	r2, [r0, #2]
1000105c:	6083      	str	r3, [r0, #8]
1000105e:	2301      	movs	r3, #1
10001060:	469b      	mov	fp, r3
10001062:	4691      	mov	r9, r2
10001064:	465a      	mov	r2, fp
10001066:	3323      	adds	r3, #35	@ 0x23
10001068:	6187      	str	r7, [r0, #24]
1000106a:	7005      	strb	r5, [r0, #0]
1000106c:	61c7      	str	r7, [r0, #28]
1000106e:	7041      	strb	r1, [r0, #1]
10001070:	6207      	str	r7, [r0, #32]
10001072:	60c6      	str	r6, [r0, #12]
10001074:	54c2      	strb	r2, [r0, r3]
10001076:	2200      	movs	r2, #0
10001078:	2300      	movs	r3, #0
1000107a:	6282      	str	r2, [r0, #40]	@ 0x28
1000107c:	62c3      	str	r3, [r0, #44]	@ 0x2c
1000107e:	6307      	str	r7, [r0, #48]	@ 0x30
10001080:	0004      	movs	r4, r0
10001082:	f001 fc5f 	bl	10002944 <time_us_64>
10001086:	2300      	movs	r3, #0
10001088:	6423      	str	r3, [r4, #64]	@ 0x40
1000108a:	2344      	movs	r3, #68	@ 0x44
1000108c:	63a0      	str	r0, [r4, #56]	@ 0x38
1000108e:	63e1      	str	r1, [r4, #60]	@ 0x3c
10001090:	54e7      	strb	r7, [r4, r3]
10001092:	4b6c      	ldr	r3, [pc, #432]	@ (10001244 <encoder_init+0x20c>)
10001094:	0030      	movs	r0, r6
10001096:	0019      	movs	r1, r3
10001098:	4698      	mov	r8, r3
1000109a:	f007 f993 	bl	100083c4 <pio_can_add_program>
1000109e:	9004      	str	r0, [sp, #16]
100010a0:	2800      	cmp	r0, #0
100010a2:	d100      	bne.n	100010a6 <encoder_init+0x6e>
100010a4:	e0c1      	b.n	1000122a <encoder_init+0x1f2>
100010a6:	4641      	mov	r1, r8
100010a8:	0030      	movs	r0, r6
100010aa:	f007 f9c9 	bl	10008440 <pio_add_program>
100010ae:	2100      	movs	r1, #0
100010b0:	6160      	str	r0, [r4, #20]
100010b2:	0030      	movs	r0, r6
100010b4:	f007 f96a 	bl	1000838c <pio_claim_unused_sm>
100010b8:	4680      	mov	r8, r0
100010ba:	2800      	cmp	r0, #0
100010bc:	da00      	bge.n	100010c0 <encoder_init+0x88>
100010be:	e0ba      	b.n	10001236 <encoder_init+0x1fe>
100010c0:	6962      	ldr	r2, [r4, #20]
100010c2:	ab08      	add	r3, sp, #32
100010c4:	469a      	mov	sl, r3
100010c6:	9202      	str	r2, [sp, #8]
100010c8:	23f8      	movs	r3, #248	@ 0xf8
100010ca:	2280      	movs	r2, #128	@ 0x80
100010cc:	025b      	lsls	r3, r3, #9
100010ce:	0252      	lsls	r2, r2, #9
100010d0:	9208      	str	r2, [sp, #32]
100010d2:	9309      	str	r3, [sp, #36]	@ 0x24
100010d4:	23c0      	movs	r3, #192	@ 0xc0
100010d6:	4651      	mov	r1, sl
100010d8:	031b      	lsls	r3, r3, #12
100010da:	2210      	movs	r2, #16
100010dc:	6120      	str	r0, [r4, #16]
100010de:	970b      	str	r7, [sp, #44]	@ 0x2c
100010e0:	a80c      	add	r0, sp, #48	@ 0x30
100010e2:	608b      	str	r3, [r1, #8]
100010e4:	f002 fec4 	bl	10003e70 <__wrap___aeabi_memcpy>
100010e8:	9a02      	ldr	r2, [sp, #8]
100010ea:	a90c      	add	r1, sp, #48	@ 0x30
100010ec:	1c53      	adds	r3, r2, #1
100010ee:	031b      	lsls	r3, r3, #12
100010f0:	01d2      	lsls	r2, r2, #7
100010f2:	4313      	orrs	r3, r2
100010f4:	4650      	mov	r0, sl
100010f6:	2210      	movs	r2, #16
100010f8:	930d      	str	r3, [sp, #52]	@ 0x34
100010fa:	f002 feb9 	bl	10003e70 <__wrap___aeabi_memcpy>
100010fe:	0028      	movs	r0, r5
10001100:	f000 fb8a 	bl	10001818 <gpio_init>
10001104:	1c68      	adds	r0, r5, #1
10001106:	9003      	str	r0, [sp, #12]
10001108:	f000 fb86 	bl	10001818 <gpio_init>
1000110c:	465b      	mov	r3, fp
1000110e:	40ab      	lsls	r3, r5
10001110:	9307      	str	r3, [sp, #28]
10001112:	0019      	movs	r1, r3
10001114:	23d0      	movs	r3, #208	@ 0xd0
10001116:	061b      	lsls	r3, r3, #24
10001118:	6299      	str	r1, [r3, #40]	@ 0x28
1000111a:	4659      	mov	r1, fp
1000111c:	9803      	ldr	r0, [sp, #12]
1000111e:	2200      	movs	r2, #0
10001120:	4081      	lsls	r1, r0
10001122:	0028      	movs	r0, r5
10001124:	6299      	str	r1, [r3, #40]	@ 0x28
10001126:	2101      	movs	r1, #1
10001128:	f000 fafa 	bl	10001720 <gpio_set_pulls>
1000112c:	2200      	movs	r2, #0
1000112e:	2101      	movs	r1, #1
10001130:	9803      	ldr	r0, [sp, #12]
10001132:	f000 faf5 	bl	10001720 <gpio_set_pulls>
10001136:	4b44      	ldr	r3, [pc, #272]	@ (10001248 <encoder_init+0x210>)
10001138:	0028      	movs	r0, r5
1000113a:	18f3      	adds	r3, r6, r3
1000113c:	0d1b      	lsrs	r3, r3, #20
1000113e:	3306      	adds	r3, #6
10001140:	b2db      	uxtb	r3, r3
10001142:	0019      	movs	r1, r3
10001144:	9306      	str	r3, [sp, #24]
10001146:	f000 fad1 	bl	100016ec <gpio_set_function>
1000114a:	9906      	ldr	r1, [sp, #24]
1000114c:	9803      	ldr	r0, [sp, #12]
1000114e:	f000 facd 	bl	100016ec <gpio_set_function>
10001152:	002a      	movs	r2, r5
10001154:	2302      	movs	r3, #2
10001156:	4641      	mov	r1, r8
10001158:	0030      	movs	r0, r6
1000115a:	9700      	str	r7, [sp, #0]
1000115c:	f007 f9ec 	bl	10008538 <pio_sm_set_consecutive_pindirs>
10001160:	4653      	mov	r3, sl
10001162:	4a3a      	ldr	r2, [pc, #232]	@ (1000124c <encoder_init+0x214>)
10001164:	689b      	ldr	r3, [r3, #8]
10001166:	493a      	ldr	r1, [pc, #232]	@ (10001250 <encoder_init+0x218>)
10001168:	4013      	ands	r3, r2
1000116a:	2280      	movs	r2, #128	@ 0x80
1000116c:	0612      	lsls	r2, r2, #24
1000116e:	431a      	orrs	r2, r3
10001170:	4653      	mov	r3, sl
10001172:	68db      	ldr	r3, [r3, #12]
10001174:	03ed      	lsls	r5, r5, #15
10001176:	400b      	ands	r3, r1
10001178:	21f8      	movs	r1, #248	@ 0xf8
1000117a:	0309      	lsls	r1, r1, #12
1000117c:	400d      	ands	r5, r1
1000117e:	2180      	movs	r1, #128	@ 0x80
10001180:	432b      	orrs	r3, r5
10001182:	02c9      	lsls	r1, r1, #11
10001184:	9108      	str	r1, [sp, #32]
10001186:	920a      	str	r2, [sp, #40]	@ 0x28
10001188:	4641      	mov	r1, r8
1000118a:	9a02      	ldr	r2, [sp, #8]
1000118c:	930b      	str	r3, [sp, #44]	@ 0x2c
1000118e:	0030      	movs	r0, r6
10001190:	4653      	mov	r3, sl
10001192:	f007 fa2b 	bl	100085ec <pio_sm_init>
10001196:	465b      	mov	r3, fp
10001198:	4641      	mov	r1, r8
1000119a:	408b      	lsls	r3, r1
1000119c:	6832      	ldr	r2, [r6, #0]
1000119e:	4313      	orrs	r3, r2
100011a0:	6033      	str	r3, [r6, #0]
100011a2:	4b2c      	ldr	r3, [pc, #176]	@ (10001254 <encoder_init+0x21c>)
100011a4:	429e      	cmp	r6, r3
100011a6:	d04a      	beq.n	1000123e <encoder_init+0x206>
100011a8:	492b      	ldr	r1, [pc, #172]	@ (10001258 <encoder_init+0x220>)
100011aa:	25d0      	movs	r5, #208	@ 0xd0
100011ac:	6922      	ldr	r2, [r4, #16]
100011ae:	482b      	ldr	r0, [pc, #172]	@ (1000125c <encoder_init+0x224>)
100011b0:	f004 fd0c 	bl	10005bcc <__wrap_printf>
100011b4:	062d      	lsls	r5, r5, #24
100011b6:	200a      	movs	r0, #10
100011b8:	f001 faae 	bl	10002718 <sleep_ms>
100011bc:	686b      	ldr	r3, [r5, #4]
100011be:	9a07      	ldr	r2, [sp, #28]
100011c0:	2601      	movs	r6, #1
100011c2:	401a      	ands	r2, r3
100011c4:	0013      	movs	r3, r2
100011c6:	1e5a      	subs	r2, r3, #1
100011c8:	4193      	sbcs	r3, r2
100011ca:	0032      	movs	r2, r6
100011cc:	9f05      	ldr	r7, [sp, #20]
100011ce:	6868      	ldr	r0, [r5, #4]
100011d0:	40ba      	lsls	r2, r7
100011d2:	4010      	ands	r0, r2
100011d4:	1e42      	subs	r2, r0, #1
100011d6:	4190      	sbcs	r0, r2
100011d8:	b2d9      	uxtb	r1, r3
100011da:	005b      	lsls	r3, r3, #1
100011dc:	b2c2      	uxtb	r2, r0
100011de:	4303      	orrs	r3, r0
100011e0:	2044      	movs	r0, #68	@ 0x44
100011e2:	5423      	strb	r3, [r4, r0]
100011e4:	5c23      	ldrb	r3, [r4, r0]
100011e6:	481e      	ldr	r0, [pc, #120]	@ (10001260 <encoder_init+0x228>)
100011e8:	b2db      	uxtb	r3, r3
100011ea:	f004 fcef 	bl	10005bcc <__wrap_printf>
100011ee:	4648      	mov	r0, r9
100011f0:	f000 fb12 	bl	10001818 <gpio_init>
100011f4:	464b      	mov	r3, r9
100011f6:	409e      	lsls	r6, r3
100011f8:	2200      	movs	r2, #0
100011fa:	2101      	movs	r1, #1
100011fc:	4648      	mov	r0, r9
100011fe:	62ae      	str	r6, [r5, #40]	@ 0x28
10001200:	f000 fa8e 	bl	10001720 <gpio_set_pulls>
10001204:	4b17      	ldr	r3, [pc, #92]	@ (10001264 <encoder_init+0x22c>)
10001206:	4648      	mov	r0, r9
10001208:	601c      	str	r4, [r3, #0]
1000120a:	2201      	movs	r2, #1
1000120c:	2108      	movs	r1, #8
1000120e:	4b16      	ldr	r3, [pc, #88]	@ (10001268 <encoder_init+0x230>)
10001210:	f000 fa9a 	bl	10001748 <gpio_set_irq_enabled_with_callback>
10001214:	4815      	ldr	r0, [pc, #84]	@ (1000126c <encoder_init+0x234>)
10001216:	f004 fc55 	bl	10005ac4 <__wrap_puts>
1000121a:	9804      	ldr	r0, [sp, #16]
1000121c:	b011      	add	sp, #68	@ 0x44
1000121e:	bcf0      	pop	{r4, r5, r6, r7}
10001220:	46bb      	mov	fp, r7
10001222:	46b2      	mov	sl, r6
10001224:	46a9      	mov	r9, r5
10001226:	46a0      	mov	r8, r4
10001228:	bdf0      	pop	{r4, r5, r6, r7, pc}
1000122a:	4811      	ldr	r0, [pc, #68]	@ (10001270 <encoder_init+0x238>)
1000122c:	f004 fc4a 	bl	10005ac4 <__wrap_puts>
10001230:	2300      	movs	r3, #0
10001232:	9304      	str	r3, [sp, #16]
10001234:	e7f1      	b.n	1000121a <encoder_init+0x1e2>
10001236:	480f      	ldr	r0, [pc, #60]	@ (10001274 <encoder_init+0x23c>)
10001238:	f004 fc44 	bl	10005ac4 <__wrap_puts>
1000123c:	e7f8      	b.n	10001230 <encoder_init+0x1f8>
1000123e:	490e      	ldr	r1, [pc, #56]	@ (10001278 <encoder_init+0x240>)
10001240:	e7b3      	b.n	100011aa <encoder_init+0x172>
10001242:	46c0      	nop			@ (mov r8, r8)
10001244:	10009110 	.word	0x10009110
10001248:	afe00000 	.word	0xafe00000
1000124c:	3e0affff 	.word	0x3e0affff
10001250:	fff07fff 	.word	0xfff07fff
10001254:	50200000 	.word	0x50200000
10001258:	10008e4c 	.word	0x10008e4c
1000125c:	10008e98 	.word	0x10008e98
10001260:	10008ec0 	.word	0x10008ec0
10001264:	20001ba0 	.word	0x20001ba0
10001268:	10000fb9 	.word	0x10000fb9
1000126c:	10008ef0 	.word	0x10008ef0
10001270:	10008e54 	.word	0x10008e54
10001274:	10008e74 	.word	0x10008e74
10001278:	10008e44 	.word	0x10008e44

1000127c <encoder_process>:
1000127c:	b5f0      	push	{r4, r5, r6, r7, lr}
1000127e:	4647      	mov	r7, r8
10001280:	46ce      	mov	lr, r9
10001282:	2300      	movs	r3, #0
10001284:	b580      	push	{r7, lr}
10001286:	0006      	movs	r6, r0
10001288:	4698      	mov	r8, r3
1000128a:	4f39      	ldr	r7, [pc, #228]	@ (10001370 <encoder_process+0xf4>)
1000128c:	b083      	sub	sp, #12
1000128e:	e010      	b.n	100012b2 <encoder_process+0x36>
10001290:	22fa      	movs	r2, #250	@ 0xfa
10001292:	2300      	movs	r3, #0
10001294:	0092      	lsls	r2, r2, #2
10001296:	f001 fef5 	bl	10003084 <__wrap___aeabi_uldivmod>
1000129a:	0005      	movs	r5, r0
1000129c:	683b      	ldr	r3, [r7, #0]
1000129e:	1aeb      	subs	r3, r5, r3
100012a0:	2b64      	cmp	r3, #100	@ 0x64
100012a2:	d902      	bls.n	100012aa <encoder_process+0x2e>
100012a4:	4b33      	ldr	r3, [pc, #204]	@ (10001374 <encoder_process+0xf8>)
100012a6:	429d      	cmp	r5, r3
100012a8:	d91b      	bls.n	100012e2 <encoder_process+0x66>
100012aa:	2244      	movs	r2, #68	@ 0x44
100012ac:	5cb3      	ldrb	r3, [r6, r2]
100012ae:	42a3      	cmp	r3, r4
100012b0:	d124      	bne.n	100012fc <encoder_process+0x80>
100012b2:	2201      	movs	r2, #1
100012b4:	6933      	ldr	r3, [r6, #16]
100012b6:	68f1      	ldr	r1, [r6, #12]
100012b8:	3308      	adds	r3, #8
100012ba:	409a      	lsls	r2, r3
100012bc:	6848      	ldr	r0, [r1, #4]
100012be:	4210      	tst	r0, r2
100012c0:	d145      	bne.n	1000134e <encoder_process+0xd2>
100012c2:	009b      	lsls	r3, r3, #2
100012c4:	585c      	ldr	r4, [r3, r1]
100012c6:	b2e3      	uxtb	r3, r4
100012c8:	4699      	mov	r9, r3
100012ca:	2303      	movs	r3, #3
100012cc:	401c      	ands	r4, r3
100012ce:	f001 fb39 	bl	10002944 <time_us_64>
100012d2:	2900      	cmp	r1, #0
100012d4:	d1dc      	bne.n	10001290 <encoder_process+0x14>
100012d6:	21fa      	movs	r1, #250	@ 0xfa
100012d8:	0089      	lsls	r1, r1, #2
100012da:	f001 fe95 	bl	10003008 <__wrap___aeabi_uidiv>
100012de:	0005      	movs	r5, r0
100012e0:	e7dc      	b.n	1000129c <encoder_process+0x20>
100012e2:	464a      	mov	r2, r9
100012e4:	2301      	movs	r3, #1
100012e6:	0021      	movs	r1, r4
100012e8:	4013      	ands	r3, r2
100012ea:	4823      	ldr	r0, [pc, #140]	@ (10001378 <encoder_process+0xfc>)
100012ec:	0862      	lsrs	r2, r4, #1
100012ee:	f004 fc6d 	bl	10005bcc <__wrap_printf>
100012f2:	2244      	movs	r2, #68	@ 0x44
100012f4:	603d      	str	r5, [r7, #0]
100012f6:	5cb3      	ldrb	r3, [r6, r2]
100012f8:	42a3      	cmp	r3, r4
100012fa:	d0da      	beq.n	100012b2 <encoder_process+0x36>
100012fc:	5cb3      	ldrb	r3, [r6, r2]
100012fe:	491f      	ldr	r1, [pc, #124]	@ (1000137c <encoder_process+0x100>)
10001300:	009b      	lsls	r3, r3, #2
10001302:	4323      	orrs	r3, r4
10001304:	b2db      	uxtb	r3, r3
10001306:	56cd      	ldrsb	r5, [r1, r3]
10001308:	4641      	mov	r1, r8
1000130a:	2913      	cmp	r1, #19
1000130c:	dd24      	ble.n	10001358 <encoder_process+0xdc>
1000130e:	2301      	movs	r3, #1
10001310:	469c      	mov	ip, r3
10001312:	44e0      	add	r8, ip
10001314:	2d00      	cmp	r5, #0
10001316:	d010      	beq.n	1000133a <encoder_process+0xbe>
10001318:	69b3      	ldr	r3, [r6, #24]
1000131a:	18eb      	adds	r3, r5, r3
1000131c:	61b3      	str	r3, [r6, #24]
1000131e:	6a33      	ldr	r3, [r6, #32]
10001320:	3301      	adds	r3, #1
10001322:	6233      	str	r3, [r6, #32]
10001324:	2324      	movs	r3, #36	@ 0x24
10001326:	2d00      	cmp	r5, #0
10001328:	dd1e      	ble.n	10001368 <encoder_process+0xec>
1000132a:	2201      	movs	r2, #1
1000132c:	54f2      	strb	r2, [r6, r3]
1000132e:	6a32      	ldr	r2, [r6, #32]
10001330:	68b3      	ldr	r3, [r6, #8]
10001332:	429a      	cmp	r2, r3
10001334:	db01      	blt.n	1000133a <encoder_process+0xbe>
10001336:	2300      	movs	r3, #0
10001338:	6233      	str	r3, [r6, #32]
1000133a:	2344      	movs	r3, #68	@ 0x44
1000133c:	2201      	movs	r2, #1
1000133e:	54f4      	strb	r4, [r6, r3]
10001340:	6933      	ldr	r3, [r6, #16]
10001342:	68f1      	ldr	r1, [r6, #12]
10001344:	3308      	adds	r3, #8
10001346:	409a      	lsls	r2, r3
10001348:	6848      	ldr	r0, [r1, #4]
1000134a:	4210      	tst	r0, r2
1000134c:	d0b9      	beq.n	100012c2 <encoder_process+0x46>
1000134e:	b003      	add	sp, #12
10001350:	bcc0      	pop	{r6, r7}
10001352:	46b9      	mov	r9, r7
10001354:	46b0      	mov	r8, r6
10001356:	bdf0      	pop	{r4, r5, r6, r7, pc}
10001358:	5cb1      	ldrb	r1, [r6, r2]
1000135a:	4809      	ldr	r0, [pc, #36]	@ (10001380 <encoder_process+0x104>)
1000135c:	0022      	movs	r2, r4
1000135e:	b2c9      	uxtb	r1, r1
10001360:	9500      	str	r5, [sp, #0]
10001362:	f004 fc33 	bl	10005bcc <__wrap_printf>
10001366:	e7d2      	b.n	1000130e <encoder_process+0x92>
10001368:	2200      	movs	r2, #0
1000136a:	54f2      	strb	r2, [r6, r3]
1000136c:	e7df      	b.n	1000132e <encoder_process+0xb2>
1000136e:	46c0      	nop			@ (mov r8, r8)
10001370:	20001fa8 	.word	0x20001fa8
10001374:	0000270f 	.word	0x0000270f
10001378:	10008f10 	.word	0x10008f10
1000137c:	10009100 	.word	0x10009100
10001380:	10008f2c 	.word	0x10008f2c

10001384 <encoder_get_count>:
10001384:	6980      	ldr	r0, [r0, #24]
10001386:	4770      	bx	lr

10001388 <encoder_get_revolutions>:
10001388:	69c0      	ldr	r0, [r0, #28]
1000138a:	4770      	bx	lr

1000138c <encoder_get_pulses_this_rev>:
1000138c:	6a00      	ldr	r0, [r0, #32]
1000138e:	4770      	bx	lr

10001390 <encoder_get_direction>:
10001390:	2324      	movs	r3, #36	@ 0x24
10001392:	5cc0      	ldrb	r0, [r0, r3]
10001394:	b2c0      	uxtb	r0, r0
10001396:	4770      	bx	lr

10001398 <encoder_get_rpm>:
10001398:	6c00      	ldr	r0, [r0, #64]	@ 0x40
1000139a:	4770      	bx	lr

1000139c <encoder_calculate_rpm>:
1000139c:	b5f0      	push	{r4, r5, r6, r7, lr}
1000139e:	4646      	mov	r6, r8
100013a0:	46d6      	mov	lr, sl
100013a2:	464f      	mov	r7, r9
100013a4:	b5c0      	push	{r6, r7, lr}
100013a6:	4680      	mov	r8, r0
100013a8:	f001 facc 	bl	10002944 <time_us_64>
100013ac:	4643      	mov	r3, r8
100013ae:	0004      	movs	r4, r0
100013b0:	6b9a      	ldr	r2, [r3, #56]	@ 0x38
100013b2:	6bdb      	ldr	r3, [r3, #60]	@ 0x3c
100013b4:	000d      	movs	r5, r1
100013b6:	1aa4      	subs	r4, r4, r2
100013b8:	419d      	sbcs	r5, r3
100013ba:	0006      	movs	r6, r0
100013bc:	000f      	movs	r7, r1
100013be:	2d00      	cmp	r5, #0
100013c0:	d102      	bne.n	100013c8 <encoder_calculate_rpm+0x2c>
100013c2:	4b16      	ldr	r3, [pc, #88]	@ (1000141c <encoder_calculate_rpm+0x80>)
100013c4:	429c      	cmp	r4, r3
100013c6:	d924      	bls.n	10001412 <encoder_calculate_rpm+0x76>
100013c8:	4643      	mov	r3, r8
100013ca:	699b      	ldr	r3, [r3, #24]
100013cc:	469a      	mov	sl, r3
100013ce:	4643      	mov	r3, r8
100013d0:	6b18      	ldr	r0, [r3, #48]	@ 0x30
100013d2:	4653      	mov	r3, sl
100013d4:	1a18      	subs	r0, r3, r0
100013d6:	f002 fc7f 	bl	10003cd8 <__wrap___aeabi_i2f>
100013da:	4643      	mov	r3, r8
100013dc:	4681      	mov	r9, r0
100013de:	6898      	ldr	r0, [r3, #8]
100013e0:	f002 fc7a 	bl	10003cd8 <__wrap___aeabi_i2f>
100013e4:	1c01      	adds	r1, r0, #0
100013e6:	4648      	mov	r0, r9
100013e8:	f002 fc55 	bl	10003c96 <__wrap___aeabi_fdiv>
100013ec:	0029      	movs	r1, r5
100013ee:	4681      	mov	r9, r0
100013f0:	0020      	movs	r0, r4
100013f2:	f002 fc95 	bl	10003d20 <__wrap___aeabi_ul2f>
100013f6:	1c01      	adds	r1, r0, #0
100013f8:	4809      	ldr	r0, [pc, #36]	@ (10001420 <encoder_calculate_rpm+0x84>)
100013fa:	f002 fc4c 	bl	10003c96 <__wrap___aeabi_fdiv>
100013fe:	1c01      	adds	r1, r0, #0
10001400:	4648      	mov	r0, r9
10001402:	f002 fc5c 	bl	10003cbe <__wrap___aeabi_fmul>
10001406:	4643      	mov	r3, r8
10001408:	4652      	mov	r2, sl
1000140a:	639e      	str	r6, [r3, #56]	@ 0x38
1000140c:	63df      	str	r7, [r3, #60]	@ 0x3c
1000140e:	6418      	str	r0, [r3, #64]	@ 0x40
10001410:	631a      	str	r2, [r3, #48]	@ 0x30
10001412:	bce0      	pop	{r5, r6, r7}
10001414:	46ba      	mov	sl, r7
10001416:	46b1      	mov	r9, r6
10001418:	46a8      	mov	r8, r5
1000141a:	bdf0      	pop	{r4, r5, r6, r7, pc}
1000141c:	0001869f 	.word	0x0001869f
10001420:	4c64e1c0 	.word	0x4c64e1c0

10001424 <gpio_default_irq_handler>:
10001424:	23d0      	movs	r3, #208	@ 0xd0
10001426:	061b      	lsls	r3, r3, #24
10001428:	681b      	ldr	r3, [r3, #0]
1000142a:	4aac      	ldr	r2, [pc, #688]	@ (100016dc <gpio_default_irq_handler+0x2b8>)
1000142c:	0099      	lsls	r1, r3, #2
1000142e:	b5f0      	push	{r4, r5, r6, r7, lr}
10001430:	46de      	mov	lr, fp
10001432:	468b      	mov	fp, r1
10001434:	5851      	ldr	r1, [r2, r1]
10001436:	425a      	negs	r2, r3
10001438:	4153      	adcs	r3, r2
1000143a:	222f      	movs	r2, #47	@ 0x2f
1000143c:	4657      	mov	r7, sl
1000143e:	464e      	mov	r6, r9
10001440:	4645      	mov	r5, r8
10001442:	425b      	negs	r3, r3
10001444:	4393      	bics	r3, r2
10001446:	469a      	mov	sl, r3
10001448:	4ba5      	ldr	r3, [pc, #660]	@ (100016e0 <gpio_default_irq_handler+0x2bc>)
1000144a:	b5e0      	push	{r5, r6, r7, lr}
1000144c:	469c      	mov	ip, r3
1000144e:	b083      	sub	sp, #12
10001450:	2600      	movs	r6, #0
10001452:	9101      	str	r1, [sp, #4]
10001454:	44e2      	add	sl, ip
10001456:	2900      	cmp	r1, #0
10001458:	d038      	beq.n	100014cc <gpio_default_irq_handler+0xa8>
1000145a:	4ba2      	ldr	r3, [pc, #648]	@ (100016e4 <gpio_default_irq_handler+0x2c0>)
1000145c:	4699      	mov	r9, r3
1000145e:	4652      	mov	r2, sl
10001460:	08f3      	lsrs	r3, r6, #3
10001462:	3308      	adds	r3, #8
10001464:	009b      	lsls	r3, r3, #2
10001466:	589d      	ldr	r5, [r3, r2]
10001468:	2301      	movs	r3, #1
1000146a:	0034      	movs	r4, r6
1000146c:	4698      	mov	r8, r3
1000146e:	3608      	adds	r6, #8
10001470:	2d00      	cmp	r5, #0
10001472:	d022      	beq.n	100014ba <gpio_default_irq_handler+0x96>
10001474:	210f      	movs	r1, #15
10001476:	0020      	movs	r0, r4
10001478:	4029      	ands	r1, r5
1000147a:	3401      	adds	r4, #1
1000147c:	092d      	lsrs	r5, r5, #4
1000147e:	2900      	cmp	r1, #0
10001480:	d019      	beq.n	100014b6 <gpio_default_irq_handler+0x92>
10001482:	464b      	mov	r3, r9
10001484:	465a      	mov	r2, fp
10001486:	589a      	ldr	r2, [r3, r2]
10001488:	0003      	movs	r3, r0
1000148a:	40c2      	lsrs	r2, r0
1000148c:	3b20      	subs	r3, #32
1000148e:	17db      	asrs	r3, r3, #31
10001490:	4013      	ands	r3, r2
10001492:	4642      	mov	r2, r8
10001494:	4213      	tst	r3, r2
10001496:	d10c      	bne.n	100014b2 <gpio_default_irq_handler+0x8e>
10001498:	2207      	movs	r2, #7
1000149a:	000f      	movs	r7, r1
1000149c:	4002      	ands	r2, r0
1000149e:	0092      	lsls	r2, r2, #2
100014a0:	4097      	lsls	r7, r2
100014a2:	003a      	movs	r2, r7
100014a4:	08c3      	lsrs	r3, r0, #3
100014a6:	4f90      	ldr	r7, [pc, #576]	@ (100016e8 <gpio_default_irq_handler+0x2c4>)
100014a8:	333c      	adds	r3, #60	@ 0x3c
100014aa:	009b      	lsls	r3, r3, #2
100014ac:	51da      	str	r2, [r3, r7]
100014ae:	9b01      	ldr	r3, [sp, #4]
100014b0:	4798      	blx	r3
100014b2:	2d00      	cmp	r5, #0
100014b4:	d001      	beq.n	100014ba <gpio_default_irq_handler+0x96>
100014b6:	42b4      	cmp	r4, r6
100014b8:	d3dc      	bcc.n	10001474 <gpio_default_irq_handler+0x50>
100014ba:	2e20      	cmp	r6, #32
100014bc:	d1cf      	bne.n	1000145e <gpio_default_irq_handler+0x3a>
100014be:	b003      	add	sp, #12
100014c0:	bcf0      	pop	{r4, r5, r6, r7}
100014c2:	46bb      	mov	fp, r7
100014c4:	46b2      	mov	sl, r6
100014c6:	46a9      	mov	r9, r5
100014c8:	46a0      	mov	r8, r4
100014ca:	bdf0      	pop	{r4, r5, r6, r7, pc}
100014cc:	4e85      	ldr	r6, [pc, #532]	@ (100016e4 <gpio_default_irq_handler+0x2c0>)
100014ce:	465f      	mov	r7, fp
100014d0:	2100      	movs	r1, #0
100014d2:	230f      	movs	r3, #15
100014d4:	46b3      	mov	fp, r6
100014d6:	08cc      	lsrs	r4, r1, #3
100014d8:	0022      	movs	r2, r4
100014da:	4650      	mov	r0, sl
100014dc:	3208      	adds	r2, #8
100014de:	0092      	lsls	r2, r2, #2
100014e0:	5812      	ldr	r2, [r2, r0]
100014e2:	2a00      	cmp	r2, #0
100014e4:	d100      	bne.n	100014e8 <gpio_default_irq_handler+0xc4>
100014e6:	e0d0      	b.n	1000168a <gpio_default_irq_handler+0x266>
100014e8:	0018      	movs	r0, r3
100014ea:	4010      	ands	r0, r2
100014ec:	4680      	mov	r8, r0
100014ee:	0910      	lsrs	r0, r2, #4
100014f0:	4213      	tst	r3, r2
100014f2:	d01a      	beq.n	1000152a <gpio_default_irq_handler+0x106>
100014f4:	465d      	mov	r5, fp
100014f6:	59ed      	ldr	r5, [r5, r7]
100014f8:	46a9      	mov	r9, r5
100014fa:	2520      	movs	r5, #32
100014fc:	426d      	negs	r5, r5
100014fe:	46ac      	mov	ip, r5
10001500:	448c      	add	ip, r1
10001502:	4665      	mov	r5, ip
10001504:	17ed      	asrs	r5, r5, #31
10001506:	46ac      	mov	ip, r5
10001508:	464d      	mov	r5, r9
1000150a:	40cd      	lsrs	r5, r1
1000150c:	46a9      	mov	r9, r5
1000150e:	4665      	mov	r5, ip
10001510:	464e      	mov	r6, r9
10001512:	4035      	ands	r5, r6
10001514:	2601      	movs	r6, #1
10001516:	4235      	tst	r5, r6
10001518:	d104      	bne.n	10001524 <gpio_default_irq_handler+0x100>
1000151a:	4646      	mov	r6, r8
1000151c:	4d72      	ldr	r5, [pc, #456]	@ (100016e8 <gpio_default_irq_handler+0x2c4>)
1000151e:	343c      	adds	r4, #60	@ 0x3c
10001520:	00a4      	lsls	r4, r4, #2
10001522:	5166      	str	r6, [r4, r5]
10001524:	2800      	cmp	r0, #0
10001526:	d100      	bne.n	1000152a <gpio_default_irq_handler+0x106>
10001528:	e0af      	b.n	1000168a <gpio_default_irq_handler+0x266>
1000152a:	001c      	movs	r4, r3
1000152c:	4004      	ands	r4, r0
1000152e:	46a4      	mov	ip, r4
10001530:	0a14      	lsrs	r4, r2, #8
10001532:	4203      	tst	r3, r0
10001534:	d01a      	beq.n	1000156c <gpio_default_irq_handler+0x148>
10001536:	1c48      	adds	r0, r1, #1
10001538:	4680      	mov	r8, r0
1000153a:	4658      	mov	r0, fp
1000153c:	59c0      	ldr	r0, [r0, r7]
1000153e:	4646      	mov	r6, r8
10001540:	4681      	mov	r9, r0
10001542:	464d      	mov	r5, r9
10001544:	0008      	movs	r0, r1
10001546:	40f5      	lsrs	r5, r6
10001548:	381f      	subs	r0, #31
1000154a:	17c0      	asrs	r0, r0, #31
1000154c:	4028      	ands	r0, r5
1000154e:	2501      	movs	r5, #1
10001550:	4228      	tst	r0, r5
10001552:	d108      	bne.n	10001566 <gpio_default_irq_handler+0x142>
10001554:	4665      	mov	r5, ip
10001556:	012d      	lsls	r5, r5, #4
10001558:	46ac      	mov	ip, r5
1000155a:	08f0      	lsrs	r0, r6, #3
1000155c:	4666      	mov	r6, ip
1000155e:	4d62      	ldr	r5, [pc, #392]	@ (100016e8 <gpio_default_irq_handler+0x2c4>)
10001560:	303c      	adds	r0, #60	@ 0x3c
10001562:	0080      	lsls	r0, r0, #2
10001564:	5146      	str	r6, [r0, r5]
10001566:	2c00      	cmp	r4, #0
10001568:	d100      	bne.n	1000156c <gpio_default_irq_handler+0x148>
1000156a:	e08e      	b.n	1000168a <gpio_default_irq_handler+0x266>
1000156c:	0018      	movs	r0, r3
1000156e:	4020      	ands	r0, r4
10001570:	4684      	mov	ip, r0
10001572:	0b10      	lsrs	r0, r2, #12
10001574:	4223      	tst	r3, r4
10001576:	d011      	beq.n	1000159c <gpio_default_irq_handler+0x178>
10001578:	1c8c      	adds	r4, r1, #2
1000157a:	46a0      	mov	r8, r4
1000157c:	465c      	mov	r4, fp
1000157e:	59e4      	ldr	r4, [r4, r7]
10001580:	4646      	mov	r6, r8
10001582:	46a1      	mov	r9, r4
10001584:	464d      	mov	r5, r9
10001586:	000c      	movs	r4, r1
10001588:	40f5      	lsrs	r5, r6
1000158a:	3c1e      	subs	r4, #30
1000158c:	17e4      	asrs	r4, r4, #31
1000158e:	402c      	ands	r4, r5
10001590:	2501      	movs	r5, #1
10001592:	422c      	tst	r4, r5
10001594:	d100      	bne.n	10001598 <gpio_default_irq_handler+0x174>
10001596:	e082      	b.n	1000169e <gpio_default_irq_handler+0x27a>
10001598:	2800      	cmp	r0, #0
1000159a:	d076      	beq.n	1000168a <gpio_default_irq_handler+0x266>
1000159c:	001c      	movs	r4, r3
1000159e:	4004      	ands	r4, r0
100015a0:	46a4      	mov	ip, r4
100015a2:	0c14      	lsrs	r4, r2, #16
100015a4:	4203      	tst	r3, r0
100015a6:	d010      	beq.n	100015ca <gpio_default_irq_handler+0x1a6>
100015a8:	1cc8      	adds	r0, r1, #3
100015aa:	4680      	mov	r8, r0
100015ac:	4658      	mov	r0, fp
100015ae:	59c0      	ldr	r0, [r0, r7]
100015b0:	4646      	mov	r6, r8
100015b2:	4681      	mov	r9, r0
100015b4:	464d      	mov	r5, r9
100015b6:	0008      	movs	r0, r1
100015b8:	40f5      	lsrs	r5, r6
100015ba:	381d      	subs	r0, #29
100015bc:	17c0      	asrs	r0, r0, #31
100015be:	4028      	ands	r0, r5
100015c0:	2501      	movs	r5, #1
100015c2:	4228      	tst	r0, r5
100015c4:	d075      	beq.n	100016b2 <gpio_default_irq_handler+0x28e>
100015c6:	2c00      	cmp	r4, #0
100015c8:	d05f      	beq.n	1000168a <gpio_default_irq_handler+0x266>
100015ca:	0018      	movs	r0, r3
100015cc:	4020      	ands	r0, r4
100015ce:	4680      	mov	r8, r0
100015d0:	0d10      	lsrs	r0, r2, #20
100015d2:	4223      	tst	r3, r4
100015d4:	d00e      	beq.n	100015f4 <gpio_default_irq_handler+0x1d0>
100015d6:	1d0c      	adds	r4, r1, #4
100015d8:	46a4      	mov	ip, r4
100015da:	4665      	mov	r5, ip
100015dc:	4c41      	ldr	r4, [pc, #260]	@ (100016e4 <gpio_default_irq_handler+0x2c0>)
100015de:	59e4      	ldr	r4, [r4, r7]
100015e0:	40ec      	lsrs	r4, r5
100015e2:	46a1      	mov	r9, r4
100015e4:	000c      	movs	r4, r1
100015e6:	464d      	mov	r5, r9
100015e8:	3c1c      	subs	r4, #28
100015ea:	0fe4      	lsrs	r4, r4, #31
100015ec:	422c      	tst	r4, r5
100015ee:	d06a      	beq.n	100016c6 <gpio_default_irq_handler+0x2a2>
100015f0:	2800      	cmp	r0, #0
100015f2:	d04a      	beq.n	1000168a <gpio_default_irq_handler+0x266>
100015f4:	001c      	movs	r4, r3
100015f6:	4004      	ands	r4, r0
100015f8:	46a4      	mov	ip, r4
100015fa:	0e14      	lsrs	r4, r2, #24
100015fc:	4203      	tst	r3, r0
100015fe:	d018      	beq.n	10001632 <gpio_default_irq_handler+0x20e>
10001600:	1d48      	adds	r0, r1, #5
10001602:	4680      	mov	r8, r0
10001604:	4645      	mov	r5, r8
10001606:	4837      	ldr	r0, [pc, #220]	@ (100016e4 <gpio_default_irq_handler+0x2c0>)
10001608:	59c0      	ldr	r0, [r0, r7]
1000160a:	40e8      	lsrs	r0, r5
1000160c:	4681      	mov	r9, r0
1000160e:	0008      	movs	r0, r1
10001610:	464d      	mov	r5, r9
10001612:	381b      	subs	r0, #27
10001614:	0fc0      	lsrs	r0, r0, #31
10001616:	4228      	tst	r0, r5
10001618:	d109      	bne.n	1000162e <gpio_default_irq_handler+0x20a>
1000161a:	4665      	mov	r5, ip
1000161c:	052d      	lsls	r5, r5, #20
1000161e:	46ac      	mov	ip, r5
10001620:	4640      	mov	r0, r8
10001622:	4666      	mov	r6, ip
10001624:	08c0      	lsrs	r0, r0, #3
10001626:	4d30      	ldr	r5, [pc, #192]	@ (100016e8 <gpio_default_irq_handler+0x2c4>)
10001628:	303c      	adds	r0, #60	@ 0x3c
1000162a:	0080      	lsls	r0, r0, #2
1000162c:	5146      	str	r6, [r0, r5]
1000162e:	2c00      	cmp	r4, #0
10001630:	d02b      	beq.n	1000168a <gpio_default_irq_handler+0x266>
10001632:	0018      	movs	r0, r3
10001634:	4020      	ands	r0, r4
10001636:	4684      	mov	ip, r0
10001638:	0f12      	lsrs	r2, r2, #28
1000163a:	4223      	tst	r3, r4
1000163c:	d02a      	beq.n	10001694 <gpio_default_irq_handler+0x270>
1000163e:	4829      	ldr	r0, [pc, #164]	@ (100016e4 <gpio_default_irq_handler+0x2c0>)
10001640:	1d8c      	adds	r4, r1, #6
10001642:	4681      	mov	r9, r0
10001644:	59c0      	ldr	r0, [r0, r7]
10001646:	40e0      	lsrs	r0, r4
10001648:	4680      	mov	r8, r0
1000164a:	0008      	movs	r0, r1
1000164c:	4645      	mov	r5, r8
1000164e:	381a      	subs	r0, #26
10001650:	0fc0      	lsrs	r0, r0, #31
10001652:	4228      	tst	r0, r5
10001654:	d106      	bne.n	10001664 <gpio_default_irq_handler+0x240>
10001656:	08e0      	lsrs	r0, r4, #3
10001658:	4664      	mov	r4, ip
1000165a:	4d23      	ldr	r5, [pc, #140]	@ (100016e8 <gpio_default_irq_handler+0x2c4>)
1000165c:	303c      	adds	r0, #60	@ 0x3c
1000165e:	0624      	lsls	r4, r4, #24
10001660:	0080      	lsls	r0, r0, #2
10001662:	5144      	str	r4, [r0, r5]
10001664:	2a00      	cmp	r2, #0
10001666:	d010      	beq.n	1000168a <gpio_default_irq_handler+0x266>
10001668:	4648      	mov	r0, r9
1000166a:	59c0      	ldr	r0, [r0, r7]
1000166c:	1dcc      	adds	r4, r1, #7
1000166e:	40e0      	lsrs	r0, r4
10001670:	4684      	mov	ip, r0
10001672:	0008      	movs	r0, r1
10001674:	4665      	mov	r5, ip
10001676:	3819      	subs	r0, #25
10001678:	0fc0      	lsrs	r0, r0, #31
1000167a:	4228      	tst	r0, r5
1000167c:	d105      	bne.n	1000168a <gpio_default_irq_handler+0x266>
1000167e:	08e0      	lsrs	r0, r4, #3
10001680:	303c      	adds	r0, #60	@ 0x3c
10001682:	4c19      	ldr	r4, [pc, #100]	@ (100016e8 <gpio_default_irq_handler+0x2c4>)
10001684:	0712      	lsls	r2, r2, #28
10001686:	0080      	lsls	r0, r0, #2
10001688:	5102      	str	r2, [r0, r4]
1000168a:	3108      	adds	r1, #8
1000168c:	2920      	cmp	r1, #32
1000168e:	d000      	beq.n	10001692 <gpio_default_irq_handler+0x26e>
10001690:	e721      	b.n	100014d6 <gpio_default_irq_handler+0xb2>
10001692:	e714      	b.n	100014be <gpio_default_irq_handler+0x9a>
10001694:	2a00      	cmp	r2, #0
10001696:	d0f8      	beq.n	1000168a <gpio_default_irq_handler+0x266>
10001698:	4812      	ldr	r0, [pc, #72]	@ (100016e4 <gpio_default_irq_handler+0x2c0>)
1000169a:	4681      	mov	r9, r0
1000169c:	e7e4      	b.n	10001668 <gpio_default_irq_handler+0x244>
1000169e:	4665      	mov	r5, ip
100016a0:	022d      	lsls	r5, r5, #8
100016a2:	46ac      	mov	ip, r5
100016a4:	08f4      	lsrs	r4, r6, #3
100016a6:	4666      	mov	r6, ip
100016a8:	4d0f      	ldr	r5, [pc, #60]	@ (100016e8 <gpio_default_irq_handler+0x2c4>)
100016aa:	343c      	adds	r4, #60	@ 0x3c
100016ac:	00a4      	lsls	r4, r4, #2
100016ae:	5166      	str	r6, [r4, r5]
100016b0:	e772      	b.n	10001598 <gpio_default_irq_handler+0x174>
100016b2:	4665      	mov	r5, ip
100016b4:	032d      	lsls	r5, r5, #12
100016b6:	46ac      	mov	ip, r5
100016b8:	08f0      	lsrs	r0, r6, #3
100016ba:	4666      	mov	r6, ip
100016bc:	4d0a      	ldr	r5, [pc, #40]	@ (100016e8 <gpio_default_irq_handler+0x2c4>)
100016be:	303c      	adds	r0, #60	@ 0x3c
100016c0:	0080      	lsls	r0, r0, #2
100016c2:	5146      	str	r6, [r0, r5]
100016c4:	e77f      	b.n	100015c6 <gpio_default_irq_handler+0x1a2>
100016c6:	4645      	mov	r5, r8
100016c8:	042d      	lsls	r5, r5, #16
100016ca:	46a8      	mov	r8, r5
100016cc:	4664      	mov	r4, ip
100016ce:	4646      	mov	r6, r8
100016d0:	08e4      	lsrs	r4, r4, #3
100016d2:	4d05      	ldr	r5, [pc, #20]	@ (100016e8 <gpio_default_irq_handler+0x2c4>)
100016d4:	343c      	adds	r4, #60	@ 0x3c
100016d6:	00a4      	lsls	r4, r4, #2
100016d8:	5166      	str	r6, [r4, r5]
100016da:	e789      	b.n	100015f0 <gpio_default_irq_handler+0x1cc>
100016dc:	20001b28 	.word	0x20001b28
100016e0:	40014130 	.word	0x40014130
100016e4:	20001ff4 	.word	0x20001ff4
100016e8:	40014000 	.word	0x40014000

100016ec <gpio_set_function>:
100016ec:	4a09      	ldr	r2, [pc, #36]	@ (10001714 <gpio_set_function+0x28>)
100016ee:	0083      	lsls	r3, r0, #2
100016f0:	189a      	adds	r2, r3, r2
100016f2:	b510      	push	{r4, lr}
100016f4:	6814      	ldr	r4, [r2, #0]
100016f6:	2240      	movs	r2, #64	@ 0x40
100016f8:	4054      	eors	r4, r2
100016fa:	3280      	adds	r2, #128	@ 0x80
100016fc:	4022      	ands	r2, r4
100016fe:	4c06      	ldr	r4, [pc, #24]	@ (10001718 <gpio_set_function+0x2c>)
10001700:	00c0      	lsls	r0, r0, #3
10001702:	46a4      	mov	ip, r4
10001704:	4463      	add	r3, ip
10001706:	601a      	str	r2, [r3, #0]
10001708:	4b04      	ldr	r3, [pc, #16]	@ (1000171c <gpio_set_function+0x30>)
1000170a:	469c      	mov	ip, r3
1000170c:	4460      	add	r0, ip
1000170e:	6041      	str	r1, [r0, #4]
10001710:	bd10      	pop	{r4, pc}
10001712:	46c0      	nop			@ (mov r8, r8)
10001714:	4001c004 	.word	0x4001c004
10001718:	4001d004 	.word	0x4001d004
1000171c:	40014000 	.word	0x40014000

10001720 <gpio_set_pulls>:
10001720:	4b07      	ldr	r3, [pc, #28]	@ (10001740 <gpio_set_pulls+0x20>)
10001722:	0080      	lsls	r0, r0, #2
10001724:	18c3      	adds	r3, r0, r3
10001726:	681b      	ldr	r3, [r3, #0]
10001728:	00c9      	lsls	r1, r1, #3
1000172a:	0092      	lsls	r2, r2, #2
1000172c:	430a      	orrs	r2, r1
1000172e:	405a      	eors	r2, r3
10001730:	230c      	movs	r3, #12
10001732:	4013      	ands	r3, r2
10001734:	4a03      	ldr	r2, [pc, #12]	@ (10001744 <gpio_set_pulls+0x24>)
10001736:	4694      	mov	ip, r2
10001738:	4460      	add	r0, ip
1000173a:	6003      	str	r3, [r0, #0]
1000173c:	4770      	bx	lr
1000173e:	46c0      	nop			@ (mov r8, r8)
10001740:	4001c004 	.word	0x4001c004
10001744:	4001d004 	.word	0x4001d004

10001748 <gpio_set_irq_enabled_with_callback>:
10001748:	b5f8      	push	{r3, r4, r5, r6, r7, lr}
1000174a:	4645      	mov	r5, r8
1000174c:	4698      	mov	r8, r3
1000174e:	23d0      	movs	r3, #208	@ 0xd0
10001750:	061b      	lsls	r3, r3, #24
10001752:	46de      	mov	lr, fp
10001754:	681c      	ldr	r4, [r3, #0]
10001756:	469b      	mov	fp, r3
10001758:	4b2b      	ldr	r3, [pc, #172]	@ (10001808 <gpio_set_irq_enabled_with_callback+0xc0>)
1000175a:	4657      	mov	r7, sl
1000175c:	469a      	mov	sl, r3
1000175e:	00a3      	lsls	r3, r4, #2
10001760:	464e      	mov	r6, r9
10001762:	4699      	mov	r9, r3
10001764:	b5e0      	push	{r5, r6, r7, lr}
10001766:	4653      	mov	r3, sl
10001768:	0016      	movs	r6, r2
1000176a:	464a      	mov	r2, r9
1000176c:	589b      	ldr	r3, [r3, r2]
1000176e:	0007      	movs	r7, r0
10001770:	000d      	movs	r5, r1
10001772:	2b00      	cmp	r3, #0
10001774:	d034      	beq.n	100017e0 <gpio_set_irq_enabled_with_callback+0x98>
10001776:	4643      	mov	r3, r8
10001778:	2b00      	cmp	r3, #0
1000177a:	d03f      	beq.n	100017fc <gpio_set_irq_enabled_with_callback+0xb4>
1000177c:	4653      	mov	r3, sl
1000177e:	464a      	mov	r2, r9
10001780:	4641      	mov	r1, r8
10001782:	5099      	str	r1, [r3, r2]
10001784:	23d0      	movs	r3, #208	@ 0xd0
10001786:	061b      	lsls	r3, r3, #24
10001788:	681c      	ldr	r4, [r3, #0]
1000178a:	4263      	negs	r3, r4
1000178c:	415c      	adcs	r4, r3
1000178e:	222f      	movs	r2, #47	@ 0x2f
10001790:	2007      	movs	r0, #7
10001792:	4263      	negs	r3, r4
10001794:	4393      	bics	r3, r2
10001796:	4a1d      	ldr	r2, [pc, #116]	@ (1000180c <gpio_set_irq_enabled_with_callback+0xc4>)
10001798:	4038      	ands	r0, r7
1000179a:	4694      	mov	ip, r2
1000179c:	08fa      	lsrs	r2, r7, #3
1000179e:	0011      	movs	r1, r2
100017a0:	0080      	lsls	r0, r0, #2
100017a2:	4085      	lsls	r5, r0
100017a4:	313c      	adds	r1, #60	@ 0x3c
100017a6:	481a      	ldr	r0, [pc, #104]	@ (10001810 <gpio_set_irq_enabled_with_callback+0xc8>)
100017a8:	4463      	add	r3, ip
100017aa:	0089      	lsls	r1, r1, #2
100017ac:	0092      	lsls	r2, r2, #2
100017ae:	500d      	str	r5, [r1, r0]
100017b0:	189b      	adds	r3, r3, r2
100017b2:	2e00      	cmp	r6, #0
100017b4:	d00e      	beq.n	100017d4 <gpio_set_irq_enabled_with_callback+0x8c>
100017b6:	2280      	movs	r2, #128	@ 0x80
100017b8:	0192      	lsls	r2, r2, #6
100017ba:	4694      	mov	ip, r2
100017bc:	4463      	add	r3, ip
100017be:	2101      	movs	r1, #1
100017c0:	200d      	movs	r0, #13
100017c2:	601d      	str	r5, [r3, #0]
100017c4:	f000 f920 	bl	10001a08 <irq_set_enabled>
100017c8:	bcf0      	pop	{r4, r5, r6, r7}
100017ca:	46bb      	mov	fp, r7
100017cc:	46b2      	mov	sl, r6
100017ce:	46a9      	mov	r9, r5
100017d0:	46a0      	mov	r8, r4
100017d2:	bdf8      	pop	{r3, r4, r5, r6, r7, pc}
100017d4:	22c0      	movs	r2, #192	@ 0xc0
100017d6:	0192      	lsls	r2, r2, #6
100017d8:	4694      	mov	ip, r2
100017da:	4463      	add	r3, ip
100017dc:	601d      	str	r5, [r3, #0]
100017de:	e7f3      	b.n	100017c8 <gpio_set_irq_enabled_with_callback+0x80>
100017e0:	4643      	mov	r3, r8
100017e2:	2b00      	cmp	r3, #0
100017e4:	d0d1      	beq.n	1000178a <gpio_set_irq_enabled_with_callback+0x42>
100017e6:	4653      	mov	r3, sl
100017e8:	4641      	mov	r1, r8
100017ea:	200d      	movs	r0, #13
100017ec:	5099      	str	r1, [r3, r2]
100017ee:	2200      	movs	r2, #0
100017f0:	4908      	ldr	r1, [pc, #32]	@ (10001814 <gpio_set_irq_enabled_with_callback+0xcc>)
100017f2:	f000 f96b 	bl	10001acc <irq_add_shared_handler>
100017f6:	465b      	mov	r3, fp
100017f8:	681c      	ldr	r4, [r3, #0]
100017fa:	e7c6      	b.n	1000178a <gpio_set_irq_enabled_with_callback+0x42>
100017fc:	200d      	movs	r0, #13
100017fe:	4905      	ldr	r1, [pc, #20]	@ (10001814 <gpio_set_irq_enabled_with_callback+0xcc>)
10001800:	f000 fa5e 	bl	10001cc0 <irq_remove_handler>
10001804:	e7ba      	b.n	1000177c <gpio_set_irq_enabled_with_callback+0x34>
10001806:	46c0      	nop			@ (mov r8, r8)
10001808:	20001b28 	.word	0x20001b28
1000180c:	40014130 	.word	0x40014130
10001810:	40014000 	.word	0x40014000
10001814:	10001425 	.word	0x10001425

10001818 <gpio_init>:
10001818:	2301      	movs	r3, #1
1000181a:	22d0      	movs	r2, #208	@ 0xd0
1000181c:	4083      	lsls	r3, r0
1000181e:	0612      	lsls	r2, r2, #24
10001820:	6293      	str	r3, [r2, #40]	@ 0x28
10001822:	6193      	str	r3, [r2, #24]
10001824:	4a09      	ldr	r2, [pc, #36]	@ (1000184c <gpio_init+0x34>)
10001826:	0083      	lsls	r3, r0, #2
10001828:	189a      	adds	r2, r3, r2
1000182a:	6811      	ldr	r1, [r2, #0]
1000182c:	2240      	movs	r2, #64	@ 0x40
1000182e:	4051      	eors	r1, r2
10001830:	3280      	adds	r2, #128	@ 0x80
10001832:	400a      	ands	r2, r1
10001834:	4906      	ldr	r1, [pc, #24]	@ (10001850 <gpio_init+0x38>)
10001836:	00c0      	lsls	r0, r0, #3
10001838:	468c      	mov	ip, r1
1000183a:	4463      	add	r3, ip
1000183c:	601a      	str	r2, [r3, #0]
1000183e:	4b05      	ldr	r3, [pc, #20]	@ (10001854 <gpio_init+0x3c>)
10001840:	469c      	mov	ip, r3
10001842:	2305      	movs	r3, #5
10001844:	4460      	add	r0, ip
10001846:	6043      	str	r3, [r0, #4]
10001848:	4770      	bx	lr
1000184a:	46c0      	nop			@ (mov r8, r8)
1000184c:	4001c004 	.word	0x4001c004
10001850:	4001d004 	.word	0x4001d004
10001854:	40014000 	.word	0x40014000

10001858 <rp2040_chip_version>:
10001858:	2380      	movs	r3, #128	@ 0x80
1000185a:	05db      	lsls	r3, r3, #23
1000185c:	6818      	ldr	r0, [r3, #0]
1000185e:	0f00      	lsrs	r0, r0, #28
10001860:	4770      	bx	lr
10001862:	46c0      	nop			@ (mov r8, r8)

10001864 <panic>:
10001864:	b40f      	push	{r0, r1, r2, r3}
10001866:	b500      	push	{lr}
10001868:	4808      	ldr	r0, [pc, #32]	@ (1000188c <panic+0x28>)
1000186a:	b083      	sub	sp, #12
1000186c:	f004 f92a 	bl	10005ac4 <__wrap_puts>
10001870:	9b04      	ldr	r3, [sp, #16]
10001872:	2b00      	cmp	r3, #0
10001874:	d007      	beq.n	10001886 <panic+0x22>
10001876:	a905      	add	r1, sp, #20
10001878:	0018      	movs	r0, r3
1000187a:	9101      	str	r1, [sp, #4]
1000187c:	f003 ff78 	bl	10005770 <weak_raw_vprintf>
10001880:	4803      	ldr	r0, [pc, #12]	@ (10001890 <panic+0x2c>)
10001882:	f004 f91f 	bl	10005ac4 <__wrap_puts>
10001886:	2001      	movs	r0, #1
10001888:	f003 ff8a 	bl	100057a0 <_exit>
1000188c:	10008f5c 	.word	0x10008f5c
10001890:	10008f6c 	.word	0x10008f6c

10001894 <hw_claim_lock>:
10001894:	f3ef 8010 	mrs	r0, PRIMASK
10001898:	b672      	cpsid	i
1000189a:	4a03      	ldr	r2, [pc, #12]	@ (100018a8 <hw_claim_lock+0x14>)
1000189c:	6813      	ldr	r3, [r2, #0]
1000189e:	2b00      	cmp	r3, #0
100018a0:	d0fc      	beq.n	1000189c <hw_claim_lock+0x8>
100018a2:	f3bf 8f5f 	dmb	sy
100018a6:	4770      	bx	lr
100018a8:	d000012c 	.word	0xd000012c

100018ac <hw_claim_unlock>:
100018ac:	f3bf 8f5f 	dmb	sy
100018b0:	2200      	movs	r2, #0
100018b2:	4b02      	ldr	r3, [pc, #8]	@ (100018bc <hw_claim_unlock+0x10>)
100018b4:	601a      	str	r2, [r3, #0]
100018b6:	f380 8810 	msr	PRIMASK, r0
100018ba:	4770      	bx	lr
100018bc:	d000012c 	.word	0xd000012c

100018c0 <hw_claim_or_assert>:
100018c0:	b570      	push	{r4, r5, r6, lr}
100018c2:	f3ef 8c10 	mrs	ip, PRIMASK
100018c6:	b672      	cpsid	i
100018c8:	4d0d      	ldr	r5, [pc, #52]	@ (10001900 <hw_claim_or_assert+0x40>)
100018ca:	682b      	ldr	r3, [r5, #0]
100018cc:	2b00      	cmp	r3, #0
100018ce:	d0fc      	beq.n	100018ca <hw_claim_or_assert+0xa>
100018d0:	f3bf 8f5f 	dmb	sy
100018d4:	2407      	movs	r4, #7
100018d6:	08cb      	lsrs	r3, r1, #3
100018d8:	18c6      	adds	r6, r0, r3
100018da:	5cc0      	ldrb	r0, [r0, r3]
100018dc:	2301      	movs	r3, #1
100018de:	400c      	ands	r4, r1
100018e0:	40a3      	lsls	r3, r4
100018e2:	001c      	movs	r4, r3
100018e4:	4004      	ands	r4, r0
100018e6:	4203      	tst	r3, r0
100018e8:	d107      	bne.n	100018fa <hw_claim_or_assert+0x3a>
100018ea:	4318      	orrs	r0, r3
100018ec:	7030      	strb	r0, [r6, #0]
100018ee:	f3bf 8f5f 	dmb	sy
100018f2:	602c      	str	r4, [r5, #0]
100018f4:	f38c 8810 	msr	PRIMASK, ip
100018f8:	bd70      	pop	{r4, r5, r6, pc}
100018fa:	0010      	movs	r0, r2
100018fc:	f7ff ffb2 	bl	10001864 <panic>
10001900:	d000012c 	.word	0xd000012c

10001904 <hw_claim_unused_from_range>:
10001904:	b5f8      	push	{r3, r4, r5, r6, r7, lr}
10001906:	4647      	mov	r7, r8
10001908:	46ce      	mov	lr, r9
1000190a:	4688      	mov	r8, r1
1000190c:	b580      	push	{r7, lr}
1000190e:	f3ef 8c10 	mrs	ip, PRIMASK
10001912:	b672      	cpsid	i
10001914:	4d1c      	ldr	r5, [pc, #112]	@ (10001988 <hw_claim_unused_from_range+0x84>)
10001916:	682c      	ldr	r4, [r5, #0]
10001918:	2c00      	cmp	r4, #0
1000191a:	d0fc      	beq.n	10001916 <hw_claim_unused_from_range+0x12>
1000191c:	f3bf 8f5f 	dmb	sy
10001920:	429a      	cmp	r2, r3
10001922:	d822      	bhi.n	1000196a <hw_claim_unused_from_range+0x66>
10001924:	2107      	movs	r1, #7
10001926:	2601      	movs	r6, #1
10001928:	4689      	mov	r9, r1
1000192a:	e002      	b.n	10001932 <hw_claim_unused_from_range+0x2e>
1000192c:	3201      	adds	r2, #1
1000192e:	4293      	cmp	r3, r2
10001930:	d318      	bcc.n	10001964 <hw_claim_unused_from_range+0x60>
10001932:	464d      	mov	r5, r9
10001934:	0037      	movs	r7, r6
10001936:	4015      	ands	r5, r2
10001938:	40af      	lsls	r7, r5
1000193a:	08d4      	lsrs	r4, r2, #3
1000193c:	1901      	adds	r1, r0, r4
1000193e:	5d04      	ldrb	r4, [r0, r4]
10001940:	4227      	tst	r7, r4
10001942:	d1f3      	bne.n	1000192c <hw_claim_unused_from_range+0x28>
10001944:	0010      	movs	r0, r2
10001946:	433c      	orrs	r4, r7
10001948:	700c      	strb	r4, [r1, #0]
1000194a:	f3bf 8f5f 	dmb	sy
1000194e:	2200      	movs	r2, #0
10001950:	4b0d      	ldr	r3, [pc, #52]	@ (10001988 <hw_claim_unused_from_range+0x84>)
10001952:	601a      	str	r2, [r3, #0]
10001954:	f38c 8810 	msr	PRIMASK, ip
10001958:	2800      	cmp	r0, #0
1000195a:	db0e      	blt.n	1000197a <hw_claim_unused_from_range+0x76>
1000195c:	bcc0      	pop	{r6, r7}
1000195e:	46b9      	mov	r9, r7
10001960:	46b0      	mov	r8, r6
10001962:	bdf8      	pop	{r3, r4, r5, r6, r7, pc}
10001964:	2001      	movs	r0, #1
10001966:	4240      	negs	r0, r0
10001968:	e7ef      	b.n	1000194a <hw_claim_unused_from_range+0x46>
1000196a:	f3bf 8f5f 	dmb	sy
1000196e:	2300      	movs	r3, #0
10001970:	602b      	str	r3, [r5, #0]
10001972:	f38c 8810 	msr	PRIMASK, ip
10001976:	2001      	movs	r0, #1
10001978:	4240      	negs	r0, r0
1000197a:	4643      	mov	r3, r8
1000197c:	2b00      	cmp	r3, #0
1000197e:	d0ed      	beq.n	1000195c <hw_claim_unused_from_range+0x58>
10001980:	9808      	ldr	r0, [sp, #32]
10001982:	f7ff ff6f 	bl	10001864 <panic>
10001986:	46c0      	nop			@ (mov r8, r8)
10001988:	d000012c 	.word	0xd000012c

1000198c <next_striped_spin_lock_num>:
1000198c:	4a04      	ldr	r2, [pc, #16]	@ (100019a0 <next_striped_spin_lock_num+0x14>)
1000198e:	7810      	ldrb	r0, [r2, #0]
10001990:	1c43      	adds	r3, r0, #1
10001992:	b2db      	uxtb	r3, r3
10001994:	2b17      	cmp	r3, #23
10001996:	d900      	bls.n	1000199a <next_striped_spin_lock_num+0xe>
10001998:	2310      	movs	r3, #16
1000199a:	7013      	strb	r3, [r2, #0]
1000199c:	4770      	bx	lr
1000199e:	46c0      	nop			@ (mov r8, r8)
100019a0:	20000fe0 	.word	0x20000fe0

100019a4 <spin_lock_claim_unused>:
100019a4:	b510      	push	{r4, lr}
100019a6:	4b06      	ldr	r3, [pc, #24]	@ (100019c0 <spin_lock_claim_unused+0x1c>)
100019a8:	4c06      	ldr	r4, [pc, #24]	@ (100019c4 <spin_lock_claim_unused+0x20>)
100019aa:	b082      	sub	sp, #8
100019ac:	0001      	movs	r1, r0
100019ae:	9300      	str	r3, [sp, #0]
100019b0:	2218      	movs	r2, #24
100019b2:	231f      	movs	r3, #31
100019b4:	0020      	movs	r0, r4
100019b6:	f7ff ffa5 	bl	10001904 <hw_claim_unused_from_range>
100019ba:	b002      	add	sp, #8
100019bc:	bd10      	pop	{r4, pc}
100019be:	46c0      	nop			@ (mov r8, r8)
100019c0:	10008f70 	.word	0x10008f70
100019c4:	20001b38 	.word	0x20001b38

100019c8 <spin_locks_reset>:
100019c8:	2100      	movs	r1, #0
100019ca:	4b04      	ldr	r3, [pc, #16]	@ (100019dc <spin_locks_reset+0x14>)
100019cc:	4a04      	ldr	r2, [pc, #16]	@ (100019e0 <spin_locks_reset+0x18>)
100019ce:	f3bf 8f5f 	dmb	sy
100019d2:	c302      	stmia	r3!, {r1}
100019d4:	4293      	cmp	r3, r2
100019d6:	d1fa      	bne.n	100019ce <spin_locks_reset+0x6>
100019d8:	4770      	bx	lr
100019da:	46c0      	nop			@ (mov r8, r8)
100019dc:	d0000100 	.word	0xd0000100
100019e0:	d0000180 	.word	0xd0000180

100019e4 <runtime_init_per_core_irq_priorities>:
100019e4:	4b05      	ldr	r3, [pc, #20]	@ (100019fc <runtime_init_per_core_irq_priorities+0x18>)
100019e6:	4a06      	ldr	r2, [pc, #24]	@ (10001a00 <runtime_init_per_core_irq_priorities+0x1c>)
100019e8:	6013      	str	r3, [r2, #0]
100019ea:	4a06      	ldr	r2, [pc, #24]	@ (10001a04 <runtime_init_per_core_irq_priorities+0x20>)
100019ec:	6013      	str	r3, [r2, #0]
100019ee:	6053      	str	r3, [r2, #4]
100019f0:	6093      	str	r3, [r2, #8]
100019f2:	60d3      	str	r3, [r2, #12]
100019f4:	6113      	str	r3, [r2, #16]
100019f6:	6153      	str	r3, [r2, #20]
100019f8:	6193      	str	r3, [r2, #24]
100019fa:	4770      	bx	lr
100019fc:	80808080 	.word	0x80808080
10001a00:	e000e400 	.word	0xe000e400
10001a04:	e000e404 	.word	0xe000e404

10001a08 <irq_set_enabled>:
10001a08:	231f      	movs	r3, #31
10001a0a:	4018      	ands	r0, r3
10001a0c:	3b1e      	subs	r3, #30
10001a0e:	4083      	lsls	r3, r0
10001a10:	2900      	cmp	r1, #0
10001a12:	d005      	beq.n	10001a20 <irq_set_enabled+0x18>
10001a14:	21c0      	movs	r1, #192	@ 0xc0
10001a16:	4a04      	ldr	r2, [pc, #16]	@ (10001a28 <irq_set_enabled+0x20>)
10001a18:	0049      	lsls	r1, r1, #1
10001a1a:	5053      	str	r3, [r2, r1]
10001a1c:	6013      	str	r3, [r2, #0]
10001a1e:	4770      	bx	lr
10001a20:	2280      	movs	r2, #128	@ 0x80
10001a22:	4901      	ldr	r1, [pc, #4]	@ (10001a28 <irq_set_enabled+0x20>)
10001a24:	508b      	str	r3, [r1, r2]
10001a26:	e7fa      	b.n	10001a1e <irq_set_enabled+0x16>
10001a28:	e000e100 	.word	0xe000e100

10001a2c <irq_is_enabled>:
10001a2c:	2201      	movs	r2, #1
10001a2e:	4082      	lsls	r2, r0
10001a30:	4b03      	ldr	r3, [pc, #12]	@ (10001a40 <irq_is_enabled+0x14>)
10001a32:	681b      	ldr	r3, [r3, #0]
10001a34:	4013      	ands	r3, r2
10001a36:	1e5a      	subs	r2, r3, #1
10001a38:	4193      	sbcs	r3, r2
10001a3a:	b2d8      	uxtb	r0, r3
10001a3c:	4770      	bx	lr
10001a3e:	46c0      	nop			@ (mov r8, r8)
10001a40:	e000e100 	.word	0xe000e100

10001a44 <irq_set_pending>:
10001a44:	2301      	movs	r3, #1
10001a46:	4083      	lsls	r3, r0
10001a48:	4a01      	ldr	r2, [pc, #4]	@ (10001a50 <irq_set_pending+0xc>)
10001a4a:	6013      	str	r3, [r2, #0]
10001a4c:	4770      	bx	lr
10001a4e:	46c0      	nop			@ (mov r8, r8)
10001a50:	e000e200 	.word	0xe000e200

10001a54 <irq_has_shared_handler>:
10001a54:	4b06      	ldr	r3, [pc, #24]	@ (10001a70 <irq_has_shared_handler+0x1c>)
10001a56:	3010      	adds	r0, #16
10001a58:	689b      	ldr	r3, [r3, #8]
10001a5a:	0080      	lsls	r0, r0, #2
10001a5c:	58c3      	ldr	r3, [r0, r3]
10001a5e:	4a05      	ldr	r2, [pc, #20]	@ (10001a74 <irq_has_shared_handler+0x20>)
10001a60:	2000      	movs	r0, #0
10001a62:	1a9b      	subs	r3, r3, r2
10001a64:	222f      	movs	r2, #47	@ 0x2f
10001a66:	429a      	cmp	r2, r3
10001a68:	4140      	adcs	r0, r0
10001a6a:	b2c0      	uxtb	r0, r0
10001a6c:	4770      	bx	lr
10001a6e:	46c0      	nop			@ (mov r8, r8)
10001a70:	e000ed00 	.word	0xe000ed00
10001a74:	20000fe4 	.word	0x20000fe4

10001a78 <irq_set_exclusive_handler>:
10001a78:	b570      	push	{r4, r5, r6, lr}
10001a7a:	000d      	movs	r5, r1
10001a7c:	f3ef 8610 	mrs	r6, PRIMASK
10001a80:	b672      	cpsid	i
10001a82:	4a0f      	ldr	r2, [pc, #60]	@ (10001ac0 <irq_set_exclusive_handler+0x48>)
10001a84:	6813      	ldr	r3, [r2, #0]
10001a86:	2b00      	cmp	r3, #0
10001a88:	d0fc      	beq.n	10001a84 <irq_set_exclusive_handler+0xc>
10001a8a:	f3bf 8f5f 	dmb	sy
10001a8e:	4b0d      	ldr	r3, [pc, #52]	@ (10001ac4 <irq_set_exclusive_handler+0x4c>)
10001a90:	3010      	adds	r0, #16
10001a92:	689b      	ldr	r3, [r3, #8]
10001a94:	0084      	lsls	r4, r0, #2
10001a96:	591b      	ldr	r3, [r3, r4]
10001a98:	4a0b      	ldr	r2, [pc, #44]	@ (10001ac8 <irq_set_exclusive_handler+0x50>)
10001a9a:	4293      	cmp	r3, r2
10001a9c:	d003      	beq.n	10001aa6 <irq_set_exclusive_handler+0x2e>
10001a9e:	429d      	cmp	r5, r3
10001aa0:	d001      	beq.n	10001aa6 <irq_set_exclusive_handler+0x2e>
10001aa2:	f001 f95f 	bl	10002d64 <hard_assertion_failure>
10001aa6:	4b07      	ldr	r3, [pc, #28]	@ (10001ac4 <irq_set_exclusive_handler+0x4c>)
10001aa8:	689b      	ldr	r3, [r3, #8]
10001aaa:	511d      	str	r5, [r3, r4]
10001aac:	f3bf 8f5f 	dmb	sy
10001ab0:	f3bf 8f5f 	dmb	sy
10001ab4:	2200      	movs	r2, #0
10001ab6:	4b02      	ldr	r3, [pc, #8]	@ (10001ac0 <irq_set_exclusive_handler+0x48>)
10001ab8:	601a      	str	r2, [r3, #0]
10001aba:	f386 8810 	msr	PRIMASK, r6
10001abe:	bd70      	pop	{r4, r5, r6, pc}
10001ac0:	d0000124 	.word	0xd0000124
10001ac4:	e000ed00 	.word	0xe000ed00
10001ac8:	100001c1 	.word	0x100001c1

10001acc <irq_add_shared_handler>:
10001acc:	b5f0      	push	{r4, r5, r6, r7, lr}
10001ace:	4657      	mov	r7, sl
10001ad0:	464e      	mov	r6, r9
10001ad2:	46de      	mov	lr, fp
10001ad4:	4645      	mov	r5, r8
10001ad6:	b5e0      	push	{r5, r6, r7, lr}
10001ad8:	b085      	sub	sp, #20
10001ada:	0006      	movs	r6, r0
10001adc:	9100      	str	r1, [sp, #0]
10001ade:	0017      	movs	r7, r2
10001ae0:	f3ef 8b10 	mrs	fp, PRIMASK
10001ae4:	b672      	cpsid	i
10001ae6:	4a6a      	ldr	r2, [pc, #424]	@ (10001c90 <irq_add_shared_handler+0x1c4>)
10001ae8:	6813      	ldr	r3, [r2, #0]
10001aea:	2b00      	cmp	r3, #0
10001aec:	d0fc      	beq.n	10001ae8 <irq_add_shared_handler+0x1c>
10001aee:	f3bf 8f5f 	dmb	sy
10001af2:	2500      	movs	r5, #0
10001af4:	4b67      	ldr	r3, [pc, #412]	@ (10001c94 <irq_add_shared_handler+0x1c8>)
10001af6:	575d      	ldrsb	r5, [r3, r5]
10001af8:	469a      	mov	sl, r3
10001afa:	2d00      	cmp	r5, #0
10001afc:	da00      	bge.n	10001b00 <irq_add_shared_handler+0x34>
10001afe:	e0a9      	b.n	10001c54 <irq_add_shared_handler+0x188>
10001b00:	006b      	lsls	r3, r5, #1
10001b02:	4c65      	ldr	r4, [pc, #404]	@ (10001c98 <irq_add_shared_handler+0x1cc>)
10001b04:	9301      	str	r3, [sp, #4]
10001b06:	195b      	adds	r3, r3, r5
10001b08:	009b      	lsls	r3, r3, #2
10001b0a:	4698      	mov	r8, r3
10001b0c:	46a1      	mov	r9, r4
10001b0e:	44c1      	add	r9, r8
10001b10:	464b      	mov	r3, r9
10001b12:	4652      	mov	r2, sl
10001b14:	799b      	ldrb	r3, [r3, #6]
10001b16:	3610      	adds	r6, #16
10001b18:	7013      	strb	r3, [r2, #0]
10001b1a:	4b60      	ldr	r3, [pc, #384]	@ (10001c9c <irq_add_shared_handler+0x1d0>)
10001b1c:	00b6      	lsls	r6, r6, #2
10001b1e:	689b      	ldr	r3, [r3, #8]
10001b20:	5999      	ldr	r1, [r3, r6]
10001b22:	1b0b      	subs	r3, r1, r4
10001b24:	2b2f      	cmp	r3, #47	@ 0x2f
10001b26:	d933      	bls.n	10001b90 <irq_add_shared_handler+0xc4>
10001b28:	4b5d      	ldr	r3, [pc, #372]	@ (10001ca0 <irq_add_shared_handler+0x1d4>)
10001b2a:	4299      	cmp	r1, r3
10001b2c:	d000      	beq.n	10001b30 <irq_add_shared_handler+0x64>
10001b2e:	e0ac      	b.n	10001c8a <irq_add_shared_handler+0x1be>
10001b30:	9b01      	ldr	r3, [sp, #4]
10001b32:	4642      	mov	r2, r8
10001b34:	469c      	mov	ip, r3
10001b36:	4b5b      	ldr	r3, [pc, #364]	@ (10001ca4 <irq_add_shared_handler+0x1d8>)
10001b38:	4465      	add	r5, ip
10001b3a:	00ad      	lsls	r5, r5, #2
10001b3c:	5363      	strh	r3, [r4, r5]
10001b3e:	4b5a      	ldr	r3, [pc, #360]	@ (10001ca8 <irq_add_shared_handler+0x1dc>)
10001b40:	3202      	adds	r2, #2
10001b42:	18a2      	adds	r2, r4, r2
10001b44:	3b04      	subs	r3, #4
10001b46:	1a9b      	subs	r3, r3, r2
10001b48:	051b      	lsls	r3, r3, #20
10001b4a:	4a58      	ldr	r2, [pc, #352]	@ (10001cac <irq_add_shared_handler+0x1e0>)
10001b4c:	0d5b      	lsrs	r3, r3, #21
10001b4e:	1965      	adds	r5, r4, r5
10001b50:	4313      	orrs	r3, r2
10001b52:	806b      	strh	r3, [r5, #2]
10001b54:	4b56      	ldr	r3, [pc, #344]	@ (10001cb0 <irq_add_shared_handler+0x1e4>)
10001b56:	2101      	movs	r1, #1
10001b58:	80ab      	strh	r3, [r5, #4]
10001b5a:	23ff      	movs	r3, #255	@ 0xff
10001b5c:	71ab      	strb	r3, [r5, #6]
10001b5e:	9b00      	ldr	r3, [sp, #0]
10001b60:	71ef      	strb	r7, [r5, #7]
10001b62:	60ab      	str	r3, [r5, #8]
10001b64:	464b      	mov	r3, r9
10001b66:	430b      	orrs	r3, r1
10001b68:	0019      	movs	r1, r3
10001b6a:	4b4c      	ldr	r3, [pc, #304]	@ (10001c9c <irq_add_shared_handler+0x1d0>)
10001b6c:	689b      	ldr	r3, [r3, #8]
10001b6e:	5199      	str	r1, [r3, r6]
10001b70:	f3bf 8f5f 	dmb	sy
10001b74:	f3bf 8f5f 	dmb	sy
10001b78:	2200      	movs	r2, #0
10001b7a:	4b45      	ldr	r3, [pc, #276]	@ (10001c90 <irq_add_shared_handler+0x1c4>)
10001b7c:	601a      	str	r2, [r3, #0]
10001b7e:	f38b 8810 	msr	PRIMASK, fp
10001b82:	b005      	add	sp, #20
10001b84:	bcf0      	pop	{r4, r5, r6, r7}
10001b86:	46bb      	mov	fp, r7
10001b88:	46b2      	mov	sl, r6
10001b8a:	46a9      	mov	r9, r5
10001b8c:	46a0      	mov	r8, r4
10001b8e:	bdf0      	pop	{r4, r5, r6, r7, pc}
10001b90:	2001      	movs	r0, #1
10001b92:	000a      	movs	r2, r1
10001b94:	4382      	bics	r2, r0
10001b96:	79d3      	ldrb	r3, [r2, #7]
10001b98:	468c      	mov	ip, r1
10001b9a:	42bb      	cmp	r3, r7
10001b9c:	d831      	bhi.n	10001c02 <irq_add_shared_handler+0x136>
10001b9e:	4645      	mov	r5, r8
10001ba0:	0013      	movs	r3, r2
10001ba2:	4944      	ldr	r1, [pc, #272]	@ (10001cb4 <irq_add_shared_handler+0x1e8>)
10001ba4:	1b1b      	subs	r3, r3, r4
10001ba6:	415b      	adcs	r3, r3
10001ba8:	4359      	muls	r1, r3
10001baa:	0d09      	lsrs	r1, r1, #20
10001bac:	4b3d      	ldr	r3, [pc, #244]	@ (10001ca4 <irq_add_shared_handler+0x1d8>)
10001bae:	5363      	strh	r3, [r4, r5]
10001bb0:	4b3d      	ldr	r3, [pc, #244]	@ (10001ca8 <irq_add_shared_handler+0x1dc>)
10001bb2:	3502      	adds	r5, #2
10001bb4:	1965      	adds	r5, r4, r5
10001bb6:	3b04      	subs	r3, #4
10001bb8:	1b5b      	subs	r3, r3, r5
10001bba:	051b      	lsls	r3, r3, #20
10001bbc:	4d3b      	ldr	r5, [pc, #236]	@ (10001cac <irq_add_shared_handler+0x1e0>)
10001bbe:	0d5b      	lsrs	r3, r3, #21
10001bc0:	432b      	orrs	r3, r5
10001bc2:	46aa      	mov	sl, r5
10001bc4:	464d      	mov	r5, r9
10001bc6:	806b      	strh	r3, [r5, #2]
10001bc8:	2504      	movs	r5, #4
10001bca:	46ac      	mov	ip, r5
10001bcc:	4655      	mov	r5, sl
10001bce:	44e0      	add	r8, ip
10001bd0:	1f13      	subs	r3, r2, #4
10001bd2:	4444      	add	r4, r8
10001bd4:	1b1b      	subs	r3, r3, r4
10001bd6:	051b      	lsls	r3, r3, #20
10001bd8:	0d5b      	lsrs	r3, r3, #21
10001bda:	431d      	orrs	r5, r3
10001bdc:	464b      	mov	r3, r9
10001bde:	7199      	strb	r1, [r3, #6]
10001be0:	9900      	ldr	r1, [sp, #0]
10001be2:	809d      	strh	r5, [r3, #4]
10001be4:	6099      	str	r1, [r3, #8]
10001be6:	4649      	mov	r1, r9
10001be8:	71df      	strb	r7, [r3, #7]
10001bea:	4b33      	ldr	r3, [pc, #204]	@ (10001cb8 <irq_add_shared_handler+0x1ec>)
10001bec:	4301      	orrs	r1, r0
10001bee:	6013      	str	r3, [r2, #0]
10001bf0:	e7bb      	b.n	10001b6a <irq_add_shared_handler+0x9e>
10001bf2:	0058      	lsls	r0, r3, #1
10001bf4:	18c0      	adds	r0, r0, r3
10001bf6:	0080      	lsls	r0, r0, #2
10001bf8:	1820      	adds	r0, r4, r0
10001bfa:	79c1      	ldrb	r1, [r0, #7]
10001bfc:	42b9      	cmp	r1, r7
10001bfe:	d92f      	bls.n	10001c60 <irq_add_shared_handler+0x194>
10001c00:	0002      	movs	r2, r0
10001c02:	2306      	movs	r3, #6
10001c04:	56d3      	ldrsb	r3, [r2, r3]
10001c06:	2b00      	cmp	r3, #0
10001c08:	daf3      	bge.n	10001bf2 <irq_add_shared_handler+0x126>
10001c0a:	9302      	str	r3, [sp, #8]
10001c0c:	4b2b      	ldr	r3, [pc, #172]	@ (10001cbc <irq_add_shared_handler+0x1f0>)
10001c0e:	4661      	mov	r1, ip
10001c10:	9303      	str	r3, [sp, #12]
10001c12:	1d13      	adds	r3, r2, #4
10001c14:	469a      	mov	sl, r3
10001c16:	2304      	movs	r3, #4
10001c18:	425b      	negs	r3, r3
10001c1a:	469c      	mov	ip, r3
10001c1c:	44e1      	add	r9, ip
10001c1e:	4650      	mov	r0, sl
10001c20:	464b      	mov	r3, r9
10001c22:	1a1b      	subs	r3, r3, r0
10001c24:	051b      	lsls	r3, r3, #20
10001c26:	0d5b      	lsrs	r3, r3, #21
10001c28:	469c      	mov	ip, r3
10001c2a:	4b20      	ldr	r3, [pc, #128]	@ (10001cac <irq_add_shared_handler+0x1e0>)
10001c2c:	7195      	strb	r5, [r2, #6]
10001c2e:	4698      	mov	r8, r3
10001c30:	4663      	mov	r3, ip
10001c32:	4640      	mov	r0, r8
10001c34:	4303      	orrs	r3, r0
10001c36:	8093      	strh	r3, [r2, #4]
10001c38:	9b01      	ldr	r3, [sp, #4]
10001c3a:	195a      	adds	r2, r3, r5
10001c3c:	0092      	lsls	r2, r2, #2
10001c3e:	9b03      	ldr	r3, [sp, #12]
10001c40:	18a4      	adds	r4, r4, r2
10001c42:	80a3      	strh	r3, [r4, #4]
10001c44:	9b02      	ldr	r3, [sp, #8]
10001c46:	4a1c      	ldr	r2, [pc, #112]	@ (10001cb8 <irq_add_shared_handler+0x1ec>)
10001c48:	71a3      	strb	r3, [r4, #6]
10001c4a:	9b00      	ldr	r3, [sp, #0]
10001c4c:	6022      	str	r2, [r4, #0]
10001c4e:	71e7      	strb	r7, [r4, #7]
10001c50:	60a3      	str	r3, [r4, #8]
10001c52:	e78a      	b.n	10001b6a <irq_add_shared_handler+0x9e>
10001c54:	f001 f886 	bl	10002d64 <hard_assertion_failure>
10001c58:	2500      	movs	r5, #0
10001c5a:	4653      	mov	r3, sl
10001c5c:	575d      	ldrsb	r5, [r3, r5]
10001c5e:	e74f      	b.n	10001b00 <irq_add_shared_handler+0x34>
10001c60:	8890      	ldrh	r0, [r2, #4]
10001c62:	9302      	str	r3, [sp, #8]
10001c64:	0540      	lsls	r0, r0, #21
10001c66:	1d13      	adds	r3, r2, #4
10001c68:	469a      	mov	sl, r3
10001c6a:	1503      	asrs	r3, r0, #20
10001c6c:	4661      	mov	r1, ip
10001c6e:	469c      	mov	ip, r3
10001c70:	4640      	mov	r0, r8
10001c72:	44d4      	add	ip, sl
10001c74:	4663      	mov	r3, ip
10001c76:	3004      	adds	r0, #4
10001c78:	1820      	adds	r0, r4, r0
10001c7a:	1a18      	subs	r0, r3, r0
10001c7c:	23e0      	movs	r3, #224	@ 0xe0
10001c7e:	0500      	lsls	r0, r0, #20
10001c80:	0d40      	lsrs	r0, r0, #21
10001c82:	021b      	lsls	r3, r3, #8
10001c84:	4318      	orrs	r0, r3
10001c86:	9003      	str	r0, [sp, #12]
10001c88:	e7c5      	b.n	10001c16 <irq_add_shared_handler+0x14a>
10001c8a:	f001 f86b 	bl	10002d64 <hard_assertion_failure>
10001c8e:	e74f      	b.n	10001b30 <irq_add_shared_handler+0x64>
10001c90:	d0000124 	.word	0xd0000124
10001c94:	20002029 	.word	0x20002029
10001c98:	20000fe4 	.word	0x20000fe4
10001c9c:	e000ed00 	.word	0xe000ed00
10001ca0:	100001c1 	.word	0x100001c1
10001ca4:	ffffa100 	.word	0xffffa100
10001ca8:	20001014 	.word	0x20001014
10001cac:	ffffe000 	.word	0xffffe000
10001cb0:	ffffbd01 	.word	0xffffbd01
10001cb4:	0000aaaa 	.word	0x0000aaaa
10001cb8:	47804801 	.word	0x47804801
10001cbc:	0000bd01 	.word	0x0000bd01

10001cc0 <irq_remove_handler>:
10001cc0:	b5f0      	push	{r4, r5, r6, r7, lr}
10001cc2:	46de      	mov	lr, fp
10001cc4:	4657      	mov	r7, sl
10001cc6:	464e      	mov	r6, r9
10001cc8:	4645      	mov	r5, r8
10001cca:	b5e0      	push	{r5, r6, r7, lr}
10001ccc:	000c      	movs	r4, r1
10001cce:	b083      	sub	sp, #12
10001cd0:	f3ef 8810 	mrs	r8, PRIMASK
10001cd4:	b672      	cpsid	i
10001cd6:	4a63      	ldr	r2, [pc, #396]	@ (10001e64 <irq_remove_handler+0x1a4>)
10001cd8:	6813      	ldr	r3, [r2, #0]
10001cda:	2b00      	cmp	r3, #0
10001cdc:	d0fc      	beq.n	10001cd8 <irq_remove_handler+0x18>
10001cde:	f3bf 8f5f 	dmb	sy
10001ce2:	4b61      	ldr	r3, [pc, #388]	@ (10001e68 <irq_remove_handler+0x1a8>)
10001ce4:	4961      	ldr	r1, [pc, #388]	@ (10001e6c <irq_remove_handler+0x1ac>)
10001ce6:	689a      	ldr	r2, [r3, #8]
10001ce8:	0003      	movs	r3, r0
10001cea:	3310      	adds	r3, #16
10001cec:	009f      	lsls	r7, r3, #2
10001cee:	59d5      	ldr	r5, [r2, r7]
10001cf0:	9301      	str	r3, [sp, #4]
10001cf2:	428d      	cmp	r5, r1
10001cf4:	d043      	beq.n	10001d7e <irq_remove_handler+0xbe>
10001cf6:	42a5      	cmp	r5, r4
10001cf8:	d054      	beq.n	10001da4 <irq_remove_handler+0xe4>
10001cfa:	4e5d      	ldr	r6, [pc, #372]	@ (10001e70 <irq_remove_handler+0x1b0>)
10001cfc:	1baa      	subs	r2, r5, r6
10001cfe:	2a2f      	cmp	r2, #47	@ 0x2f
10001d00:	d83d      	bhi.n	10001d7e <irq_remove_handler+0xbe>
10001d02:	4b5c      	ldr	r3, [pc, #368]	@ (10001e74 <irq_remove_handler+0x1b4>)
10001d04:	469b      	mov	fp, r3
10001d06:	681b      	ldr	r3, [r3, #0]
10001d08:	4699      	mov	r9, r3
10001d0a:	2301      	movs	r3, #1
10001d0c:	001a      	movs	r2, r3
10001d0e:	469c      	mov	ip, r3
10001d10:	4082      	lsls	r2, r0
10001d12:	464b      	mov	r3, r9
10001d14:	4013      	ands	r3, r2
10001d16:	221f      	movs	r2, #31
10001d18:	4699      	mov	r9, r3
10001d1a:	4663      	mov	r3, ip
10001d1c:	4002      	ands	r2, r0
10001d1e:	4093      	lsls	r3, r2
10001d20:	469a      	mov	sl, r3
10001d22:	2280      	movs	r2, #128	@ 0x80
10001d24:	465b      	mov	r3, fp
10001d26:	4650      	mov	r0, sl
10001d28:	5098      	str	r0, [r3, r2]
10001d2a:	f3bf 8f5f 	dmb	sy
10001d2e:	f3ef 8305 	mrs	r3, IPSR
10001d32:	469b      	mov	fp, r3
10001d34:	2b00      	cmp	r3, #0
10001d36:	d037      	beq.n	10001da8 <irq_remove_handler+0xe8>
10001d38:	9b01      	ldr	r3, [sp, #4]
10001d3a:	455b      	cmp	r3, fp
10001d3c:	d001      	beq.n	10001d42 <irq_remove_handler+0x82>
10001d3e:	f001 f811 	bl	10002d64 <hard_assertion_failure>
10001d42:	2301      	movs	r3, #1
10001d44:	002a      	movs	r2, r5
10001d46:	439a      	bics	r2, r3
10001d48:	6890      	ldr	r0, [r2, #8]
10001d4a:	4284      	cmp	r4, r0
10001d4c:	d108      	bne.n	10001d60 <irq_remove_handler+0xa0>
10001d4e:	e076      	b.n	10001e3e <irq_remove_handler+0x17e>
10001d50:	004b      	lsls	r3, r1, #1
10001d52:	185b      	adds	r3, r3, r1
10001d54:	009b      	lsls	r3, r3, #2
10001d56:	18f3      	adds	r3, r6, r3
10001d58:	6898      	ldr	r0, [r3, #8]
10001d5a:	4284      	cmp	r4, r0
10001d5c:	d036      	beq.n	10001dcc <irq_remove_handler+0x10c>
10001d5e:	001a      	movs	r2, r3
10001d60:	2106      	movs	r1, #6
10001d62:	5651      	ldrsb	r1, [r2, r1]
10001d64:	2900      	cmp	r1, #0
10001d66:	daf3      	bge.n	10001d50 <irq_remove_handler+0x90>
10001d68:	4284      	cmp	r4, r0
10001d6a:	d054      	beq.n	10001e16 <irq_remove_handler+0x156>
10001d6c:	464b      	mov	r3, r9
10001d6e:	2b00      	cmp	r3, #0
10001d70:	d027      	beq.n	10001dc2 <irq_remove_handler+0x102>
10001d72:	22c0      	movs	r2, #192	@ 0xc0
10001d74:	4651      	mov	r1, sl
10001d76:	4b3f      	ldr	r3, [pc, #252]	@ (10001e74 <irq_remove_handler+0x1b4>)
10001d78:	0052      	lsls	r2, r2, #1
10001d7a:	5099      	str	r1, [r3, r2]
10001d7c:	6019      	str	r1, [r3, #0]
10001d7e:	4b3a      	ldr	r3, [pc, #232]	@ (10001e68 <irq_remove_handler+0x1a8>)
10001d80:	689b      	ldr	r3, [r3, #8]
10001d82:	51dd      	str	r5, [r3, r7]
10001d84:	f3bf 8f5f 	dmb	sy
10001d88:	f3bf 8f5f 	dmb	sy
10001d8c:	2200      	movs	r2, #0
10001d8e:	4b35      	ldr	r3, [pc, #212]	@ (10001e64 <irq_remove_handler+0x1a4>)
10001d90:	601a      	str	r2, [r3, #0]
10001d92:	f388 8810 	msr	PRIMASK, r8
10001d96:	b003      	add	sp, #12
10001d98:	bcf0      	pop	{r4, r5, r6, r7}
10001d9a:	46bb      	mov	fp, r7
10001d9c:	46b2      	mov	sl, r6
10001d9e:	46a9      	mov	r9, r5
10001da0:	46a0      	mov	r8, r4
10001da2:	bdf0      	pop	{r4, r5, r6, r7, pc}
10001da4:	000d      	movs	r5, r1
10001da6:	e7ea      	b.n	10001d7e <irq_remove_handler+0xbe>
10001da8:	002a      	movs	r2, r5
10001daa:	4663      	mov	r3, ip
10001dac:	439a      	bics	r2, r3
10001dae:	6890      	ldr	r0, [r2, #8]
10001db0:	4284      	cmp	r4, r0
10001db2:	d1d5      	bne.n	10001d60 <irq_remove_handler+0xa0>
10001db4:	2006      	movs	r0, #6
10001db6:	5610      	ldrsb	r0, [r2, r0]
10001db8:	0013      	movs	r3, r2
10001dba:	2800      	cmp	r0, #0
10001dbc:	da0a      	bge.n	10001dd4 <irq_remove_handler+0x114>
10001dbe:	000d      	movs	r5, r1
10001dc0:	e031      	b.n	10001e26 <irq_remove_handler+0x166>
10001dc2:	2380      	movs	r3, #128	@ 0x80
10001dc4:	4651      	mov	r1, sl
10001dc6:	4a2b      	ldr	r2, [pc, #172]	@ (10001e74 <irq_remove_handler+0x1b4>)
10001dc8:	50d1      	str	r1, [r2, r3]
10001dca:	e7d8      	b.n	10001d7e <irq_remove_handler+0xbe>
10001dcc:	2006      	movs	r0, #6
10001dce:	5618      	ldrsb	r0, [r3, r0]
10001dd0:	2800      	cmp	r0, #0
10001dd2:	db21      	blt.n	10001e18 <irq_remove_handler+0x158>
10001dd4:	0042      	lsls	r2, r0, #1
10001dd6:	1811      	adds	r1, r2, r0
10001dd8:	0089      	lsls	r1, r1, #2
10001dda:	1874      	adds	r4, r6, r1
10001ddc:	468b      	mov	fp, r1
10001dde:	68a1      	ldr	r1, [r4, #8]
10001de0:	6099      	str	r1, [r3, #8]
10001de2:	79e1      	ldrb	r1, [r4, #7]
10001de4:	71d9      	strb	r1, [r3, #7]
10001de6:	2106      	movs	r1, #6
10001de8:	5661      	ldrsb	r1, [r4, r1]
10001dea:	7199      	strb	r1, [r3, #6]
10001dec:	2900      	cmp	r1, #0
10001dee:	db24      	blt.n	10001e3a <irq_remove_handler+0x17a>
10001df0:	88a4      	ldrh	r4, [r4, #4]
10001df2:	1af1      	subs	r1, r6, r3
10001df4:	0564      	lsls	r4, r4, #21
10001df6:	1524      	asrs	r4, r4, #20
10001df8:	445c      	add	r4, fp
10001dfa:	1909      	adds	r1, r1, r4
10001dfc:	0509      	lsls	r1, r1, #20
10001dfe:	4c1e      	ldr	r4, [pc, #120]	@ (10001e78 <irq_remove_handler+0x1b8>)
10001e00:	0d49      	lsrs	r1, r1, #21
10001e02:	4321      	orrs	r1, r4
10001e04:	8099      	strh	r1, [r3, #4]
10001e06:	1813      	adds	r3, r2, r0
10001e08:	4a1c      	ldr	r2, [pc, #112]	@ (10001e7c <irq_remove_handler+0x1bc>)
10001e0a:	009b      	lsls	r3, r3, #2
10001e0c:	7811      	ldrb	r1, [r2, #0]
10001e0e:	18f3      	adds	r3, r6, r3
10001e10:	7199      	strb	r1, [r3, #6]
10001e12:	7010      	strb	r0, [r2, #0]
10001e14:	e7aa      	b.n	10001d6c <irq_remove_handler+0xac>
10001e16:	0013      	movs	r3, r2
10001e18:	4659      	mov	r1, fp
10001e1a:	2900      	cmp	r1, #0
10001e1c:	d114      	bne.n	10001e48 <irq_remove_handler+0x188>
10001e1e:	31ff      	adds	r1, #255	@ 0xff
10001e20:	7191      	strb	r1, [r2, #6]
10001e22:	4917      	ldr	r1, [pc, #92]	@ (10001e80 <irq_remove_handler+0x1c0>)
10001e24:	8091      	strh	r1, [r2, #4]
10001e26:	4915      	ldr	r1, [pc, #84]	@ (10001e7c <irq_remove_handler+0x1bc>)
10001e28:	780a      	ldrb	r2, [r1, #0]
10001e2a:	719a      	strb	r2, [r3, #6]
10001e2c:	4a15      	ldr	r2, [pc, #84]	@ (10001e84 <irq_remove_handler+0x1c4>)
10001e2e:	1b9b      	subs	r3, r3, r6
10001e30:	415b      	adcs	r3, r3
10001e32:	435a      	muls	r2, r3
10001e34:	0d12      	lsrs	r2, r2, #20
10001e36:	700a      	strb	r2, [r1, #0]
10001e38:	e798      	b.n	10001d6c <irq_remove_handler+0xac>
10001e3a:	4911      	ldr	r1, [pc, #68]	@ (10001e80 <irq_remove_handler+0x1c0>)
10001e3c:	e7e2      	b.n	10001e04 <irq_remove_handler+0x144>
10001e3e:	2006      	movs	r0, #6
10001e40:	5610      	ldrsb	r0, [r2, r0]
10001e42:	0013      	movs	r3, r2
10001e44:	2800      	cmp	r0, #0
10001e46:	dac5      	bge.n	10001dd4 <irq_remove_handler+0x114>
10001e48:	4a0f      	ldr	r2, [pc, #60]	@ (10001e88 <irq_remove_handler+0x1c8>)
10001e4a:	4910      	ldr	r1, [pc, #64]	@ (10001e8c <irq_remove_handler+0x1cc>)
10001e4c:	1ad2      	subs	r2, r2, r3
10001e4e:	3a08      	subs	r2, #8
10001e50:	0250      	lsls	r0, r2, #9
10001e52:	0d40      	lsrs	r0, r0, #21
10001e54:	4301      	orrs	r1, r0
10001e56:	8099      	strh	r1, [r3, #4]
10001e58:	490d      	ldr	r1, [pc, #52]	@ (10001e90 <irq_remove_handler+0x1d0>)
10001e5a:	0852      	lsrs	r2, r2, #1
10001e5c:	430a      	orrs	r2, r1
10001e5e:	80da      	strh	r2, [r3, #6]
10001e60:	e784      	b.n	10001d6c <irq_remove_handler+0xac>
10001e62:	46c0      	nop			@ (mov r8, r8)
10001e64:	d0000124 	.word	0xd0000124
10001e68:	e000ed00 	.word	0xe000ed00
10001e6c:	100001c1 	.word	0x100001c1
10001e70:	20000fe4 	.word	0x20000fe4
10001e74:	e000e100 	.word	0xe000e100
10001e78:	ffffe000 	.word	0xffffe000
10001e7c:	20002029 	.word	0x20002029
10001e80:	ffffbd01 	.word	0xffffbd01
10001e84:	0000aaaa 	.word	0x0000aaaa
10001e88:	2000101e 	.word	0x2000101e
10001e8c:	fffff000 	.word	0xfffff000
10001e90:	fffff800 	.word	0xfffff800

10001e94 <irq_add_tail_to_free_list>:
10001e94:	b570      	push	{r4, r5, r6, lr}
10001e96:	2401      	movs	r4, #1
10001e98:	4304      	orrs	r4, r0
10001e9a:	f3ef 8105 	mrs	r1, IPSR
10001e9e:	f3ef 8c10 	mrs	ip, PRIMASK
10001ea2:	b672      	cpsid	i
10001ea4:	4a21      	ldr	r2, [pc, #132]	@ (10001f2c <irq_add_tail_to_free_list+0x98>)
10001ea6:	6813      	ldr	r3, [r2, #0]
10001ea8:	2b00      	cmp	r3, #0
10001eaa:	d0fc      	beq.n	10001ea6 <irq_add_tail_to_free_list+0x12>
10001eac:	f3bf 8f5f 	dmb	sy
10001eb0:	4b1f      	ldr	r3, [pc, #124]	@ (10001f30 <irq_add_tail_to_free_list+0x9c>)
10001eb2:	0005      	movs	r5, r0
10001eb4:	4a1f      	ldr	r2, [pc, #124]	@ (10001f34 <irq_add_tail_to_free_list+0xa0>)
10001eb6:	1aed      	subs	r5, r5, r3
10001eb8:	416d      	adcs	r5, r5
10001eba:	436a      	muls	r2, r5
10001ebc:	0d12      	lsrs	r2, r2, #20
10001ebe:	4d1e      	ldr	r5, [pc, #120]	@ (10001f38 <irq_add_tail_to_free_list+0xa4>)
10001ec0:	0089      	lsls	r1, r1, #2
10001ec2:	68ae      	ldr	r6, [r5, #8]
10001ec4:	b252      	sxtb	r2, r2
10001ec6:	5876      	ldr	r6, [r6, r1]
10001ec8:	42a6      	cmp	r6, r4
10001eca:	d01c      	beq.n	10001f06 <irq_add_tail_to_free_list+0x72>
10001ecc:	2106      	movs	r1, #6
10001ece:	5659      	ldrsb	r1, [r3, r1]
10001ed0:	4291      	cmp	r1, r2
10001ed2:	d01c      	beq.n	10001f0e <irq_add_tail_to_free_list+0x7a>
10001ed4:	2112      	movs	r1, #18
10001ed6:	5659      	ldrsb	r1, [r3, r1]
10001ed8:	4291      	cmp	r1, r2
10001eda:	d022      	beq.n	10001f22 <irq_add_tail_to_free_list+0x8e>
10001edc:	211e      	movs	r1, #30
10001ede:	5659      	ldrsb	r1, [r3, r1]
10001ee0:	4291      	cmp	r1, r2
10001ee2:	d020      	beq.n	10001f26 <irq_add_tail_to_free_list+0x92>
10001ee4:	212a      	movs	r1, #42	@ 0x2a
10001ee6:	5659      	ldrsb	r1, [r3, r1]
10001ee8:	2403      	movs	r4, #3
10001eea:	4291      	cmp	r1, r2
10001eec:	d010      	beq.n	10001f10 <irq_add_tail_to_free_list+0x7c>
10001eee:	4b13      	ldr	r3, [pc, #76]	@ (10001f3c <irq_add_tail_to_free_list+0xa8>)
10001ef0:	7819      	ldrb	r1, [r3, #0]
10001ef2:	701a      	strb	r2, [r3, #0]
10001ef4:	7181      	strb	r1, [r0, #6]
10001ef6:	f3bf 8f5f 	dmb	sy
10001efa:	2200      	movs	r2, #0
10001efc:	4b0b      	ldr	r3, [pc, #44]	@ (10001f2c <irq_add_tail_to_free_list+0x98>)
10001efe:	601a      	str	r2, [r3, #0]
10001f00:	f38c 8810 	msr	PRIMASK, ip
10001f04:	bd70      	pop	{r4, r5, r6, pc}
10001f06:	68ab      	ldr	r3, [r5, #8]
10001f08:	4c0d      	ldr	r4, [pc, #52]	@ (10001f40 <irq_add_tail_to_free_list+0xac>)
10001f0a:	505c      	str	r4, [r3, r1]
10001f0c:	e7ef      	b.n	10001eee <irq_add_tail_to_free_list+0x5a>
10001f0e:	2400      	movs	r4, #0
10001f10:	0061      	lsls	r1, r4, #1
10001f12:	1909      	adds	r1, r1, r4
10001f14:	0089      	lsls	r1, r1, #2
10001f16:	185b      	adds	r3, r3, r1
10001f18:	21ff      	movs	r1, #255	@ 0xff
10001f1a:	7199      	strb	r1, [r3, #6]
10001f1c:	4909      	ldr	r1, [pc, #36]	@ (10001f44 <irq_add_tail_to_free_list+0xb0>)
10001f1e:	8099      	strh	r1, [r3, #4]
10001f20:	e7e5      	b.n	10001eee <irq_add_tail_to_free_list+0x5a>
10001f22:	2401      	movs	r4, #1
10001f24:	e7f4      	b.n	10001f10 <irq_add_tail_to_free_list+0x7c>
10001f26:	2402      	movs	r4, #2
10001f28:	e7f2      	b.n	10001f10 <irq_add_tail_to_free_list+0x7c>
10001f2a:	46c0      	nop			@ (mov r8, r8)
10001f2c:	d0000124 	.word	0xd0000124
10001f30:	20000fe4 	.word	0x20000fe4
10001f34:	0000aaaa 	.word	0x0000aaaa
10001f38:	e000ed00 	.word	0xe000ed00
10001f3c:	20002029 	.word	0x20002029
10001f40:	100001c1 	.word	0x100001c1
10001f44:	ffffbd01 	.word	0xffffbd01

10001f48 <user_irq_claim_unused>:
10001f48:	b510      	push	{r4, lr}
10001f4a:	4b08      	ldr	r3, [pc, #32]	@ (10001f6c <user_irq_claim_unused+0x24>)
10001f4c:	4c08      	ldr	r4, [pc, #32]	@ (10001f70 <user_irq_claim_unused+0x28>)
10001f4e:	b082      	sub	sp, #8
10001f50:	0001      	movs	r1, r0
10001f52:	9300      	str	r3, [sp, #0]
10001f54:	2200      	movs	r2, #0
10001f56:	2305      	movs	r3, #5
10001f58:	0020      	movs	r0, r4
10001f5a:	f7ff fcd3 	bl	10001904 <hw_claim_unused_from_range>
10001f5e:	2800      	cmp	r0, #0
10001f60:	db01      	blt.n	10001f66 <user_irq_claim_unused+0x1e>
10001f62:	231f      	movs	r3, #31
10001f64:	1a18      	subs	r0, r3, r0
10001f66:	b002      	add	sp, #8
10001f68:	bd10      	pop	{r4, pc}
10001f6a:	46c0      	nop			@ (mov r8, r8)
10001f6c:	10008f8c 	.word	0x10008f8c
10001f70:	2000202d 	.word	0x2000202d

10001f74 <lock_init>:
10001f74:	4b02      	ldr	r3, [pc, #8]	@ (10001f80 <lock_init+0xc>)
10001f76:	469c      	mov	ip, r3
10001f78:	4461      	add	r1, ip
10001f7a:	0089      	lsls	r1, r1, #2
10001f7c:	6001      	str	r1, [r0, #0]
10001f7e:	4770      	bx	lr
10001f80:	34000040 	.word	0x34000040

10001f84 <runtime_init_mutex>:
10001f84:	b570      	push	{r4, r5, r6, lr}
10001f86:	4c11      	ldr	r4, [pc, #68]	@ (10001fcc <runtime_init_mutex+0x48>)
10001f88:	4d11      	ldr	r5, [pc, #68]	@ (10001fd0 <runtime_init_mutex+0x4c>)
10001f8a:	42ac      	cmp	r4, r5
10001f8c:	d20f      	bcs.n	10001fae <runtime_init_mutex+0x2a>
10001f8e:	26ff      	movs	r6, #255	@ 0xff
10001f90:	6823      	ldr	r3, [r4, #0]
10001f92:	2b00      	cmp	r3, #0
10001f94:	d00c      	beq.n	10001fb0 <runtime_init_mutex+0x2c>
10001f96:	f7ff fcf9 	bl	1000198c <next_striped_spin_lock_num>
10001f9a:	0001      	movs	r1, r0
10001f9c:	0020      	movs	r0, r4
10001f9e:	f7ff ffe9 	bl	10001f74 <lock_init>
10001fa2:	80a6      	strh	r6, [r4, #4]
10001fa4:	f3bf 8f5f 	dmb	sy
10001fa8:	3408      	adds	r4, #8
10001faa:	42ac      	cmp	r4, r5
10001fac:	d3f0      	bcc.n	10001f90 <runtime_init_mutex+0xc>
10001fae:	bd70      	pop	{r4, r5, r6, pc}
10001fb0:	f7ff fcec 	bl	1000198c <next_striped_spin_lock_num>
10001fb4:	0001      	movs	r1, r0
10001fb6:	0020      	movs	r0, r4
10001fb8:	f7ff ffdc 	bl	10001f74 <lock_init>
10001fbc:	7126      	strb	r6, [r4, #4]
10001fbe:	f3bf 8f5f 	dmb	sy
10001fc2:	3408      	adds	r4, #8
10001fc4:	42ac      	cmp	r4, r5
10001fc6:	d3e3      	bcc.n	10001f90 <runtime_init_mutex+0xc>
10001fc8:	e7f1      	b.n	10001fae <runtime_init_mutex+0x2a>
10001fca:	46c0      	nop			@ (mov r8, r8)
10001fcc:	200010b0 	.word	0x200010b0
10001fd0:	200010b8 	.word	0x200010b8

10001fd4 <mutex_init>:
10001fd4:	b510      	push	{r4, lr}
10001fd6:	0004      	movs	r4, r0
10001fd8:	f7ff fcd8 	bl	1000198c <next_striped_spin_lock_num>
10001fdc:	0001      	movs	r1, r0
10001fde:	0020      	movs	r0, r4
10001fe0:	f7ff ffc8 	bl	10001f74 <lock_init>
10001fe4:	23ff      	movs	r3, #255	@ 0xff
10001fe6:	7123      	strb	r3, [r4, #4]
10001fe8:	f3bf 8f5f 	dmb	sy
10001fec:	bd10      	pop	{r4, pc}
10001fee:	46c0      	nop			@ (mov r8, r8)

10001ff0 <critical_section_init>:
10001ff0:	b510      	push	{r4, lr}
10001ff2:	0004      	movs	r4, r0
10001ff4:	2001      	movs	r0, #1
10001ff6:	f7ff fcd5 	bl	100019a4 <spin_lock_claim_unused>
10001ffa:	4b03      	ldr	r3, [pc, #12]	@ (10002008 <critical_section_init+0x18>)
10001ffc:	18c3      	adds	r3, r0, r3
10001ffe:	009b      	lsls	r3, r3, #2
10002000:	6023      	str	r3, [r4, #0]
10002002:	f3bf 8f5f 	dmb	sy
10002006:	bd10      	pop	{r4, pc}
10002008:	34000040 	.word	0x34000040

1000200c <critical_section_init_with_lock_num>:
1000200c:	4b03      	ldr	r3, [pc, #12]	@ (1000201c <critical_section_init_with_lock_num+0x10>)
1000200e:	469c      	mov	ip, r3
10002010:	4461      	add	r1, ip
10002012:	0089      	lsls	r1, r1, #2
10002014:	6001      	str	r1, [r0, #0]
10002016:	f3bf 8f5f 	dmb	sy
1000201a:	4770      	bx	lr
1000201c:	34000040 	.word	0x34000040

10002020 <sleep_until_callback>:
10002020:	4b0a      	ldr	r3, [pc, #40]	@ (1000204c <sleep_until_callback+0x2c>)
10002022:	6819      	ldr	r1, [r3, #0]
10002024:	f3ef 8010 	mrs	r0, PRIMASK
10002028:	b672      	cpsid	i
1000202a:	680a      	ldr	r2, [r1, #0]
1000202c:	2a00      	cmp	r2, #0
1000202e:	d0fc      	beq.n	1000202a <sleep_until_callback+0xa>
10002030:	f3bf 8f5f 	dmb	sy
10002034:	681b      	ldr	r3, [r3, #0]
10002036:	f3bf 8f5f 	dmb	sy
1000203a:	2200      	movs	r2, #0
1000203c:	601a      	str	r2, [r3, #0]
1000203e:	f380 8810 	msr	PRIMASK, r0
10002042:	bf40      	sev
10002044:	2000      	movs	r0, #0
10002046:	2100      	movs	r1, #0
10002048:	4770      	bx	lr
1000204a:	46c0      	nop			@ (mov r8, r8)
1000204c:	20002008 	.word	0x20002008

10002050 <alarm_pool_irq_handler>:
10002050:	b5f0      	push	{r4, r5, r6, r7, lr}
10002052:	46de      	mov	lr, fp
10002054:	4657      	mov	r7, sl
10002056:	464e      	mov	r6, r9
10002058:	4645      	mov	r5, r8
1000205a:	b5e0      	push	{r5, r6, r7, lr}
1000205c:	b087      	sub	sp, #28
1000205e:	f3ef 8305 	mrs	r3, IPSR
10002062:	2203      	movs	r2, #3
10002064:	2501      	movs	r5, #1
10002066:	401a      	ands	r2, r3
10002068:	4095      	lsls	r5, r2
1000206a:	0091      	lsls	r1, r2, #2
1000206c:	4688      	mov	r8, r1
1000206e:	46a9      	mov	r9, r5
10002070:	4bb3      	ldr	r3, [pc, #716]	@ (10002340 <alarm_pool_irq_handler+0x2f0>)
10002072:	9203      	str	r2, [sp, #12]
10002074:	585c      	ldr	r4, [r3, r1]
10002076:	4bb3      	ldr	r3, [pc, #716]	@ (10002344 <alarm_pool_irq_handler+0x2f4>)
10002078:	601d      	str	r5, [r3, #0]
1000207a:	4bb3      	ldr	r3, [pc, #716]	@ (10002348 <alarm_pool_irq_handler+0x2f8>)
1000207c:	9304      	str	r3, [sp, #16]
1000207e:	464b      	mov	r3, r9
10002080:	48b2      	ldr	r0, [pc, #712]	@ (1000234c <alarm_pool_irq_handler+0x2fc>)
10002082:	6343      	str	r3, [r0, #52]	@ 0x34
10002084:	2308      	movs	r3, #8
10002086:	5ee5      	ldrsh	r5, [r4, r3]
10002088:	2d00      	cmp	r5, #0
1000208a:	da37      	bge.n	100020fc <alarm_pool_irq_handler+0xac>
1000208c:	88a3      	ldrh	r3, [r4, #4]
1000208e:	b21b      	sxth	r3, r3
10002090:	2b00      	cmp	r3, #0
10002092:	db00      	blt.n	10002096 <alarm_pool_irq_handler+0x46>
10002094:	e0ad      	b.n	100021f2 <alarm_pool_irq_handler+0x1a2>
10002096:	79a3      	ldrb	r3, [r4, #6]
10002098:	2b00      	cmp	r3, #0
1000209a:	d000      	beq.n	1000209e <alarm_pool_irq_handler+0x4e>
1000209c:	e0ee      	b.n	1000227c <alarm_pool_irq_handler+0x22c>
1000209e:	2308      	movs	r3, #8
100020a0:	5ee0      	ldrsh	r0, [r4, r3]
100020a2:	2800      	cmp	r0, #0
100020a4:	db20      	blt.n	100020e8 <alarm_pool_irq_handler+0x98>
100020a6:	0043      	lsls	r3, r0, #1
100020a8:	6962      	ldr	r2, [r4, #20]
100020aa:	181b      	adds	r3, r3, r0
100020ac:	00db      	lsls	r3, r3, #3
100020ae:	18d3      	adds	r3, r2, r3
100020b0:	689e      	ldr	r6, [r3, #8]
100020b2:	68dd      	ldr	r5, [r3, #12]
100020b4:	1c73      	adds	r3, r6, #1
100020b6:	d100      	bne.n	100020ba <alarm_pool_irq_handler+0x6a>
100020b8:	e111      	b.n	100022de <alarm_pool_irq_handler+0x28e>
100020ba:	48a4      	ldr	r0, [pc, #656]	@ (1000234c <alarm_pool_irq_handler+0x2fc>)
100020bc:	0001      	movs	r1, r0
100020be:	4441      	add	r1, r8
100020c0:	6a82      	ldr	r2, [r0, #40]	@ 0x28
100020c2:	690b      	ldr	r3, [r1, #16]
100020c4:	1ab7      	subs	r7, r6, r2
100020c6:	1a9b      	subs	r3, r3, r2
100020c8:	429f      	cmp	r7, r3
100020ca:	d315      	bcc.n	100020f8 <alarm_pool_irq_handler+0xa8>
100020cc:	2301      	movs	r3, #1
100020ce:	6a02      	ldr	r2, [r0, #32]
100020d0:	9803      	ldr	r0, [sp, #12]
100020d2:	4083      	lsls	r3, r0
100020d4:	421a      	tst	r2, r3
100020d6:	d00f      	beq.n	100020f8 <alarm_pool_irq_handler+0xa8>
100020d8:	489c      	ldr	r0, [pc, #624]	@ (1000234c <alarm_pool_irq_handler+0x2fc>)
100020da:	f000 fc2b 	bl	10002934 <timer_time_us_64>
100020de:	428d      	cmp	r5, r1
100020e0:	dc02      	bgt.n	100020e8 <alarm_pool_irq_handler+0x98>
100020e2:	d1cc      	bne.n	1000207e <alarm_pool_irq_handler+0x2e>
100020e4:	4286      	cmp	r6, r0
100020e6:	d9ca      	bls.n	1000207e <alarm_pool_irq_handler+0x2e>
100020e8:	bf40      	sev
100020ea:	b007      	add	sp, #28
100020ec:	bcf0      	pop	{r4, r5, r6, r7}
100020ee:	46bb      	mov	fp, r7
100020f0:	46b2      	mov	sl, r6
100020f2:	46a9      	mov	r9, r5
100020f4:	46a0      	mov	r8, r4
100020f6:	bdf0      	pop	{r4, r5, r6, r7, pc}
100020f8:	610e      	str	r6, [r1, #16]
100020fa:	e7ed      	b.n	100020d8 <alarm_pool_irq_handler+0x88>
100020fc:	6962      	ldr	r2, [r4, #20]
100020fe:	006b      	lsls	r3, r5, #1
10002100:	4692      	mov	sl, r2
10002102:	195b      	adds	r3, r3, r5
10002104:	00db      	lsls	r3, r3, #3
10002106:	449a      	add	sl, r3
10002108:	4653      	mov	r3, sl
1000210a:	689e      	ldr	r6, [r3, #8]
1000210c:	68df      	ldr	r7, [r3, #12]
1000210e:	f000 fc11 	bl	10002934 <timer_time_us_64>
10002112:	428f      	cmp	r7, r1
10002114:	dcba      	bgt.n	1000208c <alarm_pool_irq_handler+0x3c>
10002116:	d100      	bne.n	1000211a <alarm_pool_irq_handler+0xca>
10002118:	e103      	b.n	10002322 <alarm_pool_irq_handler+0x2d2>
1000211a:	2f00      	cmp	r7, #0
1000211c:	da00      	bge.n	10002120 <alarm_pool_irq_handler+0xd0>
1000211e:	e0e8      	b.n	100022f2 <alarm_pool_irq_handler+0x2a2>
10002120:	4652      	mov	r2, sl
10002122:	4653      	mov	r3, sl
10002124:	6952      	ldr	r2, [r2, #20]
10002126:	691b      	ldr	r3, [r3, #16]
10002128:	4693      	mov	fp, r2
1000212a:	9a04      	ldr	r2, [sp, #16]
1000212c:	4293      	cmp	r3, r2
1000212e:	d100      	bne.n	10002132 <alarm_pool_irq_handler+0xe2>
10002130:	e0d9      	b.n	100022e6 <alarm_pool_irq_handler+0x296>
10002132:	4652      	mov	r2, sl
10002134:	2108      	movs	r1, #8
10002136:	5e60      	ldrsh	r0, [r4, r1]
10002138:	8852      	ldrh	r2, [r2, #2]
1000213a:	0400      	lsls	r0, r0, #16
1000213c:	4659      	mov	r1, fp
1000213e:	4310      	orrs	r0, r2
10002140:	4798      	blx	r3
10002142:	9000      	str	r0, [sp, #0]
10002144:	9101      	str	r1, [sp, #4]
10002146:	9900      	ldr	r1, [sp, #0]
10002148:	9a01      	ldr	r2, [sp, #4]
1000214a:	000b      	movs	r3, r1
1000214c:	0010      	movs	r0, r2
1000214e:	4313      	orrs	r3, r2
10002150:	d100      	bne.n	10002154 <alarm_pool_irq_handler+0x104>
10002152:	e0ce      	b.n	100022f2 <alarm_pool_irq_handler+0x2a2>
10002154:	0013      	movs	r3, r2
10002156:	000a      	movs	r2, r1
10002158:	1ab6      	subs	r6, r6, r2
1000215a:	419f      	sbcs	r7, r3
1000215c:	2800      	cmp	r0, #0
1000215e:	db06      	blt.n	1000216e <alarm_pool_irq_handler+0x11e>
10002160:	487a      	ldr	r0, [pc, #488]	@ (1000234c <alarm_pool_irq_handler+0x2fc>)
10002162:	f000 fbe7 	bl	10002934 <timer_time_us_64>
10002166:	9e00      	ldr	r6, [sp, #0]
10002168:	9f01      	ldr	r7, [sp, #4]
1000216a:	1836      	adds	r6, r6, r0
1000216c:	414f      	adcs	r7, r1
1000216e:	4653      	mov	r3, sl
10002170:	609e      	str	r6, [r3, #8]
10002172:	60df      	str	r7, [r3, #12]
10002174:	2200      	movs	r2, #0
10002176:	5e9a      	ldrsh	r2, [r3, r2]
10002178:	2a00      	cmp	r2, #0
1000217a:	da00      	bge.n	1000217e <alarm_pool_irq_handler+0x12e>
1000217c:	e786      	b.n	1000208c <alarm_pool_irq_handler+0x3c>
1000217e:	0053      	lsls	r3, r2, #1
10002180:	1899      	adds	r1, r3, r2
10002182:	6960      	ldr	r0, [r4, #20]
10002184:	00c9      	lsls	r1, r1, #3
10002186:	1841      	adds	r1, r0, r1
10002188:	9302      	str	r3, [sp, #8]
1000218a:	688b      	ldr	r3, [r1, #8]
1000218c:	68c9      	ldr	r1, [r1, #12]
1000218e:	469b      	mov	fp, r3
10002190:	42b9      	cmp	r1, r7
10002192:	dd00      	ble.n	10002196 <alarm_pool_irq_handler+0x146>
10002194:	e77a      	b.n	1000208c <alarm_pool_irq_handler+0x3c>
10002196:	d102      	bne.n	1000219e <alarm_pool_irq_handler+0x14e>
10002198:	42b3      	cmp	r3, r6
1000219a:	d900      	bls.n	1000219e <alarm_pool_irq_handler+0x14e>
1000219c:	e776      	b.n	1000208c <alarm_pool_irq_handler+0x3c>
1000219e:	2308      	movs	r3, #8
100021a0:	469c      	mov	ip, r3
100021a2:	44a4      	add	ip, r4
100021a4:	9505      	str	r5, [sp, #20]
100021a6:	4665      	mov	r5, ip
100021a8:	8122      	strh	r2, [r4, #8]
100021aa:	46a4      	mov	ip, r4
100021ac:	9b02      	ldr	r3, [sp, #8]
100021ae:	002c      	movs	r4, r5
100021b0:	e006      	b.n	100021c0 <alarm_pool_irq_handler+0x170>
100021b2:	0053      	lsls	r3, r2, #1
100021b4:	1899      	adds	r1, r3, r2
100021b6:	00c9      	lsls	r1, r1, #3
100021b8:	1841      	adds	r1, r0, r1
100021ba:	688d      	ldr	r5, [r1, #8]
100021bc:	68c9      	ldr	r1, [r1, #12]
100021be:	46ab      	mov	fp, r5
100021c0:	189b      	adds	r3, r3, r2
100021c2:	00db      	lsls	r3, r3, #3
100021c4:	18c3      	adds	r3, r0, r3
100021c6:	42b9      	cmp	r1, r7
100021c8:	dc06      	bgt.n	100021d8 <alarm_pool_irq_handler+0x188>
100021ca:	d100      	bne.n	100021ce <alarm_pool_irq_handler+0x17e>
100021cc:	e0b3      	b.n	10002336 <alarm_pool_irq_handler+0x2e6>
100021ce:	001c      	movs	r4, r3
100021d0:	2300      	movs	r3, #0
100021d2:	5ee2      	ldrsh	r2, [r4, r3]
100021d4:	2a00      	cmp	r2, #0
100021d6:	daec      	bge.n	100021b2 <alarm_pool_irq_handler+0x162>
100021d8:	0023      	movs	r3, r4
100021da:	4664      	mov	r4, ip
100021dc:	469c      	mov	ip, r3
100021de:	4653      	mov	r3, sl
100021e0:	801a      	strh	r2, [r3, #0]
100021e2:	4663      	mov	r3, ip
100021e4:	9d05      	ldr	r5, [sp, #20]
100021e6:	801d      	strh	r5, [r3, #0]
100021e8:	88a3      	ldrh	r3, [r4, #4]
100021ea:	b21b      	sxth	r3, r3
100021ec:	2b00      	cmp	r3, #0
100021ee:	da00      	bge.n	100021f2 <alarm_pool_irq_handler+0x1a2>
100021f0:	e751      	b.n	10002096 <alarm_pool_irq_handler+0x46>
100021f2:	6922      	ldr	r2, [r4, #16]
100021f4:	f3ef 8110 	mrs	r1, PRIMASK
100021f8:	b672      	cpsid	i
100021fa:	6813      	ldr	r3, [r2, #0]
100021fc:	2b00      	cmp	r3, #0
100021fe:	d0fc      	beq.n	100021fa <alarm_pool_irq_handler+0x1aa>
10002200:	f3bf 8f5f 	dmb	sy
10002204:	2301      	movs	r3, #1
10002206:	88a7      	ldrh	r7, [r4, #4]
10002208:	425b      	negs	r3, r3
1000220a:	80a3      	strh	r3, [r4, #4]
1000220c:	b23f      	sxth	r7, r7
1000220e:	6923      	ldr	r3, [r4, #16]
10002210:	f3bf 8f5f 	dmb	sy
10002214:	2200      	movs	r2, #0
10002216:	601a      	str	r2, [r3, #0]
10002218:	f381 8810 	msr	PRIMASK, r1
1000221c:	2f00      	cmp	r7, #0
1000221e:	da00      	bge.n	10002222 <alarm_pool_irq_handler+0x1d2>
10002220:	e739      	b.n	10002096 <alarm_pool_irq_handler+0x46>
10002222:	0023      	movs	r3, r4
10002224:	3308      	adds	r3, #8
10002226:	0022      	movs	r2, r4
10002228:	469a      	mov	sl, r3
1000222a:	6966      	ldr	r6, [r4, #20]
1000222c:	007b      	lsls	r3, r7, #1
1000222e:	19db      	adds	r3, r3, r7
10002230:	00db      	lsls	r3, r3, #3
10002232:	18f3      	adds	r3, r6, r3
10002234:	6899      	ldr	r1, [r3, #8]
10002236:	4650      	mov	r0, sl
10002238:	468c      	mov	ip, r1
1000223a:	2408      	movs	r4, #8
1000223c:	5f11      	ldrsh	r1, [r2, r4]
1000223e:	68dd      	ldr	r5, [r3, #12]
10002240:	2900      	cmp	r1, #0
10002242:	db10      	blt.n	10002266 <alarm_pool_irq_handler+0x216>
10002244:	9302      	str	r3, [sp, #8]
10002246:	e006      	b.n	10002256 <alarm_pool_irq_handler+0x206>
10002248:	42ab      	cmp	r3, r5
1000224a:	d044      	beq.n	100022d6 <alarm_pool_irq_handler+0x286>
1000224c:	2300      	movs	r3, #0
1000224e:	5ee1      	ldrsh	r1, [r4, r3]
10002250:	0020      	movs	r0, r4
10002252:	2900      	cmp	r1, #0
10002254:	db06      	blt.n	10002264 <alarm_pool_irq_handler+0x214>
10002256:	004c      	lsls	r4, r1, #1
10002258:	1864      	adds	r4, r4, r1
1000225a:	00e4      	lsls	r4, r4, #3
1000225c:	1934      	adds	r4, r6, r4
1000225e:	68e3      	ldr	r3, [r4, #12]
10002260:	42ab      	cmp	r3, r5
10002262:	ddf1      	ble.n	10002248 <alarm_pool_irq_handler+0x1f8>
10002264:	9b02      	ldr	r3, [sp, #8]
10002266:	8007      	strh	r7, [r0, #0]
10002268:	2000      	movs	r0, #0
1000226a:	5e1f      	ldrsh	r7, [r3, r0]
1000226c:	8019      	strh	r1, [r3, #0]
1000226e:	2f00      	cmp	r7, #0
10002270:	dadc      	bge.n	1000222c <alarm_pool_irq_handler+0x1dc>
10002272:	0014      	movs	r4, r2
10002274:	79a3      	ldrb	r3, [r4, #6]
10002276:	2b00      	cmp	r3, #0
10002278:	d100      	bne.n	1000227c <alarm_pool_irq_handler+0x22c>
1000227a:	e710      	b.n	1000209e <alarm_pool_irq_handler+0x4e>
1000227c:	2300      	movs	r3, #0
1000227e:	71a3      	strb	r3, [r4, #6]
10002280:	0026      	movs	r6, r4
10002282:	2308      	movs	r3, #8
10002284:	5ee1      	ldrsh	r1, [r4, r3]
10002286:	3608      	adds	r6, #8
10002288:	1c4b      	adds	r3, r1, #1
1000228a:	d100      	bne.n	1000228e <alarm_pool_irq_handler+0x23e>
1000228c:	e72c      	b.n	100020e8 <alarm_pool_irq_handler+0x98>
1000228e:	0008      	movs	r0, r1
10002290:	46a2      	mov	sl, r4
10002292:	6965      	ldr	r5, [r4, #20]
10002294:	e002      	b.n	1000229c <alarm_pool_irq_handler+0x24c>
10002296:	003e      	movs	r6, r7
10002298:	1c4b      	adds	r3, r1, #1
1000229a:	d01a      	beq.n	100022d2 <alarm_pool_irq_handler+0x282>
1000229c:	004b      	lsls	r3, r1, #1
1000229e:	185b      	adds	r3, r3, r1
100022a0:	00db      	lsls	r3, r3, #3
100022a2:	18ef      	adds	r7, r5, r3
100022a4:	000a      	movs	r2, r1
100022a6:	468c      	mov	ip, r1
100022a8:	5ee9      	ldrsh	r1, [r5, r3]
100022aa:	887b      	ldrh	r3, [r7, #2]
100022ac:	b21b      	sxth	r3, r3
100022ae:	2b00      	cmp	r3, #0
100022b0:	daf1      	bge.n	10002296 <alarm_pool_irq_handler+0x246>
100022b2:	2301      	movs	r3, #1
100022b4:	425b      	negs	r3, r3
100022b6:	17dc      	asrs	r4, r3, #31
100022b8:	60bb      	str	r3, [r7, #8]
100022ba:	60fc      	str	r4, [r7, #12]
100022bc:	4282      	cmp	r2, r0
100022be:	d005      	beq.n	100022cc <alarm_pool_irq_handler+0x27c>
100022c0:	4653      	mov	r3, sl
100022c2:	8031      	strh	r1, [r6, #0]
100022c4:	891b      	ldrh	r3, [r3, #8]
100022c6:	803b      	strh	r3, [r7, #0]
100022c8:	4653      	mov	r3, sl
100022ca:	811a      	strh	r2, [r3, #8]
100022cc:	4660      	mov	r0, ip
100022ce:	1c4b      	adds	r3, r1, #1
100022d0:	d1e4      	bne.n	1000229c <alarm_pool_irq_handler+0x24c>
100022d2:	4654      	mov	r4, sl
100022d4:	e6e5      	b.n	100020a2 <alarm_pool_irq_handler+0x52>
100022d6:	68a3      	ldr	r3, [r4, #8]
100022d8:	4563      	cmp	r3, ip
100022da:	d9b7      	bls.n	1000224c <alarm_pool_irq_handler+0x1fc>
100022dc:	e7c2      	b.n	10002264 <alarm_pool_irq_handler+0x214>
100022de:	1c6b      	adds	r3, r5, #1
100022e0:	d000      	beq.n	100022e4 <alarm_pool_irq_handler+0x294>
100022e2:	e6ea      	b.n	100020ba <alarm_pool_irq_handler+0x6a>
100022e4:	e6f8      	b.n	100020d8 <alarm_pool_irq_handler+0x88>
100022e6:	465b      	mov	r3, fp
100022e8:	4658      	mov	r0, fp
100022ea:	691b      	ldr	r3, [r3, #16]
100022ec:	4798      	blx	r3
100022ee:	2800      	cmp	r0, #0
100022f0:	d11b      	bne.n	1000232a <alarm_pool_irq_handler+0x2da>
100022f2:	4653      	mov	r3, sl
100022f4:	881b      	ldrh	r3, [r3, #0]
100022f6:	6922      	ldr	r2, [r4, #16]
100022f8:	8123      	strh	r3, [r4, #8]
100022fa:	f3ef 8310 	mrs	r3, PRIMASK
100022fe:	b672      	cpsid	i
10002300:	6811      	ldr	r1, [r2, #0]
10002302:	2900      	cmp	r1, #0
10002304:	d0fc      	beq.n	10002300 <alarm_pool_irq_handler+0x2b0>
10002306:	f3bf 8f5f 	dmb	sy
1000230a:	4651      	mov	r1, sl
1000230c:	8862      	ldrh	r2, [r4, #2]
1000230e:	800a      	strh	r2, [r1, #0]
10002310:	6922      	ldr	r2, [r4, #16]
10002312:	8065      	strh	r5, [r4, #2]
10002314:	f3bf 8f5f 	dmb	sy
10002318:	2100      	movs	r1, #0
1000231a:	6011      	str	r1, [r2, #0]
1000231c:	f383 8810 	msr	PRIMASK, r3
10002320:	e6b4      	b.n	1000208c <alarm_pool_irq_handler+0x3c>
10002322:	4286      	cmp	r6, r0
10002324:	d800      	bhi.n	10002328 <alarm_pool_irq_handler+0x2d8>
10002326:	e6f8      	b.n	1000211a <alarm_pool_irq_handler+0xca>
10002328:	e6b0      	b.n	1000208c <alarm_pool_irq_handler+0x3c>
1000232a:	465b      	mov	r3, fp
1000232c:	681a      	ldr	r2, [r3, #0]
1000232e:	685b      	ldr	r3, [r3, #4]
10002330:	9200      	str	r2, [sp, #0]
10002332:	9301      	str	r3, [sp, #4]
10002334:	e707      	b.n	10002146 <alarm_pool_irq_handler+0xf6>
10002336:	45b3      	cmp	fp, r6
10002338:	d800      	bhi.n	1000233c <alarm_pool_irq_handler+0x2ec>
1000233a:	e748      	b.n	100021ce <alarm_pool_irq_handler+0x17e>
1000233c:	e74c      	b.n	100021d8 <alarm_pool_irq_handler+0x188>
1000233e:	46c0      	nop			@ (mov r8, r8)
10002340:	20001fe4 	.word	0x20001fe4
10002344:	4005703c 	.word	0x4005703c
10002348:	10002051 	.word	0x10002051
1000234c:	40054000 	.word	0x40054000

10002350 <runtime_init_default_alarm_pool>:
10002350:	b570      	push	{r4, r5, r6, lr}
10002352:	4c2e      	ldr	r4, [pc, #184]	@ (1000240c <runtime_init_default_alarm_pool+0xbc>)
10002354:	6925      	ldr	r5, [r4, #16]
10002356:	2d00      	cmp	r5, #0
10002358:	d004      	beq.n	10002364 <runtime_init_default_alarm_pool+0x14>
1000235a:	210a      	movs	r1, #10
1000235c:	482c      	ldr	r0, [pc, #176]	@ (10002410 <runtime_init_default_alarm_pool+0xc0>)
1000235e:	f7ff fe09 	bl	10001f74 <lock_init>
10002362:	bd70      	pop	{r4, r5, r6, pc}
10002364:	4e2b      	ldr	r6, [pc, #172]	@ (10002414 <runtime_init_default_alarm_pool+0xc4>)
10002366:	2103      	movs	r1, #3
10002368:	0030      	movs	r0, r6
1000236a:	f000 fad9 	bl	10002920 <timer_hardware_alarm_claim>
1000236e:	60e6      	str	r6, [r4, #12]
10002370:	f7ff fb0c 	bl	1000198c <next_striped_spin_lock_num>
10002374:	4b28      	ldr	r3, [pc, #160]	@ (10002418 <runtime_init_default_alarm_pool+0xc8>)
10002376:	2203      	movs	r2, #3
10002378:	469c      	mov	ip, r3
1000237a:	23d0      	movs	r3, #208	@ 0xd0
1000237c:	7022      	strb	r2, [r4, #0]
1000237e:	061b      	lsls	r3, r3, #24
10002380:	681b      	ldr	r3, [r3, #0]
10002382:	2101      	movs	r1, #1
10002384:	7063      	strb	r3, [r4, #1]
10002386:	4b25      	ldr	r3, [pc, #148]	@ (1000241c <runtime_init_default_alarm_pool+0xcc>)
10002388:	4460      	add	r0, ip
1000238a:	60a3      	str	r3, [r4, #8]
1000238c:	230f      	movs	r3, #15
1000238e:	0080      	lsls	r0, r0, #2
10002390:	6120      	str	r0, [r4, #16]
10002392:	2002      	movs	r0, #2
10002394:	8063      	strh	r3, [r4, #2]
10002396:	6963      	ldr	r3, [r4, #20]
10002398:	4249      	negs	r1, r1
1000239a:	80a1      	strh	r1, [r4, #4]
1000239c:	8019      	strh	r1, [r3, #0]
1000239e:	3102      	adds	r1, #2
100023a0:	8619      	strh	r1, [r3, #48]	@ 0x30
100023a2:	3147      	adds	r1, #71	@ 0x47
100023a4:	831d      	strh	r5, [r3, #24]
100023a6:	5258      	strh	r0, [r3, r1]
100023a8:	3118      	adds	r1, #24
100023aa:	525a      	strh	r2, [r3, r1]
100023ac:	3275      	adds	r2, #117	@ 0x75
100023ae:	395c      	subs	r1, #92	@ 0x5c
100023b0:	5299      	strh	r1, [r3, r2]
100023b2:	3218      	adds	r2, #24
100023b4:	3101      	adds	r1, #1
100023b6:	5299      	strh	r1, [r3, r2]
100023b8:	3218      	adds	r2, #24
100023ba:	3101      	adds	r1, #1
100023bc:	5299      	strh	r1, [r3, r2]
100023be:	3218      	adds	r2, #24
100023c0:	3101      	adds	r1, #1
100023c2:	5299      	strh	r1, [r3, r2]
100023c4:	3508      	adds	r5, #8
100023c6:	3218      	adds	r2, #24
100023c8:	529d      	strh	r5, [r3, r2]
100023ca:	3102      	adds	r1, #2
100023cc:	3218      	adds	r2, #24
100023ce:	5299      	strh	r1, [r3, r2]
100023d0:	3218      	adds	r2, #24
100023d2:	3101      	adds	r1, #1
100023d4:	5299      	strh	r1, [r3, r2]
100023d6:	3218      	adds	r2, #24
100023d8:	3101      	adds	r1, #1
100023da:	5299      	strh	r1, [r3, r2]
100023dc:	3218      	adds	r2, #24
100023de:	3101      	adds	r1, #1
100023e0:	5299      	strh	r1, [r3, r2]
100023e2:	3218      	adds	r2, #24
100023e4:	3101      	adds	r1, #1
100023e6:	5299      	strh	r1, [r3, r2]
100023e8:	3218      	adds	r2, #24
100023ea:	3101      	adds	r1, #1
100023ec:	5299      	strh	r1, [r3, r2]
100023ee:	4b0c      	ldr	r3, [pc, #48]	@ (10002420 <runtime_init_default_alarm_pool+0xd0>)
100023f0:	490c      	ldr	r1, [pc, #48]	@ (10002424 <runtime_init_default_alarm_pool+0xd4>)
100023f2:	60dc      	str	r4, [r3, #12]
100023f4:	3001      	adds	r0, #1
100023f6:	6235      	str	r5, [r6, #32]
100023f8:	f7ff fb3e 	bl	10001a78 <irq_set_exclusive_handler>
100023fc:	2101      	movs	r1, #1
100023fe:	2003      	movs	r0, #3
10002400:	f7ff fb02 	bl	10001a08 <irq_set_enabled>
10002404:	4b08      	ldr	r3, [pc, #32]	@ (10002428 <runtime_init_default_alarm_pool+0xd8>)
10002406:	601d      	str	r5, [r3, #0]
10002408:	e7a7      	b.n	1000235a <runtime_init_default_alarm_pool+0xa>
1000240a:	46c0      	nop			@ (mov r8, r8)
1000240c:	2000102c 	.word	0x2000102c
10002410:	20002008 	.word	0x20002008
10002414:	40054000 	.word	0x40054000
10002418:	34000040 	.word	0x34000040
1000241c:	0010ffff 	.word	0x0010ffff
10002420:	20001fe4 	.word	0x20001fe4
10002424:	10002051 	.word	0x10002051
10002428:	40056038 	.word	0x40056038

1000242c <alarm_pool_get_default>:
1000242c:	4800      	ldr	r0, [pc, #0]	@ (10002430 <alarm_pool_get_default+0x4>)
1000242e:	4770      	bx	lr
10002430:	2000102c 	.word	0x2000102c

10002434 <alarm_pool_add_alarm_at>:
10002434:	b5f8      	push	{r3, r4, r5, r6, r7, lr}
10002436:	001f      	movs	r7, r3
10002438:	ab08      	add	r3, sp, #32
1000243a:	781b      	ldrb	r3, [r3, #0]
1000243c:	0004      	movs	r4, r0
1000243e:	0016      	movs	r6, r2
10002440:	2b00      	cmp	r3, #0
10002442:	d108      	bne.n	10002456 <alarm_pool_add_alarm_at+0x22>
10002444:	f000 fa7e 	bl	10002944 <time_us_64>
10002448:	0032      	movs	r2, r6
1000244a:	003b      	movs	r3, r7
1000244c:	1a12      	subs	r2, r2, r0
1000244e:	418b      	sbcs	r3, r1
10002450:	2b00      	cmp	r3, #0
10002452:	da00      	bge.n	10002456 <alarm_pool_add_alarm_at+0x22>
10002454:	e052      	b.n	100024fc <alarm_pool_add_alarm_at+0xc8>
10002456:	6922      	ldr	r2, [r4, #16]
10002458:	f3ef 8010 	mrs	r0, PRIMASK
1000245c:	b672      	cpsid	i
1000245e:	6813      	ldr	r3, [r2, #0]
10002460:	2b00      	cmp	r3, #0
10002462:	d0fc      	beq.n	1000245e <alarm_pool_add_alarm_at+0x2a>
10002464:	f3bf 8f5f 	dmb	sy
10002468:	2302      	movs	r3, #2
1000246a:	5ee1      	ldrsh	r1, [r4, r3]
1000246c:	6963      	ldr	r3, [r4, #20]
1000246e:	004a      	lsls	r2, r1, #1
10002470:	1852      	adds	r2, r2, r1
10002472:	00d2      	lsls	r2, r2, #3
10002474:	189b      	adds	r3, r3, r2
10002476:	6922      	ldr	r2, [r4, #16]
10002478:	2900      	cmp	r1, #0
1000247a:	db36      	blt.n	100024ea <alarm_pool_add_alarm_at+0xb6>
1000247c:	881d      	ldrh	r5, [r3, #0]
1000247e:	8065      	strh	r5, [r4, #2]
10002480:	f3bf 8f5f 	dmb	sy
10002484:	2500      	movs	r5, #0
10002486:	6015      	str	r5, [r2, #0]
10002488:	f380 8810 	msr	PRIMASK, r0
1000248c:	9a06      	ldr	r2, [sp, #24]
1000248e:	609e      	str	r6, [r3, #8]
10002490:	60df      	str	r7, [r3, #12]
10002492:	611a      	str	r2, [r3, #16]
10002494:	9a07      	ldr	r2, [sp, #28]
10002496:	615a      	str	r2, [r3, #20]
10002498:	885a      	ldrh	r2, [r3, #2]
1000249a:	3201      	adds	r2, #1
1000249c:	0452      	lsls	r2, r2, #17
1000249e:	0c52      	lsrs	r2, r2, #17
100024a0:	1c10      	adds	r0, r2, #0
100024a2:	2a00      	cmp	r2, #0
100024a4:	d01f      	beq.n	100024e6 <alarm_pool_add_alarm_at+0xb2>
100024a6:	b282      	uxth	r2, r0
100024a8:	8058      	strh	r0, [r3, #2]
100024aa:	0408      	lsls	r0, r1, #16
100024ac:	4310      	orrs	r0, r2
100024ae:	6926      	ldr	r6, [r4, #16]
100024b0:	f3ef 8710 	mrs	r7, PRIMASK
100024b4:	b672      	cpsid	i
100024b6:	6832      	ldr	r2, [r6, #0]
100024b8:	2a00      	cmp	r2, #0
100024ba:	d0fc      	beq.n	100024b6 <alarm_pool_add_alarm_at+0x82>
100024bc:	f3bf 8f5f 	dmb	sy
100024c0:	88a2      	ldrh	r2, [r4, #4]
100024c2:	801a      	strh	r2, [r3, #0]
100024c4:	80a1      	strh	r1, [r4, #4]
100024c6:	6923      	ldr	r3, [r4, #16]
100024c8:	f3bf 8f5f 	dmb	sy
100024cc:	2200      	movs	r2, #0
100024ce:	601a      	str	r2, [r3, #0]
100024d0:	f387 8810 	msr	PRIMASK, r7
100024d4:	490a      	ldr	r1, [pc, #40]	@ (10002500 <alarm_pool_add_alarm_at+0xcc>)
100024d6:	7823      	ldrb	r3, [r4, #0]
100024d8:	468c      	mov	ip, r1
100024da:	3201      	adds	r2, #1
100024dc:	409a      	lsls	r2, r3
100024de:	68e3      	ldr	r3, [r4, #12]
100024e0:	4463      	add	r3, ip
100024e2:	601a      	str	r2, [r3, #0]
100024e4:	bdf8      	pop	{r3, r4, r5, r6, r7, pc}
100024e6:	2001      	movs	r0, #1
100024e8:	e7dd      	b.n	100024a6 <alarm_pool_add_alarm_at+0x72>
100024ea:	f3bf 8f5f 	dmb	sy
100024ee:	2300      	movs	r3, #0
100024f0:	6013      	str	r3, [r2, #0]
100024f2:	f380 8810 	msr	PRIMASK, r0
100024f6:	2001      	movs	r0, #1
100024f8:	4240      	negs	r0, r0
100024fa:	e7f3      	b.n	100024e4 <alarm_pool_add_alarm_at+0xb0>
100024fc:	2000      	movs	r0, #0
100024fe:	e7f1      	b.n	100024e4 <alarm_pool_add_alarm_at+0xb0>
10002500:	0000203c 	.word	0x0000203c

10002504 <alarm_pool_add_alarm_at_force_in_context>:
10002504:	b570      	push	{r4, r5, r6, lr}
10002506:	0001      	movs	r1, r0
10002508:	6904      	ldr	r4, [r0, #16]
1000250a:	f3ef 8c10 	mrs	ip, PRIMASK
1000250e:	b672      	cpsid	i
10002510:	6820      	ldr	r0, [r4, #0]
10002512:	2800      	cmp	r0, #0
10002514:	d0fc      	beq.n	10002510 <alarm_pool_add_alarm_at_force_in_context+0xc>
10002516:	f3bf 8f5f 	dmb	sy
1000251a:	2002      	movs	r0, #2
1000251c:	5e0d      	ldrsh	r5, [r1, r0]
1000251e:	694c      	ldr	r4, [r1, #20]
10002520:	0068      	lsls	r0, r5, #1
10002522:	1940      	adds	r0, r0, r5
10002524:	00c0      	lsls	r0, r0, #3
10002526:	1824      	adds	r4, r4, r0
10002528:	6908      	ldr	r0, [r1, #16]
1000252a:	2d00      	cmp	r5, #0
1000252c:	db36      	blt.n	1000259c <alarm_pool_add_alarm_at_force_in_context+0x98>
1000252e:	8826      	ldrh	r6, [r4, #0]
10002530:	804e      	strh	r6, [r1, #2]
10002532:	f3bf 8f5f 	dmb	sy
10002536:	2600      	movs	r6, #0
10002538:	6006      	str	r6, [r0, #0]
1000253a:	f38c 8810 	msr	PRIMASK, ip
1000253e:	60e3      	str	r3, [r4, #12]
10002540:	8863      	ldrh	r3, [r4, #2]
10002542:	9804      	ldr	r0, [sp, #16]
10002544:	3301      	adds	r3, #1
10002546:	6120      	str	r0, [r4, #16]
10002548:	045b      	lsls	r3, r3, #17
1000254a:	9805      	ldr	r0, [sp, #20]
1000254c:	0c5b      	lsrs	r3, r3, #17
1000254e:	60a2      	str	r2, [r4, #8]
10002550:	6160      	str	r0, [r4, #20]
10002552:	1c1a      	adds	r2, r3, #0
10002554:	2b00      	cmp	r3, #0
10002556:	d01f      	beq.n	10002598 <alarm_pool_add_alarm_at_force_in_context+0x94>
10002558:	b293      	uxth	r3, r2
1000255a:	0428      	lsls	r0, r5, #16
1000255c:	8062      	strh	r2, [r4, #2]
1000255e:	4318      	orrs	r0, r3
10002560:	690a      	ldr	r2, [r1, #16]
10002562:	f3ef 8c10 	mrs	ip, PRIMASK
10002566:	b672      	cpsid	i
10002568:	6813      	ldr	r3, [r2, #0]
1000256a:	2b00      	cmp	r3, #0
1000256c:	d0fc      	beq.n	10002568 <alarm_pool_add_alarm_at_force_in_context+0x64>
1000256e:	f3bf 8f5f 	dmb	sy
10002572:	888b      	ldrh	r3, [r1, #4]
10002574:	8023      	strh	r3, [r4, #0]
10002576:	808d      	strh	r5, [r1, #4]
10002578:	690b      	ldr	r3, [r1, #16]
1000257a:	f3bf 8f5f 	dmb	sy
1000257e:	2200      	movs	r2, #0
10002580:	601a      	str	r2, [r3, #0]
10002582:	f38c 8810 	msr	PRIMASK, ip
10002586:	780b      	ldrb	r3, [r1, #0]
10002588:	3201      	adds	r2, #1
1000258a:	409a      	lsls	r2, r3
1000258c:	68cb      	ldr	r3, [r1, #12]
1000258e:	4908      	ldr	r1, [pc, #32]	@ (100025b0 <alarm_pool_add_alarm_at_force_in_context+0xac>)
10002590:	468c      	mov	ip, r1
10002592:	4463      	add	r3, ip
10002594:	601a      	str	r2, [r3, #0]
10002596:	bd70      	pop	{r4, r5, r6, pc}
10002598:	2201      	movs	r2, #1
1000259a:	e7dd      	b.n	10002558 <alarm_pool_add_alarm_at_force_in_context+0x54>
1000259c:	f3bf 8f5f 	dmb	sy
100025a0:	2300      	movs	r3, #0
100025a2:	6003      	str	r3, [r0, #0]
100025a4:	f38c 8810 	msr	PRIMASK, ip
100025a8:	2001      	movs	r0, #1
100025aa:	4240      	negs	r0, r0
100025ac:	e7f3      	b.n	10002596 <alarm_pool_add_alarm_at_force_in_context+0x92>
100025ae:	46c0      	nop			@ (mov r8, r8)
100025b0:	0000203c 	.word	0x0000203c

100025b4 <alarm_pool_cancel_alarm>:
100025b4:	b510      	push	{r4, lr}
100025b6:	8943      	ldrh	r3, [r0, #10]
100025b8:	140a      	asrs	r2, r1, #16
100025ba:	4293      	cmp	r3, r2
100025bc:	dd1a      	ble.n	100025f4 <alarm_pool_cancel_alarm+0x40>
100025be:	0053      	lsls	r3, r2, #1
100025c0:	189b      	adds	r3, r3, r2
100025c2:	6942      	ldr	r2, [r0, #20]
100025c4:	00db      	lsls	r3, r3, #3
100025c6:	18d3      	adds	r3, r2, r3
100025c8:	6904      	ldr	r4, [r0, #16]
100025ca:	f3ef 8c10 	mrs	ip, PRIMASK
100025ce:	b672      	cpsid	i
100025d0:	6822      	ldr	r2, [r4, #0]
100025d2:	2a00      	cmp	r2, #0
100025d4:	d0fc      	beq.n	100025d0 <alarm_pool_cancel_alarm+0x1c>
100025d6:	f3bf 8f5f 	dmb	sy
100025da:	885a      	ldrh	r2, [r3, #2]
100025dc:	0409      	lsls	r1, r1, #16
100025de:	b294      	uxth	r4, r2
100025e0:	0c09      	lsrs	r1, r1, #16
100025e2:	428a      	cmp	r2, r1
100025e4:	d008      	beq.n	100025f8 <alarm_pool_cancel_alarm+0x44>
100025e6:	6903      	ldr	r3, [r0, #16]
100025e8:	f3bf 8f5f 	dmb	sy
100025ec:	2200      	movs	r2, #0
100025ee:	601a      	str	r2, [r3, #0]
100025f0:	f38c 8810 	msr	PRIMASK, ip
100025f4:	2000      	movs	r0, #0
100025f6:	bd10      	pop	{r4, pc}
100025f8:	2280      	movs	r2, #128	@ 0x80
100025fa:	0212      	lsls	r2, r2, #8
100025fc:	4314      	orrs	r4, r2
100025fe:	805c      	strh	r4, [r3, #2]
10002600:	2301      	movs	r3, #1
10002602:	6902      	ldr	r2, [r0, #16]
10002604:	7183      	strb	r3, [r0, #6]
10002606:	f3bf 8f5f 	dmb	sy
1000260a:	2100      	movs	r1, #0
1000260c:	6011      	str	r1, [r2, #0]
1000260e:	f38c 8810 	msr	PRIMASK, ip
10002612:	4904      	ldr	r1, [pc, #16]	@ (10002624 <alarm_pool_cancel_alarm+0x70>)
10002614:	7802      	ldrb	r2, [r0, #0]
10002616:	468c      	mov	ip, r1
10002618:	4093      	lsls	r3, r2
1000261a:	68c2      	ldr	r2, [r0, #12]
1000261c:	2001      	movs	r0, #1
1000261e:	4462      	add	r2, ip
10002620:	6013      	str	r3, [r2, #0]
10002622:	e7e8      	b.n	100025f6 <alarm_pool_cancel_alarm+0x42>
10002624:	0000203c 	.word	0x0000203c

10002628 <alarm_pool_core_num>:
10002628:	7840      	ldrb	r0, [r0, #1]
1000262a:	4770      	bx	lr

1000262c <sleep_us>:
1000262c:	b5f0      	push	{r4, r5, r6, r7, lr}
1000262e:	46c6      	mov	lr, r8
10002630:	b500      	push	{lr}
10002632:	b082      	sub	sp, #8
10002634:	0004      	movs	r4, r0
10002636:	000d      	movs	r5, r1
10002638:	f000 f984 	bl	10002944 <time_us_64>
1000263c:	1824      	adds	r4, r4, r0
1000263e:	414d      	adcs	r5, r1
10002640:	2d00      	cmp	r5, #0
10002642:	da02      	bge.n	1000264a <sleep_us+0x1e>
10002644:	2401      	movs	r4, #1
10002646:	4d2f      	ldr	r5, [pc, #188]	@ (10002704 <sleep_us+0xd8>)
10002648:	4264      	negs	r4, r4
1000264a:	2606      	movs	r6, #6
1000264c:	4276      	negs	r6, r6
1000264e:	17f7      	asrs	r7, r6, #31
10002650:	1936      	adds	r6, r6, r4
10002652:	416f      	adcs	r7, r5
10002654:	42af      	cmp	r7, r5
10002656:	d814      	bhi.n	10002682 <sleep_us+0x56>
10002658:	d011      	beq.n	1000267e <sleep_us+0x52>
1000265a:	f000 f973 	bl	10002944 <time_us_64>
1000265e:	0032      	movs	r2, r6
10002660:	003b      	movs	r3, r7
10002662:	1a12      	subs	r2, r2, r0
10002664:	418b      	sbcs	r3, r1
10002666:	2b00      	cmp	r3, #0
10002668:	dc15      	bgt.n	10002696 <sleep_us+0x6a>
1000266a:	2b00      	cmp	r3, #0
1000266c:	d046      	beq.n	100026fc <sleep_us+0xd0>
1000266e:	0020      	movs	r0, r4
10002670:	0029      	movs	r1, r5
10002672:	f000 f971 	bl	10002958 <busy_wait_until>
10002676:	b002      	add	sp, #8
10002678:	bc80      	pop	{r7}
1000267a:	46b8      	mov	r8, r7
1000267c:	bdf0      	pop	{r4, r5, r6, r7, pc}
1000267e:	42a6      	cmp	r6, r4
10002680:	d9eb      	bls.n	1000265a <sleep_us+0x2e>
10002682:	2600      	movs	r6, #0
10002684:	2700      	movs	r7, #0
10002686:	f000 f95d 	bl	10002944 <time_us_64>
1000268a:	0032      	movs	r2, r6
1000268c:	003b      	movs	r3, r7
1000268e:	1a12      	subs	r2, r2, r0
10002690:	418b      	sbcs	r3, r1
10002692:	2b00      	cmp	r3, #0
10002694:	dde9      	ble.n	1000266a <sleep_us+0x3e>
10002696:	f000 f955 	bl	10002944 <time_us_64>
1000269a:	0032      	movs	r2, r6
1000269c:	003b      	movs	r3, r7
1000269e:	1a12      	subs	r2, r2, r0
100026a0:	418b      	sbcs	r3, r1
100026a2:	2b00      	cmp	r3, #0
100026a4:	db0a      	blt.n	100026bc <sleep_us+0x90>
100026a6:	2300      	movs	r3, #0
100026a8:	9301      	str	r3, [sp, #4]
100026aa:	4b17      	ldr	r3, [pc, #92]	@ (10002708 <sleep_us+0xdc>)
100026ac:	0032      	movs	r2, r6
100026ae:	9300      	str	r3, [sp, #0]
100026b0:	4816      	ldr	r0, [pc, #88]	@ (1000270c <sleep_us+0xe0>)
100026b2:	003b      	movs	r3, r7
100026b4:	f7ff ff26 	bl	10002504 <alarm_pool_add_alarm_at_force_in_context>
100026b8:	3001      	adds	r0, #1
100026ba:	d0d8      	beq.n	1000266e <sleep_us+0x42>
100026bc:	2300      	movs	r3, #0
100026be:	0039      	movs	r1, r7
100026c0:	46b0      	mov	r8, r6
100026c2:	469c      	mov	ip, r3
100026c4:	4a12      	ldr	r2, [pc, #72]	@ (10002710 <sleep_us+0xe4>)
100026c6:	4813      	ldr	r0, [pc, #76]	@ (10002714 <sleep_us+0xe8>)
100026c8:	6a53      	ldr	r3, [r2, #36]	@ 0x24
100026ca:	4299      	cmp	r1, r3
100026cc:	d804      	bhi.n	100026d8 <sleep_us+0xac>
100026ce:	6a96      	ldr	r6, [r2, #40]	@ 0x28
100026d0:	4546      	cmp	r6, r8
100026d2:	d2cc      	bcs.n	1000266e <sleep_us+0x42>
100026d4:	4299      	cmp	r1, r3
100026d6:	d1ca      	bne.n	1000266e <sleep_us+0x42>
100026d8:	6806      	ldr	r6, [r0, #0]
100026da:	f3ef 8710 	mrs	r7, PRIMASK
100026de:	b672      	cpsid	i
100026e0:	6833      	ldr	r3, [r6, #0]
100026e2:	2b00      	cmp	r3, #0
100026e4:	d0fc      	beq.n	100026e0 <sleep_us+0xb4>
100026e6:	f3bf 8f5f 	dmb	sy
100026ea:	6803      	ldr	r3, [r0, #0]
100026ec:	f3bf 8f5f 	dmb	sy
100026f0:	4666      	mov	r6, ip
100026f2:	601e      	str	r6, [r3, #0]
100026f4:	f387 8810 	msr	PRIMASK, r7
100026f8:	bf20      	wfe
100026fa:	e7e5      	b.n	100026c8 <sleep_us+0x9c>
100026fc:	2a00      	cmp	r2, #0
100026fe:	d0b6      	beq.n	1000266e <sleep_us+0x42>
10002700:	e7c9      	b.n	10002696 <sleep_us+0x6a>
10002702:	46c0      	nop			@ (mov r8, r8)
10002704:	7fffffff 	.word	0x7fffffff
10002708:	10002021 	.word	0x10002021
1000270c:	2000102c 	.word	0x2000102c
10002710:	40054000 	.word	0x40054000
10002714:	20002008 	.word	0x20002008

10002718 <sleep_ms>:
10002718:	b5f0      	push	{r4, r5, r6, r7, lr}
1000271a:	46c6      	mov	lr, r8
1000271c:	b500      	push	{lr}
1000271e:	b082      	sub	sp, #8
10002720:	0004      	movs	r4, r0
10002722:	f000 f90f 	bl	10002944 <time_us_64>
10002726:	22fa      	movs	r2, #250	@ 0xfa
10002728:	0006      	movs	r6, r0
1000272a:	000f      	movs	r7, r1
1000272c:	0020      	movs	r0, r4
1000272e:	2300      	movs	r3, #0
10002730:	2100      	movs	r1, #0
10002732:	0092      	lsls	r2, r2, #2
10002734:	f001 fa8c 	bl	10003c50 <__wrap___aeabi_lmul>
10002738:	1980      	adds	r0, r0, r6
1000273a:	4179      	adcs	r1, r7
1000273c:	0004      	movs	r4, r0
1000273e:	1e0d      	subs	r5, r1, #0
10002740:	da02      	bge.n	10002748 <sleep_ms+0x30>
10002742:	2401      	movs	r4, #1
10002744:	4d2e      	ldr	r5, [pc, #184]	@ (10002800 <sleep_ms+0xe8>)
10002746:	4264      	negs	r4, r4
10002748:	2606      	movs	r6, #6
1000274a:	4276      	negs	r6, r6
1000274c:	17f7      	asrs	r7, r6, #31
1000274e:	1936      	adds	r6, r6, r4
10002750:	416f      	adcs	r7, r5
10002752:	42af      	cmp	r7, r5
10002754:	d814      	bhi.n	10002780 <sleep_ms+0x68>
10002756:	d011      	beq.n	1000277c <sleep_ms+0x64>
10002758:	f000 f8f4 	bl	10002944 <time_us_64>
1000275c:	0032      	movs	r2, r6
1000275e:	003b      	movs	r3, r7
10002760:	1a12      	subs	r2, r2, r0
10002762:	418b      	sbcs	r3, r1
10002764:	2b00      	cmp	r3, #0
10002766:	dc15      	bgt.n	10002794 <sleep_ms+0x7c>
10002768:	2b00      	cmp	r3, #0
1000276a:	d046      	beq.n	100027fa <sleep_ms+0xe2>
1000276c:	0020      	movs	r0, r4
1000276e:	0029      	movs	r1, r5
10002770:	f000 f8f2 	bl	10002958 <busy_wait_until>
10002774:	b002      	add	sp, #8
10002776:	bc80      	pop	{r7}
10002778:	46b8      	mov	r8, r7
1000277a:	bdf0      	pop	{r4, r5, r6, r7, pc}
1000277c:	42a6      	cmp	r6, r4
1000277e:	d9eb      	bls.n	10002758 <sleep_ms+0x40>
10002780:	2600      	movs	r6, #0
10002782:	2700      	movs	r7, #0
10002784:	f000 f8de 	bl	10002944 <time_us_64>
10002788:	0032      	movs	r2, r6
1000278a:	003b      	movs	r3, r7
1000278c:	1a12      	subs	r2, r2, r0
1000278e:	418b      	sbcs	r3, r1
10002790:	2b00      	cmp	r3, #0
10002792:	dde9      	ble.n	10002768 <sleep_ms+0x50>
10002794:	f000 f8d6 	bl	10002944 <time_us_64>
10002798:	0032      	movs	r2, r6
1000279a:	003b      	movs	r3, r7
1000279c:	1a12      	subs	r2, r2, r0
1000279e:	418b      	sbcs	r3, r1
100027a0:	2b00      	cmp	r3, #0
100027a2:	db0a      	blt.n	100027ba <sleep_ms+0xa2>
100027a4:	2300      	movs	r3, #0
100027a6:	9301      	str	r3, [sp, #4]
100027a8:	4b16      	ldr	r3, [pc, #88]	@ (10002804 <sleep_ms+0xec>)
100027aa:	0032      	movs	r2, r6
100027ac:	9300      	str	r3, [sp, #0]
100027ae:	4816      	ldr	r0, [pc, #88]	@ (10002808 <sleep_ms+0xf0>)
100027b0:	003b      	movs	r3, r7
100027b2:	f7ff fea7 	bl	10002504 <alarm_pool_add_alarm_at_force_in_context>
100027b6:	3001      	adds	r0, #1
100027b8:	d0d8      	beq.n	1000276c <sleep_ms+0x54>
100027ba:	2300      	movs	r3, #0
100027bc:	0039      	movs	r1, r7
100027be:	46b0      	mov	r8, r6
100027c0:	469c      	mov	ip, r3
100027c2:	4a12      	ldr	r2, [pc, #72]	@ (1000280c <sleep_ms+0xf4>)
100027c4:	4812      	ldr	r0, [pc, #72]	@ (10002810 <sleep_ms+0xf8>)
100027c6:	6a53      	ldr	r3, [r2, #36]	@ 0x24
100027c8:	4299      	cmp	r1, r3
100027ca:	d804      	bhi.n	100027d6 <sleep_ms+0xbe>
100027cc:	6a96      	ldr	r6, [r2, #40]	@ 0x28
100027ce:	4546      	cmp	r6, r8
100027d0:	d2cc      	bcs.n	1000276c <sleep_ms+0x54>
100027d2:	4299      	cmp	r1, r3
100027d4:	d1ca      	bne.n	1000276c <sleep_ms+0x54>
100027d6:	6806      	ldr	r6, [r0, #0]
100027d8:	f3ef 8710 	mrs	r7, PRIMASK
100027dc:	b672      	cpsid	i
100027de:	6833      	ldr	r3, [r6, #0]
100027e0:	2b00      	cmp	r3, #0
100027e2:	d0fc      	beq.n	100027de <sleep_ms+0xc6>
100027e4:	f3bf 8f5f 	dmb	sy
100027e8:	6803      	ldr	r3, [r0, #0]
100027ea:	f3bf 8f5f 	dmb	sy
100027ee:	4666      	mov	r6, ip
100027f0:	601e      	str	r6, [r3, #0]
100027f2:	f387 8810 	msr	PRIMASK, r7
100027f6:	bf20      	wfe
100027f8:	e7e5      	b.n	100027c6 <sleep_ms+0xae>
100027fa:	2a00      	cmp	r2, #0
100027fc:	d0b6      	beq.n	1000276c <sleep_ms+0x54>
100027fe:	e7c9      	b.n	10002794 <sleep_ms+0x7c>
10002800:	7fffffff 	.word	0x7fffffff
10002804:	10002021 	.word	0x10002021
10002808:	2000102c 	.word	0x2000102c
1000280c:	40054000 	.word	0x40054000
10002810:	20002008 	.word	0x20002008

10002814 <best_effort_wfe_or_timeout>:
10002814:	b5f0      	push	{r4, r5, r6, r7, lr}
10002816:	4657      	mov	r7, sl
10002818:	464e      	mov	r6, r9
1000281a:	46de      	mov	lr, fp
1000281c:	4645      	mov	r5, r8
1000281e:	b5e0      	push	{r5, r6, r7, lr}
10002820:	0006      	movs	r6, r0
10002822:	000f      	movs	r7, r1
10002824:	b085      	sub	sp, #20
10002826:	f3ef 8305 	mrs	r3, IPSR
1000282a:	4699      	mov	r9, r3
1000282c:	468b      	mov	fp, r1
1000282e:	2b00      	cmp	r3, #0
10002830:	d012      	beq.n	10002858 <best_effort_wfe_or_timeout+0x44>
10002832:	4938      	ldr	r1, [pc, #224]	@ (10002914 <best_effort_wfe_or_timeout+0x100>)
10002834:	2000      	movs	r0, #0
10002836:	6a4b      	ldr	r3, [r1, #36]	@ 0x24
10002838:	42bb      	cmp	r3, r7
1000283a:	d306      	bcc.n	1000284a <best_effort_wfe_or_timeout+0x36>
1000283c:	6a8a      	ldr	r2, [r1, #40]	@ 0x28
1000283e:	1bdb      	subs	r3, r3, r7
10002840:	1e59      	subs	r1, r3, #1
10002842:	418b      	sbcs	r3, r1
10002844:	42b2      	cmp	r2, r6
10002846:	4140      	adcs	r0, r0
10002848:	4318      	orrs	r0, r3
1000284a:	b005      	add	sp, #20
1000284c:	bcf0      	pop	{r4, r5, r6, r7}
1000284e:	46bb      	mov	fp, r7
10002850:	46b2      	mov	sl, r6
10002852:	46a9      	mov	r9, r5
10002854:	46a0      	mov	r8, r4
10002856:	bdf0      	pop	{r4, r5, r6, r7, pc}
10002858:	4b2f      	ldr	r3, [pc, #188]	@ (10002918 <best_effort_wfe_or_timeout+0x104>)
1000285a:	469a      	mov	sl, r3
1000285c:	68db      	ldr	r3, [r3, #12]
1000285e:	4698      	mov	r8, r3
10002860:	4653      	mov	r3, sl
10002862:	781b      	ldrb	r3, [r3, #0]
10002864:	4640      	mov	r0, r8
10002866:	9303      	str	r3, [sp, #12]
10002868:	f000 f864 	bl	10002934 <timer_time_us_64>
1000286c:	4642      	mov	r2, r8
1000286e:	9b03      	ldr	r3, [sp, #12]
10002870:	0004      	movs	r4, r0
10002872:	3304      	adds	r3, #4
10002874:	009b      	lsls	r3, r3, #2
10002876:	589b      	ldr	r3, [r3, r2]
10002878:	000d      	movs	r5, r1
1000287a:	1a1b      	subs	r3, r3, r0
1000287c:	0039      	movs	r1, r7
1000287e:	0030      	movs	r0, r6
10002880:	1b00      	subs	r0, r0, r4
10002882:	41a9      	sbcs	r1, r5
10002884:	4589      	cmp	r9, r1
10002886:	dc10      	bgt.n	100028aa <best_effort_wfe_or_timeout+0x96>
10002888:	d00d      	beq.n	100028a6 <best_effort_wfe_or_timeout+0x92>
1000288a:	bf20      	wfe
1000288c:	4a21      	ldr	r2, [pc, #132]	@ (10002914 <best_effort_wfe_or_timeout+0x100>)
1000288e:	2000      	movs	r0, #0
10002890:	6a53      	ldr	r3, [r2, #36]	@ 0x24
10002892:	455b      	cmp	r3, fp
10002894:	d3d9      	bcc.n	1000284a <best_effort_wfe_or_timeout+0x36>
10002896:	6a92      	ldr	r2, [r2, #40]	@ 0x28
10002898:	1bdb      	subs	r3, r3, r7
1000289a:	1e59      	subs	r1, r3, #1
1000289c:	418b      	sbcs	r3, r1
1000289e:	42b2      	cmp	r2, r6
100028a0:	4140      	adcs	r0, r0
100028a2:	4318      	orrs	r0, r3
100028a4:	e7d1      	b.n	1000284a <best_effort_wfe_or_timeout+0x36>
100028a6:	4283      	cmp	r3, r0
100028a8:	d9ef      	bls.n	1000288a <best_effort_wfe_or_timeout+0x76>
100028aa:	f000 f84b 	bl	10002944 <time_us_64>
100028ae:	0032      	movs	r2, r6
100028b0:	003b      	movs	r3, r7
100028b2:	1a12      	subs	r2, r2, r0
100028b4:	418b      	sbcs	r3, r1
100028b6:	2b00      	cmp	r3, #0
100028b8:	db1a      	blt.n	100028f0 <best_effort_wfe_or_timeout+0xdc>
100028ba:	2300      	movs	r3, #0
100028bc:	9301      	str	r3, [sp, #4]
100028be:	4b17      	ldr	r3, [pc, #92]	@ (1000291c <best_effort_wfe_or_timeout+0x108>)
100028c0:	0032      	movs	r2, r6
100028c2:	9300      	str	r3, [sp, #0]
100028c4:	4650      	mov	r0, sl
100028c6:	003b      	movs	r3, r7
100028c8:	f7ff fe1c 	bl	10002504 <alarm_pool_add_alarm_at_force_in_context>
100028cc:	1e01      	subs	r1, r0, #0
100028ce:	dd0f      	ble.n	100028f0 <best_effort_wfe_or_timeout+0xdc>
100028d0:	4b10      	ldr	r3, [pc, #64]	@ (10002914 <best_effort_wfe_or_timeout+0x100>)
100028d2:	6a5a      	ldr	r2, [r3, #36]	@ 0x24
100028d4:	455a      	cmp	r2, fp
100028d6:	d31b      	bcc.n	10002910 <best_effort_wfe_or_timeout+0xfc>
100028d8:	6a9b      	ldr	r3, [r3, #40]	@ 0x28
100028da:	42b3      	cmp	r3, r6
100028dc:	d316      	bcc.n	1000290c <best_effort_wfe_or_timeout+0xf8>
100028de:	4650      	mov	r0, sl
100028e0:	f7ff fe68 	bl	100025b4 <alarm_pool_cancel_alarm>
100028e4:	4a0b      	ldr	r2, [pc, #44]	@ (10002914 <best_effort_wfe_or_timeout+0x100>)
100028e6:	2000      	movs	r0, #0
100028e8:	6a53      	ldr	r3, [r2, #36]	@ 0x24
100028ea:	455b      	cmp	r3, fp
100028ec:	d3ad      	bcc.n	1000284a <best_effort_wfe_or_timeout+0x36>
100028ee:	e7d2      	b.n	10002896 <best_effort_wfe_or_timeout+0x82>
100028f0:	4a08      	ldr	r2, [pc, #32]	@ (10002914 <best_effort_wfe_or_timeout+0x100>)
100028f2:	2000      	movs	r0, #0
100028f4:	6a53      	ldr	r3, [r2, #36]	@ 0x24
100028f6:	455b      	cmp	r3, fp
100028f8:	d3a7      	bcc.n	1000284a <best_effort_wfe_or_timeout+0x36>
100028fa:	2000      	movs	r0, #0
100028fc:	6a92      	ldr	r2, [r2, #40]	@ 0x28
100028fe:	1bdb      	subs	r3, r3, r7
10002900:	42b2      	cmp	r2, r6
10002902:	4140      	adcs	r0, r0
10002904:	1e5a      	subs	r2, r3, #1
10002906:	4193      	sbcs	r3, r2
10002908:	4318      	orrs	r0, r3
1000290a:	e79e      	b.n	1000284a <best_effort_wfe_or_timeout+0x36>
1000290c:	455a      	cmp	r2, fp
1000290e:	d1e6      	bne.n	100028de <best_effort_wfe_or_timeout+0xca>
10002910:	bf20      	wfe
10002912:	e7e4      	b.n	100028de <best_effort_wfe_or_timeout+0xca>
10002914:	40054000 	.word	0x40054000
10002918:	2000102c 	.word	0x2000102c
1000291c:	10002021 	.word	0x10002021

10002920 <timer_hardware_alarm_claim>:
10002920:	b510      	push	{r4, lr}
10002922:	4a02      	ldr	r2, [pc, #8]	@ (1000292c <timer_hardware_alarm_claim+0xc>)
10002924:	4802      	ldr	r0, [pc, #8]	@ (10002930 <timer_hardware_alarm_claim+0x10>)
10002926:	f7fe ffcb 	bl	100018c0 <hw_claim_or_assert>
1000292a:	bd10      	pop	{r4, pc}
1000292c:	10008fa8 	.word	0x10008fa8
10002930:	20001b3c 	.word	0x20001b3c

10002934 <timer_time_us_64>:
10002934:	0003      	movs	r3, r0
10002936:	6a41      	ldr	r1, [r0, #36]	@ 0x24
10002938:	000a      	movs	r2, r1
1000293a:	6a98      	ldr	r0, [r3, #40]	@ 0x28
1000293c:	6a59      	ldr	r1, [r3, #36]	@ 0x24
1000293e:	428a      	cmp	r2, r1
10002940:	d1fa      	bne.n	10002938 <timer_time_us_64+0x4>
10002942:	4770      	bx	lr

10002944 <time_us_64>:
10002944:	4b03      	ldr	r3, [pc, #12]	@ (10002954 <time_us_64+0x10>)
10002946:	6a59      	ldr	r1, [r3, #36]	@ 0x24
10002948:	000a      	movs	r2, r1
1000294a:	6a98      	ldr	r0, [r3, #40]	@ 0x28
1000294c:	6a59      	ldr	r1, [r3, #36]	@ 0x24
1000294e:	4291      	cmp	r1, r2
10002950:	d1fa      	bne.n	10002948 <time_us_64+0x4>
10002952:	4770      	bx	lr
10002954:	40054000 	.word	0x40054000

10002958 <busy_wait_until>:
10002958:	4a06      	ldr	r2, [pc, #24]	@ (10002974 <busy_wait_until+0x1c>)
1000295a:	6a53      	ldr	r3, [r2, #36]	@ 0x24
1000295c:	4299      	cmp	r1, r3
1000295e:	d8fc      	bhi.n	1000295a <busy_wait_until+0x2>
10002960:	d107      	bne.n	10002972 <busy_wait_until+0x1a>
10002962:	4b04      	ldr	r3, [pc, #16]	@ (10002974 <busy_wait_until+0x1c>)
10002964:	e002      	b.n	1000296c <busy_wait_until+0x14>
10002966:	6a5a      	ldr	r2, [r3, #36]	@ 0x24
10002968:	4291      	cmp	r1, r2
1000296a:	d102      	bne.n	10002972 <busy_wait_until+0x1a>
1000296c:	6a9a      	ldr	r2, [r3, #40]	@ 0x28
1000296e:	4290      	cmp	r0, r2
10002970:	d8f9      	bhi.n	10002966 <busy_wait_until+0xe>
10002972:	4770      	bx	lr
10002974:	40054000 	.word	0x40054000

10002978 <clock_configure_int_divider>:
10002978:	b5f8      	push	{r3, r4, r5, r6, r7, lr}
1000297a:	46de      	mov	lr, fp
1000297c:	464e      	mov	r6, r9
1000297e:	4657      	mov	r7, sl
10002980:	4645      	mov	r5, r8
10002982:	b5e0      	push	{r5, r6, r7, lr}
10002984:	468b      	mov	fp, r1
10002986:	0005      	movs	r5, r0
10002988:	990a      	ldr	r1, [sp, #40]	@ 0x28
1000298a:	0018      	movs	r0, r3
1000298c:	0016      	movs	r6, r2
1000298e:	f000 fb3b 	bl	10003008 <__wrap___aeabi_uidiv>
10002992:	9b0a      	ldr	r3, [sp, #40]	@ 0x28
10002994:	006c      	lsls	r4, r5, #1
10002996:	021f      	lsls	r7, r3, #8
10002998:	4b32      	ldr	r3, [pc, #200]	@ (10002a64 <clock_configure_int_divider+0xec>)
1000299a:	1964      	adds	r4, r4, r5
1000299c:	469c      	mov	ip, r3
1000299e:	00a4      	lsls	r4, r4, #2
100029a0:	4464      	add	r4, ip
100029a2:	6863      	ldr	r3, [r4, #4]
100029a4:	4681      	mov	r9, r0
100029a6:	429f      	cmp	r7, r3
100029a8:	d900      	bls.n	100029ac <clock_configure_int_divider+0x34>
100029aa:	6067      	str	r7, [r4, #4]
100029ac:	1f2b      	subs	r3, r5, #4
100029ae:	b2db      	uxtb	r3, r3
100029b0:	4698      	mov	r8, r3
100029b2:	2b01      	cmp	r3, #1
100029b4:	d930      	bls.n	10002a18 <clock_configure_int_divider+0xa0>
100029b6:	23c0      	movs	r3, #192	@ 0xc0
100029b8:	2280      	movs	r2, #128	@ 0x80
100029ba:	019b      	lsls	r3, r3, #6
100029bc:	18e3      	adds	r3, r4, r3
100029be:	0112      	lsls	r2, r2, #4
100029c0:	601a      	str	r2, [r3, #0]
100029c2:	4b29      	ldr	r3, [pc, #164]	@ (10002a68 <clock_configure_int_divider+0xf0>)
100029c4:	00ad      	lsls	r5, r5, #2
100029c6:	5959      	ldr	r1, [r3, r5]
100029c8:	469a      	mov	sl, r3
100029ca:	2900      	cmp	r1, #0
100029cc:	d11b      	bne.n	10002a06 <clock_configure_int_divider+0x8e>
100029ce:	0173      	lsls	r3, r6, #5
100029d0:	26e0      	movs	r6, #224	@ 0xe0
100029d2:	6822      	ldr	r2, [r4, #0]
100029d4:	4053      	eors	r3, r2
100029d6:	401e      	ands	r6, r3
100029d8:	2380      	movs	r3, #128	@ 0x80
100029da:	4642      	mov	r2, r8
100029dc:	015b      	lsls	r3, r3, #5
100029de:	18e3      	adds	r3, r4, r3
100029e0:	601e      	str	r6, [r3, #0]
100029e2:	2a01      	cmp	r2, #1
100029e4:	d930      	bls.n	10002a48 <clock_configure_int_divider+0xd0>
100029e6:	2380      	movs	r3, #128	@ 0x80
100029e8:	2280      	movs	r2, #128	@ 0x80
100029ea:	019b      	lsls	r3, r3, #6
100029ec:	18e3      	adds	r3, r4, r3
100029ee:	0112      	lsls	r2, r2, #4
100029f0:	601a      	str	r2, [r3, #0]
100029f2:	4653      	mov	r3, sl
100029f4:	464a      	mov	r2, r9
100029f6:	6067      	str	r7, [r4, #4]
100029f8:	515a      	str	r2, [r3, r5]
100029fa:	bcf0      	pop	{r4, r5, r6, r7}
100029fc:	46bb      	mov	fp, r7
100029fe:	46b2      	mov	sl, r6
10002a00:	46a9      	mov	r9, r5
10002a02:	46a0      	mov	r8, r4
10002a04:	bdf8      	pop	{r3, r4, r5, r6, r7, pc}
10002a06:	6958      	ldr	r0, [r3, #20]
10002a08:	f000 fafe 	bl	10003008 <__wrap___aeabi_uidiv>
10002a0c:	3001      	adds	r0, #1
10002a0e:	0043      	lsls	r3, r0, #1
10002a10:	181b      	adds	r3, r3, r0
10002a12:	3b03      	subs	r3, #3
10002a14:	d2fd      	bcs.n	10002a12 <clock_configure_int_divider+0x9a>
10002a16:	e7da      	b.n	100029ce <clock_configure_int_divider+0x56>
10002a18:	465b      	mov	r3, fp
10002a1a:	2b01      	cmp	r3, #1
10002a1c:	d1cb      	bne.n	100029b6 <clock_configure_int_divider+0x3e>
10002a1e:	23c0      	movs	r3, #192	@ 0xc0
10002a20:	2203      	movs	r2, #3
10002a22:	019b      	lsls	r3, r3, #6
10002a24:	18e3      	adds	r3, r4, r3
10002a26:	601a      	str	r2, [r3, #0]
10002a28:	3a02      	subs	r2, #2
10002a2a:	68a3      	ldr	r3, [r4, #8]
10002a2c:	421a      	tst	r2, r3
10002a2e:	d0fc      	beq.n	10002a2a <clock_configure_int_divider+0xb2>
10002a30:	0173      	lsls	r3, r6, #5
10002a32:	26e0      	movs	r6, #224	@ 0xe0
10002a34:	6822      	ldr	r2, [r4, #0]
10002a36:	00ad      	lsls	r5, r5, #2
10002a38:	4053      	eors	r3, r2
10002a3a:	401e      	ands	r6, r3
10002a3c:	2380      	movs	r3, #128	@ 0x80
10002a3e:	4a0a      	ldr	r2, [pc, #40]	@ (10002a68 <clock_configure_int_divider+0xf0>)
10002a40:	015b      	lsls	r3, r3, #5
10002a42:	4692      	mov	sl, r2
10002a44:	18e3      	adds	r3, r4, r3
10002a46:	601e      	str	r6, [r3, #0]
10002a48:	465a      	mov	r2, fp
10002a4a:	6821      	ldr	r1, [r4, #0]
10002a4c:	4051      	eors	r1, r2
10002a4e:	2203      	movs	r2, #3
10002a50:	400a      	ands	r2, r1
10002a52:	601a      	str	r2, [r3, #0]
10002a54:	2201      	movs	r2, #1
10002a56:	465b      	mov	r3, fp
10002a58:	409a      	lsls	r2, r3
10002a5a:	68a3      	ldr	r3, [r4, #8]
10002a5c:	421a      	tst	r2, r3
10002a5e:	d0fc      	beq.n	10002a5a <clock_configure_int_divider+0xe2>
10002a60:	e7c1      	b.n	100029e6 <clock_configure_int_divider+0x6e>
10002a62:	46c0      	nop			@ (mov r8, r8)
10002a64:	40008000 	.word	0x40008000
10002a68:	20001b44 	.word	0x20001b44

10002a6c <clock_configure_undivided>:
10002a6c:	b5f0      	push	{r4, r5, r6, r7, lr}
10002a6e:	4646      	mov	r6, r8
10002a70:	464f      	mov	r7, r9
10002a72:	46d6      	mov	lr, sl
10002a74:	b5c0      	push	{r6, r7, lr}
10002a76:	001f      	movs	r7, r3
10002a78:	4b34      	ldr	r3, [pc, #208]	@ (10002b4c <clock_configure_undivided+0xe0>)
10002a7a:	0044      	lsls	r4, r0, #1
10002a7c:	469c      	mov	ip, r3
10002a7e:	1824      	adds	r4, r4, r0
10002a80:	00a4      	lsls	r4, r4, #2
10002a82:	4464      	add	r4, ip
10002a84:	6863      	ldr	r3, [r4, #4]
10002a86:	4688      	mov	r8, r1
10002a88:	0016      	movs	r6, r2
10002a8a:	2bff      	cmp	r3, #255	@ 0xff
10002a8c:	d802      	bhi.n	10002a94 <clock_configure_undivided+0x28>
10002a8e:	2380      	movs	r3, #128	@ 0x80
10002a90:	005b      	lsls	r3, r3, #1
10002a92:	6063      	str	r3, [r4, #4]
10002a94:	1f03      	subs	r3, r0, #4
10002a96:	b2db      	uxtb	r3, r3
10002a98:	469a      	mov	sl, r3
10002a9a:	2b01      	cmp	r3, #1
10002a9c:	d930      	bls.n	10002b00 <clock_configure_undivided+0x94>
10002a9e:	23c0      	movs	r3, #192	@ 0xc0
10002aa0:	2280      	movs	r2, #128	@ 0x80
10002aa2:	019b      	lsls	r3, r3, #6
10002aa4:	18e3      	adds	r3, r4, r3
10002aa6:	0112      	lsls	r2, r2, #4
10002aa8:	601a      	str	r2, [r3, #0]
10002aaa:	4b29      	ldr	r3, [pc, #164]	@ (10002b50 <clock_configure_undivided+0xe4>)
10002aac:	0085      	lsls	r5, r0, #2
10002aae:	5959      	ldr	r1, [r3, r5]
10002ab0:	4699      	mov	r9, r3
10002ab2:	2900      	cmp	r1, #0
10002ab4:	d11b      	bne.n	10002aee <clock_configure_undivided+0x82>
10002ab6:	0173      	lsls	r3, r6, #5
10002ab8:	26e0      	movs	r6, #224	@ 0xe0
10002aba:	6822      	ldr	r2, [r4, #0]
10002abc:	4053      	eors	r3, r2
10002abe:	401e      	ands	r6, r3
10002ac0:	2380      	movs	r3, #128	@ 0x80
10002ac2:	4652      	mov	r2, sl
10002ac4:	015b      	lsls	r3, r3, #5
10002ac6:	18e3      	adds	r3, r4, r3
10002ac8:	601e      	str	r6, [r3, #0]
10002aca:	2a01      	cmp	r2, #1
10002acc:	d930      	bls.n	10002b30 <clock_configure_undivided+0xc4>
10002ace:	2380      	movs	r3, #128	@ 0x80
10002ad0:	2280      	movs	r2, #128	@ 0x80
10002ad2:	019b      	lsls	r3, r3, #6
10002ad4:	18e3      	adds	r3, r4, r3
10002ad6:	0112      	lsls	r2, r2, #4
10002ad8:	601a      	str	r2, [r3, #0]
10002ada:	2380      	movs	r3, #128	@ 0x80
10002adc:	005b      	lsls	r3, r3, #1
10002ade:	6063      	str	r3, [r4, #4]
10002ae0:	464b      	mov	r3, r9
10002ae2:	515f      	str	r7, [r3, r5]
10002ae4:	bce0      	pop	{r5, r6, r7}
10002ae6:	46ba      	mov	sl, r7
10002ae8:	46b1      	mov	r9, r6
10002aea:	46a8      	mov	r8, r5
10002aec:	bdf0      	pop	{r4, r5, r6, r7, pc}
10002aee:	6958      	ldr	r0, [r3, #20]
10002af0:	f000 fa8a 	bl	10003008 <__wrap___aeabi_uidiv>
10002af4:	3001      	adds	r0, #1
10002af6:	0043      	lsls	r3, r0, #1
10002af8:	181b      	adds	r3, r3, r0
10002afa:	3b03      	subs	r3, #3
10002afc:	d2fd      	bcs.n	10002afa <clock_configure_undivided+0x8e>
10002afe:	e7da      	b.n	10002ab6 <clock_configure_undivided+0x4a>
10002b00:	4643      	mov	r3, r8
10002b02:	2b01      	cmp	r3, #1
10002b04:	d1cb      	bne.n	10002a9e <clock_configure_undivided+0x32>
10002b06:	23c0      	movs	r3, #192	@ 0xc0
10002b08:	2203      	movs	r2, #3
10002b0a:	019b      	lsls	r3, r3, #6
10002b0c:	18e3      	adds	r3, r4, r3
10002b0e:	601a      	str	r2, [r3, #0]
10002b10:	3a02      	subs	r2, #2
10002b12:	68a3      	ldr	r3, [r4, #8]
10002b14:	421a      	tst	r2, r3
10002b16:	d0fc      	beq.n	10002b12 <clock_configure_undivided+0xa6>
10002b18:	0173      	lsls	r3, r6, #5
10002b1a:	26e0      	movs	r6, #224	@ 0xe0
10002b1c:	6822      	ldr	r2, [r4, #0]
10002b1e:	0085      	lsls	r5, r0, #2
10002b20:	4053      	eors	r3, r2
10002b22:	401e      	ands	r6, r3
10002b24:	2380      	movs	r3, #128	@ 0x80
10002b26:	4a0a      	ldr	r2, [pc, #40]	@ (10002b50 <clock_configure_undivided+0xe4>)
10002b28:	015b      	lsls	r3, r3, #5
10002b2a:	4691      	mov	r9, r2
10002b2c:	18e3      	adds	r3, r4, r3
10002b2e:	601e      	str	r6, [r3, #0]
10002b30:	4642      	mov	r2, r8
10002b32:	6821      	ldr	r1, [r4, #0]
10002b34:	4051      	eors	r1, r2
10002b36:	2203      	movs	r2, #3
10002b38:	400a      	ands	r2, r1
10002b3a:	601a      	str	r2, [r3, #0]
10002b3c:	2301      	movs	r3, #1
10002b3e:	4642      	mov	r2, r8
10002b40:	4093      	lsls	r3, r2
10002b42:	68a2      	ldr	r2, [r4, #8]
10002b44:	4213      	tst	r3, r2
10002b46:	d0fc      	beq.n	10002b42 <clock_configure_undivided+0xd6>
10002b48:	e7c1      	b.n	10002ace <clock_configure_undivided+0x62>
10002b4a:	46c0      	nop			@ (mov r8, r8)
10002b4c:	40008000 	.word	0x40008000
10002b50:	20001b44 	.word	0x20001b44

10002b54 <clock_get_hz>:
10002b54:	4b01      	ldr	r3, [pc, #4]	@ (10002b5c <clock_get_hz+0x8>)
10002b56:	0080      	lsls	r0, r0, #2
10002b58:	58c0      	ldr	r0, [r0, r3]
10002b5a:	4770      	bx	lr
10002b5c:	20001b44 	.word	0x20001b44

10002b60 <pll_init>:
10002b60:	b5f8      	push	{r3, r4, r5, r6, r7, lr}
10002b62:	0004      	movs	r4, r0
10002b64:	4821      	ldr	r0, [pc, #132]	@ (10002bec <pll_init+0x8c>)
10002b66:	001e      	movs	r6, r3
10002b68:	0017      	movs	r7, r2
10002b6a:	000d      	movs	r5, r1
10002b6c:	f000 fa4c 	bl	10003008 <__wrap___aeabi_uidiv>
10002b70:	0001      	movs	r1, r0
10002b72:	0038      	movs	r0, r7
10002b74:	f000 fa48 	bl	10003008 <__wrap___aeabi_uidiv>
10002b78:	9b06      	ldr	r3, [sp, #24]
10002b7a:	0436      	lsls	r6, r6, #16
10002b7c:	031b      	lsls	r3, r3, #12
10002b7e:	431e      	orrs	r6, r3
10002b80:	6823      	ldr	r3, [r4, #0]
10002b82:	2b00      	cmp	r3, #0
10002b84:	db20      	blt.n	10002bc8 <pll_init+0x68>
10002b86:	4b1a      	ldr	r3, [pc, #104]	@ (10002bf0 <pll_init+0x90>)
10002b88:	491a      	ldr	r1, [pc, #104]	@ (10002bf4 <pll_init+0x94>)
10002b8a:	18e3      	adds	r3, r4, r3
10002b8c:	1e5a      	subs	r2, r3, #1
10002b8e:	4193      	sbcs	r3, r2
10002b90:	2280      	movs	r2, #128	@ 0x80
10002b92:	0192      	lsls	r2, r2, #6
10002b94:	4694      	mov	ip, r2
10002b96:	425b      	negs	r3, r3
10002b98:	0b1b      	lsrs	r3, r3, #12
10002b9a:	4a17      	ldr	r2, [pc, #92]	@ (10002bf8 <pll_init+0x98>)
10002b9c:	031b      	lsls	r3, r3, #12
10002b9e:	4463      	add	r3, ip
10002ba0:	6013      	str	r3, [r2, #0]
10002ba2:	4a16      	ldr	r2, [pc, #88]	@ (10002bfc <pll_init+0x9c>)
10002ba4:	6013      	str	r3, [r2, #0]
10002ba6:	001f      	movs	r7, r3
10002ba8:	680a      	ldr	r2, [r1, #0]
10002baa:	4397      	bics	r7, r2
10002bac:	d1fb      	bne.n	10002ba6 <pll_init+0x46>
10002bae:	4b14      	ldr	r3, [pc, #80]	@ (10002c00 <pll_init+0xa0>)
10002bb0:	6025      	str	r5, [r4, #0]
10002bb2:	18e2      	adds	r2, r4, r3
10002bb4:	2321      	movs	r3, #33	@ 0x21
10002bb6:	60a0      	str	r0, [r4, #8]
10002bb8:	6013      	str	r3, [r2, #0]
10002bba:	6823      	ldr	r3, [r4, #0]
10002bbc:	2b00      	cmp	r3, #0
10002bbe:	dafc      	bge.n	10002bba <pll_init+0x5a>
10002bc0:	2308      	movs	r3, #8
10002bc2:	60e6      	str	r6, [r4, #12]
10002bc4:	6013      	str	r3, [r2, #0]
10002bc6:	bdf8      	pop	{r3, r4, r5, r6, r7, pc}
10002bc8:	233f      	movs	r3, #63	@ 0x3f
10002bca:	6822      	ldr	r2, [r4, #0]
10002bcc:	4013      	ands	r3, r2
10002bce:	42ab      	cmp	r3, r5
10002bd0:	d1d9      	bne.n	10002b86 <pll_init+0x26>
10002bd2:	68a3      	ldr	r3, [r4, #8]
10002bd4:	051b      	lsls	r3, r3, #20
10002bd6:	0d1b      	lsrs	r3, r3, #20
10002bd8:	4283      	cmp	r3, r0
10002bda:	d1d4      	bne.n	10002b86 <pll_init+0x26>
10002bdc:	22ee      	movs	r2, #238	@ 0xee
10002bde:	68e3      	ldr	r3, [r4, #12]
10002be0:	02d2      	lsls	r2, r2, #11
10002be2:	4013      	ands	r3, r2
10002be4:	42b3      	cmp	r3, r6
10002be6:	d1ce      	bne.n	10002b86 <pll_init+0x26>
10002be8:	e7ed      	b.n	10002bc6 <pll_init+0x66>
10002bea:	46c0      	nop			@ (mov r8, r8)
10002bec:	00b71b00 	.word	0x00b71b00
10002bf0:	bffd4000 	.word	0xbffd4000
10002bf4:	4000c008 	.word	0x4000c008
10002bf8:	4000e000 	.word	0x4000e000
10002bfc:	4000f000 	.word	0x4000f000
10002c00:	00003004 	.word	0x00003004

10002c04 <watchdog_reboot>:
10002c04:	b510      	push	{r4, lr}
10002c06:	2480      	movs	r4, #128	@ 0x80
10002c08:	4b1c      	ldr	r3, [pc, #112]	@ (10002c7c <watchdog_reboot+0x78>)
10002c0a:	05e4      	lsls	r4, r4, #23
10002c0c:	601c      	str	r4, [r3, #0]
10002c0e:	2800      	cmp	r0, #0
10002c10:	d01a      	beq.n	10002c48 <watchdog_reboot+0x44>
10002c12:	2301      	movs	r3, #1
10002c14:	4c1a      	ldr	r4, [pc, #104]	@ (10002c80 <watchdog_reboot+0x7c>)
10002c16:	4318      	orrs	r0, r3
10002c18:	4b1a      	ldr	r3, [pc, #104]	@ (10002c84 <watchdog_reboot+0x80>)
10002c1a:	61dc      	str	r4, [r3, #28]
10002c1c:	4c1a      	ldr	r4, [pc, #104]	@ (10002c88 <watchdog_reboot+0x84>)
10002c1e:	4044      	eors	r4, r0
10002c20:	621c      	str	r4, [r3, #32]
10002c22:	6259      	str	r1, [r3, #36]	@ 0x24
10002c24:	6298      	str	r0, [r3, #40]	@ 0x28
10002c26:	2180      	movs	r1, #128	@ 0x80
10002c28:	4b14      	ldr	r3, [pc, #80]	@ (10002c7c <watchdog_reboot+0x78>)
10002c2a:	05c9      	lsls	r1, r1, #23
10002c2c:	6019      	str	r1, [r3, #0]
10002c2e:	4817      	ldr	r0, [pc, #92]	@ (10002c8c <watchdog_reboot+0x88>)
10002c30:	4917      	ldr	r1, [pc, #92]	@ (10002c90 <watchdog_reboot+0x8c>)
10002c32:	6008      	str	r0, [r1, #0]
10002c34:	21e0      	movs	r1, #224	@ 0xe0
10002c36:	04c9      	lsls	r1, r1, #19
10002c38:	6019      	str	r1, [r3, #0]
10002c3a:	2a00      	cmp	r2, #0
10002c3c:	d107      	bne.n	10002c4e <watchdog_reboot+0x4a>
10002c3e:	2280      	movs	r2, #128	@ 0x80
10002c40:	4b14      	ldr	r3, [pc, #80]	@ (10002c94 <watchdog_reboot+0x90>)
10002c42:	0612      	lsls	r2, r2, #24
10002c44:	601a      	str	r2, [r3, #0]
10002c46:	bd10      	pop	{r4, pc}
10002c48:	4b0e      	ldr	r3, [pc, #56]	@ (10002c84 <watchdog_reboot+0x80>)
10002c4a:	61d8      	str	r0, [r3, #28]
10002c4c:	e7eb      	b.n	10002c26 <watchdog_reboot+0x22>
10002c4e:	0153      	lsls	r3, r2, #5
10002c50:	1a9b      	subs	r3, r3, r2
10002c52:	009b      	lsls	r3, r3, #2
10002c54:	189a      	adds	r2, r3, r2
10002c56:	2380      	movs	r3, #128	@ 0x80
10002c58:	0112      	lsls	r2, r2, #4
10002c5a:	045b      	lsls	r3, r3, #17
10002c5c:	429a      	cmp	r2, r3
10002c5e:	d209      	bcs.n	10002c74 <watchdog_reboot+0x70>
10002c60:	0013      	movs	r3, r2
10002c62:	490d      	ldr	r1, [pc, #52]	@ (10002c98 <watchdog_reboot+0x94>)
10002c64:	600b      	str	r3, [r1, #0]
10002c66:	4b07      	ldr	r3, [pc, #28]	@ (10002c84 <watchdog_reboot+0x80>)
10002c68:	605a      	str	r2, [r3, #4]
10002c6a:	2280      	movs	r2, #128	@ 0x80
10002c6c:	4b09      	ldr	r3, [pc, #36]	@ (10002c94 <watchdog_reboot+0x90>)
10002c6e:	05d2      	lsls	r2, r2, #23
10002c70:	601a      	str	r2, [r3, #0]
10002c72:	e7e8      	b.n	10002c46 <watchdog_reboot+0x42>
10002c74:	4b09      	ldr	r3, [pc, #36]	@ (10002c9c <watchdog_reboot+0x98>)
10002c76:	001a      	movs	r2, r3
10002c78:	e7f3      	b.n	10002c62 <watchdog_reboot+0x5e>
10002c7a:	46c0      	nop			@ (mov r8, r8)
10002c7c:	4005b000 	.word	0x4005b000
10002c80:	b007c0d3 	.word	0xb007c0d3
10002c84:	40058000 	.word	0x40058000
10002c88:	4ff83f2d 	.word	0x4ff83f2d
10002c8c:	0001fffc 	.word	0x0001fffc
10002c90:	40012008 	.word	0x40012008
10002c94:	4005a000 	.word	0x4005a000
10002c98:	20001fbc 	.word	0x20001fbc
10002c9c:	00ffffff 	.word	0x00ffffff

10002ca0 <tick_start>:
10002ca0:	2380      	movs	r3, #128	@ 0x80
10002ca2:	4a02      	ldr	r2, [pc, #8]	@ (10002cac <tick_start+0xc>)
10002ca4:	009b      	lsls	r3, r3, #2
10002ca6:	430b      	orrs	r3, r1
10002ca8:	62d3      	str	r3, [r2, #44]	@ 0x2c
10002caa:	4770      	bx	lr
10002cac:	40058000 	.word	0x40058000

10002cb0 <rom_func_lookup>:
10002cb0:	2300      	movs	r3, #0
10002cb2:	b510      	push	{r4, lr}
10002cb4:	0001      	movs	r1, r0
10002cb6:	8a98      	ldrh	r0, [r3, #20]
10002cb8:	8b1b      	ldrh	r3, [r3, #24]
10002cba:	4798      	blx	r3
10002cbc:	bd10      	pop	{r4, pc}
10002cbe:	46c0      	nop			@ (mov r8, r8)

10002cc0 <rom_data_lookup>:
10002cc0:	2316      	movs	r3, #22
10002cc2:	b510      	push	{r4, lr}
10002cc4:	0001      	movs	r1, r0
10002cc6:	8818      	ldrh	r0, [r3, #0]
10002cc8:	3302      	adds	r3, #2
10002cca:	881b      	ldrh	r3, [r3, #0]
10002ccc:	4798      	blx	r3
10002cce:	bd10      	pop	{r4, pc}

10002cd0 <rom_funcs_lookup>:
10002cd0:	b5f8      	push	{r3, r4, r5, r6, r7, lr}
10002cd2:	4647      	mov	r7, r8
10002cd4:	46ce      	mov	lr, r9
10002cd6:	b580      	push	{r7, lr}
10002cd8:	1e0f      	subs	r7, r1, #0
10002cda:	d018      	beq.n	10002d0e <rom_funcs_lookup+0x3e>
10002cdc:	2314      	movs	r3, #20
10002cde:	4699      	mov	r9, r3
10002ce0:	3304      	adds	r3, #4
10002ce2:	0004      	movs	r4, r0
10002ce4:	2500      	movs	r5, #0
10002ce6:	2601      	movs	r6, #1
10002ce8:	4698      	mov	r8, r3
10002cea:	464b      	mov	r3, r9
10002cec:	8818      	ldrh	r0, [r3, #0]
10002cee:	4643      	mov	r3, r8
10002cf0:	6821      	ldr	r1, [r4, #0]
10002cf2:	881b      	ldrh	r3, [r3, #0]
10002cf4:	4798      	blx	r3
10002cf6:	c401      	stmia	r4!, {r0}
10002cf8:	1e43      	subs	r3, r0, #1
10002cfa:	4198      	sbcs	r0, r3
10002cfc:	3501      	adds	r5, #1
10002cfe:	4006      	ands	r6, r0
10002d00:	42af      	cmp	r7, r5
10002d02:	d1f2      	bne.n	10002cea <rom_funcs_lookup+0x1a>
10002d04:	0030      	movs	r0, r6
10002d06:	bcc0      	pop	{r6, r7}
10002d08:	46b9      	mov	r9, r7
10002d0a:	46b0      	mov	r8, r6
10002d0c:	bdf8      	pop	{r3, r4, r5, r6, r7, pc}
10002d0e:	2601      	movs	r6, #1
10002d10:	e7f8      	b.n	10002d04 <rom_funcs_lookup+0x34>
10002d12:	46c0      	nop			@ (mov r8, r8)

10002d14 <rom_reset_usb_boot_extra>:
10002d14:	2300      	movs	r3, #0
10002d16:	b570      	push	{r4, r5, r6, lr}
10002d18:	0004      	movs	r4, r0
10002d1a:	000d      	movs	r5, r1
10002d1c:	8a98      	ldrh	r0, [r3, #20]
10002d1e:	4905      	ldr	r1, [pc, #20]	@ (10002d34 <rom_reset_usb_boot_extra+0x20>)
10002d20:	8b1b      	ldrh	r3, [r3, #24]
10002d22:	4798      	blx	r3
10002d24:	0003      	movs	r3, r0
10002d26:	2000      	movs	r0, #0
10002d28:	2c00      	cmp	r4, #0
10002d2a:	db01      	blt.n	10002d30 <rom_reset_usb_boot_extra+0x1c>
10002d2c:	3001      	adds	r0, #1
10002d2e:	40a0      	lsls	r0, r4
10002d30:	0029      	movs	r1, r5
10002d32:	4798      	blx	r3
10002d34:	00004255 	.word	0x00004255

10002d38 <xosc_init>:
10002d38:	23aa      	movs	r3, #170	@ 0xaa
10002d3a:	4a06      	ldr	r2, [pc, #24]	@ (10002d54 <xosc_init+0x1c>)
10002d3c:	011b      	lsls	r3, r3, #4
10002d3e:	6013      	str	r3, [r2, #0]
10002d40:	238d      	movs	r3, #141	@ 0x8d
10002d42:	005b      	lsls	r3, r3, #1
10002d44:	60d3      	str	r3, [r2, #12]
10002d46:	4904      	ldr	r1, [pc, #16]	@ (10002d58 <xosc_init+0x20>)
10002d48:	4b04      	ldr	r3, [pc, #16]	@ (10002d5c <xosc_init+0x24>)
10002d4a:	6019      	str	r1, [r3, #0]
10002d4c:	6853      	ldr	r3, [r2, #4]
10002d4e:	2b00      	cmp	r3, #0
10002d50:	dafc      	bge.n	10002d4c <xosc_init+0x14>
10002d52:	4770      	bx	lr
10002d54:	40024000 	.word	0x40024000
10002d58:	00fab000 	.word	0x00fab000
10002d5c:	40026000 	.word	0x40026000

10002d60 <first_per_core_initializer>:
10002d60:	4770      	bx	lr
10002d62:	46c0      	nop			@ (mov r8, r8)

10002d64 <hard_assertion_failure>:
10002d64:	b510      	push	{r4, lr}
10002d66:	4801      	ldr	r0, [pc, #4]	@ (10002d6c <hard_assertion_failure+0x8>)
10002d68:	f7fe fd7c 	bl	10001864 <panic>
10002d6c:	10008fcc 	.word	0x10008fcc

10002d70 <runtime_run_initializers>:
10002d70:	b570      	push	{r4, r5, r6, lr}
10002d72:	4d07      	ldr	r5, [pc, #28]	@ (10002d90 <runtime_run_initializers+0x20>)
10002d74:	4e07      	ldr	r6, [pc, #28]	@ (10002d94 <runtime_run_initializers+0x24>)
10002d76:	42b5      	cmp	r5, r6
10002d78:	d209      	bcs.n	10002d8e <runtime_run_initializers+0x1e>
10002d7a:	2400      	movs	r4, #0
10002d7c:	3e01      	subs	r6, #1
10002d7e:	1b76      	subs	r6, r6, r5
10002d80:	08b6      	lsrs	r6, r6, #2
10002d82:	cd08      	ldmia	r5!, {r3}
10002d84:	4798      	blx	r3
10002d86:	0023      	movs	r3, r4
10002d88:	3401      	adds	r4, #1
10002d8a:	42b3      	cmp	r3, r6
10002d8c:	d1f9      	bne.n	10002d82 <runtime_run_initializers+0x12>
10002d8e:	bd70      	pop	{r4, r5, r6, pc}
10002d90:	10008a70 	.word	0x10008a70
10002d94:	10008aac 	.word	0x10008aac

10002d98 <runtime_init_early_resets>:
10002d98:	4b05      	ldr	r3, [pc, #20]	@ (10002db0 <runtime_init_early_resets+0x18>)
10002d9a:	4a06      	ldr	r2, [pc, #24]	@ (10002db4 <runtime_init_early_resets+0x1c>)
10002d9c:	4906      	ldr	r1, [pc, #24]	@ (10002db8 <runtime_init_early_resets+0x20>)
10002d9e:	601a      	str	r2, [r3, #0]
10002da0:	4a06      	ldr	r2, [pc, #24]	@ (10002dbc <runtime_init_early_resets+0x24>)
10002da2:	4b07      	ldr	r3, [pc, #28]	@ (10002dc0 <runtime_init_early_resets+0x28>)
10002da4:	601a      	str	r2, [r3, #0]
10002da6:	0010      	movs	r0, r2
10002da8:	680b      	ldr	r3, [r1, #0]
10002daa:	4398      	bics	r0, r3
10002dac:	d1fb      	bne.n	10002da6 <runtime_init_early_resets+0xe>
10002dae:	4770      	bx	lr
10002db0:	4000e000 	.word	0x4000e000
10002db4:	fefbcdbf 	.word	0xfefbcdbf
10002db8:	4000c008 	.word	0x4000c008
10002dbc:	003c7ffe 	.word	0x003c7ffe
10002dc0:	4000f000 	.word	0x4000f000

10002dc4 <runtime_init_usb_power_down>:
10002dc4:	4b04      	ldr	r3, [pc, #16]	@ (10002dd8 <runtime_init_usb_power_down+0x14>)
10002dc6:	6cdb      	ldr	r3, [r3, #76]	@ 0x4c
10002dc8:	2b00      	cmp	r3, #0
10002dca:	d103      	bne.n	10002dd4 <runtime_init_usb_power_down+0x10>
10002dcc:	2280      	movs	r2, #128	@ 0x80
10002dce:	4b03      	ldr	r3, [pc, #12]	@ (10002ddc <runtime_init_usb_power_down+0x18>)
10002dd0:	02d2      	lsls	r2, r2, #11
10002dd2:	601a      	str	r2, [r3, #0]
10002dd4:	4770      	bx	lr
10002dd6:	46c0      	nop			@ (mov r8, r8)
10002dd8:	50110000 	.word	0x50110000
10002ddc:	5011204c 	.word	0x5011204c

10002de0 <runtime_init_post_clock_resets>:
10002de0:	4a04      	ldr	r2, [pc, #16]	@ (10002df4 <runtime_init_post_clock_resets+0x14>)
10002de2:	4b05      	ldr	r3, [pc, #20]	@ (10002df8 <runtime_init_post_clock_resets+0x18>)
10002de4:	601a      	str	r2, [r3, #0]
10002de6:	4a05      	ldr	r2, [pc, #20]	@ (10002dfc <runtime_init_post_clock_resets+0x1c>)
10002de8:	6813      	ldr	r3, [r2, #0]
10002dea:	01db      	lsls	r3, r3, #7
10002dec:	3380      	adds	r3, #128	@ 0x80
10002dee:	d1fb      	bne.n	10002de8 <runtime_init_post_clock_resets+0x8>
10002df0:	4770      	bx	lr
10002df2:	46c0      	nop			@ (mov r8, r8)
10002df4:	01ffffff 	.word	0x01ffffff
10002df8:	4000f000 	.word	0x4000f000
10002dfc:	4000c008 	.word	0x4000c008

10002e00 <runtime_init_rp2040_gpio_ie_disable>:
10002e00:	2240      	movs	r2, #64	@ 0x40
10002e02:	4b03      	ldr	r3, [pc, #12]	@ (10002e10 <runtime_init_rp2040_gpio_ie_disable+0x10>)
10002e04:	679a      	str	r2, [r3, #120]	@ 0x78
10002e06:	675a      	str	r2, [r3, #116]	@ 0x74
10002e08:	671a      	str	r2, [r3, #112]	@ 0x70
10002e0a:	66da      	str	r2, [r3, #108]	@ 0x6c
10002e0c:	4770      	bx	lr
10002e0e:	46c0      	nop			@ (mov r8, r8)
10002e10:	4001f000 	.word	0x4001f000

10002e14 <runtime_init_spin_locks_reset>:
10002e14:	b510      	push	{r4, lr}
10002e16:	f7fe fdd7 	bl	100019c8 <spin_locks_reset>
10002e1a:	bd10      	pop	{r4, pc}

10002e1c <runtime_init_install_ram_vector_table>:
10002e1c:	b5f8      	push	{r3, r4, r5, r6, r7, lr}
10002e1e:	4927      	ldr	r1, [pc, #156]	@ (10002ebc <runtime_init_install_ram_vector_table+0xa0>)
10002e20:	4c27      	ldr	r4, [pc, #156]	@ (10002ec0 <runtime_init_install_ram_vector_table+0xa4>)
10002e22:	4d28      	ldr	r5, [pc, #160]	@ (10002ec4 <runtime_init_install_ram_vector_table+0xa8>)
10002e24:	1a64      	subs	r4, r4, r1
10002e26:	10a6      	asrs	r6, r4, #2
10002e28:	0032      	movs	r2, r6
10002e2a:	2e30      	cmp	r6, #48	@ 0x30
10002e2c:	d900      	bls.n	10002e30 <runtime_init_install_ram_vector_table+0x14>
10002e2e:	2230      	movs	r2, #48	@ 0x30
10002e30:	0028      	movs	r0, r5
10002e32:	0092      	lsls	r2, r2, #2
10002e34:	f001 f81c 	bl	10003e70 <__wrap___aeabi_memcpy>
10002e38:	2cbc      	cmp	r4, #188	@ 0xbc
10002e3a:	d83b      	bhi.n	10002eb4 <runtime_init_install_ram_vector_table+0x98>
10002e3c:	2030      	movs	r0, #48	@ 0x30
10002e3e:	232f      	movs	r3, #47	@ 0x2f
10002e40:	192c      	adds	r4, r5, r4
10002e42:	0764      	lsls	r4, r4, #29
10002e44:	4a20      	ldr	r2, [pc, #128]	@ (10002ec8 <runtime_init_install_ram_vector_table+0xac>)
10002e46:	1b80      	subs	r0, r0, r6
10002e48:	0fe4      	lsrs	r4, r4, #31
10002e4a:	1b9b      	subs	r3, r3, r6
10002e4c:	2b05      	cmp	r3, #5
10002e4e:	d916      	bls.n	10002e7e <runtime_init_install_ram_vector_table+0x62>
10002e50:	0037      	movs	r7, r6
10002e52:	2c00      	cmp	r4, #0
10002e54:	d002      	beq.n	10002e5c <runtime_init_install_ram_vector_table+0x40>
10002e56:	00b3      	lsls	r3, r6, #2
10002e58:	1c77      	adds	r7, r6, #1
10002e5a:	50ea      	str	r2, [r5, r3]
10002e5c:	1b00      	subs	r0, r0, r4
10002e5e:	1933      	adds	r3, r6, r4
10002e60:	009b      	lsls	r3, r3, #2
10002e62:	0841      	lsrs	r1, r0, #1
10002e64:	18eb      	adds	r3, r5, r3
10002e66:	00c9      	lsls	r1, r1, #3
10002e68:	18c9      	adds	r1, r1, r3
10002e6a:	601a      	str	r2, [r3, #0]
10002e6c:	605a      	str	r2, [r3, #4]
10002e6e:	3308      	adds	r3, #8
10002e70:	4299      	cmp	r1, r3
10002e72:	d1fa      	bne.n	10002e6a <runtime_init_install_ram_vector_table+0x4e>
10002e74:	2301      	movs	r3, #1
10002e76:	4203      	tst	r3, r0
10002e78:	d01c      	beq.n	10002eb4 <runtime_init_install_ram_vector_table+0x98>
10002e7a:	4398      	bics	r0, r3
10002e7c:	19c6      	adds	r6, r0, r7
10002e7e:	00b3      	lsls	r3, r6, #2
10002e80:	50ea      	str	r2, [r5, r3]
10002e82:	1c73      	adds	r3, r6, #1
10002e84:	2e2f      	cmp	r6, #47	@ 0x2f
10002e86:	d015      	beq.n	10002eb4 <runtime_init_install_ram_vector_table+0x98>
10002e88:	009b      	lsls	r3, r3, #2
10002e8a:	50ea      	str	r2, [r5, r3]
10002e8c:	1cb3      	adds	r3, r6, #2
10002e8e:	2e2e      	cmp	r6, #46	@ 0x2e
10002e90:	d010      	beq.n	10002eb4 <runtime_init_install_ram_vector_table+0x98>
10002e92:	009b      	lsls	r3, r3, #2
10002e94:	50ea      	str	r2, [r5, r3]
10002e96:	1cf3      	adds	r3, r6, #3
10002e98:	2e2d      	cmp	r6, #45	@ 0x2d
10002e9a:	d00b      	beq.n	10002eb4 <runtime_init_install_ram_vector_table+0x98>
10002e9c:	009b      	lsls	r3, r3, #2
10002e9e:	50ea      	str	r2, [r5, r3]
10002ea0:	1d33      	adds	r3, r6, #4
10002ea2:	2e2c      	cmp	r6, #44	@ 0x2c
10002ea4:	d006      	beq.n	10002eb4 <runtime_init_install_ram_vector_table+0x98>
10002ea6:	009b      	lsls	r3, r3, #2
10002ea8:	50ea      	str	r2, [r5, r3]
10002eaa:	1d73      	adds	r3, r6, #5
10002eac:	2e2b      	cmp	r6, #43	@ 0x2b
10002eae:	d001      	beq.n	10002eb4 <runtime_init_install_ram_vector_table+0x98>
10002eb0:	009b      	lsls	r3, r3, #2
10002eb2:	50ea      	str	r2, [r5, r3]
10002eb4:	4b05      	ldr	r3, [pc, #20]	@ (10002ecc <runtime_init_install_ram_vector_table+0xb0>)
10002eb6:	609d      	str	r5, [r3, #8]
10002eb8:	bdf8      	pop	{r3, r4, r5, r6, r7, pc}
10002eba:	46c0      	nop			@ (mov r8, r8)
10002ebc:	10000100 	.word	0x10000100
10002ec0:	100001c0 	.word	0x100001c0
10002ec4:	20000000 	.word	0x20000000
10002ec8:	100001c1 	.word	0x100001c1
10002ecc:	e000ed00 	.word	0xe000ed00

10002ed0 <runtime_init_clocks>:
10002ed0:	2300      	movs	r3, #0
10002ed2:	b510      	push	{r4, lr}
10002ed4:	4c29      	ldr	r4, [pc, #164]	@ (10002f7c <runtime_init_clocks+0xac>)
10002ed6:	b082      	sub	sp, #8
10002ed8:	67a3      	str	r3, [r4, #120]	@ 0x78
10002eda:	f7ff ff2d 	bl	10002d38 <xosc_init>
10002ede:	2201      	movs	r2, #1
10002ee0:	4b27      	ldr	r3, [pc, #156]	@ (10002f80 <runtime_init_clocks+0xb0>)
10002ee2:	601a      	str	r2, [r3, #0]
10002ee4:	6c63      	ldr	r3, [r4, #68]	@ 0x44
10002ee6:	2b01      	cmp	r3, #1
10002ee8:	d1fc      	bne.n	10002ee4 <runtime_init_clocks+0x14>
10002eea:	2203      	movs	r2, #3
10002eec:	4b25      	ldr	r3, [pc, #148]	@ (10002f84 <runtime_init_clocks+0xb4>)
10002eee:	601a      	str	r2, [r3, #0]
10002ef0:	4a22      	ldr	r2, [pc, #136]	@ (10002f7c <runtime_init_clocks+0xac>)
10002ef2:	6b93      	ldr	r3, [r2, #56]	@ 0x38
10002ef4:	2b01      	cmp	r3, #1
10002ef6:	d1fc      	bne.n	10002ef2 <runtime_init_clocks+0x22>
10002ef8:	3301      	adds	r3, #1
10002efa:	9300      	str	r3, [sp, #0]
10002efc:	2101      	movs	r1, #1
10002efe:	4a22      	ldr	r2, [pc, #136]	@ (10002f88 <runtime_init_clocks+0xb8>)
10002f00:	4822      	ldr	r0, [pc, #136]	@ (10002f8c <runtime_init_clocks+0xbc>)
10002f02:	3304      	adds	r3, #4
10002f04:	f7ff fe2c 	bl	10002b60 <pll_init>
10002f08:	2305      	movs	r3, #5
10002f0a:	2101      	movs	r1, #1
10002f0c:	9300      	str	r3, [sp, #0]
10002f0e:	4a20      	ldr	r2, [pc, #128]	@ (10002f90 <runtime_init_clocks+0xc0>)
10002f10:	4820      	ldr	r0, [pc, #128]	@ (10002f94 <runtime_init_clocks+0xc4>)
10002f12:	f7ff fe25 	bl	10002b60 <pll_init>
10002f16:	2200      	movs	r2, #0
10002f18:	2102      	movs	r1, #2
10002f1a:	2004      	movs	r0, #4
10002f1c:	4b1e      	ldr	r3, [pc, #120]	@ (10002f98 <runtime_init_clocks+0xc8>)
10002f1e:	f7ff fda5 	bl	10002a6c <clock_configure_undivided>
10002f22:	2200      	movs	r2, #0
10002f24:	2101      	movs	r1, #1
10002f26:	2005      	movs	r0, #5
10002f28:	4b1c      	ldr	r3, [pc, #112]	@ (10002f9c <runtime_init_clocks+0xcc>)
10002f2a:	f7ff fd9f 	bl	10002a6c <clock_configure_undivided>
10002f2e:	2200      	movs	r2, #0
10002f30:	2100      	movs	r1, #0
10002f32:	2007      	movs	r0, #7
10002f34:	4b1a      	ldr	r3, [pc, #104]	@ (10002fa0 <runtime_init_clocks+0xd0>)
10002f36:	f7ff fd99 	bl	10002a6c <clock_configure_undivided>
10002f3a:	2200      	movs	r2, #0
10002f3c:	2100      	movs	r1, #0
10002f3e:	2008      	movs	r0, #8
10002f40:	4b17      	ldr	r3, [pc, #92]	@ (10002fa0 <runtime_init_clocks+0xd0>)
10002f42:	f7ff fd93 	bl	10002a6c <clock_configure_undivided>
10002f46:	2380      	movs	r3, #128	@ 0x80
10002f48:	00db      	lsls	r3, r3, #3
10002f4a:	9300      	str	r3, [sp, #0]
10002f4c:	2200      	movs	r2, #0
10002f4e:	2100      	movs	r1, #0
10002f50:	2009      	movs	r0, #9
10002f52:	4b13      	ldr	r3, [pc, #76]	@ (10002fa0 <runtime_init_clocks+0xd0>)
10002f54:	f7ff fd10 	bl	10002978 <clock_configure_int_divider>
10002f58:	2200      	movs	r2, #0
10002f5a:	4b10      	ldr	r3, [pc, #64]	@ (10002f9c <runtime_init_clocks+0xcc>)
10002f5c:	2100      	movs	r1, #0
10002f5e:	2006      	movs	r0, #6
10002f60:	f7ff fd84 	bl	10002a6c <clock_configure_undivided>
10002f64:	2004      	movs	r0, #4
10002f66:	f7ff fdf5 	bl	10002b54 <clock_get_hz>
10002f6a:	490e      	ldr	r1, [pc, #56]	@ (10002fa4 <runtime_init_clocks+0xd4>)
10002f6c:	f000 f84c 	bl	10003008 <__wrap___aeabi_uidiv>
10002f70:	0001      	movs	r1, r0
10002f72:	2000      	movs	r0, #0
10002f74:	f7ff fe94 	bl	10002ca0 <tick_start>
10002f78:	b002      	add	sp, #8
10002f7a:	bd10      	pop	{r4, pc}
10002f7c:	40008000 	.word	0x40008000
10002f80:	4000b03c 	.word	0x4000b03c
10002f84:	4000b030 	.word	0x4000b030
10002f88:	59682f00 	.word	0x59682f00
10002f8c:	40028000 	.word	0x40028000
10002f90:	47868c00 	.word	0x47868c00
10002f94:	4002c000 	.word	0x4002c000
10002f98:	00b71b00 	.word	0x00b71b00
10002f9c:	07735940 	.word	0x07735940
10002fa0:	02dc6c00 	.word	0x02dc6c00
10002fa4:	000f4240 	.word	0x000f4240

10002fa8 <__aeabi_bits_init>:
10002fa8:	4801      	ldr	r0, [pc, #4]	@ (10002fb0 <__aeabi_bits_init+0x8>)
10002faa:	2104      	movs	r1, #4
10002fac:	4b01      	ldr	r3, [pc, #4]	@ (10002fb4 <__aeabi_bits_init+0xc>)
10002fae:	4718      	bx	r3
10002fb0:	20001050 	.word	0x20001050
10002fb4:	10002cd1 	.word	0x10002cd1

10002fb8 <__wrap___aeabi_idiv>:
10002fb8:	4a12      	ldr	r2, [pc, #72]	@ (10003004 <divmod_s32s32_savestate+0x18>)
10002fba:	6f93      	ldr	r3, [r2, #120]	@ 0x78
10002fbc:	089b      	lsrs	r3, r3, #2
10002fbe:	d215      	bcs.n	10002fec <divmod_s32s32_savestate>

10002fc0 <divmod_s32s32_unsafe>:
10002fc0:	6690      	str	r0, [r2, #104]	@ 0x68
10002fc2:	66d1      	str	r1, [r2, #108]	@ 0x6c
10002fc4:	2900      	cmp	r1, #0
10002fc6:	d005      	beq.n	10002fd4 <divmod_s32s32_unsafe+0x14>
10002fc8:	e7ff      	b.n	10002fca <divmod_s32s32_unsafe+0xa>
10002fca:	e7ff      	b.n	10002fcc <divmod_s32s32_unsafe+0xc>
10002fcc:	e7ff      	b.n	10002fce <divmod_s32s32_unsafe+0xe>
10002fce:	6f51      	ldr	r1, [r2, #116]	@ 0x74
10002fd0:	6f10      	ldr	r0, [r2, #112]	@ 0x70
10002fd2:	4770      	bx	lr
10002fd4:	b504      	push	{r2, lr}
10002fd6:	2180      	movs	r1, #128	@ 0x80
10002fd8:	0609      	lsls	r1, r1, #24
10002fda:	17c2      	asrs	r2, r0, #31
10002fdc:	4051      	eors	r1, r2
10002fde:	2800      	cmp	r0, #0
10002fe0:	d000      	beq.n	10002fe4 <divmod_s32s32_unsafe+0x24>
10002fe2:	43c8      	mvns	r0, r1
10002fe4:	f005 fd0c 	bl	10008a00 <____aeabi_idiv0_veneer>
10002fe8:	2100      	movs	r1, #0
10002fea:	bd04      	pop	{r2, pc}

10002fec <divmod_s32s32_savestate>:
10002fec:	b5f0      	push	{r4, r5, r6, r7, lr}
10002fee:	6e14      	ldr	r4, [r2, #96]	@ 0x60
10002ff0:	6e55      	ldr	r5, [r2, #100]	@ 0x64
10002ff2:	6f57      	ldr	r7, [r2, #116]	@ 0x74
10002ff4:	6f16      	ldr	r6, [r2, #112]	@ 0x70
10002ff6:	f7ff ffe3 	bl	10002fc0 <divmod_s32s32_unsafe>
10002ffa:	6614      	str	r4, [r2, #96]	@ 0x60
10002ffc:	6655      	str	r5, [r2, #100]	@ 0x64
10002ffe:	6757      	str	r7, [r2, #116]	@ 0x74
10003000:	6716      	str	r6, [r2, #112]	@ 0x70
10003002:	bdf0      	pop	{r4, r5, r6, r7, pc}
10003004:	d0000000 	.word	0xd0000000

10003008 <__wrap___aeabi_uidiv>:
10003008:	4a11      	ldr	r2, [pc, #68]	@ (10003050 <divmod_u32u32_savestate+0x18>)
1000300a:	6f93      	ldr	r3, [r2, #120]	@ 0x78
1000300c:	089b      	lsrs	r3, r3, #2
1000300e:	d213      	bcs.n	10003038 <divmod_u32u32_savestate>

10003010 <divmod_u32u32_unsafe>:
10003010:	6610      	str	r0, [r2, #96]	@ 0x60
10003012:	6651      	str	r1, [r2, #100]	@ 0x64
10003014:	2900      	cmp	r1, #0
10003016:	d005      	beq.n	10003024 <divmod_u32u32_unsafe+0x14>
10003018:	e7ff      	b.n	1000301a <divmod_u32u32_unsafe+0xa>
1000301a:	e7ff      	b.n	1000301c <divmod_u32u32_unsafe+0xc>
1000301c:	e7ff      	b.n	1000301e <divmod_u32u32_unsafe+0xe>
1000301e:	6f51      	ldr	r1, [r2, #116]	@ 0x74
10003020:	6f10      	ldr	r0, [r2, #112]	@ 0x70
10003022:	4770      	bx	lr
10003024:	b504      	push	{r2, lr}
10003026:	2800      	cmp	r0, #0
10003028:	d001      	beq.n	1000302e <divmod_u32u32_unsafe+0x1e>
1000302a:	2000      	movs	r0, #0
1000302c:	43c0      	mvns	r0, r0
1000302e:	f005 fce7 	bl	10008a00 <____aeabi_idiv0_veneer>
10003032:	2100      	movs	r1, #0
10003034:	bd04      	pop	{r2, pc}
10003036:	46c0      	nop			@ (mov r8, r8)

10003038 <divmod_u32u32_savestate>:
10003038:	b5f0      	push	{r4, r5, r6, r7, lr}
1000303a:	6e14      	ldr	r4, [r2, #96]	@ 0x60
1000303c:	6e55      	ldr	r5, [r2, #100]	@ 0x64
1000303e:	6f57      	ldr	r7, [r2, #116]	@ 0x74
10003040:	6f16      	ldr	r6, [r2, #112]	@ 0x70
10003042:	f7ff ffe5 	bl	10003010 <divmod_u32u32_unsafe>
10003046:	6614      	str	r4, [r2, #96]	@ 0x60
10003048:	6655      	str	r5, [r2, #100]	@ 0x64
1000304a:	6757      	str	r7, [r2, #116]	@ 0x74
1000304c:	6716      	str	r6, [r2, #112]	@ 0x70
1000304e:	bdf0      	pop	{r4, r5, r6, r7, pc}
10003050:	d0000000 	.word	0xd0000000

10003054 <__wrap___aeabi_ldivmod>:
10003054:	4694      	mov	ip, r2
10003056:	4a4a      	ldr	r2, [pc, #296]	@ (10003180 <udiv0+0x1a>)
10003058:	6f92      	ldr	r2, [r2, #120]	@ 0x78
1000305a:	0892      	lsrs	r2, r2, #2
1000305c:	4662      	mov	r2, ip
1000305e:	d201      	bcs.n	10003064 <divmod_s64s64_savestate>
10003060:	e028      	b.n	100030b4 <divmod_s64s64_unsafe>
10003062:	46c0      	nop			@ (mov r8, r8)

10003064 <divmod_s64s64_savestate>:
10003064:	b5f0      	push	{r4, r5, r6, r7, lr}
10003066:	4e46      	ldr	r6, [pc, #280]	@ (10003180 <udiv0+0x1a>)
10003068:	6e34      	ldr	r4, [r6, #96]	@ 0x60
1000306a:	6e75      	ldr	r5, [r6, #100]	@ 0x64
1000306c:	6f77      	ldr	r7, [r6, #116]	@ 0x74
1000306e:	6f36      	ldr	r6, [r6, #112]	@ 0x70
10003070:	f000 f820 	bl	100030b4 <divmod_s64s64_unsafe>
10003074:	4694      	mov	ip, r2
10003076:	4a42      	ldr	r2, [pc, #264]	@ (10003180 <udiv0+0x1a>)
10003078:	6614      	str	r4, [r2, #96]	@ 0x60
1000307a:	6655      	str	r5, [r2, #100]	@ 0x64
1000307c:	6757      	str	r7, [r2, #116]	@ 0x74
1000307e:	6716      	str	r6, [r2, #112]	@ 0x70
10003080:	4662      	mov	r2, ip
10003082:	bdf0      	pop	{r4, r5, r6, r7, pc}

10003084 <__wrap___aeabi_uldivmod>:
10003084:	4694      	mov	ip, r2
10003086:	4a3e      	ldr	r2, [pc, #248]	@ (10003180 <udiv0+0x1a>)
10003088:	6f92      	ldr	r2, [r2, #120]	@ 0x78
1000308a:	0892      	lsrs	r2, r2, #2
1000308c:	4662      	mov	r2, ip
1000308e:	d201      	bcs.n	10003094 <divmod_u64u64_savestate>
10003090:	e054      	b.n	1000313c <divmod_u64u64_unsafe>
10003092:	46c0      	nop			@ (mov r8, r8)

10003094 <divmod_u64u64_savestate>:
10003094:	b5f0      	push	{r4, r5, r6, r7, lr}
10003096:	4e3a      	ldr	r6, [pc, #232]	@ (10003180 <udiv0+0x1a>)
10003098:	6e34      	ldr	r4, [r6, #96]	@ 0x60
1000309a:	6e75      	ldr	r5, [r6, #100]	@ 0x64
1000309c:	6f77      	ldr	r7, [r6, #116]	@ 0x74
1000309e:	6f36      	ldr	r6, [r6, #112]	@ 0x70
100030a0:	f000 f84c 	bl	1000313c <divmod_u64u64_unsafe>
100030a4:	4694      	mov	ip, r2
100030a6:	4a36      	ldr	r2, [pc, #216]	@ (10003180 <udiv0+0x1a>)
100030a8:	6614      	str	r4, [r2, #96]	@ 0x60
100030aa:	6655      	str	r5, [r2, #100]	@ 0x64
100030ac:	6757      	str	r7, [r2, #116]	@ 0x74
100030ae:	6716      	str	r6, [r2, #112]	@ 0x70
100030b0:	4662      	mov	r2, ip
100030b2:	bdf0      	pop	{r4, r5, r6, r7, pc}

100030b4 <divmod_s64s64_unsafe>:
100030b4:	2b00      	cmp	r3, #0
100030b6:	db24      	blt.n	10003102 <l42_1+0x26>
100030b8:	d011      	beq.n	100030de <l42_1+0x2>
100030ba:	2900      	cmp	r1, #0
100030bc:	da3e      	bge.n	1000313c <divmod_u64u64_unsafe>
100030be:	b500      	push	{lr}
100030c0:	43c9      	mvns	r1, r1
100030c2:	4240      	negs	r0, r0
100030c4:	d100      	bne.n	100030c8 <l40_1>
100030c6:	3101      	adds	r1, #1

100030c8 <l40_1>:
100030c8:	f000 f838 	bl	1000313c <divmod_u64u64_unsafe>
100030cc:	43c9      	mvns	r1, r1
100030ce:	4240      	negs	r0, r0
100030d0:	d100      	bne.n	100030d4 <l41_1>
100030d2:	3101      	adds	r1, #1

100030d4 <l41_1>:
100030d4:	43db      	mvns	r3, r3
100030d6:	4252      	negs	r2, r2
100030d8:	d100      	bne.n	100030dc <l42_1>
100030da:	3301      	adds	r3, #1

100030dc <l42_1>:
100030dc:	bd00      	pop	{pc}
100030de:	2a00      	cmp	r2, #0
100030e0:	d1eb      	bne.n	100030ba <divmod_s64s64_unsafe+0x6>
100030e2:	2800      	cmp	r0, #0
100030e4:	d101      	bne.n	100030ea <l42_1+0xe>
100030e6:	2900      	cmp	r1, #0
100030e8:	d005      	beq.n	100030f6 <l42_1+0x1a>
100030ea:	2000      	movs	r0, #0
100030ec:	0fc9      	lsrs	r1, r1, #31
100030ee:	07c9      	lsls	r1, r1, #31
100030f0:	d101      	bne.n	100030f6 <l42_1+0x1a>
100030f2:	43c0      	mvns	r0, r0
100030f4:	0841      	lsrs	r1, r0, #1
100030f6:	b500      	push	{lr}
100030f8:	f005 fc72 	bl	100089e0 <____aeabi_ldiv0_veneer>
100030fc:	2200      	movs	r2, #0
100030fe:	2300      	movs	r3, #0
10003100:	bd00      	pop	{pc}
10003102:	b500      	push	{lr}
10003104:	2900      	cmp	r1, #0
10003106:	db0a      	blt.n	1000311e <l44_1+0x2>
10003108:	43db      	mvns	r3, r3
1000310a:	4252      	negs	r2, r2
1000310c:	d100      	bne.n	10003110 <l43_1>
1000310e:	3301      	adds	r3, #1

10003110 <l43_1>:
10003110:	f000 f814 	bl	1000313c <divmod_u64u64_unsafe>
10003114:	43c9      	mvns	r1, r1
10003116:	4240      	negs	r0, r0
10003118:	d100      	bne.n	1000311c <l44_1>
1000311a:	3101      	adds	r1, #1

1000311c <l44_1>:
1000311c:	bd00      	pop	{pc}
1000311e:	43c9      	mvns	r1, r1
10003120:	4240      	negs	r0, r0
10003122:	d100      	bne.n	10003126 <l45_1>
10003124:	3101      	adds	r1, #1

10003126 <l45_1>:
10003126:	43db      	mvns	r3, r3
10003128:	4252      	negs	r2, r2
1000312a:	d100      	bne.n	1000312e <l46_1>
1000312c:	3301      	adds	r3, #1

1000312e <l46_1>:
1000312e:	f000 f805 	bl	1000313c <divmod_u64u64_unsafe>
10003132:	43db      	mvns	r3, r3
10003134:	4252      	negs	r2, r2
10003136:	d100      	bne.n	1000313a <l47_1>
10003138:	3301      	adds	r3, #1

1000313a <l47_1>:
1000313a:	bd00      	pop	{pc}

1000313c <divmod_u64u64_unsafe>:
1000313c:	2900      	cmp	r1, #0
1000313e:	d123      	bne.n	10003188 <y64>
10003140:	2b00      	cmp	r3, #0
10003142:	d118      	bne.n	10003176 <udiv0+0x10>
10003144:	2a00      	cmp	r2, #0
10003146:	d00c      	beq.n	10003162 <divmod_u64u64_unsafe+0x26>
10003148:	46bc      	mov	ip, r7
1000314a:	4f0d      	ldr	r7, [pc, #52]	@ (10003180 <udiv0+0x1a>)
1000314c:	6638      	str	r0, [r7, #96]	@ 0x60
1000314e:	667a      	str	r2, [r7, #100]	@ 0x64
10003150:	2100      	movs	r1, #0
10003152:	2300      	movs	r3, #0
10003154:	e7ff      	b.n	10003156 <divmod_u64u64_unsafe+0x1a>
10003156:	e7ff      	b.n	10003158 <divmod_u64u64_unsafe+0x1c>
10003158:	e7ff      	b.n	1000315a <divmod_u64u64_unsafe+0x1e>
1000315a:	6f7a      	ldr	r2, [r7, #116]	@ 0x74
1000315c:	6f38      	ldr	r0, [r7, #112]	@ 0x70
1000315e:	4667      	mov	r7, ip
10003160:	4770      	bx	lr
10003162:	2800      	cmp	r0, #0
10003164:	d001      	beq.n	1000316a <udiv0+0x4>

10003166 <udiv0>:
10003166:	4807      	ldr	r0, [pc, #28]	@ (10003184 <udiv0+0x1e>)
10003168:	0001      	movs	r1, r0
1000316a:	b500      	push	{lr}
1000316c:	f005 fc38 	bl	100089e0 <____aeabi_ldiv0_veneer>
10003170:	2200      	movs	r2, #0
10003172:	2300      	movs	r3, #0
10003174:	bd00      	pop	{pc}
10003176:	0002      	movs	r2, r0
10003178:	000b      	movs	r3, r1
1000317a:	2000      	movs	r0, #0
1000317c:	2100      	movs	r1, #0
1000317e:	4770      	bx	lr
10003180:	d0000000 	.word	0xd0000000
10003184:	ffffffff 	.word	0xffffffff

10003188 <y64>:
10003188:	2b00      	cmp	r3, #0
1000318a:	d000      	beq.n	1000318e <y64+0x6>
1000318c:	e0bf      	b.n	1000330e <y64_x48>
1000318e:	0c13      	lsrs	r3, r2, #16
10003190:	d128      	bne.n	100031e4 <y64_x32>
10003192:	2a00      	cmp	r2, #0
10003194:	d0e7      	beq.n	10003166 <udiv0>
10003196:	b480      	push	{r7}
10003198:	4f11      	ldr	r7, [pc, #68]	@ (100031e0 <y64+0x58>)
1000319a:	6639      	str	r1, [r7, #96]	@ 0x60
1000319c:	667a      	str	r2, [r7, #100]	@ 0x64
1000319e:	e7ff      	b.n	100031a0 <y64+0x18>
100031a0:	e7ff      	b.n	100031a2 <y64+0x1a>
100031a2:	b430      	push	{r4, r5}
100031a4:	0c04      	lsrs	r4, r0, #16
100031a6:	6f7b      	ldr	r3, [r7, #116]	@ 0x74
100031a8:	6f39      	ldr	r1, [r7, #112]	@ 0x70
100031aa:	041b      	lsls	r3, r3, #16
100031ac:	4323      	orrs	r3, r4
100031ae:	663b      	str	r3, [r7, #96]	@ 0x60
100031b0:	667a      	str	r2, [r7, #100]	@ 0x64
100031b2:	e7ff      	b.n	100031b4 <y64+0x2c>
100031b4:	e7ff      	b.n	100031b6 <y64+0x2e>
100031b6:	e7ff      	b.n	100031b8 <y64+0x30>
100031b8:	46c0      	nop			@ (mov r8, r8)
100031ba:	b284      	uxth	r4, r0
100031bc:	6f7b      	ldr	r3, [r7, #116]	@ 0x74
100031be:	6f3d      	ldr	r5, [r7, #112]	@ 0x70
100031c0:	041b      	lsls	r3, r3, #16
100031c2:	4323      	orrs	r3, r4
100031c4:	663b      	str	r3, [r7, #96]	@ 0x60
100031c6:	667a      	str	r2, [r7, #100]	@ 0x64
100031c8:	e7ff      	b.n	100031ca <y64+0x42>
100031ca:	e7ff      	b.n	100031cc <y64+0x44>
100031cc:	46c0      	nop			@ (mov r8, r8)
100031ce:	2300      	movs	r3, #0
100031d0:	042c      	lsls	r4, r5, #16
100031d2:	0c2d      	lsrs	r5, r5, #16
100031d4:	6f7a      	ldr	r2, [r7, #116]	@ 0x74
100031d6:	6f38      	ldr	r0, [r7, #112]	@ 0x70
100031d8:	1900      	adds	r0, r0, r4
100031da:	4169      	adcs	r1, r5
100031dc:	bcb0      	pop	{r4, r5, r7}
100031de:	4770      	bx	lr
100031e0:	d0000000 	.word	0xd0000000

100031e4 <y64_x32>:
100031e4:	b5f0      	push	{r4, r5, r6, r7, lr}
100031e6:	4694      	mov	ip, r2
100031e8:	2500      	movs	r5, #0
100031ea:	0e14      	lsrs	r4, r2, #24
100031ec:	d101      	bne.n	100031f2 <y64_x32+0xe>
100031ee:	0212      	lsls	r2, r2, #8
100031f0:	3508      	adds	r5, #8
100031f2:	0f14      	lsrs	r4, r2, #28
100031f4:	d101      	bne.n	100031fa <y64_x32+0x16>
100031f6:	0112      	lsls	r2, r2, #4
100031f8:	3504      	adds	r5, #4
100031fa:	0f94      	lsrs	r4, r2, #30
100031fc:	d101      	bne.n	10003202 <y64_x32+0x1e>
100031fe:	0092      	lsls	r2, r2, #2
10003200:	3502      	adds	r5, #2
10003202:	0fd4      	lsrs	r4, r2, #31
10003204:	d101      	bne.n	1000320a <y64_x32+0x26>
10003206:	0052      	lsls	r2, r2, #1
10003208:	3501      	adds	r5, #1
1000320a:	0bd4      	lsrs	r4, r2, #15
1000320c:	3401      	adds	r4, #1
1000320e:	4f25      	ldr	r7, [pc, #148]	@ (100032a4 <y64_x32+0xc0>)
10003210:	667c      	str	r4, [r7, #100]	@ 0x64
10003212:	4c25      	ldr	r4, [pc, #148]	@ (100032a8 <y64_x32+0xc4>)
10003214:	663c      	str	r4, [r7, #96]	@ 0x60
10003216:	0c0e      	lsrs	r6, r1, #16
10003218:	b293      	uxth	r3, r2
1000321a:	e7ff      	b.n	1000321c <y64_x32+0x38>
1000321c:	e7ff      	b.n	1000321e <y64_x32+0x3a>
1000321e:	e7ff      	b.n	10003220 <y64_x32+0x3c>
10003220:	6f3c      	ldr	r4, [r7, #112]	@ 0x70
10003222:	4366      	muls	r6, r4
10003224:	0c36      	lsrs	r6, r6, #16
10003226:	0377      	lsls	r7, r6, #13
10003228:	46be      	mov	lr, r7
1000322a:	4373      	muls	r3, r6
1000322c:	0bdf      	lsrs	r7, r3, #15
1000322e:	045b      	lsls	r3, r3, #17
10003230:	1ac0      	subs	r0, r0, r3
10003232:	41b9      	sbcs	r1, r7
10003234:	0c13      	lsrs	r3, r2, #16
10003236:	4373      	muls	r3, r6
10003238:	18db      	adds	r3, r3, r3
1000323a:	1ac9      	subs	r1, r1, r3
1000323c:	08ce      	lsrs	r6, r1, #3
1000323e:	4366      	muls	r6, r4
10003240:	0c36      	lsrs	r6, r6, #16
10003242:	44b6      	add	lr, r6
10003244:	b293      	uxth	r3, r2
10003246:	4373      	muls	r3, r6
10003248:	0f1f      	lsrs	r7, r3, #28
1000324a:	011b      	lsls	r3, r3, #4
1000324c:	1ac0      	subs	r0, r0, r3
1000324e:	41b9      	sbcs	r1, r7
10003250:	0c13      	lsrs	r3, r2, #16
10003252:	4373      	muls	r3, r6
10003254:	0b1f      	lsrs	r7, r3, #12
10003256:	051b      	lsls	r3, r3, #20
10003258:	1ac0      	subs	r0, r0, r3
1000325a:	41b9      	sbcs	r1, r7
1000325c:	0d86      	lsrs	r6, r0, #22
1000325e:	028f      	lsls	r7, r1, #10
10003260:	433e      	orrs	r6, r7
10003262:	4366      	muls	r6, r4
10003264:	0c36      	lsrs	r6, r6, #16
10003266:	2d09      	cmp	r5, #9
10003268:	db24      	blt.n	100032b4 <last0>
1000326a:	0a52      	lsrs	r2, r2, #9
1000326c:	4372      	muls	r2, r6
1000326e:	1a80      	subs	r0, r0, r2
10003270:	0377      	lsls	r7, r6, #13
10003272:	0a46      	lsrs	r6, r0, #9
10003274:	4366      	muls	r6, r4
10003276:	0c36      	lsrs	r6, r6, #16
10003278:	2316      	movs	r3, #22
1000327a:	1b5b      	subs	r3, r3, r5
1000327c:	40de      	lsrs	r6, r3
1000327e:	40df      	lsrs	r7, r3
10003280:	19bf      	adds	r7, r7, r6
10003282:	4664      	mov	r4, ip
10003284:	4366      	muls	r6, r4
10003286:	1b82      	subs	r2, r0, r6
10003288:	4670      	mov	r0, lr
1000328a:	3504      	adds	r5, #4
1000328c:	3306      	adds	r3, #6
1000328e:	0001      	movs	r1, r0
10003290:	40d9      	lsrs	r1, r3
10003292:	40a8      	lsls	r0, r5
10003294:	19c0      	adds	r0, r0, r7
10003296:	d300      	bcc.n	1000329a <y64_x32+0xb6>
10003298:	3101      	adds	r1, #1
1000329a:	42a2      	cmp	r2, r4
1000329c:	d206      	bcs.n	100032ac <y64_x32+0xc8>
1000329e:	2300      	movs	r3, #0
100032a0:	bdf0      	pop	{r4, r5, r6, r7, pc}
100032a2:	0000      	.short	0x0000
100032a4:	d0000000 	.word	0xd0000000
100032a8:	ffffffff 	.word	0xffffffff
100032ac:	1b12      	subs	r2, r2, r4
100032ae:	3001      	adds	r0, #1
100032b0:	d3f3      	bcc.n	1000329a <y64_x32+0xb6>
100032b2:	e7f1      	b.n	10003298 <y64_x32+0xb4>

100032b4 <last0>:
100032b4:	2709      	movs	r7, #9
100032b6:	1b7f      	subs	r7, r7, r5
100032b8:	40fe      	lsrs	r6, r7
100032ba:	4664      	mov	r4, ip
100032bc:	b2a2      	uxth	r2, r4
100032be:	4372      	muls	r2, r6
100032c0:	1a80      	subs	r0, r0, r2
100032c2:	d200      	bcs.n	100032c6 <last0+0x12>
100032c4:	3901      	subs	r1, #1
100032c6:	0c22      	lsrs	r2, r4, #16
100032c8:	4372      	muls	r2, r6
100032ca:	0c13      	lsrs	r3, r2, #16
100032cc:	0412      	lsls	r2, r2, #16
100032ce:	1a82      	subs	r2, r0, r2
100032d0:	4199      	sbcs	r1, r3
100032d2:	000b      	movs	r3, r1
100032d4:	4670      	mov	r0, lr
100032d6:	3504      	adds	r5, #4
100032d8:	3713      	adds	r7, #19
100032da:	0001      	movs	r1, r0
100032dc:	40f9      	lsrs	r1, r7
100032de:	40a8      	lsls	r0, r5
100032e0:	1980      	adds	r0, r0, r6
100032e2:	d300      	bcc.n	100032e6 <last0+0x32>
100032e4:	3101      	adds	r1, #1
100032e6:	2b00      	cmp	r3, #0
100032e8:	d102      	bne.n	100032f0 <last0+0x3c>
100032ea:	42a2      	cmp	r2, r4
100032ec:	d20a      	bcs.n	10003304 <last0+0x50>
100032ee:	bdf0      	pop	{r4, r5, r6, r7, pc}
100032f0:	3001      	adds	r0, #1
100032f2:	d300      	bcc.n	100032f6 <last0+0x42>
100032f4:	3101      	adds	r1, #1
100032f6:	1b12      	subs	r2, r2, r4
100032f8:	d2fa      	bcs.n	100032f0 <last0+0x3c>
100032fa:	3b01      	subs	r3, #1
100032fc:	d1f8      	bne.n	100032f0 <last0+0x3c>
100032fe:	42a2      	cmp	r2, r4
10003300:	d200      	bcs.n	10003304 <last0+0x50>
10003302:	bdf0      	pop	{r4, r5, r6, r7, pc}
10003304:	3001      	adds	r0, #1
10003306:	d300      	bcc.n	1000330a <last0+0x56>
10003308:	3101      	adds	r1, #1
1000330a:	1b12      	subs	r2, r2, r4
1000330c:	e7f7      	b.n	100032fe <last0+0x4a>

1000330e <y64_x48>:
1000330e:	b5f0      	push	{r4, r5, r6, r7, lr}
10003310:	0c1c      	lsrs	r4, r3, #16
10003312:	d000      	beq.n	10003316 <y64_x48+0x8>
10003314:	e080      	b.n	10003418 <y64_x64>
10003316:	b40c      	push	{r2, r3}
10003318:	2500      	movs	r5, #0
1000331a:	0a1c      	lsrs	r4, r3, #8
1000331c:	d104      	bne.n	10003328 <y64_x48+0x1a>
1000331e:	021b      	lsls	r3, r3, #8
10003320:	0e16      	lsrs	r6, r2, #24
10003322:	4333      	orrs	r3, r6
10003324:	0212      	lsls	r2, r2, #8
10003326:	3508      	adds	r5, #8
10003328:	0b1c      	lsrs	r4, r3, #12
1000332a:	d104      	bne.n	10003336 <y64_x48+0x28>
1000332c:	011b      	lsls	r3, r3, #4
1000332e:	0f16      	lsrs	r6, r2, #28
10003330:	4333      	orrs	r3, r6
10003332:	0112      	lsls	r2, r2, #4
10003334:	3504      	adds	r5, #4
10003336:	0b9c      	lsrs	r4, r3, #14
10003338:	d104      	bne.n	10003344 <y64_x48+0x36>
1000333a:	009b      	lsls	r3, r3, #2
1000333c:	0f96      	lsrs	r6, r2, #30
1000333e:	4333      	orrs	r3, r6
10003340:	0092      	lsls	r2, r2, #2
10003342:	3502      	adds	r5, #2
10003344:	0bdc      	lsrs	r4, r3, #15
10003346:	d102      	bne.n	1000334e <y64_x48+0x40>
10003348:	1892      	adds	r2, r2, r2
1000334a:	415b      	adcs	r3, r3
1000334c:	3501      	adds	r5, #1
1000334e:	001c      	movs	r4, r3
10003350:	1897      	adds	r7, r2, r2
10003352:	4164      	adcs	r4, r4
10003354:	3401      	adds	r4, #1
10003356:	4f46      	ldr	r7, [pc, #280]	@ (10003470 <y64_x64+0x58>)
10003358:	667c      	str	r4, [r7, #100]	@ 0x64
1000335a:	4c46      	ldr	r4, [pc, #280]	@ (10003474 <y64_x64+0x5c>)
1000335c:	663c      	str	r4, [r7, #96]	@ 0x60
1000335e:	0c0e      	lsrs	r6, r1, #16
10003360:	e7ff      	b.n	10003362 <y64_x48+0x54>
10003362:	e7ff      	b.n	10003364 <y64_x48+0x56>
10003364:	e7ff      	b.n	10003366 <y64_x48+0x58>
10003366:	46c0      	nop			@ (mov r8, r8)
10003368:	6f3c      	ldr	r4, [r7, #112]	@ 0x70
1000336a:	4366      	muls	r6, r4
1000336c:	0c36      	lsrs	r6, r6, #16
1000336e:	0377      	lsls	r7, r6, #13
10003370:	46be      	mov	lr, r7
10003372:	b297      	uxth	r7, r2
10003374:	4377      	muls	r7, r6
10003376:	1bc0      	subs	r0, r0, r7
10003378:	d200      	bcs.n	1000337c <y64_x48+0x6e>
1000337a:	3901      	subs	r1, #1
1000337c:	1bc0      	subs	r0, r0, r7
1000337e:	d200      	bcs.n	10003382 <y64_x48+0x74>
10003380:	3901      	subs	r1, #1
10003382:	b29f      	uxth	r7, r3
10003384:	4377      	muls	r7, r6
10003386:	1bc9      	subs	r1, r1, r7
10003388:	1bc9      	subs	r1, r1, r7
1000338a:	0c17      	lsrs	r7, r2, #16
1000338c:	4377      	muls	r7, r6
1000338e:	047e      	lsls	r6, r7, #17
10003390:	0bff      	lsrs	r7, r7, #15
10003392:	1b80      	subs	r0, r0, r6
10003394:	41b9      	sbcs	r1, r7
10003396:	08ce      	lsrs	r6, r1, #3
10003398:	4366      	muls	r6, r4
1000339a:	0c36      	lsrs	r6, r6, #16
1000339c:	2d0c      	cmp	r5, #12
1000339e:	db33      	blt.n	10003408 <last1>
100033a0:	44b6      	add	lr, r6
100033a2:	0b12      	lsrs	r2, r2, #12
100033a4:	051f      	lsls	r7, r3, #20
100033a6:	433a      	orrs	r2, r7
100033a8:	0b1b      	lsrs	r3, r3, #12
100033aa:	b297      	uxth	r7, r2
100033ac:	4377      	muls	r7, r6
100033ae:	1bc0      	subs	r0, r0, r7
100033b0:	d200      	bcs.n	100033b4 <y64_x48+0xa6>
100033b2:	3901      	subs	r1, #1
100033b4:	b29f      	uxth	r7, r3
100033b6:	4377      	muls	r7, r6
100033b8:	1bc9      	subs	r1, r1, r7
100033ba:	0c17      	lsrs	r7, r2, #16
100033bc:	4377      	muls	r7, r6
100033be:	043e      	lsls	r6, r7, #16
100033c0:	0c3f      	lsrs	r7, r7, #16
100033c2:	1b80      	subs	r0, r0, r6
100033c4:	41b9      	sbcs	r1, r7
100033c6:	0d86      	lsrs	r6, r0, #22
100033c8:	028f      	lsls	r7, r1, #10
100033ca:	433e      	orrs	r6, r7
100033cc:	4366      	muls	r6, r4
100033ce:	2729      	movs	r7, #41	@ 0x29
100033d0:	1b7f      	subs	r7, r7, r5
100033d2:	40fe      	lsrs	r6, r7
100033d4:	3d0c      	subs	r5, #12
100033d6:	4677      	mov	r7, lr
100033d8:	40af      	lsls	r7, r5
100033da:	19bf      	adds	r7, r7, r6
100033dc:	bc30      	pop	{r4, r5}
100033de:	b2a2      	uxth	r2, r4
100033e0:	b2ab      	uxth	r3, r5
100033e2:	4372      	muls	r2, r6
100033e4:	4373      	muls	r3, r6
100033e6:	1a80      	subs	r0, r0, r2
100033e8:	4199      	sbcs	r1, r3
100033ea:	0c22      	lsrs	r2, r4, #16
100033ec:	4372      	muls	r2, r6
100033ee:	0c13      	lsrs	r3, r2, #16
100033f0:	0412      	lsls	r2, r2, #16
100033f2:	1a80      	subs	r0, r0, r2
100033f4:	4199      	sbcs	r1, r3
100033f6:	0002      	movs	r2, r0
100033f8:	000b      	movs	r3, r1
100033fa:	3701      	adds	r7, #1
100033fc:	1b00      	subs	r0, r0, r4
100033fe:	41a9      	sbcs	r1, r5
10003400:	d2f9      	bcs.n	100033f6 <y64_x48+0xe8>
10003402:	1e78      	subs	r0, r7, #1
10003404:	2100      	movs	r1, #0
10003406:	bdf0      	pop	{r4, r5, r6, r7, pc}

10003408 <last1>:
10003408:	270c      	movs	r7, #12
1000340a:	1b7f      	subs	r7, r7, r5
1000340c:	40fe      	lsrs	r6, r7
1000340e:	4677      	mov	r7, lr
10003410:	0b7f      	lsrs	r7, r7, #13
10003412:	40af      	lsls	r7, r5
10003414:	19ff      	adds	r7, r7, r7
10003416:	e7e0      	b.n	100033da <y64_x48+0xcc>

10003418 <y64_x64>:
10003418:	2400      	movs	r4, #0
1000341a:	1c5d      	adds	r5, r3, #1
1000341c:	d007      	beq.n	1000342e <y64_x64+0x16>
1000341e:	4f14      	ldr	r7, [pc, #80]	@ (10003470 <y64_x64+0x58>)
10003420:	667d      	str	r5, [r7, #100]	@ 0x64
10003422:	6639      	str	r1, [r7, #96]	@ 0x60
10003424:	e7ff      	b.n	10003426 <y64_x64+0xe>
10003426:	e7ff      	b.n	10003428 <y64_x64+0x10>
10003428:	e7ff      	b.n	1000342a <y64_x64+0x12>
1000342a:	e7ff      	b.n	1000342c <y64_x64+0x14>
1000342c:	6f3c      	ldr	r4, [r7, #112]	@ 0x70
1000342e:	b295      	uxth	r5, r2
10003430:	b29e      	uxth	r6, r3
10003432:	4365      	muls	r5, r4
10003434:	4366      	muls	r6, r4
10003436:	1b40      	subs	r0, r0, r5
10003438:	41b1      	sbcs	r1, r6
1000343a:	0c15      	lsrs	r5, r2, #16
1000343c:	0c1e      	lsrs	r6, r3, #16
1000343e:	4365      	muls	r5, r4
10003440:	4366      	muls	r6, r4
10003442:	0436      	lsls	r6, r6, #16
10003444:	0c2f      	lsrs	r7, r5, #16
10003446:	433e      	orrs	r6, r7
10003448:	042d      	lsls	r5, r5, #16
1000344a:	1b40      	subs	r0, r0, r5
1000344c:	41b1      	sbcs	r1, r6
1000344e:	4299      	cmp	r1, r3
10003450:	d204      	bcs.n	1000345c <y64_x64+0x44>
10003452:	0002      	movs	r2, r0
10003454:	000b      	movs	r3, r1
10003456:	0020      	movs	r0, r4
10003458:	2100      	movs	r1, #0
1000345a:	bdf0      	pop	{r4, r5, r6, r7, pc}
1000345c:	d101      	bne.n	10003462 <y64_x64+0x4a>
1000345e:	4290      	cmp	r0, r2
10003460:	d3f7      	bcc.n	10003452 <y64_x64+0x3a>
10003462:	1a80      	subs	r0, r0, r2
10003464:	4199      	sbcs	r1, r3
10003466:	3401      	adds	r4, #1
10003468:	4299      	cmp	r1, r3
1000346a:	d3f2      	bcc.n	10003452 <y64_x64+0x3a>
1000346c:	e7f6      	b.n	1000345c <y64_x64+0x44>
1000346e:	0000      	.short	0x0000
10003470:	d0000000 	.word	0xd0000000
10003474:	ffffffff 	.word	0xffffffff

10003478 <__wrap___aeabi_drsub>:
10003478:	4048      	eors	r0, r1
1000347a:	4041      	eors	r1, r0
1000347c:	4048      	eors	r0, r1

1000347e <__wrap___aeabi_dsub>:
1000347e:	b418      	push	{r3, r4}
10003480:	4b1b      	ldr	r3, [pc, #108]	@ (100034f0 <__wrap___aeabi_dmul+0x12>)
10003482:	685b      	ldr	r3, [r3, #4]
10003484:	46fc      	mov	ip, pc
10003486:	9301      	str	r3, [sp, #4]
10003488:	bd08      	pop	{r3, pc}
1000348a:	df04      	.short	0xdf04
1000348c:	10003723 	.word	0x10003723

10003490 <__wrap___aeabi_dadd>:
10003490:	b418      	push	{r3, r4}
10003492:	4b17      	ldr	r3, [pc, #92]	@ (100034f0 <__wrap___aeabi_dmul+0x12>)
10003494:	681b      	ldr	r3, [r3, #0]
10003496:	46fc      	mov	ip, pc
10003498:	9301      	str	r3, [sp, #4]
1000349a:	bd08      	pop	{r3, pc}
1000349c:	372ddf00 	.word	0x372ddf00
100034a0:	1000      	.short	0x1000

100034a2 <__wrap___aeabi_ddiv>:
100034a2:	4694      	mov	ip, r2
100034a4:	4a13      	ldr	r2, [pc, #76]	@ (100034f4 <__wrap___aeabi_dmul+0x16>)
100034a6:	6f92      	ldr	r2, [r2, #120]	@ 0x78
100034a8:	0892      	lsrs	r2, r2, #2
100034aa:	d209      	bcs.n	100034c0 <ddiv_save_state>
100034ac:	4662      	mov	r2, ip

100034ae <ddiv_shim_call>:
100034ae:	b418      	push	{r3, r4}
100034b0:	4b0f      	ldr	r3, [pc, #60]	@ (100034f0 <__wrap___aeabi_dmul+0x12>)
100034b2:	68db      	ldr	r3, [r3, #12]
100034b4:	46fc      	mov	ip, pc
100034b6:	9301      	str	r3, [sp, #4]
100034b8:	bd08      	pop	{r3, pc}
100034ba:	df0c      	.short	0xdf0c
100034bc:	100039e5 	.word	0x100039e5

100034c0 <ddiv_save_state>:
100034c0:	4a0c      	ldr	r2, [pc, #48]	@ (100034f4 <__wrap___aeabi_dmul+0x16>)
100034c2:	b5f0      	push	{r4, r5, r6, r7, lr}
100034c4:	6e14      	ldr	r4, [r2, #96]	@ 0x60
100034c6:	6e55      	ldr	r5, [r2, #100]	@ 0x64
100034c8:	6f57      	ldr	r7, [r2, #116]	@ 0x74
100034ca:	6f16      	ldr	r6, [r2, #112]	@ 0x70
100034cc:	4662      	mov	r2, ip
100034ce:	f7ff ffee 	bl	100034ae <ddiv_shim_call>
100034d2:	4a08      	ldr	r2, [pc, #32]	@ (100034f4 <__wrap___aeabi_dmul+0x16>)
100034d4:	6614      	str	r4, [r2, #96]	@ 0x60
100034d6:	6655      	str	r5, [r2, #100]	@ 0x64
100034d8:	6757      	str	r7, [r2, #116]	@ 0x74
100034da:	6716      	str	r6, [r2, #112]	@ 0x70
100034dc:	bdf0      	pop	{r4, r5, r6, r7, pc}

100034de <__wrap___aeabi_dmul>:
100034de:	b418      	push	{r3, r4}
100034e0:	4b03      	ldr	r3, [pc, #12]	@ (100034f0 <__wrap___aeabi_dmul+0x12>)
100034e2:	689b      	ldr	r3, [r3, #8]
100034e4:	46fc      	mov	ip, pc
100034e6:	9301      	str	r3, [sp, #4]
100034e8:	bd08      	pop	{r3, pc}
100034ea:	df08      	.short	0xdf08
100034ec:	10003889 	.word	0x10003889
100034f0:	20001288 	.word	0x20001288
100034f4:	d0000000 	.word	0xd0000000

100034f8 <__wrap___aeabi_cdrcmple>:
100034f8:	b5ff      	push	{r0, r1, r2, r3, r4, r5, r6, r7, lr}
100034fa:	4050      	eors	r0, r2
100034fc:	4042      	eors	r2, r0
100034fe:	4050      	eors	r0, r2
10003500:	4059      	eors	r1, r3
10003502:	404b      	eors	r3, r1
10003504:	4059      	eors	r1, r3
10003506:	e000      	b.n	1000350a <__aeabi_dfcmple_guts>

10003508 <__wrap___aeabi_cdcmpeq>:
10003508:	b5ff      	push	{r0, r1, r2, r3, r4, r5, r6, r7, lr}

1000350a <__aeabi_dfcmple_guts>:
1000350a:	4f15      	ldr	r7, [pc, #84]	@ (10003560 <__aeabi_dfcmple_guts+0x56>)
1000350c:	004c      	lsls	r4, r1, #1
1000350e:	0d64      	lsrs	r4, r4, #21
10003510:	d003      	beq.n	1000351a <__aeabi_dfcmple_guts+0x10>
10003512:	42bc      	cmp	r4, r7
10003514:	d104      	bne.n	10003520 <__aeabi_dfcmple_guts+0x16>
10003516:	030c      	lsls	r4, r1, #12
10003518:	d814      	bhi.n	10003544 <__aeabi_dfcmple_guts+0x3a>
1000351a:	2000      	movs	r0, #0
1000351c:	0d09      	lsrs	r1, r1, #20
1000351e:	0509      	lsls	r1, r1, #20
10003520:	005c      	lsls	r4, r3, #1
10003522:	0d64      	lsrs	r4, r4, #21
10003524:	d003      	beq.n	1000352e <__aeabi_dfcmple_guts+0x24>
10003526:	42bc      	cmp	r4, r7
10003528:	d104      	bne.n	10003534 <__aeabi_dfcmple_guts+0x2a>
1000352a:	031c      	lsls	r4, r3, #12
1000352c:	d80a      	bhi.n	10003544 <__aeabi_dfcmple_guts+0x3a>
1000352e:	2200      	movs	r2, #0
10003530:	0d1b      	lsrs	r3, r3, #20
10003532:	051b      	lsls	r3, r3, #20
10003534:	2601      	movs	r6, #1
10003536:	404b      	eors	r3, r1
10003538:	d409      	bmi.n	1000354e <__aeabi_dfcmple_guts+0x44>
1000353a:	404b      	eors	r3, r1
1000353c:	d503      	bpl.n	10003546 <__aeabi_dfcmple_guts+0x3c>
1000353e:	428b      	cmp	r3, r1
10003540:	d100      	bne.n	10003544 <__aeabi_dfcmple_guts+0x3a>
10003542:	4282      	cmp	r2, r0
10003544:	bdff      	pop	{r0, r1, r2, r3, r4, r5, r6, r7, pc}
10003546:	4299      	cmp	r1, r3
10003548:	d1fc      	bne.n	10003544 <__aeabi_dfcmple_guts+0x3a>
1000354a:	4290      	cmp	r0, r2
1000354c:	bdff      	pop	{r0, r1, r2, r3, r4, r5, r6, r7, pc}
1000354e:	430b      	orrs	r3, r1
10003550:	18db      	adds	r3, r3, r3
10003552:	4303      	orrs	r3, r0
10003554:	4313      	orrs	r3, r2
10003556:	d0f5      	beq.n	10003544 <__aeabi_dfcmple_guts+0x3a>
10003558:	43c9      	mvns	r1, r1
1000355a:	1849      	adds	r1, r1, r1
1000355c:	bdff      	pop	{r0, r1, r2, r3, r4, r5, r6, r7, pc}
1000355e:	0000      	.short	0x0000
10003560:	000007ff 	.word	0x000007ff

10003564 <__wrap___aeabi_dcmplt>:
10003564:	b500      	push	{lr}
10003566:	f7ff ffcf 	bl	10003508 <__wrap___aeabi_cdcmpeq>
1000356a:	4180      	sbcs	r0, r0
1000356c:	bd00      	pop	{pc}
1000356e:	46c0      	nop			@ (mov r8, r8)

10003570 <__wrap___aeabi_dcmple>:
10003570:	b500      	push	{lr}
10003572:	f7ff ffc9 	bl	10003508 <__wrap___aeabi_cdcmpeq>
10003576:	d901      	bls.n	1000357c <__wrap___aeabi_dcmple+0xc>
10003578:	2000      	movs	r0, #0
1000357a:	bd00      	pop	{pc}
1000357c:	2001      	movs	r0, #1
1000357e:	bd00      	pop	{pc}

10003580 <__wrap___aeabi_dcmpge>:
10003580:	b500      	push	{lr}
10003582:	f7ff ffb9 	bl	100034f8 <__wrap___aeabi_cdrcmple>
10003586:	d901      	bls.n	1000358c <__wrap___aeabi_dcmpge+0xc>
10003588:	2000      	movs	r0, #0
1000358a:	bd00      	pop	{pc}
1000358c:	2001      	movs	r0, #1
1000358e:	bd00      	pop	{pc}

10003590 <__wrap___aeabi_dcmpgt>:
10003590:	b500      	push	{lr}
10003592:	f7ff ffb1 	bl	100034f8 <__wrap___aeabi_cdrcmple>
10003596:	4180      	sbcs	r0, r0
10003598:	bd00      	pop	{pc}

1000359a <__wrap___aeabi_dcmpun>:
1000359a:	2001      	movs	r0, #1
1000359c:	0540      	lsls	r0, r0, #21
1000359e:	004a      	lsls	r2, r1, #1
100035a0:	1812      	adds	r2, r2, r0
100035a2:	d804      	bhi.n	100035ae <__wrap___aeabi_dcmpun+0x14>
100035a4:	005a      	lsls	r2, r3, #1
100035a6:	1812      	adds	r2, r2, r0
100035a8:	d801      	bhi.n	100035ae <__wrap___aeabi_dcmpun+0x14>
100035aa:	2000      	movs	r0, #0
100035ac:	4770      	bx	lr
100035ae:	2001      	movs	r0, #1
100035b0:	4770      	bx	lr
	...

100035b4 <__wrap___aeabi_ui2d>:
100035b4:	2100      	movs	r1, #0
100035b6:	2800      	cmp	r0, #0
100035b8:	d105      	bne.n	100035c6 <__wrap___aeabi_i2d+0xa>
100035ba:	4770      	bx	lr

100035bc <__wrap___aeabi_i2d>:
100035bc:	17c1      	asrs	r1, r0, #31
100035be:	4048      	eors	r0, r1
100035c0:	1a40      	subs	r0, r0, r1
100035c2:	d0fa      	beq.n	100035ba <__wrap___aeabi_ui2d+0x6>
100035c4:	07c9      	lsls	r1, r1, #31
100035c6:	b513      	push	{r0, r1, r4, lr}
100035c8:	4b06      	ldr	r3, [pc, #24]	@ (100035e4 <__wrap___aeabi_i2d+0x28>)
100035ca:	681b      	ldr	r3, [r3, #0]
100035cc:	4798      	blx	r3
100035ce:	bc0c      	pop	{r2, r3}
100035d0:	1c44      	adds	r4, r0, #1
100035d2:	40a2      	lsls	r2, r4
100035d4:	0510      	lsls	r0, r2, #20
100035d6:	0b12      	lsrs	r2, r2, #12
100035d8:	4903      	ldr	r1, [pc, #12]	@ (100035e8 <__wrap___aeabi_i2d+0x2c>)
100035da:	1b09      	subs	r1, r1, r4
100035dc:	0509      	lsls	r1, r1, #20
100035de:	4319      	orrs	r1, r3
100035e0:	4311      	orrs	r1, r2
100035e2:	bd10      	pop	{r4, pc}
100035e4:	20002004 	.word	0x20002004
100035e8:	0000041f 	.word	0x0000041f

100035ec <__wrap___aeabi_d2iz>:
100035ec:	b510      	push	{r4, lr}
100035ee:	004c      	lsls	r4, r1, #1
100035f0:	0d62      	lsrs	r2, r4, #21
100035f2:	2380      	movs	r3, #128	@ 0x80
100035f4:	18d2      	adds	r2, r2, r3
100035f6:	00db      	lsls	r3, r3, #3
100035f8:	1ad2      	subs	r2, r2, r3
100035fa:	055b      	lsls	r3, r3, #21
100035fc:	2a7e      	cmp	r2, #126	@ 0x7e
100035fe:	dd10      	ble.n	10003622 <__wrap___aeabi_d2iz+0x36>
10003600:	3a9e      	subs	r2, #158	@ 0x9e
10003602:	da13      	bge.n	1000362c <__wrap___aeabi_d2iz+0x40>
10003604:	17cc      	asrs	r4, r1, #31
10003606:	0309      	lsls	r1, r1, #12
10003608:	0849      	lsrs	r1, r1, #1
1000360a:	4319      	orrs	r1, r3
1000360c:	4252      	negs	r2, r2
1000360e:	40d1      	lsrs	r1, r2
10003610:	0064      	lsls	r4, r4, #1
10003612:	3401      	adds	r4, #1
10003614:	3215      	adds	r2, #21
10003616:	2a20      	cmp	r2, #32
10003618:	da05      	bge.n	10003626 <__wrap___aeabi_d2iz+0x3a>
1000361a:	40d0      	lsrs	r0, r2
1000361c:	4308      	orrs	r0, r1
1000361e:	4360      	muls	r0, r4
10003620:	bd10      	pop	{r4, pc}
10003622:	2000      	movs	r0, #0
10003624:	bd10      	pop	{r4, pc}
10003626:	4608      	mov	r0, r1
10003628:	4360      	muls	r0, r4
1000362a:	bd10      	pop	{r4, pc}
1000362c:	0fc8      	lsrs	r0, r1, #31
1000362e:	18c0      	adds	r0, r0, r3
10003630:	3801      	subs	r0, #1
10003632:	bd10      	pop	{r4, pc}

10003634 <__wrap___aeabi_d2uiz>:
10003634:	b418      	push	{r3, r4}
10003636:	4b04      	ldr	r3, [pc, #16]	@ (10003648 <__wrap___aeabi_d2uiz+0x14>)
10003638:	6a5b      	ldr	r3, [r3, #36]	@ 0x24
1000363a:	46fc      	mov	ip, pc
1000363c:	9301      	str	r3, [sp, #4]
1000363e:	bd08      	pop	{r3, pc}
10003640:	3b95df24 	.word	0x3b95df24
10003644:	00001000 	.word	0x00001000
10003648:	20001288 	.word	0x20001288

1000364c <__aeabi_double_init>:
1000364c:	2313      	movs	r3, #19
1000364e:	b570      	push	{r4, r5, r6, lr}
10003650:	781d      	ldrb	r5, [r3, #0]
10003652:	2d01      	cmp	r5, #1
10003654:	d019      	beq.n	1000368a <__aeabi_double_init+0x3e>
10003656:	dd14      	ble.n	10003682 <__aeabi_double_init+0x36>
10003658:	481f      	ldr	r0, [pc, #124]	@ (100036d8 <__aeabi_double_init+0x8c>)
1000365a:	f7ff fb31 	bl	10002cc0 <rom_data_lookup>
1000365e:	0006      	movs	r6, r0
10003660:	481e      	ldr	r0, [pc, #120]	@ (100036dc <__aeabi_double_init+0x90>)
10003662:	f7ff fb2d 	bl	10002cc0 <rom_data_lookup>
10003666:	4c1e      	ldr	r4, [pc, #120]	@ (100036e0 <__aeabi_double_init+0x94>)
10003668:	2280      	movs	r2, #128	@ 0x80
1000366a:	0031      	movs	r1, r6
1000366c:	0020      	movs	r0, r4
1000366e:	f000 fbff 	bl	10003e70 <__wrap___aeabi_memcpy>
10003672:	2d02      	cmp	r5, #2
10003674:	d02d      	beq.n	100036d2 <__aeabi_double_init+0x86>
10003676:	481b      	ldr	r0, [pc, #108]	@ (100036e4 <__aeabi_double_init+0x98>)
10003678:	f7ff fb1a 	bl	10002cb0 <rom_func_lookup>
1000367c:	4b1a      	ldr	r3, [pc, #104]	@ (100036e8 <__aeabi_double_init+0x9c>)
1000367e:	6018      	str	r0, [r3, #0]
10003680:	bd70      	pop	{r4, r5, r6, pc}
10003682:	4b1a      	ldr	r3, [pc, #104]	@ (100036ec <__aeabi_double_init+0xa0>)
10003684:	4c16      	ldr	r4, [pc, #88]	@ (100036e0 <__aeabi_double_init+0x94>)
10003686:	64a3      	str	r3, [r4, #72]	@ 0x48
10003688:	e7f5      	b.n	10003676 <__aeabi_double_init+0x2a>
1000368a:	4b18      	ldr	r3, [pc, #96]	@ (100036ec <__aeabi_double_init+0xa0>)
1000368c:	4c14      	ldr	r4, [pc, #80]	@ (100036e0 <__aeabi_double_init+0x94>)
1000368e:	6023      	str	r3, [r4, #0]
10003690:	6063      	str	r3, [r4, #4]
10003692:	60a3      	str	r3, [r4, #8]
10003694:	60e3      	str	r3, [r4, #12]
10003696:	6123      	str	r3, [r4, #16]
10003698:	6163      	str	r3, [r4, #20]
1000369a:	61a3      	str	r3, [r4, #24]
1000369c:	61e3      	str	r3, [r4, #28]
1000369e:	6223      	str	r3, [r4, #32]
100036a0:	6263      	str	r3, [r4, #36]	@ 0x24
100036a2:	62a3      	str	r3, [r4, #40]	@ 0x28
100036a4:	62e3      	str	r3, [r4, #44]	@ 0x2c
100036a6:	6323      	str	r3, [r4, #48]	@ 0x30
100036a8:	6363      	str	r3, [r4, #52]	@ 0x34
100036aa:	63a3      	str	r3, [r4, #56]	@ 0x38
100036ac:	63e3      	str	r3, [r4, #60]	@ 0x3c
100036ae:	6423      	str	r3, [r4, #64]	@ 0x40
100036b0:	6463      	str	r3, [r4, #68]	@ 0x44
100036b2:	64a3      	str	r3, [r4, #72]	@ 0x48
100036b4:	64e3      	str	r3, [r4, #76]	@ 0x4c
100036b6:	6523      	str	r3, [r4, #80]	@ 0x50
100036b8:	6563      	str	r3, [r4, #84]	@ 0x54
100036ba:	65a3      	str	r3, [r4, #88]	@ 0x58
100036bc:	65e3      	str	r3, [r4, #92]	@ 0x5c
100036be:	6623      	str	r3, [r4, #96]	@ 0x60
100036c0:	6663      	str	r3, [r4, #100]	@ 0x64
100036c2:	66a3      	str	r3, [r4, #104]	@ 0x68
100036c4:	66e3      	str	r3, [r4, #108]	@ 0x6c
100036c6:	6723      	str	r3, [r4, #112]	@ 0x70
100036c8:	6763      	str	r3, [r4, #116]	@ 0x74
100036ca:	67a3      	str	r3, [r4, #120]	@ 0x78
100036cc:	67e3      	str	r3, [r4, #124]	@ 0x7c
100036ce:	64a3      	str	r3, [r4, #72]	@ 0x48
100036d0:	e7d1      	b.n	10003676 <__aeabi_double_init+0x2a>
100036d2:	4b06      	ldr	r3, [pc, #24]	@ (100036ec <__aeabi_double_init+0xa0>)
100036d4:	64a3      	str	r3, [r4, #72]	@ 0x48
100036d6:	e7ce      	b.n	10003676 <__aeabi_double_init+0x2a>
100036d8:	00004453 	.word	0x00004453
100036dc:	00004653 	.word	0x00004653
100036e0:	20001288 	.word	0x20001288
100036e4:	0000334c 	.word	0x0000334c
100036e8:	20002004 	.word	0x20002004
100036ec:	100036f1 	.word	0x100036f1

100036f0 <double_table_shim_on_use_helper>:
100036f0:	b507      	push	{r0, r1, r2, lr}
100036f2:	4660      	mov	r0, ip
100036f4:	8801      	ldrh	r1, [r0, #0]
100036f6:	0a0a      	lsrs	r2, r1, #8
100036f8:	3002      	adds	r0, #2
100036fa:	2adf      	cmp	r2, #223	@ 0xdf
100036fc:	d1fa      	bne.n	100036f4 <double_table_shim_on_use_helper+0x4>
100036fe:	b2c9      	uxtb	r1, r1
10003700:	0882      	lsrs	r2, r0, #2
10003702:	d304      	bcc.n	1000370e <double_table_shim_on_use_helper+0x1e>
10003704:	8802      	ldrh	r2, [r0, #0]
10003706:	8840      	ldrh	r0, [r0, #2]
10003708:	0400      	lsls	r0, r0, #16
1000370a:	4310      	orrs	r0, r2
1000370c:	e000      	b.n	10003710 <double_table_shim_on_use_helper+0x20>
1000370e:	6800      	ldr	r0, [r0, #0]
10003710:	4a01      	ldr	r2, [pc, #4]	@ (10003718 <double_table_shim_on_use_helper+0x28>)
10003712:	5050      	str	r0, [r2, r1]
10003714:	9003      	str	r0, [sp, #12]
10003716:	bd07      	pop	{r0, r1, r2, pc}
10003718:	20001288 	.word	0x20001288

1000371c <drsub_shim>:
1000371c:	b40f      	push	{r0, r1, r2, r3}
1000371e:	bc03      	pop	{r0, r1}
10003720:	bc0c      	pop	{r2, r3}

10003722 <dsub_shim>:
10003722:	b5f0      	push	{r4, r5, r6, r7, lr}
10003724:	2401      	movs	r4, #1
10003726:	07e4      	lsls	r4, r4, #31
10003728:	4063      	eors	r3, r4
1000372a:	e000      	b.n	1000372e <da_entry>

1000372c <dadd_shim>:
1000372c:	b5f0      	push	{r4, r5, r6, r7, lr}

1000372e <da_entry>:
1000372e:	0d0c      	lsrs	r4, r1, #20
10003730:	0fcf      	lsrs	r7, r1, #31
10003732:	1e66      	subs	r6, r4, #1
10003734:	0536      	lsls	r6, r6, #20
10003736:	1b89      	subs	r1, r1, r6
10003738:	0564      	lsls	r4, r4, #21
1000373a:	d303      	bcc.n	10003744 <l8_1>
1000373c:	43c9      	mvns	r1, r1
1000373e:	4240      	negs	r0, r0
10003740:	d300      	bcc.n	10003744 <l8_1>
10003742:	3101      	adds	r1, #1

10003744 <l8_1>:
10003744:	0d64      	lsrs	r4, r4, #21
10003746:	d003      	beq.n	10003750 <l8_2>
10003748:	1c66      	adds	r6, r4, #1
1000374a:	0af6      	lsrs	r6, r6, #11
1000374c:	d007      	beq.n	1000375e <l8_3>
1000374e:	1be4      	subs	r4, r4, r7

10003750 <l8_2>:
10003750:	2000      	movs	r0, #0
10003752:	007f      	lsls	r7, r7, #1
10003754:	1c79      	adds	r1, r7, #1
10003756:	0789      	lsls	r1, r1, #30
10003758:	1289      	asrs	r1, r1, #10
1000375a:	3c80      	subs	r4, #128	@ 0x80
1000375c:	0324      	lsls	r4, r4, #12

1000375e <l8_3>:
1000375e:	0d1d      	lsrs	r5, r3, #20
10003760:	0fdf      	lsrs	r7, r3, #31
10003762:	1e6e      	subs	r6, r5, #1
10003764:	0536      	lsls	r6, r6, #20
10003766:	1b9b      	subs	r3, r3, r6
10003768:	056d      	lsls	r5, r5, #21
1000376a:	d303      	bcc.n	10003774 <l9_1>
1000376c:	43db      	mvns	r3, r3
1000376e:	4252      	negs	r2, r2
10003770:	d300      	bcc.n	10003774 <l9_1>
10003772:	3301      	adds	r3, #1

10003774 <l9_1>:
10003774:	0d6d      	lsrs	r5, r5, #21
10003776:	d003      	beq.n	10003780 <l9_2>
10003778:	1c6e      	adds	r6, r5, #1
1000377a:	0af6      	lsrs	r6, r6, #11
1000377c:	d007      	beq.n	1000378e <l9_3>
1000377e:	1bed      	subs	r5, r5, r7

10003780 <l9_2>:
10003780:	2200      	movs	r2, #0
10003782:	007f      	lsls	r7, r7, #1
10003784:	1c7b      	adds	r3, r7, #1
10003786:	079b      	lsls	r3, r3, #30
10003788:	129b      	asrs	r3, r3, #10
1000378a:	3d80      	subs	r5, #128	@ 0x80
1000378c:	032d      	lsls	r5, r5, #12

1000378e <l9_3>:
1000378e:	1b2f      	subs	r7, r5, r4
10003790:	1b66      	subs	r6, r4, r5
10003792:	d458      	bmi.n	10003846 <da_ygtx>
10003794:	46a4      	mov	ip, r4
10003796:	2e20      	cmp	r6, #32
10003798:	da46      	bge.n	10003828 <da_xrgty>
1000379a:	3720      	adds	r7, #32
1000379c:	0014      	movs	r4, r2
1000379e:	40bc      	lsls	r4, r7

100037a0 <da_xgty0>:
100037a0:	001d      	movs	r5, r3
100037a2:	40bd      	lsls	r5, r7
100037a4:	40f2      	lsrs	r2, r6
100037a6:	4133      	asrs	r3, r6
100037a8:	432a      	orrs	r2, r5

100037aa <da_add>:
100037aa:	1880      	adds	r0, r0, r2
100037ac:	4159      	adcs	r1, r3

100037ae <da_pack>:
100037ae:	0fcb      	lsrs	r3, r1, #31
100037b0:	d005      	beq.n	100037be <da_pack+0x10>
100037b2:	43c9      	mvns	r1, r1
100037b4:	43c0      	mvns	r0, r0
100037b6:	2200      	movs	r2, #0
100037b8:	4264      	negs	r4, r4
100037ba:	4150      	adcs	r0, r2
100037bc:	4151      	adcs	r1, r2
100037be:	4662      	mov	r2, ip
100037c0:	0d4d      	lsrs	r5, r1, #21
100037c2:	d128      	bne.n	10003816 <da_0>
100037c4:	0d0d      	lsrs	r5, r1, #20
100037c6:	d107      	bne.n	100037d8 <da_1>
100037c8:	2800      	cmp	r0, #0
100037ca:	d01f      	beq.n	1000380c <da_5>

100037cc <da_2>:
100037cc:	1924      	adds	r4, r4, r4
100037ce:	4140      	adcs	r0, r0
100037d0:	4149      	adcs	r1, r1
100037d2:	3a01      	subs	r2, #1
100037d4:	0d0d      	lsrs	r5, r1, #20
100037d6:	d0f9      	beq.n	100037cc <da_2>

100037d8 <da_1>:
100037d8:	0064      	lsls	r4, r4, #1
100037da:	d306      	bcc.n	100037ea <da_3>

100037dc <da_4>:
100037dc:	3001      	adds	r0, #1
100037de:	d300      	bcc.n	100037e2 <da_4+0x6>
100037e0:	3101      	adds	r1, #1
100037e2:	2c00      	cmp	r4, #0
100037e4:	d101      	bne.n	100037ea <da_3>
100037e6:	0840      	lsrs	r0, r0, #1
100037e8:	0040      	lsls	r0, r0, #1

100037ea <da_3>:
100037ea:	3a01      	subs	r2, #1
100037ec:	d40b      	bmi.n	10003806 <da_6>
100037ee:	1c94      	adds	r4, r2, #2
100037f0:	0ae4      	lsrs	r4, r4, #11
100037f2:	d104      	bne.n	100037fe <da_7>
100037f4:	0512      	lsls	r2, r2, #20
100037f6:	4411      	add	r1, r2
100037f8:	07db      	lsls	r3, r3, #31
100037fa:	4419      	add	r1, r3
100037fc:	bdf0      	pop	{r4, r5, r6, r7, pc}

100037fe <da_7>:
100037fe:	07d9      	lsls	r1, r3, #31
10003800:	4b20      	ldr	r3, [pc, #128]	@ (10003884 <da_xmgty+0x4>)
10003802:	4319      	orrs	r1, r3
10003804:	e000      	b.n	10003808 <da_6+0x2>

10003806 <da_6>:
10003806:	07d9      	lsls	r1, r3, #31
10003808:	2000      	movs	r0, #0
1000380a:	bdf0      	pop	{r4, r5, r6, r7, pc}

1000380c <da_5>:
1000380c:	2900      	cmp	r1, #0
1000380e:	d1dd      	bne.n	100037cc <da_2>
10003810:	2c00      	cmp	r4, #0
10003812:	d1db      	bne.n	100037cc <da_2>
10003814:	bdf0      	pop	{r4, r5, r6, r7, pc}

10003816 <da_0>:
10003816:	3201      	adds	r2, #1
10003818:	07c6      	lsls	r6, r0, #31
1000381a:	0840      	lsrs	r0, r0, #1
1000381c:	07cd      	lsls	r5, r1, #31
1000381e:	4328      	orrs	r0, r5
10003820:	0849      	lsrs	r1, r1, #1
10003822:	2e00      	cmp	r6, #0
10003824:	d0e1      	beq.n	100037ea <da_3>
10003826:	e7d9      	b.n	100037dc <da_4>

10003828 <da_xrgty>:
10003828:	2e3c      	cmp	r6, #60	@ 0x3c
1000382a:	da29      	bge.n	10003880 <da_xmgty>
1000382c:	3e20      	subs	r6, #32
1000382e:	3740      	adds	r7, #64	@ 0x40
10003830:	0014      	movs	r4, r2
10003832:	40bc      	lsls	r4, r7
10003834:	d000      	beq.n	10003838 <da_xrgty+0x10>
10003836:	2401      	movs	r4, #1
10003838:	40f2      	lsrs	r2, r6
1000383a:	4314      	orrs	r4, r2
1000383c:	001a      	movs	r2, r3
1000383e:	40bb      	lsls	r3, r7
10003840:	431c      	orrs	r4, r3
10003842:	17d3      	asrs	r3, r2, #31
10003844:	e7ac      	b.n	100037a0 <da_xgty0>

10003846 <da_ygtx>:
10003846:	46ac      	mov	ip, r5
10003848:	2f20      	cmp	r7, #32
1000384a:	da08      	bge.n	1000385e <da_yrgtx>
1000384c:	3620      	adds	r6, #32
1000384e:	0004      	movs	r4, r0
10003850:	40b4      	lsls	r4, r6

10003852 <da_ygtx0>:
10003852:	000d      	movs	r5, r1
10003854:	40b5      	lsls	r5, r6
10003856:	40f8      	lsrs	r0, r7
10003858:	4139      	asrs	r1, r7
1000385a:	4328      	orrs	r0, r5
1000385c:	e7a5      	b.n	100037aa <da_add>

1000385e <da_yrgtx>:
1000385e:	2f3c      	cmp	r7, #60	@ 0x3c
10003860:	da0c      	bge.n	1000387c <da_ymgtx>
10003862:	3f20      	subs	r7, #32
10003864:	3640      	adds	r6, #64	@ 0x40
10003866:	0004      	movs	r4, r0
10003868:	40b4      	lsls	r4, r6
1000386a:	d000      	beq.n	1000386e <da_yrgtx+0x10>
1000386c:	2401      	movs	r4, #1
1000386e:	40f8      	lsrs	r0, r7
10003870:	4304      	orrs	r4, r0
10003872:	0008      	movs	r0, r1
10003874:	40b1      	lsls	r1, r6
10003876:	430c      	orrs	r4, r1
10003878:	17c1      	asrs	r1, r0, #31
1000387a:	e7ea      	b.n	10003852 <da_ygtx0>

1000387c <da_ymgtx>:
1000387c:	0010      	movs	r0, r2
1000387e:	0019      	movs	r1, r3

10003880 <da_xmgty>:
10003880:	2400      	movs	r4, #0
10003882:	e794      	b.n	100037ae <da_pack>
10003884:	7ff00000 	.word	0x7ff00000

10003888 <dmul_shim>:
10003888:	b5f0      	push	{r4, r5, r6, r7, lr}
1000388a:	0d0c      	lsrs	r4, r1, #20
1000388c:	1e66      	subs	r6, r4, #1
1000388e:	0536      	lsls	r6, r6, #20
10003890:	1b89      	subs	r1, r1, r6
10003892:	0ae6      	lsrs	r6, r4, #11
10003894:	0564      	lsls	r4, r4, #21
10003896:	0d64      	lsrs	r4, r4, #21
10003898:	d002      	beq.n	100038a0 <l12_1>
1000389a:	1c65      	adds	r5, r4, #1
1000389c:	0aed      	lsrs	r5, r5, #11
1000389e:	d004      	beq.n	100038aa <l12_2>

100038a0 <l12_1>:
100038a0:	2000      	movs	r0, #0
100038a2:	2101      	movs	r1, #1
100038a4:	0509      	lsls	r1, r1, #20
100038a6:	3c80      	subs	r4, #128	@ 0x80
100038a8:	0324      	lsls	r4, r4, #12

100038aa <l12_2>:
100038aa:	46a4      	mov	ip, r4
100038ac:	0d1c      	lsrs	r4, r3, #20
100038ae:	1e67      	subs	r7, r4, #1
100038b0:	053f      	lsls	r7, r7, #20
100038b2:	1bdb      	subs	r3, r3, r7
100038b4:	0ae7      	lsrs	r7, r4, #11
100038b6:	0564      	lsls	r4, r4, #21
100038b8:	0d64      	lsrs	r4, r4, #21
100038ba:	d002      	beq.n	100038c2 <l13_1>
100038bc:	1c65      	adds	r5, r4, #1
100038be:	0aed      	lsrs	r5, r5, #11
100038c0:	d004      	beq.n	100038cc <l13_2>

100038c2 <l13_1>:
100038c2:	2200      	movs	r2, #0
100038c4:	2301      	movs	r3, #1
100038c6:	051b      	lsls	r3, r3, #20
100038c8:	3c80      	subs	r4, #128	@ 0x80
100038ca:	0324      	lsls	r4, r4, #12

100038cc <l13_2>:
100038cc:	4077      	eors	r7, r6
100038ce:	4464      	add	r4, ip
100038d0:	b497      	push	{r0, r1, r2, r4, r7}
100038d2:	b284      	uxth	r4, r0
100038d4:	b296      	uxth	r6, r2
100038d6:	4374      	muls	r4, r6
100038d8:	0c07      	lsrs	r7, r0, #16
100038da:	437e      	muls	r6, r7
100038dc:	0c15      	lsrs	r5, r2, #16
100038de:	436f      	muls	r7, r5
100038e0:	b280      	uxth	r0, r0
100038e2:	4368      	muls	r0, r5
100038e4:	1836      	adds	r6, r6, r0
100038e6:	d302      	bcc.n	100038ee <l14_1>
100038e8:	2001      	movs	r0, #1
100038ea:	0400      	lsls	r0, r0, #16
100038ec:	183f      	adds	r7, r7, r0

100038ee <l14_1>:
100038ee:	0430      	lsls	r0, r6, #16
100038f0:	0c35      	lsrs	r5, r6, #16
100038f2:	1900      	adds	r0, r0, r4
100038f4:	417d      	adcs	r5, r7
100038f6:	4684      	mov	ip, r0
100038f8:	b288      	uxth	r0, r1
100038fa:	b29a      	uxth	r2, r3
100038fc:	4350      	muls	r0, r2
100038fe:	0c0c      	lsrs	r4, r1, #16
10003900:	4362      	muls	r2, r4
10003902:	0c1f      	lsrs	r7, r3, #16
10003904:	437c      	muls	r4, r7
10003906:	b28e      	uxth	r6, r1
10003908:	437e      	muls	r6, r7
1000390a:	1992      	adds	r2, r2, r6
1000390c:	d302      	bcc.n	10003914 <l15_1>
1000390e:	2601      	movs	r6, #1
10003910:	0436      	lsls	r6, r6, #16
10003912:	19a4      	adds	r4, r4, r6

10003914 <l15_1>:
10003914:	0416      	lsls	r6, r2, #16
10003916:	0c17      	lsrs	r7, r2, #16
10003918:	1836      	adds	r6, r6, r0
1000391a:	4167      	adcs	r7, r4
1000391c:	bc01      	pop	{r0}
1000391e:	b281      	uxth	r1, r0
10003920:	b29a      	uxth	r2, r3
10003922:	4351      	muls	r1, r2
10003924:	0c04      	lsrs	r4, r0, #16
10003926:	4362      	muls	r2, r4
10003928:	0c1b      	lsrs	r3, r3, #16
1000392a:	435c      	muls	r4, r3
1000392c:	b280      	uxth	r0, r0
1000392e:	4358      	muls	r0, r3
10003930:	1812      	adds	r2, r2, r0
10003932:	d302      	bcc.n	1000393a <l16_1>
10003934:	2001      	movs	r0, #1
10003936:	0400      	lsls	r0, r0, #16
10003938:	1824      	adds	r4, r4, r0

1000393a <l16_1>:
1000393a:	0410      	lsls	r0, r2, #16
1000393c:	0c13      	lsrs	r3, r2, #16
1000393e:	1840      	adds	r0, r0, r1
10003940:	4163      	adcs	r3, r4
10003942:	182d      	adds	r5, r5, r0
10003944:	415e      	adcs	r6, r3
10003946:	2000      	movs	r0, #0
10003948:	4147      	adcs	r7, r0
1000394a:	bc06      	pop	{r1, r2}
1000394c:	b288      	uxth	r0, r1
1000394e:	b293      	uxth	r3, r2
10003950:	4358      	muls	r0, r3
10003952:	0c0c      	lsrs	r4, r1, #16
10003954:	4363      	muls	r3, r4
10003956:	0c12      	lsrs	r2, r2, #16
10003958:	4354      	muls	r4, r2
1000395a:	b289      	uxth	r1, r1
1000395c:	4351      	muls	r1, r2
1000395e:	185b      	adds	r3, r3, r1
10003960:	d302      	bcc.n	10003968 <l17_1>
10003962:	2101      	movs	r1, #1
10003964:	0409      	lsls	r1, r1, #16
10003966:	1864      	adds	r4, r4, r1

10003968 <l17_1>:
10003968:	0419      	lsls	r1, r3, #16
1000396a:	0c1a      	lsrs	r2, r3, #16
1000396c:	1809      	adds	r1, r1, r0
1000396e:	4162      	adcs	r2, r4
10003970:	186d      	adds	r5, r5, r1
10003972:	4156      	adcs	r6, r2
10003974:	2000      	movs	r0, #0
10003976:	4147      	adcs	r7, r0
10003978:	bc18      	pop	{r3, r4}
1000397a:	02f9      	lsls	r1, r7, #11
1000397c:	0d72      	lsrs	r2, r6, #21
1000397e:	4311      	orrs	r1, r2
10003980:	02f0      	lsls	r0, r6, #11
10003982:	0d6a      	lsrs	r2, r5, #21
10003984:	4310      	orrs	r0, r2
10003986:	02ed      	lsls	r5, r5, #11
10003988:	0d0a      	lsrs	r2, r1, #20
1000398a:	d103      	bne.n	10003994 <l17_1+0x2c>
1000398c:	196d      	adds	r5, r5, r5
1000398e:	4140      	adcs	r0, r0
10003990:	4149      	adcs	r1, r1
10003992:	3b01      	subs	r3, #1
10003994:	4e12      	ldr	r6, [pc, #72]	@ (100039e0 <dm_1+0xa>)
10003996:	1b9b      	subs	r3, r3, r6
10003998:	0076      	lsls	r6, r6, #1
1000399a:	42b3      	cmp	r3, r6
1000399c:	d20e      	bcs.n	100039bc <dm_0>
1000399e:	006d      	lsls	r5, r5, #1
100039a0:	d307      	bcc.n	100039b2 <l17_1+0x4a>
100039a2:	3001      	adds	r0, #1
100039a4:	2600      	movs	r6, #0
100039a6:	4171      	adcs	r1, r6
100039a8:	4666      	mov	r6, ip
100039aa:	4335      	orrs	r5, r6
100039ac:	d101      	bne.n	100039b2 <l17_1+0x4a>
100039ae:	0840      	lsrs	r0, r0, #1
100039b0:	0040      	lsls	r0, r0, #1
100039b2:	051b      	lsls	r3, r3, #20
100039b4:	18c9      	adds	r1, r1, r3

100039b6 <dm_2>:
100039b6:	07e4      	lsls	r4, r4, #31
100039b8:	4421      	add	r1, r4
100039ba:	bdf0      	pop	{r4, r5, r6, r7, pc}

100039bc <dm_0>:
100039bc:	da0b      	bge.n	100039d6 <dm_1>
100039be:	3301      	adds	r3, #1
100039c0:	d106      	bne.n	100039d0 <dm_0+0x14>
100039c2:	3001      	adds	r0, #1
100039c4:	d104      	bne.n	100039d0 <dm_0+0x14>
100039c6:	3101      	adds	r1, #1
100039c8:	0d4f      	lsrs	r7, r1, #21
100039ca:	d001      	beq.n	100039d0 <dm_0+0x14>
100039cc:	0849      	lsrs	r1, r1, #1
100039ce:	e7f2      	b.n	100039b6 <dm_2>
100039d0:	07e1      	lsls	r1, r4, #31
100039d2:	2000      	movs	r0, #0
100039d4:	bdf0      	pop	{r4, r5, r6, r7, pc}

100039d6 <dm_1>:
100039d6:	3601      	adds	r6, #1
100039d8:	0531      	lsls	r1, r6, #20
100039da:	2000      	movs	r0, #0
100039dc:	e7eb      	b.n	100039b6 <dm_2>
100039de:	0000      	.short	0x0000
100039e0:	000003ff 	.word	0x000003ff

100039e4 <ddiv_shim>:
100039e4:	b5f0      	push	{r4, r5, r6, r7, lr}

100039e6 <ddiv0>:
100039e6:	0d1c      	lsrs	r4, r3, #20
100039e8:	1e67      	subs	r7, r4, #1
100039ea:	053f      	lsls	r7, r7, #20
100039ec:	1bdb      	subs	r3, r3, r7
100039ee:	0ae7      	lsrs	r7, r4, #11
100039f0:	0564      	lsls	r4, r4, #21
100039f2:	0d64      	lsrs	r4, r4, #21
100039f4:	d002      	beq.n	100039fc <l20_1>
100039f6:	1c66      	adds	r6, r4, #1
100039f8:	0af6      	lsrs	r6, r6, #11
100039fa:	d004      	beq.n	10003a06 <l20_2>

100039fc <l20_1>:
100039fc:	2200      	movs	r2, #0
100039fe:	2301      	movs	r3, #1
10003a00:	051b      	lsls	r3, r3, #20
10003a02:	3c80      	subs	r4, #128	@ 0x80
10003a04:	0324      	lsls	r4, r4, #12

10003a06 <l20_2>:
10003a06:	25d0      	movs	r5, #208	@ 0xd0
10003a08:	062d      	lsls	r5, r5, #24
10003a0a:	2600      	movs	r6, #0
10003a0c:	43f6      	mvns	r6, r6
10003a0e:	662e      	str	r6, [r5, #96]	@ 0x60
10003a10:	091e      	lsrs	r6, r3, #4
10003a12:	666e      	str	r6, [r5, #100]	@ 0x64
10003a14:	0fce      	lsrs	r6, r1, #31
10003a16:	19f6      	adds	r6, r6, r7
10003a18:	46b4      	mov	ip, r6
10003a1a:	0049      	lsls	r1, r1, #1
10003a1c:	0d4f      	lsrs	r7, r1, #21
10003a1e:	d002      	beq.n	10003a26 <l20_2+0x20>
10003a20:	1c7e      	adds	r6, r7, #1
10003a22:	0af6      	lsrs	r6, r6, #11
10003a24:	d003      	beq.n	10003a2e <l20_2+0x28>
10003a26:	2000      	movs	r0, #0
10003a28:	2100      	movs	r1, #0
10003a2a:	3f40      	subs	r7, #64	@ 0x40
10003a2c:	033f      	lsls	r7, r7, #12
10003a2e:	1b3e      	subs	r6, r7, r4
10003a30:	00b6      	lsls	r6, r6, #2
10003a32:	44b4      	add	ip, r6
10003a34:	3f01      	subs	r7, #1
10003a36:	057f      	lsls	r7, r7, #21
10003a38:	1bc9      	subs	r1, r1, r7
10003a3a:	0849      	lsrs	r1, r1, #1
10003a3c:	6f2e      	ldr	r6, [r5, #112]	@ 0x70
10003a3e:	3601      	adds	r6, #1
10003a40:	0876      	lsrs	r6, r6, #1
10003a42:	029c      	lsls	r4, r3, #10
10003a44:	0d95      	lsrs	r5, r2, #22
10003a46:	4325      	orrs	r5, r4
10003a48:	4375      	muls	r5, r6
10003a4a:	13ed      	asrs	r5, r5, #15
10003a4c:	4375      	muls	r5, r6
10003a4e:	13ad      	asrs	r5, r5, #14
10003a50:	3501      	adds	r5, #1
10003a52:	106d      	asrs	r5, r5, #1
10003a54:	03f6      	lsls	r6, r6, #15
10003a56:	1b76      	subs	r6, r6, r5
10003a58:	b40c      	push	{r2, r3}
10003a5a:	02cc      	lsls	r4, r1, #11
10003a5c:	0d45      	lsrs	r5, r0, #21
10003a5e:	432c      	orrs	r4, r5
10003a60:	b2a2      	uxth	r2, r4
10003a62:	b2b3      	uxth	r3, r6
10003a64:	435a      	muls	r2, r3
10003a66:	0c27      	lsrs	r7, r4, #16
10003a68:	437b      	muls	r3, r7
10003a6a:	0c35      	lsrs	r5, r6, #16
10003a6c:	436f      	muls	r7, r5
10003a6e:	b2a4      	uxth	r4, r4
10003a70:	436c      	muls	r4, r5
10003a72:	191b      	adds	r3, r3, r4
10003a74:	d302      	bcc.n	10003a7c <l21_1>
10003a76:	2401      	movs	r4, #1
10003a78:	0424      	lsls	r4, r4, #16
10003a7a:	193f      	adds	r7, r7, r4

10003a7c <l21_1>:
10003a7c:	041c      	lsls	r4, r3, #16
10003a7e:	0c1d      	lsrs	r5, r3, #16
10003a80:	18a4      	adds	r4, r4, r2
10003a82:	417d      	adcs	r5, r7
10003a84:	1924      	adds	r4, r4, r4
10003a86:	416d      	adcs	r5, r5
10003a88:	9a00      	ldr	r2, [sp, #0]
10003a8a:	b291      	uxth	r1, r2
10003a8c:	b2ac      	uxth	r4, r5
10003a8e:	4361      	muls	r1, r4
10003a90:	0c17      	lsrs	r7, r2, #16
10003a92:	437c      	muls	r4, r7
10003a94:	0c2b      	lsrs	r3, r5, #16
10003a96:	435f      	muls	r7, r3
10003a98:	b292      	uxth	r2, r2
10003a9a:	435a      	muls	r2, r3
10003a9c:	18a4      	adds	r4, r4, r2
10003a9e:	d302      	bcc.n	10003aa6 <l22_1>
10003aa0:	2201      	movs	r2, #1
10003aa2:	0412      	lsls	r2, r2, #16
10003aa4:	18bf      	adds	r7, r7, r2

10003aa6 <l22_1>:
10003aa6:	0422      	lsls	r2, r4, #16
10003aa8:	0c23      	lsrs	r3, r4, #16
10003aaa:	1852      	adds	r2, r2, r1
10003aac:	417b      	adcs	r3, r7
10003aae:	9c01      	ldr	r4, [sp, #4]
10003ab0:	436c      	muls	r4, r5
10003ab2:	191b      	adds	r3, r3, r4
10003ab4:	0e52      	lsrs	r2, r2, #25
10003ab6:	01d9      	lsls	r1, r3, #7
10003ab8:	430a      	orrs	r2, r1
10003aba:	0144      	lsls	r4, r0, #5
10003abc:	1aa0      	subs	r0, r4, r2
10003abe:	b281      	uxth	r1, r0
10003ac0:	b2b2      	uxth	r2, r6
10003ac2:	4351      	muls	r1, r2
10003ac4:	1403      	asrs	r3, r0, #16
10003ac6:	435a      	muls	r2, r3
10003ac8:	0c36      	lsrs	r6, r6, #16
10003aca:	4373      	muls	r3, r6
10003acc:	b287      	uxth	r7, r0
10003ace:	4377      	muls	r7, r6
10003ad0:	17d6      	asrs	r6, r2, #31
10003ad2:	19d2      	adds	r2, r2, r7
10003ad4:	2700      	movs	r7, #0
10003ad6:	417e      	adcs	r6, r7
10003ad8:	0436      	lsls	r6, r6, #16
10003ada:	199b      	adds	r3, r3, r6
10003adc:	0417      	lsls	r7, r2, #16
10003ade:	0c16      	lsrs	r6, r2, #16
10003ae0:	187f      	adds	r7, r7, r1
10003ae2:	415e      	adcs	r6, r3
10003ae4:	1673      	asrs	r3, r6, #25
10003ae6:	18ed      	adds	r5, r5, r3
10003ae8:	01f3      	lsls	r3, r6, #7
10003aea:	2600      	movs	r6, #0
10003aec:	3380      	adds	r3, #128	@ 0x80
10003aee:	4175      	adcs	r5, r6
10003af0:	0fa9      	lsrs	r1, r5, #30
10003af2:	d106      	bne.n	10003b02 <dd_0>
10003af4:	0064      	lsls	r4, r4, #1
10003af6:	0a69      	lsrs	r1, r5, #9
10003af8:	05e8      	lsls	r0, r5, #23
10003afa:	0a5b      	lsrs	r3, r3, #9
10003afc:	4318      	orrs	r0, r3
10003afe:	d209      	bcs.n	10003b14 <dd_1>
10003b00:	e02f      	b.n	10003b62 <dd_2>

10003b02 <dd_0>:
10003b02:	2204      	movs	r2, #4
10003b04:	4494      	add	ip, r2
10003b06:	3380      	adds	r3, #128	@ 0x80
10003b08:	4175      	adcs	r5, r6
10003b0a:	0aa9      	lsrs	r1, r5, #10
10003b0c:	05a8      	lsls	r0, r5, #22
10003b0e:	0a9b      	lsrs	r3, r3, #10
10003b10:	4318      	orrs	r0, r3
10003b12:	d326      	bcc.n	10003b62 <dd_2>

10003b14 <dd_1>:
10003b14:	4140      	adcs	r0, r0
10003b16:	4149      	adcs	r1, r1
10003b18:	0424      	lsls	r4, r4, #16
10003b1a:	9a00      	ldr	r2, [sp, #0]
10003b1c:	9b01      	ldr	r3, [sp, #4]
10003b1e:	000d      	movs	r5, r1
10003b20:	4355      	muls	r5, r2
10003b22:	1b64      	subs	r4, r4, r5
10003b24:	4343      	muls	r3, r0
10003b26:	1ae4      	subs	r4, r4, r3
10003b28:	b295      	uxth	r5, r2
10003b2a:	b286      	uxth	r6, r0
10003b2c:	4375      	muls	r5, r6
10003b2e:	0c17      	lsrs	r7, r2, #16
10003b30:	437e      	muls	r6, r7
10003b32:	0c03      	lsrs	r3, r0, #16
10003b34:	435f      	muls	r7, r3
10003b36:	b292      	uxth	r2, r2
10003b38:	435a      	muls	r2, r3
10003b3a:	18b6      	adds	r6, r6, r2
10003b3c:	d302      	bcc.n	10003b44 <l24_1>
10003b3e:	2201      	movs	r2, #1
10003b40:	0412      	lsls	r2, r2, #16
10003b42:	18bf      	adds	r7, r7, r2

10003b44 <l24_1>:
10003b44:	0432      	lsls	r2, r6, #16
10003b46:	0c33      	lsrs	r3, r6, #16
10003b48:	1952      	adds	r2, r2, r5
10003b4a:	417b      	adcs	r3, r7
10003b4c:	4252      	negs	r2, r2
10003b4e:	419c      	sbcs	r4, r3
10003b50:	2c00      	cmp	r4, #0
10003b52:	d402      	bmi.n	10003b5a <l24_1+0x16>
10003b54:	2200      	movs	r2, #0
10003b56:	3001      	adds	r0, #1
10003b58:	4151      	adcs	r1, r2
10003b5a:	0840      	lsrs	r0, r0, #1
10003b5c:	07ca      	lsls	r2, r1, #31
10003b5e:	4310      	orrs	r0, r2
10003b60:	0849      	lsrs	r1, r1, #1

10003b62 <dd_2>:
10003b62:	b002      	add	sp, #8
10003b64:	4662      	mov	r2, ip
10003b66:	07d7      	lsls	r7, r2, #31
10003b68:	1092      	asrs	r2, r2, #2
10003b6a:	4b08      	ldr	r3, [pc, #32]	@ (10003b8c <dd_4+0x6>)
10003b6c:	18d2      	adds	r2, r2, r3
10003b6e:	4b08      	ldr	r3, [pc, #32]	@ (10003b90 <dd_4+0xa>)
10003b70:	429a      	cmp	r2, r3
10003b72:	d203      	bcs.n	10003b7c <dd_3>
10003b74:	0512      	lsls	r2, r2, #20
10003b76:	1889      	adds	r1, r1, r2

10003b78 <dd_5>:
10003b78:	19c9      	adds	r1, r1, r7
10003b7a:	bdf0      	pop	{r4, r5, r6, r7, pc}

10003b7c <dd_3>:
10003b7c:	2000      	movs	r0, #0
10003b7e:	2a00      	cmp	r2, #0
10003b80:	dc01      	bgt.n	10003b86 <dd_4>
10003b82:	0039      	movs	r1, r7
10003b84:	bdf0      	pop	{r4, r5, r6, r7, pc}

10003b86 <dd_4>:
10003b86:	3301      	adds	r3, #1
10003b88:	0519      	lsls	r1, r3, #20
10003b8a:	e7f5      	b.n	10003b78 <dd_5>
10003b8c:	000003fd 	.word	0x000003fd
10003b90:	000007fe 	.word	0x000007fe

10003b94 <double2uint_shim>:
10003b94:	2200      	movs	r2, #0

10003b96 <double2ufix_shim>:
10003b96:	b500      	push	{lr}
10003b98:	3220      	adds	r2, #32
10003b9a:	f000 f804 	bl	10003ba6 <double2ufix64_shim>
10003b9e:	0008      	movs	r0, r1
10003ba0:	bd00      	pop	{pc}
	...

10003ba4 <double2uint64_shim>:
10003ba4:	2200      	movs	r2, #0

10003ba6 <double2ufix64_shim>:
10003ba6:	150b      	asrs	r3, r1, #20
10003ba8:	d40a      	bmi.n	10003bc0 <ret_dzero>

10003baa <d2fix>:
10003baa:	b510      	push	{r4, lr}
10003bac:	4694      	mov	ip, r2
10003bae:	f000 f831 	bl	10003c14 <dunpacks>
10003bb2:	1414      	asrs	r4, r2, #16
10003bb4:	3401      	adds	r4, #1
10003bb6:	da00      	bge.n	10003bba <d2fix+0x10>
10003bb8:	2100      	movs	r1, #0
10003bba:	17cb      	asrs	r3, r1, #31
10003bbc:	4c14      	ldr	r4, [pc, #80]	@ (10003c10 <d2fix_a+0x4a>)
10003bbe:	4720      	bx	r4

10003bc0 <ret_dzero>:
10003bc0:	2000      	movs	r0, #0
10003bc2:	2100      	movs	r1, #0
10003bc4:	4770      	bx	lr

10003bc6 <d2fix_a>:
10003bc6:	4462      	add	r2, ip
10003bc8:	3a34      	subs	r2, #52	@ 0x34
10003bca:	d40c      	bmi.n	10003be6 <d2fix_a+0x20>
10003bcc:	2a0c      	cmp	r2, #12
10003bce:	da07      	bge.n	10003be0 <d2fix_a+0x1a>
10003bd0:	0004      	movs	r4, r0
10003bd2:	4091      	lsls	r1, r2
10003bd4:	4090      	lsls	r0, r2
10003bd6:	4252      	negs	r2, r2
10003bd8:	3220      	adds	r2, #32
10003bda:	40d4      	lsrs	r4, r2
10003bdc:	4321      	orrs	r1, r4
10003bde:	bd10      	pop	{r4, pc}
10003be0:	43d8      	mvns	r0, r3
10003be2:	43d9      	mvns	r1, r3
10003be4:	bd10      	pop	{r4, pc}
10003be6:	3220      	adds	r2, #32
10003be8:	d407      	bmi.n	10003bfa <d2fix_a+0x34>
10003bea:	460c      	mov	r4, r1
10003bec:	4094      	lsls	r4, r2
10003bee:	4252      	negs	r2, r2
10003bf0:	3220      	adds	r2, #32
10003bf2:	4111      	asrs	r1, r2
10003bf4:	40d0      	lsrs	r0, r2
10003bf6:	4320      	orrs	r0, r4
10003bf8:	bd10      	pop	{r4, pc}
10003bfa:	0008      	movs	r0, r1
10003bfc:	17c9      	asrs	r1, r1, #31
10003bfe:	3220      	adds	r2, #32
10003c00:	d403      	bmi.n	10003c0a <d2fix_a+0x44>
10003c02:	4252      	negs	r2, r2
10003c04:	3220      	adds	r2, #32
10003c06:	4110      	asrs	r0, r2
10003c08:	bd10      	pop	{r4, pc}
10003c0a:	0018      	movs	r0, r3
10003c0c:	0019      	movs	r1, r3
10003c0e:	bd10      	pop	{r4, pc}
10003c10:	10003bc7 	.word	0x10003bc7

10003c14 <dunpacks>:
10003c14:	0d0a      	lsrs	r2, r1, #20
10003c16:	0fcc      	lsrs	r4, r1, #31
10003c18:	1e53      	subs	r3, r2, #1
10003c1a:	051b      	lsls	r3, r3, #20
10003c1c:	1ac9      	subs	r1, r1, r3
10003c1e:	0552      	lsls	r2, r2, #21
10003c20:	d303      	bcc.n	10003c2a <l60_1>
10003c22:	43c9      	mvns	r1, r1
10003c24:	4240      	negs	r0, r0
10003c26:	d300      	bcc.n	10003c2a <l60_1>
10003c28:	3101      	adds	r1, #1

10003c2a <l60_1>:
10003c2a:	0d52      	lsrs	r2, r2, #21
10003c2c:	d003      	beq.n	10003c36 <l60_2>
10003c2e:	1c53      	adds	r3, r2, #1
10003c30:	0adb      	lsrs	r3, r3, #11
10003c32:	d007      	beq.n	10003c44 <l60_3>
10003c34:	1b12      	subs	r2, r2, r4

10003c36 <l60_2>:
10003c36:	2000      	movs	r0, #0
10003c38:	0064      	lsls	r4, r4, #1
10003c3a:	1c61      	adds	r1, r4, #1
10003c3c:	0789      	lsls	r1, r1, #30
10003c3e:	1289      	asrs	r1, r1, #10
10003c40:	3a80      	subs	r2, #128	@ 0x80
10003c42:	0312      	lsls	r2, r2, #12

10003c44 <l60_3>:
10003c44:	4b01      	ldr	r3, [pc, #4]	@ (10003c4c <l60_3+0x8>)
10003c46:	1ad2      	subs	r2, r2, r3
10003c48:	4770      	bx	lr
10003c4a:	0000      	.short	0x0000
10003c4c:	000003ff 	.word	0x000003ff

10003c50 <__wrap___aeabi_lmul>:
10003c50:	4351      	muls	r1, r2
10003c52:	4343      	muls	r3, r0
10003c54:	18c9      	adds	r1, r1, r3
10003c56:	468c      	mov	ip, r1
10003c58:	0c11      	lsrs	r1, r2, #16
10003c5a:	b283      	uxth	r3, r0
10003c5c:	434b      	muls	r3, r1
10003c5e:	b410      	push	{r4}
10003c60:	0c04      	lsrs	r4, r0, #16
10003c62:	4361      	muls	r1, r4
10003c64:	b292      	uxth	r2, r2
10003c66:	b280      	uxth	r0, r0
10003c68:	4350      	muls	r0, r2
10003c6a:	4362      	muls	r2, r4
10003c6c:	041c      	lsls	r4, r3, #16
10003c6e:	0c1b      	lsrs	r3, r3, #16
10003c70:	1900      	adds	r0, r0, r4
10003c72:	bc10      	pop	{r4}
10003c74:	4159      	adcs	r1, r3
10003c76:	0413      	lsls	r3, r2, #16
10003c78:	0c12      	lsrs	r2, r2, #16
10003c7a:	18c0      	adds	r0, r0, r3
10003c7c:	4151      	adcs	r1, r2
10003c7e:	4461      	add	r1, ip
10003c80:	4770      	bx	lr
	...

10003c84 <__wrap___aeabi_frsub>:
10003c84:	4048      	eors	r0, r1
10003c86:	4041      	eors	r1, r0
10003c88:	4048      	eors	r0, r1

10003c8a <__wrap___aeabi_fsub>:
10003c8a:	4b0e      	ldr	r3, [pc, #56]	@ (10003cc4 <__wrap___aeabi_fmul+0x6>)
10003c8c:	685b      	ldr	r3, [r3, #4]
10003c8e:	4718      	bx	r3

10003c90 <__wrap___aeabi_fadd>:
10003c90:	4b0c      	ldr	r3, [pc, #48]	@ (10003cc4 <__wrap___aeabi_fmul+0x6>)
10003c92:	681b      	ldr	r3, [r3, #0]
10003c94:	4718      	bx	r3

10003c96 <__wrap___aeabi_fdiv>:
10003c96:	4a0c      	ldr	r2, [pc, #48]	@ (10003cc8 <__wrap___aeabi_fmul+0xa>)
10003c98:	6f93      	ldr	r3, [r2, #120]	@ 0x78
10003c9a:	089b      	lsrs	r3, r3, #2
10003c9c:	d202      	bcs.n	10003ca4 <fdiv_save_state>

10003c9e <fdiv_shim_call>:
10003c9e:	4b09      	ldr	r3, [pc, #36]	@ (10003cc4 <__wrap___aeabi_fmul+0x6>)
10003ca0:	68db      	ldr	r3, [r3, #12]
10003ca2:	4718      	bx	r3

10003ca4 <fdiv_save_state>:
10003ca4:	b5f0      	push	{r4, r5, r6, r7, lr}
10003ca6:	6e14      	ldr	r4, [r2, #96]	@ 0x60
10003ca8:	6e55      	ldr	r5, [r2, #100]	@ 0x64
10003caa:	6f57      	ldr	r7, [r2, #116]	@ 0x74
10003cac:	6f16      	ldr	r6, [r2, #112]	@ 0x70
10003cae:	f7ff fff6 	bl	10003c9e <fdiv_shim_call>
10003cb2:	4a05      	ldr	r2, [pc, #20]	@ (10003cc8 <__wrap___aeabi_fmul+0xa>)
10003cb4:	6614      	str	r4, [r2, #96]	@ 0x60
10003cb6:	6655      	str	r5, [r2, #100]	@ 0x64
10003cb8:	6757      	str	r7, [r2, #116]	@ 0x74
10003cba:	6716      	str	r6, [r2, #112]	@ 0x70
10003cbc:	bdf0      	pop	{r4, r5, r6, r7, pc}

10003cbe <__wrap___aeabi_fmul>:
10003cbe:	4b01      	ldr	r3, [pc, #4]	@ (10003cc4 <__wrap___aeabi_fmul+0x6>)
10003cc0:	689b      	ldr	r3, [r3, #8]
10003cc2:	4718      	bx	r3
10003cc4:	20001388 	.word	0x20001388
10003cc8:	d0000000 	.word	0xd0000000

10003ccc <__wrap___aeabi_ui2f>:
10003ccc:	1a49      	subs	r1, r1, r1
10003cce:	2800      	cmp	r0, #0
10003cd0:	d108      	bne.n	10003ce4 <__aeabi_i2f_main>
10003cd2:	4608      	mov	r0, r1
10003cd4:	4770      	bx	lr
	...

10003cd8 <__wrap___aeabi_i2f>:
10003cd8:	0fc1      	lsrs	r1, r0, #31
10003cda:	07c9      	lsls	r1, r1, #31
10003cdc:	d500      	bpl.n	10003ce0 <__wrap___aeabi_i2f+0x8>
10003cde:	4240      	negs	r0, r0
10003ce0:	2800      	cmp	r0, #0
10003ce2:	d017      	beq.n	10003d14 <__aeabi_i2f_main+0x30>

10003ce4 <__aeabi_i2f_main>:
10003ce4:	46f4      	mov	ip, lr
10003ce6:	b403      	push	{r0, r1}
10003ce8:	4b0b      	ldr	r3, [pc, #44]	@ (10003d18 <__aeabi_i2f_main+0x34>)
10003cea:	681b      	ldr	r3, [r3, #0]
10003cec:	4798      	blx	r3
10003cee:	bc06      	pop	{r1, r2}
10003cf0:	4081      	lsls	r1, r0
10003cf2:	389e      	subs	r0, #158	@ 0x9e
10003cf4:	4240      	negs	r0, r0
10003cf6:	3180      	adds	r1, #128	@ 0x80
10003cf8:	d207      	bcs.n	10003d0a <__aeabi_i2f_main+0x26>
10003cfa:	060b      	lsls	r3, r1, #24
10003cfc:	d007      	beq.n	10003d0e <__aeabi_i2f_main+0x2a>
10003cfe:	0049      	lsls	r1, r1, #1
10003d00:	0a49      	lsrs	r1, r1, #9
10003d02:	05c0      	lsls	r0, r0, #23
10003d04:	4310      	orrs	r0, r2
10003d06:	4308      	orrs	r0, r1
10003d08:	4760      	bx	ip
10003d0a:	3001      	adds	r0, #1
10003d0c:	e7f8      	b.n	10003d00 <__aeabi_i2f_main+0x1c>
10003d0e:	0a49      	lsrs	r1, r1, #9
10003d10:	0289      	lsls	r1, r1, #10
10003d12:	e7f5      	b.n	10003d00 <__aeabi_i2f_main+0x1c>
10003d14:	4770      	bx	lr
10003d16:	0000      	.short	0x0000
10003d18:	20002004 	.word	0x20002004
10003d1c:	4a05      	ldr	r2, [pc, #20]	@ (10003d34 <__wrap___aeabi_ul2f+0x14>)
10003d1e:	4710      	bx	r2

10003d20 <__wrap___aeabi_ul2f>:
10003d20:	2900      	cmp	r1, #0
10003d22:	d0fb      	beq.n	10003d1c <__aeabi_i2f_main+0x38>
10003d24:	4b04      	ldr	r3, [pc, #16]	@ (10003d38 <__wrap___aeabi_ul2f+0x18>)
10003d26:	6e5b      	ldr	r3, [r3, #100]	@ 0x64
10003d28:	46fc      	mov	ip, pc
10003d2a:	4718      	bx	r3
10003d2c:	3de1df64 	.word	0x3de1df64
10003d30:	00001000 	.word	0x00001000
10003d34:	10003ccd 	.word	0x10003ccd
10003d38:	20001388 	.word	0x20001388

10003d3c <__wrap___aeabi_f2d>:
10003d3c:	4b03      	ldr	r3, [pc, #12]	@ (10003d4c <__wrap___aeabi_f2d+0x10>)
10003d3e:	6fdb      	ldr	r3, [r3, #124]	@ 0x7c
10003d40:	46fc      	mov	ip, pc
10003d42:	4718      	bx	r3
10003d44:	3e25df7c 	.word	0x3e25df7c
10003d48:	00001000 	.word	0x00001000
10003d4c:	20001388 	.word	0x20001388

10003d50 <__aeabi_float_init>:
10003d50:	2313      	movs	r3, #19
10003d52:	b510      	push	{r4, lr}
10003d54:	4812      	ldr	r0, [pc, #72]	@ (10003da0 <__aeabi_float_init+0x50>)
10003d56:	781c      	ldrb	r4, [r3, #0]
10003d58:	f7fe ffb2 	bl	10002cc0 <rom_data_lookup>
10003d5c:	0001      	movs	r1, r0
10003d5e:	2c01      	cmp	r4, #1
10003d60:	d00a      	beq.n	10003d78 <__aeabi_float_init+0x28>
10003d62:	dd03      	ble.n	10003d6c <__aeabi_float_init+0x1c>
10003d64:	2280      	movs	r2, #128	@ 0x80
10003d66:	480f      	ldr	r0, [pc, #60]	@ (10003da4 <__aeabi_float_init+0x54>)
10003d68:	f000 f882 	bl	10003e70 <__wrap___aeabi_memcpy>
10003d6c:	480e      	ldr	r0, [pc, #56]	@ (10003da8 <__aeabi_float_init+0x58>)
10003d6e:	f7fe ff9f 	bl	10002cb0 <rom_func_lookup>
10003d72:	4b0e      	ldr	r3, [pc, #56]	@ (10003dac <__aeabi_float_init+0x5c>)
10003d74:	6018      	str	r0, [r3, #0]
10003d76:	bd10      	pop	{r4, pc}
10003d78:	4c0a      	ldr	r4, [pc, #40]	@ (10003da4 <__aeabi_float_init+0x54>)
10003d7a:	2254      	movs	r2, #84	@ 0x54
10003d7c:	0020      	movs	r0, r4
10003d7e:	f000 f877 	bl	10003e70 <__wrap___aeabi_memcpy>
10003d82:	4b0b      	ldr	r3, [pc, #44]	@ (10003db0 <__aeabi_float_init+0x60>)
10003d84:	6563      	str	r3, [r4, #84]	@ 0x54
10003d86:	65a3      	str	r3, [r4, #88]	@ 0x58
10003d88:	65e3      	str	r3, [r4, #92]	@ 0x5c
10003d8a:	6623      	str	r3, [r4, #96]	@ 0x60
10003d8c:	6663      	str	r3, [r4, #100]	@ 0x64
10003d8e:	66a3      	str	r3, [r4, #104]	@ 0x68
10003d90:	66e3      	str	r3, [r4, #108]	@ 0x6c
10003d92:	6723      	str	r3, [r4, #112]	@ 0x70
10003d94:	6763      	str	r3, [r4, #116]	@ 0x74
10003d96:	67a3      	str	r3, [r4, #120]	@ 0x78
10003d98:	67e3      	str	r3, [r4, #124]	@ 0x7c
10003d9a:	6223      	str	r3, [r4, #32]
10003d9c:	61e3      	str	r3, [r4, #28]
10003d9e:	e7e5      	b.n	10003d6c <__aeabi_float_init+0x1c>
10003da0:	00004653 	.word	0x00004653
10003da4:	20001388 	.word	0x20001388
10003da8:	0000334c 	.word	0x0000334c
10003dac:	20002004 	.word	0x20002004
10003db0:	10003db5 	.word	0x10003db5

10003db4 <float_table_shim_on_use_helper>:
10003db4:	b507      	push	{r0, r1, r2, lr}
10003db6:	4660      	mov	r0, ip
10003db8:	8801      	ldrh	r1, [r0, #0]
10003dba:	0a0a      	lsrs	r2, r1, #8
10003dbc:	3002      	adds	r0, #2
10003dbe:	2adf      	cmp	r2, #223	@ 0xdf
10003dc0:	d1fa      	bne.n	10003db8 <float_table_shim_on_use_helper+0x4>
10003dc2:	b2c9      	uxtb	r1, r1
10003dc4:	0882      	lsrs	r2, r0, #2
10003dc6:	d304      	bcc.n	10003dd2 <float_table_shim_on_use_helper+0x1e>
10003dc8:	8802      	ldrh	r2, [r0, #0]
10003dca:	8840      	ldrh	r0, [r0, #2]
10003dcc:	0400      	lsls	r0, r0, #16
10003dce:	4310      	orrs	r0, r2
10003dd0:	e000      	b.n	10003dd4 <float_table_shim_on_use_helper+0x20>
10003dd2:	6800      	ldr	r0, [r0, #0]
10003dd4:	4a01      	ldr	r2, [pc, #4]	@ (10003ddc <float_table_shim_on_use_helper+0x28>)
10003dd6:	5050      	str	r0, [r2, r1]
10003dd8:	9003      	str	r0, [sp, #12]
10003dda:	bd07      	pop	{r0, r1, r2, pc}
10003ddc:	20001388 	.word	0x20001388

10003de0 <uint642float_shim>:
10003de0:	2200      	movs	r2, #0

10003de2 <ufix642float_shim>:
10003de2:	b530      	push	{r4, r5, lr}
10003de4:	2900      	cmp	r1, #0
10003de6:	d506      	bpl.n	10003df6 <fix642float_shim+0x2>
10003de8:	07cd      	lsls	r5, r1, #31
10003dea:	4305      	orrs	r5, r0
10003dec:	0848      	lsrs	r0, r1, #1
10003dee:	3a01      	subs	r2, #1
10003df0:	e010      	b.n	10003e14 <fix642float_shim+0x20>

10003df2 <int642float_shim>:
10003df2:	2200      	movs	r2, #0

10003df4 <fix642float_shim>:
10003df4:	b530      	push	{r4, r5, lr}
10003df6:	0005      	movs	r5, r0
10003df8:	430d      	orrs	r5, r1
10003dfa:	d00f      	beq.n	10003e1c <ret_pop45>
10003dfc:	17cd      	asrs	r5, r1, #31
10003dfe:	160c      	asrs	r4, r1, #24
10003e00:	42ac      	cmp	r4, r5
10003e02:	d105      	bne.n	10003e10 <fix642float_shim+0x1c>
10003e04:	01c9      	lsls	r1, r1, #7
10003e06:	0e44      	lsrs	r4, r0, #25
10003e08:	4321      	orrs	r1, r4
10003e0a:	01c0      	lsls	r0, r0, #7
10003e0c:	3207      	adds	r2, #7
10003e0e:	e7f6      	b.n	10003dfe <fix642float_shim+0xa>
10003e10:	0005      	movs	r5, r0
10003e12:	0008      	movs	r0, r1
10003e14:	4252      	negs	r2, r2
10003e16:	323d      	adds	r2, #61	@ 0x3d
10003e18:	4901      	ldr	r1, [pc, #4]	@ (10003e20 <ret_pop45+0x4>)
10003e1a:	4788      	blx	r1

10003e1c <ret_pop45>:
10003e1c:	bd30      	pop	{r4, r5, pc}
10003e1e:	0000      	.short	0x0000
10003e20:	000029ef 	.word	0x000029ef

10003e24 <float2double_shim>:
10003e24:	0fc3      	lsrs	r3, r0, #31
10003e26:	07db      	lsls	r3, r3, #31
10003e28:	0041      	lsls	r1, r0, #1
10003e2a:	0e0a      	lsrs	r2, r1, #24
10003e2c:	d007      	beq.n	10003e3e <float2double_shim+0x1a>
10003e2e:	2aff      	cmp	r2, #255	@ 0xff
10003e30:	d008      	beq.n	10003e44 <float2double_shim+0x20>
10003e32:	0909      	lsrs	r1, r1, #4
10003e34:	4a05      	ldr	r2, [pc, #20]	@ (10003e4c <float2double_shim+0x28>)
10003e36:	1889      	adds	r1, r1, r2
10003e38:	4319      	orrs	r1, r3
10003e3a:	0740      	lsls	r0, r0, #29
10003e3c:	4770      	bx	lr
10003e3e:	0019      	movs	r1, r3
10003e40:	2000      	movs	r0, #0
10003e42:	4770      	bx	lr
10003e44:	4902      	ldr	r1, [pc, #8]	@ (10003e50 <float2double_shim+0x2c>)
10003e46:	18c9      	adds	r1, r1, r3
10003e48:	e7fa      	b.n	10003e40 <float2double_shim+0x1c>
10003e4a:	0000      	.short	0x0000
10003e4c:	38000000 	.word	0x38000000
10003e50:	7ff00000 	.word	0x7ff00000

10003e54 <__aeabi_mem_init>:
10003e54:	4801      	ldr	r0, [pc, #4]	@ (10003e5c <__aeabi_mem_init+0x8>)
10003e56:	2104      	movs	r1, #4
10003e58:	4b01      	ldr	r3, [pc, #4]	@ (10003e60 <__aeabi_mem_init+0xc>)
10003e5a:	4718      	bx	r3
10003e5c:	20001060 	.word	0x20001060
10003e60:	10002cd1 	.word	0x10002cd1

10003e64 <__wrap_memset>:
10003e64:	4b01      	ldr	r3, [pc, #4]	@ (10003e6c <__wrap_memset+0x8>)
10003e66:	681b      	ldr	r3, [r3, #0]
10003e68:	4718      	bx	r3
10003e6a:	0000      	.short	0x0000
10003e6c:	20001060 	.word	0x20001060

10003e70 <__wrap___aeabi_memcpy>:
10003e70:	4b01      	ldr	r3, [pc, #4]	@ (10003e78 <__wrap___aeabi_memcpy+0x8>)
10003e72:	685b      	ldr	r3, [r3, #4]
10003e74:	4718      	bx	r3
10003e76:	0000      	.short	0x0000
10003e78:	20001060 	.word	0x20001060

10003e7c <_out_buffer>:
10003e7c:	429a      	cmp	r2, r3
10003e7e:	d200      	bcs.n	10003e82 <_out_buffer+0x6>
10003e80:	5488      	strb	r0, [r1, r2]
10003e82:	4770      	bx	lr

10003e84 <_out_null>:
10003e84:	4770      	bx	lr
10003e86:	46c0      	nop			@ (mov r8, r8)

10003e88 <_out_rev>:
10003e88:	b5f8      	push	{r3, r4, r5, r6, r7, lr}
10003e8a:	4657      	mov	r7, sl
10003e8c:	46de      	mov	lr, fp
10003e8e:	464e      	mov	r6, r9
10003e90:	4645      	mov	r5, r8
10003e92:	b5e0      	push	{r5, r6, r7, lr}
10003e94:	4699      	mov	r9, r3
10003e96:	9b0a      	ldr	r3, [sp, #40]	@ 0x28
10003e98:	0007      	movs	r7, r0
10003e9a:	469a      	mov	sl, r3
10003e9c:	9b0d      	ldr	r3, [sp, #52]	@ 0x34
10003e9e:	4688      	mov	r8, r1
10003ea0:	4693      	mov	fp, r2
10003ea2:	9c0b      	ldr	r4, [sp, #44]	@ 0x2c
10003ea4:	079b      	lsls	r3, r3, #30
10003ea6:	d13b      	bne.n	10003f20 <_out_rev+0x98>
10003ea8:	9b0c      	ldr	r3, [sp, #48]	@ 0x30
10003eaa:	429c      	cmp	r4, r3
10003eac:	d23d      	bcs.n	10003f2a <_out_rev+0xa2>
10003eae:	1b1e      	subs	r6, r3, r4
10003eb0:	940b      	str	r4, [sp, #44]	@ 0x2c
10003eb2:	0015      	movs	r5, r2
10003eb4:	000c      	movs	r4, r1
10003eb6:	445e      	add	r6, fp
10003eb8:	002a      	movs	r2, r5
10003eba:	464b      	mov	r3, r9
10003ebc:	3501      	adds	r5, #1
10003ebe:	0021      	movs	r1, r4
10003ec0:	2020      	movs	r0, #32
10003ec2:	47b8      	blx	r7
10003ec4:	42b5      	cmp	r5, r6
10003ec6:	d1f7      	bne.n	10003eb8 <_out_rev+0x30>
10003ec8:	46a0      	mov	r8, r4
10003eca:	9c0b      	ldr	r4, [sp, #44]	@ 0x2c
10003ecc:	2c00      	cmp	r4, #0
10003ece:	d020      	beq.n	10003f12 <_out_rev+0x8a>
10003ed0:	4645      	mov	r5, r8
10003ed2:	1936      	adds	r6, r6, r4
10003ed4:	4653      	mov	r3, sl
10003ed6:	1b32      	subs	r2, r6, r4
10003ed8:	3c01      	subs	r4, #1
10003eda:	5d18      	ldrb	r0, [r3, r4]
10003edc:	0029      	movs	r1, r5
10003ede:	464b      	mov	r3, r9
10003ee0:	47b8      	blx	r7
10003ee2:	2c00      	cmp	r4, #0
10003ee4:	d1f6      	bne.n	10003ed4 <_out_rev+0x4c>
10003ee6:	002b      	movs	r3, r5
10003ee8:	0035      	movs	r5, r6
10003eea:	4698      	mov	r8, r3
10003eec:	9b0d      	ldr	r3, [sp, #52]	@ 0x34
10003eee:	079b      	lsls	r3, r3, #30
10003ef0:	d50f      	bpl.n	10003f12 <_out_rev+0x8a>
10003ef2:	465b      	mov	r3, fp
10003ef4:	1aec      	subs	r4, r5, r3
10003ef6:	9b0c      	ldr	r3, [sp, #48]	@ 0x30
10003ef8:	42a3      	cmp	r3, r4
10003efa:	d90a      	bls.n	10003f12 <_out_rev+0x8a>
10003efc:	4646      	mov	r6, r8
10003efe:	4698      	mov	r8, r3
10003f00:	002a      	movs	r2, r5
10003f02:	464b      	mov	r3, r9
10003f04:	0031      	movs	r1, r6
10003f06:	2020      	movs	r0, #32
10003f08:	3401      	adds	r4, #1
10003f0a:	47b8      	blx	r7
10003f0c:	3501      	adds	r5, #1
10003f0e:	4544      	cmp	r4, r8
10003f10:	d3f6      	bcc.n	10003f00 <_out_rev+0x78>
10003f12:	0028      	movs	r0, r5
10003f14:	bcf0      	pop	{r4, r5, r6, r7}
10003f16:	46bb      	mov	fp, r7
10003f18:	46b2      	mov	sl, r6
10003f1a:	46a9      	mov	r9, r5
10003f1c:	46a0      	mov	r8, r4
10003f1e:	bdf8      	pop	{r3, r4, r5, r6, r7, pc}
10003f20:	0016      	movs	r6, r2
10003f22:	0015      	movs	r5, r2
10003f24:	2c00      	cmp	r4, #0
10003f26:	d1d3      	bne.n	10003ed0 <_out_rev+0x48>
10003f28:	e7e0      	b.n	10003eec <_out_rev+0x64>
10003f2a:	0016      	movs	r6, r2
10003f2c:	0015      	movs	r5, r2
10003f2e:	2c00      	cmp	r4, #0
10003f30:	d1ce      	bne.n	10003ed0 <_out_rev+0x48>
10003f32:	e7ee      	b.n	10003f12 <_out_rev+0x8a>

10003f34 <_ntoa_format>:
10003f34:	b5f0      	push	{r4, r5, r6, r7, lr}
10003f36:	4645      	mov	r5, r8
10003f38:	46de      	mov	lr, fp
10003f3a:	4657      	mov	r7, sl
10003f3c:	464e      	mov	r6, r9
10003f3e:	b5e0      	push	{r5, r6, r7, lr}
10003f40:	b085      	sub	sp, #20
10003f42:	469c      	mov	ip, r3
10003f44:	ab10      	add	r3, sp, #64	@ 0x40
10003f46:	781b      	ldrb	r3, [r3, #0]
10003f48:	9f14      	ldr	r7, [sp, #80]	@ 0x50
10003f4a:	4693      	mov	fp, r2
10003f4c:	4698      	mov	r8, r3
10003f4e:	9c0f      	ldr	r4, [sp, #60]	@ 0x3c
10003f50:	9e12      	ldr	r6, [sp, #72]	@ 0x48
10003f52:	9d13      	ldr	r5, [sp, #76]	@ 0x4c
10003f54:	07bb      	lsls	r3, r7, #30
10003f56:	d44c      	bmi.n	10003ff2 <_ntoa_format+0xbe>
10003f58:	2d00      	cmp	r5, #0
10003f5a:	d142      	bne.n	10003fe2 <_ntoa_format+0xae>
10003f5c:	42b4      	cmp	r4, r6
10003f5e:	d248      	bcs.n	10003ff2 <_ntoa_format+0xbe>
10003f60:	2301      	movs	r3, #1
10003f62:	403b      	ands	r3, r7
10003f64:	4699      	mov	r9, r3
10003f66:	9b0e      	ldr	r3, [sp, #56]	@ 0x38
10003f68:	3b01      	subs	r3, #1
10003f6a:	469a      	mov	sl, r3
10003f6c:	2330      	movs	r3, #48	@ 0x30
10003f6e:	e004      	b.n	10003f7a <_ntoa_format+0x46>
10003f70:	4652      	mov	r2, sl
10003f72:	3401      	adds	r4, #1
10003f74:	5513      	strb	r3, [r2, r4]
10003f76:	42a6      	cmp	r6, r4
10003f78:	d901      	bls.n	10003f7e <_ntoa_format+0x4a>
10003f7a:	2c20      	cmp	r4, #32
10003f7c:	d1f8      	bne.n	10003f70 <_ntoa_format+0x3c>
10003f7e:	464b      	mov	r3, r9
10003f80:	2b00      	cmp	r3, #0
10003f82:	d100      	bne.n	10003f86 <_ntoa_format+0x52>
10003f84:	e083      	b.n	1000408e <_ntoa_format+0x15a>
10003f86:	9b0e      	ldr	r3, [sp, #56]	@ 0x38
10003f88:	3b01      	subs	r3, #1
10003f8a:	4699      	mov	r9, r3
10003f8c:	2330      	movs	r3, #48	@ 0x30
10003f8e:	42a5      	cmp	r5, r4
10003f90:	d805      	bhi.n	10003f9e <_ntoa_format+0x6a>
10003f92:	e02e      	b.n	10003ff2 <_ntoa_format+0xbe>
10003f94:	464a      	mov	r2, r9
10003f96:	3401      	adds	r4, #1
10003f98:	5513      	strb	r3, [r2, r4]
10003f9a:	42ac      	cmp	r4, r5
10003f9c:	d029      	beq.n	10003ff2 <_ntoa_format+0xbe>
10003f9e:	2c20      	cmp	r4, #32
10003fa0:	d1f8      	bne.n	10003f94 <_ntoa_format+0x60>
10003fa2:	06fb      	lsls	r3, r7, #27
10003fa4:	d50c      	bpl.n	10003fc0 <_ntoa_format+0x8c>
10003fa6:	057b      	lsls	r3, r7, #21
10003fa8:	d454      	bmi.n	10004054 <_ntoa_format+0x120>
10003faa:	42a6      	cmp	r6, r4
10003fac:	d063      	beq.n	10004076 <_ntoa_format+0x142>
10003fae:	42a5      	cmp	r5, r4
10003fb0:	d061      	beq.n	10004076 <_ntoa_format+0x142>
10003fb2:	9b11      	ldr	r3, [sp, #68]	@ 0x44
10003fb4:	2b10      	cmp	r3, #16
10003fb6:	d050      	beq.n	1000405a <_ntoa_format+0x126>
10003fb8:	2b02      	cmp	r3, #2
10003fba:	d057      	beq.n	1000406c <_ntoa_format+0x138>
10003fbc:	2c20      	cmp	r4, #32
10003fbe:	d132      	bne.n	10004026 <_ntoa_format+0xf2>
10003fc0:	2320      	movs	r3, #32
10003fc2:	9301      	str	r3, [sp, #4]
10003fc4:	9b0e      	ldr	r3, [sp, #56]	@ 0x38
10003fc6:	465a      	mov	r2, fp
10003fc8:	9300      	str	r3, [sp, #0]
10003fca:	9703      	str	r7, [sp, #12]
10003fcc:	4663      	mov	r3, ip
10003fce:	9502      	str	r5, [sp, #8]
10003fd0:	f7ff ff5a 	bl	10003e88 <_out_rev>
10003fd4:	b005      	add	sp, #20
10003fd6:	bcf0      	pop	{r4, r5, r6, r7}
10003fd8:	46bb      	mov	fp, r7
10003fda:	46b2      	mov	sl, r6
10003fdc:	46a9      	mov	r9, r5
10003fde:	46a0      	mov	r8, r4
10003fe0:	bdf0      	pop	{r4, r5, r6, r7, pc}
10003fe2:	2301      	movs	r3, #1
10003fe4:	403b      	ands	r3, r7
10003fe6:	4699      	mov	r9, r3
10003fe8:	2301      	movs	r3, #1
10003fea:	423b      	tst	r3, r7
10003fec:	d12a      	bne.n	10004044 <_ntoa_format+0x110>
10003fee:	42b4      	cmp	r4, r6
10003ff0:	d3b9      	bcc.n	10003f66 <_ntoa_format+0x32>
10003ff2:	06fb      	lsls	r3, r7, #27
10003ff4:	d51c      	bpl.n	10004030 <_ntoa_format+0xfc>
10003ff6:	057b      	lsls	r3, r7, #21
10003ff8:	d4db      	bmi.n	10003fb2 <_ntoa_format+0x7e>
10003ffa:	2c00      	cmp	r4, #0
10003ffc:	d1d5      	bne.n	10003faa <_ntoa_format+0x76>
10003ffe:	9b11      	ldr	r3, [sp, #68]	@ 0x44
10004000:	2b10      	cmp	r3, #16
10004002:	d05b      	beq.n	100040bc <_ntoa_format+0x188>
10004004:	9b11      	ldr	r3, [sp, #68]	@ 0x44
10004006:	2b02      	cmp	r3, #2
10004008:	d06b      	beq.n	100040e2 <_ntoa_format+0x1ae>
1000400a:	2330      	movs	r3, #48	@ 0x30
1000400c:	2401      	movs	r4, #1
1000400e:	9a0e      	ldr	r2, [sp, #56]	@ 0x38
10004010:	7013      	strb	r3, [r2, #0]
10004012:	4643      	mov	r3, r8
10004014:	2b00      	cmp	r3, #0
10004016:	d110      	bne.n	1000403a <_ntoa_format+0x106>
10004018:	077b      	lsls	r3, r7, #29
1000401a:	d53e      	bpl.n	1000409a <_ntoa_format+0x166>
1000401c:	262b      	movs	r6, #43	@ 0x2b
1000401e:	9a0e      	ldr	r2, [sp, #56]	@ 0x38
10004020:	1c63      	adds	r3, r4, #1
10004022:	5516      	strb	r6, [r2, r4]
10004024:	e7cd      	b.n	10003fc2 <_ntoa_format+0x8e>
10004026:	0023      	movs	r3, r4
10004028:	3401      	adds	r4, #1
1000402a:	2630      	movs	r6, #48	@ 0x30
1000402c:	9a0e      	ldr	r2, [sp, #56]	@ 0x38
1000402e:	54d6      	strb	r6, [r2, r3]
10004030:	2c20      	cmp	r4, #32
10004032:	d0c5      	beq.n	10003fc0 <_ntoa_format+0x8c>
10004034:	4643      	mov	r3, r8
10004036:	2b00      	cmp	r3, #0
10004038:	d0ee      	beq.n	10004018 <_ntoa_format+0xe4>
1000403a:	262d      	movs	r6, #45	@ 0x2d
1000403c:	9a0e      	ldr	r2, [sp, #56]	@ 0x38
1000403e:	1c63      	adds	r3, r4, #1
10004040:	5516      	strb	r6, [r2, r4]
10004042:	e7be      	b.n	10003fc2 <_ntoa_format+0x8e>
10004044:	4643      	mov	r3, r8
10004046:	2b00      	cmp	r3, #0
10004048:	d02f      	beq.n	100040aa <_ntoa_format+0x176>
1000404a:	3d01      	subs	r5, #1
1000404c:	42b4      	cmp	r4, r6
1000404e:	d200      	bcs.n	10004052 <_ntoa_format+0x11e>
10004050:	e789      	b.n	10003f66 <_ntoa_format+0x32>
10004052:	e798      	b.n	10003f86 <_ntoa_format+0x52>
10004054:	9b11      	ldr	r3, [sp, #68]	@ 0x44
10004056:	2b10      	cmp	r3, #16
10004058:	d1b2      	bne.n	10003fc0 <_ntoa_format+0x8c>
1000405a:	06bb      	lsls	r3, r7, #26
1000405c:	d537      	bpl.n	100040ce <_ntoa_format+0x19a>
1000405e:	2c20      	cmp	r4, #32
10004060:	d0ae      	beq.n	10003fc0 <_ntoa_format+0x8c>
10004062:	2358      	movs	r3, #88	@ 0x58
10004064:	9a0e      	ldr	r2, [sp, #56]	@ 0x38
10004066:	5513      	strb	r3, [r2, r4]
10004068:	3401      	adds	r4, #1
1000406a:	e7a7      	b.n	10003fbc <_ntoa_format+0x88>
1000406c:	2c20      	cmp	r4, #32
1000406e:	d0a7      	beq.n	10003fc0 <_ntoa_format+0x8c>
10004070:	0023      	movs	r3, r4
10004072:	3401      	adds	r4, #1
10004074:	e007      	b.n	10004086 <_ntoa_format+0x152>
10004076:	1e63      	subs	r3, r4, #1
10004078:	2c01      	cmp	r4, #1
1000407a:	d0c0      	beq.n	10003ffe <_ntoa_format+0xca>
1000407c:	9a11      	ldr	r2, [sp, #68]	@ 0x44
1000407e:	2a10      	cmp	r2, #16
10004080:	d031      	beq.n	100040e6 <_ntoa_format+0x1b2>
10004082:	2a02      	cmp	r2, #2
10004084:	d1d1      	bne.n	1000402a <_ntoa_format+0xf6>
10004086:	2662      	movs	r6, #98	@ 0x62
10004088:	9a0e      	ldr	r2, [sp, #56]	@ 0x38
1000408a:	54d6      	strb	r6, [r2, r3]
1000408c:	e796      	b.n	10003fbc <_ntoa_format+0x88>
1000408e:	06fb      	lsls	r3, r7, #27
10004090:	d5ce      	bpl.n	10004030 <_ntoa_format+0xfc>
10004092:	057b      	lsls	r3, r7, #21
10004094:	d400      	bmi.n	10004098 <_ntoa_format+0x164>
10004096:	e788      	b.n	10003faa <_ntoa_format+0x76>
10004098:	e78b      	b.n	10003fb2 <_ntoa_format+0x7e>
1000409a:	0023      	movs	r3, r4
1000409c:	073e      	lsls	r6, r7, #28
1000409e:	d590      	bpl.n	10003fc2 <_ntoa_format+0x8e>
100040a0:	2620      	movs	r6, #32
100040a2:	9a0e      	ldr	r2, [sp, #56]	@ 0x38
100040a4:	3301      	adds	r3, #1
100040a6:	5516      	strb	r6, [r2, r4]
100040a8:	e78b      	b.n	10003fc2 <_ntoa_format+0x8e>
100040aa:	230c      	movs	r3, #12
100040ac:	403b      	ands	r3, r7
100040ae:	1e5a      	subs	r2, r3, #1
100040b0:	4193      	sbcs	r3, r2
100040b2:	1aed      	subs	r5, r5, r3
100040b4:	42b4      	cmp	r4, r6
100040b6:	d200      	bcs.n	100040ba <_ntoa_format+0x186>
100040b8:	e755      	b.n	10003f66 <_ntoa_format+0x32>
100040ba:	e764      	b.n	10003f86 <_ntoa_format+0x52>
100040bc:	06bb      	lsls	r3, r7, #26
100040be:	d40e      	bmi.n	100040de <_ntoa_format+0x1aa>
100040c0:	2378      	movs	r3, #120	@ 0x78
100040c2:	9a0e      	ldr	r2, [sp, #56]	@ 0x38
100040c4:	2402      	movs	r4, #2
100040c6:	7013      	strb	r3, [r2, #0]
100040c8:	2330      	movs	r3, #48	@ 0x30
100040ca:	7053      	strb	r3, [r2, #1]
100040cc:	e7a1      	b.n	10004012 <_ntoa_format+0xde>
100040ce:	2c20      	cmp	r4, #32
100040d0:	d100      	bne.n	100040d4 <_ntoa_format+0x1a0>
100040d2:	e775      	b.n	10003fc0 <_ntoa_format+0x8c>
100040d4:	2378      	movs	r3, #120	@ 0x78
100040d6:	9a0e      	ldr	r2, [sp, #56]	@ 0x38
100040d8:	5513      	strb	r3, [r2, r4]
100040da:	3401      	adds	r4, #1
100040dc:	e76e      	b.n	10003fbc <_ntoa_format+0x88>
100040de:	2358      	movs	r3, #88	@ 0x58
100040e0:	e7ef      	b.n	100040c2 <_ntoa_format+0x18e>
100040e2:	3360      	adds	r3, #96	@ 0x60
100040e4:	e7ed      	b.n	100040c2 <_ntoa_format+0x18e>
100040e6:	9a0e      	ldr	r2, [sp, #56]	@ 0x38
100040e8:	1ea6      	subs	r6, r4, #2
100040ea:	4691      	mov	r9, r2
100040ec:	444e      	add	r6, r9
100040ee:	06ba      	lsls	r2, r7, #26
100040f0:	d502      	bpl.n	100040f8 <_ntoa_format+0x1c4>
100040f2:	2258      	movs	r2, #88	@ 0x58
100040f4:	7032      	strb	r2, [r6, #0]
100040f6:	e798      	b.n	1000402a <_ntoa_format+0xf6>
100040f8:	2278      	movs	r2, #120	@ 0x78
100040fa:	7032      	strb	r2, [r6, #0]
100040fc:	e795      	b.n	1000402a <_ntoa_format+0xf6>
100040fe:	46c0      	nop			@ (mov r8, r8)

10004100 <_out_char>:
10004100:	b510      	push	{r4, lr}
10004102:	2800      	cmp	r0, #0
10004104:	d100      	bne.n	10004108 <_out_char+0x8>
10004106:	bd10      	pop	{r4, pc}
10004108:	f001 fc92 	bl	10005a30 <__wrap_putchar>
1000410c:	e7fb      	b.n	10004106 <_out_char+0x6>
1000410e:	46c0      	nop			@ (mov r8, r8)

10004110 <_out_fct>:
10004110:	000b      	movs	r3, r1
10004112:	b510      	push	{r4, lr}
10004114:	2800      	cmp	r0, #0
10004116:	d002      	beq.n	1000411e <_out_fct+0xe>
10004118:	6849      	ldr	r1, [r1, #4]
1000411a:	681b      	ldr	r3, [r3, #0]
1000411c:	4798      	blx	r3
1000411e:	bd10      	pop	{r4, pc}

10004120 <_ftoa>:
10004120:	b5f0      	push	{r4, r5, r6, r7, lr}
10004122:	4657      	mov	r7, sl
10004124:	46de      	mov	lr, fp
10004126:	464e      	mov	r6, r9
10004128:	4645      	mov	r5, r8
1000412a:	b5e0      	push	{r5, r6, r7, lr}
1000412c:	b095      	sub	sp, #84	@ 0x54
1000412e:	4683      	mov	fp, r0
10004130:	000f      	movs	r7, r1
10004132:	4692      	mov	sl, r2
10004134:	4698      	mov	r8, r3
10004136:	9a1e      	ldr	r2, [sp, #120]	@ 0x78
10004138:	9b1f      	ldr	r3, [sp, #124]	@ 0x7c
1000413a:	0010      	movs	r0, r2
1000413c:	0019      	movs	r1, r3
1000413e:	9e20      	ldr	r6, [sp, #128]	@ 0x80
10004140:	f7ff fa2b 	bl	1000359a <__wrap___aeabi_dcmpun>
10004144:	2800      	cmp	r0, #0
10004146:	d000      	beq.n	1000414a <_ftoa+0x2a>
10004148:	e1ea      	b.n	10004520 <_ftoa+0x400>
1000414a:	981e      	ldr	r0, [sp, #120]	@ 0x78
1000414c:	991f      	ldr	r1, [sp, #124]	@ 0x7c
1000414e:	2201      	movs	r2, #1
10004150:	4bc5      	ldr	r3, [pc, #788]	@ (10004468 <_ftoa+0x348>)
10004152:	4252      	negs	r2, r2
10004154:	f7ff fa06 	bl	10003564 <__wrap___aeabi_dcmplt>
10004158:	2800      	cmp	r0, #0
1000415a:	d000      	beq.n	1000415e <_ftoa+0x3e>
1000415c:	e114      	b.n	10004388 <_ftoa+0x268>
1000415e:	981e      	ldr	r0, [sp, #120]	@ 0x78
10004160:	991f      	ldr	r1, [sp, #124]	@ 0x7c
10004162:	2201      	movs	r2, #1
10004164:	4bc1      	ldr	r3, [pc, #772]	@ (1000446c <_ftoa+0x34c>)
10004166:	4252      	negs	r2, r2
10004168:	f7ff fa12 	bl	10003590 <__wrap___aeabi_dcmpgt>
1000416c:	2800      	cmp	r0, #0
1000416e:	d000      	beq.n	10004172 <_ftoa+0x52>
10004170:	e0e9      	b.n	10004346 <_ftoa+0x226>
10004172:	981e      	ldr	r0, [sp, #120]	@ 0x78
10004174:	991f      	ldr	r1, [sp, #124]	@ 0x7c
10004176:	2200      	movs	r2, #0
10004178:	4bbd      	ldr	r3, [pc, #756]	@ (10004470 <_ftoa+0x350>)
1000417a:	f7ff fa09 	bl	10003590 <__wrap___aeabi_dcmpgt>
1000417e:	2800      	cmp	r0, #0
10004180:	d000      	beq.n	10004184 <_ftoa+0x64>
10004182:	e0c8      	b.n	10004316 <_ftoa+0x1f6>
10004184:	981e      	ldr	r0, [sp, #120]	@ 0x78
10004186:	991f      	ldr	r1, [sp, #124]	@ 0x7c
10004188:	2200      	movs	r2, #0
1000418a:	4bba      	ldr	r3, [pc, #744]	@ (10004474 <_ftoa+0x354>)
1000418c:	f7ff f9ea 	bl	10003564 <__wrap___aeabi_dcmplt>
10004190:	2800      	cmp	r0, #0
10004192:	d000      	beq.n	10004196 <_ftoa+0x76>
10004194:	e0bf      	b.n	10004316 <_ftoa+0x1f6>
10004196:	981e      	ldr	r0, [sp, #120]	@ 0x78
10004198:	991f      	ldr	r1, [sp, #124]	@ 0x7c
1000419a:	2200      	movs	r2, #0
1000419c:	2300      	movs	r3, #0
1000419e:	f7ff f9e1 	bl	10003564 <__wrap___aeabi_dcmplt>
100041a2:	2800      	cmp	r0, #0
100041a4:	d000      	beq.n	100041a8 <_ftoa+0x88>
100041a6:	e0e4      	b.n	10004372 <_ftoa+0x252>
100041a8:	2300      	movs	r3, #0
100041aa:	930b      	str	r3, [sp, #44]	@ 0x2c
100041ac:	9b22      	ldr	r3, [sp, #136]	@ 0x88
100041ae:	055b      	lsls	r3, r3, #21
100041b0:	d400      	bmi.n	100041b4 <_ftoa+0x94>
100041b2:	2606      	movs	r6, #6
100041b4:	2400      	movs	r4, #0
100041b6:	2330      	movs	r3, #48	@ 0x30
100041b8:	e007      	b.n	100041ca <_ftoa+0xaa>
100041ba:	2117      	movs	r1, #23
100041bc:	aa06      	add	r2, sp, #24
100041be:	3401      	adds	r4, #1
100041c0:	1852      	adds	r2, r2, r1
100041c2:	5513      	strb	r3, [r2, r4]
100041c4:	3e01      	subs	r6, #1
100041c6:	2c20      	cmp	r4, #32
100041c8:	d001      	beq.n	100041ce <_ftoa+0xae>
100041ca:	2e09      	cmp	r6, #9
100041cc:	d8f5      	bhi.n	100041ba <_ftoa+0x9a>
100041ce:	981e      	ldr	r0, [sp, #120]	@ 0x78
100041d0:	991f      	ldr	r1, [sp, #124]	@ 0x7c
100041d2:	f7ff fa0b 	bl	100035ec <__wrap___aeabi_d2iz>
100041d6:	4ba8      	ldr	r3, [pc, #672]	@ (10004478 <_ftoa+0x358>)
100041d8:	00f2      	lsls	r2, r6, #3
100041da:	189b      	adds	r3, r3, r2
100041dc:	681a      	ldr	r2, [r3, #0]
100041de:	685b      	ldr	r3, [r3, #4]
100041e0:	0005      	movs	r5, r0
100041e2:	9208      	str	r2, [sp, #32]
100041e4:	9309      	str	r3, [sp, #36]	@ 0x24
100041e6:	f7ff f9e9 	bl	100035bc <__wrap___aeabi_i2d>
100041ea:	0002      	movs	r2, r0
100041ec:	000b      	movs	r3, r1
100041ee:	981e      	ldr	r0, [sp, #120]	@ 0x78
100041f0:	991f      	ldr	r1, [sp, #124]	@ 0x7c
100041f2:	f7ff f944 	bl	1000347e <__wrap___aeabi_dsub>
100041f6:	9a08      	ldr	r2, [sp, #32]
100041f8:	9b09      	ldr	r3, [sp, #36]	@ 0x24
100041fa:	f7ff f970 	bl	100034de <__wrap___aeabi_dmul>
100041fe:	9006      	str	r0, [sp, #24]
10004200:	9107      	str	r1, [sp, #28]
10004202:	f7ff fa17 	bl	10003634 <__wrap___aeabi_d2uiz>
10004206:	4681      	mov	r9, r0
10004208:	f7ff f9d4 	bl	100035b4 <__wrap___aeabi_ui2d>
1000420c:	0002      	movs	r2, r0
1000420e:	000b      	movs	r3, r1
10004210:	9806      	ldr	r0, [sp, #24]
10004212:	9907      	ldr	r1, [sp, #28]
10004214:	f7ff f933 	bl	1000347e <__wrap___aeabi_dsub>
10004218:	2200      	movs	r2, #0
1000421a:	4b98      	ldr	r3, [pc, #608]	@ (1000447c <_ftoa+0x35c>)
1000421c:	9006      	str	r0, [sp, #24]
1000421e:	9107      	str	r1, [sp, #28]
10004220:	f7ff f9b6 	bl	10003590 <__wrap___aeabi_dcmpgt>
10004224:	2800      	cmp	r0, #0
10004226:	d100      	bne.n	1000422a <_ftoa+0x10a>
10004228:	e10d      	b.n	10004446 <_ftoa+0x326>
1000422a:	2301      	movs	r3, #1
1000422c:	469c      	mov	ip, r3
1000422e:	44e1      	add	r9, ip
10004230:	4648      	mov	r0, r9
10004232:	f7ff f9bf 	bl	100035b4 <__wrap___aeabi_ui2d>
10004236:	0002      	movs	r2, r0
10004238:	000b      	movs	r3, r1
1000423a:	9808      	ldr	r0, [sp, #32]
1000423c:	9909      	ldr	r1, [sp, #36]	@ 0x24
1000423e:	f7ff f997 	bl	10003570 <__wrap___aeabi_dcmple>
10004242:	2800      	cmp	r0, #0
10004244:	d002      	beq.n	1000424c <_ftoa+0x12c>
10004246:	2300      	movs	r3, #0
10004248:	4699      	mov	r9, r3
1000424a:	3501      	adds	r5, #1
1000424c:	2e00      	cmp	r6, #0
1000424e:	d100      	bne.n	10004252 <_ftoa+0x132>
10004250:	e0d9      	b.n	10004406 <_ftoa+0x2e6>
10004252:	9506      	str	r5, [sp, #24]
10004254:	464d      	mov	r5, r9
10004256:	46b9      	mov	r9, r7
10004258:	e014      	b.n	10004284 <_ftoa+0x164>
1000425a:	aa06      	add	r2, sp, #24
1000425c:	4694      	mov	ip, r2
1000425e:	2317      	movs	r3, #23
10004260:	210a      	movs	r1, #10
10004262:	4463      	add	r3, ip
10004264:	0028      	movs	r0, r5
10004266:	3401      	adds	r4, #1
10004268:	191f      	adds	r7, r3, r4
1000426a:	f7fe fecd 	bl	10003008 <__wrap___aeabi_uidiv>
1000426e:	3130      	adds	r1, #48	@ 0x30
10004270:	7039      	strb	r1, [r7, #0]
10004272:	0028      	movs	r0, r5
10004274:	210a      	movs	r1, #10
10004276:	3e01      	subs	r6, #1
10004278:	f7fe fec6 	bl	10003008 <__wrap___aeabi_uidiv>
1000427c:	2d09      	cmp	r5, #9
1000427e:	d800      	bhi.n	10004282 <_ftoa+0x162>
10004280:	e117      	b.n	100044b2 <_ftoa+0x392>
10004282:	0005      	movs	r5, r0
10004284:	2c20      	cmp	r4, #32
10004286:	d1e8      	bne.n	1000425a <_ftoa+0x13a>
10004288:	464f      	mov	r7, r9
1000428a:	9d06      	ldr	r5, [sp, #24]
1000428c:	2420      	movs	r4, #32
1000428e:	ae0c      	add	r6, sp, #48	@ 0x30
10004290:	aa06      	add	r2, sp, #24
10004292:	2317      	movs	r3, #23
10004294:	4694      	mov	ip, r2
10004296:	4463      	add	r3, ip
10004298:	4699      	mov	r9, r3
1000429a:	465b      	mov	r3, fp
1000429c:	46b3      	mov	fp, r6
1000429e:	9306      	str	r3, [sp, #24]
100042a0:	e00f      	b.n	100042c2 <_ftoa+0x1a2>
100042a2:	464b      	mov	r3, r9
100042a4:	0028      	movs	r0, r5
100042a6:	210a      	movs	r1, #10
100042a8:	3401      	adds	r4, #1
100042aa:	18e6      	adds	r6, r4, r3
100042ac:	f7fe fe84 	bl	10002fb8 <__wrap___aeabi_idiv>
100042b0:	3130      	adds	r1, #48	@ 0x30
100042b2:	0028      	movs	r0, r5
100042b4:	7031      	strb	r1, [r6, #0]
100042b6:	210a      	movs	r1, #10
100042b8:	f7fe fe7e 	bl	10002fb8 <__wrap___aeabi_idiv>
100042bc:	1e05      	subs	r5, r0, #0
100042be:	d100      	bne.n	100042c2 <_ftoa+0x1a2>
100042c0:	e0e4      	b.n	1000448c <_ftoa+0x36c>
100042c2:	2c20      	cmp	r4, #32
100042c4:	d1ed      	bne.n	100042a2 <_ftoa+0x182>
100042c6:	9b06      	ldr	r3, [sp, #24]
100042c8:	465e      	mov	r6, fp
100042ca:	469b      	mov	fp, r3
100042cc:	2303      	movs	r3, #3
100042ce:	9a22      	ldr	r2, [sp, #136]	@ 0x88
100042d0:	4013      	ands	r3, r2
100042d2:	2b01      	cmp	r3, #1
100042d4:	d118      	bne.n	10004308 <_ftoa+0x1e8>
100042d6:	9b21      	ldr	r3, [sp, #132]	@ 0x84
100042d8:	2b00      	cmp	r3, #0
100042da:	d015      	beq.n	10004308 <_ftoa+0x1e8>
100042dc:	9b0b      	ldr	r3, [sp, #44]	@ 0x2c
100042de:	2b00      	cmp	r3, #0
100042e0:	d100      	bne.n	100042e4 <_ftoa+0x1c4>
100042e2:	e0fd      	b.n	100044e0 <_ftoa+0x3c0>
100042e4:	9b21      	ldr	r3, [sp, #132]	@ 0x84
100042e6:	3b01      	subs	r3, #1
100042e8:	9321      	str	r3, [sp, #132]	@ 0x84
100042ea:	2b20      	cmp	r3, #32
100042ec:	d90c      	bls.n	10004308 <_ftoa+0x1e8>
100042ee:	2330      	movs	r3, #48	@ 0x30
100042f0:	9a21      	ldr	r2, [sp, #132]	@ 0x84
100042f2:	e007      	b.n	10004304 <_ftoa+0x1e4>
100042f4:	2017      	movs	r0, #23
100042f6:	a906      	add	r1, sp, #24
100042f8:	3401      	adds	r4, #1
100042fa:	1809      	adds	r1, r1, r0
100042fc:	550b      	strb	r3, [r1, r4]
100042fe:	4294      	cmp	r4, r2
10004300:	d300      	bcc.n	10004304 <_ftoa+0x1e4>
10004302:	e0cc      	b.n	1000449e <_ftoa+0x37e>
10004304:	2c20      	cmp	r4, #32
10004306:	d1f5      	bne.n	100042f4 <_ftoa+0x1d4>
10004308:	9b22      	ldr	r3, [sp, #136]	@ 0x88
1000430a:	9401      	str	r4, [sp, #4]
1000430c:	9303      	str	r3, [sp, #12]
1000430e:	9b21      	ldr	r3, [sp, #132]	@ 0x84
10004310:	9600      	str	r6, [sp, #0]
10004312:	9302      	str	r3, [sp, #8]
10004314:	e022      	b.n	1000435c <_ftoa+0x23c>
10004316:	9b22      	ldr	r3, [sp, #136]	@ 0x88
10004318:	4652      	mov	r2, sl
1000431a:	9304      	str	r3, [sp, #16]
1000431c:	9b21      	ldr	r3, [sp, #132]	@ 0x84
1000431e:	0039      	movs	r1, r7
10004320:	9303      	str	r3, [sp, #12]
10004322:	4658      	mov	r0, fp
10004324:	9b1e      	ldr	r3, [sp, #120]	@ 0x78
10004326:	9c1f      	ldr	r4, [sp, #124]	@ 0x7c
10004328:	9602      	str	r6, [sp, #8]
1000432a:	9300      	str	r3, [sp, #0]
1000432c:	9401      	str	r4, [sp, #4]
1000432e:	4643      	mov	r3, r8
10004330:	f000 f94a 	bl	100045c8 <_etoa>
10004334:	0004      	movs	r4, r0
10004336:	0020      	movs	r0, r4
10004338:	b015      	add	sp, #84	@ 0x54
1000433a:	bcf0      	pop	{r4, r5, r6, r7}
1000433c:	46bb      	mov	fp, r7
1000433e:	46b2      	mov	sl, r6
10004340:	46a9      	mov	r9, r5
10004342:	46a0      	mov	r8, r4
10004344:	bdf0      	pop	{r4, r5, r6, r7, pc}
10004346:	9b22      	ldr	r3, [sp, #136]	@ 0x88
10004348:	075b      	lsls	r3, r3, #29
1000434a:	d40f      	bmi.n	1000436c <_ftoa+0x24c>
1000434c:	2203      	movs	r2, #3
1000434e:	4b4c      	ldr	r3, [pc, #304]	@ (10004480 <_ftoa+0x360>)
10004350:	9922      	ldr	r1, [sp, #136]	@ 0x88
10004352:	9201      	str	r2, [sp, #4]
10004354:	9103      	str	r1, [sp, #12]
10004356:	9921      	ldr	r1, [sp, #132]	@ 0x84
10004358:	9300      	str	r3, [sp, #0]
1000435a:	9102      	str	r1, [sp, #8]
1000435c:	4643      	mov	r3, r8
1000435e:	4652      	mov	r2, sl
10004360:	0039      	movs	r1, r7
10004362:	4658      	mov	r0, fp
10004364:	f7ff fd90 	bl	10003e88 <_out_rev>
10004368:	0004      	movs	r4, r0
1000436a:	e7e4      	b.n	10004336 <_ftoa+0x216>
1000436c:	2204      	movs	r2, #4
1000436e:	4b45      	ldr	r3, [pc, #276]	@ (10004484 <_ftoa+0x364>)
10004370:	e7ee      	b.n	10004350 <_ftoa+0x230>
10004372:	9a1e      	ldr	r2, [sp, #120]	@ 0x78
10004374:	9b1f      	ldr	r3, [sp, #124]	@ 0x7c
10004376:	2000      	movs	r0, #0
10004378:	2100      	movs	r1, #0
1000437a:	f7ff f880 	bl	1000347e <__wrap___aeabi_dsub>
1000437e:	2301      	movs	r3, #1
10004380:	901e      	str	r0, [sp, #120]	@ 0x78
10004382:	911f      	str	r1, [sp, #124]	@ 0x7c
10004384:	930b      	str	r3, [sp, #44]	@ 0x2c
10004386:	e711      	b.n	100041ac <_ftoa+0x8c>
10004388:	9b22      	ldr	r3, [sp, #136]	@ 0x88
1000438a:	4654      	mov	r4, sl
1000438c:	079b      	lsls	r3, r3, #30
1000438e:	d111      	bne.n	100043b4 <_ftoa+0x294>
10004390:	9b21      	ldr	r3, [sp, #132]	@ 0x84
10004392:	2b04      	cmp	r3, #4
10004394:	d90e      	bls.n	100043b4 <_ftoa+0x294>
10004396:	9b21      	ldr	r3, [sp, #132]	@ 0x84
10004398:	4655      	mov	r5, sl
1000439a:	469c      	mov	ip, r3
1000439c:	465e      	mov	r6, fp
1000439e:	3c04      	subs	r4, #4
100043a0:	4464      	add	r4, ip
100043a2:	002a      	movs	r2, r5
100043a4:	4643      	mov	r3, r8
100043a6:	3501      	adds	r5, #1
100043a8:	0039      	movs	r1, r7
100043aa:	2020      	movs	r0, #32
100043ac:	47b0      	blx	r6
100043ae:	42a5      	cmp	r5, r4
100043b0:	d1f7      	bne.n	100043a2 <_ftoa+0x282>
100043b2:	46b3      	mov	fp, r6
100043b4:	4d34      	ldr	r5, [pc, #208]	@ (10004488 <_ftoa+0x368>)
100043b6:	0026      	movs	r6, r4
100043b8:	1f2b      	subs	r3, r5, #4
100043ba:	4699      	mov	r9, r3
100043bc:	465b      	mov	r3, fp
100043be:	46a3      	mov	fp, r4
100043c0:	001c      	movs	r4, r3
100043c2:	0032      	movs	r2, r6
100043c4:	78e8      	ldrb	r0, [r5, #3]
100043c6:	4643      	mov	r3, r8
100043c8:	0039      	movs	r1, r7
100043ca:	3d01      	subs	r5, #1
100043cc:	47a0      	blx	r4
100043ce:	3601      	adds	r6, #1
100043d0:	454d      	cmp	r5, r9
100043d2:	d1f6      	bne.n	100043c2 <_ftoa+0x2a2>
100043d4:	0023      	movs	r3, r4
100043d6:	465c      	mov	r4, fp
100043d8:	469b      	mov	fp, r3
100043da:	9b22      	ldr	r3, [sp, #136]	@ 0x88
100043dc:	3404      	adds	r4, #4
100043de:	079b      	lsls	r3, r3, #30
100043e0:	d5a9      	bpl.n	10004336 <_ftoa+0x216>
100043e2:	4653      	mov	r3, sl
100043e4:	9a21      	ldr	r2, [sp, #132]	@ 0x84
100043e6:	1ae3      	subs	r3, r4, r3
100043e8:	429a      	cmp	r2, r3
100043ea:	d9a4      	bls.n	10004336 <_ftoa+0x216>
100043ec:	465e      	mov	r6, fp
100043ee:	0015      	movs	r5, r2
100043f0:	0022      	movs	r2, r4
100043f2:	4643      	mov	r3, r8
100043f4:	0039      	movs	r1, r7
100043f6:	2020      	movs	r0, #32
100043f8:	47b0      	blx	r6
100043fa:	4653      	mov	r3, sl
100043fc:	3401      	adds	r4, #1
100043fe:	1ae3      	subs	r3, r4, r3
10004400:	429d      	cmp	r5, r3
10004402:	d8f5      	bhi.n	100043f0 <_ftoa+0x2d0>
10004404:	e797      	b.n	10004336 <_ftoa+0x216>
10004406:	0028      	movs	r0, r5
10004408:	f7ff f8d8 	bl	100035bc <__wrap___aeabi_i2d>
1000440c:	0002      	movs	r2, r0
1000440e:	000b      	movs	r3, r1
10004410:	981e      	ldr	r0, [sp, #120]	@ 0x78
10004412:	991f      	ldr	r1, [sp, #124]	@ 0x7c
10004414:	f7ff f833 	bl	1000347e <__wrap___aeabi_dsub>
10004418:	2200      	movs	r2, #0
1000441a:	4b18      	ldr	r3, [pc, #96]	@ (1000447c <_ftoa+0x35c>)
1000441c:	9006      	str	r0, [sp, #24]
1000441e:	9107      	str	r1, [sp, #28]
10004420:	f7ff f8a0 	bl	10003564 <__wrap___aeabi_dcmplt>
10004424:	ae0c      	add	r6, sp, #48	@ 0x30
10004426:	2800      	cmp	r0, #0
10004428:	d000      	beq.n	1000442c <_ftoa+0x30c>
1000442a:	e731      	b.n	10004290 <_ftoa+0x170>
1000442c:	9806      	ldr	r0, [sp, #24]
1000442e:	9907      	ldr	r1, [sp, #28]
10004430:	2200      	movs	r2, #0
10004432:	4b12      	ldr	r3, [pc, #72]	@ (1000447c <_ftoa+0x35c>)
10004434:	f7ff f8ac 	bl	10003590 <__wrap___aeabi_dcmpgt>
10004438:	2800      	cmp	r0, #0
1000443a:	d000      	beq.n	1000443e <_ftoa+0x31e>
1000443c:	e728      	b.n	10004290 <_ftoa+0x170>
1000443e:	2301      	movs	r3, #1
10004440:	3501      	adds	r5, #1
10004442:	439d      	bics	r5, r3
10004444:	e724      	b.n	10004290 <_ftoa+0x170>
10004446:	2200      	movs	r2, #0
10004448:	9806      	ldr	r0, [sp, #24]
1000444a:	9907      	ldr	r1, [sp, #28]
1000444c:	4b0b      	ldr	r3, [pc, #44]	@ (1000447c <_ftoa+0x35c>)
1000444e:	f7ff f889 	bl	10003564 <__wrap___aeabi_dcmplt>
10004452:	2800      	cmp	r0, #0
10004454:	d000      	beq.n	10004458 <_ftoa+0x338>
10004456:	e6f9      	b.n	1000424c <_ftoa+0x12c>
10004458:	464b      	mov	r3, r9
1000445a:	2b00      	cmp	r3, #0
1000445c:	d15c      	bne.n	10004518 <_ftoa+0x3f8>
1000445e:	2301      	movs	r3, #1
10004460:	469c      	mov	ip, r3
10004462:	44e1      	add	r9, ip
10004464:	e6f2      	b.n	1000424c <_ftoa+0x12c>
10004466:	46c0      	nop			@ (mov r8, r8)
10004468:	ffefffff 	.word	0xffefffff
1000446c:	7fefffff 	.word	0x7fefffff
10004470:	41cdcd65 	.word	0x41cdcd65
10004474:	c1cdcd65 	.word	0xc1cdcd65
10004478:	10009310 	.word	0x10009310
1000447c:	3fe00000 	.word	0x3fe00000
10004480:	10009024 	.word	0x10009024
10004484:	1000901c 	.word	0x1000901c
10004488:	1000902c 	.word	0x1000902c
1000448c:	9b06      	ldr	r3, [sp, #24]
1000448e:	465e      	mov	r6, fp
10004490:	469b      	mov	fp, r3
10004492:	2303      	movs	r3, #3
10004494:	9a22      	ldr	r2, [sp, #136]	@ 0x88
10004496:	4013      	ands	r3, r2
10004498:	2b01      	cmp	r3, #1
1000449a:	d100      	bne.n	1000449e <_ftoa+0x37e>
1000449c:	e081      	b.n	100045a2 <_ftoa+0x482>
1000449e:	2c20      	cmp	r4, #32
100044a0:	d100      	bne.n	100044a4 <_ftoa+0x384>
100044a2:	e731      	b.n	10004308 <_ftoa+0x1e8>
100044a4:	9b0b      	ldr	r3, [sp, #44]	@ 0x2c
100044a6:	2b00      	cmp	r3, #0
100044a8:	d027      	beq.n	100044fa <_ftoa+0x3da>
100044aa:	232d      	movs	r3, #45	@ 0x2d
100044ac:	5533      	strb	r3, [r6, r4]
100044ae:	3401      	adds	r4, #1
100044b0:	e72a      	b.n	10004308 <_ftoa+0x1e8>
100044b2:	464f      	mov	r7, r9
100044b4:	9d06      	ldr	r5, [sp, #24]
100044b6:	2c20      	cmp	r4, #32
100044b8:	d100      	bne.n	100044bc <_ftoa+0x39c>
100044ba:	e6e7      	b.n	1000428c <_ftoa+0x16c>
100044bc:	2230      	movs	r2, #48	@ 0x30
100044be:	1933      	adds	r3, r6, r4
100044c0:	e007      	b.n	100044d2 <_ftoa+0x3b2>
100044c2:	2017      	movs	r0, #23
100044c4:	a906      	add	r1, sp, #24
100044c6:	3401      	adds	r4, #1
100044c8:	1809      	adds	r1, r1, r0
100044ca:	550a      	strb	r2, [r1, r4]
100044cc:	2c20      	cmp	r4, #32
100044ce:	d100      	bne.n	100044d2 <_ftoa+0x3b2>
100044d0:	e6dc      	b.n	1000428c <_ftoa+0x16c>
100044d2:	42a3      	cmp	r3, r4
100044d4:	d1f5      	bne.n	100044c2 <_ftoa+0x3a2>
100044d6:	222e      	movs	r2, #46	@ 0x2e
100044d8:	ae0c      	add	r6, sp, #48	@ 0x30
100044da:	3401      	adds	r4, #1
100044dc:	54f2      	strb	r2, [r6, r3]
100044de:	e6d7      	b.n	10004290 <_ftoa+0x170>
100044e0:	230c      	movs	r3, #12
100044e2:	9a22      	ldr	r2, [sp, #136]	@ 0x88
100044e4:	4213      	tst	r3, r2
100044e6:	d057      	beq.n	10004598 <_ftoa+0x478>
100044e8:	9b21      	ldr	r3, [sp, #132]	@ 0x84
100044ea:	3b01      	subs	r3, #1
100044ec:	9321      	str	r3, [sp, #132]	@ 0x84
100044ee:	42a3      	cmp	r3, r4
100044f0:	d900      	bls.n	100044f4 <_ftoa+0x3d4>
100044f2:	e6fc      	b.n	100042ee <_ftoa+0x1ce>
100044f4:	2c20      	cmp	r4, #32
100044f6:	d100      	bne.n	100044fa <_ftoa+0x3da>
100044f8:	e706      	b.n	10004308 <_ftoa+0x1e8>
100044fa:	9b22      	ldr	r3, [sp, #136]	@ 0x88
100044fc:	075b      	lsls	r3, r3, #29
100044fe:	d503      	bpl.n	10004508 <_ftoa+0x3e8>
10004500:	232b      	movs	r3, #43	@ 0x2b
10004502:	5533      	strb	r3, [r6, r4]
10004504:	3401      	adds	r4, #1
10004506:	e6ff      	b.n	10004308 <_ftoa+0x1e8>
10004508:	9b22      	ldr	r3, [sp, #136]	@ 0x88
1000450a:	071b      	lsls	r3, r3, #28
1000450c:	d400      	bmi.n	10004510 <_ftoa+0x3f0>
1000450e:	e6fb      	b.n	10004308 <_ftoa+0x1e8>
10004510:	2320      	movs	r3, #32
10004512:	5533      	strb	r3, [r6, r4]
10004514:	3401      	adds	r4, #1
10004516:	e6f7      	b.n	10004308 <_ftoa+0x1e8>
10004518:	07db      	lsls	r3, r3, #31
1000451a:	d400      	bmi.n	1000451e <_ftoa+0x3fe>
1000451c:	e696      	b.n	1000424c <_ftoa+0x12c>
1000451e:	e79e      	b.n	1000445e <_ftoa+0x33e>
10004520:	9b22      	ldr	r3, [sp, #136]	@ 0x88
10004522:	4655      	mov	r5, sl
10004524:	079b      	lsls	r3, r3, #30
10004526:	d111      	bne.n	1000454c <_ftoa+0x42c>
10004528:	9b21      	ldr	r3, [sp, #132]	@ 0x84
1000452a:	2b03      	cmp	r3, #3
1000452c:	d90e      	bls.n	1000454c <_ftoa+0x42c>
1000452e:	9b21      	ldr	r3, [sp, #132]	@ 0x84
10004530:	4654      	mov	r4, sl
10004532:	469c      	mov	ip, r3
10004534:	465e      	mov	r6, fp
10004536:	3d03      	subs	r5, #3
10004538:	4465      	add	r5, ip
1000453a:	0022      	movs	r2, r4
1000453c:	4643      	mov	r3, r8
1000453e:	3401      	adds	r4, #1
10004540:	0039      	movs	r1, r7
10004542:	2020      	movs	r0, #32
10004544:	47b0      	blx	r6
10004546:	42ac      	cmp	r4, r5
10004548:	d1f7      	bne.n	1000453a <_ftoa+0x41a>
1000454a:	46b3      	mov	fp, r6
1000454c:	46b9      	mov	r9, r7
1000454e:	465f      	mov	r7, fp
10004550:	4e1c      	ldr	r6, [pc, #112]	@ (100045c4 <_ftoa+0x4a4>)
10004552:	1cec      	adds	r4, r5, #3
10004554:	002a      	movs	r2, r5
10004556:	78b0      	ldrb	r0, [r6, #2]
10004558:	4643      	mov	r3, r8
1000455a:	4649      	mov	r1, r9
1000455c:	3501      	adds	r5, #1
1000455e:	47b8      	blx	r7
10004560:	3e01      	subs	r6, #1
10004562:	42ac      	cmp	r4, r5
10004564:	d1f6      	bne.n	10004554 <_ftoa+0x434>
10004566:	9b22      	ldr	r3, [sp, #136]	@ 0x88
10004568:	46bb      	mov	fp, r7
1000456a:	464f      	mov	r7, r9
1000456c:	079b      	lsls	r3, r3, #30
1000456e:	d400      	bmi.n	10004572 <_ftoa+0x452>
10004570:	e6e1      	b.n	10004336 <_ftoa+0x216>
10004572:	4653      	mov	r3, sl
10004574:	9a21      	ldr	r2, [sp, #132]	@ 0x84
10004576:	1ae3      	subs	r3, r4, r3
10004578:	429a      	cmp	r2, r3
1000457a:	d800      	bhi.n	1000457e <_ftoa+0x45e>
1000457c:	e6db      	b.n	10004336 <_ftoa+0x216>
1000457e:	465e      	mov	r6, fp
10004580:	0015      	movs	r5, r2
10004582:	0022      	movs	r2, r4
10004584:	4643      	mov	r3, r8
10004586:	0039      	movs	r1, r7
10004588:	2020      	movs	r0, #32
1000458a:	47b0      	blx	r6
1000458c:	4653      	mov	r3, sl
1000458e:	3401      	adds	r4, #1
10004590:	1ae3      	subs	r3, r4, r3
10004592:	42ab      	cmp	r3, r5
10004594:	d3f5      	bcc.n	10004582 <_ftoa+0x462>
10004596:	e6ce      	b.n	10004336 <_ftoa+0x216>
10004598:	9b21      	ldr	r3, [sp, #132]	@ 0x84
1000459a:	42a3      	cmp	r3, r4
1000459c:	d900      	bls.n	100045a0 <_ftoa+0x480>
1000459e:	e6a6      	b.n	100042ee <_ftoa+0x1ce>
100045a0:	e6b2      	b.n	10004308 <_ftoa+0x1e8>
100045a2:	9b21      	ldr	r3, [sp, #132]	@ 0x84
100045a4:	2b00      	cmp	r3, #0
100045a6:	d100      	bne.n	100045aa <_ftoa+0x48a>
100045a8:	e779      	b.n	1000449e <_ftoa+0x37e>
100045aa:	9b0b      	ldr	r3, [sp, #44]	@ 0x2c
100045ac:	2b00      	cmp	r3, #0
100045ae:	d097      	beq.n	100044e0 <_ftoa+0x3c0>
100045b0:	9b21      	ldr	r3, [sp, #132]	@ 0x84
100045b2:	3b01      	subs	r3, #1
100045b4:	9321      	str	r3, [sp, #132]	@ 0x84
100045b6:	429c      	cmp	r4, r3
100045b8:	d200      	bcs.n	100045bc <_ftoa+0x49c>
100045ba:	e698      	b.n	100042ee <_ftoa+0x1ce>
100045bc:	2c20      	cmp	r4, #32
100045be:	d000      	beq.n	100045c2 <_ftoa+0x4a2>
100045c0:	e773      	b.n	100044aa <_ftoa+0x38a>
100045c2:	e6a1      	b.n	10004308 <_ftoa+0x1e8>
100045c4:	10009028 	.word	0x10009028

100045c8 <_etoa>:
100045c8:	b5f0      	push	{r4, r5, r6, r7, lr}
100045ca:	46de      	mov	lr, fp
100045cc:	4657      	mov	r7, sl
100045ce:	464e      	mov	r6, r9
100045d0:	4645      	mov	r5, r8
100045d2:	b5e0      	push	{r5, r6, r7, lr}
100045d4:	b099      	sub	sp, #100	@ 0x64
100045d6:	4681      	mov	r9, r0
100045d8:	468b      	mov	fp, r1
100045da:	4692      	mov	sl, r2
100045dc:	4698      	mov	r8, r3
100045de:	9a22      	ldr	r2, [sp, #136]	@ 0x88
100045e0:	9b23      	ldr	r3, [sp, #140]	@ 0x8c
100045e2:	0010      	movs	r0, r2
100045e4:	0019      	movs	r1, r3
100045e6:	f7fe ffd8 	bl	1000359a <__wrap___aeabi_dcmpun>
100045ea:	2800      	cmp	r0, #0
100045ec:	d000      	beq.n	100045f0 <_etoa+0x28>
100045ee:	e0ca      	b.n	10004786 <_etoa+0x1be>
100045f0:	9822      	ldr	r0, [sp, #136]	@ 0x88
100045f2:	9923      	ldr	r1, [sp, #140]	@ 0x8c
100045f4:	2201      	movs	r2, #1
100045f6:	4b82      	ldr	r3, [pc, #520]	@ (10004800 <_etoa+0x238>)
100045f8:	4252      	negs	r2, r2
100045fa:	f7fe ffc9 	bl	10003590 <__wrap___aeabi_dcmpgt>
100045fe:	2800      	cmp	r0, #0
10004600:	d000      	beq.n	10004604 <_etoa+0x3c>
10004602:	e0c0      	b.n	10004786 <_etoa+0x1be>
10004604:	9822      	ldr	r0, [sp, #136]	@ 0x88
10004606:	9923      	ldr	r1, [sp, #140]	@ 0x8c
10004608:	2201      	movs	r2, #1
1000460a:	4b7e      	ldr	r3, [pc, #504]	@ (10004804 <_etoa+0x23c>)
1000460c:	4252      	negs	r2, r2
1000460e:	f7fe ffa9 	bl	10003564 <__wrap___aeabi_dcmplt>
10004612:	2800      	cmp	r0, #0
10004614:	d000      	beq.n	10004618 <_etoa+0x50>
10004616:	e0b6      	b.n	10004786 <_etoa+0x1be>
10004618:	9822      	ldr	r0, [sp, #136]	@ 0x88
1000461a:	9923      	ldr	r1, [sp, #140]	@ 0x8c
1000461c:	2200      	movs	r2, #0
1000461e:	2300      	movs	r3, #0
10004620:	f7fe ffa0 	bl	10003564 <__wrap___aeabi_dcmplt>
10004624:	2800      	cmp	r0, #0
10004626:	d000      	beq.n	1000462a <_etoa+0x62>
10004628:	e1c9      	b.n	100049be <_etoa+0x3f6>
1000462a:	9b22      	ldr	r3, [sp, #136]	@ 0x88
1000462c:	9c23      	ldr	r4, [sp, #140]	@ 0x8c
1000462e:	9308      	str	r3, [sp, #32]
10004630:	9409      	str	r4, [sp, #36]	@ 0x24
10004632:	9808      	ldr	r0, [sp, #32]
10004634:	9909      	ldr	r1, [sp, #36]	@ 0x24
10004636:	2380      	movs	r3, #128	@ 0x80
10004638:	9a26      	ldr	r2, [sp, #152]	@ 0x98
1000463a:	00db      	lsls	r3, r3, #3
1000463c:	401a      	ands	r2, r3
1000463e:	920d      	str	r2, [sp, #52]	@ 0x34
10004640:	2280      	movs	r2, #128	@ 0x80
10004642:	9c26      	ldr	r4, [sp, #152]	@ 0x98
10004644:	0112      	lsls	r2, r2, #4
10004646:	4014      	ands	r4, r2
10004648:	0022      	movs	r2, r4
1000464a:	940b      	str	r4, [sp, #44]	@ 0x2c
1000464c:	9c26      	ldr	r4, [sp, #152]	@ 0x98
1000464e:	0007      	movs	r7, r0
10004650:	000e      	movs	r6, r1
10004652:	421c      	tst	r4, r3
10004654:	d000      	beq.n	10004658 <_etoa+0x90>
10004656:	e0ad      	b.n	100047b4 <_etoa+0x1ec>
10004658:	000b      	movs	r3, r1
1000465a:	4303      	orrs	r3, r0
1000465c:	d000      	beq.n	10004660 <_etoa+0x98>
1000465e:	e0d5      	b.n	1000480c <_etoa+0x244>
10004660:	2a00      	cmp	r2, #0
10004662:	d000      	beq.n	10004666 <_etoa+0x9e>
10004664:	e20a      	b.n	10004a7c <_etoa+0x4b4>
10004666:	0022      	movs	r2, r4
10004668:	3306      	adds	r3, #6
1000466a:	9324      	str	r3, [sp, #144]	@ 0x90
1000466c:	2302      	movs	r3, #2
1000466e:	4013      	ands	r3, r2
10004670:	930c      	str	r3, [sp, #48]	@ 0x30
10004672:	2302      	movs	r3, #2
10004674:	4213      	tst	r3, r2
10004676:	d000      	beq.n	1000467a <_etoa+0xb2>
10004678:	e202      	b.n	10004a80 <_etoa+0x4b8>
1000467a:	9b25      	ldr	r3, [sp, #148]	@ 0x94
1000467c:	2b04      	cmp	r3, #4
1000467e:	d200      	bcs.n	10004682 <_etoa+0xba>
10004680:	e20f      	b.n	10004aa2 <_etoa+0x4da>
10004682:	3b04      	subs	r3, #4
10004684:	930b      	str	r3, [sp, #44]	@ 0x2c
10004686:	2300      	movs	r3, #0
10004688:	2504      	movs	r5, #4
1000468a:	930a      	str	r3, [sp, #40]	@ 0x28
1000468c:	2200      	movs	r2, #0
1000468e:	9822      	ldr	r0, [sp, #136]	@ 0x88
10004690:	9923      	ldr	r1, [sp, #140]	@ 0x8c
10004692:	2300      	movs	r3, #0
10004694:	f7fe ff66 	bl	10003564 <__wrap___aeabi_dcmplt>
10004698:	2800      	cmp	r0, #0
1000469a:	d000      	beq.n	1000469e <_etoa+0xd6>
1000469c:	e203      	b.n	10004aa6 <_etoa+0x4de>
1000469e:	4b5a      	ldr	r3, [pc, #360]	@ (10004808 <_etoa+0x240>)
100046a0:	9a26      	ldr	r2, [sp, #152]	@ 0x98
100046a2:	4013      	ands	r3, r2
100046a4:	9304      	str	r3, [sp, #16]
100046a6:	9b0b      	ldr	r3, [sp, #44]	@ 0x2c
100046a8:	9303      	str	r3, [sp, #12]
100046aa:	9b24      	ldr	r3, [sp, #144]	@ 0x90
100046ac:	9302      	str	r3, [sp, #8]
100046ae:	9b08      	ldr	r3, [sp, #32]
100046b0:	9c09      	ldr	r4, [sp, #36]	@ 0x24
100046b2:	9300      	str	r3, [sp, #0]
100046b4:	9401      	str	r4, [sp, #4]
100046b6:	4659      	mov	r1, fp
100046b8:	4643      	mov	r3, r8
100046ba:	4652      	mov	r2, sl
100046bc:	4648      	mov	r0, r9
100046be:	f7ff fd2f 	bl	10004120 <_ftoa>
100046c2:	0002      	movs	r2, r0
100046c4:	2020      	movs	r0, #32
100046c6:	9b26      	ldr	r3, [sp, #152]	@ 0x98
100046c8:	271f      	movs	r7, #31
100046ca:	4003      	ands	r3, r0
100046cc:	4259      	negs	r1, r3
100046ce:	414b      	adcs	r3, r1
100046d0:	425b      	negs	r3, r3
100046d2:	4018      	ands	r0, r3
100046d4:	1c53      	adds	r3, r2, #1
100046d6:	9308      	str	r3, [sp, #32]
100046d8:	4659      	mov	r1, fp
100046da:	4643      	mov	r3, r8
100046dc:	3045      	adds	r0, #69	@ 0x45
100046de:	47c8      	blx	r9
100046e0:	9a0a      	ldr	r2, [sp, #40]	@ 0x28
100046e2:	17d3      	asrs	r3, r2, #31
100046e4:	18d4      	adds	r4, r2, r3
100046e6:	405c      	eors	r4, r3
100046e8:	0fd3      	lsrs	r3, r2, #31
100046ea:	930a      	str	r3, [sp, #40]	@ 0x28
100046ec:	1e6b      	subs	r3, r5, #1
100046ee:	930b      	str	r3, [sp, #44]	@ 0x2c
100046f0:	ab08      	add	r3, sp, #32
100046f2:	469c      	mov	ip, r3
100046f4:	2500      	movs	r5, #0
100046f6:	4467      	add	r7, ip
100046f8:	e001      	b.n	100046fe <_etoa+0x136>
100046fa:	2d20      	cmp	r5, #32
100046fc:	d00f      	beq.n	1000471e <_etoa+0x156>
100046fe:	0020      	movs	r0, r4
10004700:	210a      	movs	r1, #10
10004702:	f7fe fc81 	bl	10003008 <__wrap___aeabi_uidiv>
10004706:	3501      	adds	r5, #1
10004708:	197e      	adds	r6, r7, r5
1000470a:	3130      	adds	r1, #48	@ 0x30
1000470c:	7031      	strb	r1, [r6, #0]
1000470e:	0020      	movs	r0, r4
10004710:	210a      	movs	r1, #10
10004712:	f7fe fc79 	bl	10003008 <__wrap___aeabi_uidiv>
10004716:	0026      	movs	r6, r4
10004718:	0004      	movs	r4, r0
1000471a:	2e09      	cmp	r6, #9
1000471c:	d8ed      	bhi.n	100046fa <_etoa+0x132>
1000471e:	2305      	movs	r3, #5
10004720:	9306      	str	r3, [sp, #24]
10004722:	9b0b      	ldr	r3, [sp, #44]	@ 0x2c
10004724:	4659      	mov	r1, fp
10004726:	9305      	str	r3, [sp, #20]
10004728:	2300      	movs	r3, #0
1000472a:	9304      	str	r3, [sp, #16]
1000472c:	330a      	adds	r3, #10
1000472e:	9303      	str	r3, [sp, #12]
10004730:	9b0a      	ldr	r3, [sp, #40]	@ 0x28
10004732:	4648      	mov	r0, r9
10004734:	9302      	str	r3, [sp, #8]
10004736:	ab10      	add	r3, sp, #64	@ 0x40
10004738:	9300      	str	r3, [sp, #0]
1000473a:	9a08      	ldr	r2, [sp, #32]
1000473c:	4643      	mov	r3, r8
1000473e:	9501      	str	r5, [sp, #4]
10004740:	f7ff fbf8 	bl	10003f34 <_ntoa_format>
10004744:	9b0c      	ldr	r3, [sp, #48]	@ 0x30
10004746:	2b00      	cmp	r3, #0
10004748:	d02d      	beq.n	100047a6 <_etoa+0x1de>
1000474a:	4653      	mov	r3, sl
1000474c:	1ac4      	subs	r4, r0, r3
1000474e:	9b25      	ldr	r3, [sp, #148]	@ 0x94
10004750:	42a3      	cmp	r3, r4
10004752:	d928      	bls.n	100047a6 <_etoa+0x1de>
10004754:	464d      	mov	r5, r9
10004756:	465f      	mov	r7, fp
10004758:	4681      	mov	r9, r0
1000475a:	001e      	movs	r6, r3
1000475c:	4653      	mov	r3, sl
1000475e:	0039      	movs	r1, r7
10004760:	191a      	adds	r2, r3, r4
10004762:	2020      	movs	r0, #32
10004764:	4643      	mov	r3, r8
10004766:	3401      	adds	r4, #1
10004768:	47a8      	blx	r5
1000476a:	42a6      	cmp	r6, r4
1000476c:	d8f6      	bhi.n	1000475c <_etoa+0x194>
1000476e:	4653      	mov	r3, sl
10004770:	4648      	mov	r0, r9
10004772:	9925      	ldr	r1, [sp, #148]	@ 0x94
10004774:	1ac2      	subs	r2, r0, r3
10004776:	3201      	adds	r2, #1
10004778:	2300      	movs	r3, #0
1000477a:	4291      	cmp	r1, r2
1000477c:	d300      	bcc.n	10004780 <_etoa+0x1b8>
1000477e:	e186      	b.n	10004a8e <_etoa+0x4c6>
10004780:	3001      	adds	r0, #1
10004782:	1818      	adds	r0, r3, r0
10004784:	e00f      	b.n	100047a6 <_etoa+0x1de>
10004786:	9b26      	ldr	r3, [sp, #152]	@ 0x98
10004788:	9304      	str	r3, [sp, #16]
1000478a:	9b25      	ldr	r3, [sp, #148]	@ 0x94
1000478c:	9303      	str	r3, [sp, #12]
1000478e:	9b24      	ldr	r3, [sp, #144]	@ 0x90
10004790:	9302      	str	r3, [sp, #8]
10004792:	9b22      	ldr	r3, [sp, #136]	@ 0x88
10004794:	9c23      	ldr	r4, [sp, #140]	@ 0x8c
10004796:	9300      	str	r3, [sp, #0]
10004798:	9401      	str	r4, [sp, #4]
1000479a:	4643      	mov	r3, r8
1000479c:	4652      	mov	r2, sl
1000479e:	4659      	mov	r1, fp
100047a0:	4648      	mov	r0, r9
100047a2:	f7ff fcbd 	bl	10004120 <_ftoa>
100047a6:	b019      	add	sp, #100	@ 0x64
100047a8:	bcf0      	pop	{r4, r5, r6, r7}
100047aa:	46bb      	mov	fp, r7
100047ac:	46b2      	mov	sl, r6
100047ae:	46a9      	mov	r9, r5
100047b0:	46a0      	mov	r8, r4
100047b2:	bdf0      	pop	{r4, r5, r6, r7, pc}
100047b4:	4301      	orrs	r1, r0
100047b6:	d12b      	bne.n	10004810 <_etoa+0x248>
100047b8:	9b0b      	ldr	r3, [sp, #44]	@ 0x2c
100047ba:	0022      	movs	r2, r4
100047bc:	2b00      	cmp	r3, #0
100047be:	d100      	bne.n	100047c2 <_etoa+0x1fa>
100047c0:	e754      	b.n	1000466c <_etoa+0xa4>
100047c2:	2300      	movs	r3, #0
100047c4:	930a      	str	r3, [sp, #40]	@ 0x28
100047c6:	9b24      	ldr	r3, [sp, #144]	@ 0x90
100047c8:	9a0a      	ldr	r2, [sp, #40]	@ 0x28
100047ca:	2400      	movs	r4, #0
100047cc:	4293      	cmp	r3, r2
100047ce:	dd00      	ble.n	100047d2 <_etoa+0x20a>
100047d0:	e185      	b.n	10004ade <_etoa+0x516>
100047d2:	9822      	ldr	r0, [sp, #136]	@ 0x88
100047d4:	9923      	ldr	r1, [sp, #140]	@ 0x8c
100047d6:	2200      	movs	r2, #0
100047d8:	2300      	movs	r3, #0
100047da:	f7fe fec3 	bl	10003564 <__wrap___aeabi_dcmplt>
100047de:	2800      	cmp	r0, #0
100047e0:	d000      	beq.n	100047e4 <_etoa+0x21c>
100047e2:	e135      	b.n	10004a50 <_etoa+0x488>
100047e4:	9b26      	ldr	r3, [sp, #152]	@ 0x98
100047e6:	4a08      	ldr	r2, [pc, #32]	@ (10004808 <_etoa+0x240>)
100047e8:	9402      	str	r4, [sp, #8]
100047ea:	401a      	ands	r2, r3
100047ec:	2380      	movs	r3, #128	@ 0x80
100047ee:	00db      	lsls	r3, r3, #3
100047f0:	4313      	orrs	r3, r2
100047f2:	9304      	str	r3, [sp, #16]
100047f4:	9b25      	ldr	r3, [sp, #148]	@ 0x94
100047f6:	9303      	str	r3, [sp, #12]
100047f8:	9b08      	ldr	r3, [sp, #32]
100047fa:	9c09      	ldr	r4, [sp, #36]	@ 0x24
100047fc:	e7cb      	b.n	10004796 <_etoa+0x1ce>
100047fe:	46c0      	nop			@ (mov r8, r8)
10004800:	7fefffff 	.word	0x7fefffff
10004804:	ffefffff 	.word	0xffefffff
10004808:	fffff7ff 	.word	0xfffff7ff
1000480c:	2306      	movs	r3, #6
1000480e:	9324      	str	r3, [sp, #144]	@ 0x90
10004810:	4bb4      	ldr	r3, [pc, #720]	@ (10004ae4 <_etoa+0x51c>)
10004812:	0070      	lsls	r0, r6, #1
10004814:	469c      	mov	ip, r3
10004816:	0d40      	lsrs	r0, r0, #21
10004818:	4460      	add	r0, ip
1000481a:	f7fe fecf 	bl	100035bc <__wrap___aeabi_i2d>
1000481e:	4ab2      	ldr	r2, [pc, #712]	@ (10004ae8 <_etoa+0x520>)
10004820:	4bb2      	ldr	r3, [pc, #712]	@ (10004aec <_etoa+0x524>)
10004822:	f7fe fe5c 	bl	100034de <__wrap___aeabi_dmul>
10004826:	4ab2      	ldr	r2, [pc, #712]	@ (10004af0 <_etoa+0x528>)
10004828:	4bb2      	ldr	r3, [pc, #712]	@ (10004af4 <_etoa+0x52c>)
1000482a:	f7fe fe31 	bl	10003490 <__wrap___aeabi_dadd>
1000482e:	0336      	lsls	r6, r6, #12
10004830:	4bb1      	ldr	r3, [pc, #708]	@ (10004af8 <_etoa+0x530>)
10004832:	0b36      	lsrs	r6, r6, #12
10004834:	4333      	orrs	r3, r6
10004836:	0004      	movs	r4, r0
10004838:	000d      	movs	r5, r1
1000483a:	0038      	movs	r0, r7
1000483c:	0019      	movs	r1, r3
1000483e:	2200      	movs	r2, #0
10004840:	4bae      	ldr	r3, [pc, #696]	@ (10004afc <_etoa+0x534>)
10004842:	f7fe fe1c 	bl	1000347e <__wrap___aeabi_dsub>
10004846:	4aae      	ldr	r2, [pc, #696]	@ (10004b00 <_etoa+0x538>)
10004848:	4bae      	ldr	r3, [pc, #696]	@ (10004b04 <_etoa+0x53c>)
1000484a:	f7fe fe48 	bl	100034de <__wrap___aeabi_dmul>
1000484e:	0002      	movs	r2, r0
10004850:	000b      	movs	r3, r1
10004852:	0020      	movs	r0, r4
10004854:	0029      	movs	r1, r5
10004856:	f7fe fe1b 	bl	10003490 <__wrap___aeabi_dadd>
1000485a:	f7fe fec7 	bl	100035ec <__wrap___aeabi_d2iz>
1000485e:	900a      	str	r0, [sp, #40]	@ 0x28
10004860:	f7fe feac 	bl	100035bc <__wrap___aeabi_i2d>
10004864:	4aa8      	ldr	r2, [pc, #672]	@ (10004b08 <_etoa+0x540>)
10004866:	4ba9      	ldr	r3, [pc, #676]	@ (10004b0c <_etoa+0x544>)
10004868:	0004      	movs	r4, r0
1000486a:	000d      	movs	r5, r1
1000486c:	f7fe fe37 	bl	100034de <__wrap___aeabi_dmul>
10004870:	2200      	movs	r2, #0
10004872:	4ba7      	ldr	r3, [pc, #668]	@ (10004b10 <_etoa+0x548>)
10004874:	f7fe fe0c 	bl	10003490 <__wrap___aeabi_dadd>
10004878:	f7fe feb8 	bl	100035ec <__wrap___aeabi_d2iz>
1000487c:	4aa5      	ldr	r2, [pc, #660]	@ (10004b14 <_etoa+0x54c>)
1000487e:	0006      	movs	r6, r0
10004880:	4ba5      	ldr	r3, [pc, #660]	@ (10004b18 <_etoa+0x550>)
10004882:	0020      	movs	r0, r4
10004884:	0029      	movs	r1, r5
10004886:	f7fe fe2a 	bl	100034de <__wrap___aeabi_dmul>
1000488a:	0004      	movs	r4, r0
1000488c:	0030      	movs	r0, r6
1000488e:	000d      	movs	r5, r1
10004890:	960c      	str	r6, [sp, #48]	@ 0x30
10004892:	f7fe fe93 	bl	100035bc <__wrap___aeabi_i2d>
10004896:	4aa1      	ldr	r2, [pc, #644]	@ (10004b1c <_etoa+0x554>)
10004898:	4ba1      	ldr	r3, [pc, #644]	@ (10004b20 <_etoa+0x558>)
1000489a:	f7fe fe20 	bl	100034de <__wrap___aeabi_dmul>
1000489e:	0002      	movs	r2, r0
100048a0:	000b      	movs	r3, r1
100048a2:	0020      	movs	r0, r4
100048a4:	0029      	movs	r1, r5
100048a6:	f7fe fdea 	bl	1000347e <__wrap___aeabi_dsub>
100048aa:	0002      	movs	r2, r0
100048ac:	000b      	movs	r3, r1
100048ae:	0006      	movs	r6, r0
100048b0:	000f      	movs	r7, r1
100048b2:	f7fe fe14 	bl	100034de <__wrap___aeabi_dmul>
100048b6:	0032      	movs	r2, r6
100048b8:	0004      	movs	r4, r0
100048ba:	000d      	movs	r5, r1
100048bc:	003b      	movs	r3, r7
100048be:	0030      	movs	r0, r6
100048c0:	0039      	movs	r1, r7
100048c2:	f7fe fde5 	bl	10003490 <__wrap___aeabi_dadd>
100048c6:	2200      	movs	r2, #0
100048c8:	900e      	str	r0, [sp, #56]	@ 0x38
100048ca:	910f      	str	r1, [sp, #60]	@ 0x3c
100048cc:	4b95      	ldr	r3, [pc, #596]	@ (10004b24 <_etoa+0x55c>)
100048ce:	0020      	movs	r0, r4
100048d0:	0029      	movs	r1, r5
100048d2:	f7fe fde6 	bl	100034a2 <__wrap___aeabi_ddiv>
100048d6:	2200      	movs	r2, #0
100048d8:	4b93      	ldr	r3, [pc, #588]	@ (10004b28 <_etoa+0x560>)
100048da:	f7fe fdd9 	bl	10003490 <__wrap___aeabi_dadd>
100048de:	0002      	movs	r2, r0
100048e0:	000b      	movs	r3, r1
100048e2:	0020      	movs	r0, r4
100048e4:	0029      	movs	r1, r5
100048e6:	f7fe fddc 	bl	100034a2 <__wrap___aeabi_ddiv>
100048ea:	2200      	movs	r2, #0
100048ec:	4b8f      	ldr	r3, [pc, #572]	@ (10004b2c <_etoa+0x564>)
100048ee:	f7fe fdcf 	bl	10003490 <__wrap___aeabi_dadd>
100048f2:	0002      	movs	r2, r0
100048f4:	000b      	movs	r3, r1
100048f6:	0020      	movs	r0, r4
100048f8:	0029      	movs	r1, r5
100048fa:	f7fe fdd2 	bl	100034a2 <__wrap___aeabi_ddiv>
100048fe:	000d      	movs	r5, r1
10004900:	2180      	movs	r1, #128	@ 0x80
10004902:	0004      	movs	r4, r0
10004904:	0032      	movs	r2, r6
10004906:	003b      	movs	r3, r7
10004908:	2000      	movs	r0, #0
1000490a:	05c9      	lsls	r1, r1, #23
1000490c:	f7fe fdb7 	bl	1000347e <__wrap___aeabi_dsub>
10004910:	0002      	movs	r2, r0
10004912:	000b      	movs	r3, r1
10004914:	0020      	movs	r0, r4
10004916:	0029      	movs	r1, r5
10004918:	f7fe fdba 	bl	10003490 <__wrap___aeabi_dadd>
1000491c:	0002      	movs	r2, r0
1000491e:	000b      	movs	r3, r1
10004920:	980e      	ldr	r0, [sp, #56]	@ 0x38
10004922:	990f      	ldr	r1, [sp, #60]	@ 0x3c
10004924:	f7fe fdbd 	bl	100034a2 <__wrap___aeabi_ddiv>
10004928:	2200      	movs	r2, #0
1000492a:	4b73      	ldr	r3, [pc, #460]	@ (10004af8 <_etoa+0x530>)
1000492c:	f7fe fdb0 	bl	10003490 <__wrap___aeabi_dadd>
10004930:	4b7f      	ldr	r3, [pc, #508]	@ (10004b30 <_etoa+0x568>)
10004932:	9c0c      	ldr	r4, [sp, #48]	@ 0x30
10004934:	469c      	mov	ip, r3
10004936:	4464      	add	r4, ip
10004938:	2200      	movs	r2, #0
1000493a:	0523      	lsls	r3, r4, #20
1000493c:	f7fe fdcf 	bl	100034de <__wrap___aeabi_dmul>
10004940:	0006      	movs	r6, r0
10004942:	000f      	movs	r7, r1
10004944:	0002      	movs	r2, r0
10004946:	000b      	movs	r3, r1
10004948:	9808      	ldr	r0, [sp, #32]
1000494a:	9909      	ldr	r1, [sp, #36]	@ 0x24
1000494c:	f7fe fe0a 	bl	10003564 <__wrap___aeabi_dcmplt>
10004950:	2800      	cmp	r0, #0
10004952:	d00a      	beq.n	1000496a <_etoa+0x3a2>
10004954:	9b0a      	ldr	r3, [sp, #40]	@ 0x28
10004956:	0030      	movs	r0, r6
10004958:	3b01      	subs	r3, #1
1000495a:	0039      	movs	r1, r7
1000495c:	930a      	str	r3, [sp, #40]	@ 0x28
1000495e:	2200      	movs	r2, #0
10004960:	4b71      	ldr	r3, [pc, #452]	@ (10004b28 <_etoa+0x560>)
10004962:	f7fe fd9e 	bl	100034a2 <__wrap___aeabi_ddiv>
10004966:	0006      	movs	r6, r0
10004968:	000f      	movs	r7, r1
1000496a:	9a0a      	ldr	r2, [sp, #40]	@ 0x28
1000496c:	0033      	movs	r3, r6
1000496e:	3263      	adds	r2, #99	@ 0x63
10004970:	0039      	movs	r1, r7
10004972:	2ac6      	cmp	r2, #198	@ 0xc6
10004974:	d812      	bhi.n	1000499c <_etoa+0x3d4>
10004976:	2202      	movs	r2, #2
10004978:	9826      	ldr	r0, [sp, #152]	@ 0x98
1000497a:	2504      	movs	r5, #4
1000497c:	4010      	ands	r0, r2
1000497e:	9a0b      	ldr	r2, [sp, #44]	@ 0x2c
10004980:	900c      	str	r0, [sp, #48]	@ 0x30
10004982:	2a00      	cmp	r2, #0
10004984:	d125      	bne.n	100049d2 <_etoa+0x40a>
10004986:	9b25      	ldr	r3, [sp, #148]	@ 0x94
10004988:	2b04      	cmp	r3, #4
1000498a:	d905      	bls.n	10004998 <_etoa+0x3d0>
1000498c:	2800      	cmp	r0, #0
1000498e:	d000      	beq.n	10004992 <_etoa+0x3ca>
10004990:	e0a1      	b.n	10004ad6 <_etoa+0x50e>
10004992:	9b25      	ldr	r3, [sp, #148]	@ 0x94
10004994:	3b04      	subs	r3, #4
10004996:	930b      	str	r3, [sp, #44]	@ 0x2c
10004998:	2504      	movs	r5, #4
1000499a:	e041      	b.n	10004a20 <_etoa+0x458>
1000499c:	2202      	movs	r2, #2
1000499e:	9826      	ldr	r0, [sp, #152]	@ 0x98
100049a0:	4010      	ands	r0, r2
100049a2:	9a0b      	ldr	r2, [sp, #44]	@ 0x2c
100049a4:	900c      	str	r0, [sp, #48]	@ 0x30
100049a6:	2a00      	cmp	r2, #0
100049a8:	d112      	bne.n	100049d0 <_etoa+0x408>
100049aa:	9b25      	ldr	r3, [sp, #148]	@ 0x94
100049ac:	2b05      	cmp	r3, #5
100049ae:	d976      	bls.n	10004a9e <_etoa+0x4d6>
100049b0:	2800      	cmp	r0, #0
100049b2:	d172      	bne.n	10004a9a <_etoa+0x4d2>
100049b4:	9b25      	ldr	r3, [sp, #148]	@ 0x94
100049b6:	2505      	movs	r5, #5
100049b8:	3b05      	subs	r3, #5
100049ba:	930b      	str	r3, [sp, #44]	@ 0x2c
100049bc:	e034      	b.n	10004a28 <_etoa+0x460>
100049be:	2280      	movs	r2, #128	@ 0x80
100049c0:	0612      	lsls	r2, r2, #24
100049c2:	4694      	mov	ip, r2
100049c4:	9b22      	ldr	r3, [sp, #136]	@ 0x88
100049c6:	9308      	str	r3, [sp, #32]
100049c8:	9b23      	ldr	r3, [sp, #140]	@ 0x8c
100049ca:	4463      	add	r3, ip
100049cc:	9309      	str	r3, [sp, #36]	@ 0x24
100049ce:	e630      	b.n	10004632 <_etoa+0x6a>
100049d0:	2505      	movs	r5, #5
100049d2:	430b      	orrs	r3, r1
100049d4:	d100      	bne.n	100049d8 <_etoa+0x410>
100049d6:	e6f6      	b.n	100047c6 <_etoa+0x1fe>
100049d8:	9808      	ldr	r0, [sp, #32]
100049da:	9909      	ldr	r1, [sp, #36]	@ 0x24
100049dc:	4a55      	ldr	r2, [pc, #340]	@ (10004b34 <_etoa+0x56c>)
100049de:	4b56      	ldr	r3, [pc, #344]	@ (10004b38 <_etoa+0x570>)
100049e0:	f7fe fdce 	bl	10003580 <__wrap___aeabi_dcmpge>
100049e4:	2800      	cmp	r0, #0
100049e6:	d008      	beq.n	100049fa <_etoa+0x432>
100049e8:	9808      	ldr	r0, [sp, #32]
100049ea:	9909      	ldr	r1, [sp, #36]	@ 0x24
100049ec:	2200      	movs	r2, #0
100049ee:	4b53      	ldr	r3, [pc, #332]	@ (10004b3c <_etoa+0x574>)
100049f0:	f7fe fdb8 	bl	10003564 <__wrap___aeabi_dcmplt>
100049f4:	2800      	cmp	r0, #0
100049f6:	d000      	beq.n	100049fa <_etoa+0x432>
100049f8:	e6e5      	b.n	100047c6 <_etoa+0x1fe>
100049fa:	9b24      	ldr	r3, [sp, #144]	@ 0x90
100049fc:	2b00      	cmp	r3, #0
100049fe:	d01c      	beq.n	10004a3a <_etoa+0x472>
10004a00:	9b0d      	ldr	r3, [sp, #52]	@ 0x34
10004a02:	2b00      	cmp	r3, #0
10004a04:	d019      	beq.n	10004a3a <_etoa+0x472>
10004a06:	9b24      	ldr	r3, [sp, #144]	@ 0x90
10004a08:	3b01      	subs	r3, #1
10004a0a:	9324      	str	r3, [sp, #144]	@ 0x90
10004a0c:	9b25      	ldr	r3, [sp, #148]	@ 0x94
10004a0e:	42ab      	cmp	r3, r5
10004a10:	d904      	bls.n	10004a1c <_etoa+0x454>
10004a12:	9b0c      	ldr	r3, [sp, #48]	@ 0x30
10004a14:	2b00      	cmp	r3, #0
10004a16:	d05a      	beq.n	10004ace <_etoa+0x506>
10004a18:	2302      	movs	r3, #2
10004a1a:	930c      	str	r3, [sp, #48]	@ 0x30
10004a1c:	2300      	movs	r3, #0
10004a1e:	930b      	str	r3, [sp, #44]	@ 0x2c
10004a20:	9b0a      	ldr	r3, [sp, #40]	@ 0x28
10004a22:	2b00      	cmp	r3, #0
10004a24:	d100      	bne.n	10004a28 <_etoa+0x460>
10004a26:	e631      	b.n	1000468c <_etoa+0xc4>
10004a28:	9808      	ldr	r0, [sp, #32]
10004a2a:	9909      	ldr	r1, [sp, #36]	@ 0x24
10004a2c:	0032      	movs	r2, r6
10004a2e:	003b      	movs	r3, r7
10004a30:	f7fe fd37 	bl	100034a2 <__wrap___aeabi_ddiv>
10004a34:	9008      	str	r0, [sp, #32]
10004a36:	9109      	str	r1, [sp, #36]	@ 0x24
10004a38:	e628      	b.n	1000468c <_etoa+0xc4>
10004a3a:	9b25      	ldr	r3, [sp, #148]	@ 0x94
10004a3c:	42ab      	cmp	r3, r5
10004a3e:	d9ed      	bls.n	10004a1c <_etoa+0x454>
10004a40:	9b0c      	ldr	r3, [sp, #48]	@ 0x30
10004a42:	2b00      	cmp	r3, #0
10004a44:	d043      	beq.n	10004ace <_etoa+0x506>
10004a46:	2300      	movs	r3, #0
10004a48:	930b      	str	r3, [sp, #44]	@ 0x2c
10004a4a:	3302      	adds	r3, #2
10004a4c:	930c      	str	r3, [sp, #48]	@ 0x30
10004a4e:	e7e7      	b.n	10004a20 <_etoa+0x458>
10004a50:	2080      	movs	r0, #128	@ 0x80
10004a52:	9b26      	ldr	r3, [sp, #152]	@ 0x98
10004a54:	4a3a      	ldr	r2, [pc, #232]	@ (10004b40 <_etoa+0x578>)
10004a56:	0600      	lsls	r0, r0, #24
10004a58:	401a      	ands	r2, r3
10004a5a:	2380      	movs	r3, #128	@ 0x80
10004a5c:	4684      	mov	ip, r0
10004a5e:	9402      	str	r4, [sp, #8]
10004a60:	9c08      	ldr	r4, [sp, #32]
10004a62:	9d09      	ldr	r5, [sp, #36]	@ 0x24
10004a64:	0029      	movs	r1, r5
10004a66:	00db      	lsls	r3, r3, #3
10004a68:	4313      	orrs	r3, r2
10004a6a:	9304      	str	r3, [sp, #16]
10004a6c:	9b25      	ldr	r3, [sp, #148]	@ 0x94
10004a6e:	4461      	add	r1, ip
10004a70:	0022      	movs	r2, r4
10004a72:	9303      	str	r3, [sp, #12]
10004a74:	000b      	movs	r3, r1
10004a76:	9200      	str	r2, [sp, #0]
10004a78:	9301      	str	r3, [sp, #4]
10004a7a:	e68e      	b.n	1000479a <_etoa+0x1d2>
10004a7c:	2405      	movs	r4, #5
10004a7e:	e6a8      	b.n	100047d2 <_etoa+0x20a>
10004a80:	2300      	movs	r3, #0
10004a82:	930b      	str	r3, [sp, #44]	@ 0x2c
10004a84:	930a      	str	r3, [sp, #40]	@ 0x28
10004a86:	3302      	adds	r3, #2
10004a88:	2504      	movs	r5, #4
10004a8a:	930c      	str	r3, [sp, #48]	@ 0x30
10004a8c:	e5fe      	b.n	1000468c <_etoa+0xc4>
10004a8e:	4653      	mov	r3, sl
10004a90:	468c      	mov	ip, r1
10004a92:	3b01      	subs	r3, #1
10004a94:	4463      	add	r3, ip
10004a96:	1a1b      	subs	r3, r3, r0
10004a98:	e672      	b.n	10004780 <_etoa+0x1b8>
10004a9a:	2302      	movs	r3, #2
10004a9c:	930c      	str	r3, [sp, #48]	@ 0x30
10004a9e:	2505      	movs	r5, #5
10004aa0:	e7c2      	b.n	10004a28 <_etoa+0x460>
10004aa2:	2304      	movs	r3, #4
10004aa4:	e5ed      	b.n	10004682 <_etoa+0xba>
10004aa6:	2080      	movs	r0, #128	@ 0x80
10004aa8:	9e08      	ldr	r6, [sp, #32]
10004aaa:	9f09      	ldr	r7, [sp, #36]	@ 0x24
10004aac:	0600      	lsls	r0, r0, #24
10004aae:	0039      	movs	r1, r7
10004ab0:	4684      	mov	ip, r0
10004ab2:	9a26      	ldr	r2, [sp, #152]	@ 0x98
10004ab4:	4b22      	ldr	r3, [pc, #136]	@ (10004b40 <_etoa+0x578>)
10004ab6:	4461      	add	r1, ip
10004ab8:	4013      	ands	r3, r2
10004aba:	9304      	str	r3, [sp, #16]
10004abc:	9b0b      	ldr	r3, [sp, #44]	@ 0x2c
10004abe:	0032      	movs	r2, r6
10004ac0:	9303      	str	r3, [sp, #12]
10004ac2:	9b24      	ldr	r3, [sp, #144]	@ 0x90
10004ac4:	9302      	str	r3, [sp, #8]
10004ac6:	000b      	movs	r3, r1
10004ac8:	9200      	str	r2, [sp, #0]
10004aca:	9301      	str	r3, [sp, #4]
10004acc:	e5f3      	b.n	100046b6 <_etoa+0xee>
10004ace:	9b25      	ldr	r3, [sp, #148]	@ 0x94
10004ad0:	1b5b      	subs	r3, r3, r5
10004ad2:	930b      	str	r3, [sp, #44]	@ 0x2c
10004ad4:	e7a4      	b.n	10004a20 <_etoa+0x458>
10004ad6:	2302      	movs	r3, #2
10004ad8:	2504      	movs	r5, #4
10004ada:	930c      	str	r3, [sp, #48]	@ 0x30
10004adc:	e7a0      	b.n	10004a20 <_etoa+0x458>
10004ade:	1a9c      	subs	r4, r3, r2
10004ae0:	3c01      	subs	r4, #1
10004ae2:	e676      	b.n	100047d2 <_etoa+0x20a>
10004ae4:	fffffc01 	.word	0xfffffc01
10004ae8:	509f79fb 	.word	0x509f79fb
10004aec:	3fd34413 	.word	0x3fd34413
10004af0:	8b60c8b3 	.word	0x8b60c8b3
10004af4:	3fc68a28 	.word	0x3fc68a28
10004af8:	3ff00000 	.word	0x3ff00000
10004afc:	3ff80000 	.word	0x3ff80000
10004b00:	636f4361 	.word	0x636f4361
10004b04:	3fd287a7 	.word	0x3fd287a7
10004b08:	0979a371 	.word	0x0979a371
10004b0c:	400a934f 	.word	0x400a934f
10004b10:	3fe00000 	.word	0x3fe00000
10004b14:	bbb55516 	.word	0xbbb55516
10004b18:	40026bb1 	.word	0x40026bb1
10004b1c:	fefa39ef 	.word	0xfefa39ef
10004b20:	3fe62e42 	.word	0x3fe62e42
10004b24:	402c0000 	.word	0x402c0000
10004b28:	40240000 	.word	0x40240000
10004b2c:	40180000 	.word	0x40180000
10004b30:	000003ff 	.word	0x000003ff
10004b34:	eb1c432d 	.word	0xeb1c432d
10004b38:	3f1a36e2 	.word	0x3f1a36e2
10004b3c:	412e8480 	.word	0x412e8480
10004b40:	fffff7ff 	.word	0xfffff7ff

10004b44 <_vsnprintf>:
10004b44:	b5f0      	push	{r4, r5, r6, r7, lr}
10004b46:	46de      	mov	lr, fp
10004b48:	4657      	mov	r7, sl
10004b4a:	464e      	mov	r6, r9
10004b4c:	4645      	mov	r5, r8
10004b4e:	b5e0      	push	{r5, r6, r7, lr}
10004b50:	b0a5      	sub	sp, #148	@ 0x94
10004b52:	001e      	movs	r6, r3
10004b54:	9b2e      	ldr	r3, [sp, #184]	@ 0xb8
10004b56:	4692      	mov	sl, r2
10004b58:	930c      	str	r3, [sp, #48]	@ 0x30
10004b5a:	4acd      	ldr	r2, [pc, #820]	@ (10004e90 <_vsnprintf+0x34c>)
10004b5c:	4bcd      	ldr	r3, [pc, #820]	@ (10004e94 <_vsnprintf+0x350>)
10004b5e:	4680      	mov	r8, r0
10004b60:	468b      	mov	fp, r1
10004b62:	601a      	str	r2, [r3, #0]
10004b64:	2900      	cmp	r1, #0
10004b66:	d100      	bne.n	10004b6a <_vsnprintf+0x26>
10004b68:	e1ea      	b.n	10004f40 <_vsnprintf+0x3fc>
10004b6a:	2300      	movs	r3, #0
10004b6c:	7830      	ldrb	r0, [r6, #0]
10004b6e:	4699      	mov	r9, r3
10004b70:	2800      	cmp	r0, #0
10004b72:	d100      	bne.n	10004b76 <_vsnprintf+0x32>
10004b74:	e1ec      	b.n	10004f50 <_vsnprintf+0x40c>
10004b76:	4bc8      	ldr	r3, [pc, #800]	@ (10004e98 <_vsnprintf+0x354>)
10004b78:	464c      	mov	r4, r9
10004b7a:	930b      	str	r3, [sp, #44]	@ 0x2c
10004b7c:	4bc7      	ldr	r3, [pc, #796]	@ (10004e9c <_vsnprintf+0x358>)
10004b7e:	4645      	mov	r5, r8
10004b80:	4657      	mov	r7, sl
10004b82:	930e      	str	r3, [sp, #56]	@ 0x38
10004b84:	e00a      	b.n	10004b9c <_vsnprintf+0x58>
10004b86:	1c63      	adds	r3, r4, #1
10004b88:	4698      	mov	r8, r3
10004b8a:	0022      	movs	r2, r4
10004b8c:	003b      	movs	r3, r7
10004b8e:	4659      	mov	r1, fp
10004b90:	47a8      	blx	r5
10004b92:	4644      	mov	r4, r8
10004b94:	7830      	ldrb	r0, [r6, #0]
10004b96:	2800      	cmp	r0, #0
10004b98:	d100      	bne.n	10004b9c <_vsnprintf+0x58>
10004b9a:	e087      	b.n	10004cac <_vsnprintf+0x168>
10004b9c:	3601      	adds	r6, #1
10004b9e:	2825      	cmp	r0, #37	@ 0x25
10004ba0:	d1f1      	bne.n	10004b86 <_vsnprintf+0x42>
10004ba2:	2308      	movs	r3, #8
10004ba4:	469a      	mov	sl, r3
10004ba6:	3b04      	subs	r3, #4
10004ba8:	4699      	mov	r9, r3
10004baa:	3b02      	subs	r3, #2
10004bac:	4698      	mov	r8, r3
10004bae:	3b01      	subs	r3, #1
10004bb0:	2200      	movs	r2, #0
10004bb2:	469c      	mov	ip, r3
10004bb4:	940d      	str	r4, [sp, #52]	@ 0x34
10004bb6:	7830      	ldrb	r0, [r6, #0]
10004bb8:	1c71      	adds	r1, r6, #1
10004bba:	0003      	movs	r3, r0
10004bbc:	3b20      	subs	r3, #32
10004bbe:	b2db      	uxtb	r3, r3
10004bc0:	2b10      	cmp	r3, #16
10004bc2:	d803      	bhi.n	10004bcc <_vsnprintf+0x88>
10004bc4:	9c0b      	ldr	r4, [sp, #44]	@ 0x2c
10004bc6:	009b      	lsls	r3, r3, #2
10004bc8:	58e3      	ldr	r3, [r4, r3]
10004bca:	469f      	mov	pc, r3
10004bcc:	0003      	movs	r3, r0
10004bce:	3b30      	subs	r3, #48	@ 0x30
10004bd0:	4689      	mov	r9, r1
10004bd2:	9c0d      	ldr	r4, [sp, #52]	@ 0x34
10004bd4:	2b09      	cmp	r3, #9
10004bd6:	d93a      	bls.n	10004c4e <_vsnprintf+0x10a>
10004bd8:	2300      	movs	r3, #0
10004bda:	4698      	mov	r8, r3
10004bdc:	282a      	cmp	r0, #42	@ 0x2a
10004bde:	d100      	bne.n	10004be2 <_vsnprintf+0x9e>
10004be0:	e0c1      	b.n	10004d66 <_vsnprintf+0x222>
10004be2:	2300      	movs	r3, #0
10004be4:	469a      	mov	sl, r3
10004be6:	282e      	cmp	r0, #46	@ 0x2e
10004be8:	d04b      	beq.n	10004c82 <_vsnprintf+0x13e>
10004bea:	0003      	movs	r3, r0
10004bec:	3b68      	subs	r3, #104	@ 0x68
10004bee:	b2db      	uxtb	r3, r3
10004bf0:	2b12      	cmp	r3, #18
10004bf2:	d81e      	bhi.n	10004c32 <_vsnprintf+0xee>
10004bf4:	990e      	ldr	r1, [sp, #56]	@ 0x38
10004bf6:	009b      	lsls	r3, r3, #2
10004bf8:	58cb      	ldr	r3, [r1, r3]
10004bfa:	469f      	mov	pc, r3
10004bfc:	4663      	mov	r3, ip
10004bfe:	000e      	movs	r6, r1
10004c00:	431a      	orrs	r2, r3
10004c02:	e7d8      	b.n	10004bb6 <_vsnprintf+0x72>
10004c04:	4643      	mov	r3, r8
10004c06:	000e      	movs	r6, r1
10004c08:	431a      	orrs	r2, r3
10004c0a:	e7d4      	b.n	10004bb6 <_vsnprintf+0x72>
10004c0c:	464b      	mov	r3, r9
10004c0e:	000e      	movs	r6, r1
10004c10:	431a      	orrs	r2, r3
10004c12:	e7d0      	b.n	10004bb6 <_vsnprintf+0x72>
10004c14:	2310      	movs	r3, #16
10004c16:	000e      	movs	r6, r1
10004c18:	431a      	orrs	r2, r3
10004c1a:	e7cc      	b.n	10004bb6 <_vsnprintf+0x72>
10004c1c:	4653      	mov	r3, sl
10004c1e:	000e      	movs	r6, r1
10004c20:	431a      	orrs	r2, r3
10004c22:	e7c8      	b.n	10004bb6 <_vsnprintf+0x72>
10004c24:	2380      	movs	r3, #128	@ 0x80
10004c26:	005b      	lsls	r3, r3, #1
10004c28:	431a      	orrs	r2, r3
10004c2a:	3bff      	subs	r3, #255	@ 0xff
10004c2c:	469c      	mov	ip, r3
10004c2e:	7870      	ldrb	r0, [r6, #1]
10004c30:	44e1      	add	r9, ip
10004c32:	464e      	mov	r6, r9
10004c34:	2867      	cmp	r0, #103	@ 0x67
10004c36:	d84f      	bhi.n	10004cd8 <_vsnprintf+0x194>
10004c38:	2824      	cmp	r0, #36	@ 0x24
10004c3a:	d9a4      	bls.n	10004b86 <_vsnprintf+0x42>
10004c3c:	0003      	movs	r3, r0
10004c3e:	3b25      	subs	r3, #37	@ 0x25
10004c40:	b2db      	uxtb	r3, r3
10004c42:	2b42      	cmp	r3, #66	@ 0x42
10004c44:	d89f      	bhi.n	10004b86 <_vsnprintf+0x42>
10004c46:	4996      	ldr	r1, [pc, #600]	@ (10004ea0 <_vsnprintf+0x35c>)
10004c48:	009b      	lsls	r3, r3, #2
10004c4a:	58cb      	ldr	r3, [r1, r3]
10004c4c:	469f      	mov	pc, r3
10004c4e:	2300      	movs	r3, #0
10004c50:	4694      	mov	ip, r2
10004c52:	001e      	movs	r6, r3
10004c54:	e000      	b.n	10004c58 <_vsnprintf+0x114>
10004c56:	3101      	adds	r1, #1
10004c58:	00b3      	lsls	r3, r6, #2
10004c5a:	199b      	adds	r3, r3, r6
10004c5c:	005b      	lsls	r3, r3, #1
10004c5e:	181e      	adds	r6, r3, r0
10004c60:	7808      	ldrb	r0, [r1, #0]
10004c62:	3e30      	subs	r6, #48	@ 0x30
10004c64:	0003      	movs	r3, r0
10004c66:	3b30      	subs	r3, #48	@ 0x30
10004c68:	2b09      	cmp	r3, #9
10004c6a:	d9f4      	bls.n	10004c56 <_vsnprintf+0x112>
10004c6c:	2301      	movs	r3, #1
10004c6e:	4662      	mov	r2, ip
10004c70:	4689      	mov	r9, r1
10004c72:	469c      	mov	ip, r3
10004c74:	2300      	movs	r3, #0
10004c76:	46b0      	mov	r8, r6
10004c78:	469a      	mov	sl, r3
10004c7a:	000e      	movs	r6, r1
10004c7c:	44e1      	add	r9, ip
10004c7e:	282e      	cmp	r0, #46	@ 0x2e
10004c80:	d1b3      	bne.n	10004bea <_vsnprintf+0xa6>
10004c82:	2130      	movs	r1, #48	@ 0x30
10004c84:	2080      	movs	r0, #128	@ 0x80
10004c86:	4249      	negs	r1, r1
10004c88:	468c      	mov	ip, r1
10004c8a:	00c0      	lsls	r0, r0, #3
10004c8c:	4302      	orrs	r2, r0
10004c8e:	7870      	ldrb	r0, [r6, #1]
10004c90:	464b      	mov	r3, r9
10004c92:	4484      	add	ip, r0
10004c94:	4661      	mov	r1, ip
10004c96:	2909      	cmp	r1, #9
10004c98:	d800      	bhi.n	10004c9c <_vsnprintf+0x158>
10004c9a:	e16c      	b.n	10004f76 <_vsnprintf+0x432>
10004c9c:	282a      	cmp	r0, #42	@ 0x2a
10004c9e:	d100      	bne.n	10004ca2 <_vsnprintf+0x15e>
10004ca0:	e17a      	b.n	10004f98 <_vsnprintf+0x454>
10004ca2:	2301      	movs	r3, #1
10004ca4:	469c      	mov	ip, r3
10004ca6:	464e      	mov	r6, r9
10004ca8:	44e1      	add	r9, ip
10004caa:	e79e      	b.n	10004bea <_vsnprintf+0xa6>
10004cac:	46a1      	mov	r9, r4
10004cae:	46a8      	mov	r8, r5
10004cb0:	46ba      	mov	sl, r7
10004cb2:	45ca      	cmp	sl, r9
10004cb4:	d803      	bhi.n	10004cbe <_vsnprintf+0x17a>
10004cb6:	2301      	movs	r3, #1
10004cb8:	425b      	negs	r3, r3
10004cba:	4453      	add	r3, sl
10004cbc:	4699      	mov	r9, r3
10004cbe:	4653      	mov	r3, sl
10004cc0:	464a      	mov	r2, r9
10004cc2:	4659      	mov	r1, fp
10004cc4:	2000      	movs	r0, #0
10004cc6:	47c0      	blx	r8
10004cc8:	0020      	movs	r0, r4
10004cca:	b025      	add	sp, #148	@ 0x94
10004ccc:	bcf0      	pop	{r4, r5, r6, r7}
10004cce:	46bb      	mov	fp, r7
10004cd0:	46b2      	mov	sl, r6
10004cd2:	46a9      	mov	r9, r5
10004cd4:	46a0      	mov	r8, r4
10004cd6:	bdf0      	pop	{r4, r5, r6, r7, pc}
10004cd8:	0003      	movs	r3, r0
10004cda:	3b69      	subs	r3, #105	@ 0x69
10004cdc:	b2db      	uxtb	r3, r3
10004cde:	930d      	str	r3, [sp, #52]	@ 0x34
10004ce0:	2b0f      	cmp	r3, #15
10004ce2:	d900      	bls.n	10004ce6 <_vsnprintf+0x1a2>
10004ce4:	e74f      	b.n	10004b86 <_vsnprintf+0x42>
10004ce6:	2101      	movs	r1, #1
10004ce8:	4099      	lsls	r1, r3
10004cea:	468c      	mov	ip, r1
10004cec:	496d      	ldr	r1, [pc, #436]	@ (10004ea4 <_vsnprintf+0x360>)
10004cee:	4689      	mov	r9, r1
10004cf0:	4661      	mov	r1, ip
10004cf2:	464b      	mov	r3, r9
10004cf4:	4019      	ands	r1, r3
10004cf6:	910f      	str	r1, [sp, #60]	@ 0x3c
10004cf8:	4663      	mov	r3, ip
10004cfa:	4649      	mov	r1, r9
10004cfc:	420b      	tst	r3, r1
10004cfe:	d000      	beq.n	10004d02 <_vsnprintf+0x1be>
10004d00:	e128      	b.n	10004f54 <_vsnprintf+0x410>
10004d02:	9b0d      	ldr	r3, [sp, #52]	@ 0x34
10004d04:	2b0a      	cmp	r3, #10
10004d06:	d03a      	beq.n	10004d7e <_vsnprintf+0x23a>
10004d08:	2b07      	cmp	r3, #7
10004d0a:	d000      	beq.n	10004d0e <_vsnprintf+0x1ca>
10004d0c:	e73b      	b.n	10004b86 <_vsnprintf+0x42>
10004d0e:	9b0c      	ldr	r3, [sp, #48]	@ 0x30
10004d10:	0019      	movs	r1, r3
10004d12:	c908      	ldmia	r1!, {r3}
10004d14:	4688      	mov	r8, r1
10004d16:	2b00      	cmp	r3, #0
10004d18:	d100      	bne.n	10004d1c <_vsnprintf+0x1d8>
10004d1a:	e14b      	b.n	10004fb4 <_vsnprintf+0x470>
10004d1c:	2021      	movs	r0, #33	@ 0x21
10004d1e:	4302      	orrs	r2, r0
10004d20:	4691      	mov	r9, r2
10004d22:	a914      	add	r1, sp, #80	@ 0x50
10004d24:	468c      	mov	ip, r1
10004d26:	221f      	movs	r2, #31
10004d28:	210f      	movs	r1, #15
10004d2a:	4462      	add	r2, ip
10004d2c:	468c      	mov	ip, r1
10004d2e:	4651      	mov	r1, sl
10004d30:	950d      	str	r5, [sp, #52]	@ 0x34
10004d32:	910c      	str	r1, [sp, #48]	@ 0x30
10004d34:	46a2      	mov	sl, r4
10004d36:	0015      	movs	r5, r2
10004d38:	990f      	ldr	r1, [sp, #60]	@ 0x3c
10004d3a:	e002      	b.n	10004d42 <_vsnprintf+0x1fe>
10004d3c:	2920      	cmp	r1, #32
10004d3e:	d00c      	beq.n	10004d5a <_vsnprintf+0x216>
10004d40:	0013      	movs	r3, r2
10004d42:	4664      	mov	r4, ip
10004d44:	401c      	ands	r4, r3
10004d46:	0020      	movs	r0, r4
10004d48:	3037      	adds	r0, #55	@ 0x37
10004d4a:	2c09      	cmp	r4, #9
10004d4c:	d800      	bhi.n	10004d50 <_vsnprintf+0x20c>
10004d4e:	3807      	subs	r0, #7
10004d50:	3101      	adds	r1, #1
10004d52:	5468      	strb	r0, [r5, r1]
10004d54:	091a      	lsrs	r2, r3, #4
10004d56:	2b0f      	cmp	r3, #15
10004d58:	d8f0      	bhi.n	10004d3c <_vsnprintf+0x1f8>
10004d5a:	9b0c      	ldr	r3, [sp, #48]	@ 0x30
10004d5c:	4654      	mov	r4, sl
10004d5e:	9d0d      	ldr	r5, [sp, #52]	@ 0x34
10004d60:	469a      	mov	sl, r3
10004d62:	910f      	str	r1, [sp, #60]	@ 0x3c
10004d64:	e133      	b.n	10004fce <_vsnprintf+0x48a>
10004d66:	9b0c      	ldr	r3, [sp, #48]	@ 0x30
10004d68:	cb02      	ldmia	r3!, {r1}
10004d6a:	4688      	mov	r8, r1
10004d6c:	2900      	cmp	r1, #0
10004d6e:	db47      	blt.n	10004e00 <_vsnprintf+0x2bc>
10004d70:	930c      	str	r3, [sp, #48]	@ 0x30
10004d72:	2301      	movs	r3, #1
10004d74:	469c      	mov	ip, r3
10004d76:	7870      	ldrb	r0, [r6, #1]
10004d78:	464e      	mov	r6, r9
10004d7a:	44e1      	add	r9, ip
10004d7c:	e731      	b.n	10004be2 <_vsnprintf+0x9e>
10004d7e:	9b0c      	ldr	r3, [sp, #48]	@ 0x30
10004d80:	cb02      	ldmia	r3!, {r1}
10004d82:	9314      	str	r3, [sp, #80]	@ 0x50
10004d84:	4653      	mov	r3, sl
10004d86:	2b00      	cmp	r3, #0
10004d88:	d100      	bne.n	10004d8c <_vsnprintf+0x248>
10004d8a:	e138      	b.n	10004ffe <_vsnprintf+0x4ba>
10004d8c:	469c      	mov	ip, r3
10004d8e:	7808      	ldrb	r0, [r1, #0]
10004d90:	000b      	movs	r3, r1
10004d92:	900c      	str	r0, [sp, #48]	@ 0x30
10004d94:	448c      	add	ip, r1
10004d96:	2800      	cmp	r0, #0
10004d98:	d101      	bne.n	10004d9e <_vsnprintf+0x25a>
10004d9a:	f000 fc98 	bl	100056ce <_vsnprintf+0xb8a>
10004d9e:	4689      	mov	r9, r1
10004da0:	4661      	mov	r1, ip
10004da2:	4694      	mov	ip, r2
10004da4:	e003      	b.n	10004dae <_vsnprintf+0x26a>
10004da6:	785a      	ldrb	r2, [r3, #1]
10004da8:	3301      	adds	r3, #1
10004daa:	2a00      	cmp	r2, #0
10004dac:	d001      	beq.n	10004db2 <_vsnprintf+0x26e>
10004dae:	428b      	cmp	r3, r1
10004db0:	d1f9      	bne.n	10004da6 <_vsnprintf+0x262>
10004db2:	4649      	mov	r1, r9
10004db4:	4662      	mov	r2, ip
10004db6:	1a5b      	subs	r3, r3, r1
10004db8:	900c      	str	r0, [sp, #48]	@ 0x30
10004dba:	930f      	str	r3, [sp, #60]	@ 0x3c
10004dbc:	0553      	lsls	r3, r2, #21
10004dbe:	d500      	bpl.n	10004dc2 <_vsnprintf+0x27e>
10004dc0:	e120      	b.n	10005004 <_vsnprintf+0x4c0>
10004dc2:	2302      	movs	r3, #2
10004dc4:	0018      	movs	r0, r3
10004dc6:	4010      	ands	r0, r2
10004dc8:	900d      	str	r0, [sp, #52]	@ 0x34
10004dca:	4213      	tst	r3, r2
10004dcc:	d100      	bne.n	10004dd0 <_vsnprintf+0x28c>
10004dce:	e3cb      	b.n	10005568 <_vsnprintf+0xa24>
10004dd0:	930d      	str	r3, [sp, #52]	@ 0x34
10004dd2:	1b0b      	subs	r3, r1, r4
10004dd4:	46b1      	mov	r9, r6
10004dd6:	469a      	mov	sl, r3
10004dd8:	465e      	mov	r6, fp
10004dda:	980c      	ldr	r0, [sp, #48]	@ 0x30
10004ddc:	0022      	movs	r2, r4
10004dde:	003b      	movs	r3, r7
10004de0:	0031      	movs	r1, r6
10004de2:	47a8      	blx	r5
10004de4:	4653      	mov	r3, sl
10004de6:	3401      	adds	r4, #1
10004de8:	5d18      	ldrb	r0, [r3, r4]
10004dea:	2800      	cmp	r0, #0
10004dec:	d1f6      	bne.n	10004ddc <_vsnprintf+0x298>
10004dee:	46b3      	mov	fp, r6
10004df0:	464e      	mov	r6, r9
10004df2:	9b0d      	ldr	r3, [sp, #52]	@ 0x34
10004df4:	2b00      	cmp	r3, #0
10004df6:	d000      	beq.n	10004dfa <_vsnprintf+0x2b6>
10004df8:	e1c7      	b.n	1000518a <_vsnprintf+0x646>
10004dfa:	9b14      	ldr	r3, [sp, #80]	@ 0x50
10004dfc:	930c      	str	r3, [sp, #48]	@ 0x30
10004dfe:	e6c9      	b.n	10004b94 <_vsnprintf+0x50>
10004e00:	930c      	str	r3, [sp, #48]	@ 0x30
10004e02:	2301      	movs	r3, #1
10004e04:	469c      	mov	ip, r3
10004e06:	3828      	subs	r0, #40	@ 0x28
10004e08:	4249      	negs	r1, r1
10004e0a:	4302      	orrs	r2, r0
10004e0c:	4688      	mov	r8, r1
10004e0e:	7870      	ldrb	r0, [r6, #1]
10004e10:	464e      	mov	r6, r9
10004e12:	44e1      	add	r9, ip
10004e14:	e6e5      	b.n	10004be2 <_vsnprintf+0x9e>
10004e16:	7870      	ldrb	r0, [r6, #1]
10004e18:	286c      	cmp	r0, #108	@ 0x6c
10004e1a:	d100      	bne.n	10004e1e <_vsnprintf+0x2da>
10004e1c:	e17f      	b.n	1000511e <_vsnprintf+0x5da>
10004e1e:	2380      	movs	r3, #128	@ 0x80
10004e20:	005b      	lsls	r3, r3, #1
10004e22:	431a      	orrs	r2, r3
10004e24:	3bff      	subs	r3, #255	@ 0xff
10004e26:	469c      	mov	ip, r3
10004e28:	44e1      	add	r9, ip
10004e2a:	e702      	b.n	10004c32 <_vsnprintf+0xee>
10004e2c:	2380      	movs	r3, #128	@ 0x80
10004e2e:	009b      	lsls	r3, r3, #2
10004e30:	431a      	orrs	r2, r3
10004e32:	2301      	movs	r3, #1
10004e34:	469c      	mov	ip, r3
10004e36:	7870      	ldrb	r0, [r6, #1]
10004e38:	44e1      	add	r9, ip
10004e3a:	e6fa      	b.n	10004c32 <_vsnprintf+0xee>
10004e3c:	7870      	ldrb	r0, [r6, #1]
10004e3e:	2868      	cmp	r0, #104	@ 0x68
10004e40:	d100      	bne.n	10004e44 <_vsnprintf+0x300>
10004e42:	e173      	b.n	1000512c <_vsnprintf+0x5e8>
10004e44:	2380      	movs	r3, #128	@ 0x80
10004e46:	431a      	orrs	r2, r3
10004e48:	3b7f      	subs	r3, #127	@ 0x7f
10004e4a:	469c      	mov	ip, r3
10004e4c:	44e1      	add	r9, ip
10004e4e:	e6f0      	b.n	10004c32 <_vsnprintf+0xee>
10004e50:	2867      	cmp	r0, #103	@ 0x67
10004e52:	d100      	bne.n	10004e56 <_vsnprintf+0x312>
10004e54:	e103      	b.n	1000505e <_vsnprintf+0x51a>
10004e56:	2847      	cmp	r0, #71	@ 0x47
10004e58:	d100      	bne.n	10004e5c <_vsnprintf+0x318>
10004e5a:	e15a      	b.n	10005112 <_vsnprintf+0x5ce>
10004e5c:	2845      	cmp	r0, #69	@ 0x45
10004e5e:	d100      	bne.n	10004e62 <_vsnprintf+0x31e>
10004e60:	e15a      	b.n	10005118 <_vsnprintf+0x5d4>
10004e62:	9204      	str	r2, [sp, #16]
10004e64:	2107      	movs	r1, #7
10004e66:	4642      	mov	r2, r8
10004e68:	9b0c      	ldr	r3, [sp, #48]	@ 0x30
10004e6a:	9203      	str	r2, [sp, #12]
10004e6c:	3307      	adds	r3, #7
10004e6e:	4652      	mov	r2, sl
10004e70:	438b      	bics	r3, r1
10004e72:	0019      	movs	r1, r3
10004e74:	9202      	str	r2, [sp, #8]
10004e76:	c90c      	ldmia	r1!, {r2, r3}
10004e78:	0028      	movs	r0, r5
10004e7a:	9200      	str	r2, [sp, #0]
10004e7c:	9301      	str	r3, [sp, #4]
10004e7e:	910c      	str	r1, [sp, #48]	@ 0x30
10004e80:	0022      	movs	r2, r4
10004e82:	003b      	movs	r3, r7
10004e84:	4659      	mov	r1, fp
10004e86:	f7ff fb9f 	bl	100045c8 <_etoa>
10004e8a:	0004      	movs	r4, r0
10004e8c:	e682      	b.n	10004b94 <_vsnprintf+0x50>
10004e8e:	46c0      	nop			@ (mov r8, r8)
10004e90:	10004b45 	.word	0x10004b45
10004e94:	20001fb0 	.word	0x20001fb0
10004e98:	10009170 	.word	0x10009170
10004e9c:	100091b4 	.word	0x100091b4
10004ea0:	10009200 	.word	0x10009200
10004ea4:	00009041 	.word	0x00009041
10004ea8:	2846      	cmp	r0, #70	@ 0x46
10004eaa:	d100      	bne.n	10004eae <_vsnprintf+0x36a>
10004eac:	e0db      	b.n	10005066 <_vsnprintf+0x522>
10004eae:	9204      	str	r2, [sp, #16]
10004eb0:	2107      	movs	r1, #7
10004eb2:	4642      	mov	r2, r8
10004eb4:	9b0c      	ldr	r3, [sp, #48]	@ 0x30
10004eb6:	9203      	str	r2, [sp, #12]
10004eb8:	3307      	adds	r3, #7
10004eba:	4652      	mov	r2, sl
10004ebc:	438b      	bics	r3, r1
10004ebe:	0019      	movs	r1, r3
10004ec0:	9202      	str	r2, [sp, #8]
10004ec2:	c90c      	ldmia	r1!, {r2, r3}
10004ec4:	0028      	movs	r0, r5
10004ec6:	9200      	str	r2, [sp, #0]
10004ec8:	9301      	str	r3, [sp, #4]
10004eca:	910c      	str	r1, [sp, #48]	@ 0x30
10004ecc:	0022      	movs	r2, r4
10004ece:	003b      	movs	r3, r7
10004ed0:	4659      	mov	r1, fp
10004ed2:	f7ff f925 	bl	10004120 <_ftoa>
10004ed6:	0004      	movs	r4, r0
10004ed8:	e65c      	b.n	10004b94 <_vsnprintf+0x50>
10004eda:	1c63      	adds	r3, r4, #1
10004edc:	4698      	mov	r8, r3
10004ede:	0022      	movs	r2, r4
10004ee0:	003b      	movs	r3, r7
10004ee2:	4659      	mov	r1, fp
10004ee4:	2025      	movs	r0, #37	@ 0x25
10004ee6:	47a8      	blx	r5
10004ee8:	4644      	mov	r4, r8
10004eea:	e653      	b.n	10004b94 <_vsnprintf+0x50>
10004eec:	9b0c      	ldr	r3, [sp, #48]	@ 0x30
10004eee:	3304      	adds	r3, #4
10004ef0:	930d      	str	r3, [sp, #52]	@ 0x34
10004ef2:	1c63      	adds	r3, r4, #1
10004ef4:	4699      	mov	r9, r3
10004ef6:	0792      	lsls	r2, r2, #30
10004ef8:	d400      	bmi.n	10004efc <_vsnprintf+0x3b8>
10004efa:	e122      	b.n	10005142 <_vsnprintf+0x5fe>
10004efc:	9b0c      	ldr	r3, [sp, #48]	@ 0x30
10004efe:	0022      	movs	r2, r4
10004f00:	7818      	ldrb	r0, [r3, #0]
10004f02:	4659      	mov	r1, fp
10004f04:	003b      	movs	r3, r7
10004f06:	47a8      	blx	r5
10004f08:	4643      	mov	r3, r8
10004f0a:	4444      	add	r4, r8
10004f0c:	2b01      	cmp	r3, #1
10004f0e:	d800      	bhi.n	10004f12 <_vsnprintf+0x3ce>
10004f10:	e285      	b.n	1000541e <_vsnprintf+0x8da>
10004f12:	0033      	movs	r3, r6
10004f14:	46b8      	mov	r8, r7
10004f16:	002e      	movs	r6, r5
10004f18:	465f      	mov	r7, fp
10004f1a:	0025      	movs	r5, r4
10004f1c:	464c      	mov	r4, r9
10004f1e:	4699      	mov	r9, r3
10004f20:	0022      	movs	r2, r4
10004f22:	4643      	mov	r3, r8
10004f24:	3401      	adds	r4, #1
10004f26:	0039      	movs	r1, r7
10004f28:	2020      	movs	r0, #32
10004f2a:	47b0      	blx	r6
10004f2c:	42ac      	cmp	r4, r5
10004f2e:	d1f7      	bne.n	10004f20 <_vsnprintf+0x3dc>
10004f30:	002c      	movs	r4, r5
10004f32:	46bb      	mov	fp, r7
10004f34:	0035      	movs	r5, r6
10004f36:	4647      	mov	r7, r8
10004f38:	464e      	mov	r6, r9
10004f3a:	9b0d      	ldr	r3, [sp, #52]	@ 0x34
10004f3c:	930c      	str	r3, [sp, #48]	@ 0x30
10004f3e:	e629      	b.n	10004b94 <_vsnprintf+0x50>
10004f40:	4bdb      	ldr	r3, [pc, #876]	@ (100052b0 <_vsnprintf+0x76c>)
10004f42:	7830      	ldrb	r0, [r6, #0]
10004f44:	4698      	mov	r8, r3
10004f46:	2300      	movs	r3, #0
10004f48:	4699      	mov	r9, r3
10004f4a:	2800      	cmp	r0, #0
10004f4c:	d000      	beq.n	10004f50 <_vsnprintf+0x40c>
10004f4e:	e612      	b.n	10004b76 <_vsnprintf+0x32>
10004f50:	2400      	movs	r4, #0
10004f52:	e6ae      	b.n	10004cb2 <_vsnprintf+0x16e>
10004f54:	286f      	cmp	r0, #111	@ 0x6f
10004f56:	d100      	bne.n	10004f5a <_vsnprintf+0x416>
10004f58:	e088      	b.n	1000506c <_vsnprintf+0x528>
10004f5a:	d800      	bhi.n	10004f5e <_vsnprintf+0x41a>
10004f5c:	e30b      	b.n	10005576 <_vsnprintf+0xa32>
10004f5e:	2310      	movs	r3, #16
10004f60:	2878      	cmp	r0, #120	@ 0x78
10004f62:	d100      	bne.n	10004f66 <_vsnprintf+0x422>
10004f64:	e0cf      	b.n	10005106 <_vsnprintf+0x5c2>
10004f66:	439a      	bics	r2, r3
10004f68:	230a      	movs	r3, #10
10004f6a:	469c      	mov	ip, r3
10004f6c:	2300      	movs	r3, #0
10004f6e:	930f      	str	r3, [sp, #60]	@ 0x3c
10004f70:	330a      	adds	r3, #10
10004f72:	930d      	str	r3, [sp, #52]	@ 0x34
10004f74:	e080      	b.n	10005078 <_vsnprintf+0x534>
10004f76:	4656      	mov	r6, sl
10004f78:	00b1      	lsls	r1, r6, #2
10004f7a:	1989      	adds	r1, r1, r6
10004f7c:	0049      	lsls	r1, r1, #1
10004f7e:	3301      	adds	r3, #1
10004f80:	180e      	adds	r6, r1, r0
10004f82:	7818      	ldrb	r0, [r3, #0]
10004f84:	3e30      	subs	r6, #48	@ 0x30
10004f86:	0001      	movs	r1, r0
10004f88:	3930      	subs	r1, #48	@ 0x30
10004f8a:	2909      	cmp	r1, #9
10004f8c:	d9f4      	bls.n	10004f78 <_vsnprintf+0x434>
10004f8e:	46b2      	mov	sl, r6
10004f90:	001e      	movs	r6, r3
10004f92:	3301      	adds	r3, #1
10004f94:	4699      	mov	r9, r3
10004f96:	e628      	b.n	10004bea <_vsnprintf+0xa6>
10004f98:	9b0c      	ldr	r3, [sp, #48]	@ 0x30
10004f9a:	3602      	adds	r6, #2
10004f9c:	cb02      	ldmia	r3!, {r1}
10004f9e:	468a      	mov	sl, r1
10004fa0:	43c9      	mvns	r1, r1
10004fa2:	4650      	mov	r0, sl
10004fa4:	17c9      	asrs	r1, r1, #31
10004fa6:	4008      	ands	r0, r1
10004fa8:	4682      	mov	sl, r0
10004faa:	930c      	str	r3, [sp, #48]	@ 0x30
10004fac:	7830      	ldrb	r0, [r6, #0]
10004fae:	1c73      	adds	r3, r6, #1
10004fb0:	4699      	mov	r9, r3
10004fb2:	e61a      	b.n	10004bea <_vsnprintf+0xa6>
10004fb4:	2310      	movs	r3, #16
10004fb6:	0010      	movs	r0, r2
10004fb8:	4398      	bics	r0, r3
10004fba:	3311      	adds	r3, #17
10004fbc:	4318      	orrs	r0, r3
10004fbe:	4681      	mov	r9, r0
10004fc0:	2080      	movs	r0, #128	@ 0x80
10004fc2:	0013      	movs	r3, r2
10004fc4:	00c0      	lsls	r0, r0, #3
10004fc6:	4003      	ands	r3, r0
10004fc8:	4202      	tst	r2, r0
10004fca:	d100      	bne.n	10004fce <_vsnprintf+0x48a>
10004fcc:	e6a9      	b.n	10004d22 <_vsnprintf+0x1de>
10004fce:	464b      	mov	r3, r9
10004fd0:	9306      	str	r3, [sp, #24]
10004fd2:	2308      	movs	r3, #8
10004fd4:	9305      	str	r3, [sp, #20]
10004fd6:	4653      	mov	r3, sl
10004fd8:	9304      	str	r3, [sp, #16]
10004fda:	2310      	movs	r3, #16
10004fdc:	9303      	str	r3, [sp, #12]
10004fde:	2300      	movs	r3, #0
10004fe0:	9302      	str	r3, [sp, #8]
10004fe2:	9b0f      	ldr	r3, [sp, #60]	@ 0x3c
10004fe4:	0022      	movs	r2, r4
10004fe6:	9301      	str	r3, [sp, #4]
10004fe8:	ab1c      	add	r3, sp, #112	@ 0x70
10004fea:	9300      	str	r3, [sp, #0]
10004fec:	4659      	mov	r1, fp
10004fee:	003b      	movs	r3, r7
10004ff0:	0028      	movs	r0, r5
10004ff2:	f7fe ff9f 	bl	10003f34 <_ntoa_format>
10004ff6:	4643      	mov	r3, r8
10004ff8:	0004      	movs	r4, r0
10004ffa:	930c      	str	r3, [sp, #48]	@ 0x30
10004ffc:	e5ca      	b.n	10004b94 <_vsnprintf+0x50>
10004ffe:	2301      	movs	r3, #1
10005000:	425b      	negs	r3, r3
10005002:	e6c3      	b.n	10004d8c <_vsnprintf+0x248>
10005004:	9b0f      	ldr	r3, [sp, #60]	@ 0x3c
10005006:	4553      	cmp	r3, sl
10005008:	d901      	bls.n	1000500e <_vsnprintf+0x4ca>
1000500a:	4653      	mov	r3, sl
1000500c:	930f      	str	r3, [sp, #60]	@ 0x3c
1000500e:	2302      	movs	r3, #2
10005010:	0018      	movs	r0, r3
10005012:	4010      	ands	r0, r2
10005014:	900d      	str	r0, [sp, #52]	@ 0x34
10005016:	4213      	tst	r3, r2
10005018:	d100      	bne.n	1000501c <_vsnprintf+0x4d8>
1000501a:	e1b7      	b.n	1000538c <_vsnprintf+0x848>
1000501c:	930d      	str	r3, [sp, #52]	@ 0x34
1000501e:	46d1      	mov	r9, sl
10005020:	1b0b      	subs	r3, r1, r4
10005022:	469a      	mov	sl, r3
10005024:	0033      	movs	r3, r6
10005026:	44a1      	add	r9, r4
10005028:	002e      	movs	r6, r5
1000502a:	0022      	movs	r2, r4
1000502c:	464d      	mov	r5, r9
1000502e:	980c      	ldr	r0, [sp, #48]	@ 0x30
10005030:	46b9      	mov	r9, r7
10005032:	465f      	mov	r7, fp
10005034:	469b      	mov	fp, r3
10005036:	e008      	b.n	1000504a <_vsnprintf+0x506>
10005038:	464b      	mov	r3, r9
1000503a:	0039      	movs	r1, r7
1000503c:	1c54      	adds	r4, r2, #1
1000503e:	47b0      	blx	r6
10005040:	4653      	mov	r3, sl
10005042:	5d18      	ldrb	r0, [r3, r4]
10005044:	2800      	cmp	r0, #0
10005046:	d077      	beq.n	10005138 <_vsnprintf+0x5f4>
10005048:	0022      	movs	r2, r4
1000504a:	4295      	cmp	r5, r2
1000504c:	d1f4      	bne.n	10005038 <_vsnprintf+0x4f4>
1000504e:	465b      	mov	r3, fp
10005050:	46bb      	mov	fp, r7
10005052:	464f      	mov	r7, r9
10005054:	46a9      	mov	r9, r5
10005056:	0035      	movs	r5, r6
10005058:	464c      	mov	r4, r9
1000505a:	001e      	movs	r6, r3
1000505c:	e6c9      	b.n	10004df2 <_vsnprintf+0x2ae>
1000505e:	2380      	movs	r3, #128	@ 0x80
10005060:	011b      	lsls	r3, r3, #4
10005062:	431a      	orrs	r2, r3
10005064:	e6fd      	b.n	10004e62 <_vsnprintf+0x31e>
10005066:	2320      	movs	r3, #32
10005068:	431a      	orrs	r2, r3
1000506a:	e720      	b.n	10004eae <_vsnprintf+0x36a>
1000506c:	2308      	movs	r3, #8
1000506e:	469c      	mov	ip, r3
10005070:	2300      	movs	r3, #0
10005072:	930f      	str	r3, [sp, #60]	@ 0x3c
10005074:	3308      	adds	r3, #8
10005076:	930d      	str	r3, [sp, #52]	@ 0x34
10005078:	2380      	movs	r3, #128	@ 0x80
1000507a:	0011      	movs	r1, r2
1000507c:	00db      	lsls	r3, r3, #3
1000507e:	4019      	ands	r1, r3
10005080:	421a      	tst	r2, r3
10005082:	d100      	bne.n	10005086 <_vsnprintf+0x542>
10005084:	e116      	b.n	100052b4 <_vsnprintf+0x770>
10005086:	230d      	movs	r3, #13
10005088:	439a      	bics	r2, r3
1000508a:	0010      	movs	r0, r2
1000508c:	2380      	movs	r3, #128	@ 0x80
1000508e:	0002      	movs	r2, r0
10005090:	009b      	lsls	r3, r3, #2
10005092:	401a      	ands	r2, r3
10005094:	9214      	str	r2, [sp, #80]	@ 0x50
10005096:	4218      	tst	r0, r3
10005098:	d000      	beq.n	1000509c <_vsnprintf+0x558>
1000509a:	e1c2      	b.n	10005422 <_vsnprintf+0x8de>
1000509c:	2380      	movs	r3, #128	@ 0x80
1000509e:	0002      	movs	r2, r0
100050a0:	005b      	lsls	r3, r3, #1
100050a2:	401a      	ands	r2, r3
100050a4:	4691      	mov	r9, r2
100050a6:	9a0c      	ldr	r2, [sp, #48]	@ 0x30
100050a8:	3204      	adds	r2, #4
100050aa:	920f      	str	r2, [sp, #60]	@ 0x3c
100050ac:	4218      	tst	r0, r3
100050ae:	d000      	beq.n	100050b2 <_vsnprintf+0x56e>
100050b0:	e2b7      	b.n	10005622 <_vsnprintf+0xade>
100050b2:	0643      	lsls	r3, r0, #25
100050b4:	d500      	bpl.n	100050b8 <_vsnprintf+0x574>
100050b6:	e19f      	b.n	100053f8 <_vsnprintf+0x8b4>
100050b8:	0603      	lsls	r3, r0, #24
100050ba:	d400      	bmi.n	100050be <_vsnprintf+0x57a>
100050bc:	e319      	b.n	100056f2 <_vsnprintf+0xbae>
100050be:	9b0c      	ldr	r3, [sp, #48]	@ 0x30
100050c0:	881b      	ldrh	r3, [r3, #0]
100050c2:	9309      	str	r3, [sp, #36]	@ 0x24
100050c4:	2b00      	cmp	r3, #0
100050c6:	d000      	beq.n	100050ca <_vsnprintf+0x586>
100050c8:	e1fc      	b.n	100054c4 <_vsnprintf+0x980>
100050ca:	3310      	adds	r3, #16
100050cc:	4398      	bics	r0, r3
100050ce:	2900      	cmp	r1, #0
100050d0:	d100      	bne.n	100050d4 <_vsnprintf+0x590>
100050d2:	e1f7      	b.n	100054c4 <_vsnprintf+0x980>
100050d4:	2300      	movs	r3, #0
100050d6:	4699      	mov	r9, r3
100050d8:	4643      	mov	r3, r8
100050da:	9305      	str	r3, [sp, #20]
100050dc:	4653      	mov	r3, sl
100050de:	9304      	str	r3, [sp, #16]
100050e0:	9b0d      	ldr	r3, [sp, #52]	@ 0x34
100050e2:	9006      	str	r0, [sp, #24]
100050e4:	9303      	str	r3, [sp, #12]
100050e6:	2300      	movs	r3, #0
100050e8:	e0d2      	b.n	10005290 <_vsnprintf+0x74c>
100050ea:	2858      	cmp	r0, #88	@ 0x58
100050ec:	d008      	beq.n	10005100 <_vsnprintf+0x5bc>
100050ee:	2862      	cmp	r0, #98	@ 0x62
100050f0:	d167      	bne.n	100051c2 <_vsnprintf+0x67e>
100050f2:	2302      	movs	r3, #2
100050f4:	469c      	mov	ip, r3
100050f6:	2300      	movs	r3, #0
100050f8:	930f      	str	r3, [sp, #60]	@ 0x3c
100050fa:	3302      	adds	r3, #2
100050fc:	930d      	str	r3, [sp, #52]	@ 0x34
100050fe:	e7bb      	b.n	10005078 <_vsnprintf+0x534>
10005100:	2320      	movs	r3, #32
10005102:	431a      	orrs	r2, r3
10005104:	3b10      	subs	r3, #16
10005106:	469c      	mov	ip, r3
10005108:	2300      	movs	r3, #0
1000510a:	930f      	str	r3, [sp, #60]	@ 0x3c
1000510c:	3310      	adds	r3, #16
1000510e:	930d      	str	r3, [sp, #52]	@ 0x34
10005110:	e7b2      	b.n	10005078 <_vsnprintf+0x534>
10005112:	2380      	movs	r3, #128	@ 0x80
10005114:	011b      	lsls	r3, r3, #4
10005116:	431a      	orrs	r2, r3
10005118:	2320      	movs	r3, #32
1000511a:	431a      	orrs	r2, r3
1000511c:	e6a1      	b.n	10004e62 <_vsnprintf+0x31e>
1000511e:	23c0      	movs	r3, #192	@ 0xc0
10005120:	009b      	lsls	r3, r3, #2
10005122:	431a      	orrs	r2, r3
10005124:	1cf3      	adds	r3, r6, #3
10005126:	4699      	mov	r9, r3
10005128:	78b0      	ldrb	r0, [r6, #2]
1000512a:	e582      	b.n	10004c32 <_vsnprintf+0xee>
1000512c:	23c0      	movs	r3, #192	@ 0xc0
1000512e:	431a      	orrs	r2, r3
10005130:	1cf3      	adds	r3, r6, #3
10005132:	4699      	mov	r9, r3
10005134:	78b0      	ldrb	r0, [r6, #2]
10005136:	e57c      	b.n	10004c32 <_vsnprintf+0xee>
10005138:	0035      	movs	r5, r6
1000513a:	465e      	mov	r6, fp
1000513c:	46bb      	mov	fp, r7
1000513e:	464f      	mov	r7, r9
10005140:	e657      	b.n	10004df2 <_vsnprintf+0x2ae>
10005142:	4643      	mov	r3, r8
10005144:	2b01      	cmp	r3, #1
10005146:	d800      	bhi.n	1000514a <_vsnprintf+0x606>
10005148:	e163      	b.n	10005412 <_vsnprintf+0x8ce>
1000514a:	1e63      	subs	r3, r4, #1
1000514c:	4443      	add	r3, r8
1000514e:	469a      	mov	sl, r3
10005150:	0033      	movs	r3, r6
10005152:	46b9      	mov	r9, r7
10005154:	002e      	movs	r6, r5
10005156:	465f      	mov	r7, fp
10005158:	4655      	mov	r5, sl
1000515a:	469b      	mov	fp, r3
1000515c:	46a2      	mov	sl, r4
1000515e:	0022      	movs	r2, r4
10005160:	464b      	mov	r3, r9
10005162:	3401      	adds	r4, #1
10005164:	0039      	movs	r1, r7
10005166:	2020      	movs	r0, #32
10005168:	47b0      	blx	r6
1000516a:	42ac      	cmp	r4, r5
1000516c:	d1f7      	bne.n	1000515e <_vsnprintf+0x61a>
1000516e:	0035      	movs	r5, r6
10005170:	465e      	mov	r6, fp
10005172:	46bb      	mov	fp, r7
10005174:	464f      	mov	r7, r9
10005176:	46a1      	mov	r9, r4
10005178:	4654      	mov	r4, sl
1000517a:	9b0c      	ldr	r3, [sp, #48]	@ 0x30
1000517c:	464a      	mov	r2, r9
1000517e:	7818      	ldrb	r0, [r3, #0]
10005180:	4659      	mov	r1, fp
10005182:	003b      	movs	r3, r7
10005184:	4444      	add	r4, r8
10005186:	47a8      	blx	r5
10005188:	e6d7      	b.n	10004f3a <_vsnprintf+0x3f6>
1000518a:	46a1      	mov	r9, r4
1000518c:	9b0f      	ldr	r3, [sp, #60]	@ 0x3c
1000518e:	4598      	cmp	r8, r3
10005190:	d800      	bhi.n	10005194 <_vsnprintf+0x650>
10005192:	e632      	b.n	10004dfa <_vsnprintf+0x2b6>
10005194:	4444      	add	r4, r8
10005196:	1ae4      	subs	r4, r4, r3
10005198:	0033      	movs	r3, r6
1000519a:	46b8      	mov	r8, r7
1000519c:	002e      	movs	r6, r5
1000519e:	465f      	mov	r7, fp
100051a0:	0025      	movs	r5, r4
100051a2:	464c      	mov	r4, r9
100051a4:	4699      	mov	r9, r3
100051a6:	0022      	movs	r2, r4
100051a8:	4643      	mov	r3, r8
100051aa:	3401      	adds	r4, #1
100051ac:	0039      	movs	r1, r7
100051ae:	2020      	movs	r0, #32
100051b0:	47b0      	blx	r6
100051b2:	42ac      	cmp	r4, r5
100051b4:	d1f7      	bne.n	100051a6 <_vsnprintf+0x662>
100051b6:	002c      	movs	r4, r5
100051b8:	46bb      	mov	fp, r7
100051ba:	0035      	movs	r5, r6
100051bc:	4647      	mov	r7, r8
100051be:	464e      	mov	r6, r9
100051c0:	e61b      	b.n	10004dfa <_vsnprintf+0x2b6>
100051c2:	2380      	movs	r3, #128	@ 0x80
100051c4:	0010      	movs	r0, r2
100051c6:	00db      	lsls	r3, r3, #3
100051c8:	4018      	ands	r0, r3
100051ca:	421a      	tst	r2, r3
100051cc:	d100      	bne.n	100051d0 <_vsnprintf+0x68c>
100051ce:	e10f      	b.n	100053f0 <_vsnprintf+0x8ac>
100051d0:	2111      	movs	r1, #17
100051d2:	0018      	movs	r0, r3
100051d4:	438a      	bics	r2, r1
100051d6:	920d      	str	r2, [sp, #52]	@ 0x34
100051d8:	9a0d      	ldr	r2, [sp, #52]	@ 0x34
100051da:	2380      	movs	r3, #128	@ 0x80
100051dc:	0011      	movs	r1, r2
100051de:	009b      	lsls	r3, r3, #2
100051e0:	4019      	ands	r1, r3
100051e2:	468c      	mov	ip, r1
100051e4:	421a      	tst	r2, r3
100051e6:	d169      	bne.n	100052bc <_vsnprintf+0x778>
100051e8:	2380      	movs	r3, #128	@ 0x80
100051ea:	0011      	movs	r1, r2
100051ec:	005b      	lsls	r3, r3, #1
100051ee:	4019      	ands	r1, r3
100051f0:	4689      	mov	r9, r1
100051f2:	990c      	ldr	r1, [sp, #48]	@ 0x30
100051f4:	3104      	adds	r1, #4
100051f6:	910f      	str	r1, [sp, #60]	@ 0x3c
100051f8:	421a      	tst	r2, r3
100051fa:	d000      	beq.n	100051fe <_vsnprintf+0x6ba>
100051fc:	e1ca      	b.n	10005594 <_vsnprintf+0xa50>
100051fe:	0013      	movs	r3, r2
10005200:	065b      	lsls	r3, r3, #25
10005202:	d500      	bpl.n	10005206 <_vsnprintf+0x6c2>
10005204:	e0f0      	b.n	100053e8 <_vsnprintf+0x8a4>
10005206:	0013      	movs	r3, r2
10005208:	061b      	lsls	r3, r3, #24
1000520a:	d400      	bmi.n	1000520e <_vsnprintf+0x6ca>
1000520c:	e259      	b.n	100056c2 <_vsnprintf+0xb7e>
1000520e:	9b0c      	ldr	r3, [sp, #48]	@ 0x30
10005210:	2200      	movs	r2, #0
10005212:	5e9b      	ldrsh	r3, [r3, r2]
10005214:	17d9      	asrs	r1, r3, #31
10005216:	185a      	adds	r2, r3, r1
10005218:	404a      	eors	r2, r1
1000521a:	b292      	uxth	r2, r2
1000521c:	0fd9      	lsrs	r1, r3, #31
1000521e:	910c      	str	r1, [sp, #48]	@ 0x30
10005220:	2b00      	cmp	r3, #0
10005222:	d100      	bne.n	10005226 <_vsnprintf+0x6e2>
10005224:	e1f9      	b.n	1000561a <_vsnprintf+0xad6>
10005226:	0010      	movs	r0, r2
10005228:	aa14      	add	r2, sp, #80	@ 0x50
1000522a:	4694      	mov	ip, r2
1000522c:	4642      	mov	r2, r8
1000522e:	231f      	movs	r3, #31
10005230:	9214      	str	r2, [sp, #80]	@ 0x50
10005232:	4652      	mov	r2, sl
10005234:	4463      	add	r3, ip
10005236:	46a8      	mov	r8, r5
10005238:	9416      	str	r4, [sp, #88]	@ 0x58
1000523a:	464d      	mov	r5, r9
1000523c:	0004      	movs	r4, r0
1000523e:	46b9      	mov	r9, r7
10005240:	46b2      	mov	sl, r6
10005242:	001f      	movs	r7, r3
10005244:	9215      	str	r2, [sp, #84]	@ 0x54
10005246:	e001      	b.n	1000524c <_vsnprintf+0x708>
10005248:	2d20      	cmp	r5, #32
1000524a:	d00f      	beq.n	1000526c <_vsnprintf+0x728>
1000524c:	0020      	movs	r0, r4
1000524e:	210a      	movs	r1, #10
10005250:	f7fd feda 	bl	10003008 <__wrap___aeabi_uidiv>
10005254:	3501      	adds	r5, #1
10005256:	197e      	adds	r6, r7, r5
10005258:	3130      	adds	r1, #48	@ 0x30
1000525a:	7031      	strb	r1, [r6, #0]
1000525c:	0020      	movs	r0, r4
1000525e:	210a      	movs	r1, #10
10005260:	f7fd fed2 	bl	10003008 <__wrap___aeabi_uidiv>
10005264:	0026      	movs	r6, r4
10005266:	0004      	movs	r4, r0
10005268:	2e09      	cmp	r6, #9
1000526a:	d8ed      	bhi.n	10005248 <_vsnprintf+0x704>
1000526c:	9b14      	ldr	r3, [sp, #80]	@ 0x50
1000526e:	464f      	mov	r7, r9
10005270:	46a9      	mov	r9, r5
10005272:	4645      	mov	r5, r8
10005274:	4698      	mov	r8, r3
10005276:	9b15      	ldr	r3, [sp, #84]	@ 0x54
10005278:	4656      	mov	r6, sl
1000527a:	469a      	mov	sl, r3
1000527c:	9c16      	ldr	r4, [sp, #88]	@ 0x58
1000527e:	9b0d      	ldr	r3, [sp, #52]	@ 0x34
10005280:	9306      	str	r3, [sp, #24]
10005282:	4643      	mov	r3, r8
10005284:	9305      	str	r3, [sp, #20]
10005286:	4653      	mov	r3, sl
10005288:	9304      	str	r3, [sp, #16]
1000528a:	230a      	movs	r3, #10
1000528c:	9303      	str	r3, [sp, #12]
1000528e:	9b0c      	ldr	r3, [sp, #48]	@ 0x30
10005290:	9302      	str	r3, [sp, #8]
10005292:	464b      	mov	r3, r9
10005294:	9301      	str	r3, [sp, #4]
10005296:	ab1c      	add	r3, sp, #112	@ 0x70
10005298:	0022      	movs	r2, r4
1000529a:	9300      	str	r3, [sp, #0]
1000529c:	4659      	mov	r1, fp
1000529e:	003b      	movs	r3, r7
100052a0:	0028      	movs	r0, r5
100052a2:	f7fe fe47 	bl	10003f34 <_ntoa_format>
100052a6:	9b0f      	ldr	r3, [sp, #60]	@ 0x3c
100052a8:	0004      	movs	r4, r0
100052aa:	930c      	str	r3, [sp, #48]	@ 0x30
100052ac:	e472      	b.n	10004b94 <_vsnprintf+0x50>
100052ae:	46c0      	nop			@ (mov r8, r8)
100052b0:	10003e85 	.word	0x10003e85
100052b4:	230c      	movs	r3, #12
100052b6:	439a      	bics	r2, r3
100052b8:	0010      	movs	r0, r2
100052ba:	e6e7      	b.n	1000508c <_vsnprintf+0x548>
100052bc:	2207      	movs	r2, #7
100052be:	9b0c      	ldr	r3, [sp, #48]	@ 0x30
100052c0:	3307      	adds	r3, #7
100052c2:	4393      	bics	r3, r2
100052c4:	3201      	adds	r2, #1
100052c6:	4694      	mov	ip, r2
100052c8:	449c      	add	ip, r3
100052ca:	4662      	mov	r2, ip
100052cc:	920c      	str	r2, [sp, #48]	@ 0x30
100052ce:	cb0c      	ldmia	r3, {r2, r3}
100052d0:	0fd9      	lsrs	r1, r3, #31
100052d2:	910f      	str	r1, [sp, #60]	@ 0x3c
100052d4:	0011      	movs	r1, r2
100052d6:	4319      	orrs	r1, r3
100052d8:	d100      	bne.n	100052dc <_vsnprintf+0x798>
100052da:	e091      	b.n	10005400 <_vsnprintf+0x8bc>
100052dc:	17d9      	asrs	r1, r3, #31
100052de:	9113      	str	r1, [sp, #76]	@ 0x4c
100052e0:	9112      	str	r1, [sp, #72]	@ 0x48
100052e2:	4051      	eors	r1, r2
100052e4:	9110      	str	r1, [sp, #64]	@ 0x40
100052e6:	9913      	ldr	r1, [sp, #76]	@ 0x4c
100052e8:	4059      	eors	r1, r3
100052ea:	9111      	str	r1, [sp, #68]	@ 0x44
100052ec:	9810      	ldr	r0, [sp, #64]	@ 0x40
100052ee:	9911      	ldr	r1, [sp, #68]	@ 0x44
100052f0:	9a12      	ldr	r2, [sp, #72]	@ 0x48
100052f2:	9b13      	ldr	r3, [sp, #76]	@ 0x4c
100052f4:	1a80      	subs	r0, r0, r2
100052f6:	4199      	sbcs	r1, r3
100052f8:	9010      	str	r0, [sp, #64]	@ 0x40
100052fa:	9111      	str	r1, [sp, #68]	@ 0x44
100052fc:	aa14      	add	r2, sp, #80	@ 0x50
100052fe:	2300      	movs	r3, #0
10005300:	4694      	mov	ip, r2
10005302:	4642      	mov	r2, r8
10005304:	4699      	mov	r9, r3
10005306:	9214      	str	r2, [sp, #80]	@ 0x50
10005308:	4652      	mov	r2, sl
1000530a:	331f      	adds	r3, #31
1000530c:	4463      	add	r3, ip
1000530e:	46a8      	mov	r8, r5
10005310:	46b2      	mov	sl, r6
10005312:	9416      	str	r4, [sp, #88]	@ 0x58
10005314:	464e      	mov	r6, r9
10005316:	9c10      	ldr	r4, [sp, #64]	@ 0x40
10005318:	9d11      	ldr	r5, [sp, #68]	@ 0x44
1000531a:	46b9      	mov	r9, r7
1000531c:	9215      	str	r2, [sp, #84]	@ 0x54
1000531e:	001f      	movs	r7, r3
10005320:	e001      	b.n	10005326 <_vsnprintf+0x7e2>
10005322:	2e20      	cmp	r6, #32
10005324:	d010      	beq.n	10005348 <_vsnprintf+0x804>
10005326:	0020      	movs	r0, r4
10005328:	0029      	movs	r1, r5
1000532a:	220a      	movs	r2, #10
1000532c:	2300      	movs	r3, #0
1000532e:	f7fd fea9 	bl	10003084 <__wrap___aeabi_uldivmod>
10005332:	3601      	adds	r6, #1
10005334:	3230      	adds	r2, #48	@ 0x30
10005336:	002b      	movs	r3, r5
10005338:	55ba      	strb	r2, [r7, r6]
1000533a:	000d      	movs	r5, r1
1000533c:	0022      	movs	r2, r4
1000533e:	0004      	movs	r4, r0
10005340:	2b00      	cmp	r3, #0
10005342:	d1ee      	bne.n	10005322 <_vsnprintf+0x7de>
10005344:	2a09      	cmp	r2, #9
10005346:	d8ec      	bhi.n	10005322 <_vsnprintf+0x7de>
10005348:	9b14      	ldr	r3, [sp, #80]	@ 0x50
1000534a:	9410      	str	r4, [sp, #64]	@ 0x40
1000534c:	9511      	str	r5, [sp, #68]	@ 0x44
1000534e:	4645      	mov	r5, r8
10005350:	4698      	mov	r8, r3
10005352:	9b15      	ldr	r3, [sp, #84]	@ 0x54
10005354:	464f      	mov	r7, r9
10005356:	46b1      	mov	r9, r6
10005358:	4656      	mov	r6, sl
1000535a:	469a      	mov	sl, r3
1000535c:	9c16      	ldr	r4, [sp, #88]	@ 0x58
1000535e:	9b0d      	ldr	r3, [sp, #52]	@ 0x34
10005360:	9306      	str	r3, [sp, #24]
10005362:	4643      	mov	r3, r8
10005364:	9305      	str	r3, [sp, #20]
10005366:	4653      	mov	r3, sl
10005368:	9304      	str	r3, [sp, #16]
1000536a:	230a      	movs	r3, #10
1000536c:	9303      	str	r3, [sp, #12]
1000536e:	9b0f      	ldr	r3, [sp, #60]	@ 0x3c
10005370:	9302      	str	r3, [sp, #8]
10005372:	464b      	mov	r3, r9
10005374:	9301      	str	r3, [sp, #4]
10005376:	ab1c      	add	r3, sp, #112	@ 0x70
10005378:	0022      	movs	r2, r4
1000537a:	9300      	str	r3, [sp, #0]
1000537c:	4659      	mov	r1, fp
1000537e:	003b      	movs	r3, r7
10005380:	0028      	movs	r0, r5
10005382:	f7fe fdd7 	bl	10003f34 <_ntoa_format>
10005386:	0004      	movs	r4, r0
10005388:	f7ff fc04 	bl	10004b94 <_vsnprintf+0x50>
1000538c:	9b0f      	ldr	r3, [sp, #60]	@ 0x3c
1000538e:	4598      	cmp	r8, r3
10005390:	d800      	bhi.n	10005394 <_vsnprintf+0x850>
10005392:	e1c1      	b.n	10005718 <_vsnprintf+0xbd4>
10005394:	2380      	movs	r3, #128	@ 0x80
10005396:	00db      	lsls	r3, r3, #3
10005398:	930d      	str	r3, [sp, #52]	@ 0x34
1000539a:	4643      	mov	r3, r8
1000539c:	9a0f      	ldr	r2, [sp, #60]	@ 0x3c
1000539e:	191b      	adds	r3, r3, r4
100053a0:	1a9b      	subs	r3, r3, r2
100053a2:	4699      	mov	r9, r3
100053a4:	0033      	movs	r3, r6
100053a6:	002e      	movs	r6, r5
100053a8:	464d      	mov	r5, r9
100053aa:	46b9      	mov	r9, r7
100053ac:	465f      	mov	r7, fp
100053ae:	469b      	mov	fp, r3
100053b0:	910c      	str	r1, [sp, #48]	@ 0x30
100053b2:	0022      	movs	r2, r4
100053b4:	464b      	mov	r3, r9
100053b6:	3401      	adds	r4, #1
100053b8:	0039      	movs	r1, r7
100053ba:	2020      	movs	r0, #32
100053bc:	47b0      	blx	r6
100053be:	42ac      	cmp	r4, r5
100053c0:	d1f7      	bne.n	100053b2 <_vsnprintf+0x86e>
100053c2:	4643      	mov	r3, r8
100053c4:	990c      	ldr	r1, [sp, #48]	@ 0x30
100053c6:	3301      	adds	r3, #1
100053c8:	930f      	str	r3, [sp, #60]	@ 0x3c
100053ca:	780b      	ldrb	r3, [r1, #0]
100053cc:	0035      	movs	r5, r6
100053ce:	930c      	str	r3, [sp, #48]	@ 0x30
100053d0:	465e      	mov	r6, fp
100053d2:	46bb      	mov	fp, r7
100053d4:	464f      	mov	r7, r9
100053d6:	2b00      	cmp	r3, #0
100053d8:	d100      	bne.n	100053dc <_vsnprintf+0x898>
100053da:	e50e      	b.n	10004dfa <_vsnprintf+0x2b6>
100053dc:	9b0d      	ldr	r3, [sp, #52]	@ 0x34
100053de:	2b00      	cmp	r3, #0
100053e0:	d100      	bne.n	100053e4 <_vsnprintf+0x8a0>
100053e2:	e4f6      	b.n	10004dd2 <_vsnprintf+0x28e>
100053e4:	2300      	movs	r3, #0
100053e6:	e619      	b.n	1000501c <_vsnprintf+0x4d8>
100053e8:	9b0c      	ldr	r3, [sp, #48]	@ 0x30
100053ea:	781b      	ldrb	r3, [r3, #0]
100053ec:	001a      	movs	r2, r3
100053ee:	e715      	b.n	1000521c <_vsnprintf+0x6d8>
100053f0:	2310      	movs	r3, #16
100053f2:	439a      	bics	r2, r3
100053f4:	920d      	str	r2, [sp, #52]	@ 0x34
100053f6:	e6ef      	b.n	100051d8 <_vsnprintf+0x694>
100053f8:	9b0c      	ldr	r3, [sp, #48]	@ 0x30
100053fa:	781b      	ldrb	r3, [r3, #0]
100053fc:	9309      	str	r3, [sp, #36]	@ 0x24
100053fe:	e661      	b.n	100050c4 <_vsnprintf+0x580>
10005400:	2300      	movs	r3, #0
10005402:	4699      	mov	r9, r3
10005404:	2800      	cmp	r0, #0
10005406:	d1aa      	bne.n	1000535e <_vsnprintf+0x81a>
10005408:	2200      	movs	r2, #0
1000540a:	2300      	movs	r3, #0
1000540c:	9210      	str	r2, [sp, #64]	@ 0x40
1000540e:	9311      	str	r3, [sp, #68]	@ 0x44
10005410:	e774      	b.n	100052fc <_vsnprintf+0x7b8>
10005412:	9b0c      	ldr	r3, [sp, #48]	@ 0x30
10005414:	0022      	movs	r2, r4
10005416:	7818      	ldrb	r0, [r3, #0]
10005418:	4659      	mov	r1, fp
1000541a:	003b      	movs	r3, r7
1000541c:	47a8      	blx	r5
1000541e:	464c      	mov	r4, r9
10005420:	e58b      	b.n	10004f3a <_vsnprintf+0x3f6>
10005422:	9a0c      	ldr	r2, [sp, #48]	@ 0x30
10005424:	3bfa      	subs	r3, #250	@ 0xfa
10005426:	3bff      	subs	r3, #255	@ 0xff
10005428:	3207      	adds	r2, #7
1000542a:	439a      	bics	r2, r3
1000542c:	3301      	adds	r3, #1
1000542e:	4699      	mov	r9, r3
10005430:	4491      	add	r9, r2
10005432:	464b      	mov	r3, r9
10005434:	930c      	str	r3, [sp, #48]	@ 0x30
10005436:	6813      	ldr	r3, [r2, #0]
10005438:	6852      	ldr	r2, [r2, #4]
1000543a:	9215      	str	r2, [sp, #84]	@ 0x54
1000543c:	431a      	orrs	r2, r3
1000543e:	d106      	bne.n	1000544e <_vsnprintf+0x90a>
10005440:	3210      	adds	r2, #16
10005442:	4390      	bics	r0, r2
10005444:	2200      	movs	r2, #0
10005446:	9209      	str	r2, [sp, #36]	@ 0x24
10005448:	2900      	cmp	r1, #0
1000544a:	d000      	beq.n	1000544e <_vsnprintf+0x90a>
1000544c:	e081      	b.n	10005552 <_vsnprintf+0xa0e>
1000544e:	2261      	movs	r2, #97	@ 0x61
10005450:	0681      	lsls	r1, r0, #26
10005452:	d500      	bpl.n	10005456 <_vsnprintf+0x912>
10005454:	2241      	movs	r2, #65	@ 0x41
10005456:	b2d2      	uxtb	r2, r2
10005458:	920a      	str	r2, [sp, #40]	@ 0x28
1000545a:	aa14      	add	r2, sp, #80	@ 0x50
1000545c:	4691      	mov	r9, r2
1000545e:	9a0a      	ldr	r2, [sp, #40]	@ 0x28
10005460:	2100      	movs	r1, #0
10005462:	3a0a      	subs	r2, #10
10005464:	9214      	str	r2, [sp, #80]	@ 0x50
10005466:	4642      	mov	r2, r8
10005468:	9217      	str	r2, [sp, #92]	@ 0x5c
1000546a:	4652      	mov	r2, sl
1000546c:	9218      	str	r2, [sp, #96]	@ 0x60
1000546e:	465a      	mov	r2, fp
10005470:	9109      	str	r1, [sp, #36]	@ 0x24
10005472:	46b3      	mov	fp, r6
10005474:	311f      	adds	r1, #31
10005476:	001e      	movs	r6, r3
10005478:	9b0f      	ldr	r3, [sp, #60]	@ 0x3c
1000547a:	4449      	add	r1, r9
1000547c:	46ba      	mov	sl, r7
1000547e:	9419      	str	r4, [sp, #100]	@ 0x64
10005480:	951a      	str	r5, [sp, #104]	@ 0x68
10005482:	2400      	movs	r4, #0
10005484:	4667      	mov	r7, ip
10005486:	4698      	mov	r8, r3
10005488:	4689      	mov	r9, r1
1000548a:	9d15      	ldr	r5, [sp, #84]	@ 0x54
1000548c:	9016      	str	r0, [sp, #88]	@ 0x58
1000548e:	921b      	str	r2, [sp, #108]	@ 0x6c
10005490:	e00a      	b.n	100054a8 <_vsnprintf+0x964>
10005492:	3230      	adds	r2, #48	@ 0x30
10005494:	b2d2      	uxtb	r2, r2
10005496:	464b      	mov	r3, r9
10005498:	3401      	adds	r4, #1
1000549a:	551a      	strb	r2, [r3, r4]
1000549c:	45a8      	cmp	r8, r5
1000549e:	d04a      	beq.n	10005536 <_vsnprintf+0x9f2>
100054a0:	2c20      	cmp	r4, #32
100054a2:	d04a      	beq.n	1000553a <_vsnprintf+0x9f6>
100054a4:	0006      	movs	r6, r0
100054a6:	000d      	movs	r5, r1
100054a8:	003a      	movs	r2, r7
100054aa:	2300      	movs	r3, #0
100054ac:	0030      	movs	r0, r6
100054ae:	0029      	movs	r1, r5
100054b0:	f7fd fde8 	bl	10003084 <__wrap___aeabi_uldivmod>
100054b4:	b2d2      	uxtb	r2, r2
100054b6:	2a09      	cmp	r2, #9
100054b8:	d9eb      	bls.n	10005492 <_vsnprintf+0x94e>
100054ba:	9b14      	ldr	r3, [sp, #80]	@ 0x50
100054bc:	469c      	mov	ip, r3
100054be:	4462      	add	r2, ip
100054c0:	b2d2      	uxtb	r2, r2
100054c2:	e7e8      	b.n	10005496 <_vsnprintf+0x952>
100054c4:	2361      	movs	r3, #97	@ 0x61
100054c6:	0682      	lsls	r2, r0, #26
100054c8:	d500      	bpl.n	100054cc <_vsnprintf+0x988>
100054ca:	2341      	movs	r3, #65	@ 0x41
100054cc:	b2db      	uxtb	r3, r3
100054ce:	3b0a      	subs	r3, #10
100054d0:	930c      	str	r3, [sp, #48]	@ 0x30
100054d2:	4643      	mov	r3, r8
100054d4:	a914      	add	r1, sp, #80	@ 0x50
100054d6:	221f      	movs	r2, #31
100054d8:	468c      	mov	ip, r1
100054da:	9315      	str	r3, [sp, #84]	@ 0x54
100054dc:	4653      	mov	r3, sl
100054de:	4462      	add	r2, ip
100054e0:	46a0      	mov	r8, r4
100054e2:	46b2      	mov	sl, r6
100054e4:	464c      	mov	r4, r9
100054e6:	9717      	str	r7, [sp, #92]	@ 0x5c
100054e8:	46a9      	mov	r9, r5
100054ea:	0017      	movs	r7, r2
100054ec:	9d09      	ldr	r5, [sp, #36]	@ 0x24
100054ee:	9e0d      	ldr	r6, [sp, #52]	@ 0x34
100054f0:	9014      	str	r0, [sp, #80]	@ 0x50
100054f2:	9316      	str	r3, [sp, #88]	@ 0x58
100054f4:	e008      	b.n	10005508 <_vsnprintf+0x9c4>
100054f6:	3330      	adds	r3, #48	@ 0x30
100054f8:	b2db      	uxtb	r3, r3
100054fa:	3401      	adds	r4, #1
100054fc:	553b      	strb	r3, [r7, r4]
100054fe:	42b5      	cmp	r5, r6
10005500:	d30e      	bcc.n	10005520 <_vsnprintf+0x9dc>
10005502:	2c20      	cmp	r4, #32
10005504:	d00c      	beq.n	10005520 <_vsnprintf+0x9dc>
10005506:	0005      	movs	r5, r0
10005508:	0031      	movs	r1, r6
1000550a:	0028      	movs	r0, r5
1000550c:	f7fd fd7c 	bl	10003008 <__wrap___aeabi_uidiv>
10005510:	b2cb      	uxtb	r3, r1
10005512:	2909      	cmp	r1, #9
10005514:	d9ef      	bls.n	100054f6 <_vsnprintf+0x9b2>
10005516:	9a0c      	ldr	r2, [sp, #48]	@ 0x30
10005518:	4694      	mov	ip, r2
1000551a:	4463      	add	r3, ip
1000551c:	b2db      	uxtb	r3, r3
1000551e:	e7ec      	b.n	100054fa <_vsnprintf+0x9b6>
10005520:	9b15      	ldr	r3, [sp, #84]	@ 0x54
10005522:	464d      	mov	r5, r9
10005524:	46a1      	mov	r9, r4
10005526:	4644      	mov	r4, r8
10005528:	4698      	mov	r8, r3
1000552a:	9b16      	ldr	r3, [sp, #88]	@ 0x58
1000552c:	4656      	mov	r6, sl
1000552e:	9814      	ldr	r0, [sp, #80]	@ 0x50
10005530:	469a      	mov	sl, r3
10005532:	9f17      	ldr	r7, [sp, #92]	@ 0x5c
10005534:	e5d0      	b.n	100050d8 <_vsnprintf+0x594>
10005536:	42b7      	cmp	r7, r6
10005538:	d9b2      	bls.n	100054a0 <_vsnprintf+0x95c>
1000553a:	9b17      	ldr	r3, [sp, #92]	@ 0x5c
1000553c:	4657      	mov	r7, sl
1000553e:	4698      	mov	r8, r3
10005540:	9b18      	ldr	r3, [sp, #96]	@ 0x60
10005542:	465e      	mov	r6, fp
10005544:	469a      	mov	sl, r3
10005546:	9b1b      	ldr	r3, [sp, #108]	@ 0x6c
10005548:	9409      	str	r4, [sp, #36]	@ 0x24
1000554a:	469b      	mov	fp, r3
1000554c:	9816      	ldr	r0, [sp, #88]	@ 0x58
1000554e:	9c19      	ldr	r4, [sp, #100]	@ 0x64
10005550:	9d1a      	ldr	r5, [sp, #104]	@ 0x68
10005552:	4643      	mov	r3, r8
10005554:	9305      	str	r3, [sp, #20]
10005556:	4653      	mov	r3, sl
10005558:	9304      	str	r3, [sp, #16]
1000555a:	9b0d      	ldr	r3, [sp, #52]	@ 0x34
1000555c:	9006      	str	r0, [sp, #24]
1000555e:	9303      	str	r3, [sp, #12]
10005560:	2300      	movs	r3, #0
10005562:	9302      	str	r3, [sp, #8]
10005564:	9b09      	ldr	r3, [sp, #36]	@ 0x24
10005566:	e705      	b.n	10005374 <_vsnprintf+0x830>
10005568:	9b0f      	ldr	r3, [sp, #60]	@ 0x3c
1000556a:	4598      	cmp	r8, r3
1000556c:	d900      	bls.n	10005570 <_vsnprintf+0xa2c>
1000556e:	e714      	b.n	1000539a <_vsnprintf+0x856>
10005570:	3301      	adds	r3, #1
10005572:	930f      	str	r3, [sp, #60]	@ 0x3c
10005574:	e42d      	b.n	10004dd2 <_vsnprintf+0x28e>
10005576:	2310      	movs	r3, #16
10005578:	0011      	movs	r1, r2
1000557a:	4399      	bics	r1, r3
1000557c:	910d      	str	r1, [sp, #52]	@ 0x34
1000557e:	2869      	cmp	r0, #105	@ 0x69
10005580:	d000      	beq.n	10005584 <_vsnprintf+0xa40>
10005582:	e0ba      	b.n	100056fa <_vsnprintf+0xbb6>
10005584:	2380      	movs	r3, #128	@ 0x80
10005586:	0010      	movs	r0, r2
10005588:	00db      	lsls	r3, r3, #3
1000558a:	4018      	ands	r0, r3
1000558c:	421a      	tst	r2, r3
1000558e:	d100      	bne.n	10005592 <_vsnprintf+0xa4e>
10005590:	e622      	b.n	100051d8 <_vsnprintf+0x694>
10005592:	e61d      	b.n	100051d0 <_vsnprintf+0x68c>
10005594:	9b0c      	ldr	r3, [sp, #48]	@ 0x30
10005596:	681b      	ldr	r3, [r3, #0]
10005598:	0fda      	lsrs	r2, r3, #31
1000559a:	0011      	movs	r1, r2
1000559c:	2b00      	cmp	r3, #0
1000559e:	d100      	bne.n	100055a2 <_vsnprintf+0xa5e>
100055a0:	e08c      	b.n	100056bc <_vsnprintf+0xb78>
100055a2:	17da      	asrs	r2, r3, #31
100055a4:	1898      	adds	r0, r3, r2
100055a6:	4050      	eors	r0, r2
100055a8:	aa14      	add	r2, sp, #80	@ 0x50
100055aa:	4691      	mov	r9, r2
100055ac:	4642      	mov	r2, r8
100055ae:	231f      	movs	r3, #31
100055b0:	9214      	str	r2, [sp, #80]	@ 0x50
100055b2:	4652      	mov	r2, sl
100055b4:	444b      	add	r3, r9
100055b6:	46a0      	mov	r8, r4
100055b8:	46a9      	mov	r9, r5
100055ba:	9716      	str	r7, [sp, #88]	@ 0x58
100055bc:	0004      	movs	r4, r0
100055be:	4665      	mov	r5, ip
100055c0:	46b2      	mov	sl, r6
100055c2:	001f      	movs	r7, r3
100055c4:	910c      	str	r1, [sp, #48]	@ 0x30
100055c6:	9215      	str	r2, [sp, #84]	@ 0x54
100055c8:	e001      	b.n	100055ce <_vsnprintf+0xa8a>
100055ca:	2d20      	cmp	r5, #32
100055cc:	d00f      	beq.n	100055ee <_vsnprintf+0xaaa>
100055ce:	0020      	movs	r0, r4
100055d0:	210a      	movs	r1, #10
100055d2:	f7fd fd19 	bl	10003008 <__wrap___aeabi_uidiv>
100055d6:	3501      	adds	r5, #1
100055d8:	197e      	adds	r6, r7, r5
100055da:	3130      	adds	r1, #48	@ 0x30
100055dc:	7031      	strb	r1, [r6, #0]
100055de:	0020      	movs	r0, r4
100055e0:	210a      	movs	r1, #10
100055e2:	f7fd fd11 	bl	10003008 <__wrap___aeabi_uidiv>
100055e6:	0026      	movs	r6, r4
100055e8:	0004      	movs	r4, r0
100055ea:	2e09      	cmp	r6, #9
100055ec:	d8ed      	bhi.n	100055ca <_vsnprintf+0xa86>
100055ee:	9b14      	ldr	r3, [sp, #80]	@ 0x50
100055f0:	4644      	mov	r4, r8
100055f2:	4698      	mov	r8, r3
100055f4:	9b0c      	ldr	r3, [sp, #48]	@ 0x30
100055f6:	46ac      	mov	ip, r5
100055f8:	0019      	movs	r1, r3
100055fa:	9b15      	ldr	r3, [sp, #84]	@ 0x54
100055fc:	4656      	mov	r6, sl
100055fe:	464d      	mov	r5, r9
10005600:	469a      	mov	sl, r3
10005602:	9f16      	ldr	r7, [sp, #88]	@ 0x58
10005604:	9b0d      	ldr	r3, [sp, #52]	@ 0x34
10005606:	9102      	str	r1, [sp, #8]
10005608:	9306      	str	r3, [sp, #24]
1000560a:	4643      	mov	r3, r8
1000560c:	9305      	str	r3, [sp, #20]
1000560e:	4653      	mov	r3, sl
10005610:	9304      	str	r3, [sp, #16]
10005612:	230a      	movs	r3, #10
10005614:	9303      	str	r3, [sp, #12]
10005616:	4663      	mov	r3, ip
10005618:	e63c      	b.n	10005294 <_vsnprintf+0x750>
1000561a:	2800      	cmp	r0, #0
1000561c:	d000      	beq.n	10005620 <_vsnprintf+0xadc>
1000561e:	e62e      	b.n	1000527e <_vsnprintf+0x73a>
10005620:	e602      	b.n	10005228 <_vsnprintf+0x6e4>
10005622:	9b0c      	ldr	r3, [sp, #48]	@ 0x30
10005624:	681b      	ldr	r3, [r3, #0]
10005626:	4699      	mov	r9, r3
10005628:	2b00      	cmp	r3, #0
1000562a:	d103      	bne.n	10005634 <_vsnprintf+0xaf0>
1000562c:	3310      	adds	r3, #16
1000562e:	4398      	bics	r0, r3
10005630:	2900      	cmp	r1, #0
10005632:	d138      	bne.n	100056a6 <_vsnprintf+0xb62>
10005634:	2361      	movs	r3, #97	@ 0x61
10005636:	0682      	lsls	r2, r0, #26
10005638:	d500      	bpl.n	1000563c <_vsnprintf+0xaf8>
1000563a:	2341      	movs	r3, #65	@ 0x41
1000563c:	b2db      	uxtb	r3, r3
1000563e:	3b0a      	subs	r3, #10
10005640:	930c      	str	r3, [sp, #48]	@ 0x30
10005642:	4643      	mov	r3, r8
10005644:	9316      	str	r3, [sp, #88]	@ 0x58
10005646:	4653      	mov	r3, sl
10005648:	a914      	add	r1, sp, #80	@ 0x50
1000564a:	221f      	movs	r2, #31
1000564c:	468c      	mov	ip, r1
1000564e:	9317      	str	r3, [sp, #92]	@ 0x5c
10005650:	002b      	movs	r3, r5
10005652:	4462      	add	r2, ip
10005654:	46a0      	mov	r8, r4
10005656:	464d      	mov	r5, r9
10005658:	46b2      	mov	sl, r6
1000565a:	9718      	str	r7, [sp, #96]	@ 0x60
1000565c:	4699      	mov	r9, r3
1000565e:	0017      	movs	r7, r2
10005660:	9c14      	ldr	r4, [sp, #80]	@ 0x50
10005662:	9e0d      	ldr	r6, [sp, #52]	@ 0x34
10005664:	9015      	str	r0, [sp, #84]	@ 0x54
10005666:	e008      	b.n	1000567a <_vsnprintf+0xb36>
10005668:	3330      	adds	r3, #48	@ 0x30
1000566a:	b2db      	uxtb	r3, r3
1000566c:	3401      	adds	r4, #1
1000566e:	553b      	strb	r3, [r7, r4]
10005670:	42b5      	cmp	r5, r6
10005672:	d30e      	bcc.n	10005692 <_vsnprintf+0xb4e>
10005674:	2c20      	cmp	r4, #32
10005676:	d00c      	beq.n	10005692 <_vsnprintf+0xb4e>
10005678:	0005      	movs	r5, r0
1000567a:	0031      	movs	r1, r6
1000567c:	0028      	movs	r0, r5
1000567e:	f7fd fcc3 	bl	10003008 <__wrap___aeabi_uidiv>
10005682:	b2cb      	uxtb	r3, r1
10005684:	2909      	cmp	r1, #9
10005686:	d9ef      	bls.n	10005668 <_vsnprintf+0xb24>
10005688:	9a0c      	ldr	r2, [sp, #48]	@ 0x30
1000568a:	4694      	mov	ip, r2
1000568c:	4463      	add	r3, ip
1000568e:	b2db      	uxtb	r3, r3
10005690:	e7ec      	b.n	1000566c <_vsnprintf+0xb28>
10005692:	9b16      	ldr	r3, [sp, #88]	@ 0x58
10005694:	9414      	str	r4, [sp, #80]	@ 0x50
10005696:	4644      	mov	r4, r8
10005698:	4698      	mov	r8, r3
1000569a:	9b17      	ldr	r3, [sp, #92]	@ 0x5c
1000569c:	4656      	mov	r6, sl
1000569e:	464d      	mov	r5, r9
100056a0:	469a      	mov	sl, r3
100056a2:	9815      	ldr	r0, [sp, #84]	@ 0x54
100056a4:	9f18      	ldr	r7, [sp, #96]	@ 0x60
100056a6:	4643      	mov	r3, r8
100056a8:	9305      	str	r3, [sp, #20]
100056aa:	4653      	mov	r3, sl
100056ac:	9304      	str	r3, [sp, #16]
100056ae:	9b0d      	ldr	r3, [sp, #52]	@ 0x34
100056b0:	9006      	str	r0, [sp, #24]
100056b2:	9303      	str	r3, [sp, #12]
100056b4:	2300      	movs	r3, #0
100056b6:	9302      	str	r3, [sp, #8]
100056b8:	9b14      	ldr	r3, [sp, #80]	@ 0x50
100056ba:	e5eb      	b.n	10005294 <_vsnprintf+0x750>
100056bc:	2800      	cmp	r0, #0
100056be:	d1a1      	bne.n	10005604 <_vsnprintf+0xac0>
100056c0:	e772      	b.n	100055a8 <_vsnprintf+0xa64>
100056c2:	9b0c      	ldr	r3, [sp, #48]	@ 0x30
100056c4:	681b      	ldr	r3, [r3, #0]
100056c6:	17d9      	asrs	r1, r3, #31
100056c8:	185a      	adds	r2, r3, r1
100056ca:	404a      	eors	r2, r1
100056cc:	e5a6      	b.n	1000521c <_vsnprintf+0x6d8>
100056ce:	2380      	movs	r3, #128	@ 0x80
100056d0:	0010      	movs	r0, r2
100056d2:	00db      	lsls	r3, r3, #3
100056d4:	4018      	ands	r0, r3
100056d6:	469c      	mov	ip, r3
100056d8:	900f      	str	r0, [sp, #60]	@ 0x3c
100056da:	421a      	tst	r2, r3
100056dc:	d00f      	beq.n	100056fe <_vsnprintf+0xbba>
100056de:	2002      	movs	r0, #2
100056e0:	0003      	movs	r3, r0
100056e2:	4013      	ands	r3, r2
100056e4:	930f      	str	r3, [sp, #60]	@ 0x3c
100056e6:	4210      	tst	r0, r2
100056e8:	d019      	beq.n	1000571e <_vsnprintf+0xbda>
100056ea:	2300      	movs	r3, #0
100056ec:	46a1      	mov	r9, r4
100056ee:	930f      	str	r3, [sp, #60]	@ 0x3c
100056f0:	e54c      	b.n	1000518c <_vsnprintf+0x648>
100056f2:	9b0c      	ldr	r3, [sp, #48]	@ 0x30
100056f4:	681b      	ldr	r3, [r3, #0]
100056f6:	9309      	str	r3, [sp, #36]	@ 0x24
100056f8:	e4e4      	b.n	100050c4 <_vsnprintf+0x580>
100056fa:	000a      	movs	r2, r1
100056fc:	e434      	b.n	10004f68 <_vsnprintf+0x424>
100056fe:	2302      	movs	r3, #2
10005700:	0018      	movs	r0, r3
10005702:	4010      	ands	r0, r2
10005704:	900d      	str	r0, [sp, #52]	@ 0x34
10005706:	4213      	tst	r3, r2
10005708:	d000      	beq.n	1000570c <_vsnprintf+0xbc8>
1000570a:	e53e      	b.n	1000518a <_vsnprintf+0x646>
1000570c:	4643      	mov	r3, r8
1000570e:	2b00      	cmp	r3, #0
10005710:	d000      	beq.n	10005714 <_vsnprintf+0xbd0>
10005712:	e642      	b.n	1000539a <_vsnprintf+0x856>
10005714:	f7ff fb71 	bl	10004dfa <_vsnprintf+0x2b6>
10005718:	3301      	adds	r3, #1
1000571a:	930f      	str	r3, [sp, #60]	@ 0x3c
1000571c:	e47f      	b.n	1000501e <_vsnprintf+0x4da>
1000571e:	4663      	mov	r3, ip
10005720:	930d      	str	r3, [sp, #52]	@ 0x34
10005722:	e7f3      	b.n	1000570c <_vsnprintf+0xbc8>

10005724 <__wrap_snprintf>:
10005724:	b40c      	push	{r2, r3}
10005726:	b530      	push	{r4, r5, lr}
10005728:	b085      	sub	sp, #20
1000572a:	ac08      	add	r4, sp, #32
1000572c:	cc08      	ldmia	r4!, {r3}
1000572e:	4d06      	ldr	r5, [pc, #24]	@ (10005748 <__wrap_snprintf+0x24>)
10005730:	000a      	movs	r2, r1
10005732:	9400      	str	r4, [sp, #0]
10005734:	0001      	movs	r1, r0
10005736:	0028      	movs	r0, r5
10005738:	9403      	str	r4, [sp, #12]
1000573a:	f7ff fa03 	bl	10004b44 <_vsnprintf>
1000573e:	b005      	add	sp, #20
10005740:	bc30      	pop	{r4, r5}
10005742:	bc08      	pop	{r3}
10005744:	b002      	add	sp, #8
10005746:	4718      	bx	r3
10005748:	10003e7d 	.word	0x10003e7d

1000574c <vfctprintf>:
1000574c:	b510      	push	{r4, lr}
1000574e:	000c      	movs	r4, r1
10005750:	b084      	sub	sp, #16
10005752:	9403      	str	r4, [sp, #12]
10005754:	2401      	movs	r4, #1
10005756:	a902      	add	r1, sp, #8
10005758:	9002      	str	r0, [sp, #8]
1000575a:	9300      	str	r3, [sp, #0]
1000575c:	4803      	ldr	r0, [pc, #12]	@ (1000576c <vfctprintf+0x20>)
1000575e:	0013      	movs	r3, r2
10005760:	4262      	negs	r2, r4
10005762:	f7ff f9ef 	bl	10004b44 <_vsnprintf>
10005766:	b004      	add	sp, #16
10005768:	bd10      	pop	{r4, pc}
1000576a:	46c0      	nop			@ (mov r8, r8)
1000576c:	10004111 	.word	0x10004111

10005770 <weak_raw_vprintf>:
10005770:	b510      	push	{r4, lr}
10005772:	4a09      	ldr	r2, [pc, #36]	@ (10005798 <weak_raw_vprintf+0x28>)
10005774:	0003      	movs	r3, r0
10005776:	6814      	ldr	r4, [r2, #0]
10005778:	b084      	sub	sp, #16
1000577a:	2c00      	cmp	r4, #0
1000577c:	d008      	beq.n	10005790 <weak_raw_vprintf+0x20>
1000577e:	2201      	movs	r2, #1
10005780:	9100      	str	r1, [sp, #0]
10005782:	4806      	ldr	r0, [pc, #24]	@ (1000579c <weak_raw_vprintf+0x2c>)
10005784:	4252      	negs	r2, r2
10005786:	a903      	add	r1, sp, #12
10005788:	47a0      	blx	r4
1000578a:	2001      	movs	r0, #1
1000578c:	b004      	add	sp, #16
1000578e:	bd10      	pop	{r4, pc}
10005790:	f000 f998 	bl	10005ac4 <__wrap_puts>
10005794:	2000      	movs	r0, #0
10005796:	e7f9      	b.n	1000578c <weak_raw_vprintf+0x1c>
10005798:	20001fb0 	.word	0x20001fb0
1000579c:	10004101 	.word	0x10004101

100057a0 <_exit>:
100057a0:	be00      	bkpt	0x0000
100057a2:	e7fd      	b.n	100057a0 <_exit>

100057a4 <exit>:
100057a4:	b510      	push	{r4, lr}
100057a6:	f7ff fffb 	bl	100057a0 <_exit>
100057aa:	46c0      	nop			@ (mov r8, r8)

100057ac <runtime_init>:
100057ac:	b570      	push	{r4, r5, r6, lr}
100057ae:	f7fd fadf 	bl	10002d70 <runtime_run_initializers>
100057b2:	4d07      	ldr	r5, [pc, #28]	@ (100057d0 <runtime_init+0x24>)
100057b4:	4e07      	ldr	r6, [pc, #28]	@ (100057d4 <runtime_init+0x28>)
100057b6:	42b5      	cmp	r5, r6
100057b8:	d209      	bcs.n	100057ce <runtime_init+0x22>
100057ba:	2400      	movs	r4, #0
100057bc:	3e01      	subs	r6, #1
100057be:	1b76      	subs	r6, r6, r5
100057c0:	08b6      	lsrs	r6, r6, #2
100057c2:	cd08      	ldmia	r5!, {r3}
100057c4:	4798      	blx	r3
100057c6:	0023      	movs	r3, r4
100057c8:	3401      	adds	r4, #1
100057ca:	42b3      	cmp	r3, r6
100057cc:	d1f9      	bne.n	100057c2 <runtime_init+0x16>
100057ce:	bd70      	pop	{r4, r5, r6, pc}
100057d0:	10008aac 	.word	0x10008aac
100057d4:	10008ab4 	.word	0x10008ab4

100057d8 <stdio_out_chars_no_crlf>:
100057d8:	0003      	movs	r3, r0
100057da:	b510      	push	{r4, lr}
100057dc:	0008      	movs	r0, r1
100057de:	0011      	movs	r1, r2
100057e0:	681b      	ldr	r3, [r3, #0]
100057e2:	4798      	blx	r3
100057e4:	bd10      	pop	{r4, pc}
100057e6:	46c0      	nop			@ (mov r8, r8)

100057e8 <stdio_out_chars_crlf>:
100057e8:	b5f0      	push	{r4, r5, r6, r7, lr}
100057ea:	46c6      	mov	lr, r8
100057ec:	b500      	push	{lr}
100057ee:	7d43      	ldrb	r3, [r0, #21]
100057f0:	0007      	movs	r7, r0
100057f2:	000c      	movs	r4, r1
100057f4:	0016      	movs	r6, r2
100057f6:	2b00      	cmp	r3, #0
100057f8:	d046      	beq.n	10005888 <stdio_out_chars_crlf+0xa0>
100057fa:	2a00      	cmp	r2, #0
100057fc:	dd17      	ble.n	1000582e <stdio_out_chars_crlf+0x46>
100057fe:	780b      	ldrb	r3, [r1, #0]
10005800:	2b0a      	cmp	r3, #10
10005802:	d024      	beq.n	1000584e <stdio_out_chars_crlf+0x66>
10005804:	2300      	movs	r3, #0
10005806:	4698      	mov	r8, r3
10005808:	2e01      	cmp	r6, #1
1000580a:	d013      	beq.n	10005834 <stdio_out_chars_crlf+0x4c>
1000580c:	2501      	movs	r5, #1
1000580e:	0029      	movs	r1, r5
10005810:	5c63      	ldrb	r3, [r4, r1]
10005812:	3501      	adds	r5, #1
10005814:	2b0a      	cmp	r3, #10
10005816:	d026      	beq.n	10005866 <stdio_out_chars_crlf+0x7e>
10005818:	42b5      	cmp	r5, r6
1000581a:	d1f8      	bne.n	1000580e <stdio_out_chars_crlf+0x26>
1000581c:	4546      	cmp	r6, r8
1000581e:	dc09      	bgt.n	10005834 <stdio_out_chars_crlf+0x4c>
10005820:	19a4      	adds	r4, r4, r6
10005822:	3c01      	subs	r4, #1
10005824:	7823      	ldrb	r3, [r4, #0]
10005826:	3b0d      	subs	r3, #13
10005828:	425a      	negs	r2, r3
1000582a:	4153      	adcs	r3, r2
1000582c:	753b      	strb	r3, [r7, #20]
1000582e:	bc80      	pop	{r7}
10005830:	46b8      	mov	r8, r7
10005832:	bdf0      	pop	{r4, r5, r6, r7, pc}
10005834:	4643      	mov	r3, r8
10005836:	18e0      	adds	r0, r4, r3
10005838:	19a4      	adds	r4, r4, r6
1000583a:	1af1      	subs	r1, r6, r3
1000583c:	3c01      	subs	r4, #1
1000583e:	683b      	ldr	r3, [r7, #0]
10005840:	4798      	blx	r3
10005842:	7823      	ldrb	r3, [r4, #0]
10005844:	3b0d      	subs	r3, #13
10005846:	425a      	negs	r2, r3
10005848:	4153      	adcs	r3, r2
1000584a:	753b      	strb	r3, [r7, #20]
1000584c:	e7ef      	b.n	1000582e <stdio_out_chars_crlf+0x46>
1000584e:	7d03      	ldrb	r3, [r0, #20]
10005850:	2b00      	cmp	r3, #0
10005852:	d1d7      	bne.n	10005804 <stdio_out_chars_crlf+0x1c>
10005854:	2102      	movs	r1, #2
10005856:	480f      	ldr	r0, [pc, #60]	@ (10005894 <stdio_out_chars_crlf+0xac>)
10005858:	683b      	ldr	r3, [r7, #0]
1000585a:	4798      	blx	r3
1000585c:	2e01      	cmp	r6, #1
1000585e:	d0df      	beq.n	10005820 <stdio_out_chars_crlf+0x38>
10005860:	2301      	movs	r3, #1
10005862:	4698      	mov	r8, r3
10005864:	e7d2      	b.n	1000580c <stdio_out_chars_crlf+0x24>
10005866:	1e63      	subs	r3, r4, #1
10005868:	5c5b      	ldrb	r3, [r3, r1]
1000586a:	2b0d      	cmp	r3, #13
1000586c:	d0d4      	beq.n	10005818 <stdio_out_chars_crlf+0x30>
1000586e:	4588      	cmp	r8, r1
10005870:	da04      	bge.n	1000587c <stdio_out_chars_crlf+0x94>
10005872:	4643      	mov	r3, r8
10005874:	1ac9      	subs	r1, r1, r3
10005876:	18e0      	adds	r0, r4, r3
10005878:	683b      	ldr	r3, [r7, #0]
1000587a:	4798      	blx	r3
1000587c:	2102      	movs	r1, #2
1000587e:	4805      	ldr	r0, [pc, #20]	@ (10005894 <stdio_out_chars_crlf+0xac>)
10005880:	683b      	ldr	r3, [r7, #0]
10005882:	46a8      	mov	r8, r5
10005884:	4798      	blx	r3
10005886:	e7c7      	b.n	10005818 <stdio_out_chars_crlf+0x30>
10005888:	6803      	ldr	r3, [r0, #0]
1000588a:	0011      	movs	r1, r2
1000588c:	0020      	movs	r0, r4
1000588e:	4798      	blx	r3
10005890:	e7cd      	b.n	1000582e <stdio_out_chars_crlf+0x46>
10005892:	46c0      	nop			@ (mov r8, r8)
10005894:	10009360 	.word	0x10009360

10005898 <stdio_buffered_printer>:
10005898:	b5f0      	push	{r4, r5, r6, r7, lr}
1000589a:	46c6      	mov	lr, r8
1000589c:	680b      	ldr	r3, [r1, #0]
1000589e:	0006      	movs	r6, r0
100058a0:	000c      	movs	r4, r1
100058a2:	b500      	push	{lr}
100058a4:	2b80      	cmp	r3, #128	@ 0x80
100058a6:	d006      	beq.n	100058b6 <stdio_buffered_printer+0x1e>
100058a8:	1c5a      	adds	r2, r3, #1
100058aa:	6022      	str	r2, [r4, #0]
100058ac:	18e4      	adds	r4, r4, r3
100058ae:	7126      	strb	r6, [r4, #4]
100058b0:	bc80      	pop	{r7}
100058b2:	46b8      	mov	r8, r7
100058b4:	bdf0      	pop	{r4, r5, r6, r7, pc}
100058b6:	4b0f      	ldr	r3, [pc, #60]	@ (100058f4 <stdio_buffered_printer+0x5c>)
100058b8:	681d      	ldr	r5, [r3, #0]
100058ba:	2d00      	cmp	r5, #0
100058bc:	d016      	beq.n	100058ec <stdio_buffered_printer+0x54>
100058be:	1d0b      	adds	r3, r1, #4
100058c0:	4698      	mov	r8, r3
100058c2:	4f0d      	ldr	r7, [pc, #52]	@ (100058f8 <stdio_buffered_printer+0x60>)
100058c4:	e002      	b.n	100058cc <stdio_buffered_printer+0x34>
100058c6:	692d      	ldr	r5, [r5, #16]
100058c8:	2d00      	cmp	r5, #0
100058ca:	d00f      	beq.n	100058ec <stdio_buffered_printer+0x54>
100058cc:	682b      	ldr	r3, [r5, #0]
100058ce:	2b00      	cmp	r3, #0
100058d0:	d0f9      	beq.n	100058c6 <stdio_buffered_printer+0x2e>
100058d2:	683b      	ldr	r3, [r7, #0]
100058d4:	2b00      	cmp	r3, #0
100058d6:	d001      	beq.n	100058dc <stdio_buffered_printer+0x44>
100058d8:	42ab      	cmp	r3, r5
100058da:	d1f4      	bne.n	100058c6 <stdio_buffered_printer+0x2e>
100058dc:	0028      	movs	r0, r5
100058de:	4641      	mov	r1, r8
100058e0:	6822      	ldr	r2, [r4, #0]
100058e2:	f7ff ff81 	bl	100057e8 <stdio_out_chars_crlf>
100058e6:	692d      	ldr	r5, [r5, #16]
100058e8:	2d00      	cmp	r5, #0
100058ea:	d1ef      	bne.n	100058cc <stdio_buffered_printer+0x34>
100058ec:	2201      	movs	r2, #1
100058ee:	2300      	movs	r3, #0
100058f0:	e7db      	b.n	100058aa <stdio_buffered_printer+0x12>
100058f2:	46c0      	nop			@ (mov r8, r8)
100058f4:	20001b94 	.word	0x20001b94
100058f8:	20001b9c 	.word	0x20001b9c

100058fc <stdio_put_string>:
100058fc:	b5f0      	push	{r4, r5, r6, r7, lr}
100058fe:	4645      	mov	r5, r8
10005900:	46de      	mov	lr, fp
10005902:	464e      	mov	r6, r9
10005904:	4657      	mov	r7, sl
10005906:	b5e0      	push	{r5, r6, r7, lr}
10005908:	b083      	sub	sp, #12
1000590a:	4691      	mov	r9, r2
1000590c:	001c      	movs	r4, r3
1000590e:	4680      	mov	r8, r0
10005910:	000d      	movs	r5, r1
10005912:	f7fd f817 	bl	10002944 <time_us_64>
10005916:	2300      	movs	r3, #0
10005918:	4a30      	ldr	r2, [pc, #192]	@ (100059dc <stdio_put_string+0xe0>)
1000591a:	1812      	adds	r2, r2, r0
1000591c:	414b      	adcs	r3, r1
1000591e:	2b00      	cmp	r3, #0
10005920:	da02      	bge.n	10005928 <stdio_put_string+0x2c>
10005922:	2201      	movs	r2, #1
10005924:	4b2e      	ldr	r3, [pc, #184]	@ (100059e0 <stdio_put_string+0xe4>)
10005926:	4252      	negs	r2, r2
10005928:	492e      	ldr	r1, [pc, #184]	@ (100059e4 <stdio_put_string+0xe8>)
1000592a:	0008      	movs	r0, r1
1000592c:	468a      	mov	sl, r1
1000592e:	f003 f87f 	bl	10008a30 <__mutex_try_enter_block_until_veneer>
10005932:	0007      	movs	r7, r0
10005934:	1c6b      	adds	r3, r5, #1
10005936:	d103      	bne.n	10005940 <stdio_put_string+0x44>
10005938:	4640      	mov	r0, r8
1000593a:	f003 f809 	bl	10008950 <strlen>
1000593e:	0005      	movs	r5, r0
10005940:	2c00      	cmp	r4, #0
10005942:	d027      	beq.n	10005994 <stdio_put_string+0x98>
10005944:	4e28      	ldr	r6, [pc, #160]	@ (100059e8 <stdio_put_string+0xec>)
10005946:	4b29      	ldr	r3, [pc, #164]	@ (100059ec <stdio_put_string+0xf0>)
10005948:	681c      	ldr	r4, [r3, #0]
1000594a:	2c00      	cmp	r4, #0
1000594c:	d018      	beq.n	10005980 <stdio_put_string+0x84>
1000594e:	464b      	mov	r3, r9
10005950:	2b00      	cmp	r3, #0
10005952:	d121      	bne.n	10005998 <stdio_put_string+0x9c>
10005954:	4b26      	ldr	r3, [pc, #152]	@ (100059f0 <stdio_put_string+0xf4>)
10005956:	4699      	mov	r9, r3
10005958:	e002      	b.n	10005960 <stdio_put_string+0x64>
1000595a:	6924      	ldr	r4, [r4, #16]
1000595c:	2c00      	cmp	r4, #0
1000595e:	d00f      	beq.n	10005980 <stdio_put_string+0x84>
10005960:	6823      	ldr	r3, [r4, #0]
10005962:	2b00      	cmp	r3, #0
10005964:	d0f9      	beq.n	1000595a <stdio_put_string+0x5e>
10005966:	464b      	mov	r3, r9
10005968:	681b      	ldr	r3, [r3, #0]
1000596a:	2b00      	cmp	r3, #0
1000596c:	d001      	beq.n	10005972 <stdio_put_string+0x76>
1000596e:	429c      	cmp	r4, r3
10005970:	d1f3      	bne.n	1000595a <stdio_put_string+0x5e>
10005972:	0020      	movs	r0, r4
10005974:	002a      	movs	r2, r5
10005976:	4641      	mov	r1, r8
10005978:	47b0      	blx	r6
1000597a:	6924      	ldr	r4, [r4, #16]
1000597c:	2c00      	cmp	r4, #0
1000597e:	d1ef      	bne.n	10005960 <stdio_put_string+0x64>
10005980:	2f00      	cmp	r7, #0
10005982:	d126      	bne.n	100059d2 <stdio_put_string+0xd6>
10005984:	0028      	movs	r0, r5
10005986:	b003      	add	sp, #12
10005988:	bcf0      	pop	{r4, r5, r6, r7}
1000598a:	46bb      	mov	fp, r7
1000598c:	46b2      	mov	sl, r6
1000598e:	46a9      	mov	r9, r5
10005990:	46a0      	mov	r8, r4
10005992:	bdf0      	pop	{r4, r5, r6, r7, pc}
10005994:	4e17      	ldr	r6, [pc, #92]	@ (100059f4 <stdio_put_string+0xf8>)
10005996:	e7d6      	b.n	10005946 <stdio_put_string+0x4a>
10005998:	4b15      	ldr	r3, [pc, #84]	@ (100059f0 <stdio_put_string+0xf4>)
1000599a:	4699      	mov	r9, r3
1000599c:	230a      	movs	r3, #10
1000599e:	469b      	mov	fp, r3
100059a0:	e002      	b.n	100059a8 <stdio_put_string+0xac>
100059a2:	6924      	ldr	r4, [r4, #16]
100059a4:	2c00      	cmp	r4, #0
100059a6:	d0eb      	beq.n	10005980 <stdio_put_string+0x84>
100059a8:	6823      	ldr	r3, [r4, #0]
100059aa:	2b00      	cmp	r3, #0
100059ac:	d0f9      	beq.n	100059a2 <stdio_put_string+0xa6>
100059ae:	464b      	mov	r3, r9
100059b0:	681b      	ldr	r3, [r3, #0]
100059b2:	2b00      	cmp	r3, #0
100059b4:	d001      	beq.n	100059ba <stdio_put_string+0xbe>
100059b6:	42a3      	cmp	r3, r4
100059b8:	d1f3      	bne.n	100059a2 <stdio_put_string+0xa6>
100059ba:	002a      	movs	r2, r5
100059bc:	4641      	mov	r1, r8
100059be:	0020      	movs	r0, r4
100059c0:	47b0      	blx	r6
100059c2:	466b      	mov	r3, sp
100059c4:	465a      	mov	r2, fp
100059c6:	0020      	movs	r0, r4
100059c8:	71da      	strb	r2, [r3, #7]
100059ca:	1dd9      	adds	r1, r3, #7
100059cc:	2201      	movs	r2, #1
100059ce:	47b0      	blx	r6
100059d0:	e7e7      	b.n	100059a2 <stdio_put_string+0xa6>
100059d2:	4650      	mov	r0, sl
100059d4:	f002 fffc 	bl	100089d0 <__mutex_exit_veneer>
100059d8:	e7d4      	b.n	10005984 <stdio_put_string+0x88>
100059da:	46c0      	nop			@ (mov r8, r8)
100059dc:	000f4240 	.word	0x000f4240
100059e0:	7fffffff 	.word	0x7fffffff
100059e4:	200010b0 	.word	0x200010b0
100059e8:	100057e9 	.word	0x100057e9
100059ec:	20001b94 	.word	0x20001b94
100059f0:	20001b9c 	.word	0x20001b9c
100059f4:	100057d9 	.word	0x100057d9

100059f8 <stdio_set_driver_enabled>:
100059f8:	4a0a      	ldr	r2, [pc, #40]	@ (10005a24 <stdio_set_driver_enabled+0x2c>)
100059fa:	6813      	ldr	r3, [r2, #0]
100059fc:	2b00      	cmp	r3, #0
100059fe:	d105      	bne.n	10005a0c <stdio_set_driver_enabled+0x14>
10005a00:	e00c      	b.n	10005a1c <stdio_set_driver_enabled+0x24>
10005a02:	001a      	movs	r2, r3
10005a04:	691b      	ldr	r3, [r3, #16]
10005a06:	3210      	adds	r2, #16
10005a08:	2b00      	cmp	r3, #0
10005a0a:	d007      	beq.n	10005a1c <stdio_set_driver_enabled+0x24>
10005a0c:	4283      	cmp	r3, r0
10005a0e:	d1f8      	bne.n	10005a02 <stdio_set_driver_enabled+0xa>
10005a10:	2900      	cmp	r1, #0
10005a12:	d102      	bne.n	10005a1a <stdio_set_driver_enabled+0x22>
10005a14:	6918      	ldr	r0, [r3, #16]
10005a16:	6010      	str	r0, [r2, #0]
10005a18:	6119      	str	r1, [r3, #16]
10005a1a:	4770      	bx	lr
10005a1c:	2900      	cmp	r1, #0
10005a1e:	d0fc      	beq.n	10005a1a <stdio_set_driver_enabled+0x22>
10005a20:	6010      	str	r0, [r2, #0]
10005a22:	e7fa      	b.n	10005a1a <stdio_set_driver_enabled+0x22>
10005a24:	20001b94 	.word	0x20001b94

10005a28 <stdio_init_all>:
10005a28:	b510      	push	{r4, lr}
10005a2a:	f000 faf1 	bl	10006010 <stdio_usb_init>
10005a2e:	bd10      	pop	{r4, pc}

10005a30 <__wrap_putchar>:
10005a30:	b5f0      	push	{r4, r5, r6, r7, lr}
10005a32:	46ce      	mov	lr, r9
10005a34:	4647      	mov	r7, r8
10005a36:	b580      	push	{r7, lr}
10005a38:	b083      	sub	sp, #12
10005a3a:	466b      	mov	r3, sp
10005a3c:	0006      	movs	r6, r0
10005a3e:	1ddd      	adds	r5, r3, #7
10005a40:	7028      	strb	r0, [r5, #0]
10005a42:	f7fc ff7f 	bl	10002944 <time_us_64>
10005a46:	2300      	movs	r3, #0
10005a48:	4a19      	ldr	r2, [pc, #100]	@ (10005ab0 <__wrap_putchar+0x80>)
10005a4a:	1812      	adds	r2, r2, r0
10005a4c:	414b      	adcs	r3, r1
10005a4e:	2b00      	cmp	r3, #0
10005a50:	da02      	bge.n	10005a58 <__wrap_putchar+0x28>
10005a52:	2201      	movs	r2, #1
10005a54:	4b17      	ldr	r3, [pc, #92]	@ (10005ab4 <__wrap_putchar+0x84>)
10005a56:	4252      	negs	r2, r2
10005a58:	4917      	ldr	r1, [pc, #92]	@ (10005ab8 <__wrap_putchar+0x88>)
10005a5a:	0008      	movs	r0, r1
10005a5c:	4688      	mov	r8, r1
10005a5e:	f002 ffe7 	bl	10008a30 <__mutex_try_enter_block_until_veneer>
10005a62:	4b16      	ldr	r3, [pc, #88]	@ (10005abc <__wrap_putchar+0x8c>)
10005a64:	4681      	mov	r9, r0
10005a66:	681c      	ldr	r4, [r3, #0]
10005a68:	2c00      	cmp	r4, #0
10005a6a:	d014      	beq.n	10005a96 <__wrap_putchar+0x66>
10005a6c:	4f14      	ldr	r7, [pc, #80]	@ (10005ac0 <__wrap_putchar+0x90>)
10005a6e:	e002      	b.n	10005a76 <__wrap_putchar+0x46>
10005a70:	6924      	ldr	r4, [r4, #16]
10005a72:	2c00      	cmp	r4, #0
10005a74:	d00f      	beq.n	10005a96 <__wrap_putchar+0x66>
10005a76:	6823      	ldr	r3, [r4, #0]
10005a78:	2b00      	cmp	r3, #0
10005a7a:	d0f9      	beq.n	10005a70 <__wrap_putchar+0x40>
10005a7c:	683b      	ldr	r3, [r7, #0]
10005a7e:	2b00      	cmp	r3, #0
10005a80:	d001      	beq.n	10005a86 <__wrap_putchar+0x56>
10005a82:	429c      	cmp	r4, r3
10005a84:	d1f4      	bne.n	10005a70 <__wrap_putchar+0x40>
10005a86:	0020      	movs	r0, r4
10005a88:	2201      	movs	r2, #1
10005a8a:	0029      	movs	r1, r5
10005a8c:	f7ff feac 	bl	100057e8 <stdio_out_chars_crlf>
10005a90:	6924      	ldr	r4, [r4, #16]
10005a92:	2c00      	cmp	r4, #0
10005a94:	d1ef      	bne.n	10005a76 <__wrap_putchar+0x46>
10005a96:	464b      	mov	r3, r9
10005a98:	2b00      	cmp	r3, #0
10005a9a:	d105      	bne.n	10005aa8 <__wrap_putchar+0x78>
10005a9c:	0030      	movs	r0, r6
10005a9e:	b003      	add	sp, #12
10005aa0:	bcc0      	pop	{r6, r7}
10005aa2:	46b9      	mov	r9, r7
10005aa4:	46b0      	mov	r8, r6
10005aa6:	bdf0      	pop	{r4, r5, r6, r7, pc}
10005aa8:	4640      	mov	r0, r8
10005aaa:	f002 ff91 	bl	100089d0 <__mutex_exit_veneer>
10005aae:	e7f5      	b.n	10005a9c <__wrap_putchar+0x6c>
10005ab0:	000f4240 	.word	0x000f4240
10005ab4:	7fffffff 	.word	0x7fffffff
10005ab8:	200010b0 	.word	0x200010b0
10005abc:	20001b94 	.word	0x20001b94
10005ac0:	20001b9c 	.word	0x20001b9c

10005ac4 <__wrap_puts>:
10005ac4:	b570      	push	{r4, r5, r6, lr}
10005ac6:	0004      	movs	r4, r0
10005ac8:	f002 ff42 	bl	10008950 <strlen>
10005acc:	2301      	movs	r3, #1
10005ace:	0001      	movs	r1, r0
10005ad0:	0005      	movs	r5, r0
10005ad2:	2201      	movs	r2, #1
10005ad4:	0020      	movs	r0, r4
10005ad6:	f7ff ff11 	bl	100058fc <stdio_put_string>
10005ada:	4b08      	ldr	r3, [pc, #32]	@ (10005afc <__wrap_puts+0x38>)
10005adc:	681c      	ldr	r4, [r3, #0]
10005ade:	2c00      	cmp	r4, #0
10005ae0:	d006      	beq.n	10005af0 <__wrap_puts+0x2c>
10005ae2:	6863      	ldr	r3, [r4, #4]
10005ae4:	2b00      	cmp	r3, #0
10005ae6:	d005      	beq.n	10005af4 <__wrap_puts+0x30>
10005ae8:	4798      	blx	r3
10005aea:	6924      	ldr	r4, [r4, #16]
10005aec:	2c00      	cmp	r4, #0
10005aee:	d1f8      	bne.n	10005ae2 <__wrap_puts+0x1e>
10005af0:	0028      	movs	r0, r5
10005af2:	bd70      	pop	{r4, r5, r6, pc}
10005af4:	6924      	ldr	r4, [r4, #16]
10005af6:	2c00      	cmp	r4, #0
10005af8:	d1f3      	bne.n	10005ae2 <__wrap_puts+0x1e>
10005afa:	e7f9      	b.n	10005af0 <__wrap_puts+0x2c>
10005afc:	20001b94 	.word	0x20001b94

10005b00 <__wrap_vprintf>:
10005b00:	b5f0      	push	{r4, r5, r6, r7, lr}
10005b02:	46ce      	mov	lr, r9
10005b04:	4647      	mov	r7, r8
10005b06:	b580      	push	{r7, lr}
10005b08:	b0a3      	sub	sp, #140	@ 0x8c
10005b0a:	0004      	movs	r4, r0
10005b0c:	000d      	movs	r5, r1
10005b0e:	f7fc ff19 	bl	10002944 <time_us_64>
10005b12:	2300      	movs	r3, #0
10005b14:	4a27      	ldr	r2, [pc, #156]	@ (10005bb4 <__wrap_vprintf+0xb4>)
10005b16:	1812      	adds	r2, r2, r0
10005b18:	414b      	adcs	r3, r1
10005b1a:	2b00      	cmp	r3, #0
10005b1c:	da02      	bge.n	10005b24 <__wrap_vprintf+0x24>
10005b1e:	2201      	movs	r2, #1
10005b20:	4b25      	ldr	r3, [pc, #148]	@ (10005bb8 <__wrap_vprintf+0xb8>)
10005b22:	4252      	negs	r2, r2
10005b24:	4e25      	ldr	r6, [pc, #148]	@ (10005bbc <__wrap_vprintf+0xbc>)
10005b26:	0030      	movs	r0, r6
10005b28:	f002 ff82 	bl	10008a30 <__mutex_try_enter_block_until_veneer>
10005b2c:	2300      	movs	r3, #0
10005b2e:	0022      	movs	r2, r4
10005b30:	9301      	str	r3, [sp, #4]
10005b32:	0007      	movs	r7, r0
10005b34:	002b      	movs	r3, r5
10005b36:	4822      	ldr	r0, [pc, #136]	@ (10005bc0 <__wrap_vprintf+0xc0>)
10005b38:	a901      	add	r1, sp, #4
10005b3a:	f7ff fe07 	bl	1000574c <vfctprintf>
10005b3e:	4b21      	ldr	r3, [pc, #132]	@ (10005bc4 <__wrap_vprintf+0xc4>)
10005b40:	4680      	mov	r8, r0
10005b42:	4699      	mov	r9, r3
10005b44:	681c      	ldr	r4, [r3, #0]
10005b46:	9b01      	ldr	r3, [sp, #4]
10005b48:	2b00      	cmp	r3, #0
10005b4a:	d01a      	beq.n	10005b82 <__wrap_vprintf+0x82>
10005b4c:	2c00      	cmp	r4, #0
10005b4e:	d02f      	beq.n	10005bb0 <__wrap_vprintf+0xb0>
10005b50:	4d1d      	ldr	r5, [pc, #116]	@ (10005bc8 <__wrap_vprintf+0xc8>)
10005b52:	e002      	b.n	10005b5a <__wrap_vprintf+0x5a>
10005b54:	6924      	ldr	r4, [r4, #16]
10005b56:	2c00      	cmp	r4, #0
10005b58:	d00f      	beq.n	10005b7a <__wrap_vprintf+0x7a>
10005b5a:	6823      	ldr	r3, [r4, #0]
10005b5c:	2b00      	cmp	r3, #0
10005b5e:	d0f9      	beq.n	10005b54 <__wrap_vprintf+0x54>
10005b60:	682b      	ldr	r3, [r5, #0]
10005b62:	2b00      	cmp	r3, #0
10005b64:	d001      	beq.n	10005b6a <__wrap_vprintf+0x6a>
10005b66:	42a3      	cmp	r3, r4
10005b68:	d1f4      	bne.n	10005b54 <__wrap_vprintf+0x54>
10005b6a:	0020      	movs	r0, r4
10005b6c:	9a01      	ldr	r2, [sp, #4]
10005b6e:	a902      	add	r1, sp, #8
10005b70:	f7ff fe3a 	bl	100057e8 <stdio_out_chars_crlf>
10005b74:	6924      	ldr	r4, [r4, #16]
10005b76:	2c00      	cmp	r4, #0
10005b78:	d1ef      	bne.n	10005b5a <__wrap_vprintf+0x5a>
10005b7a:	464b      	mov	r3, r9
10005b7c:	681c      	ldr	r4, [r3, #0]
10005b7e:	2300      	movs	r3, #0
10005b80:	9301      	str	r3, [sp, #4]
10005b82:	2c00      	cmp	r4, #0
10005b84:	d006      	beq.n	10005b94 <__wrap_vprintf+0x94>
10005b86:	6863      	ldr	r3, [r4, #4]
10005b88:	2b00      	cmp	r3, #0
10005b8a:	d00b      	beq.n	10005ba4 <__wrap_vprintf+0xa4>
10005b8c:	4798      	blx	r3
10005b8e:	6924      	ldr	r4, [r4, #16]
10005b90:	2c00      	cmp	r4, #0
10005b92:	d1f8      	bne.n	10005b86 <__wrap_vprintf+0x86>
10005b94:	2f00      	cmp	r7, #0
10005b96:	d107      	bne.n	10005ba8 <__wrap_vprintf+0xa8>
10005b98:	4640      	mov	r0, r8
10005b9a:	b023      	add	sp, #140	@ 0x8c
10005b9c:	bcc0      	pop	{r6, r7}
10005b9e:	46b9      	mov	r9, r7
10005ba0:	46b0      	mov	r8, r6
10005ba2:	bdf0      	pop	{r4, r5, r6, r7, pc}
10005ba4:	6924      	ldr	r4, [r4, #16]
10005ba6:	e7ec      	b.n	10005b82 <__wrap_vprintf+0x82>
10005ba8:	0030      	movs	r0, r6
10005baa:	f002 ff11 	bl	100089d0 <__mutex_exit_veneer>
10005bae:	e7f3      	b.n	10005b98 <__wrap_vprintf+0x98>
10005bb0:	9401      	str	r4, [sp, #4]
10005bb2:	e7ef      	b.n	10005b94 <__wrap_vprintf+0x94>
10005bb4:	000f4240 	.word	0x000f4240
10005bb8:	7fffffff 	.word	0x7fffffff
10005bbc:	200010b0 	.word	0x200010b0
10005bc0:	10005899 	.word	0x10005899
10005bc4:	20001b94 	.word	0x20001b94
10005bc8:	20001b9c 	.word	0x20001b9c

10005bcc <__wrap_printf>:
10005bcc:	b40f      	push	{r0, r1, r2, r3}
10005bce:	b500      	push	{lr}
10005bd0:	b083      	sub	sp, #12
10005bd2:	a904      	add	r1, sp, #16
10005bd4:	c901      	ldmia	r1!, {r0}
10005bd6:	9101      	str	r1, [sp, #4]
10005bd8:	f7ff ff92 	bl	10005b00 <__wrap_vprintf>
10005bdc:	b003      	add	sp, #12
10005bde:	bc08      	pop	{r3}
10005be0:	b004      	add	sp, #16
10005be2:	4718      	bx	r3

10005be4 <resetd_init>:
10005be4:	4770      	bx	lr
10005be6:	46c0      	nop			@ (mov r8, r8)

10005be8 <resetd_reset>:
10005be8:	2200      	movs	r2, #0
10005bea:	4b01      	ldr	r3, [pc, #4]	@ (10005bf0 <resetd_reset+0x8>)
10005bec:	701a      	strb	r2, [r3, #0]
10005bee:	4770      	bx	lr
10005bf0:	2000202a 	.word	0x2000202a

10005bf4 <resetd_open>:
10005bf4:	794b      	ldrb	r3, [r1, #5]
10005bf6:	2000      	movs	r0, #0
10005bf8:	2bff      	cmp	r3, #255	@ 0xff
10005bfa:	d10b      	bne.n	10005c14 <resetd_open+0x20>
10005bfc:	798b      	ldrb	r3, [r1, #6]
10005bfe:	2b00      	cmp	r3, #0
10005c00:	d108      	bne.n	10005c14 <resetd_open+0x20>
10005c02:	79cb      	ldrb	r3, [r1, #7]
10005c04:	2b01      	cmp	r3, #1
10005c06:	d105      	bne.n	10005c14 <resetd_open+0x20>
10005c08:	2a08      	cmp	r2, #8
10005c0a:	d903      	bls.n	10005c14 <resetd_open+0x20>
10005c0c:	4b02      	ldr	r3, [pc, #8]	@ (10005c18 <resetd_open+0x24>)
10005c0e:	788a      	ldrb	r2, [r1, #2]
10005c10:	3009      	adds	r0, #9
10005c12:	701a      	strb	r2, [r3, #0]
10005c14:	4770      	bx	lr
10005c16:	46c0      	nop			@ (mov r8, r8)
10005c18:	2000202a 	.word	0x2000202a

10005c1c <resetd_xfer_cb>:
10005c1c:	2001      	movs	r0, #1
10005c1e:	4770      	bx	lr

10005c20 <resetd_control_xfer_cb>:
10005c20:	b510      	push	{r4, lr}
10005c22:	2901      	cmp	r1, #1
10005c24:	d113      	bne.n	10005c4e <resetd_control_xfer_cb+0x2e>
10005c26:	4912      	ldr	r1, [pc, #72]	@ (10005c70 <resetd_control_xfer_cb+0x50>)
10005c28:	7953      	ldrb	r3, [r2, #5]
10005c2a:	7910      	ldrb	r0, [r2, #4]
10005c2c:	7809      	ldrb	r1, [r1, #0]
10005c2e:	021b      	lsls	r3, r3, #8
10005c30:	4303      	orrs	r3, r0
10005c32:	2000      	movs	r0, #0
10005c34:	4299      	cmp	r1, r3
10005c36:	d000      	beq.n	10005c3a <resetd_control_xfer_cb+0x1a>
10005c38:	bd10      	pop	{r4, pc}
10005c3a:	7853      	ldrb	r3, [r2, #1]
10005c3c:	2b01      	cmp	r3, #1
10005c3e:	d008      	beq.n	10005c52 <resetd_control_xfer_cb+0x32>
10005c40:	2b02      	cmp	r3, #2
10005c42:	d1f9      	bne.n	10005c38 <resetd_control_xfer_cb+0x18>
10005c44:	2264      	movs	r2, #100	@ 0x64
10005c46:	2100      	movs	r1, #0
10005c48:	2000      	movs	r0, #0
10005c4a:	f7fc ffdb 	bl	10002c04 <watchdog_reboot>
10005c4e:	2001      	movs	r0, #1
10005c50:	e7f2      	b.n	10005c38 <resetd_control_xfer_cb+0x18>
10005c52:	78d3      	ldrb	r3, [r2, #3]
10005c54:	7891      	ldrb	r1, [r2, #2]
10005c56:	021b      	lsls	r3, r3, #8
10005c58:	4319      	orrs	r1, r3
10005c5a:	0a48      	lsrs	r0, r1, #9
10005c5c:	05db      	lsls	r3, r3, #23
10005c5e:	d401      	bmi.n	10005c64 <resetd_control_xfer_cb+0x44>
10005c60:	2001      	movs	r0, #1
10005c62:	4240      	negs	r0, r0
10005c64:	237f      	movs	r3, #127	@ 0x7f
10005c66:	058a      	lsls	r2, r1, #22
10005c68:	0fd2      	lsrs	r2, r2, #31
10005c6a:	4019      	ands	r1, r3
10005c6c:	f7fd f852 	bl	10002d14 <rom_reset_usb_boot_extra>
10005c70:	2000202a 	.word	0x2000202a

10005c74 <tud_descriptor_bos_cb>:
10005c74:	4800      	ldr	r0, [pc, #0]	@ (10005c78 <tud_descriptor_bos_cb+0x4>)
10005c76:	4770      	bx	lr
10005c78:	1000942c 	.word	0x1000942c

10005c7c <tud_vendor_control_xfer_cb>:
10005c7c:	b570      	push	{r4, r5, r6, lr}
10005c7e:	0005      	movs	r5, r0
10005c80:	0014      	movs	r4, r2
10005c82:	2001      	movs	r0, #1
10005c84:	2901      	cmp	r1, #1
10005c86:	d109      	bne.n	10005c9c <tud_vendor_control_xfer_cb+0x20>
10005c88:	7853      	ldrb	r3, [r2, #1]
10005c8a:	2000      	movs	r0, #0
10005c8c:	2b01      	cmp	r3, #1
10005c8e:	d105      	bne.n	10005c9c <tud_vendor_control_xfer_cb+0x20>
10005c90:	7963      	ldrb	r3, [r4, #5]
10005c92:	7912      	ldrb	r2, [r2, #4]
10005c94:	021b      	lsls	r3, r3, #8
10005c96:	4313      	orrs	r3, r2
10005c98:	2b07      	cmp	r3, #7
10005c9a:	d000      	beq.n	10005c9e <tud_vendor_control_xfer_cb+0x22>
10005c9c:	bd70      	pop	{r4, r5, r6, pc}
10005c9e:	0021      	movs	r1, r4
10005ca0:	0028      	movs	r0, r5
10005ca2:	4a02      	ldr	r2, [pc, #8]	@ (10005cac <tud_vendor_control_xfer_cb+0x30>)
10005ca4:	339f      	adds	r3, #159	@ 0x9f
10005ca6:	f001 fa55 	bl	10007154 <tud_control_xfer>
10005caa:	e7f7      	b.n	10005c9c <tud_vendor_control_xfer_cb+0x20>
10005cac:	10009384 	.word	0x10009384

10005cb0 <usbd_app_driver_get_cb>:
10005cb0:	2301      	movs	r3, #1
10005cb2:	7003      	strb	r3, [r0, #0]
10005cb4:	4800      	ldr	r0, [pc, #0]	@ (10005cb8 <usbd_app_driver_get_cb+0x8>)
10005cb6:	4770      	bx	lr
10005cb8:	10009364 	.word	0x10009364

10005cbc <tud_cdc_line_coding_cb>:
10005cbc:	784b      	ldrb	r3, [r1, #1]
10005cbe:	780a      	ldrb	r2, [r1, #0]
10005cc0:	021b      	lsls	r3, r3, #8
10005cc2:	4313      	orrs	r3, r2
10005cc4:	788a      	ldrb	r2, [r1, #2]
10005cc6:	b510      	push	{r4, lr}
10005cc8:	0412      	lsls	r2, r2, #16
10005cca:	431a      	orrs	r2, r3
10005ccc:	78cb      	ldrb	r3, [r1, #3]
10005cce:	061b      	lsls	r3, r3, #24
10005cd0:	4313      	orrs	r3, r2
10005cd2:	2296      	movs	r2, #150	@ 0x96
10005cd4:	00d2      	lsls	r2, r2, #3
10005cd6:	4293      	cmp	r3, r2
10005cd8:	d000      	beq.n	10005cdc <tud_cdc_line_coding_cb+0x20>
10005cda:	bd10      	pop	{r4, pc}
10005cdc:	2200      	movs	r2, #0
10005cde:	2001      	movs	r0, #1
10005ce0:	0011      	movs	r1, r2
10005ce2:	4240      	negs	r0, r0
10005ce4:	f7fd f816 	bl	10002d14 <rom_reset_usb_boot_extra>

10005ce8 <stdio_usb_set_chars_available_callback>:
10005ce8:	4b02      	ldr	r3, [pc, #8]	@ (10005cf4 <stdio_usb_set_chars_available_callback+0xc>)
10005cea:	6018      	str	r0, [r3, #0]
10005cec:	4b02      	ldr	r3, [pc, #8]	@ (10005cf8 <stdio_usb_set_chars_available_callback+0x10>)
10005cee:	6019      	str	r1, [r3, #0]
10005cf0:	4770      	bx	lr
10005cf2:	46c0      	nop			@ (mov r8, r8)
10005cf4:	20001b30 	.word	0x20001b30
10005cf8:	20001b34 	.word	0x20001b34

10005cfc <usb_irq>:
10005cfc:	b510      	push	{r4, lr}
10005cfe:	4b02      	ldr	r3, [pc, #8]	@ (10005d08 <usb_irq+0xc>)
10005d00:	7818      	ldrb	r0, [r3, #0]
10005d02:	f7fb fe9f 	bl	10001a44 <irq_set_pending>
10005d06:	bd10      	pop	{r4, pc}
10005d08:	2000202b 	.word	0x2000202b

10005d0c <timer_task>:
10005d0c:	4b15      	ldr	r3, [pc, #84]	@ (10005d64 <timer_task+0x58>)
10005d0e:	b570      	push	{r4, r5, r6, lr}
10005d10:	681a      	ldr	r2, [r3, #0]
10005d12:	2a00      	cmp	r2, #0
10005d14:	d022      	beq.n	10005d5c <timer_task+0x50>
10005d16:	f3ef 8110 	mrs	r1, PRIMASK
10005d1a:	b672      	cpsid	i
10005d1c:	6810      	ldr	r0, [r2, #0]
10005d1e:	2800      	cmp	r0, #0
10005d20:	d0fc      	beq.n	10005d1c <timer_task+0x10>
10005d22:	f3bf 8f5f 	dmb	sy
10005d26:	2000      	movs	r0, #0
10005d28:	4a0f      	ldr	r2, [pc, #60]	@ (10005d68 <timer_task+0x5c>)
10005d2a:	6059      	str	r1, [r3, #4]
10005d2c:	7010      	strb	r0, [r2, #0]
10005d2e:	681b      	ldr	r3, [r3, #0]
10005d30:	f3bf 8f5f 	dmb	sy
10005d34:	6018      	str	r0, [r3, #0]
10005d36:	f381 8810 	msr	PRIMASK, r1
10005d3a:	2400      	movs	r4, #0
10005d3c:	2500      	movs	r5, #0
10005d3e:	4e0b      	ldr	r6, [pc, #44]	@ (10005d6c <timer_task+0x60>)
10005d40:	7830      	ldrb	r0, [r6, #0]
10005d42:	f7fb fe73 	bl	10001a2c <irq_is_enabled>
10005d46:	2800      	cmp	r0, #0
10005d48:	d104      	bne.n	10005d54 <timer_task+0x48>
10005d4a:	2400      	movs	r4, #0
10005d4c:	2500      	movs	r5, #0
10005d4e:	0029      	movs	r1, r5
10005d50:	0020      	movs	r0, r4
10005d52:	bd70      	pop	{r4, r5, r6, pc}
10005d54:	7830      	ldrb	r0, [r6, #0]
10005d56:	f7fb fe75 	bl	10001a44 <irq_set_pending>
10005d5a:	e7f8      	b.n	10005d4e <timer_task+0x42>
10005d5c:	24fa      	movs	r4, #250	@ 0xfa
10005d5e:	2500      	movs	r5, #0
10005d60:	00a4      	lsls	r4, r4, #2
10005d62:	e7ec      	b.n	10005d3e <timer_task+0x32>
10005d64:	20001fdc 	.word	0x20001fdc
10005d68:	2000202c 	.word	0x2000202c
10005d6c:	2000202b 	.word	0x2000202b

10005d70 <stdio_usb_in_chars>:
10005d70:	b570      	push	{r4, r5, r6, lr}
10005d72:	0004      	movs	r4, r0
10005d74:	2000      	movs	r0, #0
10005d76:	000e      	movs	r6, r1
10005d78:	f001 fb0a 	bl	10007390 <tud_cdc_n_connected>
10005d7c:	2800      	cmp	r0, #0
10005d7e:	d034      	beq.n	10005dea <stdio_usb_in_chars+0x7a>
10005d80:	2000      	movs	r0, #0
10005d82:	f001 fb1b 	bl	100073bc <tud_cdc_n_available>
10005d86:	2800      	cmp	r0, #0
10005d88:	d02f      	beq.n	10005dea <stdio_usb_in_chars+0x7a>
10005d8a:	f7fc fddb 	bl	10002944 <time_us_64>
10005d8e:	2300      	movs	r3, #0
10005d90:	4a17      	ldr	r2, [pc, #92]	@ (10005df0 <stdio_usb_in_chars+0x80>)
10005d92:	1812      	adds	r2, r2, r0
10005d94:	414b      	adcs	r3, r1
10005d96:	2b00      	cmp	r3, #0
10005d98:	db16      	blt.n	10005dc8 <stdio_usb_in_chars+0x58>
10005d9a:	4d16      	ldr	r5, [pc, #88]	@ (10005df4 <stdio_usb_in_chars+0x84>)
10005d9c:	0028      	movs	r0, r5
10005d9e:	f002 fe47 	bl	10008a30 <__mutex_try_enter_block_until_veneer>
10005da2:	2800      	cmp	r0, #0
10005da4:	d021      	beq.n	10005dea <stdio_usb_in_chars+0x7a>
10005da6:	2000      	movs	r0, #0
10005da8:	f001 faf2 	bl	10007390 <tud_cdc_n_connected>
10005dac:	2800      	cmp	r0, #0
10005dae:	d10f      	bne.n	10005dd0 <stdio_usb_in_chars+0x60>
10005db0:	2001      	movs	r0, #1
10005db2:	2100      	movs	r1, #0
10005db4:	4240      	negs	r0, r0
10005db6:	f000 fd01 	bl	100067bc <tud_task_ext>
10005dba:	2403      	movs	r4, #3
10005dbc:	4264      	negs	r4, r4
10005dbe:	0028      	movs	r0, r5
10005dc0:	f002 fe06 	bl	100089d0 <__mutex_exit_veneer>
10005dc4:	0020      	movs	r0, r4
10005dc6:	bd70      	pop	{r4, r5, r6, pc}
10005dc8:	2201      	movs	r2, #1
10005dca:	4b0b      	ldr	r3, [pc, #44]	@ (10005df8 <stdio_usb_in_chars+0x88>)
10005dcc:	4252      	negs	r2, r2
10005dce:	e7e4      	b.n	10005d9a <stdio_usb_in_chars+0x2a>
10005dd0:	2000      	movs	r0, #0
10005dd2:	f001 faf3 	bl	100073bc <tud_cdc_n_available>
10005dd6:	2800      	cmp	r0, #0
10005dd8:	d0ea      	beq.n	10005db0 <stdio_usb_in_chars+0x40>
10005dda:	0021      	movs	r1, r4
10005ddc:	0032      	movs	r2, r6
10005dde:	2000      	movs	r0, #0
10005de0:	f001 faf6 	bl	100073d0 <tud_cdc_n_read>
10005de4:	1e04      	subs	r4, r0, #0
10005de6:	d1ea      	bne.n	10005dbe <stdio_usb_in_chars+0x4e>
10005de8:	e7e7      	b.n	10005dba <stdio_usb_in_chars+0x4a>
10005dea:	2403      	movs	r4, #3
10005dec:	4264      	negs	r4, r4
10005dee:	e7e9      	b.n	10005dc4 <stdio_usb_in_chars+0x54>
10005df0:	000f4240 	.word	0x000f4240
10005df4:	2000200c 	.word	0x2000200c
10005df8:	7fffffff 	.word	0x7fffffff

10005dfc <stdio_usb_out_flush>:
10005dfc:	b510      	push	{r4, lr}
10005dfe:	f7fc fda1 	bl	10002944 <time_us_64>
10005e02:	2300      	movs	r3, #0
10005e04:	4a0d      	ldr	r2, [pc, #52]	@ (10005e3c <stdio_usb_out_flush+0x40>)
10005e06:	1812      	adds	r2, r2, r0
10005e08:	414b      	adcs	r3, r1
10005e0a:	2b00      	cmp	r3, #0
10005e0c:	da02      	bge.n	10005e14 <stdio_usb_out_flush+0x18>
10005e0e:	2201      	movs	r2, #1
10005e10:	4b0b      	ldr	r3, [pc, #44]	@ (10005e40 <stdio_usb_out_flush+0x44>)
10005e12:	4252      	negs	r2, r2
10005e14:	4c0b      	ldr	r4, [pc, #44]	@ (10005e44 <stdio_usb_out_flush+0x48>)
10005e16:	0020      	movs	r0, r4
10005e18:	f002 fe0a 	bl	10008a30 <__mutex_try_enter_block_until_veneer>
10005e1c:	2800      	cmp	r0, #0
10005e1e:	d00c      	beq.n	10005e3a <stdio_usb_out_flush+0x3e>
10005e20:	2001      	movs	r0, #1
10005e22:	2100      	movs	r1, #0
10005e24:	4240      	negs	r0, r0
10005e26:	f000 fcc9 	bl	100067bc <tud_task_ext>
10005e2a:	2000      	movs	r0, #0
10005e2c:	f001 fb14 	bl	10007458 <tud_cdc_n_write_flush>
10005e30:	2800      	cmp	r0, #0
10005e32:	d1f5      	bne.n	10005e20 <stdio_usb_out_flush+0x24>
10005e34:	0020      	movs	r0, r4
10005e36:	f002 fdcb 	bl	100089d0 <__mutex_exit_veneer>
10005e3a:	bd10      	pop	{r4, pc}
10005e3c:	000f4240 	.word	0x000f4240
10005e40:	7fffffff 	.word	0x7fffffff
10005e44:	2000200c 	.word	0x2000200c

10005e48 <stdio_usb_out_chars>:
10005e48:	b5f8      	push	{r3, r4, r5, r6, r7, lr}
10005e4a:	46de      	mov	lr, fp
10005e4c:	4657      	mov	r7, sl
10005e4e:	b580      	push	{r7, lr}
10005e50:	0005      	movs	r5, r0
10005e52:	000c      	movs	r4, r1
10005e54:	f7fc fd76 	bl	10002944 <time_us_64>
10005e58:	2300      	movs	r3, #0
10005e5a:	4a36      	ldr	r2, [pc, #216]	@ (10005f34 <stdio_usb_out_chars+0xec>)
10005e5c:	1812      	adds	r2, r2, r0
10005e5e:	414b      	adcs	r3, r1
10005e60:	2b00      	cmp	r3, #0
10005e62:	da02      	bge.n	10005e6a <stdio_usb_out_chars+0x22>
10005e64:	2201      	movs	r2, #1
10005e66:	4b34      	ldr	r3, [pc, #208]	@ (10005f38 <stdio_usb_out_chars+0xf0>)
10005e68:	4252      	negs	r2, r2
10005e6a:	4934      	ldr	r1, [pc, #208]	@ (10005f3c <stdio_usb_out_chars+0xf4>)
10005e6c:	0008      	movs	r0, r1
10005e6e:	468a      	mov	sl, r1
10005e70:	f002 fdde 	bl	10008a30 <__mutex_try_enter_block_until_veneer>
10005e74:	2800      	cmp	r0, #0
10005e76:	d103      	bne.n	10005e80 <stdio_usb_out_chars+0x38>
10005e78:	bcc0      	pop	{r6, r7}
10005e7a:	46bb      	mov	fp, r7
10005e7c:	46b2      	mov	sl, r6
10005e7e:	bdf8      	pop	{r3, r4, r5, r6, r7, pc}
10005e80:	2000      	movs	r0, #0
10005e82:	f001 fa85 	bl	10007390 <tud_cdc_n_connected>
10005e86:	2800      	cmp	r0, #0
10005e88:	d04a      	beq.n	10005f20 <stdio_usb_out_chars+0xd8>
10005e8a:	2600      	movs	r6, #0
10005e8c:	2c00      	cmp	r4, #0
10005e8e:	dd43      	ble.n	10005f18 <stdio_usb_out_chars+0xd0>
10005e90:	4b2b      	ldr	r3, [pc, #172]	@ (10005f40 <stdio_usb_out_chars+0xf8>)
10005e92:	469b      	mov	fp, r3
10005e94:	e014      	b.n	10005ec0 <stdio_usb_out_chars+0x78>
10005e96:	19a9      	adds	r1, r5, r6
10005e98:	2000      	movs	r0, #0
10005e9a:	f001 fb17 	bl	100074cc <tud_cdc_n_write>
10005e9e:	0007      	movs	r7, r0
10005ea0:	2001      	movs	r0, #1
10005ea2:	2100      	movs	r1, #0
10005ea4:	4240      	negs	r0, r0
10005ea6:	f000 fc89 	bl	100067bc <tud_task_ext>
10005eaa:	2000      	movs	r0, #0
10005eac:	f001 fad4 	bl	10007458 <tud_cdc_n_write_flush>
10005eb0:	f7fc fd48 	bl	10002944 <time_us_64>
10005eb4:	4b22      	ldr	r3, [pc, #136]	@ (10005f40 <stdio_usb_out_chars+0xf8>)
10005eb6:	19f6      	adds	r6, r6, r7
10005eb8:	6018      	str	r0, [r3, #0]
10005eba:	6059      	str	r1, [r3, #4]
10005ebc:	42b4      	cmp	r4, r6
10005ebe:	dd2b      	ble.n	10005f18 <stdio_usb_out_chars+0xd0>
10005ec0:	2000      	movs	r0, #0
10005ec2:	f001 fb23 	bl	1000750c <tud_cdc_n_write_available>
10005ec6:	1ba7      	subs	r7, r4, r6
10005ec8:	0002      	movs	r2, r0
10005eca:	42b8      	cmp	r0, r7
10005ecc:	dd00      	ble.n	10005ed0 <stdio_usb_out_chars+0x88>
10005ece:	003a      	movs	r2, r7
10005ed0:	2a00      	cmp	r2, #0
10005ed2:	d1e0      	bne.n	10005e96 <stdio_usb_out_chars+0x4e>
10005ed4:	2001      	movs	r0, #1
10005ed6:	2100      	movs	r1, #0
10005ed8:	4240      	negs	r0, r0
10005eda:	f000 fc6f 	bl	100067bc <tud_task_ext>
10005ede:	2000      	movs	r0, #0
10005ee0:	f001 faba 	bl	10007458 <tud_cdc_n_write_flush>
10005ee4:	2000      	movs	r0, #0
10005ee6:	f001 fa53 	bl	10007390 <tud_cdc_n_connected>
10005eea:	2800      	cmp	r0, #0
10005eec:	d014      	beq.n	10005f18 <stdio_usb_out_chars+0xd0>
10005eee:	2000      	movs	r0, #0
10005ef0:	f001 fb0c 	bl	1000750c <tud_cdc_n_write_available>
10005ef4:	2800      	cmp	r0, #0
10005ef6:	d1e1      	bne.n	10005ebc <stdio_usb_out_chars+0x74>
10005ef8:	f7fc fd24 	bl	10002944 <time_us_64>
10005efc:	465b      	mov	r3, fp
10005efe:	000f      	movs	r7, r1
10005f00:	681a      	ldr	r2, [r3, #0]
10005f02:	685b      	ldr	r3, [r3, #4]
10005f04:	2100      	movs	r1, #0
10005f06:	4684      	mov	ip, r0
10005f08:	480e      	ldr	r0, [pc, #56]	@ (10005f44 <stdio_usb_out_chars+0xfc>)
10005f0a:	1812      	adds	r2, r2, r0
10005f0c:	414b      	adcs	r3, r1
10005f0e:	429f      	cmp	r7, r3
10005f10:	d802      	bhi.n	10005f18 <stdio_usb_out_chars+0xd0>
10005f12:	d1d3      	bne.n	10005ebc <stdio_usb_out_chars+0x74>
10005f14:	4594      	cmp	ip, r2
10005f16:	d9d1      	bls.n	10005ebc <stdio_usb_out_chars+0x74>
10005f18:	4650      	mov	r0, sl
10005f1a:	f002 fd59 	bl	100089d0 <__mutex_exit_veneer>
10005f1e:	e7ab      	b.n	10005e78 <stdio_usb_out_chars+0x30>
10005f20:	2000      	movs	r0, #0
10005f22:	2100      	movs	r1, #0
10005f24:	4b06      	ldr	r3, [pc, #24]	@ (10005f40 <stdio_usb_out_chars+0xf8>)
10005f26:	6018      	str	r0, [r3, #0]
10005f28:	6059      	str	r1, [r3, #4]
10005f2a:	4650      	mov	r0, sl
10005f2c:	f002 fd50 	bl	100089d0 <__mutex_exit_veneer>
10005f30:	e7a2      	b.n	10005e78 <stdio_usb_out_chars+0x30>
10005f32:	46c0      	nop			@ (mov r8, r8)
10005f34:	000f4240 	.word	0x000f4240
10005f38:	7fffffff 	.word	0x7fffffff
10005f3c:	2000200c 	.word	0x2000200c
10005f40:	20001280 	.word	0x20001280
10005f44:	0007a120 	.word	0x0007a120

10005f48 <low_priority_worker_irq>:
10005f48:	b530      	push	{r4, r5, lr}
10005f4a:	4c2a      	ldr	r4, [pc, #168]	@ (10005ff4 <low_priority_worker_irq+0xac>)
10005f4c:	b085      	sub	sp, #20
10005f4e:	2100      	movs	r1, #0
10005f50:	0020      	movs	r0, r4
10005f52:	f002 fd5d 	bl	10008a10 <__mutex_try_enter_veneer>
10005f56:	2800      	cmp	r0, #0
10005f58:	d11c      	bne.n	10005f94 <low_priority_worker_irq+0x4c>
10005f5a:	4b27      	ldr	r3, [pc, #156]	@ (10005ff8 <low_priority_worker_irq+0xb0>)
10005f5c:	681a      	ldr	r2, [r3, #0]
10005f5e:	2a00      	cmp	r2, #0
10005f60:	d016      	beq.n	10005f90 <low_priority_worker_irq+0x48>
10005f62:	f3ef 8110 	mrs	r1, PRIMASK
10005f66:	b672      	cpsid	i
10005f68:	6810      	ldr	r0, [r2, #0]
10005f6a:	2800      	cmp	r0, #0
10005f6c:	d0fc      	beq.n	10005f68 <low_priority_worker_irq+0x20>
10005f6e:	f3bf 8f5f 	dmb	sy
10005f72:	2401      	movs	r4, #1
10005f74:	4821      	ldr	r0, [pc, #132]	@ (10005ffc <low_priority_worker_irq+0xb4>)
10005f76:	6059      	str	r1, [r3, #4]
10005f78:	7802      	ldrb	r2, [r0, #0]
10005f7a:	681b      	ldr	r3, [r3, #0]
10005f7c:	b2d2      	uxtb	r2, r2
10005f7e:	7004      	strb	r4, [r0, #0]
10005f80:	f3bf 8f5f 	dmb	sy
10005f84:	2000      	movs	r0, #0
10005f86:	6018      	str	r0, [r3, #0]
10005f88:	f381 8810 	msr	PRIMASK, r1
10005f8c:	2a00      	cmp	r2, #0
10005f8e:	d017      	beq.n	10005fc0 <low_priority_worker_irq+0x78>
10005f90:	b005      	add	sp, #20
10005f92:	bd30      	pop	{r4, r5, pc}
10005f94:	2001      	movs	r0, #1
10005f96:	2100      	movs	r1, #0
10005f98:	4240      	negs	r0, r0
10005f9a:	f000 fc0f 	bl	100067bc <tud_task_ext>
10005f9e:	2000      	movs	r0, #0
10005fa0:	f001 fa0c 	bl	100073bc <tud_cdc_n_available>
10005fa4:	0005      	movs	r5, r0
10005fa6:	0020      	movs	r0, r4
10005fa8:	f002 fd12 	bl	100089d0 <__mutex_exit_veneer>
10005fac:	2d00      	cmp	r5, #0
10005fae:	d0ef      	beq.n	10005f90 <low_priority_worker_irq+0x48>
10005fb0:	4b13      	ldr	r3, [pc, #76]	@ (10006000 <low_priority_worker_irq+0xb8>)
10005fb2:	681b      	ldr	r3, [r3, #0]
10005fb4:	2b00      	cmp	r3, #0
10005fb6:	d0eb      	beq.n	10005f90 <low_priority_worker_irq+0x48>
10005fb8:	4a12      	ldr	r2, [pc, #72]	@ (10006004 <low_priority_worker_irq+0xbc>)
10005fba:	6810      	ldr	r0, [r2, #0]
10005fbc:	4798      	blx	r3
10005fbe:	e7e7      	b.n	10005f90 <low_priority_worker_irq+0x48>
10005fc0:	f7fc fa34 	bl	1000242c <alarm_pool_get_default>
10005fc4:	0004      	movs	r4, r0
10005fc6:	f7fc fcbd 	bl	10002944 <time_us_64>
10005fca:	22fa      	movs	r2, #250	@ 0xfa
10005fcc:	2300      	movs	r3, #0
10005fce:	0092      	lsls	r2, r2, #2
10005fd0:	1812      	adds	r2, r2, r0
10005fd2:	414b      	adcs	r3, r1
10005fd4:	2b00      	cmp	r3, #0
10005fd6:	da02      	bge.n	10005fde <low_priority_worker_irq+0x96>
10005fd8:	2201      	movs	r2, #1
10005fda:	4b0b      	ldr	r3, [pc, #44]	@ (10006008 <low_priority_worker_irq+0xc0>)
10005fdc:	4252      	negs	r2, r2
10005fde:	2101      	movs	r1, #1
10005fe0:	9102      	str	r1, [sp, #8]
10005fe2:	2100      	movs	r1, #0
10005fe4:	9101      	str	r1, [sp, #4]
10005fe6:	4909      	ldr	r1, [pc, #36]	@ (1000600c <low_priority_worker_irq+0xc4>)
10005fe8:	0020      	movs	r0, r4
10005fea:	9100      	str	r1, [sp, #0]
10005fec:	f7fc fa22 	bl	10002434 <alarm_pool_add_alarm_at>
10005ff0:	e7ce      	b.n	10005f90 <low_priority_worker_irq+0x48>
10005ff2:	46c0      	nop			@ (mov r8, r8)
10005ff4:	2000200c 	.word	0x2000200c
10005ff8:	20001fdc 	.word	0x20001fdc
10005ffc:	2000202c 	.word	0x2000202c
10006000:	20001b30 	.word	0x20001b30
10006004:	20001b34 	.word	0x20001b34
10006008:	7fffffff 	.word	0x7fffffff
1000600c:	10005d0d 	.word	0x10005d0d

10006010 <stdio_usb_init>:
10006010:	23d0      	movs	r3, #208	@ 0xd0
10006012:	b510      	push	{r4, lr}
10006014:	061b      	lsls	r3, r3, #24
10006016:	b084      	sub	sp, #16
10006018:	681c      	ldr	r4, [r3, #0]
1000601a:	f7fc fa07 	bl	1000242c <alarm_pool_get_default>
1000601e:	f7fc fb03 	bl	10002628 <alarm_pool_core_num>
10006022:	42a0      	cmp	r0, r4
10006024:	d002      	beq.n	1000602c <stdio_usb_init+0x1c>
10006026:	2000      	movs	r0, #0
10006028:	b004      	add	sp, #16
1000602a:	bd10      	pop	{r4, pc}
1000602c:	4b29      	ldr	r3, [pc, #164]	@ (100060d4 <stdio_usb_init+0xc4>)
1000602e:	2100      	movs	r1, #0
10006030:	2000      	movs	r0, #0
10006032:	781b      	ldrb	r3, [r3, #0]
10006034:	f001 fd5e 	bl	10007af4 <tusb_rhport_init>
10006038:	4827      	ldr	r0, [pc, #156]	@ (100060d8 <stdio_usb_init+0xc8>)
1000603a:	6803      	ldr	r3, [r0, #0]
1000603c:	2b00      	cmp	r3, #0
1000603e:	d045      	beq.n	100060cc <stdio_usb_init+0xbc>
10006040:	2001      	movs	r0, #1
10006042:	f7fb ff81 	bl	10001f48 <user_irq_claim_unused>
10006046:	23ff      	movs	r3, #255	@ 0xff
10006048:	4c24      	ldr	r4, [pc, #144]	@ (100060dc <stdio_usb_init+0xcc>)
1000604a:	4925      	ldr	r1, [pc, #148]	@ (100060e0 <stdio_usb_init+0xd0>)
1000604c:	7020      	strb	r0, [r4, #0]
1000604e:	4018      	ands	r0, r3
10006050:	f7fb fd12 	bl	10001a78 <irq_set_exclusive_handler>
10006054:	7820      	ldrb	r0, [r4, #0]
10006056:	2101      	movs	r1, #1
10006058:	f7fb fcd6 	bl	10001a08 <irq_set_enabled>
1000605c:	2005      	movs	r0, #5
1000605e:	f7fb fcf9 	bl	10001a54 <irq_has_shared_handler>
10006062:	2800      	cmp	r0, #0
10006064:	d124      	bne.n	100060b0 <stdio_usb_init+0xa0>
10006066:	2208      	movs	r2, #8
10006068:	2100      	movs	r1, #0
1000606a:	481e      	ldr	r0, [pc, #120]	@ (100060e4 <stdio_usb_init+0xd4>)
1000606c:	f7fd fefa 	bl	10003e64 <__wrap_memset>
10006070:	f7fc f9dc 	bl	1000242c <alarm_pool_get_default>
10006074:	0004      	movs	r4, r0
10006076:	f7fc fc65 	bl	10002944 <time_us_64>
1000607a:	22fa      	movs	r2, #250	@ 0xfa
1000607c:	2300      	movs	r3, #0
1000607e:	0092      	lsls	r2, r2, #2
10006080:	1812      	adds	r2, r2, r0
10006082:	414b      	adcs	r3, r1
10006084:	2b00      	cmp	r3, #0
10006086:	da02      	bge.n	1000608e <stdio_usb_init+0x7e>
10006088:	2201      	movs	r2, #1
1000608a:	4b17      	ldr	r3, [pc, #92]	@ (100060e8 <stdio_usb_init+0xd8>)
1000608c:	4252      	negs	r2, r2
1000608e:	2101      	movs	r1, #1
10006090:	9102      	str	r1, [sp, #8]
10006092:	2100      	movs	r1, #0
10006094:	9101      	str	r1, [sp, #4]
10006096:	4915      	ldr	r1, [pc, #84]	@ (100060ec <stdio_usb_init+0xdc>)
10006098:	0020      	movs	r0, r4
1000609a:	9100      	str	r1, [sp, #0]
1000609c:	f7fc f9ca 	bl	10002434 <alarm_pool_add_alarm_at>
100060a0:	2800      	cmp	r0, #0
100060a2:	dbc0      	blt.n	10006026 <stdio_usb_init+0x16>
100060a4:	4812      	ldr	r0, [pc, #72]	@ (100060f0 <stdio_usb_init+0xe0>)
100060a6:	2101      	movs	r1, #1
100060a8:	f7ff fca6 	bl	100059f8 <stdio_set_driver_enabled>
100060ac:	2001      	movs	r0, #1
100060ae:	e7bb      	b.n	10006028 <stdio_usb_init+0x18>
100060b0:	2001      	movs	r0, #1
100060b2:	f7fb fc77 	bl	100019a4 <spin_lock_claim_unused>
100060b6:	4b0b      	ldr	r3, [pc, #44]	@ (100060e4 <stdio_usb_init+0xd4>)
100060b8:	0001      	movs	r1, r0
100060ba:	0018      	movs	r0, r3
100060bc:	f7fb ffa6 	bl	1000200c <critical_section_init_with_lock_num>
100060c0:	2200      	movs	r2, #0
100060c2:	2005      	movs	r0, #5
100060c4:	490b      	ldr	r1, [pc, #44]	@ (100060f4 <stdio_usb_init+0xe4>)
100060c6:	f7fb fd01 	bl	10001acc <irq_add_shared_handler>
100060ca:	e7eb      	b.n	100060a4 <stdio_usb_init+0x94>
100060cc:	f7fb ff82 	bl	10001fd4 <mutex_init>
100060d0:	e7b6      	b.n	10006040 <stdio_usb_init+0x30>
100060d2:	46c0      	nop			@ (mov r8, r8)
100060d4:	100095e0 	.word	0x100095e0
100060d8:	2000200c 	.word	0x2000200c
100060dc:	2000202b 	.word	0x2000202b
100060e0:	10005f49 	.word	0x10005f49
100060e4:	20001fdc 	.word	0x20001fdc
100060e8:	7fffffff 	.word	0x7fffffff
100060ec:	10005d0d 	.word	0x10005d0d
100060f0:	20001070 	.word	0x20001070
100060f4:	10005cfd 	.word	0x10005cfd

100060f8 <tud_descriptor_device_cb>:
100060f8:	4800      	ldr	r0, [pc, #0]	@ (100060fc <tud_descriptor_device_cb+0x4>)
100060fa:	4770      	bx	lr
100060fc:	100094c8 	.word	0x100094c8

10006100 <tud_descriptor_configuration_cb>:
10006100:	4800      	ldr	r0, [pc, #0]	@ (10006104 <tud_descriptor_configuration_cb+0x4>)
10006102:	4770      	bx	lr
10006104:	10009474 	.word	0x10009474

10006108 <tud_descriptor_string_cb>:
10006108:	b510      	push	{r4, lr}
1000610a:	0004      	movs	r4, r0
1000610c:	4817      	ldr	r0, [pc, #92]	@ (1000616c <tud_descriptor_string_cb+0x64>)
1000610e:	7803      	ldrb	r3, [r0, #0]
10006110:	2b00      	cmp	r3, #0
10006112:	d020      	beq.n	10006156 <tud_descriptor_string_cb+0x4e>
10006114:	2c00      	cmp	r4, #0
10006116:	d106      	bne.n	10006126 <tud_descriptor_string_cb+0x1e>
10006118:	4b15      	ldr	r3, [pc, #84]	@ (10006170 <tud_descriptor_string_cb+0x68>)
1000611a:	4816      	ldr	r0, [pc, #88]	@ (10006174 <tud_descriptor_string_cb+0x6c>)
1000611c:	8043      	strh	r3, [r0, #2]
1000611e:	3b06      	subs	r3, #6
10006120:	3bff      	subs	r3, #255	@ 0xff
10006122:	8003      	strh	r3, [r0, #0]
10006124:	bd10      	pop	{r4, pc}
10006126:	2c05      	cmp	r4, #5
10006128:	d81d      	bhi.n	10006166 <tud_descriptor_string_cb+0x5e>
1000612a:	4b13      	ldr	r3, [pc, #76]	@ (10006178 <tud_descriptor_string_cb+0x70>)
1000612c:	00a4      	lsls	r4, r4, #2
1000612e:	58e0      	ldr	r0, [r4, r3]
10006130:	4912      	ldr	r1, [pc, #72]	@ (1000617c <tud_descriptor_string_cb+0x74>)
10006132:	2301      	movs	r3, #1
10006134:	3801      	subs	r0, #1
10006136:	e004      	b.n	10006142 <tud_descriptor_string_cb+0x3a>
10006138:	3301      	adds	r3, #1
1000613a:	800a      	strh	r2, [r1, #0]
1000613c:	3102      	adds	r1, #2
1000613e:	2b14      	cmp	r3, #20
10006140:	d00d      	beq.n	1000615e <tud_descriptor_string_cb+0x56>
10006142:	5cc2      	ldrb	r2, [r0, r3]
10006144:	2a00      	cmp	r2, #0
10006146:	d1f7      	bne.n	10006138 <tud_descriptor_string_cb+0x30>
10006148:	22c0      	movs	r2, #192	@ 0xc0
1000614a:	b2db      	uxtb	r3, r3
1000614c:	005b      	lsls	r3, r3, #1
1000614e:	0092      	lsls	r2, r2, #2
10006150:	4808      	ldr	r0, [pc, #32]	@ (10006174 <tud_descriptor_string_cb+0x6c>)
10006152:	4313      	orrs	r3, r2
10006154:	e7e5      	b.n	10006122 <tud_descriptor_string_cb+0x1a>
10006156:	2111      	movs	r1, #17
10006158:	f000 f81a 	bl	10006190 <pico_get_unique_board_id_string>
1000615c:	e7da      	b.n	10006114 <tud_descriptor_string_cb+0xc>
1000615e:	23ca      	movs	r3, #202	@ 0xca
10006160:	4804      	ldr	r0, [pc, #16]	@ (10006174 <tud_descriptor_string_cb+0x6c>)
10006162:	009b      	lsls	r3, r3, #2
10006164:	e7dd      	b.n	10006122 <tud_descriptor_string_cb+0x1a>
10006166:	2000      	movs	r0, #0
10006168:	e7dc      	b.n	10006124 <tud_descriptor_string_cb+0x1c>
1000616a:	46c0      	nop			@ (mov r8, r8)
1000616c:	20002014 	.word	0x20002014
10006170:	00000409 	.word	0x00000409
10006174:	20001b6c 	.word	0x20001b6c
10006178:	1000945c 	.word	0x1000945c
1000617c:	20001b6e 	.word	0x20001b6e

10006180 <_retrieve_unique_id_on_boot>:
10006180:	b510      	push	{r4, lr}
10006182:	4802      	ldr	r0, [pc, #8]	@ (1000618c <_retrieve_unique_id_on_boot+0xc>)
10006184:	f000 f8d8 	bl	10006338 <flash_get_unique_id>
10006188:	bd10      	pop	{r4, pc}
1000618a:	46c0      	nop			@ (mov r8, r8)
1000618c:	20001ffc 	.word	0x20001ffc

10006190 <pico_get_unique_board_id_string>:
10006190:	b530      	push	{r4, r5, lr}
10006192:	1e4b      	subs	r3, r1, #1
10006194:	2901      	cmp	r1, #1
10006196:	d100      	bne.n	1000619a <pico_get_unique_board_id_string+0xa>
10006198:	e0a7      	b.n	100062ea <pico_get_unique_board_id_string+0x15a>
1000619a:	4a66      	ldr	r2, [pc, #408]	@ (10006334 <pico_get_unique_board_id_string+0x1a4>)
1000619c:	7811      	ldrb	r1, [r2, #0]
1000619e:	090d      	lsrs	r5, r1, #4
100061a0:	002c      	movs	r4, r5
100061a2:	3430      	adds	r4, #48	@ 0x30
100061a4:	299f      	cmp	r1, #159	@ 0x9f
100061a6:	d900      	bls.n	100061aa <pico_get_unique_board_id_string+0x1a>
100061a8:	e0a2      	b.n	100062f0 <pico_get_unique_board_id_string+0x160>
100061aa:	7004      	strb	r4, [r0, #0]
100061ac:	2b01      	cmp	r3, #1
100061ae:	d100      	bne.n	100061b2 <pico_get_unique_board_id_string+0x22>
100061b0:	e0be      	b.n	10006330 <pico_get_unique_board_id_string+0x1a0>
100061b2:	210f      	movs	r1, #15
100061b4:	7814      	ldrb	r4, [r2, #0]
100061b6:	4021      	ands	r1, r4
100061b8:	000c      	movs	r4, r1
100061ba:	3430      	adds	r4, #48	@ 0x30
100061bc:	2909      	cmp	r1, #9
100061be:	d900      	bls.n	100061c2 <pico_get_unique_board_id_string+0x32>
100061c0:	e098      	b.n	100062f4 <pico_get_unique_board_id_string+0x164>
100061c2:	7044      	strb	r4, [r0, #1]
100061c4:	2b02      	cmp	r3, #2
100061c6:	d100      	bne.n	100061ca <pico_get_unique_board_id_string+0x3a>
100061c8:	e0b2      	b.n	10006330 <pico_get_unique_board_id_string+0x1a0>
100061ca:	7854      	ldrb	r4, [r2, #1]
100061cc:	0925      	lsrs	r5, r4, #4
100061ce:	0029      	movs	r1, r5
100061d0:	3130      	adds	r1, #48	@ 0x30
100061d2:	2c9f      	cmp	r4, #159	@ 0x9f
100061d4:	d900      	bls.n	100061d8 <pico_get_unique_board_id_string+0x48>
100061d6:	e090      	b.n	100062fa <pico_get_unique_board_id_string+0x16a>
100061d8:	7081      	strb	r1, [r0, #2]
100061da:	2b03      	cmp	r3, #3
100061dc:	d100      	bne.n	100061e0 <pico_get_unique_board_id_string+0x50>
100061de:	e0a7      	b.n	10006330 <pico_get_unique_board_id_string+0x1a0>
100061e0:	210f      	movs	r1, #15
100061e2:	4021      	ands	r1, r4
100061e4:	000c      	movs	r4, r1
100061e6:	3430      	adds	r4, #48	@ 0x30
100061e8:	2909      	cmp	r1, #9
100061ea:	d900      	bls.n	100061ee <pico_get_unique_board_id_string+0x5e>
100061ec:	e087      	b.n	100062fe <pico_get_unique_board_id_string+0x16e>
100061ee:	70c4      	strb	r4, [r0, #3]
100061f0:	2b04      	cmp	r3, #4
100061f2:	d100      	bne.n	100061f6 <pico_get_unique_board_id_string+0x66>
100061f4:	e09c      	b.n	10006330 <pico_get_unique_board_id_string+0x1a0>
100061f6:	7894      	ldrb	r4, [r2, #2]
100061f8:	0925      	lsrs	r5, r4, #4
100061fa:	0029      	movs	r1, r5
100061fc:	3130      	adds	r1, #48	@ 0x30
100061fe:	2c9f      	cmp	r4, #159	@ 0x9f
10006200:	d900      	bls.n	10006204 <pico_get_unique_board_id_string+0x74>
10006202:	e07f      	b.n	10006304 <pico_get_unique_board_id_string+0x174>
10006204:	7101      	strb	r1, [r0, #4]
10006206:	2b05      	cmp	r3, #5
10006208:	d100      	bne.n	1000620c <pico_get_unique_board_id_string+0x7c>
1000620a:	e091      	b.n	10006330 <pico_get_unique_board_id_string+0x1a0>
1000620c:	210f      	movs	r1, #15
1000620e:	4021      	ands	r1, r4
10006210:	000c      	movs	r4, r1
10006212:	3430      	adds	r4, #48	@ 0x30
10006214:	2909      	cmp	r1, #9
10006216:	d900      	bls.n	1000621a <pico_get_unique_board_id_string+0x8a>
10006218:	e076      	b.n	10006308 <pico_get_unique_board_id_string+0x178>
1000621a:	7144      	strb	r4, [r0, #5]
1000621c:	2b06      	cmp	r3, #6
1000621e:	d100      	bne.n	10006222 <pico_get_unique_board_id_string+0x92>
10006220:	e086      	b.n	10006330 <pico_get_unique_board_id_string+0x1a0>
10006222:	78d4      	ldrb	r4, [r2, #3]
10006224:	0925      	lsrs	r5, r4, #4
10006226:	0029      	movs	r1, r5
10006228:	3130      	adds	r1, #48	@ 0x30
1000622a:	2c9f      	cmp	r4, #159	@ 0x9f
1000622c:	d900      	bls.n	10006230 <pico_get_unique_board_id_string+0xa0>
1000622e:	e06e      	b.n	1000630e <pico_get_unique_board_id_string+0x17e>
10006230:	7181      	strb	r1, [r0, #6]
10006232:	2b07      	cmp	r3, #7
10006234:	d100      	bne.n	10006238 <pico_get_unique_board_id_string+0xa8>
10006236:	e07b      	b.n	10006330 <pico_get_unique_board_id_string+0x1a0>
10006238:	210f      	movs	r1, #15
1000623a:	4021      	ands	r1, r4
1000623c:	000c      	movs	r4, r1
1000623e:	3430      	adds	r4, #48	@ 0x30
10006240:	2909      	cmp	r1, #9
10006242:	d866      	bhi.n	10006312 <pico_get_unique_board_id_string+0x182>
10006244:	71c4      	strb	r4, [r0, #7]
10006246:	2b08      	cmp	r3, #8
10006248:	d100      	bne.n	1000624c <pico_get_unique_board_id_string+0xbc>
1000624a:	e071      	b.n	10006330 <pico_get_unique_board_id_string+0x1a0>
1000624c:	7914      	ldrb	r4, [r2, #4]
1000624e:	0925      	lsrs	r5, r4, #4
10006250:	0029      	movs	r1, r5
10006252:	3130      	adds	r1, #48	@ 0x30
10006254:	2c9f      	cmp	r4, #159	@ 0x9f
10006256:	d85f      	bhi.n	10006318 <pico_get_unique_board_id_string+0x188>
10006258:	7201      	strb	r1, [r0, #8]
1000625a:	2b09      	cmp	r3, #9
1000625c:	d068      	beq.n	10006330 <pico_get_unique_board_id_string+0x1a0>
1000625e:	210f      	movs	r1, #15
10006260:	4021      	ands	r1, r4
10006262:	000c      	movs	r4, r1
10006264:	3430      	adds	r4, #48	@ 0x30
10006266:	2909      	cmp	r1, #9
10006268:	d858      	bhi.n	1000631c <pico_get_unique_board_id_string+0x18c>
1000626a:	7244      	strb	r4, [r0, #9]
1000626c:	2b0a      	cmp	r3, #10
1000626e:	d05f      	beq.n	10006330 <pico_get_unique_board_id_string+0x1a0>
10006270:	7954      	ldrb	r4, [r2, #5]
10006272:	0925      	lsrs	r5, r4, #4
10006274:	0029      	movs	r1, r5
10006276:	3130      	adds	r1, #48	@ 0x30
10006278:	2c9f      	cmp	r4, #159	@ 0x9f
1000627a:	d852      	bhi.n	10006322 <pico_get_unique_board_id_string+0x192>
1000627c:	7281      	strb	r1, [r0, #10]
1000627e:	2b0b      	cmp	r3, #11
10006280:	d056      	beq.n	10006330 <pico_get_unique_board_id_string+0x1a0>
10006282:	210f      	movs	r1, #15
10006284:	4021      	ands	r1, r4
10006286:	000c      	movs	r4, r1
10006288:	3430      	adds	r4, #48	@ 0x30
1000628a:	2909      	cmp	r1, #9
1000628c:	d84b      	bhi.n	10006326 <pico_get_unique_board_id_string+0x196>
1000628e:	72c4      	strb	r4, [r0, #11]
10006290:	2b0c      	cmp	r3, #12
10006292:	d04d      	beq.n	10006330 <pico_get_unique_board_id_string+0x1a0>
10006294:	7994      	ldrb	r4, [r2, #6]
10006296:	0925      	lsrs	r5, r4, #4
10006298:	0029      	movs	r1, r5
1000629a:	3130      	adds	r1, #48	@ 0x30
1000629c:	2c9f      	cmp	r4, #159	@ 0x9f
1000629e:	d900      	bls.n	100062a2 <pico_get_unique_board_id_string+0x112>
100062a0:	3107      	adds	r1, #7
100062a2:	7301      	strb	r1, [r0, #12]
100062a4:	2b0d      	cmp	r3, #13
100062a6:	d043      	beq.n	10006330 <pico_get_unique_board_id_string+0x1a0>
100062a8:	210f      	movs	r1, #15
100062aa:	4021      	ands	r1, r4
100062ac:	000c      	movs	r4, r1
100062ae:	3430      	adds	r4, #48	@ 0x30
100062b0:	2909      	cmp	r1, #9
100062b2:	d901      	bls.n	100062b8 <pico_get_unique_board_id_string+0x128>
100062b4:	3137      	adds	r1, #55	@ 0x37
100062b6:	000c      	movs	r4, r1
100062b8:	7344      	strb	r4, [r0, #13]
100062ba:	2b0e      	cmp	r3, #14
100062bc:	d038      	beq.n	10006330 <pico_get_unique_board_id_string+0x1a0>
100062be:	79d1      	ldrb	r1, [r2, #7]
100062c0:	090c      	lsrs	r4, r1, #4
100062c2:	0022      	movs	r2, r4
100062c4:	3230      	adds	r2, #48	@ 0x30
100062c6:	299f      	cmp	r1, #159	@ 0x9f
100062c8:	d900      	bls.n	100062cc <pico_get_unique_board_id_string+0x13c>
100062ca:	3207      	adds	r2, #7
100062cc:	7382      	strb	r2, [r0, #14]
100062ce:	2b0f      	cmp	r3, #15
100062d0:	d02e      	beq.n	10006330 <pico_get_unique_board_id_string+0x1a0>
100062d2:	220f      	movs	r2, #15
100062d4:	400a      	ands	r2, r1
100062d6:	0011      	movs	r1, r2
100062d8:	3137      	adds	r1, #55	@ 0x37
100062da:	2a09      	cmp	r2, #9
100062dc:	d801      	bhi.n	100062e2 <pico_get_unique_board_id_string+0x152>
100062de:	3230      	adds	r2, #48	@ 0x30
100062e0:	0011      	movs	r1, r2
100062e2:	73c1      	strb	r1, [r0, #15]
100062e4:	2b10      	cmp	r3, #16
100062e6:	d023      	beq.n	10006330 <pico_get_unique_board_id_string+0x1a0>
100062e8:	3010      	adds	r0, #16
100062ea:	2300      	movs	r3, #0
100062ec:	7003      	strb	r3, [r0, #0]
100062ee:	bd30      	pop	{r4, r5, pc}
100062f0:	3407      	adds	r4, #7
100062f2:	e75a      	b.n	100061aa <pico_get_unique_board_id_string+0x1a>
100062f4:	3137      	adds	r1, #55	@ 0x37
100062f6:	000c      	movs	r4, r1
100062f8:	e763      	b.n	100061c2 <pico_get_unique_board_id_string+0x32>
100062fa:	3107      	adds	r1, #7
100062fc:	e76c      	b.n	100061d8 <pico_get_unique_board_id_string+0x48>
100062fe:	3137      	adds	r1, #55	@ 0x37
10006300:	000c      	movs	r4, r1
10006302:	e774      	b.n	100061ee <pico_get_unique_board_id_string+0x5e>
10006304:	3107      	adds	r1, #7
10006306:	e77d      	b.n	10006204 <pico_get_unique_board_id_string+0x74>
10006308:	3137      	adds	r1, #55	@ 0x37
1000630a:	000c      	movs	r4, r1
1000630c:	e785      	b.n	1000621a <pico_get_unique_board_id_string+0x8a>
1000630e:	3107      	adds	r1, #7
10006310:	e78e      	b.n	10006230 <pico_get_unique_board_id_string+0xa0>
10006312:	3137      	adds	r1, #55	@ 0x37
10006314:	000c      	movs	r4, r1
10006316:	e795      	b.n	10006244 <pico_get_unique_board_id_string+0xb4>
10006318:	3107      	adds	r1, #7
1000631a:	e79d      	b.n	10006258 <pico_get_unique_board_id_string+0xc8>
1000631c:	3137      	adds	r1, #55	@ 0x37
1000631e:	000c      	movs	r4, r1
10006320:	e7a3      	b.n	1000626a <pico_get_unique_board_id_string+0xda>
10006322:	3107      	adds	r1, #7
10006324:	e7aa      	b.n	1000627c <pico_get_unique_board_id_string+0xec>
10006326:	3137      	adds	r1, #55	@ 0x37
10006328:	000c      	movs	r4, r1
1000632a:	72c4      	strb	r4, [r0, #11]
1000632c:	2b0c      	cmp	r3, #12
1000632e:	d1b1      	bne.n	10006294 <pico_get_unique_board_id_string+0x104>
10006330:	18c0      	adds	r0, r0, r3
10006332:	e7da      	b.n	100062ea <pico_get_unique_board_id_string+0x15a>
10006334:	20001ffc 	.word	0x20001ffc

10006338 <flash_get_unique_id>:
10006338:	b510      	push	{r4, lr}
1000633a:	b088      	sub	sp, #32
1000633c:	0004      	movs	r4, r0
1000633e:	220d      	movs	r2, #13
10006340:	2100      	movs	r1, #0
10006342:	4668      	mov	r0, sp
10006344:	f7fd fd8e 	bl	10003e64 <__wrap_memset>
10006348:	220d      	movs	r2, #13
1000634a:	2100      	movs	r1, #0
1000634c:	a804      	add	r0, sp, #16
1000634e:	f7fd fd89 	bl	10003e64 <__wrap_memset>
10006352:	234b      	movs	r3, #75	@ 0x4b
10006354:	466a      	mov	r2, sp
10006356:	4668      	mov	r0, sp
10006358:	7013      	strb	r3, [r2, #0]
1000635a:	a904      	add	r1, sp, #16
1000635c:	220d      	movs	r2, #13
1000635e:	f002 fb2f 	bl	100089c0 <__flash_do_cmd_veneer>
10006362:	2115      	movs	r1, #21
10006364:	2208      	movs	r2, #8
10006366:	0020      	movs	r0, r4
10006368:	4469      	add	r1, sp
1000636a:	f7fd fd81 	bl	10003e70 <__wrap___aeabi_memcpy>
1000636e:	b008      	add	sp, #32
10006370:	bd10      	pop	{r4, pc}
10006372:	46c0      	nop			@ (mov r8, r8)

10006374 <dcd_init>:
10006374:	b5f8      	push	{r3, r4, r5, r6, r7, lr}
10006376:	f000 f947 	bl	10006608 <rp2040_usb_init>
1000637a:	230c      	movs	r3, #12
1000637c:	4d19      	ldr	r5, [pc, #100]	@ (100063e4 <dcd_init+0x70>)
1000637e:	22ff      	movs	r2, #255	@ 0xff
10006380:	67ab      	str	r3, [r5, #120]	@ 0x78
10006382:	2005      	movs	r0, #5
10006384:	4918      	ldr	r1, [pc, #96]	@ (100063e8 <dcd_init+0x74>)
10006386:	f7fb fba1 	bl	10001acc <irq_add_shared_handler>
1000638a:	4c18      	ldr	r4, [pc, #96]	@ (100063ec <dcd_init+0x78>)
1000638c:	2240      	movs	r2, #64	@ 0x40
1000638e:	2100      	movs	r1, #0
10006390:	0020      	movs	r0, r4
10006392:	f7fd fd67 	bl	10003e64 <__wrap_memset>
10006396:	2740      	movs	r7, #64	@ 0x40
10006398:	2300      	movs	r3, #0
1000639a:	2601      	movs	r6, #1
1000639c:	2121      	movs	r1, #33	@ 0x21
1000639e:	4a14      	ldr	r2, [pc, #80]	@ (100063f0 <dcd_init+0x7c>)
100063a0:	7066      	strb	r6, [r4, #1]
100063a2:	8327      	strh	r7, [r4, #24]
100063a4:	60a2      	str	r2, [r4, #8]
100063a6:	6013      	str	r3, [r2, #0]
100063a8:	5463      	strb	r3, [r4, r1]
100063aa:	315f      	adds	r1, #95	@ 0x5f
100063ac:	8461      	strh	r1, [r4, #34]	@ 0x22
100063ae:	3945      	subs	r1, #69	@ 0x45
100063b0:	5463      	strb	r3, [r4, r1]
100063b2:	4a10      	ldr	r2, [pc, #64]	@ (100063f4 <dcd_init+0x80>)
100063b4:	4910      	ldr	r1, [pc, #64]	@ (100063f8 <dcd_init+0x84>)
100063b6:	6063      	str	r3, [r4, #4]
100063b8:	60e2      	str	r2, [r4, #12]
100063ba:	8727      	strh	r7, [r4, #56]	@ 0x38
100063bc:	62a1      	str	r1, [r4, #40]	@ 0x28
100063be:	600b      	str	r3, [r1, #0]
100063c0:	6263      	str	r3, [r4, #36]	@ 0x24
100063c2:	62e2      	str	r2, [r4, #44]	@ 0x2c
100063c4:	f002 faf4 	bl	100089b0 <__reset_non_control_endpoints_veneer>
100063c8:	2380      	movs	r3, #128	@ 0x80
100063ca:	059b      	lsls	r3, r3, #22
100063cc:	642e      	str	r6, [r5, #64]	@ 0x40
100063ce:	64eb      	str	r3, [r5, #76]	@ 0x4c
100063d0:	2390      	movs	r3, #144	@ 0x90
100063d2:	4a0a      	ldr	r2, [pc, #40]	@ (100063fc <dcd_init+0x88>)
100063d4:	2001      	movs	r0, #1
100063d6:	50ea      	str	r2, [r5, r3]
100063d8:	2280      	movs	r2, #128	@ 0x80
100063da:	4b09      	ldr	r3, [pc, #36]	@ (10006400 <dcd_init+0x8c>)
100063dc:	0252      	lsls	r2, r2, #9
100063de:	64da      	str	r2, [r3, #76]	@ 0x4c
100063e0:	bdf8      	pop	{r3, r4, r5, r6, r7, pc}
100063e2:	46c0      	nop			@ (mov r8, r8)
100063e4:	50110000 	.word	0x50110000
100063e8:	20000545 	.word	0x20000545
100063ec:	20001ba4 	.word	0x20001ba4
100063f0:	50100084 	.word	0x50100084
100063f4:	50100100 	.word	0x50100100
100063f8:	50100080 	.word	0x50100080
100063fc:	0001d010 	.word	0x0001d010
10006400:	50112000 	.word	0x50112000

10006404 <dcd_int_enable>:
10006404:	b510      	push	{r4, lr}
10006406:	2101      	movs	r1, #1
10006408:	2005      	movs	r0, #5
1000640a:	f7fb fafd 	bl	10001a08 <irq_set_enabled>
1000640e:	bd10      	pop	{r4, pc}

10006410 <dcd_set_address>:
10006410:	b510      	push	{r4, lr}
10006412:	2200      	movs	r2, #0
10006414:	2100      	movs	r1, #0
10006416:	4802      	ldr	r0, [pc, #8]	@ (10006420 <dcd_set_address+0x10>)
10006418:	f000 f916 	bl	10006648 <hw_endpoint_xfer_start>
1000641c:	bd10      	pop	{r4, pc}
1000641e:	46c0      	nop			@ (mov r8, r8)
10006420:	20001bc4 	.word	0x20001bc4

10006424 <dcd_sof_enable>:
10006424:	4b04      	ldr	r3, [pc, #16]	@ (10006438 <dcd_sof_enable+0x14>)
10006426:	7019      	strb	r1, [r3, #0]
10006428:	2900      	cmp	r1, #0
1000642a:	d004      	beq.n	10006436 <dcd_sof_enable+0x12>
1000642c:	2180      	movs	r1, #128	@ 0x80
1000642e:	2390      	movs	r3, #144	@ 0x90
10006430:	4a02      	ldr	r2, [pc, #8]	@ (1000643c <dcd_sof_enable+0x18>)
10006432:	0289      	lsls	r1, r1, #10
10006434:	50d1      	str	r1, [r2, r3]
10006436:	4770      	bx	lr
10006438:	20002026 	.word	0x20002026
1000643c:	50112000 	.word	0x50112000

10006440 <dcd_edpt0_status_complete>:
10006440:	780b      	ldrb	r3, [r1, #0]
10006442:	065b      	lsls	r3, r3, #25
10006444:	d102      	bne.n	1000644c <dcd_edpt0_status_complete+0xc>
10006446:	784b      	ldrb	r3, [r1, #1]
10006448:	2b05      	cmp	r3, #5
1000644a:	d000      	beq.n	1000644e <dcd_edpt0_status_complete+0xe>
1000644c:	4770      	bx	lr
1000644e:	788a      	ldrb	r2, [r1, #2]
10006450:	4b01      	ldr	r3, [pc, #4]	@ (10006458 <dcd_edpt0_status_complete+0x18>)
10006452:	601a      	str	r2, [r3, #0]
10006454:	e7fa      	b.n	1000644c <dcd_edpt0_status_complete+0xc>
10006456:	46c0      	nop			@ (mov r8, r8)
10006458:	50110000 	.word	0x50110000

1000645c <dcd_edpt_open>:
1000645c:	b5f0      	push	{r4, r5, r6, r7, lr}
1000645e:	46c6      	mov	lr, r8
10006460:	78c8      	ldrb	r0, [r1, #3]
10006462:	b500      	push	{lr}
10006464:	0780      	lsls	r0, r0, #30
10006466:	0f83      	lsrs	r3, r0, #30
10006468:	0018      	movs	r0, r3
1000646a:	2b01      	cmp	r3, #1
1000646c:	d060      	beq.n	10006530 <dcd_edpt_open+0xd4>
1000646e:	788f      	ldrb	r7, [r1, #2]
10006470:	790a      	ldrb	r2, [r1, #4]
10006472:	794b      	ldrb	r3, [r1, #5]
10006474:	217f      	movs	r1, #127	@ 0x7f
10006476:	4039      	ands	r1, r7
10006478:	09fc      	lsrs	r4, r7, #7
1000647a:	021b      	lsls	r3, r3, #8
1000647c:	004e      	lsls	r6, r1, #1
1000647e:	4313      	orrs	r3, r2
10006480:	4d33      	ldr	r5, [pc, #204]	@ (10006550 <dcd_edpt_open+0xf4>)
10006482:	1932      	adds	r2, r6, r4
10006484:	0152      	lsls	r2, r2, #5
10006486:	18aa      	adds	r2, r5, r2
10006488:	7097      	strb	r7, [r2, #2]
1000648a:	2701      	movs	r7, #1
1000648c:	4067      	eors	r7, r4
1000648e:	7057      	strb	r7, [r2, #1]
10006490:	2700      	movs	r7, #0
10006492:	055b      	lsls	r3, r3, #21
10006494:	0d5b      	lsrs	r3, r3, #21
10006496:	70d7      	strb	r7, [r2, #3]
10006498:	8313      	strh	r3, [r2, #24]
1000649a:	76d0      	strb	r0, [r2, #27]
1000649c:	46b8      	mov	r8, r7
1000649e:	00ca      	lsls	r2, r1, #3
100064a0:	2c01      	cmp	r4, #1
100064a2:	d032      	beq.n	1000650a <dcd_edpt_open+0xae>
100064a4:	4f2b      	ldr	r7, [pc, #172]	@ (10006554 <dcd_edpt_open+0xf8>)
100064a6:	46bc      	mov	ip, r7
100064a8:	018f      	lsls	r7, r1, #6
100064aa:	4462      	add	r2, ip
100064ac:	46bc      	mov	ip, r7
100064ae:	44ac      	add	ip, r5
100064b0:	4667      	mov	r7, ip
100064b2:	60ba      	str	r2, [r7, #8]
100064b4:	4647      	mov	r7, r8
100064b6:	6017      	str	r7, [r2, #0]
100064b8:	2900      	cmp	r1, #0
100064ba:	d032      	beq.n	10006522 <dcd_edpt_open+0xc6>
100064bc:	4a26      	ldr	r2, [pc, #152]	@ (10006558 <dcd_edpt_open+0xfc>)
100064be:	00c9      	lsls	r1, r1, #3
100064c0:	4690      	mov	r8, r2
100064c2:	4662      	mov	r2, ip
100064c4:	4441      	add	r1, r8
100064c6:	6051      	str	r1, [r2, #4]
100064c8:	223f      	movs	r2, #63	@ 0x3f
100064ca:	333f      	adds	r3, #63	@ 0x3f
100064cc:	4393      	bics	r3, r2
100064ce:	2802      	cmp	r0, #2
100064d0:	d037      	beq.n	10006542 <dcd_edpt_open+0xe6>
100064d2:	4922      	ldr	r1, [pc, #136]	@ (1000655c <dcd_edpt_open+0x100>)
100064d4:	1937      	adds	r7, r6, r4
100064d6:	680a      	ldr	r2, [r1, #0]
100064d8:	017f      	lsls	r7, r7, #5
100064da:	18d3      	adds	r3, r2, r3
100064dc:	600b      	str	r3, [r1, #0]
100064de:	4920      	ldr	r1, [pc, #128]	@ (10006560 <dcd_edpt_open+0x104>)
100064e0:	19ef      	adds	r7, r5, r7
100064e2:	60fa      	str	r2, [r7, #12]
100064e4:	428b      	cmp	r3, r1
100064e6:	d82e      	bhi.n	10006546 <dcd_edpt_open+0xea>
100064e8:	1936      	adds	r6, r6, r4
100064ea:	0176      	lsls	r6, r6, #5
100064ec:	19ad      	adds	r5, r5, r6
100064ee:	7eeb      	ldrb	r3, [r5, #27]
100064f0:	491c      	ldr	r1, [pc, #112]	@ (10006564 <dcd_edpt_open+0x108>)
100064f2:	069b      	lsls	r3, r3, #26
100064f4:	404a      	eors	r2, r1
100064f6:	4313      	orrs	r3, r2
100064f8:	2280      	movs	r2, #128	@ 0x80
100064fa:	0612      	lsls	r2, r2, #24
100064fc:	4313      	orrs	r3, r2
100064fe:	686a      	ldr	r2, [r5, #4]
10006500:	6013      	str	r3, [r2, #0]
10006502:	2001      	movs	r0, #1
10006504:	bc80      	pop	{r7}
10006506:	46b8      	mov	r8, r7
10006508:	bdf0      	pop	{r4, r5, r6, r7, pc}
1000650a:	4f17      	ldr	r7, [pc, #92]	@ (10006568 <dcd_edpt_open+0x10c>)
1000650c:	46bc      	mov	ip, r7
1000650e:	018f      	lsls	r7, r1, #6
10006510:	4462      	add	r2, ip
10006512:	46bc      	mov	ip, r7
10006514:	44ac      	add	ip, r5
10006516:	4667      	mov	r7, ip
10006518:	62ba      	str	r2, [r7, #40]	@ 0x28
1000651a:	4647      	mov	r7, r8
1000651c:	6017      	str	r7, [r2, #0]
1000651e:	2900      	cmp	r1, #0
10006520:	d108      	bne.n	10006534 <dcd_edpt_open+0xd8>
10006522:	2300      	movs	r3, #0
10006524:	0164      	lsls	r4, r4, #5
10006526:	192c      	adds	r4, r5, r4
10006528:	6063      	str	r3, [r4, #4]
1000652a:	4b10      	ldr	r3, [pc, #64]	@ (1000656c <dcd_edpt_open+0x110>)
1000652c:	60e3      	str	r3, [r4, #12]
1000652e:	e7e8      	b.n	10006502 <dcd_edpt_open+0xa6>
10006530:	2000      	movs	r0, #0
10006532:	e7e7      	b.n	10006504 <dcd_edpt_open+0xa8>
10006534:	4a0b      	ldr	r2, [pc, #44]	@ (10006564 <dcd_edpt_open+0x108>)
10006536:	00c9      	lsls	r1, r1, #3
10006538:	4690      	mov	r8, r2
1000653a:	4662      	mov	r2, ip
1000653c:	4441      	add	r1, r8
1000653e:	6251      	str	r1, [r2, #36]	@ 0x24
10006540:	e7c2      	b.n	100064c8 <dcd_edpt_open+0x6c>
10006542:	005b      	lsls	r3, r3, #1
10006544:	e7c5      	b.n	100064d2 <dcd_edpt_open+0x76>
10006546:	f7fc fc0d 	bl	10002d64 <hard_assertion_failure>
1000654a:	68fa      	ldr	r2, [r7, #12]
1000654c:	e7cc      	b.n	100064e8 <dcd_edpt_open+0x8c>
1000654e:	46c0      	nop			@ (mov r8, r8)
10006550:	20001ba4 	.word	0x20001ba4
10006554:	50100084 	.word	0x50100084
10006558:	50100004 	.word	0x50100004
1000655c:	20001fc0 	.word	0x20001fc0
10006560:	50100fff 	.word	0x50100fff
10006564:	50100000 	.word	0x50100000
10006568:	50100080 	.word	0x50100080
1000656c:	50100100 	.word	0x50100100

10006570 <dcd_edpt_close_all>:
10006570:	b510      	push	{r4, lr}
10006572:	f002 fa1d 	bl	100089b0 <__reset_non_control_endpoints_veneer>
10006576:	bd10      	pop	{r4, pc}

10006578 <dcd_edpt_xfer>:
10006578:	b510      	push	{r4, lr}
1000657a:	207f      	movs	r0, #127	@ 0x7f
1000657c:	000c      	movs	r4, r1
1000657e:	4020      	ands	r0, r4
10006580:	0040      	lsls	r0, r0, #1
10006582:	09e4      	lsrs	r4, r4, #7
10006584:	0011      	movs	r1, r2
10006586:	1900      	adds	r0, r0, r4
10006588:	001a      	movs	r2, r3
1000658a:	4b03      	ldr	r3, [pc, #12]	@ (10006598 <dcd_edpt_xfer+0x20>)
1000658c:	0140      	lsls	r0, r0, #5
1000658e:	18c0      	adds	r0, r0, r3
10006590:	f000 f85a 	bl	10006648 <hw_endpoint_xfer_start>
10006594:	2001      	movs	r0, #1
10006596:	bd10      	pop	{r4, pc}
10006598:	20001ba4 	.word	0x20001ba4

1000659c <dcd_edpt_stall>:
1000659c:	237f      	movs	r3, #127	@ 0x7f
1000659e:	0018      	movs	r0, r3
100065a0:	b500      	push	{lr}
100065a2:	4008      	ands	r0, r1
100065a4:	b083      	sub	sp, #12
100065a6:	420b      	tst	r3, r1
100065a8:	d104      	bne.n	100065b4 <dcd_edpt_stall+0x18>
100065aa:	424b      	negs	r3, r1
100065ac:	414b      	adcs	r3, r1
100065ae:	4a08      	ldr	r2, [pc, #32]	@ (100065d0 <dcd_edpt_stall+0x34>)
100065b0:	3301      	adds	r3, #1
100065b2:	6693      	str	r3, [r2, #104]	@ 0x68
100065b4:	2280      	movs	r2, #128	@ 0x80
100065b6:	09c9      	lsrs	r1, r1, #7
100065b8:	0040      	lsls	r0, r0, #1
100065ba:	4b06      	ldr	r3, [pc, #24]	@ (100065d4 <dcd_edpt_stall+0x38>)
100065bc:	1840      	adds	r0, r0, r1
100065be:	0140      	lsls	r0, r0, #5
100065c0:	2100      	movs	r1, #0
100065c2:	18c0      	adds	r0, r0, r3
100065c4:	0112      	lsls	r2, r2, #4
100065c6:	f002 fa4b 	bl	10008a60 <___hw_endpoint_buffer_control_update32_veneer>
100065ca:	b003      	add	sp, #12
100065cc:	bd00      	pop	{pc}
100065ce:	46c0      	nop			@ (mov r8, r8)
100065d0:	50112000 	.word	0x50112000
100065d4:	20001ba4 	.word	0x20001ba4

100065d8 <dcd_edpt_clear_stall>:
100065d8:	227f      	movs	r2, #127	@ 0x7f
100065da:	0013      	movs	r3, r2
100065dc:	b510      	push	{r4, lr}
100065de:	400b      	ands	r3, r1
100065e0:	420a      	tst	r2, r1
100065e2:	d100      	bne.n	100065e6 <dcd_edpt_clear_stall+0xe>
100065e4:	bd10      	pop	{r4, pc}
100065e6:	09c9      	lsrs	r1, r1, #7
100065e8:	005b      	lsls	r3, r3, #1
100065ea:	185b      	adds	r3, r3, r1
100065ec:	4804      	ldr	r0, [pc, #16]	@ (10006600 <dcd_edpt_clear_stall+0x28>)
100065ee:	015b      	lsls	r3, r3, #5
100065f0:	18c0      	adds	r0, r0, r3
100065f2:	2300      	movs	r3, #0
100065f4:	2200      	movs	r2, #0
100065f6:	4903      	ldr	r1, [pc, #12]	@ (10006604 <dcd_edpt_clear_stall+0x2c>)
100065f8:	70c3      	strb	r3, [r0, #3]
100065fa:	f002 fa31 	bl	10008a60 <___hw_endpoint_buffer_control_update32_veneer>
100065fe:	e7f1      	b.n	100065e4 <dcd_edpt_clear_stall+0xc>
10006600:	20001ba4 	.word	0x20001ba4
10006604:	fffff7ff 	.word	0xfffff7ff

10006608 <rp2040_usb_init>:
10006608:	2280      	movs	r2, #128	@ 0x80
1000660a:	4b0a      	ldr	r3, [pc, #40]	@ (10006634 <rp2040_usb_init+0x2c>)
1000660c:	0452      	lsls	r2, r2, #17
1000660e:	b510      	push	{r4, lr}
10006610:	601a      	str	r2, [r3, #0]
10006612:	4b09      	ldr	r3, [pc, #36]	@ (10006638 <rp2040_usb_init+0x30>)
10006614:	4909      	ldr	r1, [pc, #36]	@ (1000663c <rp2040_usb_init+0x34>)
10006616:	601a      	str	r2, [r3, #0]
10006618:	0010      	movs	r0, r2
1000661a:	680b      	ldr	r3, [r1, #0]
1000661c:	4398      	bics	r0, r3
1000661e:	d1fb      	bne.n	10006618 <rp2040_usb_init+0x10>
10006620:	2280      	movs	r2, #128	@ 0x80
10006622:	2100      	movs	r1, #0
10006624:	0152      	lsls	r2, r2, #5
10006626:	4806      	ldr	r0, [pc, #24]	@ (10006640 <rp2040_usb_init+0x38>)
10006628:	f7fd fc1c 	bl	10003e64 <__wrap_memset>
1000662c:	2209      	movs	r2, #9
1000662e:	4b05      	ldr	r3, [pc, #20]	@ (10006644 <rp2040_usb_init+0x3c>)
10006630:	675a      	str	r2, [r3, #116]	@ 0x74
10006632:	bd10      	pop	{r4, pc}
10006634:	4000e000 	.word	0x4000e000
10006638:	4000f000 	.word	0x4000f000
1000663c:	4000c008 	.word	0x4000c008
10006640:	50100000 	.word	0x50100000
10006644:	50110000 	.word	0x50110000

10006648 <hw_endpoint_xfer_start>:
10006648:	2300      	movs	r3, #0
1000664a:	b510      	push	{r4, lr}
1000664c:	82c3      	strh	r3, [r0, #22]
1000664e:	3301      	adds	r3, #1
10006650:	8282      	strh	r2, [r0, #20]
10006652:	7683      	strb	r3, [r0, #26]
10006654:	6101      	str	r1, [r0, #16]
10006656:	0004      	movs	r4, r0
10006658:	f002 f9fa 	bl	10008a50 <__e15_is_bulkin_ep_veneer>
1000665c:	2800      	cmp	r0, #0
1000665e:	d004      	beq.n	1000666a <hw_endpoint_xfer_start+0x22>
10006660:	2180      	movs	r1, #128	@ 0x80
10006662:	2390      	movs	r3, #144	@ 0x90
10006664:	4a07      	ldr	r2, [pc, #28]	@ (10006684 <hw_endpoint_xfer_start+0x3c>)
10006666:	0289      	lsls	r1, r1, #10
10006668:	50d1      	str	r1, [r2, r3]
1000666a:	0020      	movs	r0, r4
1000666c:	f002 f9c0 	bl	100089f0 <__e15_is_critical_frame_period_veneer>
10006670:	2800      	cmp	r0, #0
10006672:	d002      	beq.n	1000667a <hw_endpoint_xfer_start+0x32>
10006674:	2301      	movs	r3, #1
10006676:	7723      	strb	r3, [r4, #28]
10006678:	bd10      	pop	{r4, pc}
1000667a:	0020      	movs	r0, r4
1000667c:	f002 f9e0 	bl	10008a40 <__hw_endpoint_start_next_buffer_veneer>
10006680:	e7fa      	b.n	10006678 <hw_endpoint_xfer_start+0x30>
10006682:	46c0      	nop			@ (mov r8, r8)
10006684:	50112000 	.word	0x50112000

10006688 <tud_event_hook_cb>:
10006688:	4770      	bx	lr
1000668a:	46c0      	nop			@ (mov r8, r8)

1000668c <tud_sof_cb>:
1000668c:	4770      	bx	lr
1000668e:	46c0      	nop			@ (mov r8, r8)

10006690 <tud_descriptor_device_qualifier_cb>:
10006690:	2000      	movs	r0, #0
10006692:	4770      	bx	lr

10006694 <tud_descriptor_other_speed_configuration_cb>:
10006694:	2000      	movs	r0, #0
10006696:	4770      	bx	lr

10006698 <tud_mount_cb>:
10006698:	4770      	bx	lr
1000669a:	46c0      	nop			@ (mov r8, r8)

1000669c <tud_umount_cb>:
1000669c:	4770      	bx	lr
1000669e:	46c0      	nop			@ (mov r8, r8)

100066a0 <tud_suspend_cb>:
100066a0:	4770      	bx	lr
100066a2:	46c0      	nop			@ (mov r8, r8)

100066a4 <tud_resume_cb>:
100066a4:	4770      	bx	lr
100066a6:	46c0      	nop			@ (mov r8, r8)

100066a8 <tud_mounted>:
100066a8:	4b02      	ldr	r3, [pc, #8]	@ (100066b4 <tud_mounted+0xc>)
100066aa:	7858      	ldrb	r0, [r3, #1]
100066ac:	1e43      	subs	r3, r0, #1
100066ae:	4198      	sbcs	r0, r3
100066b0:	b2c0      	uxtb	r0, r0
100066b2:	4770      	bx	lr
100066b4:	20001638 	.word	0x20001638

100066b8 <tud_suspended>:
100066b8:	4b02      	ldr	r3, [pc, #8]	@ (100066c4 <tud_suspended+0xc>)
100066ba:	7818      	ldrb	r0, [r3, #0]
100066bc:	0740      	lsls	r0, r0, #29
100066be:	0fc0      	lsrs	r0, r0, #31
100066c0:	4770      	bx	lr
100066c2:	46c0      	nop			@ (mov r8, r8)
100066c4:	20001638 	.word	0x20001638

100066c8 <tud_rhport_init>:
100066c8:	b5f0      	push	{r4, r5, r6, r7, lr}
100066ca:	46d6      	mov	lr, sl
100066cc:	464f      	mov	r7, r9
100066ce:	4646      	mov	r6, r8
100066d0:	b5c0      	push	{r6, r7, lr}
100066d2:	4b2f      	ldr	r3, [pc, #188]	@ (10006790 <tud_rhport_init+0xc8>)
100066d4:	0007      	movs	r7, r0
100066d6:	469a      	mov	sl, r3
100066d8:	781b      	ldrb	r3, [r3, #0]
100066da:	000e      	movs	r6, r1
100066dc:	2bff      	cmp	r3, #255	@ 0xff
100066de:	d150      	bne.n	10006782 <tud_rhport_init+0xba>
100066e0:	2900      	cmp	r1, #0
100066e2:	d041      	beq.n	10006768 <tud_rhport_init+0xa0>
100066e4:	2100      	movs	r1, #0
100066e6:	2254      	movs	r2, #84	@ 0x54
100066e8:	482a      	ldr	r0, [pc, #168]	@ (10006794 <tud_rhport_init+0xcc>)
100066ea:	f7fd fbbb 	bl	10003e64 <__wrap_memset>
100066ee:	2200      	movs	r2, #0
100066f0:	4c29      	ldr	r4, [pc, #164]	@ (10006798 <tud_rhport_init+0xd0>)
100066f2:	4b2a      	ldr	r3, [pc, #168]	@ (1000679c <tud_rhport_init+0xd4>)
100066f4:	0020      	movs	r0, r4
100066f6:	701a      	strb	r2, [r3, #0]
100066f8:	f7fb fc6c 	bl	10001fd4 <mutex_init>
100066fc:	4b28      	ldr	r3, [pc, #160]	@ (100067a0 <tud_rhport_init+0xd8>)
100066fe:	601c      	str	r4, [r3, #0]
10006700:	4c28      	ldr	r4, [pc, #160]	@ (100067a4 <tud_rhport_init+0xdc>)
10006702:	0020      	movs	r0, r4
10006704:	3c14      	subs	r4, #20
10006706:	f7fb fc73 	bl	10001ff0 <critical_section_init>
1000670a:	0020      	movs	r0, r4
1000670c:	f001 fdfa 	bl	10008304 <tu_fifo_clear>
10006710:	4b25      	ldr	r3, [pc, #148]	@ (100067a8 <tud_rhport_init+0xe0>)
10006712:	4d26      	ldr	r5, [pc, #152]	@ (100067ac <tud_rhport_init+0xe4>)
10006714:	601c      	str	r4, [r3, #0]
10006716:	4b26      	ldr	r3, [pc, #152]	@ (100067b0 <tud_rhport_init+0xe8>)
10006718:	2b00      	cmp	r3, #0
1000671a:	d004      	beq.n	10006726 <tud_rhport_init+0x5e>
1000671c:	0028      	movs	r0, r5
1000671e:	f7ff fac7 	bl	10005cb0 <usbd_app_driver_get_cb>
10006722:	4b24      	ldr	r3, [pc, #144]	@ (100067b4 <tud_rhport_init+0xec>)
10006724:	6018      	str	r0, [r3, #0]
10006726:	4924      	ldr	r1, [pc, #144]	@ (100067b8 <tud_rhport_init+0xf0>)
10006728:	2400      	movs	r4, #0
1000672a:	4689      	mov	r9, r1
1000672c:	4921      	ldr	r1, [pc, #132]	@ (100067b4 <tud_rhport_init+0xec>)
1000672e:	2300      	movs	r3, #0
10006730:	4688      	mov	r8, r1
10006732:	782a      	ldrb	r2, [r5, #0]
10006734:	e010      	b.n	10006758 <tud_rhport_init+0x90>
10006736:	4643      	mov	r3, r8
10006738:	681b      	ldr	r3, [r3, #0]
1000673a:	0162      	lsls	r2, r4, #5
1000673c:	189b      	adds	r3, r3, r2
1000673e:	2b00      	cmp	r3, #0
10006740:	d012      	beq.n	10006768 <tud_rhport_init+0xa0>
10006742:	685b      	ldr	r3, [r3, #4]
10006744:	2b00      	cmp	r3, #0
10006746:	d00f      	beq.n	10006768 <tud_rhport_init+0xa0>
10006748:	4798      	blx	r3
1000674a:	782a      	ldrb	r2, [r5, #0]
1000674c:	3401      	adds	r4, #1
1000674e:	b2e4      	uxtb	r4, r4
10006750:	1c51      	adds	r1, r2, #1
10006752:	0023      	movs	r3, r4
10006754:	42a1      	cmp	r1, r4
10006756:	db09      	blt.n	1000676c <tud_rhport_init+0xa4>
10006758:	42a2      	cmp	r2, r4
1000675a:	d8ec      	bhi.n	10006736 <tud_rhport_init+0x6e>
1000675c:	1a9b      	subs	r3, r3, r2
1000675e:	015b      	lsls	r3, r3, #5
10006760:	444b      	add	r3, r9
10006762:	685b      	ldr	r3, [r3, #4]
10006764:	2b00      	cmp	r3, #0
10006766:	d1ef      	bne.n	10006748 <tud_rhport_init+0x80>
10006768:	2000      	movs	r0, #0
1000676a:	e00b      	b.n	10006784 <tud_rhport_init+0xbc>
1000676c:	4653      	mov	r3, sl
1000676e:	0031      	movs	r1, r6
10006770:	0038      	movs	r0, r7
10006772:	701f      	strb	r7, [r3, #0]
10006774:	f7ff fdfe 	bl	10006374 <dcd_init>
10006778:	2800      	cmp	r0, #0
1000677a:	d0f5      	beq.n	10006768 <tud_rhport_init+0xa0>
1000677c:	0038      	movs	r0, r7
1000677e:	f7ff fe41 	bl	10006404 <dcd_int_enable>
10006782:	2001      	movs	r0, #1
10006784:	bce0      	pop	{r5, r6, r7}
10006786:	46ba      	mov	sl, r7
10006788:	46b1      	mov	r9, r6
1000678a:	46a8      	mov	r8, r5
1000678c:	bdf0      	pop	{r4, r5, r6, r7, pc}
1000678e:	46c0      	nop			@ (mov r8, r8)
10006790:	200010a4 	.word	0x200010a4
10006794:	20001638 	.word	0x20001638
10006798:	20001630 	.word	0x20001630
1000679c:	20002027 	.word	0x20002027
100067a0:	2000168c 	.word	0x2000168c
100067a4:	2000109c 	.word	0x2000109c
100067a8:	20001690 	.word	0x20001690
100067ac:	20002025 	.word	0x20002025
100067b0:	10005cb1 	.word	0x10005cb1
100067b4:	20001488 	.word	0x20001488
100067b8:	10009584 	.word	0x10009584

100067bc <tud_task_ext>:
100067bc:	b5f0      	push	{r4, r5, r6, r7, lr}
100067be:	46de      	mov	lr, fp
100067c0:	4657      	mov	r7, sl
100067c2:	464e      	mov	r6, r9
100067c4:	4645      	mov	r5, r8
100067c6:	b5e0      	push	{r5, r6, r7, lr}
100067c8:	4bc8      	ldr	r3, [pc, #800]	@ (10006aec <tud_task_ext+0x330>)
100067ca:	b091      	sub	sp, #68	@ 0x44
100067cc:	9302      	str	r3, [sp, #8]
100067ce:	781b      	ldrb	r3, [r3, #0]
100067d0:	2bff      	cmp	r3, #255	@ 0xff
100067d2:	d100      	bne.n	100067d6 <tud_task_ext+0x1a>
100067d4:	e13e      	b.n	10006a54 <tud_task_ext+0x298>
100067d6:	4bc6      	ldr	r3, [pc, #792]	@ (10006af0 <tud_task_ext+0x334>)
100067d8:	4ec6      	ldr	r6, [pc, #792]	@ (10006af4 <tud_task_ext+0x338>)
100067da:	469b      	mov	fp, r3
100067dc:	465f      	mov	r7, fp
100067de:	4bc6      	ldr	r3, [pc, #792]	@ (10006af8 <tud_task_ext+0x33c>)
100067e0:	ac0d      	add	r4, sp, #52	@ 0x34
100067e2:	9301      	str	r3, [sp, #4]
100067e4:	4bc5      	ldr	r3, [pc, #788]	@ (10006afc <tud_task_ext+0x340>)
100067e6:	9300      	str	r3, [sp, #0]
100067e8:	6835      	ldr	r5, [r6, #0]
100067ea:	696a      	ldr	r2, [r5, #20]
100067ec:	f3ef 8110 	mrs	r1, PRIMASK
100067f0:	b672      	cpsid	i
100067f2:	6813      	ldr	r3, [r2, #0]
100067f4:	2b00      	cmp	r3, #0
100067f6:	d0fc      	beq.n	100067f2 <tud_task_ext+0x36>
100067f8:	f3bf 8f5f 	dmb	sy
100067fc:	61a9      	str	r1, [r5, #24]
100067fe:	0028      	movs	r0, r5
10006800:	0021      	movs	r1, r4
10006802:	f001 fbaf 	bl	10007f64 <tu_fifo_read>
10006806:	696a      	ldr	r2, [r5, #20]
10006808:	69ab      	ldr	r3, [r5, #24]
1000680a:	f3bf 8f5f 	dmb	sy
1000680e:	2100      	movs	r1, #0
10006810:	6011      	str	r1, [r2, #0]
10006812:	f383 8810 	msr	PRIMASK, r3
10006816:	2800      	cmp	r0, #0
10006818:	d100      	bne.n	1000681c <tud_task_ext+0x60>
1000681a:	e11b      	b.n	10006a54 <tud_task_ext+0x298>
1000681c:	7863      	ldrb	r3, [r4, #1]
1000681e:	2b08      	cmp	r3, #8
10006820:	d8e2      	bhi.n	100067e8 <tud_task_ext+0x2c>
10006822:	009b      	lsls	r3, r3, #2
10006824:	58fb      	ldr	r3, [r7, r3]
10006826:	469f      	mov	pc, r3
10006828:	6863      	ldr	r3, [r4, #4]
1000682a:	2b00      	cmp	r3, #0
1000682c:	d0dc      	beq.n	100067e8 <tud_task_ext+0x2c>
1000682e:	68a0      	ldr	r0, [r4, #8]
10006830:	4798      	blx	r3
10006832:	e7d9      	b.n	100067e8 <tud_task_ext+0x2c>
10006834:	227f      	movs	r2, #127	@ 0x7f
10006836:	7921      	ldrb	r1, [r4, #4]
10006838:	4daf      	ldr	r5, [pc, #700]	@ (10006af8 <tud_task_ext+0x33c>)
1000683a:	400a      	ands	r2, r1
1000683c:	0053      	lsls	r3, r2, #1
1000683e:	18eb      	adds	r3, r5, r3
10006840:	4698      	mov	r8, r3
10006842:	09c8      	lsrs	r0, r1, #7
10006844:	4480      	add	r8, r0
10006846:	4640      	mov	r0, r8
10006848:	2301      	movs	r3, #1
1000684a:	3030      	adds	r0, #48	@ 0x30
1000684c:	7905      	ldrb	r5, [r0, #4]
1000684e:	439d      	bics	r5, r3
10006850:	7105      	strb	r5, [r0, #4]
10006852:	7905      	ldrb	r5, [r0, #4]
10006854:	3303      	adds	r3, #3
10006856:	439d      	bics	r5, r3
10006858:	7105      	strb	r5, [r0, #4]
1000685a:	2a00      	cmp	r2, #0
1000685c:	d100      	bne.n	10006860 <tud_task_ext+0xa4>
1000685e:	e100      	b.n	10006a62 <tud_task_ext+0x2a6>
10006860:	4643      	mov	r3, r8
10006862:	4aa7      	ldr	r2, [pc, #668]	@ (10006b00 <tud_task_ext+0x344>)
10006864:	7d1b      	ldrb	r3, [r3, #20]
10006866:	7812      	ldrb	r2, [r2, #0]
10006868:	4293      	cmp	r3, r2
1000686a:	d300      	bcc.n	1000686e <tud_task_ext+0xb2>
1000686c:	e0ef      	b.n	10006a4e <tud_task_ext+0x292>
1000686e:	4aa5      	ldr	r2, [pc, #660]	@ (10006b04 <tud_task_ext+0x348>)
10006870:	015b      	lsls	r3, r3, #5
10006872:	6815      	ldr	r5, [r2, #0]
10006874:	18ed      	adds	r5, r5, r3
10006876:	2d00      	cmp	r5, #0
10006878:	d100      	bne.n	1000687c <tud_task_ext+0xc0>
1000687a:	e0eb      	b.n	10006a54 <tud_task_ext+0x298>
1000687c:	68a3      	ldr	r3, [r4, #8]
1000687e:	7962      	ldrb	r2, [r4, #5]
10006880:	7820      	ldrb	r0, [r4, #0]
10006882:	69ad      	ldr	r5, [r5, #24]
10006884:	47a8      	blx	r5
10006886:	e7af      	b.n	100067e8 <tud_task_ext+0x2c>
10006888:	4a9f      	ldr	r2, [pc, #636]	@ (10006b08 <tud_task_ext+0x34c>)
1000688a:	7813      	ldrb	r3, [r2, #0]
1000688c:	2b00      	cmp	r3, #0
1000688e:	d100      	bne.n	10006892 <tud_task_ext+0xd6>
10006890:	e0e0      	b.n	10006a54 <tud_task_ext+0x298>
10006892:	7813      	ldrb	r3, [r2, #0]
10006894:	3b01      	subs	r3, #1
10006896:	b2db      	uxtb	r3, r3
10006898:	7013      	strb	r3, [r2, #0]
1000689a:	7813      	ldrb	r3, [r2, #0]
1000689c:	2b00      	cmp	r3, #0
1000689e:	d1a3      	bne.n	100067e8 <tud_task_ext+0x2c>
100068a0:	2201      	movs	r2, #1
100068a2:	4d95      	ldr	r5, [pc, #596]	@ (10006af8 <tud_task_ext+0x33c>)
100068a4:	2101      	movs	r1, #1
100068a6:	782b      	ldrb	r3, [r5, #0]
100068a8:	2004      	movs	r0, #4
100068aa:	4313      	orrs	r3, r2
100068ac:	702b      	strb	r3, [r5, #0]
100068ae:	2334      	movs	r3, #52	@ 0x34
100068b0:	5cea      	ldrb	r2, [r5, r3]
100068b2:	438a      	bics	r2, r1
100068b4:	54ea      	strb	r2, [r5, r3]
100068b6:	5cea      	ldrb	r2, [r5, r3]
100068b8:	4382      	bics	r2, r0
100068ba:	54ea      	strb	r2, [r5, r3]
100068bc:	3301      	adds	r3, #1
100068be:	5cea      	ldrb	r2, [r5, r3]
100068c0:	438a      	bics	r2, r1
100068c2:	54ea      	strb	r2, [r5, r3]
100068c4:	5cea      	ldrb	r2, [r5, r3]
100068c6:	4382      	bics	r2, r0
100068c8:	54ea      	strb	r2, [r5, r3]
100068ca:	7823      	ldrb	r3, [r4, #0]
100068cc:	2000      	movs	r0, #0
100068ce:	469b      	mov	fp, r3
100068d0:	f000 fc9e 	bl	10007210 <usbd_control_set_complete_callback>
100068d4:	2260      	movs	r2, #96	@ 0x60
100068d6:	7923      	ldrb	r3, [r4, #4]
100068d8:	401a      	ands	r2, r3
100068da:	2a60      	cmp	r2, #96	@ 0x60
100068dc:	d100      	bne.n	100068e0 <tud_task_ext+0x124>
100068de:	e0ef      	b.n	10006ac0 <tud_task_ext+0x304>
100068e0:	2a40      	cmp	r2, #64	@ 0x40
100068e2:	d100      	bne.n	100068e6 <tud_task_ext+0x12a>
100068e4:	e0f5      	b.n	10006ad2 <tud_task_ext+0x316>
100068e6:	06db      	lsls	r3, r3, #27
100068e8:	0edb      	lsrs	r3, r3, #27
100068ea:	2b01      	cmp	r3, #1
100068ec:	d100      	bne.n	100068f0 <tud_task_ext+0x134>
100068ee:	e113      	b.n	10006b18 <tud_task_ext+0x35c>
100068f0:	2b02      	cmp	r3, #2
100068f2:	d100      	bne.n	100068f6 <tud_task_ext+0x13a>
100068f4:	e0c7      	b.n	10006a86 <tud_task_ext+0x2ca>
100068f6:	2b00      	cmp	r3, #0
100068f8:	d000      	beq.n	100068fc <tud_task_ext+0x140>
100068fa:	e0e1      	b.n	10006ac0 <tud_task_ext+0x304>
100068fc:	2a20      	cmp	r2, #32
100068fe:	d100      	bne.n	10006902 <tud_task_ext+0x146>
10006900:	e21c      	b.n	10006d3c <tud_task_ext+0x580>
10006902:	2a00      	cmp	r2, #0
10006904:	d000      	beq.n	10006908 <tud_task_ext+0x14c>
10006906:	e0db      	b.n	10006ac0 <tud_task_ext+0x304>
10006908:	7963      	ldrb	r3, [r4, #5]
1000690a:	2b09      	cmp	r3, #9
1000690c:	d900      	bls.n	10006910 <tud_task_ext+0x154>
1000690e:	e0d7      	b.n	10006ac0 <tud_task_ext+0x304>
10006910:	4a7e      	ldr	r2, [pc, #504]	@ (10006b0c <tud_task_ext+0x350>)
10006912:	009b      	lsls	r3, r3, #2
10006914:	58d3      	ldr	r3, [r2, r3]
10006916:	469f      	mov	pc, r3
10006918:	4d77      	ldr	r5, [pc, #476]	@ (10006af8 <tud_task_ext+0x33c>)
1000691a:	782b      	ldrb	r3, [r5, #0]
1000691c:	07db      	lsls	r3, r3, #31
1000691e:	d400      	bmi.n	10006922 <tud_task_ext+0x166>
10006920:	e762      	b.n	100067e8 <tud_task_ext+0x2c>
10006922:	f7ff febf 	bl	100066a4 <tud_resume_cb>
10006926:	e75f      	b.n	100067e8 <tud_task_ext+0x2c>
10006928:	9b01      	ldr	r3, [sp, #4]
1000692a:	78db      	ldrb	r3, [r3, #3]
1000692c:	07db      	lsls	r3, r3, #31
1000692e:	d400      	bmi.n	10006932 <tud_task_ext+0x176>
10006930:	e75a      	b.n	100067e8 <tud_task_ext+0x2c>
10006932:	6860      	ldr	r0, [r4, #4]
10006934:	f7ff feaa 	bl	1000668c <tud_sof_cb>
10006938:	e756      	b.n	100067e8 <tud_task_ext+0x2c>
1000693a:	4d6f      	ldr	r5, [pc, #444]	@ (10006af8 <tud_task_ext+0x33c>)
1000693c:	782b      	ldrb	r3, [r5, #0]
1000693e:	07db      	lsls	r3, r3, #31
10006940:	d400      	bmi.n	10006944 <tud_task_ext+0x188>
10006942:	e751      	b.n	100067e8 <tud_task_ext+0x2c>
10006944:	7828      	ldrb	r0, [r5, #0]
10006946:	0700      	lsls	r0, r0, #28
10006948:	0fc0      	lsrs	r0, r0, #31
1000694a:	f7ff fea9 	bl	100066a0 <tud_suspend_cb>
1000694e:	e74b      	b.n	100067e8 <tud_task_ext+0x2c>
10006950:	7823      	ldrb	r3, [r4, #0]
10006952:	496a      	ldr	r1, [pc, #424]	@ (10006afc <tud_task_ext+0x340>)
10006954:	4699      	mov	r9, r3
10006956:	468b      	mov	fp, r1
10006958:	4b69      	ldr	r3, [pc, #420]	@ (10006b00 <tud_task_ext+0x344>)
1000695a:	496a      	ldr	r1, [pc, #424]	@ (10006b04 <tud_task_ext+0x348>)
1000695c:	4698      	mov	r8, r3
1000695e:	468a      	mov	sl, r1
10006960:	0039      	movs	r1, r7
10006962:	781a      	ldrb	r2, [r3, #0]
10006964:	4647      	mov	r7, r8
10006966:	2300      	movs	r3, #0
10006968:	46b0      	mov	r8, r6
1000696a:	2500      	movs	r5, #0
1000696c:	464e      	mov	r6, r9
1000696e:	4689      	mov	r9, r1
10006970:	e010      	b.n	10006994 <tud_task_ext+0x1d8>
10006972:	4653      	mov	r3, sl
10006974:	681b      	ldr	r3, [r3, #0]
10006976:	016a      	lsls	r2, r5, #5
10006978:	189b      	adds	r3, r3, r2
1000697a:	2b00      	cmp	r3, #0
1000697c:	d100      	bne.n	10006980 <tud_task_ext+0x1c4>
1000697e:	e076      	b.n	10006a6e <tud_task_ext+0x2b2>
10006980:	68db      	ldr	r3, [r3, #12]
10006982:	0030      	movs	r0, r6
10006984:	4798      	blx	r3
10006986:	783a      	ldrb	r2, [r7, #0]
10006988:	3501      	adds	r5, #1
1000698a:	b2ed      	uxtb	r5, r5
1000698c:	1c51      	adds	r1, r2, #1
1000698e:	002b      	movs	r3, r5
10006990:	428d      	cmp	r5, r1
10006992:	dc44      	bgt.n	10006a1e <tud_task_ext+0x262>
10006994:	4295      	cmp	r5, r2
10006996:	d3ec      	bcc.n	10006972 <tud_task_ext+0x1b6>
10006998:	1a9b      	subs	r3, r3, r2
1000699a:	015b      	lsls	r3, r3, #5
1000699c:	445b      	add	r3, fp
1000699e:	e7ef      	b.n	10006980 <tud_task_ext+0x1c4>
100069a0:	7823      	ldrb	r3, [r4, #0]
100069a2:	4958      	ldr	r1, [pc, #352]	@ (10006b04 <tud_task_ext+0x348>)
100069a4:	4699      	mov	r9, r3
100069a6:	4b56      	ldr	r3, [pc, #344]	@ (10006b00 <tud_task_ext+0x344>)
100069a8:	468a      	mov	sl, r1
100069aa:	4698      	mov	r8, r3
100069ac:	0031      	movs	r1, r6
100069ae:	46bb      	mov	fp, r7
100069b0:	464e      	mov	r6, r9
100069b2:	781a      	ldrb	r2, [r3, #0]
100069b4:	2500      	movs	r5, #0
100069b6:	2300      	movs	r3, #0
100069b8:	4647      	mov	r7, r8
100069ba:	4689      	mov	r9, r1
100069bc:	e00f      	b.n	100069de <tud_task_ext+0x222>
100069be:	4653      	mov	r3, sl
100069c0:	681b      	ldr	r3, [r3, #0]
100069c2:	016a      	lsls	r2, r5, #5
100069c4:	189b      	adds	r3, r3, r2
100069c6:	2b00      	cmp	r3, #0
100069c8:	d055      	beq.n	10006a76 <tud_task_ext+0x2ba>
100069ca:	68db      	ldr	r3, [r3, #12]
100069cc:	0030      	movs	r0, r6
100069ce:	4798      	blx	r3
100069d0:	783a      	ldrb	r2, [r7, #0]
100069d2:	3501      	adds	r5, #1
100069d4:	b2ed      	uxtb	r5, r5
100069d6:	1c51      	adds	r1, r2, #1
100069d8:	002b      	movs	r3, r5
100069da:	428d      	cmp	r5, r1
100069dc:	dc07      	bgt.n	100069ee <tud_task_ext+0x232>
100069de:	4295      	cmp	r5, r2
100069e0:	d3ed      	bcc.n	100069be <tud_task_ext+0x202>
100069e2:	1a9b      	subs	r3, r3, r2
100069e4:	9a00      	ldr	r2, [sp, #0]
100069e6:	015b      	lsls	r3, r3, #5
100069e8:	4694      	mov	ip, r2
100069ea:	4463      	add	r3, ip
100069ec:	e7ed      	b.n	100069ca <tud_task_ext+0x20e>
100069ee:	9d01      	ldr	r5, [sp, #4]
100069f0:	2254      	movs	r2, #84	@ 0x54
100069f2:	2100      	movs	r1, #0
100069f4:	0028      	movs	r0, r5
100069f6:	f7fd fa35 	bl	10003e64 <__wrap_memset>
100069fa:	2210      	movs	r2, #16
100069fc:	21ff      	movs	r1, #255	@ 0xff
100069fe:	4844      	ldr	r0, [pc, #272]	@ (10006b10 <tud_task_ext+0x354>)
10006a00:	f7fd fa30 	bl	10003e64 <__wrap_memset>
10006a04:	0028      	movs	r0, r5
10006a06:	2220      	movs	r2, #32
10006a08:	21ff      	movs	r1, #255	@ 0xff
10006a0a:	3014      	adds	r0, #20
10006a0c:	464e      	mov	r6, r9
10006a0e:	465f      	mov	r7, fp
10006a10:	f7fd fa28 	bl	10003e64 <__wrap_memset>
10006a14:	f000 fbf2 	bl	100071fc <usbd_control_reset>
10006a18:	f7ff fe40 	bl	1000669c <tud_umount_cb>
10006a1c:	e6e4      	b.n	100067e8 <tud_task_ext+0x2c>
10006a1e:	4d36      	ldr	r5, [pc, #216]	@ (10006af8 <tud_task_ext+0x33c>)
10006a20:	2254      	movs	r2, #84	@ 0x54
10006a22:	2100      	movs	r1, #0
10006a24:	0028      	movs	r0, r5
10006a26:	f7fd fa1d 	bl	10003e64 <__wrap_memset>
10006a2a:	2210      	movs	r2, #16
10006a2c:	21ff      	movs	r1, #255	@ 0xff
10006a2e:	1d28      	adds	r0, r5, #4
10006a30:	f7fd fa18 	bl	10003e64 <__wrap_memset>
10006a34:	0028      	movs	r0, r5
10006a36:	2220      	movs	r2, #32
10006a38:	21ff      	movs	r1, #255	@ 0xff
10006a3a:	3014      	adds	r0, #20
10006a3c:	4646      	mov	r6, r8
10006a3e:	464f      	mov	r7, r9
10006a40:	f7fd fa10 	bl	10003e64 <__wrap_memset>
10006a44:	f000 fbda 	bl	100071fc <usbd_control_reset>
10006a48:	7923      	ldrb	r3, [r4, #4]
10006a4a:	70ab      	strb	r3, [r5, #2]
10006a4c:	e6cc      	b.n	100067e8 <tud_task_ext+0x2c>
10006a4e:	1c50      	adds	r0, r2, #1
10006a50:	4298      	cmp	r0, r3
10006a52:	da13      	bge.n	10006a7c <tud_task_ext+0x2c0>
10006a54:	b011      	add	sp, #68	@ 0x44
10006a56:	bcf0      	pop	{r4, r5, r6, r7}
10006a58:	46bb      	mov	fp, r7
10006a5a:	46b2      	mov	sl, r6
10006a5c:	46a9      	mov	r9, r5
10006a5e:	46a0      	mov	r8, r4
10006a60:	bdf0      	pop	{r4, r5, r6, r7, pc}
10006a62:	68a3      	ldr	r3, [r4, #8]
10006a64:	7962      	ldrb	r2, [r4, #5]
10006a66:	7820      	ldrb	r0, [r4, #0]
10006a68:	f000 fbe6 	bl	10007238 <usbd_control_xfer_cb>
10006a6c:	e6bc      	b.n	100067e8 <tud_task_ext+0x2c>
10006a6e:	4646      	mov	r6, r8
10006a70:	464f      	mov	r7, r9
10006a72:	4d21      	ldr	r5, [pc, #132]	@ (10006af8 <tud_task_ext+0x33c>)
10006a74:	e7e6      	b.n	10006a44 <tud_task_ext+0x288>
10006a76:	464e      	mov	r6, r9
10006a78:	465f      	mov	r7, fp
10006a7a:	e7cb      	b.n	10006a14 <tud_task_ext+0x258>
10006a7c:	4d1f      	ldr	r5, [pc, #124]	@ (10006afc <tud_task_ext+0x340>)
10006a7e:	1a9b      	subs	r3, r3, r2
10006a80:	015b      	lsls	r3, r3, #5
10006a82:	195d      	adds	r5, r3, r5
10006a84:	e6fa      	b.n	1000687c <tud_task_ext+0xc0>
10006a86:	2370      	movs	r3, #112	@ 0x70
10006a88:	7a21      	ldrb	r1, [r4, #8]
10006a8a:	420b      	tst	r3, r1
10006a8c:	d118      	bne.n	10006ac0 <tud_task_ext+0x304>
10006a8e:	09c8      	lsrs	r0, r1, #7
10006a90:	4682      	mov	sl, r0
10006a92:	330f      	adds	r3, #15
10006a94:	400b      	ands	r3, r1
10006a96:	005b      	lsls	r3, r3, #1
10006a98:	4698      	mov	r8, r3
10006a9a:	4819      	ldr	r0, [pc, #100]	@ (10006b00 <tud_task_ext+0x344>)
10006a9c:	18eb      	adds	r3, r5, r3
10006a9e:	4453      	add	r3, sl
10006aa0:	7d1b      	ldrb	r3, [r3, #20]
10006aa2:	7800      	ldrb	r0, [r0, #0]
10006aa4:	4699      	mov	r9, r3
10006aa6:	4283      	cmp	r3, r0
10006aa8:	d266      	bcs.n	10006b78 <tud_task_ext+0x3bc>
10006aaa:	4816      	ldr	r0, [pc, #88]	@ (10006b04 <tud_task_ext+0x348>)
10006aac:	015b      	lsls	r3, r3, #5
10006aae:	6800      	ldr	r0, [r0, #0]
10006ab0:	4681      	mov	r9, r0
10006ab2:	4499      	add	r9, r3
10006ab4:	2a00      	cmp	r2, #0
10006ab6:	d100      	bne.n	10006aba <tud_task_ext+0x2fe>
10006ab8:	e15f      	b.n	10006d7a <tud_task_ext+0x5be>
10006aba:	464b      	mov	r3, r9
10006abc:	2b00      	cmp	r3, #0
10006abe:	d168      	bne.n	10006b92 <tud_task_ext+0x3d6>
10006ac0:	7820      	ldrb	r0, [r4, #0]
10006ac2:	2100      	movs	r1, #0
10006ac4:	f7ff fd6a 	bl	1000659c <dcd_edpt_stall>
10006ac8:	2180      	movs	r1, #128	@ 0x80
10006aca:	7820      	ldrb	r0, [r4, #0]
10006acc:	f7ff fd66 	bl	1000659c <dcd_edpt_stall>
10006ad0:	e68a      	b.n	100067e8 <tud_task_ext+0x2c>
10006ad2:	4810      	ldr	r0, [pc, #64]	@ (10006b14 <tud_task_ext+0x358>)
10006ad4:	f000 fb9c 	bl	10007210 <usbd_control_set_complete_callback>
10006ad8:	2101      	movs	r1, #1
10006ada:	4658      	mov	r0, fp
10006adc:	aa0e      	add	r2, sp, #56	@ 0x38
10006ade:	f7ff f8cd 	bl	10005c7c <tud_vendor_control_xfer_cb>
10006ae2:	2800      	cmp	r0, #0
10006ae4:	d000      	beq.n	10006ae8 <tud_task_ext+0x32c>
10006ae6:	e67f      	b.n	100067e8 <tud_task_ext+0x2c>
10006ae8:	e7ea      	b.n	10006ac0 <tud_task_ext+0x304>
10006aea:	46c0      	nop			@ (mov r8, r8)
10006aec:	200010a4 	.word	0x200010a4
10006af0:	100094dc 	.word	0x100094dc
10006af4:	20001690 	.word	0x20001690
10006af8:	20001638 	.word	0x20001638
10006afc:	10009584 	.word	0x10009584
10006b00:	20002025 	.word	0x20002025
10006b04:	20001488 	.word	0x20001488
10006b08:	20002027 	.word	0x20002027
10006b0c:	10009500 	.word	0x10009500
10006b10:	2000163c 	.word	0x2000163c
10006b14:	10005c7d 	.word	0x10005c7d
10006b18:	7a23      	ldrb	r3, [r4, #8]
10006b1a:	2b0f      	cmp	r3, #15
10006b1c:	d8d0      	bhi.n	10006ac0 <tud_task_ext+0x304>
10006b1e:	4acf      	ldr	r2, [pc, #828]	@ (10006e5c <tud_task_ext+0x6a0>)
10006b20:	18eb      	adds	r3, r5, r3
10006b22:	791b      	ldrb	r3, [r3, #4]
10006b24:	7815      	ldrb	r5, [r2, #0]
10006b26:	42ab      	cmp	r3, r5
10006b28:	d33e      	bcc.n	10006ba8 <tud_task_ext+0x3ec>
10006b2a:	1c69      	adds	r1, r5, #1
10006b2c:	4299      	cmp	r1, r3
10006b2e:	dbc7      	blt.n	10006ac0 <tud_task_ext+0x304>
10006b30:	1b5d      	subs	r5, r3, r5
10006b32:	4bcb      	ldr	r3, [pc, #812]	@ (10006e60 <tud_task_ext+0x6a4>)
10006b34:	016d      	lsls	r5, r5, #5
10006b36:	18ed      	adds	r5, r5, r3
10006b38:	6968      	ldr	r0, [r5, #20]
10006b3a:	f000 fb69 	bl	10007210 <usbd_control_set_complete_callback>
10006b3e:	2101      	movs	r1, #1
10006b40:	4658      	mov	r0, fp
10006b42:	696b      	ldr	r3, [r5, #20]
10006b44:	aa0e      	add	r2, sp, #56	@ 0x38
10006b46:	4798      	blx	r3
10006b48:	2800      	cmp	r0, #0
10006b4a:	d000      	beq.n	10006b4e <tud_task_ext+0x392>
10006b4c:	e64c      	b.n	100067e8 <tud_task_ext+0x2c>
10006b4e:	2260      	movs	r2, #96	@ 0x60
10006b50:	0015      	movs	r5, r2
10006b52:	7923      	ldrb	r3, [r4, #4]
10006b54:	401d      	ands	r5, r3
10006b56:	421a      	tst	r2, r3
10006b58:	d1b2      	bne.n	10006ac0 <tud_task_ext+0x304>
10006b5a:	7963      	ldrb	r3, [r4, #5]
10006b5c:	3b0a      	subs	r3, #10
10006b5e:	2b01      	cmp	r3, #1
10006b60:	d8ae      	bhi.n	10006ac0 <tud_task_ext+0x304>
10006b62:	f000 fb55 	bl	10007210 <usbd_control_set_complete_callback>
10006b66:	7963      	ldrb	r3, [r4, #5]
10006b68:	2b0a      	cmp	r3, #10
10006b6a:	d100      	bne.n	10006b6e <tud_task_ext+0x3b2>
10006b6c:	e199      	b.n	10006ea2 <tud_task_ext+0x6e6>
10006b6e:	4658      	mov	r0, fp
10006b70:	a90e      	add	r1, sp, #56	@ 0x38
10006b72:	f000 fad9 	bl	10007128 <tud_control_status>
10006b76:	e637      	b.n	100067e8 <tud_task_ext+0x2c>
10006b78:	1c43      	adds	r3, r0, #1
10006b7a:	454b      	cmp	r3, r9
10006b7c:	da00      	bge.n	10006b80 <tud_task_ext+0x3c4>
10006b7e:	e0f7      	b.n	10006d70 <tud_task_ext+0x5b4>
10006b80:	464b      	mov	r3, r9
10006b82:	1a1b      	subs	r3, r3, r0
10006b84:	015b      	lsls	r3, r3, #5
10006b86:	4699      	mov	r9, r3
10006b88:	48b5      	ldr	r0, [pc, #724]	@ (10006e60 <tud_task_ext+0x6a4>)
10006b8a:	4481      	add	r9, r0
10006b8c:	2a00      	cmp	r2, #0
10006b8e:	d100      	bne.n	10006b92 <tud_task_ext+0x3d6>
10006b90:	e0f3      	b.n	10006d7a <tud_task_ext+0x5be>
10006b92:	464b      	mov	r3, r9
10006b94:	6958      	ldr	r0, [r3, #20]
10006b96:	f000 fb3b 	bl	10007210 <usbd_control_set_complete_callback>
10006b9a:	464b      	mov	r3, r9
10006b9c:	2101      	movs	r1, #1
10006b9e:	4658      	mov	r0, fp
10006ba0:	695b      	ldr	r3, [r3, #20]
10006ba2:	aa0e      	add	r2, sp, #56	@ 0x38
10006ba4:	4798      	blx	r3
10006ba6:	e79c      	b.n	10006ae2 <tud_task_ext+0x326>
10006ba8:	4aae      	ldr	r2, [pc, #696]	@ (10006e64 <tud_task_ext+0x6a8>)
10006baa:	015b      	lsls	r3, r3, #5
10006bac:	6815      	ldr	r5, [r2, #0]
10006bae:	18ed      	adds	r5, r5, r3
10006bb0:	2d00      	cmp	r5, #0
10006bb2:	d1c1      	bne.n	10006b38 <tud_task_ext+0x37c>
10006bb4:	e784      	b.n	10006ac0 <tud_task_ext+0x304>
10006bb6:	79a3      	ldrb	r3, [r4, #6]
10006bb8:	4699      	mov	r9, r3
10006bba:	786b      	ldrb	r3, [r5, #1]
10006bbc:	4599      	cmp	r9, r3
10006bbe:	d0d6      	beq.n	10006b6e <tud_task_ext+0x3b2>
10006bc0:	786b      	ldrb	r3, [r5, #1]
10006bc2:	2b00      	cmp	r3, #0
10006bc4:	d000      	beq.n	10006bc8 <tud_task_ext+0x40c>
10006bc6:	e133      	b.n	10006e30 <tud_task_ext+0x674>
10006bc8:	464b      	mov	r3, r9
10006bca:	706b      	strb	r3, [r5, #1]
10006bcc:	2b00      	cmp	r3, #0
10006bce:	d100      	bne.n	10006bd2 <tud_task_ext+0x416>
10006bd0:	e12b      	b.n	10006e2a <tud_task_ext+0x66e>
10006bd2:	4648      	mov	r0, r9
10006bd4:	3801      	subs	r0, #1
10006bd6:	b2c0      	uxtb	r0, r0
10006bd8:	f7ff fa92 	bl	10006100 <tud_descriptor_configuration_cb>
10006bdc:	2800      	cmp	r0, #0
10006bde:	d100      	bne.n	10006be2 <tud_task_ext+0x426>
10006be0:	e17e      	b.n	10006ee0 <tud_task_ext+0x724>
10006be2:	7843      	ldrb	r3, [r0, #1]
10006be4:	9307      	str	r3, [sp, #28]
10006be6:	2b02      	cmp	r3, #2
10006be8:	d000      	beq.n	10006bec <tud_task_ext+0x430>
10006bea:	e179      	b.n	10006ee0 <tud_task_ext+0x724>
10006bec:	2201      	movs	r2, #1
10006bee:	79c1      	ldrb	r1, [r0, #7]
10006bf0:	46b1      	mov	r9, r6
10006bf2:	118b      	asrs	r3, r1, #6
10006bf4:	1149      	asrs	r1, r1, #5
10006bf6:	4013      	ands	r3, r2
10006bf8:	400a      	ands	r2, r1
10006bfa:	2130      	movs	r1, #48	@ 0x30
10006bfc:	0112      	lsls	r2, r2, #4
10006bfe:	015b      	lsls	r3, r3, #5
10006c00:	4313      	orrs	r3, r2
10006c02:	782a      	ldrb	r2, [r5, #0]
10006c04:	46a8      	mov	r8, r5
10006c06:	438a      	bics	r2, r1
10006c08:	4313      	orrs	r3, r2
10006c0a:	702b      	strb	r3, [r5, #0]
10006c0c:	2309      	movs	r3, #9
10006c0e:	469a      	mov	sl, r3
10006c10:	4482      	add	sl, r0
10006c12:	4656      	mov	r6, sl
10006c14:	46ba      	mov	sl, r7
10006c16:	78c3      	ldrb	r3, [r0, #3]
10006c18:	7882      	ldrb	r2, [r0, #2]
10006c1a:	021b      	lsls	r3, r3, #8
10006c1c:	4313      	orrs	r3, r2
10006c1e:	18c3      	adds	r3, r0, r3
10006c20:	9305      	str	r3, [sp, #20]
10006c22:	4b8e      	ldr	r3, [pc, #568]	@ (10006e5c <tud_task_ext+0x6a0>)
10006c24:	9304      	str	r3, [sp, #16]
10006c26:	4b8e      	ldr	r3, [pc, #568]	@ (10006e60 <tud_task_ext+0x6a4>)
10006c28:	9308      	str	r3, [sp, #32]
10006c2a:	4b8e      	ldr	r3, [pc, #568]	@ (10006e64 <tud_task_ext+0x6a8>)
10006c2c:	9309      	str	r3, [sp, #36]	@ 0x24
10006c2e:	4b8e      	ldr	r3, [pc, #568]	@ (10006e68 <tud_task_ext+0x6ac>)
10006c30:	930a      	str	r3, [sp, #40]	@ 0x28
10006c32:	9b05      	ldr	r3, [sp, #20]
10006c34:	42b3      	cmp	r3, r6
10006c36:	d800      	bhi.n	10006c3a <tud_task_ext+0x47e>
10006c38:	e155      	b.n	10006ee6 <tud_task_ext+0x72a>
10006c3a:	7873      	ldrb	r3, [r6, #1]
10006c3c:	2201      	movs	r2, #1
10006c3e:	2b0b      	cmp	r3, #11
10006c40:	d103      	bne.n	10006c4a <tud_task_ext+0x48e>
10006c42:	7833      	ldrb	r3, [r6, #0]
10006c44:	78f2      	ldrb	r2, [r6, #3]
10006c46:	18f6      	adds	r6, r6, r3
10006c48:	7873      	ldrb	r3, [r6, #1]
10006c4a:	2b04      	cmp	r3, #4
10006c4c:	d000      	beq.n	10006c50 <tud_task_ext+0x494>
10006c4e:	e144      	b.n	10006eda <tud_task_ext+0x71e>
10006c50:	9b05      	ldr	r3, [sp, #20]
10006c52:	2700      	movs	r7, #0
10006c54:	1b9b      	subs	r3, r3, r6
10006c56:	b29b      	uxth	r3, r3
10006c58:	9306      	str	r3, [sp, #24]
10006c5a:	9b04      	ldr	r3, [sp, #16]
10006c5c:	920b      	str	r2, [sp, #44]	@ 0x2c
10006c5e:	781d      	ldrb	r5, [r3, #0]
10006c60:	2300      	movs	r3, #0
10006c62:	9303      	str	r3, [sp, #12]
10006c64:	e01b      	b.n	10006c9e <tud_task_ext+0x4e2>
10006c66:	9a09      	ldr	r2, [sp, #36]	@ 0x24
10006c68:	017b      	lsls	r3, r7, #5
10006c6a:	6815      	ldr	r5, [r2, #0]
10006c6c:	18ed      	adds	r5, r5, r3
10006c6e:	2d00      	cmp	r5, #0
10006c70:	d100      	bne.n	10006c74 <tud_task_ext+0x4b8>
10006c72:	e132      	b.n	10006eda <tud_task_ext+0x71e>
10006c74:	0031      	movs	r1, r6
10006c76:	4658      	mov	r0, fp
10006c78:	692b      	ldr	r3, [r5, #16]
10006c7a:	9a06      	ldr	r2, [sp, #24]
10006c7c:	4798      	blx	r3
10006c7e:	4684      	mov	ip, r0
10006c80:	2808      	cmp	r0, #8
10006c82:	d903      	bls.n	10006c8c <tud_task_ext+0x4d0>
10006c84:	9a06      	ldr	r2, [sp, #24]
10006c86:	4282      	cmp	r2, r0
10006c88:	d300      	bcc.n	10006c8c <tud_task_ext+0x4d0>
10006c8a:	e113      	b.n	10006eb4 <tud_task_ext+0x6f8>
10006c8c:	9b04      	ldr	r3, [sp, #16]
10006c8e:	3701      	adds	r7, #1
10006c90:	781d      	ldrb	r5, [r3, #0]
10006c92:	b2ff      	uxtb	r7, r7
10006c94:	1c6b      	adds	r3, r5, #1
10006c96:	9703      	str	r7, [sp, #12]
10006c98:	429f      	cmp	r7, r3
10006c9a:	dd00      	ble.n	10006c9e <tud_task_ext+0x4e2>
10006c9c:	e11d      	b.n	10006eda <tud_task_ext+0x71e>
10006c9e:	42bd      	cmp	r5, r7
10006ca0:	d8e1      	bhi.n	10006c66 <tud_task_ext+0x4aa>
10006ca2:	9b03      	ldr	r3, [sp, #12]
10006ca4:	1b5d      	subs	r5, r3, r5
10006ca6:	9b08      	ldr	r3, [sp, #32]
10006ca8:	016d      	lsls	r5, r5, #5
10006caa:	469c      	mov	ip, r3
10006cac:	4465      	add	r5, ip
10006cae:	e7e1      	b.n	10006c74 <tud_task_ext+0x4b8>
10006cb0:	786b      	ldrb	r3, [r5, #1]
10006cb2:	aa0c      	add	r2, sp, #48	@ 0x30
10006cb4:	3202      	adds	r2, #2
10006cb6:	7013      	strb	r3, [r2, #0]
10006cb8:	4658      	mov	r0, fp
10006cba:	2301      	movs	r3, #1
10006cbc:	a90e      	add	r1, sp, #56	@ 0x38
10006cbe:	f000 fa49 	bl	10007154 <tud_control_xfer>
10006cc2:	e591      	b.n	100067e8 <tud_task_ext+0x2c>
10006cc4:	88e3      	ldrh	r3, [r4, #6]
10006cc6:	0a1a      	lsrs	r2, r3, #8
10006cc8:	b2d8      	uxtb	r0, r3
10006cca:	2a0f      	cmp	r2, #15
10006ccc:	d900      	bls.n	10006cd0 <tud_task_ext+0x514>
10006cce:	e6f7      	b.n	10006ac0 <tud_task_ext+0x304>
10006cd0:	4966      	ldr	r1, [pc, #408]	@ (10006e6c <tud_task_ext+0x6b0>)
10006cd2:	0093      	lsls	r3, r2, #2
10006cd4:	58cb      	ldr	r3, [r1, r3]
10006cd6:	469f      	mov	pc, r3
10006cd8:	a80e      	add	r0, sp, #56	@ 0x38
10006cda:	f000 fa9f 	bl	1000721c <usbd_control_set_request>
10006cde:	4658      	mov	r0, fp
10006ce0:	79a1      	ldrb	r1, [r4, #6]
10006ce2:	f7ff fb95 	bl	10006410 <dcd_set_address>
10006ce6:	2202      	movs	r2, #2
10006ce8:	782b      	ldrb	r3, [r5, #0]
10006cea:	4313      	orrs	r3, r2
10006cec:	702b      	strb	r3, [r5, #0]
10006cee:	e57b      	b.n	100067e8 <tud_task_ext+0x2c>
10006cf0:	88e3      	ldrh	r3, [r4, #6]
10006cf2:	2b01      	cmp	r3, #1
10006cf4:	d000      	beq.n	10006cf8 <tud_task_ext+0x53c>
10006cf6:	e6e3      	b.n	10006ac0 <tud_task_ext+0x304>
10006cf8:	2208      	movs	r2, #8
10006cfa:	782b      	ldrb	r3, [r5, #0]
10006cfc:	4658      	mov	r0, fp
10006cfe:	4393      	bics	r3, r2
10006d00:	a90e      	add	r1, sp, #56	@ 0x38
10006d02:	702b      	strb	r3, [r5, #0]
10006d04:	f000 fa10 	bl	10007128 <tud_control_status>
10006d08:	e56e      	b.n	100067e8 <tud_task_ext+0x2c>
10006d0a:	2002      	movs	r0, #2
10006d0c:	7829      	ldrb	r1, [r5, #0]
10006d0e:	ab0c      	add	r3, sp, #48	@ 0x30
10006d10:	1c9a      	adds	r2, r3, #2
10006d12:	068b      	lsls	r3, r1, #26
10006d14:	0889      	lsrs	r1, r1, #2
10006d16:	0fdb      	lsrs	r3, r3, #31
10006d18:	4001      	ands	r1, r0
10006d1a:	430b      	orrs	r3, r1
10006d1c:	8013      	strh	r3, [r2, #0]
10006d1e:	4658      	mov	r0, fp
10006d20:	2302      	movs	r3, #2
10006d22:	a90e      	add	r1, sp, #56	@ 0x38
10006d24:	f000 fa16 	bl	10007154 <tud_control_xfer>
10006d28:	e55e      	b.n	100067e8 <tud_task_ext+0x2c>
10006d2a:	88e3      	ldrh	r3, [r4, #6]
10006d2c:	2b01      	cmp	r3, #1
10006d2e:	d000      	beq.n	10006d32 <tud_task_ext+0x576>
10006d30:	e6c6      	b.n	10006ac0 <tud_task_ext+0x304>
10006d32:	2208      	movs	r2, #8
10006d34:	782b      	ldrb	r3, [r5, #0]
10006d36:	4313      	orrs	r3, r2
10006d38:	702b      	strb	r3, [r5, #0]
10006d3a:	e718      	b.n	10006b6e <tud_task_ext+0x3b2>
10006d3c:	7a23      	ldrb	r3, [r4, #8]
10006d3e:	2b0f      	cmp	r3, #15
10006d40:	d900      	bls.n	10006d44 <tud_task_ext+0x588>
10006d42:	e6bd      	b.n	10006ac0 <tud_task_ext+0x304>
10006d44:	18eb      	adds	r3, r5, r3
10006d46:	791d      	ldrb	r5, [r3, #4]
10006d48:	4b44      	ldr	r3, [pc, #272]	@ (10006e5c <tud_task_ext+0x6a0>)
10006d4a:	781b      	ldrb	r3, [r3, #0]
10006d4c:	429d      	cmp	r5, r3
10006d4e:	d228      	bcs.n	10006da2 <tud_task_ext+0x5e6>
10006d50:	4b44      	ldr	r3, [pc, #272]	@ (10006e64 <tud_task_ext+0x6a8>)
10006d52:	016d      	lsls	r5, r5, #5
10006d54:	681b      	ldr	r3, [r3, #0]
10006d56:	195d      	adds	r5, r3, r5
10006d58:	2d00      	cmp	r5, #0
10006d5a:	d100      	bne.n	10006d5e <tud_task_ext+0x5a2>
10006d5c:	e6b0      	b.n	10006ac0 <tud_task_ext+0x304>
10006d5e:	6968      	ldr	r0, [r5, #20]
10006d60:	f000 fa56 	bl	10007210 <usbd_control_set_complete_callback>
10006d64:	2101      	movs	r1, #1
10006d66:	4658      	mov	r0, fp
10006d68:	696b      	ldr	r3, [r5, #20]
10006d6a:	aa0e      	add	r2, sp, #56	@ 0x38
10006d6c:	4798      	blx	r3
10006d6e:	e6b8      	b.n	10006ae2 <tud_task_ext+0x326>
10006d70:	2a00      	cmp	r2, #0
10006d72:	d000      	beq.n	10006d76 <tud_task_ext+0x5ba>
10006d74:	e6a4      	b.n	10006ac0 <tud_task_ext+0x304>
10006d76:	2300      	movs	r3, #0
10006d78:	4699      	mov	r9, r3
10006d7a:	7962      	ldrb	r2, [r4, #5]
10006d7c:	2002      	movs	r0, #2
10006d7e:	0013      	movs	r3, r2
10006d80:	9203      	str	r2, [sp, #12]
10006d82:	4383      	bics	r3, r0
10006d84:	2b01      	cmp	r3, #1
10006d86:	d015      	beq.n	10006db4 <tud_task_ext+0x5f8>
10006d88:	2a00      	cmp	r2, #0
10006d8a:	d000      	beq.n	10006d8e <tud_task_ext+0x5d2>
10006d8c:	e698      	b.n	10006ac0 <tud_task_ext+0x304>
10006d8e:	002b      	movs	r3, r5
10006d90:	4443      	add	r3, r8
10006d92:	4453      	add	r3, sl
10006d94:	3330      	adds	r3, #48	@ 0x30
10006d96:	791b      	ldrb	r3, [r3, #4]
10006d98:	aa0c      	add	r2, sp, #48	@ 0x30
10006d9a:	079b      	lsls	r3, r3, #30
10006d9c:	0fdb      	lsrs	r3, r3, #31
10006d9e:	3202      	adds	r2, #2
10006da0:	e7bc      	b.n	10006d1c <tud_task_ext+0x560>
10006da2:	1c5a      	adds	r2, r3, #1
10006da4:	42aa      	cmp	r2, r5
10006da6:	da00      	bge.n	10006daa <tud_task_ext+0x5ee>
10006da8:	e68a      	b.n	10006ac0 <tud_task_ext+0x304>
10006daa:	1aed      	subs	r5, r5, r3
10006dac:	4b2c      	ldr	r3, [pc, #176]	@ (10006e60 <tud_task_ext+0x6a4>)
10006dae:	016d      	lsls	r5, r5, #5
10006db0:	18ed      	adds	r5, r5, r3
10006db2:	e7d4      	b.n	10006d5e <tud_task_ext+0x5a2>
10006db4:	88e3      	ldrh	r3, [r4, #6]
10006db6:	2b00      	cmp	r3, #0
10006db8:	d112      	bne.n	10006de0 <tud_task_ext+0x624>
10006dba:	9b02      	ldr	r3, [sp, #8]
10006dbc:	7818      	ldrb	r0, [r3, #0]
10006dbe:	9b03      	ldr	r3, [sp, #12]
10006dc0:	2b01      	cmp	r3, #1
10006dc2:	d023      	beq.n	10006e0c <tud_task_ext+0x650>
10006dc4:	f7ff fbea 	bl	1000659c <dcd_edpt_stall>
10006dc8:	4643      	mov	r3, r8
10006dca:	2102      	movs	r1, #2
10006dcc:	18eb      	adds	r3, r5, r3
10006dce:	4453      	add	r3, sl
10006dd0:	3330      	adds	r3, #48	@ 0x30
10006dd2:	791a      	ldrb	r2, [r3, #4]
10006dd4:	430a      	orrs	r2, r1
10006dd6:	2101      	movs	r1, #1
10006dd8:	711a      	strb	r2, [r3, #4]
10006dda:	791a      	ldrb	r2, [r3, #4]
10006ddc:	430a      	orrs	r2, r1
10006dde:	711a      	strb	r2, [r3, #4]
10006de0:	464b      	mov	r3, r9
10006de2:	2b00      	cmp	r3, #0
10006de4:	d100      	bne.n	10006de8 <tud_task_ext+0x62c>
10006de6:	e4ff      	b.n	100067e8 <tud_task_ext+0x2c>
10006de8:	6958      	ldr	r0, [r3, #20]
10006dea:	f000 fa11 	bl	10007210 <usbd_control_set_complete_callback>
10006dee:	464b      	mov	r3, r9
10006df0:	2101      	movs	r1, #1
10006df2:	695b      	ldr	r3, [r3, #20]
10006df4:	aa0e      	add	r2, sp, #56	@ 0x38
10006df6:	4658      	mov	r0, fp
10006df8:	4798      	blx	r3
10006dfa:	2000      	movs	r0, #0
10006dfc:	f000 fa08 	bl	10007210 <usbd_control_set_complete_callback>
10006e00:	2335      	movs	r3, #53	@ 0x35
10006e02:	5ceb      	ldrb	r3, [r5, r3]
10006e04:	07db      	lsls	r3, r3, #31
10006e06:	d500      	bpl.n	10006e0a <tud_task_ext+0x64e>
10006e08:	e4ee      	b.n	100067e8 <tud_task_ext+0x2c>
10006e0a:	e6b0      	b.n	10006b6e <tud_task_ext+0x3b2>
10006e0c:	f7ff fbe4 	bl	100065d8 <dcd_edpt_clear_stall>
10006e10:	4643      	mov	r3, r8
10006e12:	2102      	movs	r1, #2
10006e14:	18eb      	adds	r3, r5, r3
10006e16:	4453      	add	r3, sl
10006e18:	3330      	adds	r3, #48	@ 0x30
10006e1a:	791a      	ldrb	r2, [r3, #4]
10006e1c:	438a      	bics	r2, r1
10006e1e:	711a      	strb	r2, [r3, #4]
10006e20:	791a      	ldrb	r2, [r3, #4]
10006e22:	9903      	ldr	r1, [sp, #12]
10006e24:	438a      	bics	r2, r1
10006e26:	711a      	strb	r2, [r3, #4]
10006e28:	e7da      	b.n	10006de0 <tud_task_ext+0x624>
10006e2a:	f7ff fc37 	bl	1000669c <tud_umount_cb>
10006e2e:	e69e      	b.n	10006b6e <tud_task_ext+0x3b2>
10006e30:	2100      	movs	r1, #0
10006e32:	4658      	mov	r0, fp
10006e34:	f7ff faf6 	bl	10006424 <dcd_sof_enable>
10006e38:	4658      	mov	r0, fp
10006e3a:	f7ff fb99 	bl	10006570 <dcd_edpt_close_all>
10006e3e:	78ab      	ldrb	r3, [r5, #2]
10006e40:	4907      	ldr	r1, [pc, #28]	@ (10006e60 <tud_task_ext+0x6a4>)
10006e42:	9303      	str	r3, [sp, #12]
10006e44:	9104      	str	r1, [sp, #16]
10006e46:	4b05      	ldr	r3, [pc, #20]	@ (10006e5c <tud_task_ext+0x6a0>)
10006e48:	4906      	ldr	r1, [pc, #24]	@ (10006e64 <tud_task_ext+0x6a8>)
10006e4a:	4698      	mov	r8, r3
10006e4c:	781a      	ldrb	r2, [r3, #0]
10006e4e:	9105      	str	r1, [sp, #20]
10006e50:	2300      	movs	r3, #0
10006e52:	0029      	movs	r1, r5
10006e54:	001d      	movs	r5, r3
10006e56:	468a      	mov	sl, r1
10006e58:	e01b      	b.n	10006e92 <tud_task_ext+0x6d6>
10006e5a:	46c0      	nop			@ (mov r8, r8)
10006e5c:	20002025 	.word	0x20002025
10006e60:	10009584 	.word	0x10009584
10006e64:	20001488 	.word	0x20001488
10006e68:	2000164c 	.word	0x2000164c
10006e6c:	10009528 	.word	0x10009528
10006e70:	9b05      	ldr	r3, [sp, #20]
10006e72:	016a      	lsls	r2, r5, #5
10006e74:	681b      	ldr	r3, [r3, #0]
10006e76:	189b      	adds	r3, r3, r2
10006e78:	2b00      	cmp	r3, #0
10006e7a:	d04d      	beq.n	10006f18 <tud_task_ext+0x75c>
10006e7c:	68db      	ldr	r3, [r3, #12]
10006e7e:	4658      	mov	r0, fp
10006e80:	4798      	blx	r3
10006e82:	4643      	mov	r3, r8
10006e84:	781a      	ldrb	r2, [r3, #0]
10006e86:	3501      	adds	r5, #1
10006e88:	b2ed      	uxtb	r5, r5
10006e8a:	1c51      	adds	r1, r2, #1
10006e8c:	002b      	movs	r3, r5
10006e8e:	428d      	cmp	r5, r1
10006e90:	dc2e      	bgt.n	10006ef0 <tud_task_ext+0x734>
10006e92:	4295      	cmp	r5, r2
10006e94:	d3ec      	bcc.n	10006e70 <tud_task_ext+0x6b4>
10006e96:	1a9b      	subs	r3, r3, r2
10006e98:	9a04      	ldr	r2, [sp, #16]
10006e9a:	015b      	lsls	r3, r3, #5
10006e9c:	4694      	mov	ip, r2
10006e9e:	4463      	add	r3, ip
10006ea0:	e7ec      	b.n	10006e7c <tud_task_ext+0x6c0>
10006ea2:	ab0c      	add	r3, sp, #48	@ 0x30
10006ea4:	1c9a      	adds	r2, r3, #2
10006ea6:	4658      	mov	r0, fp
10006ea8:	2301      	movs	r3, #1
10006eaa:	a90e      	add	r1, sp, #56	@ 0x38
10006eac:	7015      	strb	r5, [r2, #0]
10006eae:	f000 f951 	bl	10007154 <tud_control_xfer>
10006eb2:	e499      	b.n	100067e8 <tud_task_ext+0x2c>
10006eb4:	9a0b      	ldr	r2, [sp, #44]	@ 0x2c
10006eb6:	2a01      	cmp	r2, #1
10006eb8:	d04f      	beq.n	10006f5a <tud_task_ext+0x79e>
10006eba:	2a00      	cmp	r2, #0
10006ebc:	d03c      	beq.n	10006f38 <tud_task_ext+0x77c>
10006ebe:	2300      	movs	r3, #0
10006ec0:	78b0      	ldrb	r0, [r6, #2]
10006ec2:	e004      	b.n	10006ece <tud_task_ext+0x712>
10006ec4:	3301      	adds	r3, #1
10006ec6:	b2db      	uxtb	r3, r3
10006ec8:	710f      	strb	r7, [r1, #4]
10006eca:	4293      	cmp	r3, r2
10006ecc:	d234      	bcs.n	10006f38 <tud_task_ext+0x77c>
10006ece:	18c1      	adds	r1, r0, r3
10006ed0:	b2c9      	uxtb	r1, r1
10006ed2:	4441      	add	r1, r8
10006ed4:	790d      	ldrb	r5, [r1, #4]
10006ed6:	2dff      	cmp	r5, #255	@ 0xff
10006ed8:	d0f4      	beq.n	10006ec4 <tud_task_ext+0x708>
10006eda:	464e      	mov	r6, r9
10006edc:	4645      	mov	r5, r8
10006ede:	4657      	mov	r7, sl
10006ee0:	2300      	movs	r3, #0
10006ee2:	706b      	strb	r3, [r5, #1]
10006ee4:	e5ec      	b.n	10006ac0 <tud_task_ext+0x304>
10006ee6:	464e      	mov	r6, r9
10006ee8:	4657      	mov	r7, sl
10006eea:	f7ff fbd5 	bl	10006698 <tud_mount_cb>
10006eee:	e63e      	b.n	10006b6e <tud_task_ext+0x3b2>
10006ef0:	4655      	mov	r5, sl
10006ef2:	2254      	movs	r2, #84	@ 0x54
10006ef4:	2100      	movs	r1, #0
10006ef6:	0028      	movs	r0, r5
10006ef8:	f7fc ffb4 	bl	10003e64 <__wrap_memset>
10006efc:	2210      	movs	r2, #16
10006efe:	21ff      	movs	r1, #255	@ 0xff
10006f00:	1d28      	adds	r0, r5, #4
10006f02:	f7fc ffaf 	bl	10003e64 <__wrap_memset>
10006f06:	0028      	movs	r0, r5
10006f08:	2220      	movs	r2, #32
10006f0a:	21ff      	movs	r1, #255	@ 0xff
10006f0c:	3014      	adds	r0, #20
10006f0e:	f7fc ffa9 	bl	10003e64 <__wrap_memset>
10006f12:	9b03      	ldr	r3, [sp, #12]
10006f14:	70ab      	strb	r3, [r5, #2]
10006f16:	e657      	b.n	10006bc8 <tud_task_ext+0x40c>
10006f18:	4655      	mov	r5, sl
10006f1a:	e7fa      	b.n	10006f12 <tud_task_ext+0x756>
10006f1c:	f7fe feaa 	bl	10005c74 <tud_descriptor_bos_cb>
10006f20:	1e02      	subs	r2, r0, #0
10006f22:	d100      	bne.n	10006f26 <tud_task_ext+0x76a>
10006f24:	e5cc      	b.n	10006ac0 <tud_task_ext+0x304>
10006f26:	78d3      	ldrb	r3, [r2, #3]
10006f28:	7891      	ldrb	r1, [r2, #2]
10006f2a:	021b      	lsls	r3, r3, #8
10006f2c:	430b      	orrs	r3, r1
10006f2e:	4658      	mov	r0, fp
10006f30:	a90e      	add	r1, sp, #56	@ 0x38
10006f32:	f000 f90f 	bl	10007154 <tud_control_xfer>
10006f36:	e5d4      	b.n	10006ae2 <tud_task_ext+0x326>
10006f38:	4665      	mov	r5, ip
10006f3a:	003b      	movs	r3, r7
10006f3c:	002a      	movs	r2, r5
10006f3e:	0031      	movs	r1, r6
10006f40:	980a      	ldr	r0, [sp, #40]	@ 0x28
10006f42:	f000 fe7f 	bl	10007c44 <tu_edpt_bind_driver>
10006f46:	46ac      	mov	ip, r5
10006f48:	9b04      	ldr	r3, [sp, #16]
10006f4a:	9a03      	ldr	r2, [sp, #12]
10006f4c:	781b      	ldrb	r3, [r3, #0]
10006f4e:	4466      	add	r6, ip
10006f50:	3301      	adds	r3, #1
10006f52:	4293      	cmp	r3, r2
10006f54:	db00      	blt.n	10006f58 <tud_task_ext+0x79c>
10006f56:	e66c      	b.n	10006c32 <tud_task_ext+0x476>
10006f58:	e7bf      	b.n	10006eda <tud_task_ext+0x71e>
10006f5a:	4b17      	ldr	r3, [pc, #92]	@ (10006fb8 <tud_task_ext+0x7fc>)
10006f5c:	6929      	ldr	r1, [r5, #16]
10006f5e:	4299      	cmp	r1, r3
10006f60:	d1ad      	bne.n	10006ebe <tud_task_ext+0x702>
10006f62:	9a07      	ldr	r2, [sp, #28]
10006f64:	e7ab      	b.n	10006ebe <tud_task_ext+0x702>
10006f66:	f7ff fb93 	bl	10006690 <tud_descriptor_device_qualifier_cb>
10006f6a:	1e02      	subs	r2, r0, #0
10006f6c:	d100      	bne.n	10006f70 <tud_task_ext+0x7b4>
10006f6e:	e5a7      	b.n	10006ac0 <tud_task_ext+0x304>
10006f70:	4658      	mov	r0, fp
10006f72:	7813      	ldrb	r3, [r2, #0]
10006f74:	a90e      	add	r1, sp, #56	@ 0x38
10006f76:	f000 f8ed 	bl	10007154 <tud_control_xfer>
10006f7a:	e5b2      	b.n	10006ae2 <tud_task_ext+0x326>
10006f7c:	8921      	ldrh	r1, [r4, #8]
10006f7e:	f7ff f8c3 	bl	10006108 <tud_descriptor_string_cb>
10006f82:	1e02      	subs	r2, r0, #0
10006f84:	d1f4      	bne.n	10006f70 <tud_task_ext+0x7b4>
10006f86:	e59b      	b.n	10006ac0 <tud_task_ext+0x304>
10006f88:	2a02      	cmp	r2, #2
10006f8a:	d00f      	beq.n	10006fac <tud_task_ext+0x7f0>
10006f8c:	f7ff fb82 	bl	10006694 <tud_descriptor_other_speed_configuration_cb>
10006f90:	1e02      	subs	r2, r0, #0
10006f92:	d1c8      	bne.n	10006f26 <tud_task_ext+0x76a>
10006f94:	e594      	b.n	10006ac0 <tud_task_ext+0x304>
10006f96:	f7ff f8af 	bl	100060f8 <tud_descriptor_device_cb>
10006f9a:	1e02      	subs	r2, r0, #0
10006f9c:	d100      	bne.n	10006fa0 <tud_task_ext+0x7e4>
10006f9e:	e58f      	b.n	10006ac0 <tud_task_ext+0x304>
10006fa0:	2312      	movs	r3, #18
10006fa2:	4658      	mov	r0, fp
10006fa4:	a90e      	add	r1, sp, #56	@ 0x38
10006fa6:	f000 f8d5 	bl	10007154 <tud_control_xfer>
10006faa:	e59a      	b.n	10006ae2 <tud_task_ext+0x326>
10006fac:	f7ff f8a8 	bl	10006100 <tud_descriptor_configuration_cb>
10006fb0:	1e02      	subs	r2, r0, #0
10006fb2:	d1b8      	bne.n	10006f26 <tud_task_ext+0x76a>
10006fb4:	e584      	b.n	10006ac0 <tud_task_ext+0x304>
10006fb6:	46c0      	nop			@ (mov r8, r8)
10006fb8:	1000760d 	.word	0x1000760d

10006fbc <usbd_open_edpt_pair>:
10006fbc:	b5f8      	push	{r3, r4, r5, r6, r7, lr}
10006fbe:	4657      	mov	r7, sl
10006fc0:	464e      	mov	r6, r9
10006fc2:	46de      	mov	lr, fp
10006fc4:	4645      	mov	r5, r8
10006fc6:	000c      	movs	r4, r1
10006fc8:	b5e0      	push	{r5, r6, r7, lr}
10006fca:	0016      	movs	r6, r2
10006fcc:	001f      	movs	r7, r3
10006fce:	2a00      	cmp	r2, #0
10006fd0:	d03c      	beq.n	1000704c <usbd_open_edpt_pair+0x90>
10006fd2:	2370      	movs	r3, #112	@ 0x70
10006fd4:	4698      	mov	r8, r3
10006fd6:	4b1e      	ldr	r3, [pc, #120]	@ (10007050 <usbd_open_edpt_pair+0x94>)
10006fd8:	2500      	movs	r5, #0
10006fda:	469b      	mov	fp, r3
10006fdc:	4b1d      	ldr	r3, [pc, #116]	@ (10007054 <usbd_open_edpt_pair+0x98>)
10006fde:	469a      	mov	sl, r3
10006fe0:	e01a      	b.n	10007018 <usbd_open_edpt_pair+0x5c>
10006fe2:	465b      	mov	r3, fp
10006fe4:	781b      	ldrb	r3, [r3, #0]
10006fe6:	0020      	movs	r0, r4
10006fe8:	4699      	mov	r9, r3
10006fea:	4653      	mov	r3, sl
10006fec:	7899      	ldrb	r1, [r3, #2]
10006fee:	f000 fdeb 	bl	10007bc8 <tu_edpt_validate>
10006ff2:	2800      	cmp	r0, #0
10006ff4:	d01c      	beq.n	10007030 <usbd_open_edpt_pair+0x74>
10006ff6:	0021      	movs	r1, r4
10006ff8:	4648      	mov	r0, r9
10006ffa:	f7ff fa2f 	bl	1000645c <dcd_edpt_open>
10006ffe:	2800      	cmp	r0, #0
10007000:	d016      	beq.n	10007030 <usbd_open_edpt_pair+0x74>
10007002:	78a3      	ldrb	r3, [r4, #2]
10007004:	09da      	lsrs	r2, r3, #7
10007006:	2a01      	cmp	r2, #1
10007008:	d019      	beq.n	1000703e <usbd_open_edpt_pair+0x82>
1000700a:	9a0a      	ldr	r2, [sp, #40]	@ 0x28
1000700c:	3501      	adds	r5, #1
1000700e:	7013      	strb	r3, [r2, #0]
10007010:	7823      	ldrb	r3, [r4, #0]
10007012:	18e4      	adds	r4, r4, r3
10007014:	42b5      	cmp	r5, r6
10007016:	da19      	bge.n	1000704c <usbd_open_edpt_pair+0x90>
10007018:	7863      	ldrb	r3, [r4, #1]
1000701a:	2b05      	cmp	r3, #5
1000701c:	d108      	bne.n	10007030 <usbd_open_edpt_pair+0x74>
1000701e:	78e3      	ldrb	r3, [r4, #3]
10007020:	079b      	lsls	r3, r3, #30
10007022:	0f9b      	lsrs	r3, r3, #30
10007024:	42bb      	cmp	r3, r7
10007026:	d103      	bne.n	10007030 <usbd_open_edpt_pair+0x74>
10007028:	4642      	mov	r2, r8
1000702a:	78a3      	ldrb	r3, [r4, #2]
1000702c:	421a      	tst	r2, r3
1000702e:	d0d8      	beq.n	10006fe2 <usbd_open_edpt_pair+0x26>
10007030:	2000      	movs	r0, #0
10007032:	bcf0      	pop	{r4, r5, r6, r7}
10007034:	46bb      	mov	fp, r7
10007036:	46b2      	mov	sl, r6
10007038:	46a9      	mov	r9, r5
1000703a:	46a0      	mov	r8, r4
1000703c:	bdf8      	pop	{r3, r4, r5, r6, r7, pc}
1000703e:	9a0b      	ldr	r2, [sp, #44]	@ 0x2c
10007040:	3501      	adds	r5, #1
10007042:	7013      	strb	r3, [r2, #0]
10007044:	7823      	ldrb	r3, [r4, #0]
10007046:	18e4      	adds	r4, r4, r3
10007048:	42b5      	cmp	r5, r6
1000704a:	dbe5      	blt.n	10007018 <usbd_open_edpt_pair+0x5c>
1000704c:	2001      	movs	r0, #1
1000704e:	e7f0      	b.n	10007032 <usbd_open_edpt_pair+0x76>
10007050:	200010a4 	.word	0x200010a4
10007054:	20001638 	.word	0x20001638

10007058 <usbd_edpt_open>:
10007058:	2270      	movs	r2, #112	@ 0x70
1000705a:	b570      	push	{r4, r5, r6, lr}
1000705c:	788b      	ldrb	r3, [r1, #2]
1000705e:	000c      	movs	r4, r1
10007060:	421a      	tst	r2, r3
10007062:	d001      	beq.n	10007068 <usbd_edpt_open+0x10>
10007064:	2000      	movs	r0, #0
10007066:	bd70      	pop	{r4, r5, r6, pc}
10007068:	4b06      	ldr	r3, [pc, #24]	@ (10007084 <usbd_edpt_open+0x2c>)
1000706a:	0020      	movs	r0, r4
1000706c:	781d      	ldrb	r5, [r3, #0]
1000706e:	4b06      	ldr	r3, [pc, #24]	@ (10007088 <usbd_edpt_open+0x30>)
10007070:	7899      	ldrb	r1, [r3, #2]
10007072:	f000 fda9 	bl	10007bc8 <tu_edpt_validate>
10007076:	2800      	cmp	r0, #0
10007078:	d0f4      	beq.n	10007064 <usbd_edpt_open+0xc>
1000707a:	0021      	movs	r1, r4
1000707c:	0028      	movs	r0, r5
1000707e:	f7ff f9ed 	bl	1000645c <dcd_edpt_open>
10007082:	e7f0      	b.n	10007066 <usbd_edpt_open+0xe>
10007084:	200010a4 	.word	0x200010a4
10007088:	20001638 	.word	0x20001638

1000708c <usbd_edpt_claim>:
1000708c:	000b      	movs	r3, r1
1000708e:	207f      	movs	r0, #127	@ 0x7f
10007090:	b510      	push	{r4, lr}
10007092:	4018      	ands	r0, r3
10007094:	09db      	lsrs	r3, r3, #7
10007096:	3334      	adds	r3, #52	@ 0x34
10007098:	0040      	lsls	r0, r0, #1
1000709a:	4a04      	ldr	r2, [pc, #16]	@ (100070ac <usbd_edpt_claim+0x20>)
1000709c:	18c0      	adds	r0, r0, r3
1000709e:	4b04      	ldr	r3, [pc, #16]	@ (100070b0 <usbd_edpt_claim+0x24>)
100070a0:	6811      	ldr	r1, [r2, #0]
100070a2:	18c0      	adds	r0, r0, r3
100070a4:	f000 fd4c 	bl	10007b40 <tu_edpt_claim>
100070a8:	bd10      	pop	{r4, pc}
100070aa:	46c0      	nop			@ (mov r8, r8)
100070ac:	2000168c 	.word	0x2000168c
100070b0:	20001638 	.word	0x20001638

100070b4 <usbd_edpt_release>:
100070b4:	000b      	movs	r3, r1
100070b6:	207f      	movs	r0, #127	@ 0x7f
100070b8:	b510      	push	{r4, lr}
100070ba:	4018      	ands	r0, r3
100070bc:	09db      	lsrs	r3, r3, #7
100070be:	3334      	adds	r3, #52	@ 0x34
100070c0:	0040      	lsls	r0, r0, #1
100070c2:	4a04      	ldr	r2, [pc, #16]	@ (100070d4 <usbd_edpt_release+0x20>)
100070c4:	18c0      	adds	r0, r0, r3
100070c6:	4b04      	ldr	r3, [pc, #16]	@ (100070d8 <usbd_edpt_release+0x24>)
100070c8:	6811      	ldr	r1, [r2, #0]
100070ca:	18c0      	adds	r0, r0, r3
100070cc:	f000 fd60 	bl	10007b90 <tu_edpt_release>
100070d0:	bd10      	pop	{r4, pc}
100070d2:	46c0      	nop			@ (mov r8, r8)
100070d4:	2000168c 	.word	0x2000168c
100070d8:	20001638 	.word	0x20001638

100070dc <usbd_edpt_xfer>:
100070dc:	b570      	push	{r4, r5, r6, lr}
100070de:	247f      	movs	r4, #127	@ 0x7f
100070e0:	480f      	ldr	r0, [pc, #60]	@ (10007120 <usbd_edpt_xfer+0x44>)
100070e2:	400c      	ands	r4, r1
100070e4:	0064      	lsls	r4, r4, #1
100070e6:	1904      	adds	r4, r0, r4
100070e8:	09cd      	lsrs	r5, r1, #7
100070ea:	1964      	adds	r4, r4, r5
100070ec:	3430      	adds	r4, #48	@ 0x30
100070ee:	7920      	ldrb	r0, [r4, #4]
100070f0:	07c0      	lsls	r0, r0, #31
100070f2:	d501      	bpl.n	100070f8 <usbd_edpt_xfer+0x1c>
100070f4:	2000      	movs	r0, #0
100070f6:	bd70      	pop	{r4, r5, r6, pc}
100070f8:	2601      	movs	r6, #1
100070fa:	7925      	ldrb	r5, [r4, #4]
100070fc:	4809      	ldr	r0, [pc, #36]	@ (10007124 <usbd_edpt_xfer+0x48>)
100070fe:	4335      	orrs	r5, r6
10007100:	7800      	ldrb	r0, [r0, #0]
10007102:	7125      	strb	r5, [r4, #4]
10007104:	f7ff fa38 	bl	10006578 <dcd_edpt_xfer>
10007108:	2800      	cmp	r0, #0
1000710a:	d1f4      	bne.n	100070f6 <usbd_edpt_xfer+0x1a>
1000710c:	2201      	movs	r2, #1
1000710e:	7923      	ldrb	r3, [r4, #4]
10007110:	4393      	bics	r3, r2
10007112:	7123      	strb	r3, [r4, #4]
10007114:	7923      	ldrb	r3, [r4, #4]
10007116:	3203      	adds	r2, #3
10007118:	4393      	bics	r3, r2
1000711a:	7123      	strb	r3, [r4, #4]
1000711c:	e7ea      	b.n	100070f4 <usbd_edpt_xfer+0x18>
1000711e:	46c0      	nop			@ (mov r8, r8)
10007120:	20001638 	.word	0x20001638
10007124:	200010a4 	.word	0x200010a4

10007128 <tud_control_status>:
10007128:	b570      	push	{r4, r5, r6, lr}
1000712a:	4c09      	ldr	r4, [pc, #36]	@ (10007150 <tud_control_status+0x28>)
1000712c:	0006      	movs	r6, r0
1000712e:	2208      	movs	r2, #8
10007130:	0020      	movs	r0, r4
10007132:	000d      	movs	r5, r1
10007134:	f7fc fe9c 	bl	10003e70 <__wrap___aeabi_memcpy>
10007138:	2300      	movs	r3, #0
1000713a:	2180      	movs	r1, #128	@ 0x80
1000713c:	60e3      	str	r3, [r4, #12]
1000713e:	60a3      	str	r3, [r4, #8]
10007140:	782b      	ldrb	r3, [r5, #0]
10007142:	0030      	movs	r0, r6
10007144:	4399      	bics	r1, r3
10007146:	2200      	movs	r2, #0
10007148:	2300      	movs	r3, #0
1000714a:	f7ff ffc7 	bl	100070dc <usbd_edpt_xfer>
1000714e:	bd70      	pop	{r4, r5, r6, pc}
10007150:	20001618 	.word	0x20001618

10007154 <tud_control_xfer>:
10007154:	b5f8      	push	{r3, r4, r5, r6, r7, lr}
10007156:	46ce      	mov	lr, r9
10007158:	4647      	mov	r7, r8
1000715a:	4690      	mov	r8, r2
1000715c:	4e25      	ldr	r6, [pc, #148]	@ (100071f4 <tud_control_xfer+0xa0>)
1000715e:	b580      	push	{r7, lr}
10007160:	4681      	mov	r9, r0
10007162:	2208      	movs	r2, #8
10007164:	0030      	movs	r0, r6
10007166:	000d      	movs	r5, r1
10007168:	001f      	movs	r7, r3
1000716a:	f7fc fe81 	bl	10003e70 <__wrap___aeabi_memcpy>
1000716e:	4643      	mov	r3, r8
10007170:	60b3      	str	r3, [r6, #8]
10007172:	2300      	movs	r3, #0
10007174:	81f3      	strh	r3, [r6, #14]
10007176:	79ec      	ldrb	r4, [r5, #7]
10007178:	79ab      	ldrb	r3, [r5, #6]
1000717a:	0224      	lsls	r4, r4, #8
1000717c:	431c      	orrs	r4, r3
1000717e:	1c23      	adds	r3, r4, #0
10007180:	42bc      	cmp	r4, r7
10007182:	d900      	bls.n	10007186 <tud_control_xfer+0x32>
10007184:	1c3b      	adds	r3, r7, #0
10007186:	b29f      	uxth	r7, r3
10007188:	81b3      	strh	r3, [r6, #12]
1000718a:	2c00      	cmp	r4, #0
1000718c:	d00d      	beq.n	100071aa <tud_control_xfer+0x56>
1000718e:	2f00      	cmp	r7, #0
10007190:	d017      	beq.n	100071c2 <tud_control_xfer+0x6e>
10007192:	4642      	mov	r2, r8
10007194:	2a00      	cmp	r2, #0
10007196:	d02b      	beq.n	100071f0 <tud_control_xfer+0x9c>
10007198:	2f40      	cmp	r7, #64	@ 0x40
1000719a:	d81b      	bhi.n	100071d4 <tud_control_xfer+0x80>
1000719c:	b29f      	uxth	r7, r3
1000719e:	7833      	ldrb	r3, [r6, #0]
100071a0:	2b7f      	cmp	r3, #127	@ 0x7f
100071a2:	d81c      	bhi.n	100071de <tud_control_xfer+0x8a>
100071a4:	2100      	movs	r1, #0
100071a6:	4a14      	ldr	r2, [pc, #80]	@ (100071f8 <tud_control_xfer+0xa4>)
100071a8:	e00f      	b.n	100071ca <tud_control_xfer+0x76>
100071aa:	2180      	movs	r1, #128	@ 0x80
100071ac:	782b      	ldrb	r3, [r5, #0]
100071ae:	2200      	movs	r2, #0
100071b0:	4399      	bics	r1, r3
100071b2:	4648      	mov	r0, r9
100071b4:	2300      	movs	r3, #0
100071b6:	f7ff ff91 	bl	100070dc <usbd_edpt_xfer>
100071ba:	bcc0      	pop	{r6, r7}
100071bc:	46b9      	mov	r9, r7
100071be:	46b0      	mov	r8, r6
100071c0:	bdf8      	pop	{r3, r4, r5, r6, r7, pc}
100071c2:	237f      	movs	r3, #127	@ 0x7f
100071c4:	2200      	movs	r2, #0
100071c6:	7831      	ldrb	r1, [r6, #0]
100071c8:	4399      	bics	r1, r3
100071ca:	003b      	movs	r3, r7
100071cc:	4648      	mov	r0, r9
100071ce:	f7ff ff85 	bl	100070dc <usbd_edpt_xfer>
100071d2:	e7f2      	b.n	100071ba <tud_control_xfer+0x66>
100071d4:	2340      	movs	r3, #64	@ 0x40
100071d6:	b29f      	uxth	r7, r3
100071d8:	7833      	ldrb	r3, [r6, #0]
100071da:	2b7f      	cmp	r3, #127	@ 0x7f
100071dc:	d9e2      	bls.n	100071a4 <tud_control_xfer+0x50>
100071de:	4c06      	ldr	r4, [pc, #24]	@ (100071f8 <tud_control_xfer+0xa4>)
100071e0:	003a      	movs	r2, r7
100071e2:	4641      	mov	r1, r8
100071e4:	0020      	movs	r0, r4
100071e6:	f7fc fe43 	bl	10003e70 <__wrap___aeabi_memcpy>
100071ea:	2180      	movs	r1, #128	@ 0x80
100071ec:	0022      	movs	r2, r4
100071ee:	e7ec      	b.n	100071ca <tud_control_xfer+0x76>
100071f0:	2000      	movs	r0, #0
100071f2:	e7e2      	b.n	100071ba <tud_control_xfer+0x66>
100071f4:	20001618 	.word	0x20001618
100071f8:	200015d8 	.word	0x200015d8

100071fc <usbd_control_reset>:
100071fc:	b510      	push	{r4, lr}
100071fe:	2214      	movs	r2, #20
10007200:	2100      	movs	r1, #0
10007202:	4802      	ldr	r0, [pc, #8]	@ (1000720c <usbd_control_reset+0x10>)
10007204:	f7fc fe2e 	bl	10003e64 <__wrap_memset>
10007208:	bd10      	pop	{r4, pc}
1000720a:	46c0      	nop			@ (mov r8, r8)
1000720c:	20001618 	.word	0x20001618

10007210 <usbd_control_set_complete_callback>:
10007210:	4b01      	ldr	r3, [pc, #4]	@ (10007218 <usbd_control_set_complete_callback+0x8>)
10007212:	6118      	str	r0, [r3, #16]
10007214:	4770      	bx	lr
10007216:	46c0      	nop			@ (mov r8, r8)
10007218:	20001618 	.word	0x20001618

1000721c <usbd_control_set_request>:
1000721c:	b510      	push	{r4, lr}
1000721e:	4c05      	ldr	r4, [pc, #20]	@ (10007234 <usbd_control_set_request+0x18>)
10007220:	0001      	movs	r1, r0
10007222:	2208      	movs	r2, #8
10007224:	0020      	movs	r0, r4
10007226:	f7fc fe23 	bl	10003e70 <__wrap___aeabi_memcpy>
1000722a:	2300      	movs	r3, #0
1000722c:	60a3      	str	r3, [r4, #8]
1000722e:	60e3      	str	r3, [r4, #12]
10007230:	bd10      	pop	{r4, pc}
10007232:	46c0      	nop			@ (mov r8, r8)
10007234:	20001618 	.word	0x20001618

10007238 <usbd_control_xfer_cb>:
10007238:	b570      	push	{r4, r5, r6, lr}
1000723a:	4c38      	ldr	r4, [pc, #224]	@ (1000731c <usbd_control_xfer_cb+0xe4>)
1000723c:	001d      	movs	r5, r3
1000723e:	7823      	ldrb	r3, [r4, #0]
10007240:	0006      	movs	r6, r0
10007242:	09da      	lsrs	r2, r3, #7
10007244:	09c9      	lsrs	r1, r1, #7
10007246:	428a      	cmp	r2, r1
10007248:	d010      	beq.n	1000726c <usbd_control_xfer_cb+0x34>
1000724a:	2000      	movs	r0, #0
1000724c:	2d00      	cmp	r5, #0
1000724e:	d000      	beq.n	10007252 <usbd_control_xfer_cb+0x1a>
10007250:	bd70      	pop	{r4, r5, r6, pc}
10007252:	0021      	movs	r1, r4
10007254:	0030      	movs	r0, r6
10007256:	f7ff f8f3 	bl	10006440 <dcd_edpt0_status_complete>
1000725a:	6923      	ldr	r3, [r4, #16]
1000725c:	2b00      	cmp	r3, #0
1000725e:	d003      	beq.n	10007268 <usbd_control_xfer_cb+0x30>
10007260:	0022      	movs	r2, r4
10007262:	2103      	movs	r1, #3
10007264:	0030      	movs	r0, r6
10007266:	4798      	blx	r3
10007268:	2001      	movs	r0, #1
1000726a:	e7f1      	b.n	10007250 <usbd_control_xfer_cb+0x18>
1000726c:	2b7f      	cmp	r3, #127	@ 0x7f
1000726e:	d806      	bhi.n	1000727e <usbd_control_xfer_cb+0x46>
10007270:	68a0      	ldr	r0, [r4, #8]
10007272:	2800      	cmp	r0, #0
10007274:	d034      	beq.n	100072e0 <usbd_control_xfer_cb+0xa8>
10007276:	002a      	movs	r2, r5
10007278:	4929      	ldr	r1, [pc, #164]	@ (10007320 <usbd_control_xfer_cb+0xe8>)
1000727a:	f7fc fdf9 	bl	10003e70 <__wrap___aeabi_memcpy>
1000727e:	89e2      	ldrh	r2, [r4, #14]
10007280:	68a1      	ldr	r1, [r4, #8]
10007282:	1952      	adds	r2, r2, r5
10007284:	88e3      	ldrh	r3, [r4, #6]
10007286:	b292      	uxth	r2, r2
10007288:	1949      	adds	r1, r1, r5
1000728a:	81e2      	strh	r2, [r4, #14]
1000728c:	60a1      	str	r1, [r4, #8]
1000728e:	4293      	cmp	r3, r2
10007290:	d014      	beq.n	100072bc <usbd_control_xfer_cb+0x84>
10007292:	2d3f      	cmp	r5, #63	@ 0x3f
10007294:	d912      	bls.n	100072bc <usbd_control_xfer_cb+0x84>
10007296:	89a3      	ldrh	r3, [r4, #12]
10007298:	1a98      	subs	r0, r3, r2
1000729a:	1c05      	adds	r5, r0, #0
1000729c:	b280      	uxth	r0, r0
1000729e:	2840      	cmp	r0, #64	@ 0x40
100072a0:	d82a      	bhi.n	100072f8 <usbd_control_xfer_cb+0xc0>
100072a2:	7820      	ldrb	r0, [r4, #0]
100072a4:	b2ad      	uxth	r5, r5
100072a6:	287f      	cmp	r0, #127	@ 0x7f
100072a8:	d828      	bhi.n	100072fc <usbd_control_xfer_cb+0xc4>
100072aa:	2100      	movs	r1, #0
100072ac:	429a      	cmp	r2, r3
100072ae:	d032      	beq.n	10007316 <usbd_control_xfer_cb+0xde>
100072b0:	4a1b      	ldr	r2, [pc, #108]	@ (10007320 <usbd_control_xfer_cb+0xe8>)
100072b2:	002b      	movs	r3, r5
100072b4:	0030      	movs	r0, r6
100072b6:	f7ff ff11 	bl	100070dc <usbd_edpt_xfer>
100072ba:	e7c9      	b.n	10007250 <usbd_control_xfer_cb+0x18>
100072bc:	6923      	ldr	r3, [r4, #16]
100072be:	2b00      	cmp	r3, #0
100072c0:	d005      	beq.n	100072ce <usbd_control_xfer_cb+0x96>
100072c2:	0022      	movs	r2, r4
100072c4:	2102      	movs	r1, #2
100072c6:	0030      	movs	r0, r6
100072c8:	4798      	blx	r3
100072ca:	2800      	cmp	r0, #0
100072cc:	d00a      	beq.n	100072e4 <usbd_control_xfer_cb+0xac>
100072ce:	2180      	movs	r1, #128	@ 0x80
100072d0:	7823      	ldrb	r3, [r4, #0]
100072d2:	2200      	movs	r2, #0
100072d4:	4399      	bics	r1, r3
100072d6:	0030      	movs	r0, r6
100072d8:	2300      	movs	r3, #0
100072da:	f7ff feff 	bl	100070dc <usbd_edpt_xfer>
100072de:	e7b7      	b.n	10007250 <usbd_control_xfer_cb+0x18>
100072e0:	2000      	movs	r0, #0
100072e2:	e7b5      	b.n	10007250 <usbd_control_xfer_cb+0x18>
100072e4:	2100      	movs	r1, #0
100072e6:	0030      	movs	r0, r6
100072e8:	f7ff f958 	bl	1000659c <dcd_edpt_stall>
100072ec:	0030      	movs	r0, r6
100072ee:	2180      	movs	r1, #128	@ 0x80
100072f0:	f7ff f954 	bl	1000659c <dcd_edpt_stall>
100072f4:	2001      	movs	r0, #1
100072f6:	e7ab      	b.n	10007250 <usbd_control_xfer_cb+0x18>
100072f8:	2540      	movs	r5, #64	@ 0x40
100072fa:	e7d2      	b.n	100072a2 <usbd_control_xfer_cb+0x6a>
100072fc:	429a      	cmp	r2, r3
100072fe:	d007      	beq.n	10007310 <usbd_control_xfer_cb+0xd8>
10007300:	4c07      	ldr	r4, [pc, #28]	@ (10007320 <usbd_control_xfer_cb+0xe8>)
10007302:	002a      	movs	r2, r5
10007304:	0020      	movs	r0, r4
10007306:	f7fc fdb3 	bl	10003e70 <__wrap___aeabi_memcpy>
1000730a:	2180      	movs	r1, #128	@ 0x80
1000730c:	0022      	movs	r2, r4
1000730e:	e7d0      	b.n	100072b2 <usbd_control_xfer_cb+0x7a>
10007310:	2180      	movs	r1, #128	@ 0x80
10007312:	2200      	movs	r2, #0
10007314:	e7cd      	b.n	100072b2 <usbd_control_xfer_cb+0x7a>
10007316:	2200      	movs	r2, #0
10007318:	e7cb      	b.n	100072b2 <usbd_control_xfer_cb+0x7a>
1000731a:	46c0      	nop			@ (mov r8, r8)
1000731c:	20001618 	.word	0x20001618
10007320:	200015d8 	.word	0x200015d8

10007324 <_prep_out_transaction.isra.0>:
10007324:	b570      	push	{r4, r5, r6, lr}
10007326:	0004      	movs	r4, r0
10007328:	f7ff f9be 	bl	100066a8 <tud_mounted>
1000732c:	2800      	cmp	r0, #0
1000732e:	d100      	bne.n	10007332 <_prep_out_transaction.isra.0+0xe>
10007330:	bd70      	pop	{r4, r5, r6, pc}
10007332:	f7ff f9c1 	bl	100066b8 <tud_suspended>
10007336:	2800      	cmp	r0, #0
10007338:	d1fa      	bne.n	10007330 <_prep_out_transaction.isra.0+0xc>
1000733a:	23c8      	movs	r3, #200	@ 0xc8
1000733c:	4363      	muls	r3, r4
1000733e:	4d12      	ldr	r5, [pc, #72]	@ (10007388 <_prep_out_transaction.isra.0+0x64>)
10007340:	18ee      	adds	r6, r5, r3
10007342:	78f1      	ldrb	r1, [r6, #3]
10007344:	2900      	cmp	r1, #0
10007346:	d0f3      	beq.n	10007330 <_prep_out_transaction.isra.0+0xc>
10007348:	3310      	adds	r3, #16
1000734a:	195d      	adds	r5, r3, r5
1000734c:	0028      	movs	r0, r5
1000734e:	f000 fdf3 	bl	10007f38 <tu_fifo_remaining>
10007352:	283f      	cmp	r0, #63	@ 0x3f
10007354:	d9ec      	bls.n	10007330 <_prep_out_transaction.isra.0+0xc>
10007356:	2000      	movs	r0, #0
10007358:	78f1      	ldrb	r1, [r6, #3]
1000735a:	f7ff fe97 	bl	1000708c <usbd_edpt_claim>
1000735e:	2800      	cmp	r0, #0
10007360:	d0e6      	beq.n	10007330 <_prep_out_transaction.isra.0+0xc>
10007362:	0028      	movs	r0, r5
10007364:	f000 fde8 	bl	10007f38 <tu_fifo_remaining>
10007368:	78f1      	ldrb	r1, [r6, #3]
1000736a:	283f      	cmp	r0, #63	@ 0x3f
1000736c:	d907      	bls.n	1000737e <_prep_out_transaction.isra.0+0x5a>
1000736e:	4b07      	ldr	r3, [pc, #28]	@ (1000738c <_prep_out_transaction.isra.0+0x68>)
10007370:	01e2      	lsls	r2, r4, #7
10007372:	18d2      	adds	r2, r2, r3
10007374:	2000      	movs	r0, #0
10007376:	2340      	movs	r3, #64	@ 0x40
10007378:	f7ff feb0 	bl	100070dc <usbd_edpt_xfer>
1000737c:	e7d8      	b.n	10007330 <_prep_out_transaction.isra.0+0xc>
1000737e:	2000      	movs	r0, #0
10007380:	f7ff fe98 	bl	100070b4 <usbd_edpt_release>
10007384:	e7d4      	b.n	10007330 <_prep_out_transaction.isra.0+0xc>
10007386:	46c0      	nop			@ (mov r8, r8)
10007388:	20001510 	.word	0x20001510
1000738c:	2000148c 	.word	0x2000148c

10007390 <tud_cdc_n_connected>:
10007390:	b510      	push	{r4, lr}
10007392:	0004      	movs	r4, r0
10007394:	f7ff f988 	bl	100066a8 <tud_mounted>
10007398:	2800      	cmp	r0, #0
1000739a:	d101      	bne.n	100073a0 <tud_cdc_n_connected+0x10>
1000739c:	2000      	movs	r0, #0
1000739e:	bd10      	pop	{r4, pc}
100073a0:	f7ff f98a 	bl	100066b8 <tud_suspended>
100073a4:	2800      	cmp	r0, #0
100073a6:	d1f9      	bne.n	1000739c <tud_cdc_n_connected+0xc>
100073a8:	22c8      	movs	r2, #200	@ 0xc8
100073aa:	4362      	muls	r2, r4
100073ac:	4b02      	ldr	r3, [pc, #8]	@ (100073b8 <tud_cdc_n_connected+0x28>)
100073ae:	3001      	adds	r0, #1
100073b0:	189b      	adds	r3, r3, r2
100073b2:	791b      	ldrb	r3, [r3, #4]
100073b4:	4018      	ands	r0, r3
100073b6:	e7f2      	b.n	1000739e <tud_cdc_n_connected+0xe>
100073b8:	20001510 	.word	0x20001510

100073bc <tud_cdc_n_available>:
100073bc:	23c8      	movs	r3, #200	@ 0xc8
100073be:	b510      	push	{r4, lr}
100073c0:	4343      	muls	r3, r0
100073c2:	4802      	ldr	r0, [pc, #8]	@ (100073cc <tud_cdc_n_available+0x10>)
100073c4:	1818      	adds	r0, r3, r0
100073c6:	f000 fd99 	bl	10007efc <tu_fifo_count>
100073ca:	bd10      	pop	{r4, pc}
100073cc:	20001520 	.word	0x20001520

100073d0 <tud_cdc_n_read>:
100073d0:	b5f8      	push	{r3, r4, r5, r6, r7, lr}
100073d2:	24c8      	movs	r4, #200	@ 0xc8
100073d4:	2380      	movs	r3, #128	@ 0x80
100073d6:	4344      	muls	r4, r0
100073d8:	4f1c      	ldr	r7, [pc, #112]	@ (1000744c <tud_cdc_n_read+0x7c>)
100073da:	3410      	adds	r4, #16
100073dc:	0005      	movs	r5, r0
100073de:	193c      	adds	r4, r7, r4
100073e0:	025b      	lsls	r3, r3, #9
100073e2:	429a      	cmp	r2, r3
100073e4:	d300      	bcc.n	100073e8 <tud_cdc_n_read+0x18>
100073e6:	4a1a      	ldr	r2, [pc, #104]	@ (10007450 <tud_cdc_n_read+0x80>)
100073e8:	0020      	movs	r0, r4
100073ea:	b292      	uxth	r2, r2
100073ec:	f000 fe08 	bl	10008000 <tu_fifo_read_n>
100073f0:	0006      	movs	r6, r0
100073f2:	f7ff f959 	bl	100066a8 <tud_mounted>
100073f6:	2800      	cmp	r0, #0
100073f8:	d101      	bne.n	100073fe <tud_cdc_n_read+0x2e>
100073fa:	0030      	movs	r0, r6
100073fc:	bdf8      	pop	{r3, r4, r5, r6, r7, pc}
100073fe:	f7ff f95b 	bl	100066b8 <tud_suspended>
10007402:	2800      	cmp	r0, #0
10007404:	d1f9      	bne.n	100073fa <tud_cdc_n_read+0x2a>
10007406:	23c8      	movs	r3, #200	@ 0xc8
10007408:	436b      	muls	r3, r5
1000740a:	18ff      	adds	r7, r7, r3
1000740c:	78fb      	ldrb	r3, [r7, #3]
1000740e:	2b00      	cmp	r3, #0
10007410:	d0f3      	beq.n	100073fa <tud_cdc_n_read+0x2a>
10007412:	0020      	movs	r0, r4
10007414:	f000 fd90 	bl	10007f38 <tu_fifo_remaining>
10007418:	283f      	cmp	r0, #63	@ 0x3f
1000741a:	d9ee      	bls.n	100073fa <tud_cdc_n_read+0x2a>
1000741c:	2000      	movs	r0, #0
1000741e:	78f9      	ldrb	r1, [r7, #3]
10007420:	f7ff fe34 	bl	1000708c <usbd_edpt_claim>
10007424:	2800      	cmp	r0, #0
10007426:	d0e8      	beq.n	100073fa <tud_cdc_n_read+0x2a>
10007428:	0020      	movs	r0, r4
1000742a:	f000 fd85 	bl	10007f38 <tu_fifo_remaining>
1000742e:	78f9      	ldrb	r1, [r7, #3]
10007430:	283f      	cmp	r0, #63	@ 0x3f
10007432:	d907      	bls.n	10007444 <tud_cdc_n_read+0x74>
10007434:	4b07      	ldr	r3, [pc, #28]	@ (10007454 <tud_cdc_n_read+0x84>)
10007436:	01ea      	lsls	r2, r5, #7
10007438:	18d2      	adds	r2, r2, r3
1000743a:	2000      	movs	r0, #0
1000743c:	2340      	movs	r3, #64	@ 0x40
1000743e:	f7ff fe4d 	bl	100070dc <usbd_edpt_xfer>
10007442:	e7da      	b.n	100073fa <tud_cdc_n_read+0x2a>
10007444:	2000      	movs	r0, #0
10007446:	f7ff fe35 	bl	100070b4 <usbd_edpt_release>
1000744a:	e7d6      	b.n	100073fa <tud_cdc_n_read+0x2a>
1000744c:	20001510 	.word	0x20001510
10007450:	0000ffff 	.word	0x0000ffff
10007454:	2000148c 	.word	0x2000148c

10007458 <tud_cdc_n_write_flush>:
10007458:	b5f8      	push	{r3, r4, r5, r6, r7, lr}
1000745a:	0004      	movs	r4, r0
1000745c:	f7ff f924 	bl	100066a8 <tud_mounted>
10007460:	2800      	cmp	r0, #0
10007462:	d101      	bne.n	10007468 <tud_cdc_n_write_flush+0x10>
10007464:	2000      	movs	r0, #0
10007466:	bdf8      	pop	{r3, r4, r5, r6, r7, pc}
10007468:	f7ff f926 	bl	100066b8 <tud_suspended>
1000746c:	2800      	cmp	r0, #0
1000746e:	d1f9      	bne.n	10007464 <tud_cdc_n_write_flush+0xc>
10007470:	25c8      	movs	r5, #200	@ 0xc8
10007472:	4365      	muls	r5, r4
10007474:	002e      	movs	r6, r5
10007476:	4f13      	ldr	r7, [pc, #76]	@ (100074c4 <tud_cdc_n_write_flush+0x6c>)
10007478:	3624      	adds	r6, #36	@ 0x24
1000747a:	19f6      	adds	r6, r6, r7
1000747c:	0030      	movs	r0, r6
1000747e:	f000 fd3d 	bl	10007efc <tu_fifo_count>
10007482:	2800      	cmp	r0, #0
10007484:	d0ee      	beq.n	10007464 <tud_cdc_n_write_flush+0xc>
10007486:	197f      	adds	r7, r7, r5
10007488:	2000      	movs	r0, #0
1000748a:	78b9      	ldrb	r1, [r7, #2]
1000748c:	f7ff fdfe 	bl	1000708c <usbd_edpt_claim>
10007490:	2800      	cmp	r0, #0
10007492:	d0e7      	beq.n	10007464 <tud_cdc_n_write_flush+0xc>
10007494:	4d0c      	ldr	r5, [pc, #48]	@ (100074c8 <tud_cdc_n_write_flush+0x70>)
10007496:	01e4      	lsls	r4, r4, #7
10007498:	1965      	adds	r5, r4, r5
1000749a:	0029      	movs	r1, r5
1000749c:	2240      	movs	r2, #64	@ 0x40
1000749e:	0030      	movs	r0, r6
100074a0:	f000 fdae 	bl	10008000 <tu_fifo_read_n>
100074a4:	78b9      	ldrb	r1, [r7, #2]
100074a6:	1e04      	subs	r4, r0, #0
100074a8:	d008      	beq.n	100074bc <tud_cdc_n_write_flush+0x64>
100074aa:	0003      	movs	r3, r0
100074ac:	002a      	movs	r2, r5
100074ae:	2000      	movs	r0, #0
100074b0:	f7ff fe14 	bl	100070dc <usbd_edpt_xfer>
100074b4:	2800      	cmp	r0, #0
100074b6:	d0d5      	beq.n	10007464 <tud_cdc_n_write_flush+0xc>
100074b8:	0020      	movs	r0, r4
100074ba:	e7d4      	b.n	10007466 <tud_cdc_n_write_flush+0xe>
100074bc:	2000      	movs	r0, #0
100074be:	f7ff fdf9 	bl	100070b4 <usbd_edpt_release>
100074c2:	e7cf      	b.n	10007464 <tud_cdc_n_write_flush+0xc>
100074c4:	20001510 	.word	0x20001510
100074c8:	200014cc 	.word	0x200014cc

100074cc <tud_cdc_n_write>:
100074cc:	b570      	push	{r4, r5, r6, lr}
100074ce:	24c8      	movs	r4, #200	@ 0xc8
100074d0:	4344      	muls	r4, r0
100074d2:	4b0c      	ldr	r3, [pc, #48]	@ (10007504 <tud_cdc_n_write+0x38>)
100074d4:	0005      	movs	r5, r0
100074d6:	18e4      	adds	r4, r4, r3
100074d8:	2380      	movs	r3, #128	@ 0x80
100074da:	025b      	lsls	r3, r3, #9
100074dc:	429a      	cmp	r2, r3
100074de:	d300      	bcc.n	100074e2 <tud_cdc_n_write+0x16>
100074e0:	4a09      	ldr	r2, [pc, #36]	@ (10007508 <tud_cdc_n_write+0x3c>)
100074e2:	0020      	movs	r0, r4
100074e4:	b292      	uxth	r2, r2
100074e6:	f000 fe51 	bl	1000818c <tu_fifo_write_n>
100074ea:	0006      	movs	r6, r0
100074ec:	0020      	movs	r0, r4
100074ee:	f000 fd05 	bl	10007efc <tu_fifo_count>
100074f2:	283f      	cmp	r0, #63	@ 0x3f
100074f4:	d801      	bhi.n	100074fa <tud_cdc_n_write+0x2e>
100074f6:	0030      	movs	r0, r6
100074f8:	bd70      	pop	{r4, r5, r6, pc}
100074fa:	0028      	movs	r0, r5
100074fc:	f7ff ffac 	bl	10007458 <tud_cdc_n_write_flush>
10007500:	e7f9      	b.n	100074f6 <tud_cdc_n_write+0x2a>
10007502:	46c0      	nop			@ (mov r8, r8)
10007504:	20001534 	.word	0x20001534
10007508:	0000ffff 	.word	0x0000ffff

1000750c <tud_cdc_n_write_available>:
1000750c:	23c8      	movs	r3, #200	@ 0xc8
1000750e:	b510      	push	{r4, lr}
10007510:	4343      	muls	r3, r0
10007512:	4802      	ldr	r0, [pc, #8]	@ (1000751c <tud_cdc_n_write_available+0x10>)
10007514:	1818      	adds	r0, r3, r0
10007516:	f000 fd0f 	bl	10007f38 <tu_fifo_remaining>
1000751a:	bd10      	pop	{r4, pc}
1000751c:	20001534 	.word	0x20001534

10007520 <cdcd_init>:
10007520:	b5f0      	push	{r4, r5, r6, r7, lr}
10007522:	2500      	movs	r5, #0
10007524:	4c18      	ldr	r4, [pc, #96]	@ (10007588 <cdcd_init+0x68>)
10007526:	b083      	sub	sp, #12
10007528:	22c8      	movs	r2, #200	@ 0xc8
1000752a:	2100      	movs	r1, #0
1000752c:	0020      	movs	r0, r4
1000752e:	f7fc fc99 	bl	10003e64 <__wrap_memset>
10007532:	4b16      	ldr	r3, [pc, #88]	@ (1000758c <cdcd_init+0x6c>)
10007534:	0021      	movs	r1, r4
10007536:	701d      	strb	r5, [r3, #0]
10007538:	23ff      	movs	r3, #255	@ 0xff
1000753a:	7163      	strb	r3, [r4, #5]
1000753c:	23e1      	movs	r3, #225	@ 0xe1
1000753e:	025b      	lsls	r3, r3, #9
10007540:	60a3      	str	r3, [r4, #8]
10007542:	0020      	movs	r0, r4
10007544:	2308      	movs	r3, #8
10007546:	2240      	movs	r2, #64	@ 0x40
10007548:	73a3      	strb	r3, [r4, #14]
1000754a:	3138      	adds	r1, #56	@ 0x38
1000754c:	9500      	str	r5, [sp, #0]
1000754e:	3b07      	subs	r3, #7
10007550:	3010      	adds	r0, #16
10007552:	f000 fc9d 	bl	10007e90 <tu_fifo_config>
10007556:	0027      	movs	r7, r4
10007558:	2301      	movs	r3, #1
1000755a:	0021      	movs	r1, r4
1000755c:	0020      	movs	r0, r4
1000755e:	0026      	movs	r6, r4
10007560:	2240      	movs	r2, #64	@ 0x40
10007562:	3178      	adds	r1, #120	@ 0x78
10007564:	9300      	str	r3, [sp, #0]
10007566:	37b8      	adds	r7, #184	@ 0xb8
10007568:	3024      	adds	r0, #36	@ 0x24
1000756a:	f000 fc91 	bl	10007e90 <tu_fifo_config>
1000756e:	36c0      	adds	r6, #192	@ 0xc0
10007570:	0038      	movs	r0, r7
10007572:	f7fa fd2f 	bl	10001fd4 <mutex_init>
10007576:	0030      	movs	r0, r6
10007578:	f7fa fd2c 	bl	10001fd4 <mutex_init>
1000757c:	61e5      	str	r5, [r4, #28]
1000757e:	6227      	str	r7, [r4, #32]
10007580:	6326      	str	r6, [r4, #48]	@ 0x30
10007582:	6365      	str	r5, [r4, #52]	@ 0x34
10007584:	b003      	add	sp, #12
10007586:	bdf0      	pop	{r4, r5, r6, r7, pc}
10007588:	20001510 	.word	0x20001510
1000758c:	2000150c 	.word	0x2000150c

10007590 <cdcd_deinit>:
10007590:	4a0a      	ldr	r2, [pc, #40]	@ (100075bc <cdcd_deinit+0x2c>)
10007592:	6b11      	ldr	r1, [r2, #48]	@ 0x30
10007594:	6a13      	ldr	r3, [r2, #32]
10007596:	2900      	cmp	r1, #0
10007598:	d00c      	beq.n	100075b4 <cdcd_deinit+0x24>
1000759a:	2b00      	cmp	r3, #0
1000759c:	d007      	beq.n	100075ae <cdcd_deinit+0x1e>
1000759e:	2300      	movs	r3, #0
100075a0:	61d3      	str	r3, [r2, #28]
100075a2:	6353      	str	r3, [r2, #52]	@ 0x34
100075a4:	6313      	str	r3, [r2, #48]	@ 0x30
100075a6:	2300      	movs	r3, #0
100075a8:	6213      	str	r3, [r2, #32]
100075aa:	2001      	movs	r0, #1
100075ac:	4770      	bx	lr
100075ae:	6353      	str	r3, [r2, #52]	@ 0x34
100075b0:	6313      	str	r3, [r2, #48]	@ 0x30
100075b2:	e7fa      	b.n	100075aa <cdcd_deinit+0x1a>
100075b4:	2b00      	cmp	r3, #0
100075b6:	d0f8      	beq.n	100075aa <cdcd_deinit+0x1a>
100075b8:	61d1      	str	r1, [r2, #28]
100075ba:	e7f4      	b.n	100075a6 <cdcd_deinit+0x16>
100075bc:	20001510 	.word	0x20001510

100075c0 <cdcd_reset>:
100075c0:	b570      	push	{r4, r5, r6, lr}
100075c2:	4c0f      	ldr	r4, [pc, #60]	@ (10007600 <cdcd_reset+0x40>)
100075c4:	2205      	movs	r2, #5
100075c6:	2100      	movs	r1, #0
100075c8:	0020      	movs	r0, r4
100075ca:	f7fc fc4b 	bl	10003e64 <__wrap_memset>
100075ce:	4d0d      	ldr	r5, [pc, #52]	@ (10007604 <cdcd_reset+0x44>)
100075d0:	782b      	ldrb	r3, [r5, #0]
100075d2:	07da      	lsls	r2, r3, #31
100075d4:	d507      	bpl.n	100075e6 <cdcd_reset+0x26>
100075d6:	4c0c      	ldr	r4, [pc, #48]	@ (10007608 <cdcd_reset+0x48>)
100075d8:	079b      	lsls	r3, r3, #30
100075da:	d50c      	bpl.n	100075f6 <cdcd_reset+0x36>
100075dc:	2101      	movs	r1, #1
100075de:	0020      	movs	r0, r4
100075e0:	f000 feb0 	bl	10008344 <tu_fifo_set_overwritable>
100075e4:	bd70      	pop	{r4, r5, r6, pc}
100075e6:	0020      	movs	r0, r4
100075e8:	3010      	adds	r0, #16
100075ea:	f000 fe8b 	bl	10008304 <tu_fifo_clear>
100075ee:	782b      	ldrb	r3, [r5, #0]
100075f0:	4c05      	ldr	r4, [pc, #20]	@ (10007608 <cdcd_reset+0x48>)
100075f2:	079b      	lsls	r3, r3, #30
100075f4:	d4f2      	bmi.n	100075dc <cdcd_reset+0x1c>
100075f6:	0020      	movs	r0, r4
100075f8:	f000 fe84 	bl	10008304 <tu_fifo_clear>
100075fc:	e7ee      	b.n	100075dc <cdcd_reset+0x1c>
100075fe:	46c0      	nop			@ (mov r8, r8)
10007600:	20001510 	.word	0x20001510
10007604:	2000150c 	.word	0x2000150c
10007608:	20001534 	.word	0x20001534

1000760c <cdcd_open>:
1000760c:	b5f0      	push	{r4, r5, r6, r7, lr}
1000760e:	794b      	ldrb	r3, [r1, #5]
10007610:	0006      	movs	r6, r0
10007612:	b083      	sub	sp, #12
10007614:	2b02      	cmp	r3, #2
10007616:	d102      	bne.n	1000761e <cdcd_open+0x12>
10007618:	798b      	ldrb	r3, [r1, #6]
1000761a:	2b02      	cmp	r3, #2
1000761c:	d003      	beq.n	10007626 <cdcd_open+0x1a>
1000761e:	2500      	movs	r5, #0
10007620:	0028      	movs	r0, r5
10007622:	b003      	add	sp, #12
10007624:	bdf0      	pop	{r4, r5, r6, r7, pc}
10007626:	4f20      	ldr	r7, [pc, #128]	@ (100076a8 <cdcd_open+0x9c>)
10007628:	78bb      	ldrb	r3, [r7, #2]
1000762a:	2b00      	cmp	r3, #0
1000762c:	d1f7      	bne.n	1000761e <cdcd_open+0x12>
1000762e:	788b      	ldrb	r3, [r1, #2]
10007630:	2509      	movs	r5, #9
10007632:	703b      	strb	r3, [r7, #0]
10007634:	780c      	ldrb	r4, [r1, #0]
10007636:	190c      	adds	r4, r1, r4
10007638:	7863      	ldrb	r3, [r4, #1]
1000763a:	2b24      	cmp	r3, #36	@ 0x24
1000763c:	d007      	beq.n	1000764e <cdcd_open+0x42>
1000763e:	e00c      	b.n	1000765a <cdcd_open+0x4e>
10007640:	7823      	ldrb	r3, [r4, #0]
10007642:	18e4      	adds	r4, r4, r3
10007644:	195d      	adds	r5, r3, r5
10007646:	7863      	ldrb	r3, [r4, #1]
10007648:	b2ad      	uxth	r5, r5
1000764a:	2b24      	cmp	r3, #36	@ 0x24
1000764c:	d105      	bne.n	1000765a <cdcd_open+0x4e>
1000764e:	4295      	cmp	r5, r2
10007650:	d9f6      	bls.n	10007640 <cdcd_open+0x34>
10007652:	2000      	movs	r0, #0
10007654:	f7ff fe66 	bl	10007324 <_prep_out_transaction.isra.0>
10007658:	e7e2      	b.n	10007620 <cdcd_open+0x14>
1000765a:	001a      	movs	r2, r3
1000765c:	2b05      	cmp	r3, #5
1000765e:	d015      	beq.n	1000768c <cdcd_open+0x80>
10007660:	2a04      	cmp	r2, #4
10007662:	d1f6      	bne.n	10007652 <cdcd_open+0x46>
10007664:	7963      	ldrb	r3, [r4, #5]
10007666:	2b0a      	cmp	r3, #10
10007668:	d1f3      	bne.n	10007652 <cdcd_open+0x46>
1000766a:	4b10      	ldr	r3, [pc, #64]	@ (100076ac <cdcd_open+0xa0>)
1000766c:	7827      	ldrb	r7, [r4, #0]
1000766e:	9301      	str	r3, [sp, #4]
10007670:	3301      	adds	r3, #1
10007672:	9300      	str	r3, [sp, #0]
10007674:	0030      	movs	r0, r6
10007676:	2302      	movs	r3, #2
10007678:	19e1      	adds	r1, r4, r7
1000767a:	3a02      	subs	r2, #2
1000767c:	f7ff fc9e 	bl	10006fbc <usbd_open_edpt_pair>
10007680:	2800      	cmp	r0, #0
10007682:	d0cc      	beq.n	1000761e <cdcd_open+0x12>
10007684:	350e      	adds	r5, #14
10007686:	19ed      	adds	r5, r5, r7
10007688:	b2ad      	uxth	r5, r5
1000768a:	e7e2      	b.n	10007652 <cdcd_open+0x46>
1000768c:	0021      	movs	r1, r4
1000768e:	0030      	movs	r0, r6
10007690:	f7ff fce2 	bl	10007058 <usbd_edpt_open>
10007694:	2800      	cmp	r0, #0
10007696:	d0c2      	beq.n	1000761e <cdcd_open+0x12>
10007698:	78a3      	ldrb	r3, [r4, #2]
1000769a:	707b      	strb	r3, [r7, #1]
1000769c:	7823      	ldrb	r3, [r4, #0]
1000769e:	195d      	adds	r5, r3, r5
100076a0:	18e4      	adds	r4, r4, r3
100076a2:	7862      	ldrb	r2, [r4, #1]
100076a4:	b2ad      	uxth	r5, r5
100076a6:	e7db      	b.n	10007660 <cdcd_open+0x54>
100076a8:	20001510 	.word	0x20001510
100076ac:	20001512 	.word	0x20001512

100076b0 <cdcd_control_xfer_cb>:
100076b0:	b5f8      	push	{r3, r4, r5, r6, r7, lr}
100076b2:	2360      	movs	r3, #96	@ 0x60
100076b4:	0014      	movs	r4, r2
100076b6:	7812      	ldrb	r2, [r2, #0]
100076b8:	0005      	movs	r5, r0
100076ba:	4013      	ands	r3, r2
100076bc:	2000      	movs	r0, #0
100076be:	2b20      	cmp	r3, #32
100076c0:	d107      	bne.n	100076d2 <cdcd_control_xfer_cb+0x22>
100076c2:	4a30      	ldr	r2, [pc, #192]	@ (10007784 <cdcd_control_xfer_cb+0xd4>)
100076c4:	7963      	ldrb	r3, [r4, #5]
100076c6:	7927      	ldrb	r7, [r4, #4]
100076c8:	7816      	ldrb	r6, [r2, #0]
100076ca:	021b      	lsls	r3, r3, #8
100076cc:	433b      	orrs	r3, r7
100076ce:	429e      	cmp	r6, r3
100076d0:	d000      	beq.n	100076d4 <cdcd_control_xfer_cb+0x24>
100076d2:	bdf8      	pop	{r3, r4, r5, r6, r7, pc}
100076d4:	7863      	ldrb	r3, [r4, #1]
100076d6:	2b22      	cmp	r3, #34	@ 0x22
100076d8:	d01a      	beq.n	10007710 <cdcd_control_xfer_cb+0x60>
100076da:	d807      	bhi.n	100076ec <cdcd_control_xfer_cb+0x3c>
100076dc:	2b20      	cmp	r3, #32
100076de:	d034      	beq.n	1000774a <cdcd_control_xfer_cb+0x9a>
100076e0:	2b21      	cmp	r3, #33	@ 0x21
100076e2:	d1f6      	bne.n	100076d2 <cdcd_control_xfer_cb+0x22>
100076e4:	2901      	cmp	r1, #1
100076e6:	d03e      	beq.n	10007766 <cdcd_control_xfer_cb+0xb6>
100076e8:	2001      	movs	r0, #1
100076ea:	e7f2      	b.n	100076d2 <cdcd_control_xfer_cb+0x22>
100076ec:	2b23      	cmp	r3, #35	@ 0x23
100076ee:	d1f0      	bne.n	100076d2 <cdcd_control_xfer_cb+0x22>
100076f0:	2901      	cmp	r1, #1
100076f2:	d040      	beq.n	10007776 <cdcd_control_xfer_cb+0xc6>
100076f4:	2903      	cmp	r1, #3
100076f6:	d1f7      	bne.n	100076e8 <cdcd_control_xfer_cb+0x38>
100076f8:	4b23      	ldr	r3, [pc, #140]	@ (10007788 <cdcd_control_xfer_cb+0xd8>)
100076fa:	2b00      	cmp	r3, #0
100076fc:	d0f4      	beq.n	100076e8 <cdcd_control_xfer_cb+0x38>
100076fe:	78e1      	ldrb	r1, [r4, #3]
10007700:	78a3      	ldrb	r3, [r4, #2]
10007702:	0209      	lsls	r1, r1, #8
10007704:	2000      	movs	r0, #0
10007706:	4319      	orrs	r1, r3
10007708:	e000      	b.n	1000770c <cdcd_control_xfer_cb+0x5c>
1000770a:	bf00      	nop
1000770c:	2001      	movs	r0, #1
1000770e:	e7e0      	b.n	100076d2 <cdcd_control_xfer_cb+0x22>
10007710:	2901      	cmp	r1, #1
10007712:	d030      	beq.n	10007776 <cdcd_control_xfer_cb+0xc6>
10007714:	2903      	cmp	r1, #3
10007716:	d1e7      	bne.n	100076e8 <cdcd_control_xfer_cb+0x38>
10007718:	2501      	movs	r5, #1
1000771a:	002e      	movs	r6, r5
1000771c:	78a3      	ldrb	r3, [r4, #2]
1000771e:	78e4      	ldrb	r4, [r4, #3]
10007720:	3902      	subs	r1, #2
10007722:	0224      	lsls	r4, r4, #8
10007724:	431c      	orrs	r4, r3
10007726:	7114      	strb	r4, [r2, #4]
10007728:	4026      	ands	r6, r4
1000772a:	3224      	adds	r2, #36	@ 0x24
1000772c:	0010      	movs	r0, r2
1000772e:	4071      	eors	r1, r6
10007730:	f000 fe08 	bl	10008344 <tu_fifo_set_overwritable>
10007734:	4b15      	ldr	r3, [pc, #84]	@ (1000778c <cdcd_control_xfer_cb+0xdc>)
10007736:	2b00      	cmp	r3, #0
10007738:	d0d6      	beq.n	100076e8 <cdcd_control_xfer_cb+0x38>
1000773a:	0862      	lsrs	r2, r4, #1
1000773c:	2000      	movs	r0, #0
1000773e:	0031      	movs	r1, r6
10007740:	402a      	ands	r2, r5
10007742:	e000      	b.n	10007746 <cdcd_control_xfer_cb+0x96>
10007744:	bf00      	nop
10007746:	2001      	movs	r0, #1
10007748:	e7c3      	b.n	100076d2 <cdcd_control_xfer_cb+0x22>
1000774a:	2901      	cmp	r1, #1
1000774c:	d00b      	beq.n	10007766 <cdcd_control_xfer_cb+0xb6>
1000774e:	2903      	cmp	r1, #3
10007750:	d1ca      	bne.n	100076e8 <cdcd_control_xfer_cb+0x38>
10007752:	4b0f      	ldr	r3, [pc, #60]	@ (10007790 <cdcd_control_xfer_cb+0xe0>)
10007754:	2b00      	cmp	r3, #0
10007756:	d0c7      	beq.n	100076e8 <cdcd_control_xfer_cb+0x38>
10007758:	3208      	adds	r2, #8
1000775a:	2000      	movs	r0, #0
1000775c:	0011      	movs	r1, r2
1000775e:	f7fe faad 	bl	10005cbc <tud_cdc_line_coding_cb>
10007762:	2001      	movs	r0, #1
10007764:	e7b5      	b.n	100076d2 <cdcd_control_xfer_cb+0x22>
10007766:	2307      	movs	r3, #7
10007768:	0021      	movs	r1, r4
1000776a:	0028      	movs	r0, r5
1000776c:	4a09      	ldr	r2, [pc, #36]	@ (10007794 <cdcd_control_xfer_cb+0xe4>)
1000776e:	f7ff fcf1 	bl	10007154 <tud_control_xfer>
10007772:	2001      	movs	r0, #1
10007774:	e7ad      	b.n	100076d2 <cdcd_control_xfer_cb+0x22>
10007776:	0021      	movs	r1, r4
10007778:	0028      	movs	r0, r5
1000777a:	f7ff fcd5 	bl	10007128 <tud_control_status>
1000777e:	2001      	movs	r0, #1
10007780:	e7a7      	b.n	100076d2 <cdcd_control_xfer_cb+0x22>
10007782:	46c0      	nop			@ (mov r8, r8)
10007784:	20001510 	.word	0x20001510
	...
10007790:	10005cbd 	.word	0x10005cbd
10007794:	20001518 	.word	0x20001518

10007798 <cdcd_xfer_cb>:
10007798:	b5f0      	push	{r4, r5, r6, r7, lr}
1000779a:	464f      	mov	r7, r9
1000779c:	4646      	mov	r6, r8
1000779e:	46d6      	mov	lr, sl
100077a0:	b5c0      	push	{r6, r7, lr}
100077a2:	4d36      	ldr	r5, [pc, #216]	@ (1000787c <cdcd_xfer_cb+0xe4>)
100077a4:	4680      	mov	r8, r0
100077a6:	78ea      	ldrb	r2, [r5, #3]
100077a8:	000c      	movs	r4, r1
100077aa:	001f      	movs	r7, r3
100077ac:	428a      	cmp	r2, r1
100077ae:	d03c      	beq.n	1000782a <cdcd_xfer_cb+0x92>
100077b0:	78ab      	ldrb	r3, [r5, #2]
100077b2:	428b      	cmp	r3, r1
100077b4:	d010      	beq.n	100077d8 <cdcd_xfer_cb+0x40>
100077b6:	2000      	movs	r0, #0
100077b8:	bce0      	pop	{r5, r6, r7}
100077ba:	46ba      	mov	sl, r7
100077bc:	46b1      	mov	r9, r6
100077be:	46a8      	mov	r8, r5
100077c0:	bdf0      	pop	{r4, r5, r6, r7, pc}
100077c2:	4b2f      	ldr	r3, [pc, #188]	@ (10007880 <cdcd_xfer_cb+0xe8>)
100077c4:	2b00      	cmp	r3, #0
100077c6:	d004      	beq.n	100077d2 <cdcd_xfer_cb+0x3a>
100077c8:	482e      	ldr	r0, [pc, #184]	@ (10007884 <cdcd_xfer_cb+0xec>)
100077ca:	f000 fbad 	bl	10007f28 <tu_fifo_empty>
100077ce:	2800      	cmp	r0, #0
100077d0:	d051      	beq.n	10007876 <cdcd_xfer_cb+0xde>
100077d2:	2000      	movs	r0, #0
100077d4:	f7ff fda6 	bl	10007324 <_prep_out_transaction.isra.0>
100077d8:	78ab      	ldrb	r3, [r5, #2]
100077da:	42a3      	cmp	r3, r4
100077dc:	d001      	beq.n	100077e2 <cdcd_xfer_cb+0x4a>
100077de:	2001      	movs	r0, #1
100077e0:	e7ea      	b.n	100077b8 <cdcd_xfer_cb+0x20>
100077e2:	4b29      	ldr	r3, [pc, #164]	@ (10007888 <cdcd_xfer_cb+0xf0>)
100077e4:	2b00      	cmp	r3, #0
100077e6:	d002      	beq.n	100077ee <cdcd_xfer_cb+0x56>
100077e8:	2000      	movs	r0, #0
100077ea:	e000      	b.n	100077ee <cdcd_xfer_cb+0x56>
100077ec:	bf00      	nop
100077ee:	2000      	movs	r0, #0
100077f0:	f7ff fe32 	bl	10007458 <tud_cdc_n_write_flush>
100077f4:	2800      	cmp	r0, #0
100077f6:	d1f2      	bne.n	100077de <cdcd_xfer_cb+0x46>
100077f8:	4c24      	ldr	r4, [pc, #144]	@ (1000788c <cdcd_xfer_cb+0xf4>)
100077fa:	0020      	movs	r0, r4
100077fc:	f000 fb7e 	bl	10007efc <tu_fifo_count>
10007800:	2800      	cmp	r0, #0
10007802:	d1ec      	bne.n	100077de <cdcd_xfer_cb+0x46>
10007804:	2f00      	cmp	r7, #0
10007806:	d0ea      	beq.n	100077de <cdcd_xfer_cb+0x46>
10007808:	06bf      	lsls	r7, r7, #26
1000780a:	d1e8      	bne.n	100077de <cdcd_xfer_cb+0x46>
1000780c:	3c24      	subs	r4, #36	@ 0x24
1000780e:	4640      	mov	r0, r8
10007810:	78a1      	ldrb	r1, [r4, #2]
10007812:	f7ff fc3b 	bl	1000708c <usbd_edpt_claim>
10007816:	2800      	cmp	r0, #0
10007818:	d0e1      	beq.n	100077de <cdcd_xfer_cb+0x46>
1000781a:	2300      	movs	r3, #0
1000781c:	2200      	movs	r2, #0
1000781e:	4640      	mov	r0, r8
10007820:	78a1      	ldrb	r1, [r4, #2]
10007822:	f7ff fc5b 	bl	100070dc <usbd_edpt_xfer>
10007826:	2001      	movs	r0, #1
10007828:	e7c6      	b.n	100077b8 <cdcd_xfer_cb+0x20>
1000782a:	b29a      	uxth	r2, r3
1000782c:	2310      	movs	r3, #16
1000782e:	469a      	mov	sl, r3
10007830:	4e17      	ldr	r6, [pc, #92]	@ (10007890 <cdcd_xfer_cb+0xf8>)
10007832:	44aa      	add	sl, r5
10007834:	0031      	movs	r1, r6
10007836:	4650      	mov	r0, sl
10007838:	f000 fca8 	bl	1000818c <tu_fifo_write_n>
1000783c:	4b15      	ldr	r3, [pc, #84]	@ (10007894 <cdcd_xfer_cb+0xfc>)
1000783e:	2b00      	cmp	r3, #0
10007840:	d0bf      	beq.n	100077c2 <cdcd_xfer_cb+0x2a>
10007842:	796b      	ldrb	r3, [r5, #5]
10007844:	2bff      	cmp	r3, #255	@ 0xff
10007846:	d0bc      	beq.n	100077c2 <cdcd_xfer_cb+0x2a>
10007848:	2f00      	cmp	r7, #0
1000784a:	d0ba      	beq.n	100077c2 <cdcd_xfer_cb+0x2a>
1000784c:	19f2      	adds	r2, r6, r7
1000784e:	4691      	mov	r9, r2
10007850:	e003      	b.n	1000785a <cdcd_xfer_cb+0xc2>
10007852:	3601      	adds	r6, #1
10007854:	454e      	cmp	r6, r9
10007856:	d0b4      	beq.n	100077c2 <cdcd_xfer_cb+0x2a>
10007858:	796b      	ldrb	r3, [r5, #5]
1000785a:	7832      	ldrb	r2, [r6, #0]
1000785c:	429a      	cmp	r2, r3
1000785e:	d1f8      	bne.n	10007852 <cdcd_xfer_cb+0xba>
10007860:	4650      	mov	r0, sl
10007862:	f000 fb61 	bl	10007f28 <tu_fifo_empty>
10007866:	2800      	cmp	r0, #0
10007868:	d1f3      	bne.n	10007852 <cdcd_xfer_cb+0xba>
1000786a:	4653      	mov	r3, sl
1000786c:	3b10      	subs	r3, #16
1000786e:	7959      	ldrb	r1, [r3, #5]
10007870:	e000      	b.n	10007874 <cdcd_xfer_cb+0xdc>
10007872:	bf00      	nop
10007874:	e7ed      	b.n	10007852 <cdcd_xfer_cb+0xba>
10007876:	e000      	b.n	1000787a <cdcd_xfer_cb+0xe2>
10007878:	bf00      	nop
1000787a:	e7aa      	b.n	100077d2 <cdcd_xfer_cb+0x3a>
1000787c:	20001510 	.word	0x20001510
10007880:	00000000 	.word	0x00000000
10007884:	20001520 	.word	0x20001520
10007888:	00000000 	.word	0x00000000
1000788c:	20001534 	.word	0x20001534
10007890:	2000148c 	.word	0x2000148c
10007894:	00000000 	.word	0x00000000

10007898 <vendord_init>:
10007898:	2293      	movs	r2, #147	@ 0x93
1000789a:	b5f0      	push	{r4, r5, r6, r7, lr}
1000789c:	4c13      	ldr	r4, [pc, #76]	@ (100078ec <vendord_init+0x54>)
1000789e:	b085      	sub	sp, #20
100078a0:	2100      	movs	r1, #0
100078a2:	0020      	movs	r0, r4
100078a4:	0092      	lsls	r2, r2, #2
100078a6:	f7fc fadd 	bl	10003e64 <__wrap_memset>
100078aa:	0023      	movs	r3, r4
100078ac:	0020      	movs	r0, r4
100078ae:	2680      	movs	r6, #128	@ 0x80
100078b0:	2740      	movs	r7, #64	@ 0x40
100078b2:	4d0f      	ldr	r5, [pc, #60]	@ (100078f0 <vendord_init+0x58>)
100078b4:	334d      	adds	r3, #77	@ 0x4d
100078b6:	0076      	lsls	r6, r6, #1
100078b8:	33ff      	adds	r3, #255	@ 0xff
100078ba:	3029      	adds	r0, #41	@ 0x29
100078bc:	9502      	str	r5, [sp, #8]
100078be:	9300      	str	r3, [sp, #0]
100078c0:	2200      	movs	r2, #0
100078c2:	2300      	movs	r3, #0
100078c4:	2100      	movs	r1, #0
100078c6:	9703      	str	r7, [sp, #12]
100078c8:	9601      	str	r6, [sp, #4]
100078ca:	30ff      	adds	r0, #255	@ 0xff
100078cc:	f000 f9d4 	bl	10007c78 <tu_edpt_stream_init>
100078d0:	3540      	adds	r5, #64	@ 0x40
100078d2:	1d20      	adds	r0, r4, #4
100078d4:	3428      	adds	r4, #40	@ 0x28
100078d6:	2300      	movs	r3, #0
100078d8:	2201      	movs	r2, #1
100078da:	2100      	movs	r1, #0
100078dc:	9703      	str	r7, [sp, #12]
100078de:	9502      	str	r5, [sp, #8]
100078e0:	9601      	str	r6, [sp, #4]
100078e2:	9400      	str	r4, [sp, #0]
100078e4:	f000 f9c8 	bl	10007c78 <tu_edpt_stream_init>
100078e8:	b005      	add	sp, #20
100078ea:	bdf0      	pop	{r4, r5, r6, r7, pc}
100078ec:	200017dc 	.word	0x200017dc
100078f0:	2000175c 	.word	0x2000175c

100078f4 <vendord_deinit>:
100078f4:	b510      	push	{r4, lr}
100078f6:	4c05      	ldr	r4, [pc, #20]	@ (1000790c <vendord_deinit+0x18>)
100078f8:	0020      	movs	r0, r4
100078fa:	f000 f9f3 	bl	10007ce4 <tu_edpt_stream_deinit>
100078fe:	0020      	movs	r0, r4
10007900:	3825      	subs	r0, #37	@ 0x25
10007902:	38ff      	subs	r0, #255	@ 0xff
10007904:	f000 f9ee 	bl	10007ce4 <tu_edpt_stream_deinit>
10007908:	2001      	movs	r0, #1
1000790a:	bd10      	pop	{r4, pc}
1000790c:	20001904 	.word	0x20001904

10007910 <vendord_reset>:
10007910:	b570      	push	{r4, r5, r6, lr}
10007912:	4c08      	ldr	r4, [pc, #32]	@ (10007934 <vendord_reset+0x24>)
10007914:	2500      	movs	r5, #0
10007916:	0020      	movs	r0, r4
10007918:	3031      	adds	r0, #49	@ 0x31
1000791a:	30ff      	adds	r0, #255	@ 0xff
1000791c:	7025      	strb	r5, [r4, #0]
1000791e:	f000 fcf1 	bl	10008304 <tu_fifo_clear>
10007922:	0020      	movs	r0, r4
10007924:	300c      	adds	r0, #12
10007926:	f000 fced 	bl	10008304 <tu_fifo_clear>
1000792a:	232a      	movs	r3, #42	@ 0x2a
1000792c:	33ff      	adds	r3, #255	@ 0xff
1000792e:	54e5      	strb	r5, [r4, r3]
10007930:	7165      	strb	r5, [r4, #5]
10007932:	bd70      	pop	{r4, r5, r6, pc}
10007934:	200017dc 	.word	0x200017dc

10007938 <vendord_open>:
10007938:	b5f8      	push	{r3, r4, r5, r6, r7, lr}
1000793a:	4657      	mov	r7, sl
1000793c:	4645      	mov	r5, r8
1000793e:	46de      	mov	lr, fp
10007940:	464e      	mov	r6, r9
10007942:	b5e0      	push	{r5, r6, r7, lr}
10007944:	794b      	ldrb	r3, [r1, #5]
10007946:	4680      	mov	r8, r0
10007948:	000f      	movs	r7, r1
1000794a:	2bff      	cmp	r3, #255	@ 0xff
1000794c:	d15b      	bne.n	10007a06 <vendord_open+0xce>
1000794e:	4b40      	ldr	r3, [pc, #256]	@ (10007a50 <vendord_open+0x118>)
10007950:	4699      	mov	r9, r3
10007952:	232a      	movs	r3, #42	@ 0x2a
10007954:	4649      	mov	r1, r9
10007956:	33ff      	adds	r3, #255	@ 0xff
10007958:	5ccb      	ldrb	r3, [r1, r3]
1000795a:	2b00      	cmp	r3, #0
1000795c:	d153      	bne.n	10007a06 <vendord_open+0xce>
1000795e:	794e      	ldrb	r6, [r1, #5]
10007960:	2e00      	cmp	r6, #0
10007962:	d150      	bne.n	10007a06 <vendord_open+0xce>
10007964:	78bb      	ldrb	r3, [r7, #2]
10007966:	783c      	ldrb	r4, [r7, #0]
10007968:	700b      	strb	r3, [r1, #0]
1000796a:	793b      	ldrb	r3, [r7, #4]
1000796c:	193c      	adds	r4, r7, r4
1000796e:	2b00      	cmp	r3, #0
10007970:	d046      	beq.n	10007a00 <vendord_open+0xc8>
10007972:	2398      	movs	r3, #152	@ 0x98
10007974:	005b      	lsls	r3, r3, #1
10007976:	444b      	add	r3, r9
10007978:	469a      	mov	sl, r3
1000797a:	230c      	movs	r3, #12
1000797c:	444b      	add	r3, r9
1000797e:	469b      	mov	fp, r3
10007980:	18a5      	adds	r5, r4, r2
10007982:	e003      	b.n	1000798c <vendord_open+0x54>
10007984:	42ac      	cmp	r4, r5
10007986:	d23b      	bcs.n	10007a00 <vendord_open+0xc8>
10007988:	7823      	ldrb	r3, [r4, #0]
1000798a:	18e4      	adds	r4, r4, r3
1000798c:	7863      	ldrb	r3, [r4, #1]
1000798e:	2b05      	cmp	r3, #5
10007990:	d1f8      	bne.n	10007984 <vendord_open+0x4c>
10007992:	42ac      	cmp	r4, r5
10007994:	d234      	bcs.n	10007a00 <vendord_open+0xc8>
10007996:	0021      	movs	r1, r4
10007998:	4640      	mov	r0, r8
1000799a:	f7ff fb5d 	bl	10007058 <usbd_edpt_open>
1000799e:	2800      	cmp	r0, #0
100079a0:	d031      	beq.n	10007a06 <vendord_open+0xce>
100079a2:	78a3      	ldrb	r3, [r4, #2]
100079a4:	3601      	adds	r6, #1
100079a6:	b2f6      	uxtb	r6, r6
100079a8:	09db      	lsrs	r3, r3, #7
100079aa:	2b01      	cmp	r3, #1
100079ac:	d032      	beq.n	10007a14 <vendord_open+0xdc>
100079ae:	4650      	mov	r0, sl
100079b0:	f000 fca8 	bl	10008304 <tu_fifo_clear>
100079b4:	232a      	movs	r3, #42	@ 0x2a
100079b6:	4649      	mov	r1, r9
100079b8:	78a2      	ldrb	r2, [r4, #2]
100079ba:	33ff      	adds	r3, #255	@ 0xff
100079bc:	54ca      	strb	r2, [r1, r3]
100079be:	7963      	ldrb	r3, [r4, #5]
100079c0:	7922      	ldrb	r2, [r4, #4]
100079c2:	021b      	lsls	r3, r3, #8
100079c4:	4313      	orrs	r3, r2
100079c6:	4a23      	ldr	r2, [pc, #140]	@ (10007a54 <vendord_open+0x11c>)
100079c8:	055b      	lsls	r3, r3, #21
100079ca:	4694      	mov	ip, r2
100079cc:	0d5b      	lsrs	r3, r3, #21
100079ce:	2194      	movs	r1, #148	@ 0x94
100079d0:	4463      	add	r3, ip
100079d2:	425a      	negs	r2, r3
100079d4:	4153      	adcs	r3, r2
100079d6:	464a      	mov	r2, r9
100079d8:	2002      	movs	r0, #2
100079da:	0049      	lsls	r1, r1, #1
100079dc:	5c52      	ldrb	r2, [r2, r1]
100079de:	005b      	lsls	r3, r3, #1
100079e0:	4382      	bics	r2, r0
100079e2:	4313      	orrs	r3, r2
100079e4:	464a      	mov	r2, r9
100079e6:	5453      	strb	r3, [r2, r1]
100079e8:	4651      	mov	r1, sl
100079ea:	4640      	mov	r0, r8
100079ec:	3908      	subs	r1, #8
100079ee:	f000 f9e3 	bl	10007db8 <tu_edpt_stream_read_xfer>
100079f2:	2800      	cmp	r0, #0
100079f4:	d007      	beq.n	10007a06 <vendord_open+0xce>
100079f6:	7823      	ldrb	r3, [r4, #0]
100079f8:	18e4      	adds	r4, r4, r3
100079fa:	793b      	ldrb	r3, [r7, #4]
100079fc:	42b3      	cmp	r3, r6
100079fe:	d8c5      	bhi.n	1000798c <vendord_open+0x54>
10007a00:	1be0      	subs	r0, r4, r7
10007a02:	b280      	uxth	r0, r0
10007a04:	e000      	b.n	10007a08 <vendord_open+0xd0>
10007a06:	2000      	movs	r0, #0
10007a08:	bcf0      	pop	{r4, r5, r6, r7}
10007a0a:	46bb      	mov	fp, r7
10007a0c:	46b2      	mov	sl, r6
10007a0e:	46a9      	mov	r9, r5
10007a10:	46a0      	mov	r8, r4
10007a12:	bdf8      	pop	{r3, r4, r5, r6, r7, pc}
10007a14:	4658      	mov	r0, fp
10007a16:	f000 fc75 	bl	10008304 <tu_fifo_clear>
10007a1a:	465a      	mov	r2, fp
10007a1c:	78a3      	ldrb	r3, [r4, #2]
10007a1e:	3a0c      	subs	r2, #12
10007a20:	7153      	strb	r3, [r2, #5]
10007a22:	7963      	ldrb	r3, [r4, #5]
10007a24:	7921      	ldrb	r1, [r4, #4]
10007a26:	021b      	lsls	r3, r3, #8
10007a28:	430b      	orrs	r3, r1
10007a2a:	490a      	ldr	r1, [pc, #40]	@ (10007a54 <vendord_open+0x11c>)
10007a2c:	055b      	lsls	r3, r3, #21
10007a2e:	468c      	mov	ip, r1
10007a30:	0d5b      	lsrs	r3, r3, #21
10007a32:	4463      	add	r3, ip
10007a34:	4259      	negs	r1, r3
10007a36:	414b      	adcs	r3, r1
10007a38:	2002      	movs	r0, #2
10007a3a:	7911      	ldrb	r1, [r2, #4]
10007a3c:	005b      	lsls	r3, r3, #1
10007a3e:	4381      	bics	r1, r0
10007a40:	430b      	orrs	r3, r1
10007a42:	4659      	mov	r1, fp
10007a44:	2000      	movs	r0, #0
10007a46:	3908      	subs	r1, #8
10007a48:	7113      	strb	r3, [r2, #4]
10007a4a:	f000 f981 	bl	10007d50 <tu_edpt_stream_write_xfer>
10007a4e:	e7d2      	b.n	100079f6 <vendord_open+0xbe>
10007a50:	200017dc 	.word	0x200017dc
10007a54:	fffffe00 	.word	0xfffffe00

10007a58 <vendord_xfer_cb>:
10007a58:	b5f8      	push	{r3, r4, r5, r6, r7, lr}
10007a5a:	252a      	movs	r5, #42	@ 0x2a
10007a5c:	0006      	movs	r6, r0
10007a5e:	481f      	ldr	r0, [pc, #124]	@ (10007adc <vendord_xfer_cb+0x84>)
10007a60:	35ff      	adds	r5, #255	@ 0xff
10007a62:	5d45      	ldrb	r5, [r0, r5]
10007a64:	001f      	movs	r7, r3
10007a66:	428d      	cmp	r5, r1
10007a68:	d015      	beq.n	10007a96 <vendord_xfer_cb+0x3e>
10007a6a:	7943      	ldrb	r3, [r0, #5]
10007a6c:	428b      	cmp	r3, r1
10007a6e:	d001      	beq.n	10007a74 <vendord_xfer_cb+0x1c>
10007a70:	2000      	movs	r0, #0
10007a72:	bdf8      	pop	{r3, r4, r5, r6, r7, pc}
10007a74:	4b1a      	ldr	r3, [pc, #104]	@ (10007ae0 <vendord_xfer_cb+0x88>)
10007a76:	2b00      	cmp	r3, #0
10007a78:	d004      	beq.n	10007a84 <vendord_xfer_cb+0x2c>
10007a7a:	0439      	lsls	r1, r7, #16
10007a7c:	2000      	movs	r0, #0
10007a7e:	0c09      	lsrs	r1, r1, #16
10007a80:	e000      	b.n	10007a84 <vendord_xfer_cb+0x2c>
10007a82:	bf00      	nop
10007a84:	4c17      	ldr	r4, [pc, #92]	@ (10007ae4 <vendord_xfer_cb+0x8c>)
10007a86:	0030      	movs	r0, r6
10007a88:	0021      	movs	r1, r4
10007a8a:	f000 f961 	bl	10007d50 <tu_edpt_stream_write_xfer>
10007a8e:	2800      	cmp	r0, #0
10007a90:	d01d      	beq.n	10007ace <vendord_xfer_cb+0x76>
10007a92:	2001      	movs	r0, #1
10007a94:	e7ed      	b.n	10007a72 <vendord_xfer_cb+0x1a>
10007a96:	239a      	movs	r3, #154	@ 0x9a
10007a98:	005b      	lsls	r3, r3, #1
10007a9a:	5ac3      	ldrh	r3, [r0, r3]
10007a9c:	2b00      	cmp	r3, #0
10007a9e:	d10d      	bne.n	10007abc <vendord_xfer_cb+0x64>
10007aa0:	4b11      	ldr	r3, [pc, #68]	@ (10007ae8 <vendord_xfer_cb+0x90>)
10007aa2:	2b00      	cmp	r3, #0
10007aa4:	d004      	beq.n	10007ab0 <vendord_xfer_cb+0x58>
10007aa6:	2000      	movs	r0, #0
10007aa8:	4910      	ldr	r1, [pc, #64]	@ (10007aec <vendord_xfer_cb+0x94>)
10007aaa:	b2ba      	uxth	r2, r7
10007aac:	e000      	b.n	10007ab0 <vendord_xfer_cb+0x58>
10007aae:	bf00      	nop
10007ab0:	0030      	movs	r0, r6
10007ab2:	490f      	ldr	r1, [pc, #60]	@ (10007af0 <vendord_xfer_cb+0x98>)
10007ab4:	f000 f980 	bl	10007db8 <tu_edpt_stream_read_xfer>
10007ab8:	2001      	movs	r0, #1
10007aba:	e7da      	b.n	10007a72 <vendord_xfer_cb+0x1a>
10007abc:	2396      	movs	r3, #150	@ 0x96
10007abe:	005b      	lsls	r3, r3, #1
10007ac0:	58c1      	ldr	r1, [r0, r3]
10007ac2:	3031      	adds	r0, #49	@ 0x31
10007ac4:	b2ba      	uxth	r2, r7
10007ac6:	30ff      	adds	r0, #255	@ 0xff
10007ac8:	f000 fb60 	bl	1000818c <tu_fifo_write_n>
10007acc:	e7e8      	b.n	10007aa0 <vendord_xfer_cb+0x48>
10007ace:	003a      	movs	r2, r7
10007ad0:	0021      	movs	r1, r4
10007ad2:	0030      	movs	r0, r6
10007ad4:	f000 f908 	bl	10007ce8 <tu_edpt_stream_write_zlp_if_needed>
10007ad8:	2001      	movs	r0, #1
10007ada:	e7ca      	b.n	10007a72 <vendord_xfer_cb+0x1a>
10007adc:	200017dc 	.word	0x200017dc
10007ae0:	00000000 	.word	0x00000000
10007ae4:	200017e0 	.word	0x200017e0
10007ae8:	00000000 	.word	0x00000000
10007aec:	2000175c 	.word	0x2000175c
10007af0:	20001904 	.word	0x20001904

10007af4 <tusb_rhport_init>:
10007af4:	b500      	push	{lr}
10007af6:	0003      	movs	r3, r0
10007af8:	b083      	sub	sp, #12
10007afa:	2900      	cmp	r1, #0
10007afc:	d010      	beq.n	10007b20 <tusb_rhport_init+0x2c>
10007afe:	2000      	movs	r0, #0
10007b00:	2b01      	cmp	r3, #1
10007b02:	d807      	bhi.n	10007b14 <tusb_rhport_init+0x20>
10007b04:	780a      	ldrb	r2, [r1, #0]
10007b06:	2a00      	cmp	r2, #0
10007b08:	d004      	beq.n	10007b14 <tusb_rhport_init+0x20>
10007b0a:	480c      	ldr	r0, [pc, #48]	@ (10007b3c <tusb_rhport_init+0x48>)
10007b0c:	54c2      	strb	r2, [r0, r3]
10007b0e:	2001      	movs	r0, #1
10007b10:	2a01      	cmp	r2, #1
10007b12:	d001      	beq.n	10007b18 <tusb_rhport_init+0x24>
10007b14:	b003      	add	sp, #12
10007b16:	bd00      	pop	{pc}
10007b18:	0018      	movs	r0, r3
10007b1a:	f7fe fdd5 	bl	100066c8 <tud_rhport_init>
10007b1e:	e7f9      	b.n	10007b14 <tusb_rhport_init+0x20>
10007b20:	2301      	movs	r3, #1
10007b22:	466a      	mov	r2, sp
10007b24:	2000      	movs	r0, #0
10007b26:	a901      	add	r1, sp, #4
10007b28:	8093      	strh	r3, [r2, #4]
10007b2a:	f7fe fdcd 	bl	100066c8 <tud_rhport_init>
10007b2e:	2800      	cmp	r0, #0
10007b30:	d0f0      	beq.n	10007b14 <tusb_rhport_init+0x20>
10007b32:	2201      	movs	r2, #1
10007b34:	4b01      	ldr	r3, [pc, #4]	@ (10007b3c <tusb_rhport_init+0x48>)
10007b36:	701a      	strb	r2, [r3, #0]
10007b38:	e7ec      	b.n	10007b14 <tusb_rhport_init+0x20>
10007b3a:	46c0      	nop			@ (mov r8, r8)
10007b3c:	2000162c 	.word	0x2000162c

10007b40 <tu_edpt_claim>:
10007b40:	7803      	ldrb	r3, [r0, #0]
10007b42:	b570      	push	{r4, r5, r6, lr}
10007b44:	07db      	lsls	r3, r3, #31
10007b46:	0004      	movs	r4, r0
10007b48:	000e      	movs	r6, r1
10007b4a:	0fdd      	lsrs	r5, r3, #31
10007b4c:	2b00      	cmp	r3, #0
10007b4e:	d117      	bne.n	10007b80 <tu_edpt_claim+0x40>
10007b50:	7803      	ldrb	r3, [r0, #0]
10007b52:	075b      	lsls	r3, r3, #29
10007b54:	d501      	bpl.n	10007b5a <tu_edpt_claim+0x1a>
10007b56:	0028      	movs	r0, r5
10007b58:	bd70      	pop	{r4, r5, r6, pc}
10007b5a:	2101      	movs	r1, #1
10007b5c:	0030      	movs	r0, r6
10007b5e:	4249      	negs	r1, r1
10007b60:	f000 ff5e 	bl	10008a20 <__mutex_enter_timeout_ms_veneer>
10007b64:	7823      	ldrb	r3, [r4, #0]
10007b66:	07db      	lsls	r3, r3, #31
10007b68:	0fdd      	lsrs	r5, r3, #31
10007b6a:	2b00      	cmp	r3, #0
10007b6c:	d10a      	bne.n	10007b84 <tu_edpt_claim+0x44>
10007b6e:	7823      	ldrb	r3, [r4, #0]
10007b70:	075b      	lsls	r3, r3, #29
10007b72:	d408      	bmi.n	10007b86 <tu_edpt_claim+0x46>
10007b74:	2204      	movs	r2, #4
10007b76:	7823      	ldrb	r3, [r4, #0]
10007b78:	2501      	movs	r5, #1
10007b7a:	4313      	orrs	r3, r2
10007b7c:	7023      	strb	r3, [r4, #0]
10007b7e:	e002      	b.n	10007b86 <tu_edpt_claim+0x46>
10007b80:	2500      	movs	r5, #0
10007b82:	e7e8      	b.n	10007b56 <tu_edpt_claim+0x16>
10007b84:	2500      	movs	r5, #0
10007b86:	0030      	movs	r0, r6
10007b88:	f000 ff22 	bl	100089d0 <__mutex_exit_veneer>
10007b8c:	e7e3      	b.n	10007b56 <tu_edpt_claim+0x16>
10007b8e:	46c0      	nop			@ (mov r8, r8)

10007b90 <tu_edpt_release>:
10007b90:	b570      	push	{r4, r5, r6, lr}
10007b92:	000c      	movs	r4, r1
10007b94:	2101      	movs	r1, #1
10007b96:	0006      	movs	r6, r0
10007b98:	4249      	negs	r1, r1
10007b9a:	0020      	movs	r0, r4
10007b9c:	f000 ff40 	bl	10008a20 <__mutex_enter_timeout_ms_veneer>
10007ba0:	7833      	ldrb	r3, [r6, #0]
10007ba2:	075b      	lsls	r3, r3, #29
10007ba4:	0fdd      	lsrs	r5, r3, #31
10007ba6:	2b00      	cmp	r3, #0
10007ba8:	db04      	blt.n	10007bb4 <tu_edpt_release+0x24>
10007baa:	0020      	movs	r0, r4
10007bac:	f000 ff10 	bl	100089d0 <__mutex_exit_veneer>
10007bb0:	0028      	movs	r0, r5
10007bb2:	bd70      	pop	{r4, r5, r6, pc}
10007bb4:	7833      	ldrb	r3, [r6, #0]
10007bb6:	07db      	lsls	r3, r3, #31
10007bb8:	d404      	bmi.n	10007bc4 <tu_edpt_release+0x34>
10007bba:	2204      	movs	r2, #4
10007bbc:	7833      	ldrb	r3, [r6, #0]
10007bbe:	4393      	bics	r3, r2
10007bc0:	7033      	strb	r3, [r6, #0]
10007bc2:	e7f2      	b.n	10007baa <tu_edpt_release+0x1a>
10007bc4:	2500      	movs	r5, #0
10007bc6:	e7f0      	b.n	10007baa <tu_edpt_release+0x1a>

10007bc8 <tu_edpt_validate>:
10007bc8:	7943      	ldrb	r3, [r0, #5]
10007bca:	7902      	ldrb	r2, [r0, #4]
10007bcc:	021b      	lsls	r3, r3, #8
10007bce:	4313      	orrs	r3, r2
10007bd0:	78c2      	ldrb	r2, [r0, #3]
10007bd2:	055b      	lsls	r3, r3, #21
10007bd4:	0792      	lsls	r2, r2, #30
10007bd6:	0d5b      	lsrs	r3, r3, #21
10007bd8:	0f92      	lsrs	r2, r2, #30
10007bda:	2a02      	cmp	r2, #2
10007bdc:	d01d      	beq.n	10007c1a <tu_edpt_validate+0x52>
10007bde:	2a03      	cmp	r2, #3
10007be0:	d00c      	beq.n	10007bfc <tu_edpt_validate+0x34>
10007be2:	2000      	movs	r0, #0
10007be4:	2a01      	cmp	r2, #1
10007be6:	d108      	bne.n	10007bfa <tu_edpt_validate+0x32>
10007be8:	3902      	subs	r1, #2
10007bea:	424a      	negs	r2, r1
10007bec:	4151      	adcs	r1, r2
10007bee:	4a12      	ldr	r2, [pc, #72]	@ (10007c38 <tu_edpt_validate+0x70>)
10007bf0:	4694      	mov	ip, r2
10007bf2:	4461      	add	r1, ip
10007bf4:	4299      	cmp	r1, r3
10007bf6:	4140      	adcs	r0, r0
10007bf8:	b2c0      	uxtb	r0, r0
10007bfa:	4770      	bx	lr
10007bfc:	3902      	subs	r1, #2
10007bfe:	1e4a      	subs	r2, r1, #1
10007c00:	4191      	sbcs	r1, r2
10007c02:	4a0e      	ldr	r2, [pc, #56]	@ (10007c3c <tu_edpt_validate+0x74>)
10007c04:	4249      	negs	r1, r1
10007c06:	4011      	ands	r1, r2
10007c08:	2280      	movs	r2, #128	@ 0x80
10007c0a:	00d2      	lsls	r2, r2, #3
10007c0c:	4694      	mov	ip, r2
10007c0e:	2000      	movs	r0, #0
10007c10:	4461      	add	r1, ip
10007c12:	4299      	cmp	r1, r3
10007c14:	4140      	adcs	r0, r0
10007c16:	b2c0      	uxtb	r0, r0
10007c18:	e7ef      	b.n	10007bfa <tu_edpt_validate+0x32>
10007c1a:	2902      	cmp	r1, #2
10007c1c:	d005      	beq.n	10007c2a <tu_edpt_validate+0x62>
10007c1e:	2000      	movs	r0, #0
10007c20:	2240      	movs	r2, #64	@ 0x40
10007c22:	429a      	cmp	r2, r3
10007c24:	4140      	adcs	r0, r0
10007c26:	b2c0      	uxtb	r0, r0
10007c28:	e7e7      	b.n	10007bfa <tu_edpt_validate+0x32>
10007c2a:	4a05      	ldr	r2, [pc, #20]	@ (10007c40 <tu_edpt_validate+0x78>)
10007c2c:	1898      	adds	r0, r3, r2
10007c2e:	4243      	negs	r3, r0
10007c30:	4158      	adcs	r0, r3
10007c32:	b2c0      	uxtb	r0, r0
10007c34:	e7e1      	b.n	10007bfa <tu_edpt_validate+0x32>
10007c36:	46c0      	nop			@ (mov r8, r8)
10007c38:	000003ff 	.word	0x000003ff
10007c3c:	fffffc40 	.word	0xfffffc40
10007c40:	fffffe00 	.word	0xfffffe00

10007c44 <tu_edpt_bind_driver>:
10007c44:	188a      	adds	r2, r1, r2
10007c46:	b570      	push	{r4, r5, r6, lr}
10007c48:	4291      	cmp	r1, r2
10007c4a:	d207      	bcs.n	10007c5c <tu_edpt_bind_driver+0x18>
10007c4c:	267f      	movs	r6, #127	@ 0x7f
10007c4e:	784c      	ldrb	r4, [r1, #1]
10007c50:	2c05      	cmp	r4, #5
10007c52:	d004      	beq.n	10007c5e <tu_edpt_bind_driver+0x1a>
10007c54:	780c      	ldrb	r4, [r1, #0]
10007c56:	1909      	adds	r1, r1, r4
10007c58:	428a      	cmp	r2, r1
10007c5a:	d8f8      	bhi.n	10007c4e <tu_edpt_bind_driver+0xa>
10007c5c:	bd70      	pop	{r4, r5, r6, pc}
10007c5e:	0034      	movs	r4, r6
10007c60:	788d      	ldrb	r5, [r1, #2]
10007c62:	402c      	ands	r4, r5
10007c64:	0064      	lsls	r4, r4, #1
10007c66:	1904      	adds	r4, r0, r4
10007c68:	09ed      	lsrs	r5, r5, #7
10007c6a:	5563      	strb	r3, [r4, r5]
10007c6c:	780c      	ldrb	r4, [r1, #0]
10007c6e:	1909      	adds	r1, r1, r4
10007c70:	428a      	cmp	r2, r1
10007c72:	d8ec      	bhi.n	10007c4e <tu_edpt_bind_driver+0xa>
10007c74:	e7f2      	b.n	10007c5c <tu_edpt_bind_driver+0x18>
10007c76:	46c0      	nop			@ (mov r8, r8)

10007c78 <tu_edpt_stream_init>:
10007c78:	b5f0      	push	{r4, r5, r6, r7, lr}
10007c7a:	46c6      	mov	lr, r8
10007c7c:	b500      	push	{lr}
10007c7e:	b082      	sub	sp, #8
10007c80:	0015      	movs	r5, r2
10007c82:	aa08      	add	r2, sp, #32
10007c84:	ca40      	ldmia	r2!, {r6}
10007c86:	0004      	movs	r4, r0
10007c88:	8817      	ldrh	r7, [r2, #0]
10007c8a:	466a      	mov	r2, sp
10007c8c:	8d92      	ldrh	r2, [r2, #44]	@ 0x2c
10007c8e:	2001      	movs	r0, #1
10007c90:	4690      	mov	r8, r2
10007c92:	000a      	movs	r2, r1
10007c94:	7821      	ldrb	r1, [r4, #0]
10007c96:	4002      	ands	r2, r0
10007c98:	4381      	bics	r1, r0
10007c9a:	0020      	movs	r0, r4
10007c9c:	4311      	orrs	r1, r2
10007c9e:	7021      	strb	r1, [r4, #0]
10007ca0:	003a      	movs	r2, r7
10007ca2:	9300      	str	r3, [sp, #0]
10007ca4:	0031      	movs	r1, r6
10007ca6:	2301      	movs	r3, #1
10007ca8:	3008      	adds	r0, #8
10007caa:	f000 f8f1 	bl	10007e90 <tu_fifo_config>
10007cae:	2e00      	cmp	r6, #0
10007cb0:	d001      	beq.n	10007cb6 <tu_edpt_stream_init+0x3e>
10007cb2:	2f00      	cmp	r7, #0
10007cb4:	d108      	bne.n	10007cc8 <tu_edpt_stream_init+0x50>
10007cb6:	9b0a      	ldr	r3, [sp, #40]	@ 0x28
10007cb8:	2001      	movs	r0, #1
10007cba:	6063      	str	r3, [r4, #4]
10007cbc:	4643      	mov	r3, r8
10007cbe:	8063      	strh	r3, [r4, #2]
10007cc0:	b002      	add	sp, #8
10007cc2:	bc80      	pop	{r7}
10007cc4:	46b8      	mov	r8, r7
10007cc6:	bdf0      	pop	{r4, r5, r6, r7, pc}
10007cc8:	0026      	movs	r6, r4
10007cca:	361c      	adds	r6, #28
10007ccc:	0030      	movs	r0, r6
10007cce:	f7fa f981 	bl	10001fd4 <mutex_init>
10007cd2:	2300      	movs	r3, #0
10007cd4:	2d00      	cmp	r5, #0
10007cd6:	d001      	beq.n	10007cdc <tu_edpt_stream_init+0x64>
10007cd8:	0033      	movs	r3, r6
10007cda:	2600      	movs	r6, #0
10007cdc:	6163      	str	r3, [r4, #20]
10007cde:	61a6      	str	r6, [r4, #24]
10007ce0:	e7e9      	b.n	10007cb6 <tu_edpt_stream_init+0x3e>
10007ce2:	46c0      	nop			@ (mov r8, r8)

10007ce4 <tu_edpt_stream_deinit>:
10007ce4:	2001      	movs	r0, #1
10007ce6:	4770      	bx	lr

10007ce8 <tu_edpt_stream_write_zlp_if_needed>:
10007ce8:	b5f8      	push	{r3, r4, r5, r6, r7, lr}
10007cea:	2402      	movs	r4, #2
10007cec:	780b      	ldrb	r3, [r1, #0]
10007cee:	0007      	movs	r7, r0
10007cf0:	401c      	ands	r4, r3
10007cf2:	4263      	negs	r3, r4
10007cf4:	415c      	adcs	r4, r3
10007cf6:	4b14      	ldr	r3, [pc, #80]	@ (10007d48 <tu_edpt_stream_write_zlp_if_needed+0x60>)
10007cf8:	4264      	negs	r4, r4
10007cfa:	401c      	ands	r4, r3
10007cfc:	4b13      	ldr	r3, [pc, #76]	@ (10007d4c <tu_edpt_stream_write_zlp_if_needed+0x64>)
10007cfe:	0008      	movs	r0, r1
10007d00:	469c      	mov	ip, r3
10007d02:	3008      	adds	r0, #8
10007d04:	000d      	movs	r5, r1
10007d06:	0016      	movs	r6, r2
10007d08:	4464      	add	r4, ip
10007d0a:	f000 f8f7 	bl	10007efc <tu_fifo_count>
10007d0e:	2800      	cmp	r0, #0
10007d10:	d107      	bne.n	10007d22 <tu_edpt_stream_write_zlp_if_needed+0x3a>
10007d12:	2e00      	cmp	r6, #0
10007d14:	d005      	beq.n	10007d22 <tu_edpt_stream_write_zlp_if_needed+0x3a>
10007d16:	4234      	tst	r4, r6
10007d18:	d103      	bne.n	10007d22 <tu_edpt_stream_write_zlp_if_needed+0x3a>
10007d1a:	2401      	movs	r4, #1
10007d1c:	782b      	ldrb	r3, [r5, #0]
10007d1e:	421c      	tst	r4, r3
10007d20:	d001      	beq.n	10007d26 <tu_edpt_stream_write_zlp_if_needed+0x3e>
10007d22:	2000      	movs	r0, #0
10007d24:	bdf8      	pop	{r3, r4, r5, r6, r7, pc}
10007d26:	0038      	movs	r0, r7
10007d28:	7869      	ldrb	r1, [r5, #1]
10007d2a:	f7ff f9af 	bl	1000708c <usbd_edpt_claim>
10007d2e:	2800      	cmp	r0, #0
10007d30:	d0f7      	beq.n	10007d22 <tu_edpt_stream_write_zlp_if_needed+0x3a>
10007d32:	782b      	ldrb	r3, [r5, #0]
10007d34:	421c      	tst	r4, r3
10007d36:	d1f4      	bne.n	10007d22 <tu_edpt_stream_write_zlp_if_needed+0x3a>
10007d38:	2300      	movs	r3, #0
10007d3a:	2200      	movs	r2, #0
10007d3c:	0038      	movs	r0, r7
10007d3e:	7869      	ldrb	r1, [r5, #1]
10007d40:	f7ff f9cc 	bl	100070dc <usbd_edpt_xfer>
10007d44:	e7ee      	b.n	10007d24 <tu_edpt_stream_write_zlp_if_needed+0x3c>
10007d46:	46c0      	nop			@ (mov r8, r8)
10007d48:	fffffe40 	.word	0xfffffe40
10007d4c:	000001ff 	.word	0x000001ff

10007d50 <tu_edpt_stream_write_xfer>:
10007d50:	b5f8      	push	{r3, r4, r5, r6, r7, lr}
10007d52:	000d      	movs	r5, r1
10007d54:	3508      	adds	r5, #8
10007d56:	0006      	movs	r6, r0
10007d58:	0028      	movs	r0, r5
10007d5a:	000c      	movs	r4, r1
10007d5c:	f000 f8ce 	bl	10007efc <tu_fifo_count>
10007d60:	2800      	cmp	r0, #0
10007d62:	d003      	beq.n	10007d6c <tu_edpt_stream_write_xfer+0x1c>
10007d64:	2701      	movs	r7, #1
10007d66:	7823      	ldrb	r3, [r4, #0]
10007d68:	421f      	tst	r7, r3
10007d6a:	d001      	beq.n	10007d70 <tu_edpt_stream_write_xfer+0x20>
10007d6c:	2000      	movs	r0, #0
10007d6e:	bdf8      	pop	{r3, r4, r5, r6, r7, pc}
10007d70:	0030      	movs	r0, r6
10007d72:	7861      	ldrb	r1, [r4, #1]
10007d74:	f7ff f98a 	bl	1000708c <usbd_edpt_claim>
10007d78:	2800      	cmp	r0, #0
10007d7a:	d0f7      	beq.n	10007d6c <tu_edpt_stream_write_xfer+0x1c>
10007d7c:	0028      	movs	r0, r5
10007d7e:	8862      	ldrh	r2, [r4, #2]
10007d80:	6861      	ldr	r1, [r4, #4]
10007d82:	f000 f93d 	bl	10008000 <tu_fifo_read_n>
10007d86:	7823      	ldrb	r3, [r4, #0]
10007d88:	0005      	movs	r5, r0
10007d8a:	401f      	ands	r7, r3
10007d8c:	2800      	cmp	r0, #0
10007d8e:	d00b      	beq.n	10007da8 <tu_edpt_stream_write_xfer+0x58>
10007d90:	2f00      	cmp	r7, #0
10007d92:	d1eb      	bne.n	10007d6c <tu_edpt_stream_write_xfer+0x1c>
10007d94:	0003      	movs	r3, r0
10007d96:	6862      	ldr	r2, [r4, #4]
10007d98:	0030      	movs	r0, r6
10007d9a:	7861      	ldrb	r1, [r4, #1]
10007d9c:	f7ff f99e 	bl	100070dc <usbd_edpt_xfer>
10007da0:	2800      	cmp	r0, #0
10007da2:	d0e3      	beq.n	10007d6c <tu_edpt_stream_write_xfer+0x1c>
10007da4:	0028      	movs	r0, r5
10007da6:	e7e2      	b.n	10007d6e <tu_edpt_stream_write_xfer+0x1e>
10007da8:	2f00      	cmp	r7, #0
10007daa:	d1df      	bne.n	10007d6c <tu_edpt_stream_write_xfer+0x1c>
10007dac:	0030      	movs	r0, r6
10007dae:	7861      	ldrb	r1, [r4, #1]
10007db0:	f7ff f980 	bl	100070b4 <usbd_edpt_release>
10007db4:	e7da      	b.n	10007d6c <tu_edpt_stream_write_xfer+0x1c>
10007db6:	46c0      	nop			@ (mov r8, r8)

10007db8 <tu_edpt_stream_read_xfer>:
10007db8:	b5f8      	push	{r3, r4, r5, r6, r7, lr}
10007dba:	46ce      	mov	lr, r9
10007dbc:	4647      	mov	r7, r8
10007dbe:	b580      	push	{r7, lr}
10007dc0:	898a      	ldrh	r2, [r1, #12]
10007dc2:	0006      	movs	r6, r0
10007dc4:	000c      	movs	r4, r1
10007dc6:	780b      	ldrb	r3, [r1, #0]
10007dc8:	2a00      	cmp	r2, #0
10007dca:	d107      	bne.n	10007ddc <tu_edpt_stream_read_xfer+0x24>
10007dcc:	2501      	movs	r5, #1
10007dce:	421d      	tst	r5, r3
10007dd0:	d040      	beq.n	10007e54 <tu_edpt_stream_read_xfer+0x9c>
10007dd2:	2000      	movs	r0, #0
10007dd4:	bcc0      	pop	{r6, r7}
10007dd6:	46b9      	mov	r9, r7
10007dd8:	46b0      	mov	r8, r6
10007dda:	bdf8      	pop	{r3, r4, r5, r6, r7, pc}
10007ddc:	079b      	lsls	r3, r3, #30
10007dde:	d433      	bmi.n	10007e48 <tu_edpt_stream_read_xfer+0x90>
10007de0:	4b2a      	ldr	r3, [pc, #168]	@ (10007e8c <tu_edpt_stream_read_xfer+0xd4>)
10007de2:	2540      	movs	r5, #64	@ 0x40
10007de4:	4699      	mov	r9, r3
10007de6:	0027      	movs	r7, r4
10007de8:	3708      	adds	r7, #8
10007dea:	0038      	movs	r0, r7
10007dec:	f000 f8a4 	bl	10007f38 <tu_fifo_remaining>
10007df0:	4285      	cmp	r5, r0
10007df2:	d8ee      	bhi.n	10007dd2 <tu_edpt_stream_read_xfer+0x1a>
10007df4:	2201      	movs	r2, #1
10007df6:	7823      	ldrb	r3, [r4, #0]
10007df8:	4690      	mov	r8, r2
10007dfa:	421a      	tst	r2, r3
10007dfc:	d1e9      	bne.n	10007dd2 <tu_edpt_stream_read_xfer+0x1a>
10007dfe:	0030      	movs	r0, r6
10007e00:	7861      	ldrb	r1, [r4, #1]
10007e02:	f7ff f943 	bl	1000708c <usbd_edpt_claim>
10007e06:	2800      	cmp	r0, #0
10007e08:	d0e3      	beq.n	10007dd2 <tu_edpt_stream_read_xfer+0x1a>
10007e0a:	0038      	movs	r0, r7
10007e0c:	f000 f894 	bl	10007f38 <tu_fifo_remaining>
10007e10:	4642      	mov	r2, r8
10007e12:	7823      	ldrb	r3, [r4, #0]
10007e14:	401a      	ands	r2, r3
10007e16:	4285      	cmp	r5, r0
10007e18:	d831      	bhi.n	10007e7e <tu_edpt_stream_read_xfer+0xc6>
10007e1a:	2a00      	cmp	r2, #0
10007e1c:	d1d9      	bne.n	10007dd2 <tu_edpt_stream_read_xfer+0x1a>
10007e1e:	464a      	mov	r2, r9
10007e20:	8863      	ldrh	r3, [r4, #2]
10007e22:	4002      	ands	r2, r0
10007e24:	1c1d      	adds	r5, r3, #0
10007e26:	4293      	cmp	r3, r2
10007e28:	d900      	bls.n	10007e2c <tu_edpt_stream_read_xfer+0x74>
10007e2a:	1c15      	adds	r5, r2, #0
10007e2c:	b2ad      	uxth	r5, r5
10007e2e:	2200      	movs	r2, #0
10007e30:	7861      	ldrb	r1, [r4, #1]
10007e32:	2d00      	cmp	r5, #0
10007e34:	d000      	beq.n	10007e38 <tu_edpt_stream_read_xfer+0x80>
10007e36:	6862      	ldr	r2, [r4, #4]
10007e38:	002b      	movs	r3, r5
10007e3a:	0030      	movs	r0, r6
10007e3c:	f7ff f94e 	bl	100070dc <usbd_edpt_xfer>
10007e40:	2800      	cmp	r0, #0
10007e42:	d0c6      	beq.n	10007dd2 <tu_edpt_stream_read_xfer+0x1a>
10007e44:	0028      	movs	r0, r5
10007e46:	e7c5      	b.n	10007dd4 <tu_edpt_stream_read_xfer+0x1c>
10007e48:	23fe      	movs	r3, #254	@ 0xfe
10007e4a:	2580      	movs	r5, #128	@ 0x80
10007e4c:	021b      	lsls	r3, r3, #8
10007e4e:	4699      	mov	r9, r3
10007e50:	00ad      	lsls	r5, r5, #2
10007e52:	e7c8      	b.n	10007de6 <tu_edpt_stream_read_xfer+0x2e>
10007e54:	7849      	ldrb	r1, [r1, #1]
10007e56:	f7ff f919 	bl	1000708c <usbd_edpt_claim>
10007e5a:	2800      	cmp	r0, #0
10007e5c:	d0b9      	beq.n	10007dd2 <tu_edpt_stream_read_xfer+0x1a>
10007e5e:	7823      	ldrb	r3, [r4, #0]
10007e60:	421d      	tst	r5, r3
10007e62:	d1b6      	bne.n	10007dd2 <tu_edpt_stream_read_xfer+0x1a>
10007e64:	8863      	ldrh	r3, [r4, #2]
10007e66:	2200      	movs	r2, #0
10007e68:	7861      	ldrb	r1, [r4, #1]
10007e6a:	2b00      	cmp	r3, #0
10007e6c:	d000      	beq.n	10007e70 <tu_edpt_stream_read_xfer+0xb8>
10007e6e:	6862      	ldr	r2, [r4, #4]
10007e70:	0030      	movs	r0, r6
10007e72:	f7ff f933 	bl	100070dc <usbd_edpt_xfer>
10007e76:	2800      	cmp	r0, #0
10007e78:	d0ab      	beq.n	10007dd2 <tu_edpt_stream_read_xfer+0x1a>
10007e7a:	8860      	ldrh	r0, [r4, #2]
10007e7c:	e7aa      	b.n	10007dd4 <tu_edpt_stream_read_xfer+0x1c>
10007e7e:	2a00      	cmp	r2, #0
10007e80:	d1a7      	bne.n	10007dd2 <tu_edpt_stream_read_xfer+0x1a>
10007e82:	0030      	movs	r0, r6
10007e84:	7861      	ldrb	r1, [r4, #1]
10007e86:	f7ff f915 	bl	100070b4 <usbd_edpt_release>
10007e8a:	e7a2      	b.n	10007dd2 <tu_edpt_stream_read_xfer+0x1a>
10007e8c:	0000ffc0 	.word	0x0000ffc0

10007e90 <tu_fifo_config>:
10007e90:	b5f0      	push	{r4, r5, r6, r7, lr}
10007e92:	46c6      	mov	lr, r8
10007e94:	b500      	push	{lr}
10007e96:	0004      	movs	r4, r0
10007e98:	4668      	mov	r0, sp
10007e9a:	7e05      	ldrb	r5, [r0, #24]
10007e9c:	2080      	movs	r0, #128	@ 0x80
10007e9e:	4688      	mov	r8, r1
10007ea0:	0017      	movs	r7, r2
10007ea2:	001e      	movs	r6, r3
10007ea4:	0200      	lsls	r0, r0, #8
10007ea6:	4282      	cmp	r2, r0
10007ea8:	d826      	bhi.n	10007ef8 <tu_fifo_config+0x68>
10007eaa:	68e0      	ldr	r0, [r4, #12]
10007eac:	2800      	cmp	r0, #0
10007eae:	d003      	beq.n	10007eb8 <tu_fifo_config+0x28>
10007eb0:	2101      	movs	r1, #1
10007eb2:	4249      	negs	r1, r1
10007eb4:	f000 fdb4 	bl	10008a20 <__mutex_enter_timeout_ms_veneer>
10007eb8:	6920      	ldr	r0, [r4, #16]
10007eba:	2800      	cmp	r0, #0
10007ebc:	d003      	beq.n	10007ec6 <tu_fifo_config+0x36>
10007ebe:	2101      	movs	r1, #1
10007ec0:	4249      	negs	r1, r1
10007ec2:	f000 fdad 	bl	10008a20 <__mutex_enter_timeout_ms_veneer>
10007ec6:	4643      	mov	r3, r8
10007ec8:	6023      	str	r3, [r4, #0]
10007eca:	0473      	lsls	r3, r6, #17
10007ecc:	0c5b      	lsrs	r3, r3, #17
10007ece:	03ed      	lsls	r5, r5, #15
10007ed0:	431d      	orrs	r5, r3
10007ed2:	2300      	movs	r3, #0
10007ed4:	68e0      	ldr	r0, [r4, #12]
10007ed6:	8163      	strh	r3, [r4, #10]
10007ed8:	80a7      	strh	r7, [r4, #4]
10007eda:	80e5      	strh	r5, [r4, #6]
10007edc:	8123      	strh	r3, [r4, #8]
10007ede:	2800      	cmp	r0, #0
10007ee0:	d001      	beq.n	10007ee6 <tu_fifo_config+0x56>
10007ee2:	f000 fd75 	bl	100089d0 <__mutex_exit_veneer>
10007ee6:	6920      	ldr	r0, [r4, #16]
10007ee8:	2800      	cmp	r0, #0
10007eea:	d001      	beq.n	10007ef0 <tu_fifo_config+0x60>
10007eec:	f000 fd70 	bl	100089d0 <__mutex_exit_veneer>
10007ef0:	2001      	movs	r0, #1
10007ef2:	bc80      	pop	{r7}
10007ef4:	46b8      	mov	r8, r7
10007ef6:	bdf0      	pop	{r4, r5, r6, r7, pc}
10007ef8:	2000      	movs	r0, #0
10007efa:	e7fa      	b.n	10007ef2 <tu_fifo_config+0x62>

10007efc <tu_fifo_count>:
10007efc:	b510      	push	{r4, lr}
10007efe:	8904      	ldrh	r4, [r0, #8]
10007f00:	8941      	ldrh	r1, [r0, #10]
10007f02:	8882      	ldrh	r2, [r0, #4]
10007f04:	b2a3      	uxth	r3, r4
10007f06:	b288      	uxth	r0, r1
10007f08:	428c      	cmp	r4, r1
10007f0a:	d307      	bcc.n	10007f1c <tu_fifo_count+0x20>
10007f0c:	1a1b      	subs	r3, r3, r0
10007f0e:	b29b      	uxth	r3, r3
10007f10:	1c10      	adds	r0, r2, #0
10007f12:	429a      	cmp	r2, r3
10007f14:	d900      	bls.n	10007f18 <tu_fifo_count+0x1c>
10007f16:	1c18      	adds	r0, r3, #0
10007f18:	b280      	uxth	r0, r0
10007f1a:	bd10      	pop	{r4, pc}
10007f1c:	0051      	lsls	r1, r2, #1
10007f1e:	1a09      	subs	r1, r1, r0
10007f20:	185b      	adds	r3, r3, r1
10007f22:	b29b      	uxth	r3, r3
10007f24:	e7f4      	b.n	10007f10 <tu_fifo_count+0x14>
10007f26:	46c0      	nop			@ (mov r8, r8)

10007f28 <tu_fifo_empty>:
10007f28:	8903      	ldrh	r3, [r0, #8]
10007f2a:	8940      	ldrh	r0, [r0, #10]
10007f2c:	1a18      	subs	r0, r3, r0
10007f2e:	4243      	negs	r3, r0
10007f30:	4158      	adcs	r0, r3
10007f32:	b2c0      	uxtb	r0, r0
10007f34:	4770      	bx	lr
10007f36:	46c0      	nop			@ (mov r8, r8)

10007f38 <tu_fifo_remaining>:
10007f38:	b510      	push	{r4, lr}
10007f3a:	8904      	ldrh	r4, [r0, #8]
10007f3c:	8941      	ldrh	r1, [r0, #10]
10007f3e:	8882      	ldrh	r2, [r0, #4]
10007f40:	b2a3      	uxth	r3, r4
10007f42:	b288      	uxth	r0, r1
10007f44:	428c      	cmp	r4, r1
10007f46:	d307      	bcc.n	10007f58 <tu_fifo_remaining+0x20>
10007f48:	1a1b      	subs	r3, r3, r0
10007f4a:	b29b      	uxth	r3, r3
10007f4c:	2000      	movs	r0, #0
10007f4e:	429a      	cmp	r2, r3
10007f50:	d901      	bls.n	10007f56 <tu_fifo_remaining+0x1e>
10007f52:	1ad2      	subs	r2, r2, r3
10007f54:	b290      	uxth	r0, r2
10007f56:	bd10      	pop	{r4, pc}
10007f58:	0051      	lsls	r1, r2, #1
10007f5a:	1a09      	subs	r1, r1, r0
10007f5c:	185b      	adds	r3, r3, r1
10007f5e:	b29b      	uxth	r3, r3
10007f60:	e7f4      	b.n	10007f4c <tu_fifo_remaining+0x14>
10007f62:	46c0      	nop			@ (mov r8, r8)

10007f64 <tu_fifo_read>:
10007f64:	b570      	push	{r4, r5, r6, lr}
10007f66:	0004      	movs	r4, r0
10007f68:	6900      	ldr	r0, [r0, #16]
10007f6a:	000e      	movs	r6, r1
10007f6c:	2800      	cmp	r0, #0
10007f6e:	d003      	beq.n	10007f78 <tu_fifo_read+0x14>
10007f70:	2101      	movs	r1, #1
10007f72:	4249      	negs	r1, r1
10007f74:	f000 fd54 	bl	10008a20 <__mutex_enter_timeout_ms_veneer>
10007f78:	8925      	ldrh	r5, [r4, #8]
10007f7a:	8960      	ldrh	r0, [r4, #10]
10007f7c:	88a2      	ldrh	r2, [r4, #4]
10007f7e:	b2a9      	uxth	r1, r5
10007f80:	b283      	uxth	r3, r0
10007f82:	4285      	cmp	r5, r0
10007f84:	d332      	bcc.n	10007fec <tu_fifo_read+0x88>
10007f86:	1acd      	subs	r5, r1, r3
10007f88:	b2ad      	uxth	r5, r5
10007f8a:	2d00      	cmp	r5, #0
10007f8c:	d028      	beq.n	10007fe0 <tu_fifo_read+0x7c>
10007f8e:	42aa      	cmp	r2, r5
10007f90:	d208      	bcs.n	10007fa4 <tu_fifo_read+0x40>
10007f92:	4291      	cmp	r1, r2
10007f94:	d32f      	bcc.n	10007ff6 <tu_fifo_read+0x92>
10007f96:	1a89      	subs	r1, r1, r2
10007f98:	b28b      	uxth	r3, r1
10007f9a:	8163      	strh	r3, [r4, #10]
10007f9c:	429a      	cmp	r2, r3
10007f9e:	d803      	bhi.n	10007fa8 <tu_fifo_read+0x44>
10007fa0:	1a9b      	subs	r3, r3, r2
10007fa2:	b29b      	uxth	r3, r3
10007fa4:	429a      	cmp	r2, r3
10007fa6:	d9fb      	bls.n	10007fa0 <tu_fifo_read+0x3c>
10007fa8:	88e2      	ldrh	r2, [r4, #6]
10007faa:	6821      	ldr	r1, [r4, #0]
10007fac:	0452      	lsls	r2, r2, #17
10007fae:	0c52      	lsrs	r2, r2, #17
10007fb0:	4353      	muls	r3, r2
10007fb2:	0030      	movs	r0, r6
10007fb4:	18c9      	adds	r1, r1, r3
10007fb6:	f7fb ff5b 	bl	10003e70 <__wrap___aeabi_memcpy>
10007fba:	8963      	ldrh	r3, [r4, #10]
10007fbc:	2501      	movs	r5, #1
10007fbe:	1c59      	adds	r1, r3, #1
10007fc0:	b289      	uxth	r1, r1
10007fc2:	88a2      	ldrh	r2, [r4, #4]
10007fc4:	428b      	cmp	r3, r1
10007fc6:	d90d      	bls.n	10007fe4 <tu_fifo_read+0x80>
10007fc8:	2100      	movs	r1, #0
10007fca:	0052      	lsls	r2, r2, #1
10007fcc:	1a89      	subs	r1, r1, r2
10007fce:	b289      	uxth	r1, r1
10007fd0:	6920      	ldr	r0, [r4, #16]
10007fd2:	8161      	strh	r1, [r4, #10]
10007fd4:	2800      	cmp	r0, #0
10007fd6:	d001      	beq.n	10007fdc <tu_fifo_read+0x78>
10007fd8:	f000 fcfa 	bl	100089d0 <__mutex_exit_veneer>
10007fdc:	0028      	movs	r0, r5
10007fde:	bd70      	pop	{r4, r5, r6, pc}
10007fe0:	8961      	ldrh	r1, [r4, #10]
10007fe2:	b289      	uxth	r1, r1
10007fe4:	0052      	lsls	r2, r2, #1
10007fe6:	4291      	cmp	r1, r2
10007fe8:	dbf2      	blt.n	10007fd0 <tu_fifo_read+0x6c>
10007fea:	e7ef      	b.n	10007fcc <tu_fifo_read+0x68>
10007fec:	0055      	lsls	r5, r2, #1
10007fee:	1aed      	subs	r5, r5, r3
10007ff0:	194d      	adds	r5, r1, r5
10007ff2:	b2ad      	uxth	r5, r5
10007ff4:	e7c9      	b.n	10007f8a <tu_fifo_read+0x26>
10007ff6:	1889      	adds	r1, r1, r2
10007ff8:	b28b      	uxth	r3, r1
10007ffa:	8163      	strh	r3, [r4, #10]
10007ffc:	e7ce      	b.n	10007f9c <tu_fifo_read+0x38>
10007ffe:	46c0      	nop			@ (mov r8, r8)

10008000 <tu_fifo_read_n>:
10008000:	b5f0      	push	{r4, r5, r6, r7, lr}
10008002:	4646      	mov	r6, r8
10008004:	464f      	mov	r7, r9
10008006:	46d6      	mov	lr, sl
10008008:	b5c0      	push	{r6, r7, lr}
1000800a:	0006      	movs	r6, r0
1000800c:	6900      	ldr	r0, [r0, #16]
1000800e:	4689      	mov	r9, r1
10008010:	4690      	mov	r8, r2
10008012:	2800      	cmp	r0, #0
10008014:	d003      	beq.n	1000801e <tu_fifo_read_n+0x1e>
10008016:	2101      	movs	r1, #1
10008018:	4249      	negs	r1, r1
1000801a:	f000 fd01 	bl	10008a20 <__mutex_enter_timeout_ms_veneer>
1000801e:	8931      	ldrh	r1, [r6, #8]
10008020:	8972      	ldrh	r2, [r6, #10]
10008022:	88b5      	ldrh	r5, [r6, #4]
10008024:	b28b      	uxth	r3, r1
10008026:	b294      	uxth	r4, r2
10008028:	4291      	cmp	r1, r2
1000802a:	d354      	bcc.n	100080d6 <tu_fifo_read_n+0xd6>
1000802c:	1b1f      	subs	r7, r3, r4
1000802e:	b2bf      	uxth	r7, r7
10008030:	2f00      	cmp	r7, #0
10008032:	d04a      	beq.n	100080ca <tu_fifo_read_n+0xca>
10008034:	42bd      	cmp	r5, r7
10008036:	d205      	bcs.n	10008044 <tu_fifo_read_n+0x44>
10008038:	42ab      	cmp	r3, r5
1000803a:	d251      	bcs.n	100080e0 <tu_fifo_read_n+0xe0>
1000803c:	195b      	adds	r3, r3, r5
1000803e:	b29c      	uxth	r4, r3
10008040:	002f      	movs	r7, r5
10008042:	8174      	strh	r4, [r6, #10]
10008044:	4643      	mov	r3, r8
10008046:	45b8      	cmp	r8, r7
10008048:	d83d      	bhi.n	100080c6 <tu_fifo_read_n+0xc6>
1000804a:	b29f      	uxth	r7, r3
1000804c:	42a5      	cmp	r5, r4
1000804e:	d803      	bhi.n	10008058 <tu_fifo_read_n+0x58>
10008050:	1b64      	subs	r4, r4, r5
10008052:	b2a4      	uxth	r4, r4
10008054:	42a5      	cmp	r5, r4
10008056:	d9fb      	bls.n	10008050 <tu_fifo_read_n+0x50>
10008058:	88f2      	ldrh	r2, [r6, #6]
1000805a:	6831      	ldr	r1, [r6, #0]
1000805c:	0452      	lsls	r2, r2, #17
1000805e:	0c52      	lsrs	r2, r2, #17
10008060:	4690      	mov	r8, r2
10008062:	4362      	muls	r2, r4
10008064:	1b2b      	subs	r3, r5, r4
10008066:	b29b      	uxth	r3, r3
10008068:	1889      	adds	r1, r1, r2
1000806a:	4642      	mov	r2, r8
1000806c:	429f      	cmp	r7, r3
1000806e:	d925      	bls.n	100080bc <tu_fifo_read_n+0xbc>
10008070:	4353      	muls	r3, r2
10008072:	b29b      	uxth	r3, r3
10008074:	001a      	movs	r2, r3
10008076:	4648      	mov	r0, r9
10008078:	469a      	mov	sl, r3
1000807a:	f7fb fef9 	bl	10003e70 <__wrap___aeabi_memcpy>
1000807e:	4643      	mov	r3, r8
10008080:	4648      	mov	r0, r9
10008082:	1b7d      	subs	r5, r7, r5
10008084:	1964      	adds	r4, r4, r5
10008086:	435c      	muls	r4, r3
10008088:	6831      	ldr	r1, [r6, #0]
1000808a:	4450      	add	r0, sl
1000808c:	b2a2      	uxth	r2, r4
1000808e:	f7fb feef 	bl	10003e70 <__wrap___aeabi_memcpy>
10008092:	8971      	ldrh	r1, [r6, #10]
10008094:	88b5      	ldrh	r5, [r6, #4]
10008096:	19cb      	adds	r3, r1, r7
10008098:	b29b      	uxth	r3, r3
1000809a:	006a      	lsls	r2, r5, #1
1000809c:	4299      	cmp	r1, r3
1000809e:	d916      	bls.n	100080ce <tu_fifo_read_n+0xce>
100080a0:	1a9b      	subs	r3, r3, r2
100080a2:	b29b      	uxth	r3, r3
100080a4:	6930      	ldr	r0, [r6, #16]
100080a6:	8173      	strh	r3, [r6, #10]
100080a8:	2800      	cmp	r0, #0
100080aa:	d001      	beq.n	100080b0 <tu_fifo_read_n+0xb0>
100080ac:	f000 fc90 	bl	100089d0 <__mutex_exit_veneer>
100080b0:	0038      	movs	r0, r7
100080b2:	bce0      	pop	{r5, r6, r7}
100080b4:	46ba      	mov	sl, r7
100080b6:	46b1      	mov	r9, r6
100080b8:	46a8      	mov	r8, r5
100080ba:	bdf0      	pop	{r4, r5, r6, r7, pc}
100080bc:	4648      	mov	r0, r9
100080be:	437a      	muls	r2, r7
100080c0:	f7fb fed6 	bl	10003e70 <__wrap___aeabi_memcpy>
100080c4:	e7e5      	b.n	10008092 <tu_fifo_read_n+0x92>
100080c6:	1c3b      	adds	r3, r7, #0
100080c8:	e7bf      	b.n	1000804a <tu_fifo_read_n+0x4a>
100080ca:	8973      	ldrh	r3, [r6, #10]
100080cc:	b29b      	uxth	r3, r3
100080ce:	006a      	lsls	r2, r5, #1
100080d0:	4293      	cmp	r3, r2
100080d2:	dbe7      	blt.n	100080a4 <tu_fifo_read_n+0xa4>
100080d4:	e7e4      	b.n	100080a0 <tu_fifo_read_n+0xa0>
100080d6:	006f      	lsls	r7, r5, #1
100080d8:	1b3f      	subs	r7, r7, r4
100080da:	19df      	adds	r7, r3, r7
100080dc:	b2bf      	uxth	r7, r7
100080de:	e7a7      	b.n	10008030 <tu_fifo_read_n+0x30>
100080e0:	1b5b      	subs	r3, r3, r5
100080e2:	b29c      	uxth	r4, r3
100080e4:	e7ac      	b.n	10008040 <tu_fifo_read_n+0x40>
100080e6:	46c0      	nop			@ (mov r8, r8)

100080e8 <tu_fifo_write>:
100080e8:	b5f8      	push	{r3, r4, r5, r6, r7, lr}
100080ea:	0004      	movs	r4, r0
100080ec:	68c0      	ldr	r0, [r0, #12]
100080ee:	000e      	movs	r6, r1
100080f0:	2800      	cmp	r0, #0
100080f2:	d003      	beq.n	100080fc <tu_fifo_write+0x14>
100080f4:	2101      	movs	r1, #1
100080f6:	4249      	negs	r1, r1
100080f8:	f000 fc92 	bl	10008a20 <__mutex_enter_timeout_ms_veneer>
100080fc:	8925      	ldrh	r5, [r4, #8]
100080fe:	8920      	ldrh	r0, [r4, #8]
10008100:	8961      	ldrh	r1, [r4, #10]
10008102:	88a2      	ldrh	r2, [r4, #4]
10008104:	b2ad      	uxth	r5, r5
10008106:	b283      	uxth	r3, r0
10008108:	b28f      	uxth	r7, r1
1000810a:	4288      	cmp	r0, r1
1000810c:	d329      	bcc.n	10008162 <tu_fifo_write+0x7a>
1000810e:	1bdb      	subs	r3, r3, r7
10008110:	b29b      	uxth	r3, r3
10008112:	429a      	cmp	r2, r3
10008114:	d809      	bhi.n	1000812a <tu_fifo_write+0x42>
10008116:	79e7      	ldrb	r7, [r4, #7]
10008118:	09ff      	lsrs	r7, r7, #7
1000811a:	d106      	bne.n	1000812a <tu_fifo_write+0x42>
1000811c:	68e0      	ldr	r0, [r4, #12]
1000811e:	2800      	cmp	r0, #0
10008120:	d001      	beq.n	10008126 <tu_fifo_write+0x3e>
10008122:	f000 fc55 	bl	100089d0 <__mutex_exit_veneer>
10008126:	0038      	movs	r0, r7
10008128:	bdf8      	pop	{r3, r4, r5, r6, r7, pc}
1000812a:	002b      	movs	r3, r5
1000812c:	4295      	cmp	r5, r2
1000812e:	d31d      	bcc.n	1000816c <tu_fifo_write+0x84>
10008130:	1a9b      	subs	r3, r3, r2
10008132:	b29b      	uxth	r3, r3
10008134:	4293      	cmp	r3, r2
10008136:	d2fb      	bcs.n	10008130 <tu_fifo_write+0x48>
10008138:	88e2      	ldrh	r2, [r4, #6]
1000813a:	6820      	ldr	r0, [r4, #0]
1000813c:	0452      	lsls	r2, r2, #17
1000813e:	0c52      	lsrs	r2, r2, #17
10008140:	4353      	muls	r3, r2
10008142:	0031      	movs	r1, r6
10008144:	18c0      	adds	r0, r0, r3
10008146:	f7fb fe93 	bl	10003e70 <__wrap___aeabi_memcpy>
1000814a:	1c6b      	adds	r3, r5, #1
1000814c:	b29b      	uxth	r3, r3
1000814e:	88a2      	ldrh	r2, [r4, #4]
10008150:	429d      	cmp	r5, r3
10008152:	d917      	bls.n	10008184 <tu_fifo_write+0x9c>
10008154:	2300      	movs	r3, #0
10008156:	0052      	lsls	r2, r2, #1
10008158:	1a9b      	subs	r3, r3, r2
1000815a:	b29b      	uxth	r3, r3
1000815c:	2701      	movs	r7, #1
1000815e:	8123      	strh	r3, [r4, #8]
10008160:	e7dc      	b.n	1000811c <tu_fifo_write+0x34>
10008162:	0051      	lsls	r1, r2, #1
10008164:	1bc9      	subs	r1, r1, r7
10008166:	185b      	adds	r3, r3, r1
10008168:	b29b      	uxth	r3, r3
1000816a:	e7d2      	b.n	10008112 <tu_fifo_write+0x2a>
1000816c:	88e2      	ldrh	r2, [r4, #6]
1000816e:	6820      	ldr	r0, [r4, #0]
10008170:	0452      	lsls	r2, r2, #17
10008172:	0c52      	lsrs	r2, r2, #17
10008174:	4353      	muls	r3, r2
10008176:	0031      	movs	r1, r6
10008178:	18c0      	adds	r0, r0, r3
1000817a:	f7fb fe79 	bl	10003e70 <__wrap___aeabi_memcpy>
1000817e:	3501      	adds	r5, #1
10008180:	88a2      	ldrh	r2, [r4, #4]
10008182:	b2ab      	uxth	r3, r5
10008184:	0052      	lsls	r2, r2, #1
10008186:	4293      	cmp	r3, r2
10008188:	dbe8      	blt.n	1000815c <tu_fifo_write+0x74>
1000818a:	e7e5      	b.n	10008158 <tu_fifo_write+0x70>

1000818c <tu_fifo_write_n>:
1000818c:	b5f0      	push	{r4, r5, r6, r7, lr}
1000818e:	464e      	mov	r6, r9
10008190:	4657      	mov	r7, sl
10008192:	46de      	mov	lr, fp
10008194:	4645      	mov	r5, r8
10008196:	b5e0      	push	{r5, r6, r7, lr}
10008198:	4689      	mov	r9, r1
1000819a:	0006      	movs	r6, r0
1000819c:	0017      	movs	r7, r2
1000819e:	b083      	sub	sp, #12
100081a0:	2a00      	cmp	r2, #0
100081a2:	d067      	beq.n	10008274 <tu_fifo_write_n+0xe8>
100081a4:	68c0      	ldr	r0, [r0, #12]
100081a6:	2800      	cmp	r0, #0
100081a8:	d003      	beq.n	100081b2 <tu_fifo_write_n+0x26>
100081aa:	2101      	movs	r1, #1
100081ac:	4249      	negs	r1, r1
100081ae:	f000 fc37 	bl	10008a20 <__mutex_enter_timeout_ms_veneer>
100081b2:	8933      	ldrh	r3, [r6, #8]
100081b4:	79f2      	ldrb	r2, [r6, #7]
100081b6:	b29b      	uxth	r3, r3
100081b8:	4698      	mov	r8, r3
100081ba:	8973      	ldrh	r3, [r6, #10]
100081bc:	88b5      	ldrh	r5, [r6, #4]
100081be:	b29b      	uxth	r3, r3
100081c0:	09d2      	lsrs	r2, r2, #7
100081c2:	d140      	bne.n	10008246 <tu_fifo_write_n+0xba>
100081c4:	4598      	cmp	r8, r3
100081c6:	d25e      	bcs.n	10008286 <tu_fifo_write_n+0xfa>
100081c8:	006a      	lsls	r2, r5, #1
100081ca:	1ad3      	subs	r3, r2, r3
100081cc:	4443      	add	r3, r8
100081ce:	b29b      	uxth	r3, r3
100081d0:	42ab      	cmp	r3, r5
100081d2:	d25d      	bcs.n	10008290 <tu_fifo_write_n+0x104>
100081d4:	1aeb      	subs	r3, r5, r3
100081d6:	1c1a      	adds	r2, r3, #0
100081d8:	b29b      	uxth	r3, r3
100081da:	42bb      	cmp	r3, r7
100081dc:	d900      	bls.n	100081e0 <tu_fifo_write_n+0x54>
100081de:	1c3a      	adds	r2, r7, #0
100081e0:	b297      	uxth	r7, r2
100081e2:	1b7b      	subs	r3, r7, r5
100081e4:	b29b      	uxth	r3, r3
100081e6:	9301      	str	r3, [sp, #4]
100081e8:	88f3      	ldrh	r3, [r6, #6]
100081ea:	045b      	lsls	r3, r3, #17
100081ec:	0c5b      	lsrs	r3, r3, #17
100081ee:	469a      	mov	sl, r3
100081f0:	4643      	mov	r3, r8
100081f2:	19db      	adds	r3, r3, r7
100081f4:	b29b      	uxth	r3, r3
100081f6:	469b      	mov	fp, r3
100081f8:	4644      	mov	r4, r8
100081fa:	45a8      	cmp	r8, r5
100081fc:	d303      	bcc.n	10008206 <tu_fifo_write_n+0x7a>
100081fe:	1b64      	subs	r4, r4, r5
10008200:	b2a4      	uxth	r4, r4
10008202:	42ac      	cmp	r4, r5
10008204:	d2fb      	bcs.n	100081fe <tu_fifo_write_n+0x72>
10008206:	4653      	mov	r3, sl
10008208:	4363      	muls	r3, r4
1000820a:	6830      	ldr	r0, [r6, #0]
1000820c:	1b2d      	subs	r5, r5, r4
1000820e:	b2ad      	uxth	r5, r5
10008210:	18c0      	adds	r0, r0, r3
10008212:	42bd      	cmp	r5, r7
10008214:	d34b      	bcc.n	100082ae <tu_fifo_write_n+0x122>
10008216:	4652      	mov	r2, sl
10008218:	4649      	mov	r1, r9
1000821a:	437a      	muls	r2, r7
1000821c:	f7fb fe28 	bl	10003e70 <__wrap___aeabi_memcpy>
10008220:	88b3      	ldrh	r3, [r6, #4]
10008222:	005b      	lsls	r3, r3, #1
10008224:	45d8      	cmp	r8, fp
10008226:	d801      	bhi.n	1000822c <tu_fifo_write_n+0xa0>
10008228:	459b      	cmp	fp, r3
1000822a:	db03      	blt.n	10008234 <tu_fifo_write_n+0xa8>
1000822c:	465a      	mov	r2, fp
1000822e:	1ad3      	subs	r3, r2, r3
10008230:	b29b      	uxth	r3, r3
10008232:	469b      	mov	fp, r3
10008234:	465b      	mov	r3, fp
10008236:	003d      	movs	r5, r7
10008238:	8133      	strh	r3, [r6, #8]
1000823a:	68f0      	ldr	r0, [r6, #12]
1000823c:	2800      	cmp	r0, #0
1000823e:	d01a      	beq.n	10008276 <tu_fifo_write_n+0xea>
10008240:	f000 fbc6 	bl	100089d0 <__mutex_exit_veneer>
10008244:	e017      	b.n	10008276 <tu_fifo_write_n+0xea>
10008246:	88f2      	ldrh	r2, [r6, #6]
10008248:	0452      	lsls	r2, r2, #17
1000824a:	0c52      	lsrs	r2, r2, #17
1000824c:	4692      	mov	sl, r2
1000824e:	42af      	cmp	r7, r5
10008250:	d220      	bcs.n	10008294 <tu_fifo_write_n+0x108>
10008252:	4598      	cmp	r8, r3
10008254:	d34d      	bcc.n	100082f2 <tu_fifo_write_n+0x166>
10008256:	4642      	mov	r2, r8
10008258:	1ad2      	subs	r2, r2, r3
1000825a:	b292      	uxth	r2, r2
1000825c:	0069      	lsls	r1, r5, #1
1000825e:	1b78      	subs	r0, r7, r5
10008260:	b280      	uxth	r0, r0
10008262:	19d2      	adds	r2, r2, r7
10008264:	9001      	str	r0, [sp, #4]
10008266:	428a      	cmp	r2, r1
10008268:	da33      	bge.n	100082d2 <tu_fifo_write_n+0x146>
1000826a:	4643      	mov	r3, r8
1000826c:	18fb      	adds	r3, r7, r3
1000826e:	b29b      	uxth	r3, r3
10008270:	469b      	mov	fp, r3
10008272:	e7c1      	b.n	100081f8 <tu_fifo_write_n+0x6c>
10008274:	2500      	movs	r5, #0
10008276:	0028      	movs	r0, r5
10008278:	b003      	add	sp, #12
1000827a:	bcf0      	pop	{r4, r5, r6, r7}
1000827c:	46bb      	mov	fp, r7
1000827e:	46b2      	mov	sl, r6
10008280:	46a9      	mov	r9, r5
10008282:	46a0      	mov	r8, r4
10008284:	bdf0      	pop	{r4, r5, r6, r7, pc}
10008286:	4642      	mov	r2, r8
10008288:	1ad3      	subs	r3, r2, r3
1000828a:	b29b      	uxth	r3, r3
1000828c:	42ab      	cmp	r3, r5
1000828e:	d3a1      	bcc.n	100081d4 <tu_fifo_write_n+0x48>
10008290:	2500      	movs	r5, #0
10008292:	e7d2      	b.n	1000823a <tu_fifo_write_n+0xae>
10008294:	2d00      	cmp	r5, #0
10008296:	d0d0      	beq.n	1000823a <tu_fifo_write_n+0xae>
10008298:	1b7f      	subs	r7, r7, r5
1000829a:	4357      	muls	r7, r2
1000829c:	4698      	mov	r8, r3
1000829e:	195a      	adds	r2, r3, r5
100082a0:	2300      	movs	r3, #0
100082a2:	b292      	uxth	r2, r2
100082a4:	44b9      	add	r9, r7
100082a6:	4693      	mov	fp, r2
100082a8:	002f      	movs	r7, r5
100082aa:	9301      	str	r3, [sp, #4]
100082ac:	e7a4      	b.n	100081f8 <tu_fifo_write_n+0x6c>
100082ae:	4653      	mov	r3, sl
100082b0:	435d      	muls	r5, r3
100082b2:	b2ad      	uxth	r5, r5
100082b4:	002a      	movs	r2, r5
100082b6:	4649      	mov	r1, r9
100082b8:	f7fb fdda 	bl	10003e70 <__wrap___aeabi_memcpy>
100082bc:	9b01      	ldr	r3, [sp, #4]
100082be:	0029      	movs	r1, r5
100082c0:	18e2      	adds	r2, r4, r3
100082c2:	4653      	mov	r3, sl
100082c4:	435a      	muls	r2, r3
100082c6:	6830      	ldr	r0, [r6, #0]
100082c8:	b292      	uxth	r2, r2
100082ca:	4449      	add	r1, r9
100082cc:	f7fb fdd0 	bl	10003e70 <__wrap___aeabi_memcpy>
100082d0:	e7a6      	b.n	10008220 <tu_fifo_write_n+0x94>
100082d2:	195a      	adds	r2, r3, r5
100082d4:	b292      	uxth	r2, r2
100082d6:	4693      	mov	fp, r2
100082d8:	1bd2      	subs	r2, r2, r7
100082da:	b292      	uxth	r2, r2
100082dc:	4690      	mov	r8, r2
100082de:	4293      	cmp	r3, r2
100082e0:	d90c      	bls.n	100082fc <tu_fifo_write_n+0x170>
100082e2:	4643      	mov	r3, r8
100082e4:	1a59      	subs	r1, r3, r1
100082e6:	b28b      	uxth	r3, r1
100082e8:	4698      	mov	r8, r3
100082ea:	18fb      	adds	r3, r7, r3
100082ec:	b29b      	uxth	r3, r3
100082ee:	469b      	mov	fp, r3
100082f0:	e782      	b.n	100081f8 <tu_fifo_write_n+0x6c>
100082f2:	0069      	lsls	r1, r5, #1
100082f4:	1aca      	subs	r2, r1, r3
100082f6:	4442      	add	r2, r8
100082f8:	b292      	uxth	r2, r2
100082fa:	e7b0      	b.n	1000825e <tu_fifo_write_n+0xd2>
100082fc:	4291      	cmp	r1, r2
100082fe:	dd00      	ble.n	10008302 <tu_fifo_write_n+0x176>
10008300:	e77a      	b.n	100081f8 <tu_fifo_write_n+0x6c>
10008302:	e7ee      	b.n	100082e2 <tu_fifo_write_n+0x156>

10008304 <tu_fifo_clear>:
10008304:	b510      	push	{r4, lr}
10008306:	0004      	movs	r4, r0
10008308:	68c0      	ldr	r0, [r0, #12]
1000830a:	2800      	cmp	r0, #0
1000830c:	d003      	beq.n	10008316 <tu_fifo_clear+0x12>
1000830e:	2101      	movs	r1, #1
10008310:	4249      	negs	r1, r1
10008312:	f000 fb85 	bl	10008a20 <__mutex_enter_timeout_ms_veneer>
10008316:	6920      	ldr	r0, [r4, #16]
10008318:	2800      	cmp	r0, #0
1000831a:	d003      	beq.n	10008324 <tu_fifo_clear+0x20>
1000831c:	2101      	movs	r1, #1
1000831e:	4249      	negs	r1, r1
10008320:	f000 fb7e 	bl	10008a20 <__mutex_enter_timeout_ms_veneer>
10008324:	2300      	movs	r3, #0
10008326:	68e0      	ldr	r0, [r4, #12]
10008328:	8163      	strh	r3, [r4, #10]
1000832a:	8123      	strh	r3, [r4, #8]
1000832c:	2800      	cmp	r0, #0
1000832e:	d001      	beq.n	10008334 <tu_fifo_clear+0x30>
10008330:	f000 fb4e 	bl	100089d0 <__mutex_exit_veneer>
10008334:	6920      	ldr	r0, [r4, #16]
10008336:	2800      	cmp	r0, #0
10008338:	d001      	beq.n	1000833e <tu_fifo_clear+0x3a>
1000833a:	f000 fb49 	bl	100089d0 <__mutex_exit_veneer>
1000833e:	2001      	movs	r0, #1
10008340:	bd10      	pop	{r4, pc}
10008342:	46c0      	nop			@ (mov r8, r8)

10008344 <tu_fifo_set_overwritable>:
10008344:	b570      	push	{r4, r5, r6, lr}
10008346:	0004      	movs	r4, r0
10008348:	68c0      	ldr	r0, [r0, #12]
1000834a:	000d      	movs	r5, r1
1000834c:	2800      	cmp	r0, #0
1000834e:	d003      	beq.n	10008358 <tu_fifo_set_overwritable+0x14>
10008350:	2101      	movs	r1, #1
10008352:	4249      	negs	r1, r1
10008354:	f000 fb64 	bl	10008a20 <__mutex_enter_timeout_ms_veneer>
10008358:	6920      	ldr	r0, [r4, #16]
1000835a:	2800      	cmp	r0, #0
1000835c:	d003      	beq.n	10008366 <tu_fifo_set_overwritable+0x22>
1000835e:	2101      	movs	r1, #1
10008360:	4249      	negs	r1, r1
10008362:	f000 fb5d 	bl	10008a20 <__mutex_enter_timeout_ms_veneer>
10008366:	217f      	movs	r1, #127	@ 0x7f
10008368:	79e3      	ldrb	r3, [r4, #7]
1000836a:	01ed      	lsls	r5, r5, #7
1000836c:	4019      	ands	r1, r3
1000836e:	68e0      	ldr	r0, [r4, #12]
10008370:	4329      	orrs	r1, r5
10008372:	71e1      	strb	r1, [r4, #7]
10008374:	2800      	cmp	r0, #0
10008376:	d001      	beq.n	1000837c <tu_fifo_set_overwritable+0x38>
10008378:	f000 fb2a 	bl	100089d0 <__mutex_exit_veneer>
1000837c:	6920      	ldr	r0, [r4, #16]
1000837e:	2800      	cmp	r0, #0
10008380:	d001      	beq.n	10008386 <tu_fifo_set_overwritable+0x42>
10008382:	f000 fb25 	bl	100089d0 <__mutex_exit_veneer>
10008386:	2001      	movs	r0, #1
10008388:	bd70      	pop	{r4, r5, r6, pc}
1000838a:	46c0      	nop			@ (mov r8, r8)

1000838c <pio_claim_unused_sm>:
1000838c:	b510      	push	{r4, lr}
1000838e:	4b0a      	ldr	r3, [pc, #40]	@ (100083b8 <pio_claim_unused_sm+0x2c>)
10008390:	4a0a      	ldr	r2, [pc, #40]	@ (100083bc <pio_claim_unused_sm+0x30>)
10008392:	18c4      	adds	r4, r0, r3
10008394:	0d24      	lsrs	r4, r4, #20
10008396:	00a4      	lsls	r4, r4, #2
10008398:	b082      	sub	sp, #8
1000839a:	9200      	str	r2, [sp, #0]
1000839c:	4808      	ldr	r0, [pc, #32]	@ (100083c0 <pio_claim_unused_sm+0x34>)
1000839e:	0022      	movs	r2, r4
100083a0:	1ce3      	adds	r3, r4, #3
100083a2:	f7f9 faaf 	bl	10001904 <hw_claim_unused_from_range>
100083a6:	4284      	cmp	r4, r0
100083a8:	dc02      	bgt.n	100083b0 <pio_claim_unused_sm+0x24>
100083aa:	1b00      	subs	r0, r0, r4
100083ac:	b002      	add	sp, #8
100083ae:	bd10      	pop	{r4, pc}
100083b0:	2001      	movs	r0, #1
100083b2:	4240      	negs	r0, r0
100083b4:	e7fa      	b.n	100083ac <pio_claim_unused_sm+0x20>
100083b6:	46c0      	nop			@ (mov r8, r8)
100083b8:	afe00000 	.word	0xafe00000
100083bc:	100090d0 	.word	0x100090d0
100083c0:	20001b40 	.word	0x20001b40

100083c4 <pio_can_add_program>:
100083c4:	b570      	push	{r4, r5, r6, lr}
100083c6:	000d      	movs	r5, r1
100083c8:	0004      	movs	r4, r0
100083ca:	f7f9 fa63 	bl	10001894 <hw_claim_lock>
100083ce:	4a1a      	ldr	r2, [pc, #104]	@ (10008438 <pio_can_add_program+0x74>)
100083d0:	4b1a      	ldr	r3, [pc, #104]	@ (1000843c <pio_can_add_program+0x78>)
100083d2:	4694      	mov	ip, r2
100083d4:	2201      	movs	r2, #1
100083d6:	4464      	add	r4, ip
100083d8:	0d24      	lsrs	r4, r4, #20
100083da:	00a4      	lsls	r4, r4, #2
100083dc:	58e6      	ldr	r6, [r4, r3]
100083de:	2105      	movs	r1, #5
100083e0:	792c      	ldrb	r4, [r5, #4]
100083e2:	2320      	movs	r3, #32
100083e4:	40a2      	lsls	r2, r4
100083e6:	5669      	ldrsb	r1, [r5, r1]
100083e8:	3a01      	subs	r2, #1
100083ea:	1b1b      	subs	r3, r3, r4
100083ec:	2900      	cmp	r1, #0
100083ee:	db13      	blt.n	10008418 <pio_can_add_program+0x54>
100083f0:	2400      	movs	r4, #0
100083f2:	428b      	cmp	r3, r1
100083f4:	db0c      	blt.n	10008410 <pio_can_add_program+0x4c>
100083f6:	0013      	movs	r3, r2
100083f8:	408b      	lsls	r3, r1
100083fa:	421e      	tst	r6, r3
100083fc:	d108      	bne.n	10008410 <pio_can_add_program+0x4c>
100083fe:	79ab      	ldrb	r3, [r5, #6]
10008400:	2b00      	cmp	r3, #0
10008402:	d105      	bne.n	10008410 <pio_can_add_program+0x4c>
10008404:	408a      	lsls	r2, r1
10008406:	0014      	movs	r4, r2
10008408:	4034      	ands	r4, r6
1000840a:	4263      	negs	r3, r4
1000840c:	415c      	adcs	r4, r3
1000840e:	b2e4      	uxtb	r4, r4
10008410:	f7f9 fa4c 	bl	100018ac <hw_claim_unlock>
10008414:	0020      	movs	r0, r4
10008416:	bd70      	pop	{r4, r5, r6, pc}
10008418:	2b00      	cmp	r3, #0
1000841a:	da02      	bge.n	10008422 <pio_can_add_program+0x5e>
1000841c:	e009      	b.n	10008432 <pio_can_add_program+0x6e>
1000841e:	3b01      	subs	r3, #1
10008420:	d307      	bcc.n	10008432 <pio_can_add_program+0x6e>
10008422:	0014      	movs	r4, r2
10008424:	409c      	lsls	r4, r3
10008426:	0019      	movs	r1, r3
10008428:	4226      	tst	r6, r4
1000842a:	d1f8      	bne.n	1000841e <pio_can_add_program+0x5a>
1000842c:	79ab      	ldrb	r3, [r5, #6]
1000842e:	2b00      	cmp	r3, #0
10008430:	d0e8      	beq.n	10008404 <pio_can_add_program+0x40>
10008432:	2400      	movs	r4, #0
10008434:	e7ec      	b.n	10008410 <pio_can_add_program+0x4c>
10008436:	46c0      	nop			@ (mov r8, r8)
10008438:	afe00000 	.word	0xafe00000
1000843c:	20001754 	.word	0x20001754

10008440 <pio_add_program>:
10008440:	b5f0      	push	{r4, r5, r6, r7, lr}
10008442:	4657      	mov	r7, sl
10008444:	4645      	mov	r5, r8
10008446:	46de      	mov	lr, fp
10008448:	464e      	mov	r6, r9
1000844a:	4688      	mov	r8, r1
1000844c:	b5e0      	push	{r5, r6, r7, lr}
1000844e:	b083      	sub	sp, #12
10008450:	0006      	movs	r6, r0
10008452:	2505      	movs	r5, #5
10008454:	f7f9 fa1e 	bl	10001894 <hw_claim_lock>
10008458:	4643      	mov	r3, r8
1000845a:	4684      	mov	ip, r0
1000845c:	575d      	ldrsb	r5, [r3, r5]
1000845e:	7918      	ldrb	r0, [r3, #4]
10008460:	4b33      	ldr	r3, [pc, #204]	@ (10008530 <pio_add_program+0xf0>)
10008462:	4a34      	ldr	r2, [pc, #208]	@ (10008534 <pio_add_program+0xf4>)
10008464:	18f3      	adds	r3, r6, r3
10008466:	0d1b      	lsrs	r3, r3, #20
10008468:	009b      	lsls	r3, r3, #2
1000846a:	4692      	mov	sl, r2
1000846c:	58d7      	ldr	r7, [r2, r3]
1000846e:	2201      	movs	r2, #1
10008470:	2420      	movs	r4, #32
10008472:	4082      	lsls	r2, r0
10008474:	1a24      	subs	r4, r4, r0
10008476:	3a01      	subs	r2, #1
10008478:	2d00      	cmp	r5, #0
1000847a:	db41      	blt.n	10008500 <pio_add_program+0xc0>
1000847c:	42a5      	cmp	r5, r4
1000847e:	dc32      	bgt.n	100084e6 <pio_add_program+0xa6>
10008480:	0011      	movs	r1, r2
10008482:	40a9      	lsls	r1, r5
10008484:	420f      	tst	r7, r1
10008486:	d12e      	bne.n	100084e6 <pio_add_program+0xa6>
10008488:	4641      	mov	r1, r8
1000848a:	6809      	ldr	r1, [r1, #0]
1000848c:	4689      	mov	r9, r1
1000848e:	4641      	mov	r1, r8
10008490:	7989      	ldrb	r1, [r1, #6]
10008492:	2900      	cmp	r1, #0
10008494:	d145      	bne.n	10008522 <pio_add_program+0xe2>
10008496:	002c      	movs	r4, r5
10008498:	40aa      	lsls	r2, r5
1000849a:	4693      	mov	fp, r2
1000849c:	4659      	mov	r1, fp
1000849e:	403a      	ands	r2, r7
100084a0:	4239      	tst	r1, r7
100084a2:	d141      	bne.n	10008528 <pio_add_program+0xe8>
100084a4:	2180      	movs	r1, #128	@ 0x80
100084a6:	0189      	lsls	r1, r1, #6
100084a8:	4688      	mov	r8, r1
100084aa:	2800      	cmp	r0, #0
100084ac:	d016      	beq.n	100084dc <pio_add_program+0x9c>
100084ae:	4661      	mov	r1, ip
100084b0:	46a4      	mov	ip, r4
100084b2:	0034      	movs	r4, r6
100084b4:	464e      	mov	r6, r9
100084b6:	4699      	mov	r9, r3
100084b8:	0003      	movs	r3, r0
100084ba:	9101      	str	r1, [sp, #4]
100084bc:	0051      	lsls	r1, r2, #1
100084be:	5a70      	ldrh	r0, [r6, r1]
100084c0:	4540      	cmp	r0, r8
100084c2:	d200      	bcs.n	100084c6 <pio_add_program+0x86>
100084c4:	1940      	adds	r0, r0, r5
100084c6:	18a9      	adds	r1, r5, r2
100084c8:	3112      	adds	r1, #18
100084ca:	0089      	lsls	r1, r1, #2
100084cc:	3201      	adds	r2, #1
100084ce:	5108      	str	r0, [r1, r4]
100084d0:	429a      	cmp	r2, r3
100084d2:	d3f3      	bcc.n	100084bc <pio_add_program+0x7c>
100084d4:	9b01      	ldr	r3, [sp, #4]
100084d6:	4664      	mov	r4, ip
100084d8:	469c      	mov	ip, r3
100084da:	464b      	mov	r3, r9
100084dc:	465a      	mov	r2, fp
100084de:	4317      	orrs	r7, r2
100084e0:	4652      	mov	r2, sl
100084e2:	50d7      	str	r7, [r2, r3]
100084e4:	e001      	b.n	100084ea <pio_add_program+0xaa>
100084e6:	2401      	movs	r4, #1
100084e8:	4264      	negs	r4, r4
100084ea:	4660      	mov	r0, ip
100084ec:	f7f9 f9de 	bl	100018ac <hw_claim_unlock>
100084f0:	0020      	movs	r0, r4
100084f2:	b003      	add	sp, #12
100084f4:	bcf0      	pop	{r4, r5, r6, r7}
100084f6:	46bb      	mov	fp, r7
100084f8:	46b2      	mov	sl, r6
100084fa:	46a9      	mov	r9, r5
100084fc:	46a0      	mov	r8, r4
100084fe:	bdf0      	pop	{r4, r5, r6, r7, pc}
10008500:	2c00      	cmp	r4, #0
10008502:	da02      	bge.n	1000850a <pio_add_program+0xca>
10008504:	e010      	b.n	10008528 <pio_add_program+0xe8>
10008506:	3c01      	subs	r4, #1
10008508:	d30e      	bcc.n	10008528 <pio_add_program+0xe8>
1000850a:	0011      	movs	r1, r2
1000850c:	40a1      	lsls	r1, r4
1000850e:	0025      	movs	r5, r4
10008510:	420f      	tst	r7, r1
10008512:	d1f8      	bne.n	10008506 <pio_add_program+0xc6>
10008514:	4641      	mov	r1, r8
10008516:	6809      	ldr	r1, [r1, #0]
10008518:	4689      	mov	r9, r1
1000851a:	4641      	mov	r1, r8
1000851c:	7989      	ldrb	r1, [r1, #6]
1000851e:	2900      	cmp	r1, #0
10008520:	d0ba      	beq.n	10008498 <pio_add_program+0x58>
10008522:	2414      	movs	r4, #20
10008524:	4264      	negs	r4, r4
10008526:	e7e0      	b.n	100084ea <pio_add_program+0xaa>
10008528:	2409      	movs	r4, #9
1000852a:	4264      	negs	r4, r4
1000852c:	e7dd      	b.n	100084ea <pio_add_program+0xaa>
1000852e:	46c0      	nop			@ (mov r8, r8)
10008530:	afe00000 	.word	0xafe00000
10008534:	20001754 	.word	0x20001754

10008538 <pio_sm_set_consecutive_pindirs>:
10008538:	b5f0      	push	{r4, r5, r6, r7, lr}
1000853a:	464e      	mov	r6, r9
1000853c:	4645      	mov	r5, r8
1000853e:	46de      	mov	lr, fp
10008540:	4657      	mov	r7, sl
10008542:	b5e0      	push	{r5, r6, r7, lr}
10008544:	b083      	sub	sp, #12
10008546:	4689      	mov	r9, r1
10008548:	a90c      	add	r1, sp, #48	@ 0x30
1000854a:	4684      	mov	ip, r0
1000854c:	780d      	ldrb	r5, [r1, #0]
1000854e:	2a1f      	cmp	r2, #31
10008550:	d845      	bhi.n	100085de <pio_sm_set_consecutive_pindirs+0xa6>
10008552:	4649      	mov	r1, r9
10008554:	0049      	lsls	r1, r1, #1
10008556:	4688      	mov	r8, r1
10008558:	4449      	add	r1, r9
1000855a:	00c9      	lsls	r1, r1, #3
1000855c:	1846      	adds	r6, r0, r1
1000855e:	0037      	movs	r7, r6
10008560:	0034      	movs	r4, r6
10008562:	37dc      	adds	r7, #220	@ 0xdc
10008564:	6838      	ldr	r0, [r7, #0]
10008566:	34cc      	adds	r4, #204	@ 0xcc
10008568:	4683      	mov	fp, r0
1000856a:	6820      	ldr	r0, [r4, #0]
1000856c:	0031      	movs	r1, r6
1000856e:	9001      	str	r0, [sp, #4]
10008570:	481c      	ldr	r0, [pc, #112]	@ (100085e4 <pio_sm_set_consecutive_pindirs+0xac>)
10008572:	2480      	movs	r4, #128	@ 0x80
10008574:	4682      	mov	sl, r0
10008576:	02a4      	lsls	r4, r4, #10
10008578:	4451      	add	r1, sl
1000857a:	600c      	str	r4, [r1, #0]
1000857c:	4269      	negs	r1, r5
1000857e:	414d      	adcs	r5, r1
10008580:	211e      	movs	r1, #30
10008582:	426d      	negs	r5, r5
10008584:	438d      	bics	r5, r1
10008586:	4918      	ldr	r1, [pc, #96]	@ (100085e8 <pio_sm_set_consecutive_pindirs+0xb0>)
10008588:	468a      	mov	sl, r1
1000858a:	4455      	add	r5, sl
1000858c:	2b05      	cmp	r3, #5
1000858e:	d90c      	bls.n	100085aa <pio_sm_set_consecutive_pindirs+0x72>
10008590:	20a0      	movs	r0, #160	@ 0xa0
10008592:	211f      	movs	r1, #31
10008594:	0540      	lsls	r0, r0, #21
10008596:	36d8      	adds	r6, #216	@ 0xd8
10008598:	0154      	lsls	r4, r2, #5
1000859a:	4304      	orrs	r4, r0
1000859c:	3205      	adds	r2, #5
1000859e:	3b05      	subs	r3, #5
100085a0:	603c      	str	r4, [r7, #0]
100085a2:	400a      	ands	r2, r1
100085a4:	6035      	str	r5, [r6, #0]
100085a6:	2b05      	cmp	r3, #5
100085a8:	d8f6      	bhi.n	10008598 <pio_sm_set_consecutive_pindirs+0x60>
100085aa:	0152      	lsls	r2, r2, #5
100085ac:	069b      	lsls	r3, r3, #26
100085ae:	4313      	orrs	r3, r2
100085b0:	4642      	mov	r2, r8
100085b2:	444a      	add	r2, r9
100085b4:	00d2      	lsls	r2, r2, #3
100085b6:	4462      	add	r2, ip
100085b8:	0010      	movs	r0, r2
100085ba:	32dc      	adds	r2, #220	@ 0xdc
100085bc:	6013      	str	r3, [r2, #0]
100085be:	0003      	movs	r3, r0
100085c0:	33d8      	adds	r3, #216	@ 0xd8
100085c2:	601d      	str	r5, [r3, #0]
100085c4:	465b      	mov	r3, fp
100085c6:	6013      	str	r3, [r2, #0]
100085c8:	9b01      	ldr	r3, [sp, #4]
100085ca:	30cc      	adds	r0, #204	@ 0xcc
100085cc:	6003      	str	r3, [r0, #0]
100085ce:	2000      	movs	r0, #0
100085d0:	b003      	add	sp, #12
100085d2:	bcf0      	pop	{r4, r5, r6, r7}
100085d4:	46bb      	mov	fp, r7
100085d6:	46b2      	mov	sl, r6
100085d8:	46a9      	mov	r9, r5
100085da:	46a0      	mov	r8, r4
100085dc:	bdf0      	pop	{r4, r5, r6, r7, pc}
100085de:	2005      	movs	r0, #5
100085e0:	4240      	negs	r0, r0
100085e2:	e7f5      	b.n	100085d0 <pio_sm_set_consecutive_pindirs+0x98>
100085e4:	000030cc 	.word	0x000030cc
100085e8:	0000e09f 	.word	0x0000e09f

100085ec <pio_sm_init>:
100085ec:	b5f0      	push	{r4, r5, r6, r7, lr}
100085ee:	2501      	movs	r5, #1
100085f0:	408d      	lsls	r5, r1
100085f2:	6804      	ldr	r4, [r0, #0]
100085f4:	43ac      	bics	r4, r5
100085f6:	6004      	str	r4, [r0, #0]
100085f8:	2b00      	cmp	r3, #0
100085fa:	d02e      	beq.n	1000865a <pio_sm_init+0x6e>
100085fc:	004d      	lsls	r5, r1, #1
100085fe:	186c      	adds	r4, r5, r1
10008600:	00e4      	lsls	r4, r4, #3
10008602:	1904      	adds	r4, r0, r4
10008604:	0026      	movs	r6, r4
10008606:	681f      	ldr	r7, [r3, #0]
10008608:	36c8      	adds	r6, #200	@ 0xc8
1000860a:	6037      	str	r7, [r6, #0]
1000860c:	689f      	ldr	r7, [r3, #8]
1000860e:	3604      	adds	r6, #4
10008610:	6077      	str	r7, [r6, #4]
10008612:	685f      	ldr	r7, [r3, #4]
10008614:	68db      	ldr	r3, [r3, #12]
10008616:	34dc      	adds	r4, #220	@ 0xdc
10008618:	6037      	str	r7, [r6, #0]
1000861a:	6023      	str	r3, [r4, #0]
1000861c:	186b      	adds	r3, r5, r1
1000861e:	4d18      	ldr	r5, [pc, #96]	@ (10008680 <pio_sm_init+0x94>)
10008620:	00db      	lsls	r3, r3, #3
10008622:	46ac      	mov	ip, r5
10008624:	2580      	movs	r5, #128	@ 0x80
10008626:	18c4      	adds	r4, r0, r3
10008628:	4464      	add	r4, ip
1000862a:	062d      	lsls	r5, r5, #24
1000862c:	6025      	str	r5, [r4, #0]
1000862e:	6025      	str	r5, [r4, #0]
10008630:	4c14      	ldr	r4, [pc, #80]	@ (10008684 <pio_sm_init+0x98>)
10008632:	1d0d      	adds	r5, r1, #4
10008634:	408c      	lsls	r4, r1
10008636:	6084      	str	r4, [r0, #8]
10008638:	2401      	movs	r4, #1
1000863a:	0026      	movs	r6, r4
1000863c:	40ae      	lsls	r6, r5
1000863e:	2580      	movs	r5, #128	@ 0x80
10008640:	3108      	adds	r1, #8
10008642:	408c      	lsls	r4, r1
10008644:	211f      	movs	r1, #31
10008646:	01ad      	lsls	r5, r5, #6
10008648:	1945      	adds	r5, r0, r5
1000864a:	18c0      	adds	r0, r0, r3
1000864c:	400a      	ands	r2, r1
1000864e:	30d8      	adds	r0, #216	@ 0xd8
10008650:	602e      	str	r6, [r5, #0]
10008652:	602c      	str	r4, [r5, #0]
10008654:	6002      	str	r2, [r0, #0]
10008656:	2000      	movs	r0, #0
10008658:	bdf0      	pop	{r4, r5, r6, r7, pc}
1000865a:	004d      	lsls	r5, r1, #1
1000865c:	186c      	adds	r4, r5, r1
1000865e:	00e4      	lsls	r4, r4, #3
10008660:	1904      	adds	r4, r0, r4
10008662:	0026      	movs	r6, r4
10008664:	2780      	movs	r7, #128	@ 0x80
10008666:	36c8      	adds	r6, #200	@ 0xc8
10008668:	027f      	lsls	r7, r7, #9
1000866a:	6037      	str	r7, [r6, #0]
1000866c:	27c0      	movs	r7, #192	@ 0xc0
1000866e:	033f      	lsls	r7, r7, #12
10008670:	60b7      	str	r7, [r6, #8]
10008672:	27f8      	movs	r7, #248	@ 0xf8
10008674:	3604      	adds	r6, #4
10008676:	027f      	lsls	r7, r7, #9
10008678:	34dc      	adds	r4, #220	@ 0xdc
1000867a:	6037      	str	r7, [r6, #0]
1000867c:	6023      	str	r3, [r4, #0]
1000867e:	e7cd      	b.n	1000861c <pio_sm_init+0x30>
10008680:	000010d0 	.word	0x000010d0
10008684:	01010101 	.word	0x01010101

10008688 <i2c_read_blocking_internal.constprop.0>:
10008688:	b5f0      	push	{r4, r5, r6, r7, lr}
1000868a:	46de      	mov	lr, fp
1000868c:	4657      	mov	r7, sl
1000868e:	464e      	mov	r6, r9
10008690:	4645      	mov	r5, r8
10008692:	b5e0      	push	{r5, r6, r7, lr}
10008694:	0007      	movs	r7, r0
10008696:	b083      	sub	sp, #12
10008698:	a80c      	add	r0, sp, #48	@ 0x30
1000869a:	9201      	str	r2, [sp, #4]
1000869c:	7802      	ldrb	r2, [r0, #0]
1000869e:	2000      	movs	r0, #0
100086a0:	683c      	ldr	r4, [r7, #0]
100086a2:	469b      	mov	fp, r3
100086a4:	66e0      	str	r0, [r4, #108]	@ 0x6c
100086a6:	6061      	str	r1, [r4, #4]
100086a8:	2101      	movs	r1, #1
100086aa:	4691      	mov	r9, r2
100086ac:	66e1      	str	r1, [r4, #108]	@ 0x6c
100086ae:	2b00      	cmp	r3, #0
100086b0:	dd34      	ble.n	1000871c <i2c_read_blocking_internal.constprop.0+0x94>
100086b2:	1e5a      	subs	r2, r3, #1
100086b4:	4690      	mov	r8, r2
100086b6:	2280      	movs	r2, #128	@ 0x80
100086b8:	0052      	lsls	r2, r2, #1
100086ba:	4694      	mov	ip, r2
100086bc:	2680      	movs	r6, #128	@ 0x80
100086be:	2540      	movs	r5, #64	@ 0x40
100086c0:	6f61      	ldr	r1, [r4, #116]	@ 0x74
100086c2:	2910      	cmp	r1, #16
100086c4:	d0fc      	beq.n	100086c0 <i2c_read_blocking_internal.constprop.0+0x38>
100086c6:	2100      	movs	r1, #0
100086c8:	2800      	cmp	r0, #0
100086ca:	d101      	bne.n	100086d0 <i2c_read_blocking_internal.constprop.0+0x48>
100086cc:	7939      	ldrb	r1, [r7, #4]
100086ce:	0289      	lsls	r1, r1, #10
100086d0:	4540      	cmp	r0, r8
100086d2:	d01d      	beq.n	10008710 <i2c_read_blocking_internal.constprop.0+0x88>
100086d4:	4662      	mov	r2, ip
100086d6:	4311      	orrs	r1, r2
100086d8:	6121      	str	r1, [r4, #16]
100086da:	59a1      	ldr	r1, [r4, r6]
100086dc:	6b61      	ldr	r1, [r4, #52]	@ 0x34
100086de:	420d      	tst	r5, r1
100086e0:	d00b      	beq.n	100086fa <i2c_read_blocking_internal.constprop.0+0x72>
100086e2:	2001      	movs	r0, #1
100086e4:	6d63      	ldr	r3, [r4, #84]	@ 0x54
100086e6:	4240      	negs	r0, r0
100086e8:	464b      	mov	r3, r9
100086ea:	713b      	strb	r3, [r7, #4]
100086ec:	b003      	add	sp, #12
100086ee:	bcf0      	pop	{r4, r5, r6, r7}
100086f0:	46bb      	mov	fp, r7
100086f2:	46b2      	mov	sl, r6
100086f4:	46a9      	mov	r9, r5
100086f6:	46a0      	mov	r8, r4
100086f8:	bdf0      	pop	{r4, r5, r6, r7, pc}
100086fa:	6fa1      	ldr	r1, [r4, #120]	@ 0x78
100086fc:	2900      	cmp	r1, #0
100086fe:	d0ec      	beq.n	100086da <i2c_read_blocking_internal.constprop.0+0x52>
10008700:	6921      	ldr	r1, [r4, #16]
10008702:	9b01      	ldr	r3, [sp, #4]
10008704:	5419      	strb	r1, [r3, r0]
10008706:	3001      	adds	r0, #1
10008708:	4583      	cmp	fp, r0
1000870a:	d0ed      	beq.n	100086e8 <i2c_read_blocking_internal.constprop.0+0x60>
1000870c:	683c      	ldr	r4, [r7, #0]
1000870e:	e7d7      	b.n	100086c0 <i2c_read_blocking_internal.constprop.0+0x38>
10008710:	464b      	mov	r3, r9
10008712:	2201      	movs	r2, #1
10008714:	405a      	eors	r2, r3
10008716:	0253      	lsls	r3, r2, #9
10008718:	4319      	orrs	r1, r3
1000871a:	e7db      	b.n	100086d4 <i2c_read_blocking_internal.constprop.0+0x4c>
1000871c:	2000      	movs	r0, #0
1000871e:	e7e3      	b.n	100086e8 <i2c_read_blocking_internal.constprop.0+0x60>

10008720 <i2c_write_blocking_internal.constprop.0>:
10008720:	b5f0      	push	{r4, r5, r6, r7, lr}
10008722:	46de      	mov	lr, fp
10008724:	4657      	mov	r7, sl
10008726:	464e      	mov	r6, r9
10008728:	4645      	mov	r5, r8
1000872a:	4690      	mov	r8, r2
1000872c:	2200      	movs	r2, #0
1000872e:	b5e0      	push	{r5, r6, r7, lr}
10008730:	b085      	sub	sp, #20
10008732:	001e      	movs	r6, r3
10008734:	ab0e      	add	r3, sp, #56	@ 0x38
10008736:	781b      	ldrb	r3, [r3, #0]
10008738:	0007      	movs	r7, r0
1000873a:	469b      	mov	fp, r3
1000873c:	6803      	ldr	r3, [r0, #0]
1000873e:	66da      	str	r2, [r3, #108]	@ 0x6c
10008740:	3201      	adds	r2, #1
10008742:	6059      	str	r1, [r3, #4]
10008744:	66da      	str	r2, [r3, #108]	@ 0x6c
10008746:	2e00      	cmp	r6, #0
10008748:	dd60      	ble.n	1000880c <i2c_write_blocking_internal.constprop.0+0xec>
1000874a:	7902      	ldrb	r2, [r0, #4]
1000874c:	4659      	mov	r1, fp
1000874e:	0292      	lsls	r2, r2, #10
10008750:	4692      	mov	sl, r2
10008752:	2201      	movs	r2, #1
10008754:	404a      	eors	r2, r1
10008756:	0252      	lsls	r2, r2, #9
10008758:	4694      	mov	ip, r2
1000875a:	2280      	movs	r2, #128	@ 0x80
1000875c:	4691      	mov	r9, r2
1000875e:	465a      	mov	r2, fp
10008760:	2480      	movs	r4, #128	@ 0x80
10008762:	9203      	str	r2, [sp, #12]
10008764:	4662      	mov	r2, ip
10008766:	46bb      	mov	fp, r7
10008768:	2000      	movs	r0, #0
1000876a:	2110      	movs	r1, #16
1000876c:	4647      	mov	r7, r8
1000876e:	46b4      	mov	ip, r6
10008770:	1e75      	subs	r5, r6, #1
10008772:	00a4      	lsls	r4, r4, #2
10008774:	9201      	str	r2, [sp, #4]
10008776:	1b42      	subs	r2, r0, r5
10008778:	0016      	movs	r6, r2
1000877a:	4272      	negs	r2, r6
1000877c:	4172      	adcs	r2, r6
1000877e:	9e01      	ldr	r6, [sp, #4]
10008780:	4252      	negs	r2, r2
10008782:	4016      	ands	r6, r2
10008784:	9602      	str	r6, [sp, #8]
10008786:	5c3e      	ldrb	r6, [r7, r0]
10008788:	46b0      	mov	r8, r6
1000878a:	4656      	mov	r6, sl
1000878c:	4642      	mov	r2, r8
1000878e:	4316      	orrs	r6, r2
10008790:	0032      	movs	r2, r6
10008792:	9e02      	ldr	r6, [sp, #8]
10008794:	4316      	orrs	r6, r2
10008796:	611e      	str	r6, [r3, #16]
10008798:	9e01      	ldr	r6, [sp, #4]
1000879a:	6b5a      	ldr	r2, [r3, #52]	@ 0x34
1000879c:	4211      	tst	r1, r2
1000879e:	d0fc      	beq.n	1000879a <i2c_write_blocking_internal.constprop.0+0x7a>
100087a0:	464a      	mov	r2, r9
100087a2:	589a      	ldr	r2, [r3, r2]
100087a4:	9601      	str	r6, [sp, #4]
100087a6:	4692      	mov	sl, r2
100087a8:	2a00      	cmp	r2, #0
100087aa:	d10a      	bne.n	100087c2 <i2c_write_blocking_internal.constprop.0+0xa2>
100087ac:	42a8      	cmp	r0, r5
100087ae:	d028      	beq.n	10008802 <i2c_write_blocking_internal.constprop.0+0xe2>
100087b0:	2200      	movs	r2, #0
100087b2:	3001      	adds	r0, #1
100087b4:	4692      	mov	sl, r2
100087b6:	4584      	cmp	ip, r0
100087b8:	d1dd      	bne.n	10008776 <i2c_write_blocking_internal.constprop.0+0x56>
100087ba:	9b03      	ldr	r3, [sp, #12]
100087bc:	465f      	mov	r7, fp
100087be:	469b      	mov	fp, r3
100087c0:	e016      	b.n	100087f0 <i2c_write_blocking_internal.constprop.0+0xd0>
100087c2:	6d5a      	ldr	r2, [r3, #84]	@ 0x54
100087c4:	2201      	movs	r2, #1
100087c6:	4690      	mov	r8, r2
100087c8:	6b5a      	ldr	r2, [r3, #52]	@ 0x34
100087ca:	4222      	tst	r2, r4
100087cc:	d0fc      	beq.n	100087c8 <i2c_write_blocking_internal.constprop.0+0xa8>
100087ce:	6e1a      	ldr	r2, [r3, #96]	@ 0x60
100087d0:	4642      	mov	r2, r8
100087d2:	9601      	str	r6, [sp, #4]
100087d4:	2a00      	cmp	r2, #0
100087d6:	d0eb      	beq.n	100087b0 <i2c_write_blocking_internal.constprop.0+0x90>
100087d8:	9b03      	ldr	r3, [sp, #12]
100087da:	465f      	mov	r7, fp
100087dc:	469b      	mov	fp, r3
100087de:	4653      	mov	r3, sl
100087e0:	2b00      	cmp	r3, #0
100087e2:	d015      	beq.n	10008810 <i2c_write_blocking_internal.constprop.0+0xf0>
100087e4:	4653      	mov	r3, sl
100087e6:	07db      	lsls	r3, r3, #31
100087e8:	d412      	bmi.n	10008810 <i2c_write_blocking_internal.constprop.0+0xf0>
100087ea:	4653      	mov	r3, sl
100087ec:	071b      	lsls	r3, r3, #28
100087ee:	d50f      	bpl.n	10008810 <i2c_write_blocking_internal.constprop.0+0xf0>
100087f0:	465b      	mov	r3, fp
100087f2:	713b      	strb	r3, [r7, #4]
100087f4:	b005      	add	sp, #20
100087f6:	bcf0      	pop	{r4, r5, r6, r7}
100087f8:	46bb      	mov	fp, r7
100087fa:	46b2      	mov	sl, r6
100087fc:	46a9      	mov	r9, r5
100087fe:	46a0      	mov	r8, r4
10008800:	bdf0      	pop	{r4, r5, r6, r7, pc}
10008802:	9a03      	ldr	r2, [sp, #12]
10008804:	2a00      	cmp	r2, #0
10008806:	d1d3      	bne.n	100087b0 <i2c_write_blocking_internal.constprop.0+0x90>
10008808:	4690      	mov	r8, r2
1000880a:	e7dd      	b.n	100087c8 <i2c_write_blocking_internal.constprop.0+0xa8>
1000880c:	2000      	movs	r0, #0
1000880e:	e7ef      	b.n	100087f0 <i2c_write_blocking_internal.constprop.0+0xd0>
10008810:	2001      	movs	r0, #1
10008812:	4240      	negs	r0, r0
10008814:	e7ec      	b.n	100087f0 <i2c_write_blocking_internal.constprop.0+0xd0>
10008816:	46c0      	nop			@ (mov r8, r8)

10008818 <i2c_set_baudrate>:
10008818:	b5f8      	push	{r3, r4, r5, r6, r7, lr}
1000881a:	46de      	mov	lr, fp
1000881c:	4657      	mov	r7, sl
1000881e:	464e      	mov	r6, r9
10008820:	4645      	mov	r5, r8
10008822:	4683      	mov	fp, r0
10008824:	b5e0      	push	{r5, r6, r7, lr}
10008826:	2005      	movs	r0, #5
10008828:	000c      	movs	r4, r1
1000882a:	f7fa f993 	bl	10002b54 <clock_get_hz>
1000882e:	0006      	movs	r6, r0
10008830:	0860      	lsrs	r0, r4, #1
10008832:	0021      	movs	r1, r4
10008834:	1980      	adds	r0, r0, r6
10008836:	f7fa fbe7 	bl	10003008 <__wrap___aeabi_uidiv>
1000883a:	0043      	lsls	r3, r0, #1
1000883c:	4698      	mov	r8, r3
1000883e:	4480      	add	r8, r0
10008840:	0007      	movs	r7, r0
10008842:	2105      	movs	r1, #5
10008844:	4640      	mov	r0, r8
10008846:	f7fa fbdf 	bl	10003008 <__wrap___aeabi_uidiv>
1000884a:	1a3b      	subs	r3, r7, r0
1000884c:	469a      	mov	sl, r3
1000884e:	4b1e      	ldr	r3, [pc, #120]	@ (100088c8 <i2c_set_baudrate+0xb0>)
10008850:	4681      	mov	r9, r0
10008852:	0070      	lsls	r0, r6, #1
10008854:	1980      	adds	r0, r0, r6
10008856:	429c      	cmp	r4, r3
10008858:	d831      	bhi.n	100088be <i2c_set_baudrate+0xa6>
1000885a:	491c      	ldr	r1, [pc, #112]	@ (100088cc <i2c_set_baudrate+0xb4>)
1000885c:	f7fa fbd4 	bl	10003008 <__wrap___aeabi_uidiv>
10008860:	1c45      	adds	r5, r0, #1
10008862:	465b      	mov	r3, fp
10008864:	681c      	ldr	r4, [r3, #0]
10008866:	2300      	movs	r3, #0
10008868:	66e3      	str	r3, [r4, #108]	@ 0x6c
1000886a:	6822      	ldr	r2, [r4, #0]
1000886c:	3304      	adds	r3, #4
1000886e:	405a      	eors	r2, r3
10008870:	3302      	adds	r3, #2
10008872:	4013      	ands	r3, r2
10008874:	2280      	movs	r2, #128	@ 0x80
10008876:	0152      	lsls	r2, r2, #5
10008878:	18a2      	adds	r2, r4, r2
1000887a:	6013      	str	r3, [r2, #0]
1000887c:	4653      	mov	r3, sl
1000887e:	61e3      	str	r3, [r4, #28]
10008880:	464b      	mov	r3, r9
10008882:	6223      	str	r3, [r4, #32]
10008884:	4643      	mov	r3, r8
10008886:	2001      	movs	r0, #1
10008888:	2b4f      	cmp	r3, #79	@ 0x4f
1000888a:	d903      	bls.n	10008894 <i2c_set_baudrate+0x7c>
1000888c:	2150      	movs	r1, #80	@ 0x50
1000888e:	4640      	mov	r0, r8
10008890:	f7fa fbba 	bl	10003008 <__wrap___aeabi_uidiv>
10008894:	23a0      	movs	r3, #160	@ 0xa0
10008896:	50e0      	str	r0, [r4, r3]
10008898:	6fe3      	ldr	r3, [r4, #124]	@ 0x7c
1000889a:	0039      	movs	r1, r7
1000889c:	405d      	eors	r5, r3
1000889e:	4b0c      	ldr	r3, [pc, #48]	@ (100088d0 <i2c_set_baudrate+0xb8>)
100088a0:	042d      	lsls	r5, r5, #16
100088a2:	0c2d      	lsrs	r5, r5, #16
100088a4:	18e3      	adds	r3, r4, r3
100088a6:	601d      	str	r5, [r3, #0]
100088a8:	2301      	movs	r3, #1
100088aa:	0030      	movs	r0, r6
100088ac:	66e3      	str	r3, [r4, #108]	@ 0x6c
100088ae:	f7fa fbab 	bl	10003008 <__wrap___aeabi_uidiv>
100088b2:	bcf0      	pop	{r4, r5, r6, r7}
100088b4:	46bb      	mov	fp, r7
100088b6:	46b2      	mov	sl, r6
100088b8:	46a9      	mov	r9, r5
100088ba:	46a0      	mov	r8, r4
100088bc:	bdf8      	pop	{r3, r4, r5, r6, r7, pc}
100088be:	4905      	ldr	r1, [pc, #20]	@ (100088d4 <i2c_set_baudrate+0xbc>)
100088c0:	f7fa fba2 	bl	10003008 <__wrap___aeabi_uidiv>
100088c4:	1c45      	adds	r5, r0, #1
100088c6:	e7cc      	b.n	10008862 <i2c_set_baudrate+0x4a>
100088c8:	000f423f 	.word	0x000f423f
100088cc:	00989680 	.word	0x00989680
100088d0:	0000107c 	.word	0x0000107c
100088d4:	017d7840 	.word	0x017d7840

100088d8 <i2c_init>:
100088d8:	4a0f      	ldr	r2, [pc, #60]	@ (10008918 <i2c_init+0x40>)
100088da:	b570      	push	{r4, r5, r6, lr}
100088dc:	1a82      	subs	r2, r0, r2
100088de:	1e53      	subs	r3, r2, #1
100088e0:	419a      	sbcs	r2, r3
100088e2:	4b0e      	ldr	r3, [pc, #56]	@ (1000891c <i2c_init+0x44>)
100088e4:	00d2      	lsls	r2, r2, #3
100088e6:	3208      	adds	r2, #8
100088e8:	601a      	str	r2, [r3, #0]
100088ea:	4b0d      	ldr	r3, [pc, #52]	@ (10008920 <i2c_init+0x48>)
100088ec:	4c0d      	ldr	r4, [pc, #52]	@ (10008924 <i2c_init+0x4c>)
100088ee:	601a      	str	r2, [r3, #0]
100088f0:	0015      	movs	r5, r2
100088f2:	6823      	ldr	r3, [r4, #0]
100088f4:	439d      	bics	r5, r3
100088f6:	1e2b      	subs	r3, r5, #0
100088f8:	d1fa      	bne.n	100088f0 <i2c_init+0x18>
100088fa:	2466      	movs	r4, #102	@ 0x66
100088fc:	6802      	ldr	r2, [r0, #0]
100088fe:	34ff      	adds	r4, #255	@ 0xff
10008900:	7105      	strb	r5, [r0, #4]
10008902:	66d5      	str	r5, [r2, #108]	@ 0x6c
10008904:	6014      	str	r4, [r2, #0]
10008906:	3c63      	subs	r4, #99	@ 0x63
10008908:	3388      	adds	r3, #136	@ 0x88
1000890a:	3cff      	subs	r4, #255	@ 0xff
1000890c:	63d5      	str	r5, [r2, #60]	@ 0x3c
1000890e:	6395      	str	r5, [r2, #56]	@ 0x38
10008910:	50d4      	str	r4, [r2, r3]
10008912:	f7ff ff81 	bl	10008818 <i2c_set_baudrate>
10008916:	bd70      	pop	{r4, r5, r6, pc}
10008918:	200010a8 	.word	0x200010a8
1000891c:	4000e000 	.word	0x4000e000
10008920:	4000f000 	.word	0x4000f000
10008924:	4000c008 	.word	0x4000c008

10008928 <i2c_write_blocking>:
10008928:	b510      	push	{r4, lr}
1000892a:	b082      	sub	sp, #8
1000892c:	466c      	mov	r4, sp
1000892e:	7c24      	ldrb	r4, [r4, #16]
10008930:	9400      	str	r4, [sp, #0]
10008932:	f7ff fef5 	bl	10008720 <i2c_write_blocking_internal.constprop.0>
10008936:	b002      	add	sp, #8
10008938:	bd10      	pop	{r4, pc}
1000893a:	46c0      	nop			@ (mov r8, r8)

1000893c <i2c_read_blocking>:
1000893c:	b510      	push	{r4, lr}
1000893e:	b082      	sub	sp, #8
10008940:	466c      	mov	r4, sp
10008942:	7c24      	ldrb	r4, [r4, #16]
10008944:	9400      	str	r4, [sp, #0]
10008946:	f7ff fe9f 	bl	10008688 <i2c_read_blocking_internal.constprop.0>
1000894a:	b002      	add	sp, #8
1000894c:	bd10      	pop	{r4, pc}
1000894e:	46c0      	nop			@ (mov r8, r8)

10008950 <strlen>:
10008950:	b510      	push	{r4, lr}
10008952:	0783      	lsls	r3, r0, #30
10008954:	d00a      	beq.n	1000896c <strlen+0x1c>
10008956:	0003      	movs	r3, r0
10008958:	2103      	movs	r1, #3
1000895a:	e002      	b.n	10008962 <strlen+0x12>
1000895c:	3301      	adds	r3, #1
1000895e:	420b      	tst	r3, r1
10008960:	d005      	beq.n	1000896e <strlen+0x1e>
10008962:	781a      	ldrb	r2, [r3, #0]
10008964:	2a00      	cmp	r2, #0
10008966:	d1f9      	bne.n	1000895c <strlen+0xc>
10008968:	1a18      	subs	r0, r3, r0
1000896a:	bd10      	pop	{r4, pc}
1000896c:	0003      	movs	r3, r0
1000896e:	6819      	ldr	r1, [r3, #0]
10008970:	4a0c      	ldr	r2, [pc, #48]	@ (100089a4 <strlen+0x54>)
10008972:	4c0d      	ldr	r4, [pc, #52]	@ (100089a8 <strlen+0x58>)
10008974:	188a      	adds	r2, r1, r2
10008976:	438a      	bics	r2, r1
10008978:	4222      	tst	r2, r4
1000897a:	d10f      	bne.n	1000899c <strlen+0x4c>
1000897c:	6859      	ldr	r1, [r3, #4]
1000897e:	4a09      	ldr	r2, [pc, #36]	@ (100089a4 <strlen+0x54>)
10008980:	3304      	adds	r3, #4
10008982:	188a      	adds	r2, r1, r2
10008984:	438a      	bics	r2, r1
10008986:	4222      	tst	r2, r4
10008988:	d108      	bne.n	1000899c <strlen+0x4c>
1000898a:	6859      	ldr	r1, [r3, #4]
1000898c:	4a05      	ldr	r2, [pc, #20]	@ (100089a4 <strlen+0x54>)
1000898e:	3304      	adds	r3, #4
10008990:	188a      	adds	r2, r1, r2
10008992:	438a      	bics	r2, r1
10008994:	4222      	tst	r2, r4
10008996:	d0f1      	beq.n	1000897c <strlen+0x2c>
10008998:	e000      	b.n	1000899c <strlen+0x4c>
1000899a:	3301      	adds	r3, #1
1000899c:	781a      	ldrb	r2, [r3, #0]
1000899e:	2a00      	cmp	r2, #0
100089a0:	d1fb      	bne.n	1000899a <strlen+0x4a>
100089a2:	e7e1      	b.n	10008968 <strlen+0x18>
100089a4:	fefefeff 	.word	0xfefefeff
100089a8:	80808080 	.word	0x80808080

100089ac <_fini>:
100089ac:	b5f8      	push	{r3, r4, r5, r6, r7, lr}
100089ae:	46c0      	nop			@ (mov r8, r8)

100089b0 <__reset_non_control_endpoints_veneer>:
100089b0:	b401      	push	{r0}
100089b2:	4802      	ldr	r0, [pc, #8]	@ (100089bc <__reset_non_control_endpoints_veneer+0xc>)
100089b4:	4684      	mov	ip, r0
100089b6:	bc01      	pop	{r0}
100089b8:	4760      	bx	ip
100089ba:	bf00      	nop
100089bc:	2000043d 	.word	0x2000043d

100089c0 <__flash_do_cmd_veneer>:
100089c0:	b401      	push	{r0}
100089c2:	4802      	ldr	r0, [pc, #8]	@ (100089cc <__flash_do_cmd_veneer+0xc>)
100089c4:	4684      	mov	ip, r0
100089c6:	bc01      	pop	{r0}
100089c8:	4760      	bx	ip
100089ca:	bf00      	nop
100089cc:	20000301 	.word	0x20000301

100089d0 <__mutex_exit_veneer>:
100089d0:	b401      	push	{r0}
100089d2:	4802      	ldr	r0, [pc, #8]	@ (100089dc <__mutex_exit_veneer+0xc>)
100089d4:	4684      	mov	ip, r0
100089d6:	bc01      	pop	{r0}
100089d8:	4760      	bx	ip
100089da:	bf00      	nop
100089dc:	20000225 	.word	0x20000225

100089e0 <____aeabi_ldiv0_veneer>:
100089e0:	b401      	push	{r0}
100089e2:	4802      	ldr	r0, [pc, #8]	@ (100089ec <____aeabi_ldiv0_veneer+0xc>)
100089e4:	4684      	mov	ip, r0
100089e6:	bc01      	pop	{r0}
100089e8:	4760      	bx	ip
100089ea:	bf00      	nop
100089ec:	20000f5d 	.word	0x20000f5d

100089f0 <__e15_is_critical_frame_period_veneer>:
100089f0:	b401      	push	{r0}
100089f2:	4802      	ldr	r0, [pc, #8]	@ (100089fc <__e15_is_critical_frame_period_veneer+0xc>)
100089f4:	4684      	mov	ip, r0
100089f6:	bc01      	pop	{r0}
100089f8:	4760      	bx	ip
100089fa:	bf00      	nop
100089fc:	20000c41 	.word	0x20000c41

10008a00 <____aeabi_idiv0_veneer>:
10008a00:	b401      	push	{r0}
10008a02:	4802      	ldr	r0, [pc, #8]	@ (10008a0c <____aeabi_idiv0_veneer+0xc>)
10008a04:	4684      	mov	ip, r0
10008a06:	bc01      	pop	{r0}
10008a08:	4760      	bx	ip
10008a0a:	bf00      	nop
10008a0c:	20000f5d 	.word	0x20000f5d

10008a10 <__mutex_try_enter_veneer>:
10008a10:	b401      	push	{r0}
10008a12:	4802      	ldr	r0, [pc, #8]	@ (10008a1c <__mutex_try_enter_veneer+0xc>)
10008a14:	4684      	mov	ip, r0
10008a16:	bc01      	pop	{r0}
10008a18:	4760      	bx	ip
10008a1a:	bf00      	nop
10008a1c:	200000c1 	.word	0x200000c1

10008a20 <__mutex_enter_timeout_ms_veneer>:
10008a20:	b401      	push	{r0}
10008a22:	4802      	ldr	r0, [pc, #8]	@ (10008a2c <__mutex_enter_timeout_ms_veneer+0xc>)
10008a24:	4684      	mov	ip, r0
10008a26:	bc01      	pop	{r0}
10008a28:	4760      	bx	ip
10008a2a:	bf00      	nop
10008a2c:	20000199 	.word	0x20000199

10008a30 <__mutex_try_enter_block_until_veneer>:
10008a30:	b401      	push	{r0}
10008a32:	4802      	ldr	r0, [pc, #8]	@ (10008a3c <__mutex_try_enter_block_until_veneer+0xc>)
10008a34:	4684      	mov	ip, r0
10008a36:	bc01      	pop	{r0}
10008a38:	4760      	bx	ip
10008a3a:	bf00      	nop
10008a3c:	20000101 	.word	0x20000101

10008a40 <__hw_endpoint_start_next_buffer_veneer>:
10008a40:	b401      	push	{r0}
10008a42:	4802      	ldr	r0, [pc, #8]	@ (10008a4c <__hw_endpoint_start_next_buffer_veneer+0xc>)
10008a44:	4684      	mov	ip, r0
10008a46:	bc01      	pop	{r0}
10008a48:	4760      	bx	ip
10008a4a:	bf00      	nop
10008a4c:	20000cd1 	.word	0x20000cd1

10008a50 <__e15_is_bulkin_ep_veneer>:
10008a50:	b401      	push	{r0}
10008a52:	4802      	ldr	r0, [pc, #8]	@ (10008a5c <__e15_is_bulkin_ep_veneer+0xc>)
10008a54:	4684      	mov	ip, r0
10008a56:	bc01      	pop	{r0}
10008a58:	4760      	bx	ip
10008a5a:	bf00      	nop
10008a5c:	20000c19 	.word	0x20000c19

10008a60 <___hw_endpoint_buffer_control_update32_veneer>:
10008a60:	b401      	push	{r0}
10008a62:	4802      	ldr	r0, [pc, #8]	@ (10008a6c <___hw_endpoint_buffer_control_update32_veneer+0xc>)
10008a64:	4684      	mov	ip, r0
10008a66:	bc01      	pop	{r0}
10008a68:	4760      	bx	ip
10008a6a:	bf00      	nop
10008a6c:	20000c81 	.word	0x20000c81

10008a70 <__pre_init_runtime_init_early_resets>:
10008a70:	10002d99                                .-..

10008a74 <__pre_init_runtime_init_usb_power_down>:
10008a74:	10002dc5 10002fa9 10003e55 1000364d     .-.../..U>..M6..
10008a84:	10003d51                                Q=..

10008a88 <__pre_init_runtime_init_clocks>:
10008a88:	10002ed1                                ....

10008a8c <__pre_init_runtime_init_post_clock_resets>:
10008a8c:	10002de1                                .-..

10008a90 <__pre_init_runtime_init_rp2040_gpio_ie_disable>:
10008a90:	10002e01                                ....

10008a94 <__pre_init_runtime_init_spin_locks_reset>:
10008a94:	10002e15                                ....

10008a98 <__pre_init_runtime_init_mutex>:
10008a98:	10001f85                                ....

10008a9c <__pre_init_runtime_init_install_ram_vector_table>:
10008a9c:	10002e1d                                ....

10008aa0 <__pre_init_runtime_init_default_alarm_pool>:
10008aa0:	10002351                                Q#..

10008aa4 <__pre_init_first_per_core_initializer>:
10008aa4:	10002d61                                a-..

10008aa8 <__pre_init_runtime_init_per_core_irq_priorities>:
10008aa8:	100019e5                                ....

10008aac <__init_array_start>:
10008aac:	10006181 	.word	0x10006181

10008ab0 <__frame_dummy_init_array_entry>:
10008ab0:	100002b1                                ....

Disassembly of section .data:

200000c0 <mutex_try_enter>:
200000c0:	0003      	movs	r3, r0
200000c2:	6800      	ldr	r0, [r0, #0]
200000c4:	f3ef 8c10 	mrs	ip, PRIMASK
200000c8:	b672      	cpsid	i
200000ca:	6802      	ldr	r2, [r0, #0]
200000cc:	2a00      	cmp	r2, #0
200000ce:	d0fc      	beq.n	200000ca <mutex_try_enter+0xa>
200000d0:	f3bf 8f5f 	dmb	sy
200000d4:	2204      	movs	r2, #4
200000d6:	569a      	ldrsb	r2, [r3, r2]
200000d8:	2a00      	cmp	r2, #0
200000da:	db0b      	blt.n	200000f4 <mutex_try_enter+0x34>
200000dc:	2900      	cmp	r1, #0
200000de:	d000      	beq.n	200000e2 <mutex_try_enter+0x22>
200000e0:	600a      	str	r2, [r1, #0]
200000e2:	2000      	movs	r0, #0
200000e4:	681b      	ldr	r3, [r3, #0]
200000e6:	f3bf 8f5f 	dmb	sy
200000ea:	2200      	movs	r2, #0
200000ec:	601a      	str	r2, [r3, #0]
200000ee:	f38c 8810 	msr	PRIMASK, ip
200000f2:	4770      	bx	lr
200000f4:	22d0      	movs	r2, #208	@ 0xd0
200000f6:	0612      	lsls	r2, r2, #24
200000f8:	6812      	ldr	r2, [r2, #0]
200000fa:	2001      	movs	r0, #1
200000fc:	711a      	strb	r2, [r3, #4]
200000fe:	e7f1      	b.n	200000e4 <mutex_try_enter+0x24>

20000100 <mutex_try_enter_block_until>:
20000100:	b5f0      	push	{r4, r5, r6, r7, lr}
20000102:	46c6      	mov	lr, r8
20000104:	0015      	movs	r5, r2
20000106:	b500      	push	{lr}
20000108:	0004      	movs	r4, r0
2000010a:	001e      	movs	r6, r3
2000010c:	6802      	ldr	r2, [r0, #0]
2000010e:	f3ef 8110 	mrs	r1, PRIMASK
20000112:	b672      	cpsid	i
20000114:	6813      	ldr	r3, [r2, #0]
20000116:	2b00      	cmp	r3, #0
20000118:	d0fc      	beq.n	20000114 <mutex_try_enter_block_until+0x14>
2000011a:	f3bf 8f5f 	dmb	sy
2000011e:	2304      	movs	r3, #4
20000120:	56e3      	ldrsb	r3, [r4, r3]
20000122:	6822      	ldr	r2, [r4, #0]
20000124:	2b00      	cmp	r3, #0
20000126:	db2b      	blt.n	20000180 <mutex_try_enter_block_until+0x80>
20000128:	f3bf 8f5f 	dmb	sy
2000012c:	2000      	movs	r0, #0
2000012e:	6010      	str	r0, [r2, #0]
20000130:	f381 8810 	msr	PRIMASK, r1
20000134:	22d0      	movs	r2, #208	@ 0xd0
20000136:	0612      	lsls	r2, r2, #24
20000138:	7812      	ldrb	r2, [r2, #0]
2000013a:	2700      	movs	r7, #0
2000013c:	b252      	sxtb	r2, r2
2000013e:	4690      	mov	r8, r2
20000140:	429a      	cmp	r2, r3
20000142:	d10e      	bne.n	20000162 <mutex_try_enter_block_until+0x62>
20000144:	2000      	movs	r0, #0
20000146:	bc80      	pop	{r7}
20000148:	46b8      	mov	r8, r7
2000014a:	bdf0      	pop	{r4, r5, r6, r7, pc}
2000014c:	f3bf 8f5f 	dmb	sy
20000150:	6017      	str	r7, [r2, #0]
20000152:	f381 8810 	msr	PRIMASK, r1
20000156:	0028      	movs	r0, r5
20000158:	0031      	movs	r1, r6
2000015a:	f000 ff39 	bl	20000fd0 <__best_effort_wfe_or_timeout_veneer>
2000015e:	2800      	cmp	r0, #0
20000160:	d1f0      	bne.n	20000144 <mutex_try_enter_block_until+0x44>
20000162:	6822      	ldr	r2, [r4, #0]
20000164:	f3ef 8110 	mrs	r1, PRIMASK
20000168:	b672      	cpsid	i
2000016a:	6813      	ldr	r3, [r2, #0]
2000016c:	2b00      	cmp	r3, #0
2000016e:	d0fc      	beq.n	2000016a <mutex_try_enter_block_until+0x6a>
20000170:	f3bf 8f5f 	dmb	sy
20000174:	7923      	ldrb	r3, [r4, #4]
20000176:	6822      	ldr	r2, [r4, #0]
20000178:	2b7f      	cmp	r3, #127	@ 0x7f
2000017a:	d9e7      	bls.n	2000014c <mutex_try_enter_block_until+0x4c>
2000017c:	4643      	mov	r3, r8
2000017e:	e002      	b.n	20000186 <mutex_try_enter_block_until+0x86>
20000180:	23d0      	movs	r3, #208	@ 0xd0
20000182:	061b      	lsls	r3, r3, #24
20000184:	681b      	ldr	r3, [r3, #0]
20000186:	7123      	strb	r3, [r4, #4]
20000188:	f3bf 8f5f 	dmb	sy
2000018c:	2300      	movs	r3, #0
2000018e:	6013      	str	r3, [r2, #0]
20000190:	f381 8810 	msr	PRIMASK, r1
20000194:	2001      	movs	r0, #1
20000196:	e7d6      	b.n	20000146 <mutex_try_enter_block_until+0x46>

20000198 <mutex_enter_timeout_ms>:
20000198:	b5f0      	push	{r4, r5, r6, r7, lr}
2000019a:	46c6      	mov	lr, r8
2000019c:	b500      	push	{lr}
2000019e:	000d      	movs	r5, r1
200001a0:	0004      	movs	r4, r0
200001a2:	f000 ff05 	bl	20000fb0 <__time_us_64_veneer>
200001a6:	22fa      	movs	r2, #250	@ 0xfa
200001a8:	0006      	movs	r6, r0
200001aa:	000f      	movs	r7, r1
200001ac:	2300      	movs	r3, #0
200001ae:	0028      	movs	r0, r5
200001b0:	2100      	movs	r1, #0
200001b2:	0092      	lsls	r2, r2, #2
200001b4:	f000 ff04 	bl	20000fc0 <____wrap___aeabi_lmul_veneer>
200001b8:	1836      	adds	r6, r6, r0
200001ba:	414f      	adcs	r7, r1
200001bc:	2f00      	cmp	r7, #0
200001be:	da02      	bge.n	200001c6 <mutex_enter_timeout_ms+0x2e>
200001c0:	2601      	movs	r6, #1
200001c2:	4f17      	ldr	r7, [pc, #92]	@ (20000220 <mutex_enter_timeout_ms+0x88>)
200001c4:	4276      	negs	r6, r6
200001c6:	23d0      	movs	r3, #208	@ 0xd0
200001c8:	061b      	lsls	r3, r3, #24
200001ca:	681b      	ldr	r3, [r3, #0]
200001cc:	2500      	movs	r5, #0
200001ce:	4698      	mov	r8, r3
200001d0:	e00a      	b.n	200001e8 <mutex_enter_timeout_ms+0x50>
200001d2:	f3bf 8f5f 	dmb	sy
200001d6:	6015      	str	r5, [r2, #0]
200001d8:	f381 8810 	msr	PRIMASK, r1
200001dc:	0030      	movs	r0, r6
200001de:	0039      	movs	r1, r7
200001e0:	f000 fef6 	bl	20000fd0 <__best_effort_wfe_or_timeout_veneer>
200001e4:	2800      	cmp	r0, #0
200001e6:	d118      	bne.n	2000021a <mutex_enter_timeout_ms+0x82>
200001e8:	6822      	ldr	r2, [r4, #0]
200001ea:	f3ef 8110 	mrs	r1, PRIMASK
200001ee:	b672      	cpsid	i
200001f0:	6813      	ldr	r3, [r2, #0]
200001f2:	2b00      	cmp	r3, #0
200001f4:	d0fc      	beq.n	200001f0 <mutex_enter_timeout_ms+0x58>
200001f6:	f3bf 8f5f 	dmb	sy
200001fa:	7923      	ldrb	r3, [r4, #4]
200001fc:	6822      	ldr	r2, [r4, #0]
200001fe:	2b7f      	cmp	r3, #127	@ 0x7f
20000200:	d9e7      	bls.n	200001d2 <mutex_enter_timeout_ms+0x3a>
20000202:	4643      	mov	r3, r8
20000204:	7123      	strb	r3, [r4, #4]
20000206:	f3bf 8f5f 	dmb	sy
2000020a:	2300      	movs	r3, #0
2000020c:	6013      	str	r3, [r2, #0]
2000020e:	f381 8810 	msr	PRIMASK, r1
20000212:	2001      	movs	r0, #1
20000214:	bc80      	pop	{r7}
20000216:	46b8      	mov	r8, r7
20000218:	bdf0      	pop	{r4, r5, r6, r7, pc}
2000021a:	2000      	movs	r0, #0
2000021c:	e7fa      	b.n	20000214 <mutex_enter_timeout_ms+0x7c>
2000021e:	46c0      	nop			@ (mov r8, r8)
20000220:	7fffffff 	.word	0x7fffffff

20000224 <mutex_exit>:
20000224:	6802      	ldr	r2, [r0, #0]
20000226:	f3ef 8110 	mrs	r1, PRIMASK
2000022a:	b672      	cpsid	i
2000022c:	6813      	ldr	r3, [r2, #0]
2000022e:	2b00      	cmp	r3, #0
20000230:	d0fc      	beq.n	2000022c <mutex_exit+0x8>
20000232:	f3bf 8f5f 	dmb	sy
20000236:	23ff      	movs	r3, #255	@ 0xff
20000238:	7103      	strb	r3, [r0, #4]
2000023a:	6803      	ldr	r3, [r0, #0]
2000023c:	f3bf 8f5f 	dmb	sy
20000240:	2200      	movs	r2, #0
20000242:	601a      	str	r2, [r3, #0]
20000244:	f381 8810 	msr	PRIMASK, r1
20000248:	bf40      	sev
2000024a:	4770      	bx	lr

2000024c <flash_init_boot2_copyout>:
2000024c:	b510      	push	{r4, lr}
2000024e:	4c08      	ldr	r4, [pc, #32]	@ (20000270 <flash_init_boot2_copyout+0x24>)
20000250:	7823      	ldrb	r3, [r4, #0]
20000252:	2b00      	cmp	r3, #0
20000254:	d10a      	bne.n	2000026c <flash_init_boot2_copyout+0x20>
20000256:	2380      	movs	r3, #128	@ 0x80
20000258:	4806      	ldr	r0, [pc, #24]	@ (20000274 <flash_init_boot2_copyout+0x28>)
2000025a:	4907      	ldr	r1, [pc, #28]	@ (20000278 <flash_init_boot2_copyout+0x2c>)
2000025c:	055b      	lsls	r3, r3, #21
2000025e:	681a      	ldr	r2, [r3, #0]
20000260:	50c2      	str	r2, [r0, r3]
20000262:	3304      	adds	r3, #4
20000264:	428b      	cmp	r3, r1
20000266:	d1fa      	bne.n	2000025e <flash_init_boot2_copyout+0x12>
20000268:	2301      	movs	r3, #1
2000026a:	7023      	strb	r3, [r4, #0]
2000026c:	bd10      	pop	{r4, pc}
2000026e:	46c0      	nop			@ (mov r8, r8)
20000270:	20002028 	.word	0x20002028
20000274:	10001a28 	.word	0x10001a28
20000278:	10000100 	.word	0x10000100

2000027c <flash_enable_xip_via_boot2>:
2000027c:	b510      	push	{r4, lr}
2000027e:	4b01      	ldr	r3, [pc, #4]	@ (20000284 <flash_enable_xip_via_boot2+0x8>)
20000280:	4798      	blx	r3
20000282:	bd10      	pop	{r4, pc}
20000284:	20001a29 	.word	0x20001a29

20000288 <flash_save_hardware_state>:
20000288:	4b06      	ldr	r3, [pc, #24]	@ (200002a4 <flash_save_hardware_state+0x1c>)
2000028a:	685a      	ldr	r2, [r3, #4]
2000028c:	6002      	str	r2, [r0, #0]
2000028e:	689a      	ldr	r2, [r3, #8]
20000290:	6042      	str	r2, [r0, #4]
20000292:	68da      	ldr	r2, [r3, #12]
20000294:	6082      	str	r2, [r0, #8]
20000296:	691a      	ldr	r2, [r3, #16]
20000298:	60c2      	str	r2, [r0, #12]
2000029a:	695a      	ldr	r2, [r3, #20]
2000029c:	6102      	str	r2, [r0, #16]
2000029e:	699b      	ldr	r3, [r3, #24]
200002a0:	6143      	str	r3, [r0, #20]
200002a2:	4770      	bx	lr
200002a4:	40020000 	.word	0x40020000

200002a8 <flash_restore_hardware_state>:
200002a8:	6802      	ldr	r2, [r0, #0]
200002aa:	4b06      	ldr	r3, [pc, #24]	@ (200002c4 <flash_restore_hardware_state+0x1c>)
200002ac:	605a      	str	r2, [r3, #4]
200002ae:	6842      	ldr	r2, [r0, #4]
200002b0:	609a      	str	r2, [r3, #8]
200002b2:	6882      	ldr	r2, [r0, #8]
200002b4:	60da      	str	r2, [r3, #12]
200002b6:	68c2      	ldr	r2, [r0, #12]
200002b8:	611a      	str	r2, [r3, #16]
200002ba:	6902      	ldr	r2, [r0, #16]
200002bc:	615a      	str	r2, [r3, #20]
200002be:	6942      	ldr	r2, [r0, #20]
200002c0:	619a      	str	r2, [r3, #24]
200002c2:	4770      	bx	lr
200002c4:	40020000 	.word	0x40020000

200002c8 <flash_cs_force.constprop.0>:
200002c8:	4b03      	ldr	r3, [pc, #12]	@ (200002d8 <flash_cs_force.constprop.0+0x10>)
200002ca:	681a      	ldr	r2, [r3, #0]
200002cc:	23c0      	movs	r3, #192	@ 0xc0
200002ce:	009b      	lsls	r3, r3, #2
200002d0:	4393      	bics	r3, r2
200002d2:	4a02      	ldr	r2, [pc, #8]	@ (200002dc <flash_cs_force.constprop.0+0x14>)
200002d4:	6013      	str	r3, [r2, #0]
200002d6:	4770      	bx	lr
200002d8:	4001800c 	.word	0x4001800c
200002dc:	4001900c 	.word	0x4001900c

200002e0 <flash_cs_force.constprop.1>:
200002e0:	4b05      	ldr	r3, [pc, #20]	@ (200002f8 <flash_cs_force.constprop.1+0x18>)
200002e2:	681a      	ldr	r2, [r3, #0]
200002e4:	2380      	movs	r3, #128	@ 0x80
200002e6:	009b      	lsls	r3, r3, #2
200002e8:	4053      	eors	r3, r2
200002ea:	22c0      	movs	r2, #192	@ 0xc0
200002ec:	0092      	lsls	r2, r2, #2
200002ee:	4013      	ands	r3, r2
200002f0:	4a02      	ldr	r2, [pc, #8]	@ (200002fc <flash_cs_force.constprop.1+0x1c>)
200002f2:	6013      	str	r3, [r2, #0]
200002f4:	4770      	bx	lr
200002f6:	46c0      	nop			@ (mov r8, r8)
200002f8:	4001800c 	.word	0x4001800c
200002fc:	4001900c 	.word	0x4001900c

20000300 <flash_do_cmd>:
20000300:	2300      	movs	r3, #0
20000302:	b5f0      	push	{r4, r5, r6, r7, lr}
20000304:	46de      	mov	lr, fp
20000306:	4657      	mov	r7, sl
20000308:	464e      	mov	r6, r9
2000030a:	4645      	mov	r5, r8
2000030c:	469a      	mov	sl, r3
2000030e:	b5e0      	push	{r5, r6, r7, lr}
20000310:	b089      	sub	sp, #36	@ 0x24
20000312:	9001      	str	r0, [sp, #4]
20000314:	000e      	movs	r6, r1
20000316:	8a98      	ldrh	r0, [r3, #20]
20000318:	4945      	ldr	r1, [pc, #276]	@ (20000430 <flash_do_cmd+0x130>)
2000031a:	8b1b      	ldrh	r3, [r3, #24]
2000031c:	0014      	movs	r4, r2
2000031e:	4798      	blx	r3
20000320:	4653      	mov	r3, sl
20000322:	4681      	mov	r9, r0
20000324:	4943      	ldr	r1, [pc, #268]	@ (20000434 <flash_do_cmd+0x134>)
20000326:	8a98      	ldrh	r0, [r3, #20]
20000328:	8b1b      	ldrh	r3, [r3, #24]
2000032a:	4798      	blx	r3
2000032c:	4653      	mov	r3, sl
2000032e:	4942      	ldr	r1, [pc, #264]	@ (20000438 <flash_do_cmd+0x138>)
20000330:	0005      	movs	r5, r0
20000332:	8a98      	ldrh	r0, [r3, #20]
20000334:	8b1b      	ldrh	r3, [r3, #24]
20000336:	4798      	blx	r3
20000338:	4680      	mov	r8, r0
2000033a:	f7ff ff87 	bl	2000024c <flash_init_boot2_copyout>
2000033e:	a802      	add	r0, sp, #8
20000340:	f7ff ffa2 	bl	20000288 <flash_save_hardware_state>
20000344:	47c8      	blx	r9
20000346:	47a8      	blx	r5
20000348:	f7ff ffca 	bl	200002e0 <flash_cs_force.constprop.1>
2000034c:	1e25      	subs	r5, r4, #0
2000034e:	d022      	beq.n	20000396 <flash_do_cmd+0x96>
20000350:	2308      	movs	r3, #8
20000352:	21c0      	movs	r1, #192	@ 0xc0
20000354:	469c      	mov	ip, r3
20000356:	2002      	movs	r0, #2
20000358:	0549      	lsls	r1, r1, #21
2000035a:	4662      	mov	r2, ip
2000035c:	6a8b      	ldr	r3, [r1, #40]	@ 0x28
2000035e:	401a      	ands	r2, r3
20000360:	4218      	tst	r0, r3
20000362:	d03f      	beq.n	200003e4 <flash_do_cmd+0xe4>
20000364:	1b63      	subs	r3, r4, r5
20000366:	2d00      	cmp	r5, #0
20000368:	d12f      	bne.n	200003ca <flash_do_cmd+0xca>
2000036a:	2a00      	cmp	r2, #0
2000036c:	d111      	bne.n	20000392 <flash_do_cmd+0x92>
2000036e:	2c00      	cmp	r4, #0
20000370:	d011      	beq.n	20000396 <flash_do_cmd+0x96>
20000372:	23c0      	movs	r3, #192	@ 0xc0
20000374:	055b      	lsls	r3, r3, #21
20000376:	469b      	mov	fp, r3
20000378:	2302      	movs	r3, #2
2000037a:	469a      	mov	sl, r3
2000037c:	3306      	adds	r3, #6
2000037e:	4699      	mov	r9, r3
20000380:	465b      	mov	r3, fp
20000382:	464a      	mov	r2, r9
20000384:	4657      	mov	r7, sl
20000386:	6a9b      	ldr	r3, [r3, #40]	@ 0x28
20000388:	401a      	ands	r2, r3
2000038a:	421f      	tst	r7, r3
2000038c:	d042      	beq.n	20000414 <flash_do_cmd+0x114>
2000038e:	2a00      	cmp	r2, #0
20000390:	d0f6      	beq.n	20000380 <flash_do_cmd+0x80>
20000392:	2c00      	cmp	r4, #0
20000394:	d130      	bne.n	200003f8 <flash_do_cmd+0xf8>
20000396:	f7ff ff97 	bl	200002c8 <flash_cs_force.constprop.0>
2000039a:	47c0      	blx	r8
2000039c:	f7ff ff6e 	bl	2000027c <flash_enable_xip_via_boot2>
200003a0:	a802      	add	r0, sp, #8
200003a2:	f7ff ff81 	bl	200002a8 <flash_restore_hardware_state>
200003a6:	b009      	add	sp, #36	@ 0x24
200003a8:	bcf0      	pop	{r4, r5, r6, r7}
200003aa:	46bb      	mov	fp, r7
200003ac:	46b2      	mov	sl, r6
200003ae:	46a9      	mov	r9, r5
200003b0:	46a0      	mov	r8, r4
200003b2:	bdf0      	pop	{r4, r5, r6, r7, pc}
200003b4:	2c00      	cmp	r4, #0
200003b6:	d12f      	bne.n	20000418 <flash_do_cmd+0x118>
200003b8:	22c0      	movs	r2, #192	@ 0xc0
200003ba:	0552      	lsls	r2, r2, #21
200003bc:	6a92      	ldr	r2, [r2, #40]	@ 0x28
200003be:	4691      	mov	r9, r2
200003c0:	2208      	movs	r2, #8
200003c2:	464f      	mov	r7, r9
200003c4:	403a      	ands	r2, r7
200003c6:	07bf      	lsls	r7, r7, #30
200003c8:	d52d      	bpl.n	20000426 <flash_do_cmd+0x126>
200003ca:	2b0d      	cmp	r3, #13
200003cc:	d91b      	bls.n	20000406 <flash_do_cmd+0x106>
200003ce:	2a00      	cmp	r2, #0
200003d0:	d1f0      	bne.n	200003b4 <flash_do_cmd+0xb4>
200003d2:	22c0      	movs	r2, #192	@ 0xc0
200003d4:	0552      	lsls	r2, r2, #21
200003d6:	6a92      	ldr	r2, [r2, #40]	@ 0x28
200003d8:	4691      	mov	r9, r2
200003da:	2208      	movs	r2, #8
200003dc:	464f      	mov	r7, r9
200003de:	403a      	ands	r2, r7
200003e0:	07bf      	lsls	r7, r7, #30
200003e2:	d4f2      	bmi.n	200003ca <flash_do_cmd+0xca>
200003e4:	2a00      	cmp	r2, #0
200003e6:	d104      	bne.n	200003f2 <flash_do_cmd+0xf2>
200003e8:	002b      	movs	r3, r5
200003ea:	4323      	orrs	r3, r4
200003ec:	2b00      	cmp	r3, #0
200003ee:	d1b4      	bne.n	2000035a <flash_do_cmd+0x5a>
200003f0:	e7d1      	b.n	20000396 <flash_do_cmd+0x96>
200003f2:	002b      	movs	r3, r5
200003f4:	2c00      	cmp	r4, #0
200003f6:	d0f9      	beq.n	200003ec <flash_do_cmd+0xec>
200003f8:	6e0b      	ldr	r3, [r1, #96]	@ 0x60
200003fa:	3c01      	subs	r4, #1
200003fc:	7033      	strb	r3, [r6, #0]
200003fe:	0023      	movs	r3, r4
20000400:	3601      	adds	r6, #1
20000402:	432b      	orrs	r3, r5
20000404:	e7f2      	b.n	200003ec <flash_do_cmd+0xec>
20000406:	9f01      	ldr	r7, [sp, #4]
20000408:	3d01      	subs	r5, #1
2000040a:	783b      	ldrb	r3, [r7, #0]
2000040c:	3701      	adds	r7, #1
2000040e:	660b      	str	r3, [r1, #96]	@ 0x60
20000410:	9701      	str	r7, [sp, #4]
20000412:	e7e7      	b.n	200003e4 <flash_do_cmd+0xe4>
20000414:	2500      	movs	r5, #0
20000416:	e7e5      	b.n	200003e4 <flash_do_cmd+0xe4>
20000418:	23c0      	movs	r3, #192	@ 0xc0
2000041a:	055b      	lsls	r3, r3, #21
2000041c:	6e1b      	ldr	r3, [r3, #96]	@ 0x60
2000041e:	3c01      	subs	r4, #1
20000420:	7033      	strb	r3, [r6, #0]
20000422:	3601      	adds	r6, #1
20000424:	e799      	b.n	2000035a <flash_do_cmd+0x5a>
20000426:	002b      	movs	r3, r5
20000428:	2a00      	cmp	r2, #0
2000042a:	d1df      	bne.n	200003ec <flash_do_cmd+0xec>
2000042c:	e7dc      	b.n	200003e8 <flash_do_cmd+0xe8>
2000042e:	46c0      	nop			@ (mov r8, r8)
20000430:	00004649 	.word	0x00004649
20000434:	00005845 	.word	0x00005845
20000438:	00004346 	.word	0x00004346

2000043c <reset_non_control_endpoints>:
2000043c:	2200      	movs	r2, #0
2000043e:	4b15      	ldr	r3, [pc, #84]	@ (20000494 <reset_non_control_endpoints+0x58>)
20000440:	b510      	push	{r4, lr}
20000442:	609a      	str	r2, [r3, #8]
20000444:	60da      	str	r2, [r3, #12]
20000446:	611a      	str	r2, [r3, #16]
20000448:	615a      	str	r2, [r3, #20]
2000044a:	619a      	str	r2, [r3, #24]
2000044c:	61da      	str	r2, [r3, #28]
2000044e:	621a      	str	r2, [r3, #32]
20000450:	625a      	str	r2, [r3, #36]	@ 0x24
20000452:	629a      	str	r2, [r3, #40]	@ 0x28
20000454:	62da      	str	r2, [r3, #44]	@ 0x2c
20000456:	631a      	str	r2, [r3, #48]	@ 0x30
20000458:	635a      	str	r2, [r3, #52]	@ 0x34
2000045a:	639a      	str	r2, [r3, #56]	@ 0x38
2000045c:	63da      	str	r2, [r3, #60]	@ 0x3c
2000045e:	641a      	str	r2, [r3, #64]	@ 0x40
20000460:	645a      	str	r2, [r3, #68]	@ 0x44
20000462:	649a      	str	r2, [r3, #72]	@ 0x48
20000464:	64da      	str	r2, [r3, #76]	@ 0x4c
20000466:	651a      	str	r2, [r3, #80]	@ 0x50
20000468:	655a      	str	r2, [r3, #84]	@ 0x54
2000046a:	659a      	str	r2, [r3, #88]	@ 0x58
2000046c:	65da      	str	r2, [r3, #92]	@ 0x5c
2000046e:	661a      	str	r2, [r3, #96]	@ 0x60
20000470:	665a      	str	r2, [r3, #100]	@ 0x64
20000472:	669a      	str	r2, [r3, #104]	@ 0x68
20000474:	66da      	str	r2, [r3, #108]	@ 0x6c
20000476:	671a      	str	r2, [r3, #112]	@ 0x70
20000478:	675a      	str	r2, [r3, #116]	@ 0x74
2000047a:	679a      	str	r2, [r3, #120]	@ 0x78
2000047c:	67da      	str	r2, [r3, #124]	@ 0x7c
2000047e:	32f0      	adds	r2, #240	@ 0xf0
20000480:	0092      	lsls	r2, r2, #2
20000482:	2100      	movs	r1, #0
20000484:	4804      	ldr	r0, [pc, #16]	@ (20000498 <reset_non_control_endpoints+0x5c>)
20000486:	f000 fd83 	bl	20000f90 <____wrap_memset_veneer>
2000048a:	4b04      	ldr	r3, [pc, #16]	@ (2000049c <reset_non_control_endpoints+0x60>)
2000048c:	4a04      	ldr	r2, [pc, #16]	@ (200004a0 <reset_non_control_endpoints+0x64>)
2000048e:	601a      	str	r2, [r3, #0]
20000490:	bd10      	pop	{r4, pc}
20000492:	46c0      	nop			@ (mov r8, r8)
20000494:	50100000 	.word	0x50100000
20000498:	20001be4 	.word	0x20001be4
2000049c:	20001fc0 	.word	0x20001fc0
200004a0:	50100180 	.word	0x50100180

200004a4 <hw_handle_buff_status>:
200004a4:	b5f0      	push	{r4, r5, r6, r7, lr}
200004a6:	464e      	mov	r6, r9
200004a8:	4645      	mov	r5, r8
200004aa:	46de      	mov	lr, fp
200004ac:	4657      	mov	r7, sl
200004ae:	b5e0      	push	{r5, r6, r7, lr}
200004b0:	4b21      	ldr	r3, [pc, #132]	@ (20000538 <hw_handle_buff_status+0x94>)
200004b2:	2400      	movs	r4, #0
200004b4:	6d9e      	ldr	r6, [r3, #88]	@ 0x58
200004b6:	2501      	movs	r5, #1
200004b8:	b085      	sub	sp, #20
200004ba:	2e00      	cmp	r6, #0
200004bc:	d022      	beq.n	20000504 <hw_handle_buff_status+0x60>
200004be:	4b1f      	ldr	r3, [pc, #124]	@ (2000053c <hw_handle_buff_status+0x98>)
200004c0:	469a      	mov	sl, r3
200004c2:	2301      	movs	r3, #1
200004c4:	4699      	mov	r9, r3
200004c6:	4b1e      	ldr	r3, [pc, #120]	@ (20000540 <hw_handle_buff_status+0x9c>)
200004c8:	4698      	mov	r8, r3
200004ca:	e001      	b.n	200004d0 <hw_handle_buff_status+0x2c>
200004cc:	2c20      	cmp	r4, #32
200004ce:	d019      	beq.n	20000504 <hw_handle_buff_status+0x60>
200004d0:	002a      	movs	r2, r5
200004d2:	0023      	movs	r3, r4
200004d4:	3401      	adds	r4, #1
200004d6:	002f      	movs	r7, r5
200004d8:	4032      	ands	r2, r6
200004da:	b2e4      	uxtb	r4, r4
200004dc:	006d      	lsls	r5, r5, #1
200004de:	2a00      	cmp	r2, #0
200004e0:	d0f4      	beq.n	200004cc <hw_handle_buff_status+0x28>
200004e2:	4652      	mov	r2, sl
200004e4:	6597      	str	r7, [r2, #88]	@ 0x58
200004e6:	464a      	mov	r2, r9
200004e8:	085b      	lsrs	r3, r3, #1
200004ea:	005b      	lsls	r3, r3, #1
200004ec:	4022      	ands	r2, r4
200004ee:	189b      	adds	r3, r3, r2
200004f0:	015b      	lsls	r3, r3, #5
200004f2:	4443      	add	r3, r8
200004f4:	0018      	movs	r0, r3
200004f6:	469b      	mov	fp, r3
200004f8:	f000 fc1e 	bl	20000d38 <hw_endpoint_xfer_continue>
200004fc:	2800      	cmp	r0, #0
200004fe:	d108      	bne.n	20000512 <hw_handle_buff_status+0x6e>
20000500:	43be      	bics	r6, r7
20000502:	d1e3      	bne.n	200004cc <hw_handle_buff_status+0x28>
20000504:	b005      	add	sp, #20
20000506:	bcf0      	pop	{r4, r5, r6, r7}
20000508:	46bb      	mov	fp, r7
2000050a:	46b2      	mov	sl, r6
2000050c:	46a9      	mov	r9, r5
2000050e:	46a0      	mov	r8, r4
20000510:	bdf0      	pop	{r4, r5, r6, r7, pc}
20000512:	465b      	mov	r3, fp
20000514:	21e0      	movs	r1, #224	@ 0xe0
20000516:	789a      	ldrb	r2, [r3, #2]
20000518:	8adb      	ldrh	r3, [r3, #22]
2000051a:	a801      	add	r0, sp, #4
2000051c:	6083      	str	r3, [r0, #8]
2000051e:	2300      	movs	r3, #0
20000520:	00c9      	lsls	r1, r1, #3
20000522:	8001      	strh	r1, [r0, #0]
20000524:	2101      	movs	r1, #1
20000526:	7102      	strb	r2, [r0, #4]
20000528:	7143      	strb	r3, [r0, #5]
2000052a:	f000 fc25 	bl	20000d78 <dcd_event_handler>
2000052e:	4658      	mov	r0, fp
20000530:	f000 fba0 	bl	20000c74 <hw_endpoint_reset_transfer>
20000534:	e7e4      	b.n	20000500 <hw_handle_buff_status+0x5c>
20000536:	46c0      	nop			@ (mov r8, r8)
20000538:	50110000 	.word	0x50110000
2000053c:	50113000 	.word	0x50113000
20000540:	20001ba4 	.word	0x20001ba4

20000544 <dcd_rp2040_irq>:
20000544:	2398      	movs	r3, #152	@ 0x98
20000546:	b5f0      	push	{r4, r5, r6, r7, lr}
20000548:	46c6      	mov	lr, r8
2000054a:	4ac8      	ldr	r2, [pc, #800]	@ (2000086c <dcd_rp2040_irq+0x328>)
2000054c:	b500      	push	{lr}
2000054e:	58d5      	ldr	r5, [r2, r3]
20000550:	2380      	movs	r3, #128	@ 0x80
20000552:	002e      	movs	r6, r5
20000554:	029b      	lsls	r3, r3, #10
20000556:	2410      	movs	r4, #16
20000558:	b084      	sub	sp, #16
2000055a:	401e      	ands	r6, r3
2000055c:	421d      	tst	r5, r3
2000055e:	d074      	beq.n	2000064a <dcd_rp2040_irq+0x106>
20000560:	4bc3      	ldr	r3, [pc, #780]	@ (20000870 <dcd_rp2040_irq+0x32c>)
20000562:	4cc4      	ldr	r4, [pc, #784]	@ (20000874 <dcd_rp2040_irq+0x330>)
20000564:	6a9a      	ldr	r2, [r3, #40]	@ 0x28
20000566:	4bc4      	ldr	r3, [pc, #784]	@ (20000878 <dcd_rp2040_irq+0x334>)
20000568:	2600      	movs	r6, #0
2000056a:	601a      	str	r2, [r3, #0]
2000056c:	233b      	movs	r3, #59	@ 0x3b
2000056e:	5ce3      	ldrb	r3, [r4, r3]
20000570:	2b02      	cmp	r3, #2
20000572:	d100      	bne.n	20000576 <dcd_rp2040_irq+0x32>
20000574:	e14f      	b.n	20000816 <dcd_rp2040_irq+0x2d2>
20000576:	237b      	movs	r3, #123	@ 0x7b
20000578:	5ce3      	ldrb	r3, [r4, r3]
2000057a:	2b02      	cmp	r3, #2
2000057c:	d100      	bne.n	20000580 <dcd_rp2040_irq+0x3c>
2000057e:	e0f3      	b.n	20000768 <dcd_rp2040_irq+0x224>
20000580:	23bb      	movs	r3, #187	@ 0xbb
20000582:	5ce3      	ldrb	r3, [r4, r3]
20000584:	2b02      	cmp	r3, #2
20000586:	d100      	bne.n	2000058a <dcd_rp2040_irq+0x46>
20000588:	e0fa      	b.n	20000780 <dcd_rp2040_irq+0x23c>
2000058a:	23fb      	movs	r3, #251	@ 0xfb
2000058c:	5ce3      	ldrb	r3, [r4, r3]
2000058e:	2b02      	cmp	r3, #2
20000590:	d100      	bne.n	20000594 <dcd_rp2040_irq+0x50>
20000592:	e101      	b.n	20000798 <dcd_rp2040_irq+0x254>
20000594:	233c      	movs	r3, #60	@ 0x3c
20000596:	33ff      	adds	r3, #255	@ 0xff
20000598:	5ce3      	ldrb	r3, [r4, r3]
2000059a:	2b02      	cmp	r3, #2
2000059c:	d100      	bne.n	200005a0 <dcd_rp2040_irq+0x5c>
2000059e:	e12d      	b.n	200007fc <dcd_rp2040_irq+0x2b8>
200005a0:	237c      	movs	r3, #124	@ 0x7c
200005a2:	33ff      	adds	r3, #255	@ 0xff
200005a4:	5ce3      	ldrb	r3, [r4, r3]
200005a6:	2b02      	cmp	r3, #2
200005a8:	d100      	bne.n	200005ac <dcd_rp2040_irq+0x68>
200005aa:	e10e      	b.n	200007ca <dcd_rp2040_irq+0x286>
200005ac:	23bc      	movs	r3, #188	@ 0xbc
200005ae:	33ff      	adds	r3, #255	@ 0xff
200005b0:	5ce3      	ldrb	r3, [r4, r3]
200005b2:	2b02      	cmp	r3, #2
200005b4:	d100      	bne.n	200005b8 <dcd_rp2040_irq+0x74>
200005b6:	e13f      	b.n	20000838 <dcd_rp2040_irq+0x2f4>
200005b8:	23fc      	movs	r3, #252	@ 0xfc
200005ba:	33ff      	adds	r3, #255	@ 0xff
200005bc:	5ce3      	ldrb	r3, [r4, r3]
200005be:	2b02      	cmp	r3, #2
200005c0:	d100      	bne.n	200005c4 <dcd_rp2040_irq+0x80>
200005c2:	e0f5      	b.n	200007b0 <dcd_rp2040_irq+0x26c>
200005c4:	4bad      	ldr	r3, [pc, #692]	@ (2000087c <dcd_rp2040_irq+0x338>)
200005c6:	5ce3      	ldrb	r3, [r4, r3]
200005c8:	2b02      	cmp	r3, #2
200005ca:	d100      	bne.n	200005ce <dcd_rp2040_irq+0x8a>
200005cc:	e174      	b.n	200008b8 <dcd_rp2040_irq+0x374>
200005ce:	4bac      	ldr	r3, [pc, #688]	@ (20000880 <dcd_rp2040_irq+0x33c>)
200005d0:	5ce3      	ldrb	r3, [r4, r3]
200005d2:	2b02      	cmp	r3, #2
200005d4:	d100      	bne.n	200005d8 <dcd_rp2040_irq+0x94>
200005d6:	e105      	b.n	200007e4 <dcd_rp2040_irq+0x2a0>
200005d8:	4baa      	ldr	r3, [pc, #680]	@ (20000884 <dcd_rp2040_irq+0x340>)
200005da:	5ce3      	ldrb	r3, [r4, r3]
200005dc:	2b02      	cmp	r3, #2
200005de:	d100      	bne.n	200005e2 <dcd_rp2040_irq+0x9e>
200005e0:	e175      	b.n	200008ce <dcd_rp2040_irq+0x38a>
200005e2:	4ba9      	ldr	r3, [pc, #676]	@ (20000888 <dcd_rp2040_irq+0x344>)
200005e4:	5ce3      	ldrb	r3, [r4, r3]
200005e6:	2b02      	cmp	r3, #2
200005e8:	d100      	bne.n	200005ec <dcd_rp2040_irq+0xa8>
200005ea:	e132      	b.n	20000852 <dcd_rp2040_irq+0x30e>
200005ec:	4ba7      	ldr	r3, [pc, #668]	@ (2000088c <dcd_rp2040_irq+0x348>)
200005ee:	5ce3      	ldrb	r3, [r4, r3]
200005f0:	2b02      	cmp	r3, #2
200005f2:	d100      	bne.n	200005f6 <dcd_rp2040_irq+0xb2>
200005f4:	e1a0      	b.n	20000938 <dcd_rp2040_irq+0x3f4>
200005f6:	4ba6      	ldr	r3, [pc, #664]	@ (20000890 <dcd_rp2040_irq+0x34c>)
200005f8:	5ce3      	ldrb	r3, [r4, r3]
200005fa:	2b02      	cmp	r3, #2
200005fc:	d100      	bne.n	20000600 <dcd_rp2040_irq+0xbc>
200005fe:	e171      	b.n	200008e4 <dcd_rp2040_irq+0x3a0>
20000600:	4ba4      	ldr	r3, [pc, #656]	@ (20000894 <dcd_rp2040_irq+0x350>)
20000602:	5ce3      	ldrb	r3, [r4, r3]
20000604:	2b02      	cmp	r3, #2
20000606:	d100      	bne.n	2000060a <dcd_rp2040_irq+0xc6>
20000608:	e1a1      	b.n	2000094e <dcd_rp2040_irq+0x40a>
2000060a:	4ba3      	ldr	r3, [pc, #652]	@ (20000898 <dcd_rp2040_irq+0x354>)
2000060c:	5ce3      	ldrb	r3, [r4, r3]
2000060e:	2b02      	cmp	r3, #2
20000610:	d100      	bne.n	20000614 <dcd_rp2040_irq+0xd0>
20000612:	e17f      	b.n	20000914 <dcd_rp2040_irq+0x3d0>
20000614:	2e00      	cmp	r6, #0
20000616:	d108      	bne.n	2000062a <dcd_rp2040_irq+0xe6>
20000618:	4ba0      	ldr	r3, [pc, #640]	@ (2000089c <dcd_rp2040_irq+0x358>)
2000061a:	781b      	ldrb	r3, [r3, #0]
2000061c:	2b00      	cmp	r3, #0
2000061e:	d104      	bne.n	2000062a <dcd_rp2040_irq+0xe6>
20000620:	2180      	movs	r1, #128	@ 0x80
20000622:	4a9f      	ldr	r2, [pc, #636]	@ (200008a0 <dcd_rp2040_irq+0x35c>)
20000624:	3390      	adds	r3, #144	@ 0x90
20000626:	0289      	lsls	r1, r1, #10
20000628:	50d1      	str	r1, [r2, r3]
2000062a:	22c0      	movs	r2, #192	@ 0xc0
2000062c:	4669      	mov	r1, sp
2000062e:	4b8f      	ldr	r3, [pc, #572]	@ (2000086c <dcd_rp2040_irq+0x328>)
20000630:	0092      	lsls	r2, r2, #2
20000632:	6c9b      	ldr	r3, [r3, #72]	@ 0x48
20000634:	2680      	movs	r6, #128	@ 0x80
20000636:	055b      	lsls	r3, r3, #21
20000638:	808a      	strh	r2, [r1, #4]
2000063a:	0d5b      	lsrs	r3, r3, #21
2000063c:	2101      	movs	r1, #1
2000063e:	a801      	add	r0, sp, #4
20000640:	9302      	str	r3, [sp, #8]
20000642:	f000 fb99 	bl	20000d78 <dcd_event_handler>
20000646:	4c97      	ldr	r4, [pc, #604]	@ (200008a4 <dcd_rp2040_irq+0x360>)
20000648:	02b6      	lsls	r6, r6, #10
2000064a:	06eb      	lsls	r3, r5, #27
2000064c:	d500      	bpl.n	20000650 <dcd_rp2040_irq+0x10c>
2000064e:	e07f      	b.n	20000750 <dcd_rp2040_irq+0x20c>
20000650:	2380      	movs	r3, #128	@ 0x80
20000652:	025b      	lsls	r3, r3, #9
20000654:	421d      	tst	r5, r3
20000656:	d031      	beq.n	200006bc <dcd_rp2040_irq+0x178>
20000658:	431e      	orrs	r6, r3
2000065a:	2301      	movs	r3, #1
2000065c:	2402      	movs	r4, #2
2000065e:	4698      	mov	r8, r3
20000660:	4f84      	ldr	r7, [pc, #528]	@ (20000874 <dcd_rp2040_irq+0x330>)
20000662:	7ebb      	ldrb	r3, [r7, #26]
20000664:	2b00      	cmp	r3, #0
20000666:	d014      	beq.n	20000692 <dcd_rp2040_irq+0x14e>
20000668:	f000 fc9a 	bl	20000fa0 <__rp2040_chip_version_veneer>
2000066c:	2801      	cmp	r0, #1
2000066e:	d900      	bls.n	20000672 <dcd_rp2040_irq+0x12e>
20000670:	e072      	b.n	20000758 <dcd_rp2040_irq+0x214>
20000672:	22c0      	movs	r2, #192	@ 0xc0
20000674:	2100      	movs	r1, #0
20000676:	0038      	movs	r0, r7
20000678:	0192      	lsls	r2, r2, #6
2000067a:	f000 fb01 	bl	20000c80 <_hw_endpoint_buffer_control_update32>
2000067e:	0038      	movs	r0, r7
20000680:	f000 faf8 	bl	20000c74 <hw_endpoint_reset_transfer>
20000684:	f000 fc8c 	bl	20000fa0 <__rp2040_chip_version_veneer>
20000688:	2801      	cmp	r0, #1
2000068a:	d902      	bls.n	20000692 <dcd_rp2040_irq+0x14e>
2000068c:	4b84      	ldr	r3, [pc, #528]	@ (200008a0 <dcd_rp2040_irq+0x35c>)
2000068e:	665c      	str	r4, [r3, #100]	@ 0x64
20000690:	661c      	str	r4, [r3, #96]	@ 0x60
20000692:	4643      	mov	r3, r8
20000694:	70fb      	strb	r3, [r7, #3]
20000696:	3720      	adds	r7, #32
20000698:	2c01      	cmp	r4, #1
2000069a:	d122      	bne.n	200006e2 <dcd_rp2040_irq+0x19e>
2000069c:	23c0      	movs	r3, #192	@ 0xc0
2000069e:	466a      	mov	r2, sp
200006a0:	00db      	lsls	r3, r3, #3
200006a2:	8093      	strh	r3, [r2, #4]
200006a4:	4a80      	ldr	r2, [pc, #512]	@ (200008a8 <dcd_rp2040_irq+0x364>)
200006a6:	ab02      	add	r3, sp, #8
200006a8:	ca03      	ldmia	r2!, {r0, r1}
200006aa:	c303      	stmia	r3!, {r0, r1}
200006ac:	2101      	movs	r1, #1
200006ae:	a801      	add	r0, sp, #4
200006b0:	f000 fb62 	bl	20000d78 <dcd_event_handler>
200006b4:	2280      	movs	r2, #128	@ 0x80
200006b6:	4b7a      	ldr	r3, [pc, #488]	@ (200008a0 <dcd_rp2040_irq+0x35c>)
200006b8:	0292      	lsls	r2, r2, #10
200006ba:	651a      	str	r2, [r3, #80]	@ 0x50
200006bc:	2380      	movs	r3, #128	@ 0x80
200006be:	015b      	lsls	r3, r3, #5
200006c0:	421d      	tst	r5, r3
200006c2:	d110      	bne.n	200006e6 <dcd_rp2040_irq+0x1a2>
200006c4:	2380      	movs	r3, #128	@ 0x80
200006c6:	01db      	lsls	r3, r3, #7
200006c8:	421d      	tst	r5, r3
200006ca:	d123      	bne.n	20000714 <dcd_rp2040_irq+0x1d0>
200006cc:	2380      	movs	r3, #128	@ 0x80
200006ce:	021b      	lsls	r3, r3, #8
200006d0:	421d      	tst	r5, r3
200006d2:	d12f      	bne.n	20000734 <dcd_rp2040_irq+0x1f0>
200006d4:	42ae      	cmp	r6, r5
200006d6:	d000      	beq.n	200006da <dcd_rp2040_irq+0x196>
200006d8:	e1c0      	b.n	20000a5c <dcd_rp2040_irq+0x518>
200006da:	b004      	add	sp, #16
200006dc:	bc80      	pop	{r7}
200006de:	46b8      	mov	r8, r7
200006e0:	bdf0      	pop	{r4, r5, r6, r7, pc}
200006e2:	2401      	movs	r4, #1
200006e4:	e7bd      	b.n	20000662 <dcd_rp2040_irq+0x11e>
200006e6:	2400      	movs	r4, #0
200006e8:	431e      	orrs	r6, r3
200006ea:	4b60      	ldr	r3, [pc, #384]	@ (2000086c <dcd_rp2040_irq+0x328>)
200006ec:	601c      	str	r4, [r3, #0]
200006ee:	f7ff fea5 	bl	2000043c <reset_non_control_endpoints>
200006f2:	2380      	movs	r3, #128	@ 0x80
200006f4:	466a      	mov	r2, sp
200006f6:	005b      	lsls	r3, r3, #1
200006f8:	8093      	strh	r3, [r2, #4]
200006fa:	7214      	strb	r4, [r2, #8]
200006fc:	2101      	movs	r1, #1
200006fe:	a801      	add	r0, sp, #4
20000700:	f000 fb3a 	bl	20000d78 <dcd_event_handler>
20000704:	2280      	movs	r2, #128	@ 0x80
20000706:	4b66      	ldr	r3, [pc, #408]	@ (200008a0 <dcd_rp2040_irq+0x35c>)
20000708:	0312      	lsls	r2, r2, #12
2000070a:	651a      	str	r2, [r3, #80]	@ 0x50
2000070c:	2380      	movs	r3, #128	@ 0x80
2000070e:	01db      	lsls	r3, r3, #7
20000710:	421d      	tst	r5, r3
20000712:	d0db      	beq.n	200006cc <dcd_rp2040_irq+0x188>
20000714:	431e      	orrs	r6, r3
20000716:	2380      	movs	r3, #128	@ 0x80
20000718:	466a      	mov	r2, sp
2000071a:	00db      	lsls	r3, r3, #3
2000071c:	8093      	strh	r3, [r2, #4]
2000071e:	2101      	movs	r1, #1
20000720:	a801      	add	r0, sp, #4
20000722:	f000 fb29 	bl	20000d78 <dcd_event_handler>
20000726:	2210      	movs	r2, #16
20000728:	4b5d      	ldr	r3, [pc, #372]	@ (200008a0 <dcd_rp2040_irq+0x35c>)
2000072a:	651a      	str	r2, [r3, #80]	@ 0x50
2000072c:	2380      	movs	r3, #128	@ 0x80
2000072e:	021b      	lsls	r3, r3, #8
20000730:	421d      	tst	r5, r3
20000732:	d0cf      	beq.n	200006d4 <dcd_rp2040_irq+0x190>
20000734:	431e      	orrs	r6, r3
20000736:	23a0      	movs	r3, #160	@ 0xa0
20000738:	466a      	mov	r2, sp
2000073a:	00db      	lsls	r3, r3, #3
2000073c:	8093      	strh	r3, [r2, #4]
2000073e:	2101      	movs	r1, #1
20000740:	a801      	add	r0, sp, #4
20000742:	f000 fb19 	bl	20000d78 <dcd_event_handler>
20000746:	2280      	movs	r2, #128	@ 0x80
20000748:	4b55      	ldr	r3, [pc, #340]	@ (200008a0 <dcd_rp2040_irq+0x35c>)
2000074a:	0112      	lsls	r2, r2, #4
2000074c:	651a      	str	r2, [r3, #80]	@ 0x50
2000074e:	e7c1      	b.n	200006d4 <dcd_rp2040_irq+0x190>
20000750:	f7ff fea8 	bl	200004a4 <hw_handle_buff_status>
20000754:	0026      	movs	r6, r4
20000756:	e77b      	b.n	20000650 <dcd_rp2040_irq+0x10c>
20000758:	4b54      	ldr	r3, [pc, #336]	@ (200008ac <dcd_rp2040_irq+0x368>)
2000075a:	4a44      	ldr	r2, [pc, #272]	@ (2000086c <dcd_rp2040_irq+0x328>)
2000075c:	661c      	str	r4, [r3, #96]	@ 0x60
2000075e:	6e53      	ldr	r3, [r2, #100]	@ 0x64
20000760:	4023      	ands	r3, r4
20000762:	42a3      	cmp	r3, r4
20000764:	d1fb      	bne.n	2000075e <dcd_rp2040_irq+0x21a>
20000766:	e784      	b.n	20000672 <dcd_rp2040_irq+0x12e>
20000768:	3378      	adds	r3, #120	@ 0x78
2000076a:	5ce7      	ldrb	r7, [r4, r3]
2000076c:	2f00      	cmp	r7, #0
2000076e:	d100      	bne.n	20000772 <dcd_rp2040_irq+0x22e>
20000770:	e706      	b.n	20000580 <dcd_rp2040_irq+0x3c>
20000772:	3302      	adds	r3, #2
20000774:	5ce2      	ldrb	r2, [r4, r3]
20000776:	2a00      	cmp	r2, #0
20000778:	d000      	beq.n	2000077c <dcd_rp2040_irq+0x238>
2000077a:	e10d      	b.n	20000998 <dcd_rp2040_irq+0x454>
2000077c:	003e      	movs	r6, r7
2000077e:	e6ff      	b.n	20000580 <dcd_rp2040_irq+0x3c>
20000780:	33b8      	adds	r3, #184	@ 0xb8
20000782:	5ce7      	ldrb	r7, [r4, r3]
20000784:	2f00      	cmp	r7, #0
20000786:	d100      	bne.n	2000078a <dcd_rp2040_irq+0x246>
20000788:	e6ff      	b.n	2000058a <dcd_rp2040_irq+0x46>
2000078a:	3302      	adds	r3, #2
2000078c:	5ce2      	ldrb	r2, [r4, r3]
2000078e:	2a00      	cmp	r2, #0
20000790:	d000      	beq.n	20000794 <dcd_rp2040_irq+0x250>
20000792:	e0f9      	b.n	20000988 <dcd_rp2040_irq+0x444>
20000794:	003e      	movs	r6, r7
20000796:	e6f8      	b.n	2000058a <dcd_rp2040_irq+0x46>
20000798:	33f8      	adds	r3, #248	@ 0xf8
2000079a:	5ce7      	ldrb	r7, [r4, r3]
2000079c:	2f00      	cmp	r7, #0
2000079e:	d100      	bne.n	200007a2 <dcd_rp2040_irq+0x25e>
200007a0:	e6f8      	b.n	20000594 <dcd_rp2040_irq+0x50>
200007a2:	3302      	adds	r3, #2
200007a4:	5ce2      	ldrb	r2, [r4, r3]
200007a6:	2a00      	cmp	r2, #0
200007a8:	d000      	beq.n	200007ac <dcd_rp2040_irq+0x268>
200007aa:	e141      	b.n	20000a30 <dcd_rp2040_irq+0x4ec>
200007ac:	003e      	movs	r6, r7
200007ae:	e6f1      	b.n	20000594 <dcd_rp2040_irq+0x50>
200007b0:	33f9      	adds	r3, #249	@ 0xf9
200007b2:	33ff      	adds	r3, #255	@ 0xff
200007b4:	5ce7      	ldrb	r7, [r4, r3]
200007b6:	2f00      	cmp	r7, #0
200007b8:	d100      	bne.n	200007bc <dcd_rp2040_irq+0x278>
200007ba:	e703      	b.n	200005c4 <dcd_rp2040_irq+0x80>
200007bc:	3302      	adds	r3, #2
200007be:	5ce2      	ldrb	r2, [r4, r3]
200007c0:	2a00      	cmp	r2, #0
200007c2:	d000      	beq.n	200007c6 <dcd_rp2040_irq+0x282>
200007c4:	e12b      	b.n	20000a1e <dcd_rp2040_irq+0x4da>
200007c6:	003e      	movs	r6, r7
200007c8:	e6fc      	b.n	200005c4 <dcd_rp2040_irq+0x80>
200007ca:	3379      	adds	r3, #121	@ 0x79
200007cc:	33ff      	adds	r3, #255	@ 0xff
200007ce:	5ce7      	ldrb	r7, [r4, r3]
200007d0:	2f00      	cmp	r7, #0
200007d2:	d100      	bne.n	200007d6 <dcd_rp2040_irq+0x292>
200007d4:	e6ea      	b.n	200005ac <dcd_rp2040_irq+0x68>
200007d6:	3302      	adds	r3, #2
200007d8:	5ce2      	ldrb	r2, [r4, r3]
200007da:	2a00      	cmp	r2, #0
200007dc:	d000      	beq.n	200007e0 <dcd_rp2040_irq+0x29c>
200007de:	e115      	b.n	20000a0c <dcd_rp2040_irq+0x4c8>
200007e0:	003e      	movs	r6, r7
200007e2:	e6e3      	b.n	200005ac <dcd_rp2040_irq+0x68>
200007e4:	4b32      	ldr	r3, [pc, #200]	@ (200008b0 <dcd_rp2040_irq+0x36c>)
200007e6:	5ce7      	ldrb	r7, [r4, r3]
200007e8:	2f00      	cmp	r7, #0
200007ea:	d100      	bne.n	200007ee <dcd_rp2040_irq+0x2aa>
200007ec:	e6f4      	b.n	200005d8 <dcd_rp2040_irq+0x94>
200007ee:	3302      	adds	r3, #2
200007f0:	5ce2      	ldrb	r2, [r4, r3]
200007f2:	2a00      	cmp	r2, #0
200007f4:	d000      	beq.n	200007f8 <dcd_rp2040_irq+0x2b4>
200007f6:	e101      	b.n	200009fc <dcd_rp2040_irq+0x4b8>
200007f8:	003e      	movs	r6, r7
200007fa:	e6ed      	b.n	200005d8 <dcd_rp2040_irq+0x94>
200007fc:	3339      	adds	r3, #57	@ 0x39
200007fe:	33ff      	adds	r3, #255	@ 0xff
20000800:	5ce7      	ldrb	r7, [r4, r3]
20000802:	2f00      	cmp	r7, #0
20000804:	d100      	bne.n	20000808 <dcd_rp2040_irq+0x2c4>
20000806:	e6cb      	b.n	200005a0 <dcd_rp2040_irq+0x5c>
20000808:	3302      	adds	r3, #2
2000080a:	5ce2      	ldrb	r2, [r4, r3]
2000080c:	2a00      	cmp	r2, #0
2000080e:	d000      	beq.n	20000812 <dcd_rp2040_irq+0x2ce>
20000810:	e0eb      	b.n	200009ea <dcd_rp2040_irq+0x4a6>
20000812:	003e      	movs	r6, r7
20000814:	e6c4      	b.n	200005a0 <dcd_rp2040_irq+0x5c>
20000816:	3338      	adds	r3, #56	@ 0x38
20000818:	5ce6      	ldrb	r6, [r4, r3]
2000081a:	2e00      	cmp	r6, #0
2000081c:	d100      	bne.n	20000820 <dcd_rp2040_irq+0x2dc>
2000081e:	e6aa      	b.n	20000576 <dcd_rp2040_irq+0x32>
20000820:	3302      	adds	r3, #2
20000822:	5ce2      	ldrb	r2, [r4, r3]
20000824:	2a00      	cmp	r2, #0
20000826:	d100      	bne.n	2000082a <dcd_rp2040_irq+0x2e6>
20000828:	e6a5      	b.n	20000576 <dcd_rp2040_irq+0x32>
2000082a:	0020      	movs	r0, r4
2000082c:	2200      	movs	r2, #0
2000082e:	3020      	adds	r0, #32
20000830:	54e2      	strb	r2, [r4, r3]
20000832:	f000 fa4d 	bl	20000cd0 <hw_endpoint_start_next_buffer>
20000836:	e69e      	b.n	20000576 <dcd_rp2040_irq+0x32>
20000838:	33b9      	adds	r3, #185	@ 0xb9
2000083a:	33ff      	adds	r3, #255	@ 0xff
2000083c:	5ce7      	ldrb	r7, [r4, r3]
2000083e:	2f00      	cmp	r7, #0
20000840:	d100      	bne.n	20000844 <dcd_rp2040_irq+0x300>
20000842:	e6b9      	b.n	200005b8 <dcd_rp2040_irq+0x74>
20000844:	3302      	adds	r3, #2
20000846:	5ce2      	ldrb	r2, [r4, r3]
20000848:	2a00      	cmp	r2, #0
2000084a:	d000      	beq.n	2000084e <dcd_rp2040_irq+0x30a>
2000084c:	e0c4      	b.n	200009d8 <dcd_rp2040_irq+0x494>
2000084e:	003e      	movs	r6, r7
20000850:	e6b2      	b.n	200005b8 <dcd_rp2040_irq+0x74>
20000852:	4b18      	ldr	r3, [pc, #96]	@ (200008b4 <dcd_rp2040_irq+0x370>)
20000854:	5ce7      	ldrb	r7, [r4, r3]
20000856:	2f00      	cmp	r7, #0
20000858:	d100      	bne.n	2000085c <dcd_rp2040_irq+0x318>
2000085a:	e6c7      	b.n	200005ec <dcd_rp2040_irq+0xa8>
2000085c:	3302      	adds	r3, #2
2000085e:	5ce2      	ldrb	r2, [r4, r3]
20000860:	2a00      	cmp	r2, #0
20000862:	d000      	beq.n	20000866 <dcd_rp2040_irq+0x322>
20000864:	e0b0      	b.n	200009c8 <dcd_rp2040_irq+0x484>
20000866:	003e      	movs	r6, r7
20000868:	e6c0      	b.n	200005ec <dcd_rp2040_irq+0xa8>
2000086a:	46c0      	nop			@ (mov r8, r8)
2000086c:	50110000 	.word	0x50110000
20000870:	40054000 	.word	0x40054000
20000874:	20001ba4 	.word	0x20001ba4
20000878:	20001b98 	.word	0x20001b98
2000087c:	0000023b 	.word	0x0000023b
20000880:	0000027b 	.word	0x0000027b
20000884:	000002bb 	.word	0x000002bb
20000888:	000002fb 	.word	0x000002fb
2000088c:	0000033b 	.word	0x0000033b
20000890:	0000037b 	.word	0x0000037b
20000894:	000003bb 	.word	0x000003bb
20000898:	000003fb 	.word	0x000003fb
2000089c:	20002026 	.word	0x20002026
200008a0:	50113000 	.word	0x50113000
200008a4:	00020010 	.word	0x00020010
200008a8:	50100000 	.word	0x50100000
200008ac:	50112000 	.word	0x50112000
200008b0:	0000027a 	.word	0x0000027a
200008b4:	000002fa 	.word	0x000002fa
200008b8:	4b6b      	ldr	r3, [pc, #428]	@ (20000a68 <dcd_rp2040_irq+0x524>)
200008ba:	5ce7      	ldrb	r7, [r4, r3]
200008bc:	2f00      	cmp	r7, #0
200008be:	d100      	bne.n	200008c2 <dcd_rp2040_irq+0x37e>
200008c0:	e685      	b.n	200005ce <dcd_rp2040_irq+0x8a>
200008c2:	3302      	adds	r3, #2
200008c4:	5ce2      	ldrb	r2, [r4, r3]
200008c6:	2a00      	cmp	r2, #0
200008c8:	d176      	bne.n	200009b8 <dcd_rp2040_irq+0x474>
200008ca:	003e      	movs	r6, r7
200008cc:	e67f      	b.n	200005ce <dcd_rp2040_irq+0x8a>
200008ce:	4b67      	ldr	r3, [pc, #412]	@ (20000a6c <dcd_rp2040_irq+0x528>)
200008d0:	5ce7      	ldrb	r7, [r4, r3]
200008d2:	2f00      	cmp	r7, #0
200008d4:	d100      	bne.n	200008d8 <dcd_rp2040_irq+0x394>
200008d6:	e684      	b.n	200005e2 <dcd_rp2040_irq+0x9e>
200008d8:	3302      	adds	r3, #2
200008da:	5ce2      	ldrb	r2, [r4, r3]
200008dc:	2a00      	cmp	r2, #0
200008de:	d163      	bne.n	200009a8 <dcd_rp2040_irq+0x464>
200008e0:	003e      	movs	r6, r7
200008e2:	e67e      	b.n	200005e2 <dcd_rp2040_irq+0x9e>
200008e4:	4b62      	ldr	r3, [pc, #392]	@ (20000a70 <dcd_rp2040_irq+0x52c>)
200008e6:	5ce7      	ldrb	r7, [r4, r3]
200008e8:	2f00      	cmp	r7, #0
200008ea:	d100      	bne.n	200008ee <dcd_rp2040_irq+0x3aa>
200008ec:	e688      	b.n	20000600 <dcd_rp2040_irq+0xbc>
200008ee:	3302      	adds	r3, #2
200008f0:	5ce2      	ldrb	r2, [r4, r3]
200008f2:	2a00      	cmp	r2, #0
200008f4:	d000      	beq.n	200008f8 <dcd_rp2040_irq+0x3b4>
200008f6:	e0a3      	b.n	20000a40 <dcd_rp2040_irq+0x4fc>
200008f8:	4b5e      	ldr	r3, [pc, #376]	@ (20000a74 <dcd_rp2040_irq+0x530>)
200008fa:	5ce3      	ldrb	r3, [r4, r3]
200008fc:	2b02      	cmp	r3, #2
200008fe:	d130      	bne.n	20000962 <dcd_rp2040_irq+0x41e>
20000900:	4b5d      	ldr	r3, [pc, #372]	@ (20000a78 <dcd_rp2040_irq+0x534>)
20000902:	5ce3      	ldrb	r3, [r4, r3]
20000904:	2b00      	cmp	r3, #0
20000906:	d127      	bne.n	20000958 <dcd_rp2040_irq+0x414>
20000908:	4b5c      	ldr	r3, [pc, #368]	@ (20000a7c <dcd_rp2040_irq+0x538>)
2000090a:	5ce3      	ldrb	r3, [r4, r3]
2000090c:	2b02      	cmp	r3, #2
2000090e:	d000      	beq.n	20000912 <dcd_rp2040_irq+0x3ce>
20000910:	e68b      	b.n	2000062a <dcd_rp2040_irq+0xe6>
20000912:	003e      	movs	r6, r7
20000914:	4b5a      	ldr	r3, [pc, #360]	@ (20000a80 <dcd_rp2040_irq+0x53c>)
20000916:	5ce3      	ldrb	r3, [r4, r3]
20000918:	2b00      	cmp	r3, #0
2000091a:	d100      	bne.n	2000091e <dcd_rp2040_irq+0x3da>
2000091c:	e67a      	b.n	20000614 <dcd_rp2040_irq+0xd0>
2000091e:	23ff      	movs	r3, #255	@ 0xff
20000920:	009b      	lsls	r3, r3, #2
20000922:	5ce2      	ldrb	r2, [r4, r3]
20000924:	2a00      	cmp	r2, #0
20000926:	d100      	bne.n	2000092a <dcd_rp2040_irq+0x3e6>
20000928:	e67f      	b.n	2000062a <dcd_rp2040_irq+0xe6>
2000092a:	2200      	movs	r2, #0
2000092c:	54e2      	strb	r2, [r4, r3]
2000092e:	3b1c      	subs	r3, #28
20000930:	18e0      	adds	r0, r4, r3
20000932:	f000 f9cd 	bl	20000cd0 <hw_endpoint_start_next_buffer>
20000936:	e678      	b.n	2000062a <dcd_rp2040_irq+0xe6>
20000938:	4b52      	ldr	r3, [pc, #328]	@ (20000a84 <dcd_rp2040_irq+0x540>)
2000093a:	5ce7      	ldrb	r7, [r4, r3]
2000093c:	2f00      	cmp	r7, #0
2000093e:	d100      	bne.n	20000942 <dcd_rp2040_irq+0x3fe>
20000940:	e659      	b.n	200005f6 <dcd_rp2040_irq+0xb2>
20000942:	3302      	adds	r3, #2
20000944:	5ce2      	ldrb	r2, [r4, r3]
20000946:	2a00      	cmp	r2, #0
20000948:	d116      	bne.n	20000978 <dcd_rp2040_irq+0x434>
2000094a:	003e      	movs	r6, r7
2000094c:	e653      	b.n	200005f6 <dcd_rp2040_irq+0xb2>
2000094e:	4b4a      	ldr	r3, [pc, #296]	@ (20000a78 <dcd_rp2040_irq+0x534>)
20000950:	5ce3      	ldrb	r3, [r4, r3]
20000952:	2b00      	cmp	r3, #0
20000954:	d100      	bne.n	20000958 <dcd_rp2040_irq+0x414>
20000956:	e658      	b.n	2000060a <dcd_rp2040_irq+0xc6>
20000958:	23ef      	movs	r3, #239	@ 0xef
2000095a:	009b      	lsls	r3, r3, #2
2000095c:	5ce2      	ldrb	r2, [r4, r3]
2000095e:	2a00      	cmp	r2, #0
20000960:	d175      	bne.n	20000a4e <dcd_rp2040_irq+0x50a>
20000962:	4b46      	ldr	r3, [pc, #280]	@ (20000a7c <dcd_rp2040_irq+0x538>)
20000964:	5ce3      	ldrb	r3, [r4, r3]
20000966:	2b02      	cmp	r3, #2
20000968:	d000      	beq.n	2000096c <dcd_rp2040_irq+0x428>
2000096a:	e65e      	b.n	2000062a <dcd_rp2040_irq+0xe6>
2000096c:	4b44      	ldr	r3, [pc, #272]	@ (20000a80 <dcd_rp2040_irq+0x53c>)
2000096e:	5ce3      	ldrb	r3, [r4, r3]
20000970:	2b00      	cmp	r3, #0
20000972:	d100      	bne.n	20000976 <dcd_rp2040_irq+0x432>
20000974:	e659      	b.n	2000062a <dcd_rp2040_irq+0xe6>
20000976:	e7d2      	b.n	2000091e <dcd_rp2040_irq+0x3da>
20000978:	2200      	movs	r2, #0
2000097a:	54e2      	strb	r2, [r4, r3]
2000097c:	3b1c      	subs	r3, #28
2000097e:	18e0      	adds	r0, r4, r3
20000980:	f000 f9a6 	bl	20000cd0 <hw_endpoint_start_next_buffer>
20000984:	003e      	movs	r6, r7
20000986:	e636      	b.n	200005f6 <dcd_rp2040_irq+0xb2>
20000988:	0020      	movs	r0, r4
2000098a:	2200      	movs	r2, #0
2000098c:	30a0      	adds	r0, #160	@ 0xa0
2000098e:	54e2      	strb	r2, [r4, r3]
20000990:	003e      	movs	r6, r7
20000992:	f000 f99d 	bl	20000cd0 <hw_endpoint_start_next_buffer>
20000996:	e5f8      	b.n	2000058a <dcd_rp2040_irq+0x46>
20000998:	0020      	movs	r0, r4
2000099a:	2200      	movs	r2, #0
2000099c:	3060      	adds	r0, #96	@ 0x60
2000099e:	54e2      	strb	r2, [r4, r3]
200009a0:	003e      	movs	r6, r7
200009a2:	f000 f995 	bl	20000cd0 <hw_endpoint_start_next_buffer>
200009a6:	e5eb      	b.n	20000580 <dcd_rp2040_irq+0x3c>
200009a8:	2200      	movs	r2, #0
200009aa:	54e2      	strb	r2, [r4, r3]
200009ac:	3b1c      	subs	r3, #28
200009ae:	18e0      	adds	r0, r4, r3
200009b0:	f000 f98e 	bl	20000cd0 <hw_endpoint_start_next_buffer>
200009b4:	003e      	movs	r6, r7
200009b6:	e614      	b.n	200005e2 <dcd_rp2040_irq+0x9e>
200009b8:	2200      	movs	r2, #0
200009ba:	54e2      	strb	r2, [r4, r3]
200009bc:	3b1c      	subs	r3, #28
200009be:	18e0      	adds	r0, r4, r3
200009c0:	f000 f986 	bl	20000cd0 <hw_endpoint_start_next_buffer>
200009c4:	003e      	movs	r6, r7
200009c6:	e602      	b.n	200005ce <dcd_rp2040_irq+0x8a>
200009c8:	2200      	movs	r2, #0
200009ca:	54e2      	strb	r2, [r4, r3]
200009cc:	3b1c      	subs	r3, #28
200009ce:	18e0      	adds	r0, r4, r3
200009d0:	f000 f97e 	bl	20000cd0 <hw_endpoint_start_next_buffer>
200009d4:	003e      	movs	r6, r7
200009d6:	e609      	b.n	200005ec <dcd_rp2040_irq+0xa8>
200009d8:	0020      	movs	r0, r4
200009da:	2200      	movs	r2, #0
200009dc:	30a1      	adds	r0, #161	@ 0xa1
200009de:	30ff      	adds	r0, #255	@ 0xff
200009e0:	54e2      	strb	r2, [r4, r3]
200009e2:	003e      	movs	r6, r7
200009e4:	f000 f974 	bl	20000cd0 <hw_endpoint_start_next_buffer>
200009e8:	e5e6      	b.n	200005b8 <dcd_rp2040_irq+0x74>
200009ea:	0020      	movs	r0, r4
200009ec:	2200      	movs	r2, #0
200009ee:	3021      	adds	r0, #33	@ 0x21
200009f0:	30ff      	adds	r0, #255	@ 0xff
200009f2:	54e2      	strb	r2, [r4, r3]
200009f4:	003e      	movs	r6, r7
200009f6:	f000 f96b 	bl	20000cd0 <hw_endpoint_start_next_buffer>
200009fa:	e5d1      	b.n	200005a0 <dcd_rp2040_irq+0x5c>
200009fc:	2200      	movs	r2, #0
200009fe:	54e2      	strb	r2, [r4, r3]
20000a00:	3b1c      	subs	r3, #28
20000a02:	18e0      	adds	r0, r4, r3
20000a04:	f000 f964 	bl	20000cd0 <hw_endpoint_start_next_buffer>
20000a08:	003e      	movs	r6, r7
20000a0a:	e5e5      	b.n	200005d8 <dcd_rp2040_irq+0x94>
20000a0c:	0020      	movs	r0, r4
20000a0e:	2200      	movs	r2, #0
20000a10:	3061      	adds	r0, #97	@ 0x61
20000a12:	30ff      	adds	r0, #255	@ 0xff
20000a14:	54e2      	strb	r2, [r4, r3]
20000a16:	003e      	movs	r6, r7
20000a18:	f000 f95a 	bl	20000cd0 <hw_endpoint_start_next_buffer>
20000a1c:	e5c6      	b.n	200005ac <dcd_rp2040_irq+0x68>
20000a1e:	0020      	movs	r0, r4
20000a20:	2200      	movs	r2, #0
20000a22:	30e1      	adds	r0, #225	@ 0xe1
20000a24:	30ff      	adds	r0, #255	@ 0xff
20000a26:	54e2      	strb	r2, [r4, r3]
20000a28:	003e      	movs	r6, r7
20000a2a:	f000 f951 	bl	20000cd0 <hw_endpoint_start_next_buffer>
20000a2e:	e5c9      	b.n	200005c4 <dcd_rp2040_irq+0x80>
20000a30:	0020      	movs	r0, r4
20000a32:	2200      	movs	r2, #0
20000a34:	30e0      	adds	r0, #224	@ 0xe0
20000a36:	54e2      	strb	r2, [r4, r3]
20000a38:	003e      	movs	r6, r7
20000a3a:	f000 f949 	bl	20000cd0 <hw_endpoint_start_next_buffer>
20000a3e:	e5a9      	b.n	20000594 <dcd_rp2040_irq+0x50>
20000a40:	2200      	movs	r2, #0
20000a42:	54e2      	strb	r2, [r4, r3]
20000a44:	3b1c      	subs	r3, #28
20000a46:	18e0      	adds	r0, r4, r3
20000a48:	f000 f942 	bl	20000cd0 <hw_endpoint_start_next_buffer>
20000a4c:	e754      	b.n	200008f8 <dcd_rp2040_irq+0x3b4>
20000a4e:	2200      	movs	r2, #0
20000a50:	54e2      	strb	r2, [r4, r3]
20000a52:	3b1c      	subs	r3, #28
20000a54:	18e0      	adds	r0, r4, r3
20000a56:	f000 f93b 	bl	20000cd0 <hw_endpoint_start_next_buffer>
20000a5a:	e782      	b.n	20000962 <dcd_rp2040_irq+0x41e>
20000a5c:	0031      	movs	r1, r6
20000a5e:	480a      	ldr	r0, [pc, #40]	@ (20000a88 <dcd_rp2040_irq+0x544>)
20000a60:	4069      	eors	r1, r5
20000a62:	f000 fa8d 	bl	20000f80 <__panic_veneer>
20000a66:	46c0      	nop			@ (mov r8, r8)
20000a68:	0000023a 	.word	0x0000023a
20000a6c:	000002ba 	.word	0x000002ba
20000a70:	0000037a 	.word	0x0000037a
20000a74:	000003bb 	.word	0x000003bb
20000a78:	000003ba 	.word	0x000003ba
20000a7c:	000003fb 	.word	0x000003fb
20000a80:	000003fa 	.word	0x000003fa
20000a84:	0000033a 	.word	0x0000033a
20000a88:	10009074 	.word	0x10009074

20000a8c <prepare_ep_buffer>:
20000a8c:	b5f0      	push	{r4, r5, r6, r7, lr}
20000a8e:	46c6      	mov	lr, r8
20000a90:	b500      	push	{lr}
20000a92:	0002      	movs	r2, r0
20000a94:	8a83      	ldrh	r3, [r0, #20]
20000a96:	8b00      	ldrh	r0, [r0, #24]
20000a98:	468c      	mov	ip, r1
20000a9a:	1c01      	adds	r1, r0, #0
20000a9c:	4298      	cmp	r0, r3
20000a9e:	d900      	bls.n	20000aa2 <prepare_ep_buffer+0x16>
20000aa0:	1c19      	adds	r1, r3, #0
20000aa2:	78d4      	ldrb	r4, [r2, #3]
20000aa4:	2580      	movs	r5, #128	@ 0x80
20000aa6:	0020      	movs	r0, r4
20000aa8:	1e46      	subs	r6, r0, #1
20000aaa:	41b0      	sbcs	r0, r6
20000aac:	b289      	uxth	r1, r1
20000aae:	00ed      	lsls	r5, r5, #3
20000ab0:	430d      	orrs	r5, r1
20000ab2:	0340      	lsls	r0, r0, #13
20000ab4:	4328      	orrs	r0, r5
20000ab6:	2501      	movs	r5, #1
20000ab8:	406c      	eors	r4, r5
20000aba:	1a5b      	subs	r3, r3, r1
20000abc:	70d4      	strb	r4, [r2, #3]
20000abe:	7854      	ldrb	r4, [r2, #1]
20000ac0:	b29b      	uxth	r3, r3
20000ac2:	8293      	strh	r3, [r2, #20]
20000ac4:	2c00      	cmp	r4, #0
20000ac6:	d131      	bne.n	20000b2c <prepare_ep_buffer+0xa0>
20000ac8:	4664      	mov	r4, ip
20000aca:	68d5      	ldr	r5, [r2, #12]
20000acc:	01a4      	lsls	r4, r4, #6
20000ace:	1e4e      	subs	r6, r1, #1
20000ad0:	192d      	adds	r5, r5, r4
20000ad2:	46b0      	mov	r8, r6
20000ad4:	6914      	ldr	r4, [r2, #16]
20000ad6:	2900      	cmp	r1, #0
20000ad8:	d023      	beq.n	20000b22 <prepare_ep_buffer+0x96>
20000ada:	2e06      	cmp	r6, #6
20000adc:	d932      	bls.n	20000b44 <prepare_ep_buffer+0xb8>
20000ade:	002b      	movs	r3, r5
20000ae0:	4323      	orrs	r3, r4
20000ae2:	079b      	lsls	r3, r3, #30
20000ae4:	d12e      	bne.n	20000b44 <prepare_ep_buffer+0xb8>
20000ae6:	1c63      	adds	r3, r4, #1
20000ae8:	1aeb      	subs	r3, r5, r3
20000aea:	2b02      	cmp	r3, #2
20000aec:	d92a      	bls.n	20000b44 <prepare_ep_buffer+0xb8>
20000aee:	2300      	movs	r3, #0
20000af0:	088f      	lsrs	r7, r1, #2
20000af2:	00bf      	lsls	r7, r7, #2
20000af4:	58e6      	ldr	r6, [r4, r3]
20000af6:	50ee      	str	r6, [r5, r3]
20000af8:	3304      	adds	r3, #4
20000afa:	429f      	cmp	r7, r3
20000afc:	d1fa      	bne.n	20000af4 <prepare_ep_buffer+0x68>
20000afe:	4643      	mov	r3, r8
20000b00:	19ed      	adds	r5, r5, r7
20000b02:	1bdb      	subs	r3, r3, r7
20000b04:	19e4      	adds	r4, r4, r7
20000b06:	42b9      	cmp	r1, r7
20000b08:	d009      	beq.n	20000b1e <prepare_ep_buffer+0x92>
20000b0a:	7826      	ldrb	r6, [r4, #0]
20000b0c:	702e      	strb	r6, [r5, #0]
20000b0e:	2b00      	cmp	r3, #0
20000b10:	d005      	beq.n	20000b1e <prepare_ep_buffer+0x92>
20000b12:	7866      	ldrb	r6, [r4, #1]
20000b14:	706e      	strb	r6, [r5, #1]
20000b16:	2b01      	cmp	r3, #1
20000b18:	d001      	beq.n	20000b1e <prepare_ep_buffer+0x92>
20000b1a:	78a3      	ldrb	r3, [r4, #2]
20000b1c:	70ab      	strb	r3, [r5, #2]
20000b1e:	6914      	ldr	r4, [r2, #16]
20000b20:	8a93      	ldrh	r3, [r2, #20]
20000b22:	1864      	adds	r4, r4, r1
20000b24:	6114      	str	r4, [r2, #16]
20000b26:	2280      	movs	r2, #128	@ 0x80
20000b28:	0212      	lsls	r2, r2, #8
20000b2a:	4310      	orrs	r0, r2
20000b2c:	2b00      	cmp	r3, #0
20000b2e:	d102      	bne.n	20000b36 <prepare_ep_buffer+0xaa>
20000b30:	2380      	movs	r3, #128	@ 0x80
20000b32:	01db      	lsls	r3, r3, #7
20000b34:	4318      	orrs	r0, r3
20000b36:	4663      	mov	r3, ip
20000b38:	2b00      	cmp	r3, #0
20000b3a:	d000      	beq.n	20000b3e <prepare_ep_buffer+0xb2>
20000b3c:	0400      	lsls	r0, r0, #16
20000b3e:	bc80      	pop	{r7}
20000b40:	46b8      	mov	r8, r7
20000b42:	bdf0      	pop	{r4, r5, r6, r7, pc}
20000b44:	2300      	movs	r3, #0
20000b46:	5ce6      	ldrb	r6, [r4, r3]
20000b48:	54ee      	strb	r6, [r5, r3]
20000b4a:	3301      	adds	r3, #1
20000b4c:	4299      	cmp	r1, r3
20000b4e:	d1fa      	bne.n	20000b46 <prepare_ep_buffer+0xba>
20000b50:	e7e5      	b.n	20000b1e <prepare_ep_buffer+0x92>
20000b52:	46c0      	nop			@ (mov r8, r8)

20000b54 <sync_ep_buffer>:
20000b54:	6883      	ldr	r3, [r0, #8]
20000b56:	b5f0      	push	{r4, r5, r6, r7, lr}
20000b58:	681a      	ldr	r2, [r3, #0]
20000b5a:	0004      	movs	r4, r0
20000b5c:	2900      	cmp	r1, #0
20000b5e:	d000      	beq.n	20000b62 <sync_ep_buffer+0xe>
20000b60:	0c12      	lsrs	r2, r2, #16
20000b62:	7863      	ldrb	r3, [r4, #1]
20000b64:	0592      	lsls	r2, r2, #22
20000b66:	0d90      	lsrs	r0, r2, #22
20000b68:	2b00      	cmp	r3, #0
20000b6a:	d108      	bne.n	20000b7e <sync_ep_buffer+0x2a>
20000b6c:	8ae3      	ldrh	r3, [r4, #22]
20000b6e:	18c3      	adds	r3, r0, r3
20000b70:	82e3      	strh	r3, [r4, #22]
20000b72:	8b23      	ldrh	r3, [r4, #24]
20000b74:	4283      	cmp	r3, r0
20000b76:	d901      	bls.n	20000b7c <sync_ep_buffer+0x28>
20000b78:	2300      	movs	r3, #0
20000b7a:	82a3      	strh	r3, [r4, #20]
20000b7c:	bdf0      	pop	{r4, r5, r6, r7, pc}
20000b7e:	68e3      	ldr	r3, [r4, #12]
20000b80:	0189      	lsls	r1, r1, #6
20000b82:	6925      	ldr	r5, [r4, #16]
20000b84:	185e      	adds	r6, r3, r1
20000b86:	1e47      	subs	r7, r0, #1
20000b88:	2800      	cmp	r0, #0
20000b8a:	d022      	beq.n	20000bd2 <sync_ep_buffer+0x7e>
20000b8c:	2f06      	cmp	r7, #6
20000b8e:	d926      	bls.n	20000bde <sync_ep_buffer+0x8a>
20000b90:	3101      	adds	r1, #1
20000b92:	185b      	adds	r3, r3, r1
20000b94:	1aeb      	subs	r3, r5, r3
20000b96:	2b02      	cmp	r3, #2
20000b98:	d921      	bls.n	20000bde <sync_ep_buffer+0x8a>
20000b9a:	002b      	movs	r3, r5
20000b9c:	4333      	orrs	r3, r6
20000b9e:	079b      	lsls	r3, r3, #30
20000ba0:	d11d      	bne.n	20000bde <sync_ep_buffer+0x8a>
20000ba2:	2300      	movs	r3, #0
20000ba4:	0e12      	lsrs	r2, r2, #24
20000ba6:	0092      	lsls	r2, r2, #2
20000ba8:	58f1      	ldr	r1, [r6, r3]
20000baa:	50e9      	str	r1, [r5, r3]
20000bac:	3304      	adds	r3, #4
20000bae:	429a      	cmp	r2, r3
20000bb0:	d1fa      	bne.n	20000ba8 <sync_ep_buffer+0x54>
20000bb2:	1abf      	subs	r7, r7, r2
20000bb4:	18ad      	adds	r5, r5, r2
20000bb6:	18b6      	adds	r6, r6, r2
20000bb8:	4290      	cmp	r0, r2
20000bba:	d009      	beq.n	20000bd0 <sync_ep_buffer+0x7c>
20000bbc:	7832      	ldrb	r2, [r6, #0]
20000bbe:	702a      	strb	r2, [r5, #0]
20000bc0:	2f00      	cmp	r7, #0
20000bc2:	d005      	beq.n	20000bd0 <sync_ep_buffer+0x7c>
20000bc4:	7872      	ldrb	r2, [r6, #1]
20000bc6:	706a      	strb	r2, [r5, #1]
20000bc8:	2f01      	cmp	r7, #1
20000bca:	d001      	beq.n	20000bd0 <sync_ep_buffer+0x7c>
20000bcc:	78b2      	ldrb	r2, [r6, #2]
20000bce:	70aa      	strb	r2, [r5, #2]
20000bd0:	6925      	ldr	r5, [r4, #16]
20000bd2:	8ae3      	ldrh	r3, [r4, #22]
20000bd4:	182d      	adds	r5, r5, r0
20000bd6:	18c3      	adds	r3, r0, r3
20000bd8:	82e3      	strh	r3, [r4, #22]
20000bda:	6125      	str	r5, [r4, #16]
20000bdc:	e7c9      	b.n	20000b72 <sync_ep_buffer+0x1e>
20000bde:	2200      	movs	r2, #0
20000be0:	5cb3      	ldrb	r3, [r6, r2]
20000be2:	54ab      	strb	r3, [r5, r2]
20000be4:	3201      	adds	r2, #1
20000be6:	4290      	cmp	r0, r2
20000be8:	d1fa      	bne.n	20000be0 <sync_ep_buffer+0x8c>
20000bea:	6925      	ldr	r5, [r4, #16]
20000bec:	e7f1      	b.n	20000bd2 <sync_ep_buffer+0x7e>
20000bee:	46c0      	nop			@ (mov r8, r8)

20000bf0 <_hw_endpoint_xfer_sync>:
20000bf0:	b510      	push	{r4, lr}
20000bf2:	0004      	movs	r4, r0
20000bf4:	6883      	ldr	r3, [r0, #8]
20000bf6:	2100      	movs	r1, #0
20000bf8:	681b      	ldr	r3, [r3, #0]
20000bfa:	f7ff ffab 	bl	20000b54 <sync_ep_buffer>
20000bfe:	6863      	ldr	r3, [r4, #4]
20000c00:	681b      	ldr	r3, [r3, #0]
20000c02:	005b      	lsls	r3, r3, #1
20000c04:	d502      	bpl.n	20000c0c <_hw_endpoint_xfer_sync+0x1c>
20000c06:	8b23      	ldrh	r3, [r4, #24]
20000c08:	4283      	cmp	r3, r0
20000c0a:	d000      	beq.n	20000c0e <_hw_endpoint_xfer_sync+0x1e>
20000c0c:	bd10      	pop	{r4, pc}
20000c0e:	2101      	movs	r1, #1
20000c10:	0020      	movs	r0, r4
20000c12:	f7ff ff9f 	bl	20000b54 <sync_ep_buffer>
20000c16:	e7f9      	b.n	20000c0c <_hw_endpoint_xfer_sync+0x1c>

20000c18 <e15_is_bulkin_ep>:
20000c18:	4a08      	ldr	r2, [pc, #32]	@ (20000c3c <e15_is_bulkin_ep+0x24>)
20000c1a:	0003      	movs	r3, r0
20000c1c:	6c12      	ldr	r2, [r2, #64]	@ 0x40
20000c1e:	2000      	movs	r0, #0
20000c20:	0792      	lsls	r2, r2, #30
20000c22:	d403      	bmi.n	20000c2c <e15_is_bulkin_ep+0x14>
20000c24:	789a      	ldrb	r2, [r3, #2]
20000c26:	09d2      	lsrs	r2, r2, #7
20000c28:	2a01      	cmp	r2, #1
20000c2a:	d000      	beq.n	20000c2e <e15_is_bulkin_ep+0x16>
20000c2c:	4770      	bx	lr
20000c2e:	7ed8      	ldrb	r0, [r3, #27]
20000c30:	3802      	subs	r0, #2
20000c32:	4243      	negs	r3, r0
20000c34:	4158      	adcs	r0, r3
20000c36:	b2c0      	uxtb	r0, r0
20000c38:	e7f8      	b.n	20000c2c <e15_is_bulkin_ep+0x14>
20000c3a:	46c0      	nop			@ (mov r8, r8)
20000c3c:	50110000 	.word	0x50110000

20000c40 <e15_is_critical_frame_period>:
20000c40:	b510      	push	{r4, lr}
20000c42:	f7ff ffe9 	bl	20000c18 <e15_is_bulkin_ep>
20000c46:	2800      	cmp	r0, #0
20000c48:	d00c      	beq.n	20000c64 <e15_is_critical_frame_period+0x24>
20000c4a:	4907      	ldr	r1, [pc, #28]	@ (20000c68 <e15_is_critical_frame_period+0x28>)
20000c4c:	4b07      	ldr	r3, [pc, #28]	@ (20000c6c <e15_is_critical_frame_period+0x2c>)
20000c4e:	468c      	mov	ip, r1
20000c50:	4a07      	ldr	r2, [pc, #28]	@ (20000c70 <e15_is_critical_frame_period+0x30>)
20000c52:	6a9b      	ldr	r3, [r3, #40]	@ 0x28
20000c54:	6812      	ldr	r2, [r2, #0]
20000c56:	4463      	add	r3, ip
20000c58:	1a9b      	subs	r3, r3, r2
20000c5a:	2000      	movs	r0, #0
20000c5c:	22c6      	movs	r2, #198	@ 0xc6
20000c5e:	429a      	cmp	r2, r3
20000c60:	4140      	adcs	r0, r0
20000c62:	b2c0      	uxtb	r0, r0
20000c64:	bd10      	pop	{r4, pc}
20000c66:	46c0      	nop			@ (mov r8, r8)
20000c68:	fffffce0 	.word	0xfffffce0
20000c6c:	40054000 	.word	0x40054000
20000c70:	20001b98 	.word	0x20001b98

20000c74 <hw_endpoint_reset_transfer>:
20000c74:	2300      	movs	r3, #0
20000c76:	7683      	strb	r3, [r0, #26]
20000c78:	6143      	str	r3, [r0, #20]
20000c7a:	6103      	str	r3, [r0, #16]
20000c7c:	4770      	bx	lr
20000c7e:	46c0      	nop			@ (mov r8, r8)

20000c80 <_hw_endpoint_buffer_control_update32>:
20000c80:	b510      	push	{r4, lr}
20000c82:	6883      	ldr	r3, [r0, #8]
20000c84:	2900      	cmp	r1, #0
20000c86:	d001      	beq.n	20000c8c <_hw_endpoint_buffer_control_update32+0xc>
20000c88:	681c      	ldr	r4, [r3, #0]
20000c8a:	4021      	ands	r1, r4
20000c8c:	2a00      	cmp	r2, #0
20000c8e:	d012      	beq.n	20000cb6 <_hw_endpoint_buffer_control_update32+0x36>
20000c90:	2480      	movs	r4, #128	@ 0x80
20000c92:	00e4      	lsls	r4, r4, #3
20000c94:	4311      	orrs	r1, r2
20000c96:	4222      	tst	r2, r4
20000c98:	d00d      	beq.n	20000cb6 <_hw_endpoint_buffer_control_update32+0x36>
20000c9a:	681a      	ldr	r2, [r3, #0]
20000c9c:	4222      	tst	r2, r4
20000c9e:	d10c      	bne.n	20000cba <_hw_endpoint_buffer_control_update32+0x3a>
20000ca0:	4a08      	ldr	r2, [pc, #32]	@ (20000cc4 <_hw_endpoint_buffer_control_update32+0x44>)
20000ca2:	400a      	ands	r2, r1
20000ca4:	601a      	str	r2, [r3, #0]
20000ca6:	4a08      	ldr	r2, [pc, #32]	@ (20000cc8 <_hw_endpoint_buffer_control_update32+0x48>)
20000ca8:	6c12      	ldr	r2, [r2, #64]	@ 0x40
20000caa:	0792      	lsls	r2, r2, #30
20000cac:	d403      	bmi.n	20000cb6 <_hw_endpoint_buffer_control_update32+0x36>
20000cae:	230c      	movs	r3, #12
20000cb0:	3b03      	subs	r3, #3
20000cb2:	d2fd      	bcs.n	20000cb0 <_hw_endpoint_buffer_control_update32+0x30>
20000cb4:	6883      	ldr	r3, [r0, #8]
20000cb6:	6019      	str	r1, [r3, #0]
20000cb8:	bd10      	pop	{r4, pc}
20000cba:	7881      	ldrb	r1, [r0, #2]
20000cbc:	4803      	ldr	r0, [pc, #12]	@ (20000ccc <_hw_endpoint_buffer_control_update32+0x4c>)
20000cbe:	f000 f95f 	bl	20000f80 <__panic_veneer>
20000cc2:	46c0      	nop			@ (mov r8, r8)
20000cc4:	fffffbff 	.word	0xfffffbff
20000cc8:	50110000 	.word	0x50110000
20000ccc:	10009088 	.word	0x10009088

20000cd0 <hw_endpoint_start_next_buffer>:
20000cd0:	6843      	ldr	r3, [r0, #4]
20000cd2:	b570      	push	{r4, r5, r6, lr}
20000cd4:	2100      	movs	r1, #0
20000cd6:	2580      	movs	r5, #128	@ 0x80
20000cd8:	0004      	movs	r4, r0
20000cda:	681e      	ldr	r6, [r3, #0]
20000cdc:	f7ff fed6 	bl	20000a8c <prepare_ep_buffer>
20000ce0:	4b12      	ldr	r3, [pc, #72]	@ (20000d2c <hw_endpoint_start_next_buffer+0x5c>)
20000ce2:	016d      	lsls	r5, r5, #5
20000ce4:	6c1a      	ldr	r2, [r3, #64]	@ 0x40
20000ce6:	4305      	orrs	r5, r0
20000ce8:	78a3      	ldrb	r3, [r4, #2]
20000cea:	0792      	lsls	r2, r2, #30
20000cec:	d50e      	bpl.n	20000d0c <hw_endpoint_start_next_buffer+0x3c>
20000cee:	065b      	lsls	r3, r3, #25
20000cf0:	d00e      	beq.n	20000d10 <hw_endpoint_start_next_buffer+0x40>
20000cf2:	4b0f      	ldr	r3, [pc, #60]	@ (20000d30 <hw_endpoint_start_next_buffer+0x60>)
20000cf4:	401e      	ands	r6, r3
20000cf6:	2380      	movs	r3, #128	@ 0x80
20000cf8:	059b      	lsls	r3, r3, #22
20000cfa:	4333      	orrs	r3, r6
20000cfc:	6862      	ldr	r2, [r4, #4]
20000cfe:	2100      	movs	r1, #0
20000d00:	6013      	str	r3, [r2, #0]
20000d02:	0020      	movs	r0, r4
20000d04:	002a      	movs	r2, r5
20000d06:	f7ff ffbb 	bl	20000c80 <_hw_endpoint_buffer_control_update32>
20000d0a:	bd70      	pop	{r4, r5, r6, pc}
20000d0c:	09db      	lsrs	r3, r3, #7
20000d0e:	d0f0      	beq.n	20000cf2 <hw_endpoint_start_next_buffer+0x22>
20000d10:	8aa3      	ldrh	r3, [r4, #20]
20000d12:	2b00      	cmp	r3, #0
20000d14:	d0ed      	beq.n	20000cf2 <hw_endpoint_start_next_buffer+0x22>
20000d16:	2101      	movs	r1, #1
20000d18:	0020      	movs	r0, r4
20000d1a:	f7ff feb7 	bl	20000a8c <prepare_ep_buffer>
20000d1e:	23a0      	movs	r3, #160	@ 0xa0
20000d20:	4a04      	ldr	r2, [pc, #16]	@ (20000d34 <hw_endpoint_start_next_buffer+0x64>)
20000d22:	05db      	lsls	r3, r3, #23
20000d24:	4032      	ands	r2, r6
20000d26:	4305      	orrs	r5, r0
20000d28:	4313      	orrs	r3, r2
20000d2a:	e7e7      	b.n	20000cfc <hw_endpoint_start_next_buffer+0x2c>
20000d2c:	50110000 	.word	0x50110000
20000d30:	afffffff 	.word	0xafffffff
20000d34:	dfffffff 	.word	0xdfffffff

20000d38 <hw_endpoint_xfer_continue>:
20000d38:	b570      	push	{r4, r5, r6, lr}
20000d3a:	7e85      	ldrb	r5, [r0, #26]
20000d3c:	0004      	movs	r4, r0
20000d3e:	2d00      	cmp	r5, #0
20000d40:	d014      	beq.n	20000d6c <hw_endpoint_xfer_continue+0x34>
20000d42:	f7ff ff55 	bl	20000bf0 <_hw_endpoint_xfer_sync>
20000d46:	8aa3      	ldrh	r3, [r4, #20]
20000d48:	2b00      	cmp	r3, #0
20000d4a:	d101      	bne.n	20000d50 <hw_endpoint_xfer_continue+0x18>
20000d4c:	0028      	movs	r0, r5
20000d4e:	bd70      	pop	{r4, r5, r6, pc}
20000d50:	0020      	movs	r0, r4
20000d52:	f7ff ff75 	bl	20000c40 <e15_is_critical_frame_period>
20000d56:	2800      	cmp	r0, #0
20000d58:	d003      	beq.n	20000d62 <hw_endpoint_xfer_continue+0x2a>
20000d5a:	2301      	movs	r3, #1
20000d5c:	2500      	movs	r5, #0
20000d5e:	7723      	strb	r3, [r4, #28]
20000d60:	e7f4      	b.n	20000d4c <hw_endpoint_xfer_continue+0x14>
20000d62:	0020      	movs	r0, r4
20000d64:	f7ff ffb4 	bl	20000cd0 <hw_endpoint_start_next_buffer>
20000d68:	2500      	movs	r5, #0
20000d6a:	e7ef      	b.n	20000d4c <hw_endpoint_xfer_continue+0x14>
20000d6c:	7881      	ldrb	r1, [r0, #2]
20000d6e:	4801      	ldr	r0, [pc, #4]	@ (20000d74 <hw_endpoint_xfer_continue+0x3c>)
20000d70:	f000 f906 	bl	20000f80 <__panic_veneer>
20000d74:	100090a8 	.word	0x100090a8

20000d78 <dcd_event_handler>:
20000d78:	b5f0      	push	{r4, r5, r6, r7, lr}
20000d7a:	46ce      	mov	lr, r9
20000d7c:	4647      	mov	r7, r8
20000d7e:	b580      	push	{r7, lr}
20000d80:	7843      	ldrb	r3, [r0, #1]
20000d82:	0005      	movs	r5, r0
20000d84:	000e      	movs	r6, r1
20000d86:	b085      	sub	sp, #20
20000d88:	2b06      	cmp	r3, #6
20000d8a:	d808      	bhi.n	20000d9e <dcd_event_handler+0x26>
20000d8c:	4a6c      	ldr	r2, [pc, #432]	@ (20000f40 <dcd_event_handler+0x1c8>)
20000d8e:	009b      	lsls	r3, r3, #2
20000d90:	58d3      	ldr	r3, [r2, r3]
20000d92:	469f      	mov	pc, r3
20000d94:	4a6b      	ldr	r2, [pc, #428]	@ (20000f44 <dcd_event_handler+0x1cc>)
20000d96:	7813      	ldrb	r3, [r2, #0]
20000d98:	3301      	adds	r3, #1
20000d9a:	b2db      	uxtb	r3, r3
20000d9c:	7013      	strb	r3, [r2, #0]
20000d9e:	4b6a      	ldr	r3, [pc, #424]	@ (20000f48 <dcd_event_handler+0x1d0>)
20000da0:	681c      	ldr	r4, [r3, #0]
20000da2:	6962      	ldr	r2, [r4, #20]
20000da4:	f3ef 8110 	mrs	r1, PRIMASK
20000da8:	b672      	cpsid	i
20000daa:	6813      	ldr	r3, [r2, #0]
20000dac:	2b00      	cmp	r3, #0
20000dae:	d0fc      	beq.n	20000daa <dcd_event_handler+0x32>
20000db0:	f3bf 8f5f 	dmb	sy
20000db4:	61a1      	str	r1, [r4, #24]
20000db6:	0020      	movs	r0, r4
20000db8:	0029      	movs	r1, r5
20000dba:	f000 f8d9 	bl	20000f70 <__tu_fifo_write_veneer>
20000dbe:	6962      	ldr	r2, [r4, #20]
20000dc0:	69a3      	ldr	r3, [r4, #24]
20000dc2:	f3bf 8f5f 	dmb	sy
20000dc6:	2100      	movs	r1, #0
20000dc8:	6011      	str	r1, [r2, #0]
20000dca:	f383 8810 	msr	PRIMASK, r3
20000dce:	2800      	cmp	r0, #0
20000dd0:	d104      	bne.n	20000ddc <dcd_event_handler+0x64>
20000dd2:	b005      	add	sp, #20
20000dd4:	bcc0      	pop	{r6, r7}
20000dd6:	46b9      	mov	r9, r7
20000dd8:	46b0      	mov	r8, r6
20000dda:	bdf0      	pop	{r4, r5, r6, r7, pc}
20000ddc:	0032      	movs	r2, r6
20000dde:	7869      	ldrb	r1, [r5, #1]
20000de0:	7828      	ldrb	r0, [r5, #0]
20000de2:	f000 f8bd 	bl	20000f60 <__tud_event_hook_cb_veneer>
20000de6:	e7f4      	b.n	20000dd2 <dcd_event_handler+0x5a>
20000de8:	2101      	movs	r1, #1
20000dea:	4b58      	ldr	r3, [pc, #352]	@ (20000f4c <dcd_event_handler+0x1d4>)
20000dec:	781a      	ldrb	r2, [r3, #0]
20000dee:	438a      	bics	r2, r1
20000df0:	701a      	strb	r2, [r3, #0]
20000df2:	781a      	ldrb	r2, [r3, #0]
20000df4:	3101      	adds	r1, #1
20000df6:	438a      	bics	r2, r1
20000df8:	701a      	strb	r2, [r3, #0]
20000dfa:	2200      	movs	r2, #0
20000dfc:	705a      	strb	r2, [r3, #1]
20000dfe:	781a      	ldrb	r2, [r3, #0]
20000e00:	3102      	adds	r1, #2
20000e02:	438a      	bics	r2, r1
20000e04:	701a      	strb	r2, [r3, #0]
20000e06:	e7ca      	b.n	20000d9e <dcd_event_handler+0x26>
20000e08:	4951      	ldr	r1, [pc, #324]	@ (20000f50 <dcd_event_handler+0x1d8>)
20000e0a:	4f52      	ldr	r7, [pc, #328]	@ (20000f54 <dcd_event_handler+0x1dc>)
20000e0c:	4689      	mov	r9, r1
20000e0e:	4952      	ldr	r1, [pc, #328]	@ (20000f58 <dcd_event_handler+0x1e0>)
20000e10:	2400      	movs	r4, #0
20000e12:	2300      	movs	r3, #0
20000e14:	4688      	mov	r8, r1
20000e16:	783a      	ldrb	r2, [r7, #0]
20000e18:	e012      	b.n	20000e40 <dcd_event_handler+0xc8>
20000e1a:	4643      	mov	r3, r8
20000e1c:	681b      	ldr	r3, [r3, #0]
20000e1e:	0161      	lsls	r1, r4, #5
20000e20:	185b      	adds	r3, r3, r1
20000e22:	2b00      	cmp	r3, #0
20000e24:	d006      	beq.n	20000e34 <dcd_event_handler+0xbc>
20000e26:	69db      	ldr	r3, [r3, #28]
20000e28:	2b00      	cmp	r3, #0
20000e2a:	d003      	beq.n	20000e34 <dcd_event_handler+0xbc>
20000e2c:	6869      	ldr	r1, [r5, #4]
20000e2e:	7828      	ldrb	r0, [r5, #0]
20000e30:	4798      	blx	r3
20000e32:	783a      	ldrb	r2, [r7, #0]
20000e34:	3401      	adds	r4, #1
20000e36:	b2e4      	uxtb	r4, r4
20000e38:	1c51      	adds	r1, r2, #1
20000e3a:	0023      	movs	r3, r4
20000e3c:	42a1      	cmp	r1, r4
20000e3e:	db17      	blt.n	20000e70 <dcd_event_handler+0xf8>
20000e40:	42a2      	cmp	r2, r4
20000e42:	d8ea      	bhi.n	20000e1a <dcd_event_handler+0xa2>
20000e44:	1a9b      	subs	r3, r3, r2
20000e46:	015b      	lsls	r3, r3, #5
20000e48:	444b      	add	r3, r9
20000e4a:	e7ec      	b.n	20000e26 <dcd_event_handler+0xae>
20000e4c:	4b3f      	ldr	r3, [pc, #252]	@ (20000f4c <dcd_event_handler+0x1d4>)
20000e4e:	781a      	ldrb	r2, [r3, #0]
20000e50:	07d2      	lsls	r2, r2, #31
20000e52:	d5be      	bpl.n	20000dd2 <dcd_event_handler+0x5a>
20000e54:	2104      	movs	r1, #4
20000e56:	781a      	ldrb	r2, [r3, #0]
20000e58:	430a      	orrs	r2, r1
20000e5a:	701a      	strb	r2, [r3, #0]
20000e5c:	e79f      	b.n	20000d9e <dcd_event_handler+0x26>
20000e5e:	4b3b      	ldr	r3, [pc, #236]	@ (20000f4c <dcd_event_handler+0x1d4>)
20000e60:	781a      	ldrb	r2, [r3, #0]
20000e62:	07d2      	lsls	r2, r2, #31
20000e64:	d5b5      	bpl.n	20000dd2 <dcd_event_handler+0x5a>
20000e66:	2104      	movs	r1, #4
20000e68:	781a      	ldrb	r2, [r3, #0]
20000e6a:	438a      	bics	r2, r1
20000e6c:	701a      	strb	r2, [r3, #0]
20000e6e:	e796      	b.n	20000d9e <dcd_event_handler+0x26>
20000e70:	4f36      	ldr	r7, [pc, #216]	@ (20000f4c <dcd_event_handler+0x1d4>)
20000e72:	783b      	ldrb	r3, [r7, #0]
20000e74:	075b      	lsls	r3, r3, #29
20000e76:	d52b      	bpl.n	20000ed0 <dcd_event_handler+0x158>
20000e78:	2204      	movs	r2, #4
20000e7a:	783b      	ldrb	r3, [r7, #0]
20000e7c:	2100      	movs	r1, #0
20000e7e:	4393      	bics	r3, r2
20000e80:	703b      	strb	r3, [r7, #0]
20000e82:	466b      	mov	r3, sp
20000e84:	3206      	adds	r2, #6
20000e86:	1d98      	adds	r0, r3, #6
20000e88:	f000 f882 	bl	20000f90 <____wrap_memset_veneer>
20000e8c:	782b      	ldrb	r3, [r5, #0]
20000e8e:	ac01      	add	r4, sp, #4
20000e90:	7023      	strb	r3, [r4, #0]
20000e92:	2305      	movs	r3, #5
20000e94:	7063      	strb	r3, [r4, #1]
20000e96:	4b2c      	ldr	r3, [pc, #176]	@ (20000f48 <dcd_event_handler+0x1d0>)
20000e98:	681b      	ldr	r3, [r3, #0]
20000e9a:	4698      	mov	r8, r3
20000e9c:	695a      	ldr	r2, [r3, #20]
20000e9e:	f3ef 8110 	mrs	r1, PRIMASK
20000ea2:	b672      	cpsid	i
20000ea4:	6813      	ldr	r3, [r2, #0]
20000ea6:	2b00      	cmp	r3, #0
20000ea8:	d0fc      	beq.n	20000ea4 <dcd_event_handler+0x12c>
20000eaa:	f3bf 8f5f 	dmb	sy
20000eae:	4643      	mov	r3, r8
20000eb0:	4640      	mov	r0, r8
20000eb2:	6199      	str	r1, [r3, #24]
20000eb4:	0021      	movs	r1, r4
20000eb6:	f000 f85b 	bl	20000f70 <__tu_fifo_write_veneer>
20000eba:	4643      	mov	r3, r8
20000ebc:	695a      	ldr	r2, [r3, #20]
20000ebe:	699b      	ldr	r3, [r3, #24]
20000ec0:	f3bf 8f5f 	dmb	sy
20000ec4:	2100      	movs	r1, #0
20000ec6:	6011      	str	r1, [r2, #0]
20000ec8:	f383 8810 	msr	PRIMASK, r3
20000ecc:	2800      	cmp	r0, #0
20000ece:	d131      	bne.n	20000f34 <dcd_event_handler+0x1bc>
20000ed0:	78fb      	ldrb	r3, [r7, #3]
20000ed2:	07db      	lsls	r3, r3, #31
20000ed4:	d400      	bmi.n	20000ed8 <dcd_event_handler+0x160>
20000ed6:	e77c      	b.n	20000dd2 <dcd_event_handler+0x5a>
20000ed8:	466b      	mov	r3, sp
20000eda:	220a      	movs	r2, #10
20000edc:	2100      	movs	r1, #0
20000ede:	1d98      	adds	r0, r3, #6
20000ee0:	f000 f856 	bl	20000f90 <____wrap_memset_veneer>
20000ee4:	782b      	ldrb	r3, [r5, #0]
20000ee6:	ac01      	add	r4, sp, #4
20000ee8:	7023      	strb	r3, [r4, #0]
20000eea:	2303      	movs	r3, #3
20000eec:	7063      	strb	r3, [r4, #1]
20000eee:	686b      	ldr	r3, [r5, #4]
20000ef0:	6063      	str	r3, [r4, #4]
20000ef2:	4b15      	ldr	r3, [pc, #84]	@ (20000f48 <dcd_event_handler+0x1d0>)
20000ef4:	681d      	ldr	r5, [r3, #0]
20000ef6:	696a      	ldr	r2, [r5, #20]
20000ef8:	f3ef 8110 	mrs	r1, PRIMASK
20000efc:	b672      	cpsid	i
20000efe:	6813      	ldr	r3, [r2, #0]
20000f00:	2b00      	cmp	r3, #0
20000f02:	d0fc      	beq.n	20000efe <dcd_event_handler+0x186>
20000f04:	f3bf 8f5f 	dmb	sy
20000f08:	61a9      	str	r1, [r5, #24]
20000f0a:	0028      	movs	r0, r5
20000f0c:	0021      	movs	r1, r4
20000f0e:	f000 f82f 	bl	20000f70 <__tu_fifo_write_veneer>
20000f12:	696a      	ldr	r2, [r5, #20]
20000f14:	69ab      	ldr	r3, [r5, #24]
20000f16:	f3bf 8f5f 	dmb	sy
20000f1a:	2100      	movs	r1, #0
20000f1c:	6011      	str	r1, [r2, #0]
20000f1e:	f383 8810 	msr	PRIMASK, r3
20000f22:	2800      	cmp	r0, #0
20000f24:	d100      	bne.n	20000f28 <dcd_event_handler+0x1b0>
20000f26:	e754      	b.n	20000dd2 <dcd_event_handler+0x5a>
20000f28:	0032      	movs	r2, r6
20000f2a:	7861      	ldrb	r1, [r4, #1]
20000f2c:	7820      	ldrb	r0, [r4, #0]
20000f2e:	f000 f817 	bl	20000f60 <__tud_event_hook_cb_veneer>
20000f32:	e74e      	b.n	20000dd2 <dcd_event_handler+0x5a>
20000f34:	0032      	movs	r2, r6
20000f36:	7861      	ldrb	r1, [r4, #1]
20000f38:	7820      	ldrb	r0, [r4, #0]
20000f3a:	f000 f811 	bl	20000f60 <__tud_event_hook_cb_veneer>
20000f3e:	e7c7      	b.n	20000ed0 <dcd_event_handler+0x158>
20000f40:	10009568 	.word	0x10009568
20000f44:	20002027 	.word	0x20002027
20000f48:	20001690 	.word	0x20001690
20000f4c:	20001638 	.word	0x20001638
20000f50:	10009584 	.word	0x10009584
20000f54:	20002025 	.word	0x20002025
20000f58:	20001488 	.word	0x20001488

20000f5c <__aeabi_idiv0>:
20000f5c:	4770      	bx	lr
20000f5e:	46c0      	nop			@ (mov r8, r8)

20000f60 <__tud_event_hook_cb_veneer>:
20000f60:	b401      	push	{r0}
20000f62:	4802      	ldr	r0, [pc, #8]	@ (20000f6c <__tud_event_hook_cb_veneer+0xc>)
20000f64:	4684      	mov	ip, r0
20000f66:	bc01      	pop	{r0}
20000f68:	4760      	bx	ip
20000f6a:	bf00      	nop
20000f6c:	10006689 	.word	0x10006689

20000f70 <__tu_fifo_write_veneer>:
20000f70:	b401      	push	{r0}
20000f72:	4802      	ldr	r0, [pc, #8]	@ (20000f7c <__tu_fifo_write_veneer+0xc>)
20000f74:	4684      	mov	ip, r0
20000f76:	bc01      	pop	{r0}
20000f78:	4760      	bx	ip
20000f7a:	bf00      	nop
20000f7c:	100080e9 	.word	0x100080e9

20000f80 <__panic_veneer>:
20000f80:	b401      	push	{r0}
20000f82:	4802      	ldr	r0, [pc, #8]	@ (20000f8c <__panic_veneer+0xc>)
20000f84:	4684      	mov	ip, r0
20000f86:	bc01      	pop	{r0}
20000f88:	4760      	bx	ip
20000f8a:	bf00      	nop
20000f8c:	10001865 	.word	0x10001865

20000f90 <____wrap_memset_veneer>:
20000f90:	b401      	push	{r0}
20000f92:	4802      	ldr	r0, [pc, #8]	@ (20000f9c <____wrap_memset_veneer+0xc>)
20000f94:	4684      	mov	ip, r0
20000f96:	bc01      	pop	{r0}
20000f98:	4760      	bx	ip
20000f9a:	bf00      	nop
20000f9c:	10003e65 	.word	0x10003e65

20000fa0 <__rp2040_chip_version_veneer>:
20000fa0:	b401      	push	{r0}
20000fa2:	4802      	ldr	r0, [pc, #8]	@ (20000fac <__rp2040_chip_version_veneer+0xc>)
20000fa4:	4684      	mov	ip, r0
20000fa6:	bc01      	pop	{r0}
20000fa8:	4760      	bx	ip
20000faa:	bf00      	nop
20000fac:	10001859 	.word	0x10001859

20000fb0 <__time_us_64_veneer>:
20000fb0:	b401      	push	{r0}
20000fb2:	4802      	ldr	r0, [pc, #8]	@ (20000fbc <__time_us_64_veneer+0xc>)
20000fb4:	4684      	mov	ip, r0
20000fb6:	bc01      	pop	{r0}
20000fb8:	4760      	bx	ip
20000fba:	bf00      	nop
20000fbc:	10002945 	.word	0x10002945

20000fc0 <____wrap___aeabi_lmul_veneer>:
20000fc0:	b401      	push	{r0}
20000fc2:	4802      	ldr	r0, [pc, #8]	@ (20000fcc <____wrap___aeabi_lmul_veneer+0xc>)
20000fc4:	4684      	mov	ip, r0
20000fc6:	bc01      	pop	{r0}
20000fc8:	4760      	bx	ip
20000fca:	bf00      	nop
20000fcc:	10003c51 	.word	0x10003c51

20000fd0 <__best_effort_wfe_or_timeout_veneer>:
20000fd0:	b401      	push	{r0}
20000fd2:	4802      	ldr	r0, [pc, #8]	@ (20000fdc <__best_effort_wfe_or_timeout_veneer+0xc>)
20000fd4:	4684      	mov	ip, r0
20000fd6:	bc01      	pop	{r0}
20000fd8:	4760      	bx	ip
20000fda:	bf00      	nop
20000fdc:	10002815 	.word	0x10002815

20000fe0 <striped_spin_lock_num>:
20000fe0:	00000010                                ....

20000fe4 <irq_handler_chain_slots>:
20000fe4:	00000000 	.word	0x00000000
20000fe8:	00010000 	.word	0x00010000
	...
20000ff4:	00020000 	.word	0x00020000
	...
20001000:	00030000 	.word	0x00030000
	...
2000100c:	00ff0000 	.word	0x00ff0000
20001010:	00000000 	.word	0x00000000

20001014 <irq_handler_chain_first_slot>:
20001014:	b501      	push	{r0, lr}
20001016:	6848      	ldr	r0, [r1, #4]
20001018:	3101      	adds	r1, #1
2000101a:	468e      	mov	lr, r1
2000101c:	4700      	bx	r0

2000101e <irq_handler_chain_remove_tail>:
2000101e:	4670      	mov	r0, lr
20001020:	3809      	subs	r0, #9
20001022:	4901      	ldr	r1, [pc, #4]	@ (20001028 <irq_handler_chain_remove_tail+0xa>)
20001024:	4788      	blx	r1
20001026:	bd01      	pop	{r0, pc}
20001028:	10001e95 	.word	0x10001e95

2000102c <default_alarm_pool>:
	...
20001040:	200010b8 00000000 00000000 00000000     ... ............

20001050 <aeabi_bits_funcs>:
20001050:	00003350 	.word	0x00003350
20001054:	0000334c 	.word	0x0000334c
20001058:	00003354 	.word	0x00003354
2000105c:	00003352 	.word	0x00003352

20001060 <aeabi_bits_funcs_end>:
20001060:	0000534d 	.word	0x0000534d
20001064:	0000434d 	.word	0x0000434d
20001068:	00003453 	.word	0x00003453
2000106c:	00003443 	.word	0x00003443

20001070 <stdio_usb>:
20001070:	10005e49 10005dfd 10005d71 10005ce9     I^...]..q]...\..
20001080:	00000000 00000100                       ........

20001088 <_usbd_qdef>:
20001088:	20001694 000c0010 00000000 00000000     ... ............
	...

200010a4 <_usbd_rhport>:
200010a4:	000000ff                                ....

200010a8 <i2c0_inst>:
200010a8:	40044000 00000000                       .@.@....

200010b0 <print_mutex>:
	...
