:020000041000EA
:1000000000B5324B212058609868022188439860DF
:10001000D860186158612E4B002199600221596106
:100020000121F02299502B49196001219960352056
:1000300000F044F80222904214D00621196600F024
:1000400034F8196E01211966002018661A6600F04E
:100050002CF8196E196E196E052000F02FF8012189
:100060000842F9D1002199601B49196000215960AB
:100070001A491B48016001219960EB211966A021F2
:10008000196600F012F800219960164914480160C1
:100090000121996001BC002800D000471248134993
:1000A000086003C880F30888084703B5996A0420EC
:1000B0000142FBD001200142F8D103BD02B5186610
:1000C0001866FFF7F2FF186E186E02BD00000240BE
:1000D000000000180000070000035F00212200005C
:1000E000F4000018222000A00001001008ED00E03C
:1000F00000000000000000000000000074B24E7A12
:1001000000200420F7010010CB010010CD010010E9
:10011000C9010010C9010010C9010010C901001077
:10012000C9010010C9010010C9010010CF01001061
:10013000C9010010C9010010D1010010D301001045
:10014000C1010010C1010010C1010010C101001067
:10015000C1010010C1010010C1010010C101001057
:10016000C1010010C1010010C1010010C101001047
:10017000C1010010C1010010C1010010C101001037
:10018000C1010010C1010010C1010010C101001027
:10019000C1010010C1010010C1010010C101001017
:1001A000C1010010C1010010C1010010C101001007
:1001B000C1010010C1010010C1010010C1010010F7
:1001C000EFF30580103800BE00BE00BE00BE00BECA
:1001D00000BE00BEF2EB8871F4950010149600107A
:1001E0003802001090A31AE71E481F49086006C88D
:1001F00081F3088810471D480068002801D019487D
:10020000F3E70DA40ECC002902D000F012F8F9E7B4
:100210001749184A002000E001C19142FCD116495B
:100220008847164988471649884700BEFDE701C937
:1002300001C29A42FBD3704714960010C000002000
:10024000B81000200CA600100000042000000420BC
:100250000CA6001000100420001004200000000074
:10026000704700000000000008ED00E0000000D032
:10027000B810002030200020D5570010D502001003
:10028000CD570010F8B5C04606480749091A8B102B
:10029000C90FC91810B5491003D0044B002B00D06A
:1002A000984710BDB8100020B810002000000000D2
:1002B000054B10B5002B03D00449054800E000BFF2
:1002C000FFF7E2FF10BDC04600000000C41F002081
:1002D000DC8A0010F0B5DE46454657464E46E0B58E
:1002E000B5B005F0B5FBFA20C00002F029FAB3481A
:1002F00005F0FCFBB24805F0F9FBB24805F0F6FB4F
:1003000011A80200B04B32CB32C200F09FF9002896
:1003100003D1AE4805F0EAFBFEE7AD4805F0E6FB89
:10032000AC4805F0E3FBAC4D14A9280000F0C4F97B
:10033000002800D13DE104262721A84805F05AFCF9
:10034000A74C1423290027222000009600F088FAE9
:10035000200000F05BFC00222000110000F094FC63
:100360002000A04900F0E2FC01220021200000F062
:100370008BFC20009C4900F0D9FC022200212000C7
:1003800000F082FC9949200000F0D0FC984802F06F
:10039000D7F9984805F0AAFB974BB4279B46B4239E
:1003A000DB000293984619237F00009399460322AD
:1003B000330058469149019700F052FE051E0FD1B7
:1003C0008F4805F093FB200000F020FC290020005E
:1003D0002A0000F059FC20008A4900F0A7FCFEE743
:1003E000894805F083FB4B4632000321874805F01E
:1003F00001FC42463900864805F0FCFB200000F075
:1004000005FC00222000110000F03EFC2000814984
:1004100000F08CFCFA20800002F092F97E4B7F4DB8
:1004200006937F4B07937F4B9A467F4B0F937F4BEF
:100430000E937F4B08937F4B09937F4B0A937F4B1F
:100440000B937F4B0C937F4B0D935B460593059E5F
:10045000D027300000F026FF300000F0B3FF0698F0
:1004600005F044FB0A263F0679687A687B68D20665
:100470009B010907DB0FD20FC90F280005F0BAFB5B
:10048000013EC82002F05CF9002EEDD1079805F07E
:100490002DFBFA20C00002F053F9059B18009B4683
:1004A00000F084FF8146584600F082FF804658469F
:1004B00000F080FF0700584600F07EFF0600584617
:1004C00000F07EFF049002F051FA00296CD0FA226D
:1004D0000023920002F0EAFD53461B68C31A632B07
:1004E0005ED953461860049803F03CFC0E9B9B4673
:1004F000002E01D00F9B9B465B4642460090019127
:10050000029349463B00089805F074FB200000F078
:100510007DFB00220021200000F0B6FB200009999D
:1005200000F004FC4946200000F062FC012200219A
:10053000200000F0A9FB20000A9900F0F7FB4146DB
:10054000200000F055FC01220E21200000F09CFB51
:100550005946200000F0EAFB02220021200000F0B2
:1005600093FB20000B9900F0E1FB3900200000F024
:100570003FFC20000C9900F0D9FBB4212000C900F9
:1005800000F036FC03220021200000F07DFB20005B
:100590000D9900F0CBFB01222000049900F094FC9F
:1005A0000A2002F0CDF852E7FA21890002F040FD5E
:1005B00092E7254805F09AFABDE6C046E88A0010A1
:1005C000108B0010308B001028910010548B0010FD
:1005D000788B0010988B0010A8100020CC8B001096
:1005E000B41F0020F48B0010048C0010108C00103D
:1005F000DC050000208C0010381200200000205084
:100600003C8C0010688C00107C8C0010A48C0010B6
:10061000C88C0010E08C0010E88C0010088D0010D1
:10062000288D0010A41F0020E08A0010E48A00102A
:10063000548D00108C8D0010948D00109C8D001036
:10064000A48D0010A88D0010AC8B001010B5041EF6
:1006500019D00068002816D0A16808F051F90321CC
:10066000207901F057F80321607901F053F8002256
:100670000121207901F068F860790022012101F060
:1006800063F8012010BD0020FCE7C04610B50F2420
:1006900084B06C44227000280BD000232200009309
:1006A000013308F055F9013843425841C0B204B053
:1006B00010BD0020FBE7C046F0B5DE465746454674
:1006C0004E468A46E0B5804687B0584805F00EFA97
:1006D000574805F00BFA534600240027002B59D049
:1006E000544B0393544B9B46544B99460F23782508
:1006F0001E0025402640234217D0002D36D0782DED
:1007000019D1484605F076FA0F2E39D00134802CE5
:10071000ECD139004A4805F06DFA380007B0F0BC5A
:10072000BB46B246A946A046F0BD2100424805F0AE
:1007300061FA002D28D002A900238C460F22E5B2D1
:100740000093290040460133624408F00BF9002869
:1007500012DB2100584605F04DFA5346DD550137AE
:100760000F2ED3D10A2005F077F9CFE7334D2800BB
:1007700005F040FA0134B9E7039805F03BFAEFE7DA
:100780000A2005F069F9C4E72C4D0124280005F082
:1007900031FAECE7284B9A46284B99460F237825E7
:1007A0001E0025402640234212D0002D2ED0782D49
:1007B00014D1484605F01EFA0F2EE1D00134802CEA
:1007C000A7D00F2378251E00254026402342ECD1D8
:1007D0002100504605F00EFA002D21D002A800237A
:1007E00084460F2200934046E1B20133624408F090
:1007F000B9F8002810DB21000F4805F0FBF901379C
:100800000F2EDBD10A2005F027F9D7E70B4D280082
:1008100005F0F0F90134C1E7064805F0EBF9EFE720
:1008200048464D4605F0E6F90124F0E7B08D00108A
:10083000C08D0010FC8D0010F48D0010008E001093
:10084000048E001000230F2200B585B000936A4487
:10085000013308F087F8C043C00F05B000BDC046A3
:10086000F0B5C64600B515006A46437108230E0070
:10087000127E016005718271C3710400322001F0A3
:100880005FFF29003000FFF7DDFF002800D1B6E14F
:10089000E27921792068FFF7F9FEFA203025342625
:1008A000800001F04DFFE27921792A43D2B220681D
:1008B000FFF7ECFEE27921793243D2B22068FFF7EC
:1008C000E5FE0120002101F0C5FEE27921792A43ED
:1008D000D2B22068FFF7DAFE0021322001F0BAFE22
:1008E000052001F02DFFE27921792A43D2B2206858
:1008F000FFF7CCFEE27921793243D2B22068FFF7CC
:10090000C5FE0120002101F0A5FEE27921792A43EC
:10091000D2B22068FFF7BAFE3220002101F09AFE21
:100920009620002101F096FEE27921792A43D2B285
:100930002068FFF7ABFEE27921793243D2B220681A
:10094000FFF7A4FE0120002101F084FEE2792427B4
:100950002A432025D2B221792068FFF797FE80260E
:100960003220002101F076FE9620002101F072FE77
:10097000E27921792A43D2B22068FFF787FEE27933
:1009800021793A43D2B22068FFF780FE012000218E
:1009900001F060FEE27921792A43D2B22068FFF7A4
:1009A00075FE3220002101F055FE9620002101F055
:1009B00051FEE27921792A43D2B22068FFF766FE20
:1009C000E27921793A43D2B22068FFF75FFE012035
:1009D000002101F03FFEE27921792A43D2B220685A
:1009E000FFF754FE3220002101F034FEE279764216
:1009F00032432179D2B22068FFF748FE8423E2799E
:100A000021791A432068FFF741FE0120002101F0FF
:100A100021FEE37921791E43F2B22068FFF736FE0A
:100A20003220002101F016FEE27921792068FFF7DB
:100A30002DFE0423984643464026E27921791A4345
:100A4000D2B22068FFF722FE0120002101F002FE51
:100A5000E27921792068FFF719FE3220002101F0A8
:100A6000F9FDE279764232432179D2B22068FFF76C
:100A70000DFEC423E27921791A432068FFF706FEB0
:100A80000120002101F0E6FDE37921791E43F2B255
:100A90002068FFF7FBFD3220002101F0DBFDE27949
:100AA00021792068FFF7F2FD43461026E27921798B
:100AB0001A43D2B22068FFF7E9FD0120002101F0BE
:100AC000C9FDE27921792068FFF7E0FD322000219D
:100AD00001F0C0FDE27921793243D2B22068FFF7FC
:100AE000D5FD1423E27921791A432068FFF7CEFD62
:100AF0000120002101F0AEFDE27921793243D2B22A
:100B00002068FFF7C3FD0021322001F0A3FD022081
:100B100001F016FEE27921792068FFF7B7FD434620
:100B20006026E27921791A43D2B22068FFF7AEFD40
:100B30000120002101F08EFDE27921792068FFF784
:100B4000A5FD3220002101F085FDE27921793243B3
:100B5000D2B22068FFF79AFD6423E27921791A4323
:100B60002068FFF793FD0120002101F073FDE27979
:100B700021793243D2B22068FFF788FD322000216C
:100B800001F068FDE27921792068FFF77FFD434697
:100B9000E27921791A43D2B22068FFF777FD01206C
:100BA000002101F057FDE27921792068FFF76EFD01
:100BB0003220002101F04EFDE27921792A43D2B2A0
:100BC0002068FFF763FDE27921793A43D2B22068C9
:100BD000FFF75CFD0120002101F03CFDE279217965
:100BE0002A43D2B22068FFF751FD0021322001F0E4
:100BF00031FD022001F0A4FD80BCB846F0BD290003
:100C0000014804F0F7FF43E61C8E001070B50400A5
:100C1000C27901790068FFF739FD04231025E279D4
:100C200021791A432068FFF731FD0120002101F0EE
:100C300011FDE27921792068FFF728FD322000219B
:100C400001F008FDE27921792A432068D2B2FFF74A
:100C50001DFD1423E27921791A432068FFF716FD60
:100C60000120002101F0F6FCE27921792A43D2B279
:100C70002068FFF70BFD0021322001F0EBFC022081
:100C800001F05EFD70BDC046F0B5274B83B0019307
:100C900083790400934201D8013BDAB201AB9D5C39
:100CA0000F234D19EDB22F0080269F43E2793E437A
:100CB000217932432068FFF7E9FC8423E279217926
:100CC0003A431A432068FFF7E1FC0120002101F0BC
:100CD000C1FCE279217932432068FFF7D7FC32204A
:100CE000002101F0B7FC2D01E279EDB221792A4310
:100CF0002068FFF7CBFC0423E27921792A431A43C9
:100D00002068FFF7C3FC0120002101F0A3FCE27979
:100D100021792A432068FFF7B9FC3220002101F035
:100D200099FC03B0F0BDC04600401454F8B55746D6
:100D30004546DE464E46E0B50D7804000F00002D16
:100D400050D00F239A4601239946052398462E003A
:100D500053464A469E433243D3B2E27921791A433D
:100D600020689B46FFF792FCE37921791E434346B6
:100D70001E43F2B22068FFF789FC0120002101F038
:100D800069FC5B464E46E27921791A4320682D01C1
:100D9000FFF77CFCEDB23220002101F05BFC2E431A
:100DA000E279F6B2217932432068FFF76FFCE379EC
:100DB00021791D4343461D43EAB22068FFF766FCD4
:100DC0000120002101F046FCE279217932432068BC
:100DD000FFF75CFC01373220002101F03BFC3D783D
:100DE000002DB4D1F0BCBB46B246A946A046F8BD22
:100DF000F0B5DE46574645464E46E0B585B06F46EF
:100E00000B000400102168462E4A04F09FFC3D7838
:100E1000002D50D00F239A4601239946052398466A
:100E20002E0053464A469E433243D3B2E27921799B
:100E30001A4320689B46FFF729FCE37921791E437A
:100E400043461E43F2B22068FFF720FC0120002138
:100E500001F000FC5B464E46E27921791A43206896
:100E60002D01FFF713FCEDB23220002101F0F2FB5F
:100E70002E43E279F6B2217932432068FFF706FC6F
:100E8000E37921791D4343461D43EAB22068FFF709
:100E9000FDFB0120002101F0DDFBE27921793243E5
:100EA0002068FFF7F3FB01373220002101F0D2FB6D
:100EB0003D78002DB4D105B0F0BCBB46B246A94682
:100EC000A046F0BD488E0010F0B5DE4657464546B8
:100ED0004E46E0B50D1C374989B0130004000A00E6
:100EE00002A8082104F032FC281C02F03BFF04AFEA
:100EF0000090019102AA1021380004F027FC3D78EF
:100F0000002D50D00F239A46012399460523984679
:100F10002E0053464A469E433243D3B2E2792179AA
:100F20001A4320689B46FFF7B1FBE37921791E4302
:100F300043461E43F2B22068FFF7A8FB01200021C0
:100F400001F088FB5B464E46E27921791A4320681E
:100F50002D01FFF79BFBEDB23220002101F07AFB5F
:100F60002E43E279F6B2217932432068FFF78EFBF7
:100F7000E37921791D4343461D43EAB22068FFF718
:100F800085FB0120002101F065FBE27921793243E4
:100F90002068FFF77BFB01373220002101F05AFB6C
:100FA0003D78002DB4D109B0F0BCBB46B246A9468D
:100FB000A046F0BD4C8E0010F8B5CE464746244EF4
:100FC00080B53368002B02D09B78834203D0C0BC2D
:100FD000B946B046F8BD01F0C9FC336804000D0005
:100FE00098469A6ADB6A801A99410A1E27D04346BE
:100FF0009F69184B052199461B68FF1AFB17FF18BC
:101000005F4043469B685800C01801F0E9FF8742E3
:10101000DDDB43463A0099690F4804F0EBFD494691
:1010200033689A699C62DD620A6000221A62243287
:101030009A5C002A07D0DA690132DA61C7E7074B08
:101040009842D4D8C3E7DA69013ADA61BFE7C0460B
:10105000A01B0020AC1F0020548E0010973A000007
:10106000F0B5DE464E4645465746E0B591B00E0017
:10107000059319001AAB15001A781B9B00274360D3
:101080001C9B8270836001239B4691465A46233302
:1010900087610570C76141700762C660C254002253
:1010A00000238262C3620763040001F05FFC002337
:1010B00023644423A063E163E7546C4B30001900C0
:1010C000984607F093F90490002800D1C1E041460A
:1010D000300007F0C9F900216061300007F06AF9BB
:1010E0008046002800DABAE0626908AB9A460292AC
:1010F000F82380225B02520208920993C0235146D2
:101100001B03102220610B970CA88B6002F0C4FE19
:10111000029A0CA9531C1B03D20113435046102200
:101120000D9302F0B9FE280000F08AFB681C0390C2
:1011300000F086FB5B46AB4007931900D0231B06EB
:101140009962594603980022814028009962012142
:1011500000F0FAFA00220121039800F0F5FA444B5E
:101160002800F3181B0D0633DBB21900069300F0BC
:10117000D1FA0699039800F0CDFA2A0002234146DD
:101180003000009707F0ECF953463A4A9B683A4919
:101190001340802212061A435346DB68ED030B40CE
:1011A000F82109030D4080212B43C90208910A92BE
:1011B0004146029A0B933000534607F02BFA5B46E8
:1011C00041468B403268134333602C4B9E424AD0D9
:1011D0002B49D02522692B4804F00CFD2D060A204E
:1011E00001F0AEFA6B68079A01261A4013005A1EE6
:1011F00093413200059F6868BA401040421E9041FA
:10120000D9B25B00C2B2034344202354235C1E487E
:10121000DBB204F0EFFC484600F012FB4B469E4068
:10122000002201214846AE6200F08EFA174B484674
:101230001C6001220821164B00F09AFA154804F0B0
:1012400055FC049811B0F0BCBB46B246A946A04676
:10125000F0BD114804F04AFC00230493F1E70F4865
:1012600004F044FCF8E70E49B3E7C046449100108F
:101270000000E0AFFFFF0A3EFF7FF0FF00002050BC
:10128000808E0010CC8E0010F48E0010A01B002069
:10129000B90F0010248F0010888E0010A88E001047
:1012A000788E0010F0B54746CE46002380B5060084
:1012B0009846394F83B010E0FA220023920001F0E3
:1012C000F5FE05003B68EB1A642B02D9334B9D42B7
:1012D0001BD94422B35CA34224D101223369F168B3
:1012E00008339A404868104245D19B005C58E3B2ED
:1012F000994603231C4001F039FB0029DCD1FA2177
:10130000890001F095FE0500DCE74A460123210033
:1013100013402348620804F06DFC44223D60B35C36
:10132000A342DAD0B35C1F499B002343DBB2CD5606
:101330004146132924DD01239C46E044002D10D0B2
:10134000B369EB18B361336A013333622423002D90
:101350001EDD0122F254326AB3689A4201DB002397
:10136000336244230122F4543369F16808339A400C
:1013700048681042B9D003B0C0BCB946B046F0BD11
:10138000B15C09482200C9B2009504F033FCD2E7F1
:101390000022F254DFE7C046A81F00200F270000FC
:1013A000448F001034910010608F001080697047E6
:1013B000C0697047006A70472423C05CC0B27047A0
:1013C000006C7047F0B54646D6464F46C0B58046DD
:1013D00001F0CCFA434604009A6BDB6B0D00A41AB3
:1013E0009D4106000F00002D02D1164B9C4224D9CE
:1013F00043469B699A464346186B5346181A02F0B7
:101400007FFC43468146986802F07AFC011C4846FE
:1014100002F055FC29008146200002F095FC011CD9
:10142000094802F04CFC011C484602F05CFC4346B3
:1014300052469E63DF6318641A63E0BCBA46B14645
:10144000A846F0BD9F860100C0E1644CD0231B0676
:101450001B68AC4A9900F0B5DE468B4651585A429B
:1014600053412F2257464E4645465B4293439A4688
:10147000A54BE0B59C4683B000260191E2440029CB
:1014800038D0A24B99465246F30808339B009D582A
:101490000123340098460836002D22D00F21200069
:1014A000294001342D09002919D04B465A469A5833
:1014B0000300C240203BDB171340424613420CD1CD
:1014C00007220F000240920097403A00C308904F55
:1014D0003C339B00DA51019B9847002D01D0B44268
:1014E000DCD3202ECFD103B0F0BCBB46B246A94618
:1014F000A046F0BD854E5F4600210F23B346CC08C1
:1015000022005046083292001258002A00D1D0E042
:10151000180010408046100913421AD05D46ED595C
:10152000A94620256D42AC468C446546ED17AC4675
:101530004D46CD40A94665464E46354001263542CA
:1015400004D14646724D3C34A4006651002800D1B7
:10155000AFE01C000440A446140A03421AD0481C01
:1015600080465846C059464681464D460800F540DB
:101570001F38C01728400125284208D165462D0193
:10158000AC46F0086646624D3C3080004651002C67
:1015900000D18EE0180020408446100B234211D069
:1015A0008C1CA0465C46E4594646A1464D460C00BC
:1015B000F5401E3CE4172C4001252C4200D182E06E
:1015C000002876D01C000440A446140C034210D01E
:1015D000C81C80465846C059464681464D460800BC
:1015E000F5401D38C01728400125284275D0002C31
:1015F0005FD0180020408046100D23420ED00C1DF5
:10160000A4466546414CE459EC40A1460C004D46C9
:101610001C3CE40F2C426AD000284AD01C00044035
:10162000A446140E034218D0481D8046454637484C
:10163000C059E840814608004D461B38C00F28427B
:1016400009D165462D05AC4640466646C008304D7A
:101650003C3080004651002C2BD01800204084469E
:10166000120F23422AD029488C1D8146C059E040E0
:101670008046080045461A38C00F284206D1E008C7
:101680006446234D3C30240680004451002A10D08B
:101690004846C059CC1DE0408446080065461938CC
:1016A000C00F284205D1E0083C30194C12078000D9
:1016B00002510831202900D021E714E7002AF8D090
:1016C00012488146E4E765462D02AC46F4086646BA
:1016D0000F4D3C34A400665172E765462D03AC46BD
:1016E000F00866460A4D3C30800046517FE745468B
:1016F0002D04A84664464646E408054D3C34A40043
:10170000665189E7281B002030410140F41F00206A
:1017100000400140094A83009A1810B5146840221D
:10172000544080322240064CC000A44663441A60F4
:10173000044B9C466044416010BDC04604C001405B
:1017400004D0014000400140074B8000C3181B68D3
:10175000C90092000A435A400C231340034A94469E
:10176000604403607047C04604C0014004D001409B
:10177000F8B545469846D0231B06DE461C689B46B6
:101780002B4B57469A46A3004E469946E0B5534622
:1017900016004A469B5807000D00002B34D04346E4
:1017A000002B3FD053464A4641469950D0231B0652
:1017B0001C6863425C412F220720634293431D4A09
:1017C00038409446FA081100800085403C311A48A0
:1017D0006344890092000D509B18002E0ED0802289
:1017E00092019446634401210D201D6000F020F910
:1017F000F0BCBB46B246A946A046F8BDC022920145
:10180000944663441D60F3E74346002BD1D0534612
:1018100041460D2099500022084900F06BF95B46C3
:101820001C68C6E70D20054900F05EFABAE7C0461D
:10183000281B002030410140004001404D140010A1
:101840000123D0228340120693629361094A8300E8
:101850009A1811684022514080320A400649C0005F
:101860008C4663441A60054B9C46052360444360E4
:101870007047C04604C0014004D001400040014010
:101880008023DB051868000F7047C0460FB400B511
:10189000084883B004F02AF9049B002B07D005A95F
:1018A0001800019103F078FF034804F01FF90120AC
:1018B00003F08AFF908F0010A08F0010EFF31080CC
:1018C00072B6034A1368002BFCD0BFF35F8F7047DA
:1018D0002C0100D0BFF35F8F0022024B1A6080F30F
:1018E000108870472C0100D070B5EFF3108C72B6E1
:1018F0000D4D2B68002BFCD0BFF35F8F0724CB0866
:10190000C618C05C01230C40A3401C0004400342E5
:1019100007D118433070BFF35F8F2C608CF31088B1
:1019200070BD1000FFF7B2FF2C0100D0F8B547469C
:10193000CE46884680B5EFF3108C72B61C4D2C68ED
:10194000002CFCD0BFF35F8F9A4222D807210126DA
:10195000894602E00132934218D34D4637001540C4
:10196000AF40D4080119045D2742F3D110003C4375
:101970000C70BFF35F8F00220D4B1A608CF3108840
:1019800000280EDBC0BCB946B046F8BD012040427D
:10199000EFE7BFF35F8F00232B608CF310880120EB
:1019A00040424346002BEDD00898FFF76FFFC0463A
:1019B0002C0100D0044A1078431CDBB2172B00D94D
:1019C000102313707047C046E00F002010B5064B7F
:1019D000064C82B00100009318221F232000FFF75D
:1019E000A5FF02B010BDC046A48F0010381B002018
:1019F0000021044B044ABFF35F8F02C39342FAD124
:101A00007047C046000100D0800100D0054B064A57
:101A10001360064A136053609360D360136153618F
:101A2000936170478080808000E400E004E400E07F
:101A30001F2318401E3B8340002905D0C021044AC3
:101A40004900535013607047802201498B50FAE7D8
:101A500000E100E001228240034B1B6813405A1E44
:101A60009341D8B27047C04600E100E001238340B3
:101A7000014A13607047C04600E200E0064B103098
:101A80009B688000C358054A00209B1A2F229A4267
:101A90004041C0B27047C04600ED00E0E40F0020B6
:101AA00070B50D00EFF3108672B60F4A1368002B65
:101AB000FCD0BFF35F8F0D4B10309B6884001B5927
:101AC0000B4A934203D09D4201D001F05FF9074BCE
:101AD0009B681D51BFF35F8FBFF35F8F0022024BE6
:101AE0001A6086F3108870BD240100D000ED00E07C
:101AF000C1010010F0B557464E46DE464546E0B5FA
:101B000085B0060000911700EFF3108B72B66A4A99
:101B10001368002BFCD0BFF35F8F0025674B5D5728
:101B20009A46002D00DAA9E06B00654C01935B1921
:101B30009B009846A146C1444B4652469B791036BD
:101B40001370604BB6009B6899590B1B2F2B33D930
:101B50005D4B994200D0ACE0019B42469C465B4BFA
:101B60006544AD0063535A4B0232A218043B9B1AE2
:101B70001B05584A5B0D651913436B80564B0121B9
:101B8000AB80FF23AB71009BEF71AB604B460B4307
:101B900019004C4B9B689951BFF35F8FBFF35F8F68
:101BA0000022454B1A608BF3108805B0F0BCBB4691
:101BB000B246A946A046F0BD01200A008243D3796F
:101BC0008C46BB4231D84546130044491B1B5B4140
:101BD0005943090D3D4B63533D4B02356519043B99
:101BE0005B1B1B053B4D5B0D2B43AA464D466B8093
:101BF0000425AC465546E044131F44441B1B1B05FB
:101C00005B0D1D434B46997100999D809960494633
:101C1000DF71334B01431360BBE75800C0188000ED
:101C20002018C179B9422FD902000623D356002BC0
:101C3000F3DA02932B4B61460393131D9A46042358
:101C40005B429C46E14450464B461B1A1B055B0D0C
:101C50009C46204B957198466346404603439380CB
:101C6000019B5A199200039BA418A380029B1C4A53
:101C7000A371009B2260E771A3608AE701F086F8F8
:101C8000002553465D574FE7908802934005131D8A
:101C90009A46031561469C464046D4446346043048
:101CA0002018181AE0230005400D1B02184303906A
:101CB000C5E701F06BF84FE7240100D02920002090
:101CC000E40F002000ED00E0C101001000A1FFFFC3
:101CD0001410002000E0FFFF01BDFFFFAAAA0000D2
:101CE0000148804701BD0000F0B5DE4657464E462C
:101CF0004546E0B50C0083B0EFF3108872B6634A36
:101D00001368002BFCD0BFF35F8F614B61499A6869
:101D1000030010339F00D55901938D4243D0A54253
:101D200054D05D4EAA1B2F2A3DD85C4B9B461B68A6
:101D3000994601231A009C4682404B4613401F22BD
:101D400099466346024093409A4680225B4650463D
:101D50009850BFF35F8FEFF305839B46002B37D07E
:101D6000019B5B4501D001F011F801232A009A4341
:101D70009068844208D176E04B005B189B00F31812
:101D80009868844236D01A00062151560029F3DAA9
:101D9000844254D04B46002B27D0C02251463F4BA3
:101DA0005200995019603A4B9B68DD51BFF35F8F29
:101DB000BFF35F8F0022354B1A6088F3108803B0A1
:101DC000F0BCBB46B246A946A046F0BD0D00EAE70E
:101DD0002A0063469A4390688442D5D10620105663
:101DE000130000280ADA0D0031E0802351462B4A07
:101DF000D150D8E706201856002821DB42001118E0
:101E0000890074188B46A1689960E179D97106211F
:101E100061569971002924DBA488F11A6405241500
:101E20005C44091909051E4C490D2143998013187A
:101E30001C4A9B001178F31899711070AAE71300DF
:101E40005946002914D1FF319171174991801549E4
:101E50000A789A71154A9B1B5B415A43120D0A700E
:101E600098E71149E2E70620105613000028C5DA6A
:101E70000F4A1049D21A083A5002400D0143998086
:101E80000D4952080A43DA8084E7C046240100D095
:101E900000ED00E0C1010010E40F002000E100E0CF
:101EA00000E0FFFF2920002001BDFFFFAAAA0000DB
:101EB0001E10002000F0FFFF00F8FFFF70B50124A6
:101EC0000443EFF30581EFF3108C72B6214A1368D7
:101ED000002BFCD0BFF35F8F1F4B05001F4AED1A8C
:101EE0006D416A43120D1E4D8900AE6852B276589C
:101EF000A6421CD00621595691421CD01221595697
:101F0000914222D01E215956914220D02A21595661
:101F10000324914210D0134B19781A708171BFF3CA
:101F20005F8F00220B4B1A608CF3108870BDAB687A
:101F30000D4C5C50EFE700246100091989005B1823
:101F4000FF21997109499980E5E70124F4E702240A
:101F5000F2E7C046240100D0E40F0020AAAA000046
:101F600000ED00E029200020C101001001BDFFFFAD
:101F700010B5084B084C82B00100009300220523E5
:101F80002000FFF7D3FC002801DB1F23181A02B042
:101F900010BDC046C08F00102D200020024B9C4673
:101FA00061448900016070474000003470B5114CF5
:101FB000114DAC420FD2FF262368002B0CD0FFF747
:101FC000F9FC01002000FFF7E9FFA680BFF35F8F57
:101FD0000834AC42F0D370BDFFF7ECFC01002000E8
:101FE000FFF7DCFF2671BFF35F8F0834AC42E3D309
:101FF000F1E7C046B0100020B810002010B5040072
:10200000FFF7D8FC01002000FFF7C8FFFF23237172
:10201000BFF35F8F10BDC04610B504000120FFF76D
:10202000D5FC034BC3189B002360BFF35F8F10BD2B
:1020300040000034034B9C46614489000160BFF3BB
:102040005F8F7047400000340A4B1968EFF310802F
:1020500072B60A68002AFCD0BFF35F8F1B68BFF31B
:102060005F8F00221A6080F3108840BF002000219B
:102070007047C04608200020F0B5DE4657464E4661
:102080004546E0B587B0EFF30583032201251A40EA
:10209000954091008846A946B34B03925C58B34BD8
:1020A0001D60B34B04934B46B24843630823E55E7F
:1020B000002D37DAA3881BB2002B00DBADE0A3793B
:1020C000002B00D0EEE00823E05E002820DB430078
:1020D00062691B18DB00D3189E68DD68731C00D191
:1020E00011E1A44801004144826A0B69B71A9B1AA6
:1020F0009F4215D30123026A039883401A420FD0EE
:102100009C4800F02BFC8D4202DCCCD18642CAD91F
:1021100040BF07B0F0BCBB46B246A946A046F0BDE2
:102120000E61EDE762696B0092465B19DB009A4431
:1021300053469E68DF6800F011FC8F42BADC00D184
:1021400003E1002F00DAE8E05246534652691B696A
:102150009346049A934200D1D9E052460821605E2A
:102160005288000459461043984700900191009905
:10217000019A0B001000134300D1CEE013000A00B7
:10218000B61A9F41002806DB7A4800F0E7FB009E64
:10219000019F36184F4153469E60DF6000229A5ED1
:1021A000002A00DA86E7530099186069C9004118CF
:1021B00002938B68C9689B46B94200DD7AE702D179
:1021C000B34200D976E708239C46A44405956546AA
:1021D0002281A446029B2C0006E053009918C900F6
:1021E00041188D68C968AB469B18DB00C318B9421B
:1021F00006DC00D1B3E01C000023E25E002AECDA2A
:10220000230064469C4653461A806346059D1D8004
:10221000A3881BB2002B00DA51E72269EFF310818B
:1022200072B61368002BFCD0BFF35F8F0123A78821
:102230005B42A3803FB22369BFF35F8F00221A6025
:1022400081F31088002F00DA39E7230008332200D9
:102250009A4666697B00DB19DB00F31899685046E3
:102260008C460824115FDD68002910DB029306E02C
:10227000AB4244D00023E15E2000002906DB4C0085
:102280006418E4003419E368AB42F1DD029B078077
:1022900000201F5E1980002FDCDA1400A379002BC8
:1022A00000D110E70023A37126000823E15E083661
:1022B0004B1C00D12CE70800A246656902E03E00F5
:1022C0004B1C1AD04B005B18DB00EF180A008C4641
:1022D000E95E7B881BB2002BF1DA01235B42DC173D
:1022E000BB60FC60824205D0534631801B893B8035
:1022F00053461A8160464B1CE4D15446E5E6A36878
:102300006345B7D9C2E76B1C00D0EAE6F8E65B4646
:1023100058461B69984700281BD153461B882269E1
:102320002381EFF3108372B611680029FCD0BFF34C
:102330005F8F514662880A8022696580BFF35F8F94
:102340000021116083F31088B4E6864200D8F8E6D5
:10235000B0E65B461A685B680092019307E7B345F5
:1023600000D848E74CE7C046E41F00203C70054019
:10237000792000100040054070B52E4C2569002DD5
:1023800004D00A212C48FFF709FE70BD2B4E032113
:10239000300000F0D9FAE660FFF70CFB284B03226F
:1023A0009C46D02322701B061B6801216370254BBD
:1023B0006044A3600F238000206102206380636972
:1023C0004942A18019800231198647311D83585234
:1023D00018315A5275325C3999521832013199527A
:1023E0001832013199521832013199520835183298
:1023F0009D520231183299521832013199521832D5
:1024000001319952183201319952183201319952E1
:102410001832013199520C4B0C49DC6001303562A5
:10242000FFF73EFB01210320FFF702FB084B1D6075
:10243000A7E7C0462C1000200820002000400540DF
:1024400040000034FFFF1000E41F0020792000103E
:1024500038600540004870472C100020F8B51F0078
:1024600008AB1B7804001600002B08D100F07EFAA0
:1024700032003B00121A8B41002B00DA52E0226935
:10248000EFF3108072B61368002BFCD0BFF35F8FA0
:102490000223E15E63694A005218D2009B18226948
:1024A000002936DB1D886580BFF35F8F002515602E
:1024B00080F31088069A9E60DF601A61079A5A615D
:1024C0005A8801325204520C101C002A1FD082B2CA
:1024D0005880080410432669EFF3108772B63268FB
:1024E000002AFCD0BFF35F8FA2881A80A1802369E5
:1024F000BFF35F8F00221A6087F310880A492378A0
:102500008C4601329A40E36863441A60F8BD0120AA
:10251000DDE7BFF35F8F0023136080F31088012095
:102520004042F3E70020F1E73C20000070B50100D5
:102530000469EFF3108C72B620680028FCD0BFF35A
:102540005F8F02200D5E4C6968004019C00024189E
:102550000869002D36DB26884E80BFF35F8F00268A
:1025600006608CF31088E36063880498013320616F
:102570005B0405985B0CA26060611A1C002B1FD0E5
:1025800093B22804628018430A69EFF3108C72B684
:102590001368002BFCD0BFF35F8F8B8823808D8066
:1025A0000B69BFF35F8F00221A608CF310880B78E1
:1025B00001329A40CB6808498C4663441A6070BD6A
:1025C0000122DDE7BFF35F8F002303608CF31088E7
:1025D00001204042F3E7C0463C20000010B543898B
:1025E0000A1493421ADD53009B184269DB00D3188A
:1025F0000469EFF3108C72B62268002AFCD0BFF396
:102600005F8F5A88090494B2090C8A4208D0036982
:10261000BFF35F8F00221A608CF31088002010BD7A
:102620008022120214435C80012302698371BFF38C
:102630005F8F002111608CF31088044902788C466A
:102640009340C268012062441360E8E73C20000028
:1026500040787047F0B5C64600B582B004000D0062
:1026600000F084F924184D41002D02DA01242F4D89
:10267000644206267642F71736196F41AF4214D8E6
:1026800011D000F073F932003B00121A8B41002B7D
:1026900015DC002B46D02000290000F071F902B0B3
:1026A00080BCB846F0BDA642EBD90026002700F05A
:1026B0005DF932003B00121A8B41002BE9DD00F07E
:1026C00055F932003B00121A8B41002B0ADB002324
:1026D0000193174B3200009316483B00FFF726FF8B
:1026E0000130D8D000233900B0469C46124A134826
:1026F000536A994204D8966A4645CCD29942CAD1C7
:102700000668EFF3108772B63368002BFCD0BFF376
:102710005F8F0368BFF35F8F66461E6087F3108884
:1027200020BFE5E7002AB6D0C9E7C046FFFFFF7F1C
:10273000492000102C1000200040054008200020F7
:10274000F0B5C64600B582B0040000F00FF9FA22D9
:1027500006000F00200000230021920001F08CFAF7
:102760008019794104000D1E02DA01242E4D6442C5
:1027700006267642F71736196F41AF4214D811D0AA
:1027800000F0F4F832003B00121A8B41002B15DCEC
:10279000002B46D02000290000F0F2F802B080BCE7
:1027A000B846F0BDA642EBD90026002700F0DEF8BF
:1027B00032003B00121A8B41002BE9DD00F0D6F805
:1027C00032003B00121A8B41002B0ADB00230193DD
:1027D000164B3200009316483B00FFF7A7FE01306E
:1027E000D8D000233900B0469C46124A1248536A9A
:1027F000994204D8966A4645CCD29942CAD1066815
:10280000EFF3108772B63368002BFCD0BFF35F8FF5
:102810000368BFF35F8F66461E6087F3108820BF92
:10282000E5E7002AB6D0C9E7FFFFFF7F4920001087
:102830002C1000200040054008200020F0B557462D
:102840004E46DE464546E0B506000F0085B0EFF384
:10285000058399468B46002B12D0384900204B6ADD
:10286000BB4206D38A6ADB1B591E8B41B2424041F0
:10287000184305B0F0BCBB46B246A946A046F0BD21
:102880002F4B9A46DB68984653461B784046039385
:1028900000F064F84246039B040004339B009B58FD
:1028A0000D001B1A39003000001BA941894510DCBE
:1028B0000DD020BF214A0020536A5B45D9D3926ACC
:1028C000DB1B591E8B41B24240411843D1E7834282
:1028D000EFD900F04BF832003B00121A8B41002B6D
:1028E0001ADB00230193174B3200009350463B0044
:1028F000FFF71CFE011E0FDD104B5A6A5A451BD311
:102900009B6AB34216D35046FFF768FE0B4A00207D
:10291000536A5B45ADD3D2E7084A0020536A5B4552
:10292000A7D30020926ADB1BB24240415A1E93415A
:1029300018439EE75A45E6D120BFE4E70040054032
:102940002C1000204920001010B5024A0248FEF762
:10295000CBFF10BDDC8F00103C1B00200300416A40
:102960000A00986A596A8A42FAD17047034B596A39
:102970000A00986A596A9142FAD1704700400540AE
:10298000064A536A9942FCD807D1044B02E05A6ABE
:10299000914202D19A6A9042F9D8704700400540AE
:1029A000F8B5DE464E4657464546E0B58B4605002F
:1029B0000A991800160000F03BFB0A9B6C001F02EE
:1029C000324B64199C46A4006444636881469F426C
:1029D00000D967602B1FDBB29846012B30D9C0238A
:1029E00080229B01E31812011A60294BAD0059594E
:1029F0009A4600291BD17301E026226853401E40ED
:102A0000802342465B01E3181E60012A30D98023EF
:102A100080229B01E31812011A6053464A46676000
:102A20005A51F0BCBB46B246A946A046F8BD58690B
:102A300000F0FEFA013043001B18033BFDD2DAE739
:102A40005B46012BCBD1C02303229B01E3181A6004
:102A5000023AA3681A42FCD07301E0262268AD0056
:102A600053401E4080230A4A5B019246E3181E60D1
:102A70005A462168514003220A401A6001225B46EF
:102A80009A40A3681A42FCD0C1E7C04600800040CB
:102A9000441B0020F0B546464F46D646C0B51F0041
:102AA000344B44009C462418A40064446368884660
:102AB0001600FF2B02D880235B006360031FDBB28C
:102AC0009A46012B30D9C02380229B01E3181201C2
:102AD0001A60294B85005959994600291BD1730169
:102AE000E026226853401E40802352465B01E318D3
:102AF0001E60012A30D9802380229B01E318120135
:102B00001A6080235B0063604B465F51E0BCBA46AD
:102B1000B146A846F0BD586900F08AFA013043007A
:102B20001B18033BFDD2DAE74346012BCBD1C02370
:102B300003229B01E3181A60023AA3681A42FCD0F0
:102B40007301E0262268850053401E4080230A4A14
:102B50005B019146E3181E60424621685140032202
:102B60000A401A60012342469340A2681342FCD0F7
:102B7000C1E7C04600800040441B0020014B80009C
:102B8000C0587047441B0020F8B5040021481E00BF
:102B900017000D0000F04CFA0100380000F048FA70
:102BA000069B36041B031E432368002B20DB1A4BB5
:102BB0001A49E3185A1E93418022920194465B42BF
:102BC0001B0B174A1B0363441360164A13601F0054
:102BD0000A689743FBD1144B2560E2182123A060BB
:102BE00013602368002BFCDA0823E6601360F8BD4D
:102BF0003F2322681340AB42D9D1A3681B051B0DAC
:102C00008342D4D1EE22E368D2021340B342CED144
:102C1000EDE7C046001BB7000040FDBF08C0004004
:102C200000E0004000F000400430000010B58024B7
:102C30001C4BE4051C6000281AD001231A4C1843D1
:102C40001A4BDC611A4C44401C6259629862802124
:102C5000144BC9051960174817490860E021C904D9
:102C60001960002A07D18022144B12061A6010BD89
:102C70000E4BD861EBE753019B1A9B009A188023F7
:102C800012015B049A4209D213000D490B60074BF5
:102C90005A608022094BD2051A60E8E7094B1A00F6
:102CA000F3E7C04600B00540D3C007B00080054040
:102CB0002D3FF84FFCFF01000820014000A0054017
:102CC000BC1F0020FFFFFF008023024A9B000B4334
:102CD000D362704700800540002310B50100988A38
:102CE0001B8B984710BDC046162310B501001888ED
:102CF00002331B88984710BDF8B54746CE4680B5CD
:102D00000F1E18D014239946043304000025012611
:102D100098464B461888434621681B88984701C44B
:102D2000431E984101350640AF42F2D13000C0BC8D
:102D3000B946B046F8BD0126F8E7C046002370B595
:102D400004000D00988A05491B8B9847030000205A
:102D5000002C01DB0130A0402900984755420000BB
:102D6000AA23064A1B0113608D235B00D36004492C
:102D7000044B19605368002BFCDA70470040024096
:102D800000B0FA00006002407047C04610B501482C
:102D9000FEF77CFD0090001070B5074D074EB54260
:102DA00009D20024013E761BB60808CD98472300BF
:102DB0000134B342F9D170BD988A0010D48A001052
:102DC000054B064A06491A60064A074B1A6010006E
:102DD0000B689843FBD1704700E00040BFCDFBFE7D
:102DE00008C00040FE7F3C0000F00040044BDB6C5C
:102DF000002B03D18022034BD2021A607047C046D9
:102E0000000011504C201150044A054B1A60054A2D
:102E10001368DB018033FBD17047C046FFFFFF0121
:102E200000F0004008C000404022034B9A675A67F8
:102E30001A67DA667047C04600F0014010B5FEF729
:102E4000D7FD10BDF8B52749274C284D641AA610A8
:102E50003200302E00D930222800920001F01CF8F8
:102E6000BC2C3BD830202F232C196407204A801B10
:102E7000E40F9B1B052B16D93700002C02D0B300A2
:102E8000771CEA50001B33199B004108EB18C9005E
:102E9000C9181A605A6008339942FAD101230342D3
:102EA0001CD09843C619B300EA50731C2F2E15D0BE
:102EB0009B00EA50B31C2E2E10D09B00EA50F31C4E
:102EC0002D2E0BD09B00EA50331D2C2E06D09B00DC
:102ED000EA50731D2B2E01D09B00EA50054B9D60DC
:102EE000F8BDC04600010010C00100100000002025
:102EF000C101001000ED00E0002310B5294C82B0A4
:102F0000A367FFF72DFF0122274B1A60636C012B8B
:102F1000FCD10322254B1A60224A936B012BFCD172
:102F2000013300930121224A22480433FFF72CFE8B
:102F3000052301210093204A2048FFF725FE0022A7
:102F4000022104201E4BFFF7A5FD002201210520D0
:102F50001C4BFFF79FFD0022002107201A4BFFF7B3
:102F600099FD002200210820174BFFF793FD8023D5
:102F7000DB000093002200210920134BFFF710FD16
:102F80000022104B00210620FFF784FD0420FFF7EC
:102F9000F5FD0E4900F04CF801000020FFF794FE0B
:102FA00002B010BD008000403CB0004030B0004096
:102FB000002F685900800240008C864700C0024004
:102FC000001BB70040597307006CDC0240420F0041
:102FD00001480421014B184750100020F92C001023
:102FE000124A936F9B0815D29066D166002905D0CE
:102FF000FFE7FFE7FFE7516F106F704704B58021CF
:103000000906C2175140002800D0C84305F00CFD46
:10301000002104BDF0B5146E556E576F166FFFF7A3
:10302000E3FF1466556657671667F0BD000000D0D1
:10303000114A936F9B0813D210665166002905D080
:10304000FFE7FFE7FFE7516F106F704704B50028F7
:1030500001D00020C04305F0E7FC002104BDC046BC
:10306000F0B5146E556E576F166FFFF7E5FF1466D7
:10307000556657671667F0BD000000D094464A4A6F
:10308000926F9208624601D228E0C046F0B5464EE3
:10309000346E756E776F366F00F020F89446424AB2
:1030A00014665566576716676246F0BD94463E4AF9
:1030B000926F9208624601D254E0C046F0B53A4E93
:1030C000346E756E776F366F00F04CF89446364A62
:1030D00014665566576716676246F0BD002B24DB01
:1030E00011D000293EDA00B5C943404200D1013178
:1030F00000F038F8C943404200D10131DB4352426D
:1031000000D1013300BD002AEBD1002801D10029F4
:1031100005D00020C90FC90701D1C043410800B53F
:1031200005F072FC0022002300BD00B500290ADB77
:10313000DB43524200D1013300F014F8C94340424E
:1031400000D1013100BDC943404200D10131DB4310
:10315000524200D1013300F005F8DB43524200D166
:10316000013300BD002923D1002B18D1002A0CD037
:10317000BC460D4F38667A6600210023FFE7FFE763
:10318000FFE77A6F386F67467047002801D007481D
:10319000010000B505F038FC0022002300BD02004C
:1031A0000B00002000217047000000D0FFFFFFFF50
:1031B000002B00D0BFE0130C28D1002AE7D080B448
:1031C000114F39667A66FFE7FFE730B4040C7B6F76
:1031D000396F1B0423433B667A66FFE7FFE7FFE78F
:1031E000C04684B27B6F3D6F1B0423433B667A6607
:1031F000FFE7FFE7C04600232C042D0C7A6F386FE1
:1032000000196941B0BC7047000000D0F0B5944689
:103210000025140E01D112020835140F01D112013C
:103220000435940F01D192000235D40F01D1520020
:103230000135D40B0134254F7C66254C3C660E0CC1
:1032400093B2FFE7FFE7FFE73C6F6643360C770377
:10325000BE467343DF0B5B04C01AB941130C7343C2
:10326000DB18C91ACE086643360CB64493B27343D2
:103270001F0F1B01C01AB941130C73431F0B1B0511
:10328000C01AB941860D8F023E436643360C092DA4
:1032900024DB520A7243801A7703460A6643360CCF
:1032A00016235B1BDE40DF40BF1964466643821B6A
:1032B0007046043506330100D940A840C01900D338
:1032C0000131A24206D20023F0BD0000000000D070
:1032D000FFFFFFFF121B0130F3D3F1E709277F1B2C
:1032E000FE406446A2B27243801A00D20139220C19
:1032F0007243130C1204821A99410B007046043574
:1033000013370100F940A840801900D30131002B88
:1033100002D1A2420AD2F0BD013000D30131121B0A
:10332000FAD2013BF8D1A24200D2F0BD013000D365
:103330000131121BF7E7F0B51C0C00D080E00CB493
:1033400000251C0A04D11B02160E33431202083555
:103350001C0B04D11B01160F3343120104359C0BC7
:1033600004D19B00960F334392000235DC0B02D14F
:1033700092185B4101351C00971864410134464F97
:103380007C66464C3C660E0CFFE7FFE7FFE7C04655
:103390003C6F6643360C7703BE4697B27743C01B3B
:1033A00000D20139C01B00D201399FB27743C91B3B
:1033B000C91B170C77437E04FF0B801BB941CE0855
:1033C0006643360C0C2D33DBB644120B1F053A4313
:1033D0001B0B97B27743C01B00D201399FB27743D2
:1033E000C91B170C77433E043F0C801BB941860D67
:1033F0008F023E43664329277F1BFE400C3D7746E4
:10340000AF40BF1930BCA2B2ABB272437343801A53
:103410009941220C7243130C1204801A9941020044
:103420000B000137001BA941F9D2781E0021F0BD25
:103430000C277F1BFE4077467F0BAF40FF19E0E76C
:1034400000245D1C07D0144F7D663966FFE7FFE757
:10345000FFE7FFE73C6F95B29EB265436643401BB2
:10346000B141150C1E0C6543664336042F0C3E43D8
:103470002D04401BB141994204D202000B002000F0
:103480000021F0BD01D19042F7D3801A9941013457
:103490009942F2D3F6E70000000000D0FFFFFFFFE3
:1034A00048404140484018B41B4B5B68FC460193C0
:1034B00008BD04DF4B37001018B4174B1B68FC46DF
:1034C000019308BD00DF553700109446134A926FF0
:1034D000920809D2624618B40F4BDB68FC46019390
:1034E00008BD0CDF0D3A00100C4AF0B5146E556E95
:1034F000576F166F6246FFF7EEFF084A146655666F
:1035000057671667F0BD18B4034B9B68FC460193E0
:1035100008BD08DFB138001088120020000000D07C
:10352000FFB550404240504059404B40594000E0A8
:10353000FFB5154F4C00640D03D0BC4204D10C0301
:1035400014D80020090D09055C00640D03D0BC42AD
:1035500004D11C030AD800221B0D1B0501264B4079
:1035600009D44B4003D58B4200D18242FFBD994222
:10357000FCD19042FFBD0B43DB1803431343F5D04E
:10358000C9434918FFBD0000FF07000000B5FFF761
:10359000CFFF804100BDC04600B5FFF7C9FF01D98C
:1035A000002000BD012000BD00B5FFF7B9FF01D923
:1035B000002000BD012000BD00B5FFF7B1FF804134
:1035C00000BD012040054A00121804D85A00121804
:1035D00001D800207047012070470000002100281A
:1035E00005D17047C1174840401AFAD0C90713B532
:1035F000064B1B6898470CBC441CA2401005120BDC
:103600000349091B09051943114310BD042000207B
:103610001F04000010B54C00620D8023D218DB009F
:10362000D21A5B057E2A10DD9E3A13DACC17090305
:10363000490819435242D140640001341532202A0E
:1036400005DAD0400843604310BD002010BD084695
:10365000604310BDC80FC018013810BD18B4044B2A
:103660005B6AFC46019308BD24DFBD3B00100000EF
:1036700088120020132370B51D78012D19D014DD98
:103680001F48FFF731FB06001E48FFF72DFB1E4CBD
:1036900080223100200000F0FFFB022D2DD01B48BE
:1036A000FFF71AFB1A4B186070BD1A4B164CA36437
:1036B000F5E7184B144C23606360A360E36023615B
:1036C0006361A361E36123626362A362E3622363D4
:1036D0006363A363E36323646364A364E3642365B4
:1036E0006365A365E36523666366A366E366236794
:1036F0006367A367E367A364D1E7064BA364CEE7E0
:103700005344000053460000881200204C33000050
:10371000042000201937001007B5604601880A0A06
:103720000230DF2AFAD1C9B2820804D30288408865
:103730000004104300E00068014A5050039007BDA8
:10374000881200200FB403BC0CBCF0B50124E407C0
:10375000634000E0F0B50C0DCF0F661E3605891BE7
:10376000640503D3C943404200D30131640D03D043
:10377000661CF60A07D0E41B00207F00791C89072D
:103780008912803C24031D0DDF0F6E1E36059B1B26
:103790006D0503D3DB43524200D301336D0D03D0DB
:1037A0006E1CF60A07D0ED1B00227F007B1C9B07D6
:1037B0009B12803D2D032F1B661B58D4A446202E40
:1037C00046DA20371400BC401D00BD40F2403341B2
:1037D0002A4380185941CB0F05D0C943C04300226A
:1037E00064425041514162464D0D28D10D0D07D123
:1037F00000281FD0241940414941013A0D0DF9D04C
:10380000640006D3013000D30131002C01D14008FF
:103810004000013A0BD4941CE40A04D1120511446F
:10382000DB071944F0BDD907204B194300E0D90745
:103830000020F0BD0029DDD1002CDBD1F0BD01322C
:10384000C6074008CD0728434908002EE1D0D9E734
:103850003C2E29DA203E40371400BC4000D0012421
:10386000F24014431A00BB401C43D317ACE7AC46EC
:10387000202F08DA20360400B4400D00B540F8408F
:1038800039412843A5E73C2F0CDA203F403604009D
:10389000B44000D00124F84004430800B1400C4378
:1038A000C117EAE710001900002494E70000F07F38
:1038B000F0B50C0D661E3605891BE60A6405640D1D
:1038C00002D0651CED0A04D0002001210905803CCE
:1038D0002403A4461C0D671E3F05DB1BE70A640595
:1038E000640D02D0651CED0A04D0002201231B05E3
:1038F000803C24037740644497B484B296B2744306
:10390000070C7E43150C6F4380B26843361802D310
:10391000012000043F183004350C00197D41844615
:1039200088B29AB250430C0C62431F0C7C438EB297
:103930007E43921902D301263604A4191604170CEB
:103940003618674101BC81B29AB25143040C6243FC
:103950001B0C5C4380B25843121802D301200004B0
:1039600024181004130C401863412D185E410020E8
:10397000474106BC88B293B258430C0C6343120C07
:10398000544389B251435B1802D3012109046418DE
:1039900019041A0C091862416D185641002047415C
:1039A00018BCF902720D1143F0026A0D1043ED02CA
:1039B0000A0D03D16D1940414941013B124E9B1B39
:1039C0007600B3420ED26D0007D30130002671415C
:1039D0006646354301D1400840001B05C918E4077D
:1039E0002144F0BD0BDA013306D1013004D101319D
:1039F0004F0D01D04908F2E7E1070020F0BD013684
:103A000031050020EBE70000FF030000F0B51C0DBE
:103A1000671E3F05DB1BE70A6405640D02D0661CC8
:103A2000F60A04D0002201231B05803C2403D02584
:103A30002D060026F6432E661E096E66CE0FF61979
:103A4000B44649004F0D02D07E1CF60A03D0002078
:103A50000021403F3F033E1BB600B444013F7F05B9
:103A6000C91B49082E6F013676089C02950D254327
:103A70007543ED137543AD1301356D10F603761BD9
:103A80000CB4CC02450D2C43A2B2B3B25A43270C5E
:103A90007B43350C6F43A4B26C431B1902D3012442
:103AA00024043F191C041D0CA4187D4124196D41E8
:103AB000009A91B2ACB26143170C7C432B0C5F436C
:103AC00092B25A43A41802D301221204BF1822044E
:103AD000230C52187B41019C6C431B19520ED901D7
:103AE0000A434401A01A81B2B2B2514303145A43AB
:103AF000360C734387B27743D617D21900277E411D
:103B000036049B191704160C7F185E417316ED18C6
:103B1000F301002680337541A90F06D16400690ABC
:103B2000E8055B0A184309D22FE00422944480334D
:103B30007541A90AA8059B0A184326D3404149416B
:103B40002404009A019B0D005543641B4343E41A6F
:103B500095B286B27543170C7E43030C5F4392B255
:103B60005A43B61802D301221204BF183204330C90
:103B700052197B4152429C41002C02D40022013058
:103B800051414008CA071043490802B06246D707AE
:103B90009210084BD218084B9A4203D2120589188A
:103BA000C919F0BD0020002A01DC3900F0BD013345
:103BB0001905F5E7FD030000FE070000002200B52F
:103BC000203200F004F8080000BD000000220B15B0
:103BD0000AD410B5944600F031F81414013400DA18
:103BE0000021CB17144C204700200021704762446D
:103BF000343A0CD40C2A07DA040091409040524227
:103C00002032D440214310BDD843D94310BD2032C7
:103C100007D40C469440524220321141D0402043F8
:103C200010BD0800C917203203D45242203210417F
:103C300010BD1800190010BDEF3B00100A0DCC0F8D
:103C4000531E1B05C91A520503D3C943404200D372
:103C50000131520D03D0531CDB0A07D0121B002088
:103C60006400611C89078912803A1203014BD21A41
:103C700070470000FF03000051434343C9188C46BE
:103C8000110C83B24B4310B4040C614392B280B266
:103C9000504362431C041B0C001910BC594113040F
:103CA000120CC01851416144704700004840414027
:103CB00048400E4B5B6818470C4B1B6818470C4A72
:103CC000936F9B0802D2094BDB681847F0B5146E5E
:103CD000556E576F166FFFF7F6FF054A1466556667
:103CE00057671667F0BD014B9B6818478813002083
:103CF000000000D0491A002808D10846704700008B
:103D0000C10FC90700D54042002817D0F44603B4BC
:103D10000B4B1B68984706BC81409E38404280315F
:103D200007D20B0607D04900490AC00510430843D3
:103D300060470130F8E7490A8902F5E7704700005B
:103D400004200020054A10470029FBD0044B5B6E7D
:103D5000FC46184764DF093E00100000F53C0010E7
:103D600088130020034BDB6FFC4618477CDF4D3E79
:103D70000010000088130020132310B512481C788F
:103D8000FEF7B2FF0100012C0AD003DD80220F48AC
:103D900000F082F80E48FEF79FFF0E4B186010BD32
:103DA0000A4C5422200000F077F80B4B6365A365A2
:103DB000E36523666366A366E36623676367A367B9
:103DC000E3672362E361E5E75346000088130020C0
:103DD0004C33000004200020DD3D001007B5604694
:103DE00001880A0A0230DF2AFAD1C9B2820804D354
:103DF000028840880004104300E00068014A5050E7
:103E0000039007BD88130020002230B5002906D595
:103E1000CD0705434808013A10E0002230B50500FF
:103E20000D430FD0CD170C16AC4205D1C901440E7D
:103E30002143C0010732F6E70500080052423D3237
:103E40000149884730BD0000EF290000C30FDB07A0
:103E500041000A0E07D0FF2A08D00909054A89182F
:103E60001943400770471900002070470249C918DC
:103E7000FAE70000000000380000F07F014804214C
:103E8000014B184760100020F92C0010014B1B68F3
:103E90001847000060100020014B5B6818470000C5
:103EA000601000209A4200D2885470477047C04684
:103EB000F8B55746DE464E464546E0B599460A9B5C
:103EC00007009A460D9B884693460B9C9B073BD167
:103ED0000C9B9C423DD21E1B0B9415000C005E44B3
:103EE0002A004B46013521002020B847B542F7D1C2
:103EF000A0460B9C002C20D0454636195346321B59
:103F0000013C185D29004B46B847002CF6D12B0028
:103F1000350098460D9B9B070FD55B46EC1A0C9B12
:103F2000A3420AD9464698462A004B463100202033
:103F30000134B84701354445F6D32800F0BCBB46F0
:103F4000B246A946A046F8BD16001500002CD3D1F4
:103F5000E0E716001500002CCED1EEE7F0B545469F
:103F6000DE4657464E46E0B585B09C4610AB1B7802
:103F7000149F934698460F9C129E139DBB074CD4EA
:103F8000002D42D1B44248D201233B4099460E9BBA
:103F9000013B9A46302304E0524601341355A642B1
:103FA00001D9202CF8D14B46002B00D183E00E9B89
:103FB000013B99463023A54205D82EE04A460134FC
:103FC0001355AC4229D0202CF8D1FB060CD57B052B
:103FD00054D4A64263D0A54261D0119B102B50D07F
:103FE000022B57D0202C32D1202301930E9B5A460E
:103FF0000093039763460295FFF75AFF05B0F0BCA4
:10400000BB46B246A946A046F0BD01233B409946B7
:1040100001233B422AD1B442B9D3FB061CD57B0510
:10402000DBD4002CD5D1119B102B5BD0119B022B24
:104030006BD0302301240E9A13704346002B10D10D
:104040007B073ED52B260E9A631C1655CDE7230021
:10405000013430260E9AD654202CC5D04346002B6E
:10406000EED02D260E9A631C1655BEE74346002B54
:104070002FD0013DB44200D289E798E7119B102B65
:10408000B2D1BB0637D5202CAED058230E9A13558B
:104090000134A7E7202CA7D02300013407E0631EDA
:1040A000012CC0D0119A102A31D0022AD1D1622617
:1040B0000E9AD65496E7FB06CED57B0500D488E74A
:1040C0008BE723003E0790D520260E9A0133165524
:1040D0008BE70C233B405A1E9341ED1AB44200D2A9
:1040E00055E764E7BB060ED478230E9A02241370BA
:1040F00030235370A1E7202C00D175E778230E9A66
:10410000135501346EE75823EFE76033EDE70E9A5D
:10411000A61E91464E44BA0602D55822327098E740
:104120007822327095E7C04610B5002800D110BD46
:1041300001F092FCFBE7C0460B0010B5002802D04E
:1041400049681B68984710BDF0B55746DE464E4695
:104150004546E0B595B083460F00924698461E9AB4
:104160001F9B10001900209EFFF72BFA002800D09B
:10417000EAE11E981F990122C54B5242FFF706FA49
:10418000002800D014E11E981F990122C14B524211
:10419000FFF712FA002800D0E9E01E981F990022CC
:1041A000BD4BFFF709FA002800D0C8E01E981F9900
:1041B0000022BA4BFFF7EAF9002800D0BFE01E98B2
:1041C0001F9900220023FFF7E1F9002800D0E4E066
:1041D00000230B93229B5B0500D40626002430238A
:1041E00007E0172106AA013452181355013E202C6E
:1041F00001D0092EF5D81E981F99FFF70BFAA84B8E
:10420000F2009B181A685B68050008920993FFF793
:10421000E9F902000B001E981F99FFF744F9089A6C
:10422000099BFFF770F906900791FFF717FA81468F
:10423000FFF7D4F902000B0006980799FFF733F94E
:104240000022984B06900791FFF7B6F9002800D19D
:104250000DE101239C46E1444846FFF7BFF9020007
:104260000B0008980999FFF797F9002802D000235E
:1042700099460135002E00D1D9E006954D46B94644
:1042800014E006AA944617230A2163442800013447
:104290001F19FEF7CDFE3031397028000A21013E8A
:1042A000FEF7C6FE092D00D817E10500202CE8D145
:1042B0004F46069D20240CAE06AA1723944663445D
:1042C00099465B46B34606930FE04B4628000A2109
:1042D0000134E618FEF784FE3031280031700A21DF
:1042E000FEF77EFE051E00D1E4E0202CEDD1069BFA
:1042F0005E469B460323229A1340012B18D1219B33
:10430000002B15D00B9B002B00D1FDE0219B013B26
:104310002193202B0CD93023219A07E0172006A9DE
:10432000013409180B55944200D3CCE0202CF5D170
:10433000229B01940393219B0096029322E0229BEF
:1043400052460493219B3900039358461E9B1F9CA1
:10435000029600930194434600F04AF904002000BD
:1043600015B0F0BCBB46B246A946A046F0BD229BA4
:104370005B070FD403224C4B2299019203912199A0
:10438000009302914346524639005846FFF790FD8C
:104390000400E4E70422454BEEE71E9A1F9B002031
:1043A0000021FFF780F801231E901F910B9311E766
:1043B000229B54469B0711D1219B042B0ED9219B94
:1043C00055469C465E46043C64442A0043460135FB
:1043D00039002020B047A542F7D1B346344D26001E
:1043E0002B1F99465B46A3461C003200E8784346E3
:1043F0003900013DA04701364D45F6D123005C460A
:104400009B46229B04349B07A9D55346219AE31A65
:104410009A42A4D95E461500220043463900202066
:10442000B04753460134E31A9D42F5D897E7280078
:10443000FFF7D8F802000B001E981F99FFF733F81A
:104440000022184B06900791FFF7A0F80CAE002849
:1044500000D031E7069807990022124BFFF7ACF81D
:10446000002800D028E7012301359D4324E70022DE
:10447000069807990B4BFFF789F8002800D0F9E65A
:104480004B46002B5CD101239C46E144F2E6C0463A
:10449000FFFFEFFFFFFFEF7F65CDCD4165CDCDC1C4
:1044A000409300100000E03F589000105090001022
:1044B00060900010069B5E469B460323229A1340A1
:1044C000012B00D181E0202C00D131E70B9B002B88
:1044D00027D02D23335501342AE74F46069D202C43
:1044E00000D1E7E63022331907E0172006A901348E
:1044F00009180A55202C00D1DCE6A342F5D12E2262
:104500000CAE0134F254D7E60C23229A134257D052
:10451000219B013B2193A34200D9FCE6202C00D132
:1045200006E7229B5B0703D52B2333550134FFE6B7
:10453000229B1B0700D4FBE6202333550134F7E60A
:10454000DB0700D496E69EE7229B55469B0711D1D8
:10455000219B032B0ED9219B54469C465E46033D6E
:10456000654422004346013439002020B047AC4264
:10457000F7D1B346B9465F461C4EEC1C2A00B07812
:10458000434649460135B847013EAC42F6D1229B2D
:10459000BB464F469B0700D4E1E65346219AE31AF7
:1045A0009A4200D8DBE65E461500220043463900F9
:1045B0002020B04753460134E31AAB42F5D3CEE690
:1045C000219BA34200D9A6E6B2E6219B002B00D195
:1045D00079E70B9B002B97D0219B013B21939C42B9
:1045E00000D298E6202C00D073E7A1E65C90001082
:1045F000F0B5DE4657464E464546E0B599B0814691
:104600008B4692469846229A239B10001900FEF78B
:10461000D8FF002800D0CAE0229823990122824BBB
:104620005242FEF7C9FF002800D0C0E0229823992B
:1046300001227E4B5242FEF7A9FF002800D0B6E0CF
:104640002298239900220023FEF7A0FF002800D023
:10465000C9E1229B239C0893099408980999802317
:10466000269ADB001A400D928022269C12011440EB
:1046700022000B94269C07000E001C4200D0ADE0E7
:104680000B00034300D0D5E0002A00D00AE222004C
:1046900006332493022313400C930223134200D0C9
:1046A00002E2259B042B00D20FE2043B0B93002374
:1046B00004250A930022229823990023FEF766FF1F
:1046C000002800D003E25A4B269A134004930B9B18
:1046D0000393249B0293089B099C009301945946E1
:1046E000434652464846FFF72FFD02002020269BF6
:1046F0001F27034059424B415B421840531C08930B
:10470000594643464530C8470A9AD317D4185C40E7
:10471000D30F0A936B1E0B9308AB9C46002567448E
:1047200001E0202D0FD020000A21FEF781FC013589
:104730007E193031317020000A21FEF779FC260005
:104740000400092EEDD8052306930B9B59460593CB
:10475000002304930A3303930A9B4846029310AB49
:104760000093089A43460195FFF7F8FB0C9B002B3A
:104770002DD05346C41A259BA34228D94D465F46E7
:1047800081461E00534639001A1920204346013441
:10479000A847A642F6D8534648462599C21A013280
:1047A0000023914200D386E1013018180FE0269BC8
:1047B0000493259B0393249B0293229B239C0093A9
:1047C00001944346524659464846FFF7BDFC19B08E
:1047D000F0BCBB46B246A946A046F0BD01432BD172
:1047E0000B9B2200002B00D154E700230A93249B4B
:1047F0000A9A0024934200DD85E122982399002241
:104800000023FEF7C3FE002800D035E1269B084AAE
:1048100002941A408023DB0013430493259B0393E7
:10482000089B099CCBE7C046FFFFEF7FFFFFEFFF30
:10483000FFF7FFFF06232493B44B70009C46400D06
:104840006044FEF7CFFEB24AB24BFEF75CFEB24ABE
:10485000B24BFEF731FE3603B14B360B3343040047
:104860000D00380019000022AE4BFEF71CFEAE4AC8
:10487000AE4BFEF748FE02000B0020002900FEF7B9
:104880001BFEFEF7C7FE0A90FEF7ACFEA84AA94B36
:1048900004000D00FEF737FE0022A74BFEF70CFECA
:1048A000FEF7B8FEA54A0600A54B20002900FEF73A
:1048B0002AFE040030000D000C96FEF793FEA14A7C
:1048C000A14BFEF720FE02000B0020002900FEF79E
:1048D000EAFD02000B0006000F00FEF714FE320096
:1048E00004000D003B0030003900FEF7E5FD00221A
:1048F0000E900F91954B20002900FEF7E6FD002257
:10490000934BFEF7D9FD02000B0020002900FEF7B3
:10491000DCFD00228F4BFEF7CFFD02000B002000D4
:104920002900FEF7D2FD0D008021040032003B007B
:104930000020C905FEF7B7FD02000B00200029008A
:10494000FEF7BAFD02000B000E980F99FEF7BDFDB1
:104950000022734BFEF7B0FD7F4B0C9C9C466444D9
:1049600000222305FEF7CFFD06000F0002000B001A
:1049700008980999FEF70AFE00280AD00A9B300021
:10498000013B39000A930022714BFEF79EFD0600A1
:104990000F000A9A330063323900C62A12D8022265
:1049A0002698042510400B9A0C90002A25D1259BAF
:1049B000042B05D9002800D0A1E0259B043B0B93D4
:1049C000042541E00222269810400B9A0C90002A00
:1049D00012D1259B052B76D9002872D1259B052560
:1049E000053B0B9334E0802212069446229B0893E9
:1049F000239B6344099330E605250B4300D1F6E67B
:104A000008980999554A564BFEF7CEFD002808D064
:104A1000089809990022534BFEF7B8FD002800D0F2
:104A2000E5E6249B002B1CD00D9B002B19D0249B6A
:104A3000013B2493259BAB4204D90C9B002B5AD0FD
:104A400002230C9300230B930A9B002B00D131E629
:104A50000898099932003B00FEF737FD089009914C
:104A600028E6259BAB42EDD90C9B002B43D00023BD
:104A70000B9302330C93E7E78020269B3A4A00060B
:104A80001A40802384460294089C099D2900DB007B
:104A900013430493259B6144220003930B0000926F
:104AA00001938EE60524A8E600230B930A930233B4
:104AB00004250C93FEE553468C46013B63441B1AC8
:104AC00072E602230C930525C2E70423EDE580205E
:104AD000089E099F000639008446269A224B6144AD
:104AE000134004930B9B32000393249B02930B000F
:104AF00000920193F3E5259B5B1B0B93A4E7022334
:104B000004250C93A0E79C1A013C76E601FCFFFF0C
:104B1000FB799F501344D33FB3C8608B288AC63FAC
:104B20000000F03F0000F83F61436F63A787D23F6A
:104B300071A379094F930A400000E03F1655B5BBB9
:104B4000B16B0240EF39FAFE422EE63F00002C40E6
:104B50000000244000001840FF0300002D431CEB20
:104B6000E2361A3F80842E41FFF7FFFFF0B5DE46A4
:104B700057464E464546E0B5A5B01E002E9B9246D0
:104B80000C93CD4ACD4B80468B461A60002900D14C
:104B9000EAE1002330789946002800D1ECE1C84BC7
:104BA0004C460B93C74B454657460E930AE0631C91
:104BB000984622003B005946A847444630780028D2
:104BC00000D187E001362528F1D108239A46043B1D
:104BD0009946023B9846013B00229C460D94307852
:104BE000711C0300203BDBB2102B03D80B9C9B00F5
:104BF000E3589F460300303B89460D9C092B3AD968
:104C0000002398462A2800D1C1E000239A462E2886
:104C10004BD00300683BDBB2122B1ED80E999B00D1
:104C2000CB589F4663460E001A43D8E743460E0012
:104C30001A43D4E74B460E001A43D0E710230E0068
:104C40001A43CCE753460E001A43C8E780235B00A3
:104C50001A43FF3B9C467078E1444E4667284FD884
:104C60002428A4D90300253BDBB2422B9FD89649C8
:104C70009B00CB589F46002394461E0000E0013164
:104C8000B3009B195B001E180878303E0300303BD0
:104C9000092BF4D90123624689469C460023B0467D
:104CA0009A460E00E1442E28B3D13021802049429B
:104CB0008C46C000024370784B4684446146092903
:104CC00000D86CE12A2800D17AE101239C464E46A7
:104CD000E1449EE7A146A846BA46CA4503D8012347
:104CE0005B425344994653464A4659460020C047C2
:104CF000200025B0F0BCBB46B246A946A046F0BD98
:104D00000300693BDBB20D930F2B00D94FE7012164
:104D100099408C466D49894661464B4619400F9132
:104D2000634649460B4200D028E10D9B0A2B3AD03E
:104D3000072B00D03BE70C9B190008C98846002BC5
:104D400000D14BE121200243914614A98C461F2239
:104D50000F2162448C4651460D950C91A2461500D8
:104D60000F9902E020290CD0130064461C4020005B
:104D70003730092C00D80738013168541A090F2B35
:104D8000F0D80C9B54460D9D9A460F9133E10C9B35
:104D900002CB8846002947DB0C9301239C467078A0
:104DA0004E46E14431E70C9B02CB14935346002B53
:104DB00000D138E19C4608780B000C908C44002808
:104DC00001D100F098FC89466146944603E05A7888
:104DD0000133002A01D08B42F9D1494662465B1A61
:104DE0000C900F93530500D520E1022318001040CA
:104DF0000D90134200D1CBE30D930B1BB1469A46A5
:104E00005E460C9822003B003100A847534601340F
:104E1000185D0028F6D1B3464E460D9B002B00D0FE
:104E2000C7E1149B0C93C9E60C9301239C462838D8
:104E300049420243884670784E46E144E5E6707880
:104E40006C2800D17FE180235B001A43FF3B9C4626
:104E5000E14402E780239B001A4301239C467078BB
:104E6000E144FAE67078682800D173E180231A43A0
:104E70007F3B9C46E144F0E6672800D103E14728E8
:104E800000D15AE1452800D15AE104920721424657
:104E90000C9B0392073352468B43190002920CC9B4
:104EA0002800009201930C9122003B005946FFF725
:104EB0009FFB040082E6C0466D4B0010B01F00202F
:104EC000A4910010E891001034920010419000006D
:104ED000462800D1DBE00492072142460C9B039256
:104EE000073352468B43190002920CC928000092E6
:104EF00001930C9122003B005946FFF725F904006D
:104F00005CE6631C984622003B0059462520A847D2
:104F1000444653E60C9B04330D93631C9946920759
:104F200000D422E10C9B2200187859463B00A84788
:104F300043464444012B00D885E23300B8462E0096
:104F40005F4625004C46994622004346013439000D
:104F50002020B047AC42F7D12C00BB463500474675
:104F60004E460D9B0C9329E6DB4B30789846002388
:104F70009946002800D012E60024AEE66F2800D142
:104F800088E000D80BE31023782800D1CFE09A43C3
:104F90000A239C4600230F930A330D9380E0564664
:104FA000B1008919490001330E181878303E01000C
:104FB00030390929F4D9B2461E000133994628E652
:104FC0000C9B023602CB8A46C9435046C91708409B
:104FD00082460C933078731C99461AE61023100011
:104FE000984311331843814680201300C0000340CA
:104FF000024200D1A9E64B46069308230593534687
:10500000049310230393002302930F9B2200019328
:105010001CAB009359463B002800FEF79FFF434618
:1050200004000C93CAE501235B42C3E60F9B534582
:1050300001D953460F930223180010400D901342DC
:1050400000D1B7E10D93D1460B1B9A463300A14422
:105050002E0022004D460C98B9465F469B4608E05C
:105060004B463900541CB0475346185D002877D092
:1050700022009542F4D15B46BB464F46A946350017
:105080004C461E00C9E680231B011A43FDE620237F
:105090001A4320E708239C4600230F9308330D93FF
:1050A00080231100DB0019401A4200D116E10D23C4
:1050B0009A431000802302009B001A401492184269
:1050C00000D0C2E1802302005B001A4091460C9A96
:1050D00004320F92184200D0B7E2430600D59FE198
:1050E000030600D419E30C9B1B880993002B00D006
:1050F000FCE110339843002900D1F7E100239946E1
:1051000043460593534604930D9B06900393002357
:10511000D2E0582808D0622867D102239C46002399
:105120000F9302330D93BBE720231A43103B9C4699
:1051300000230F9310330D93B2E780231B011A4312
:1051400020231A43A1E6C0239B001A43F31C99466F
:10515000B07882E5C0231A43F31C9946B0787CE509
:1051600035005E46BB464F4657E64346012B00D806
:1051700063E1631E43449A463300B9462E005F46FE
:1051800055469B46A24622004B460134390020205A
:10519000B047AC42F7D135005E46BB464F46A1460C
:1051A00054460C9B4A46187859463B004444A8474D
:1051B000D7E6A1460F9B984500D832E64444E41A4E
:1051C0003300B8462E005F4625004C469946220023
:1051D0004346013439002020B047AC42F7D12C00BF
:1051E000BB46350047464E461BE680231000DB00D9
:1051F00018401A4200D10FE1112118008A430D9284
:105200000D9A802311009B0019408C461A4269D1E7
:10521000802311005B00194089460C9904310F91DD
:105220001A4200D0CAE113005B0600D5F0E013007B
:105230001B0600D459E20C9B00229B5ED9175A181A
:105240004A4092B2D90F0C91002B00D1F9E1100025
:1052500014AA944642461F23149252466344A84619
:1052600016944D460400B946B2461F00159201E05F
:10527000202D0FD020000A21FDF7DAFE01357E191E
:105280003031317020000A21FDF7D2FE26000400E3
:10529000092EEDD8149B4F46A94645469846159BC6
:1052A00056469A46169C0D9B0693434605935346D5
:1052B00004930A2303930C9B02934B4601931CAB6C
:1052C0002200009359463B002800FEF747FE0F9B43
:1052D00004000C9372E4C046AD3E00100C239A43C8
:1052E0001000E7E607220C9B0733934301329446F4
:1052F0009C4462460C920CCBD90F0F9111001943BC
:1053000000D191E0D9171391129151401091139946
:105310005940119110981199129A139B801A994132
:105320001090119114AA0023944642469946149273
:1053300052461F336344A846B24616944E46109C0C
:10534000119DB94615921F0001E0202E10D02000BB
:1053500029000A220023FDF7A9FE013630322B0076
:10536000BA550D0022000400002BEED1092AECD81A
:10537000149B1094119545469846159B4F46B1468F
:1053800056469A46169C0D9B0693434605935346F4
:1053900004930A2303930F9B02934B4601931CAB88
:1053A0002200009359463B002800FEF7D7FD040079
:1053B000FFF704FC0F9B984500D8C1E18023DB0078
:1053C0000D9343460F9A1B199B1A994633002E00E2
:1053D0004D46B9465F469B460C9122004B46013430
:1053E00039002020B047AC42F7D143460C99013335
:1053F0000F930B7835000C935E46BB464F46002B4F
:1054000000D10EE50D9B002B00D1F6E4002319E638
:105410000C9B1B781A0015E710239A430D92EFE6B8
:105420000C9B1B78099361E6002399460028AAD1BA
:10543000002200231092119374E70C9B220018782D
:1054400059463B00A8474C468BE50C9AFA3BFF3B7C
:1054500007329A430133994691444B460C931368A3
:10546000526815921A4306D11032904300220992D5
:10547000002900D081E06122810600D54122D2B20C
:105480000A9214AA91460A9A00210A3A14924246B4
:105490001792524618925A460991B3461F311E0080
:1054A0000F9B4944BA4619941A95002467469846BA
:1054B0008946159D16901B920AE03032D2B24B46B7
:1054C00001341A55A8454AD0202C4AD006000D00B8
:1054D0003A00002330002900FDF7E8FDD2B2092A86
:1054E000EBD9149B9C466244D2B2E8E76123820662
:1054F00000D54123DBB20A3B0C93434614A91F227B
:105500008C46159353466244A046B2464C461797C4
:10551000A9461700099D0D9E1490169308E030339C
:10552000DBB201343B55B5420ED3202C0CD0050024
:1055300031002800FDF77CFDCBB20929EFD90C9A88
:1055400094466344DBB2ECE7159B4D46A1464446C6
:105550009846169B564614989A46179FD0E5B74230
:10556000B2D9179B57469846189B5E469A461B9B96
:1055700009949B461698199C1A9D434605935346D9
:1055800004930D9B0690039300230293099B05E768
:105590000F9B984500D914E701330F932DE4102396
:1055A000110099430D91692800D0BAE080231000C2
:1055B000DB0018401A4200D122E61DE60C9B1B6856
:1055C000DA0F1100002B00D18CE0DA179818504048
:1055D00014AA914642461F23149252464B44A046B9
:1055E000A946169704006546B2461F000C91159215
:1055F00001E0202D0FD020000A21FDF719FD013513
:105600007E193031317020000A21FDF711FD26008E
:105610000400092EEDD8149B444698460C9BAC46DA
:105620001900159B56464D469A46169F0D9B0291B2
:10563000069343460593534604930A230393634614
:105640003CE6002800D02EE602E60C9B1B6899463B
:10565000002B03D110339843002938D161238206EF
:1056600000D54123DBB20A3B0C93434616935346C5
:1056700014A91F228C4617932B006244A0464D4666
:10568000B246189799461700149C0D9E159008E095
:105690003033DBB201343B55B5420ED3202C0CD055
:1056A000050031002800FDF7C3FCCBB20929EFD972
:1056B0000C9A94466344DBB2ECE7169B1494444680
:1056C0009846179B56464D469A461598189F43464E
:1056D0000593534604930D9B069003930023029376
:1056E000149BEBE50028A1D172E70C9B1B68D9172E
:1056F0005A184A40A6E580231000DB0018409C465B
:105700000F901A420FD00220030013400F93104253
:1057100019D00023A1460F934CE50C9B1B680993FD
:10572000E4E40A0034E40223180010400D90134210
:1057300000D03EE54346002B00D042E6FFF771FB68
:1057400001330F937FE463460D93F3E70CB430B558
:1057500085B008AC08CC064D0A0000940100280072
:105760000394FFF703FA05B030BC08BC02B0184739
:10577000A53E001010B50C0084B00394012402A9CA
:1057800002900093034813006242FFF7EFF904B060
:1057900010BDC0463941001010B5094A0300146815
:1057A00084B0002C08D0012200910648524203A97F
:1057B000A047012004B010BD00F098F90020F9E7DF
:1057C000B01F00202941001000BEFDE710B5FFF713
:1057D000FBFFC04670B5FDF7DFFA074D074EB54237
:1057E00009D20024013E761BB60808CD9847230055
:1057F0000134B342F9D170BDD48A0010DC8A0010A4
:10580000030010B5080011001B68984710BDC04682
:10581000F0B5C64600B5437D07000C001600002B0E
:1058200046D0002A17DD0B780A2B24D00023984697
:10583000012E13D001252900635C01350A2B26D0E7
:10584000B542F8D1464509DCA419013C23780D3B4B
:105850005A4253413B7580BCB846F0BD4346E01800
:10586000A419F11A013C3B68984723780D3B5A4232
:1058700053413B75EFE7037D002BD7D102210F4841
:105880003B689847012EDFD001239846D2E7631E7C
:105890005B5C0D2BD4D0884504DA4346C91AE01866
:1058A0003B689847022105483B68A8469847C7E7E8
:1058B0000368110020009847CDE7C0469093001080
:1058C000F0B5C6460B6806000C0000B5802B06D06C
:1058D0005A1C2260E418267180BCB846F0BD0F4BFC
:1058E0001D68002D16D00B1D98460D4F02E02D6946
:1058F000002D0FD02B68002BF9D03B68002B01D076
:10590000AB42F4D1280041462268FFF781FF2D69A0
:10591000002DEFD101220023DBE7C046941B0020BD
:105920009C1B0020F0B54546DE464E465746E0B586
:1059300083B091461C0080460D00FDF717F8002348
:10594000304A12184B41002B02DA01222E4B5242F0
:105950002E4908008A4603F07FF807006B1C03D12C
:10596000404603F009F80500002C27D0284E294BAB
:105970001C68002C18D04B46002B21D1264B994691
:1059800002E02469002C0FD02368002BF9D04B468D
:105990001B68002B01D09C42F3D120002A00414615
:1059A000B0472469002CEFD1002F26D1280003B086
:1059B000F0BCBB46B246A946A046F0BD174ED6E79E
:1059C000154B99460A239B4602E02469002CEBD034
:1059D0002368002BF9D04B461B68002B01D0A34253
:1059E000F3D12A0041462000B0476B465A462000BA
:1059F000DA71D91D0122B047E7E7504602F0FCFFFB
:105A0000D4E7C04640420F00FFFFFF7FB0100020E8
:105A100011580010941B00209C1B002001580010FE
:105A20000A4A1368002B05D10CE01A001B691032DA
:105A3000002B07D08342F8D1002902D118691060E9
:105A4000196170470029FCD01060FAE7941B002010
:105A500010B500F0F1FA10BDF0B5CE46474680B55E
:105A600083B06B460600DD1D2870FCF77FFF002326
:105A7000194A12184B41002B02DA0122174B5242ED
:105A800017490800884602F0E7FF164B81461C685C
:105A9000002C14D0144F02E02469002C0FD023688E
:105AA000002BF9D03B68002B01D09C42F4D12000A0
:105AB00001222900FFF7ACFE2469002CEFD14B46F0
:105AC000002B05D1300003B0C0BCB946B046F0BDD4
:105AD000404602F091FFF5E740420F00FFFFFF7FD5
:105AE000B0100020941B00209C1B002070B5040007
:105AF00002F042FF01230100050001222000FFF710
:105B000011FF084B1C68002C06D06368002B05D0E1
:105B100098472469002CF8D1280070BD2469002C16
:105B2000F3D1F9E7941B0020F0B5CE46474680B587
:105B3000A3B004000D00FCF719FF0023274A121838
:105B40004B41002B02DA0122254B5242254E3000F8
:105B500002F082FF00232200019307002B0022485D
:105B600001A9FFF707FE214B804699461C68019B5F
:105B7000002B1AD0002C2FD01D4D02E02469002CE0
:105B80000FD02368002BF9D02B68002B01D0A34243
:105B9000F4D12000019A02A9FFF73AFE2469002CF3
:105BA000EFD14B461C6800230193002C06D063689C
:105BB000002B0BD098472469002CF8D1002F07D177
:105BC000404623B0C0BCB946B046F0BD2469ECE7FE
:105BD000300002F011FFF3E70194EFE740420F00BD
:105BE000FFFFFF7FB0100020C1580010941B002061
:105BF0009C1B00200FB400B583B004A901C901911A
:105C0000FFF792FF03B008BC04B018477047C046C6
:105C10000022014B1A7070472A2000204B79002087
:105C2000FF2B0BD18B79002B08D1CB79012B05D120
:105C3000082A03D9024B8A7809301A707047C04687
:105C40002A2000200120704710B5012913D11249E4
:105C50005379107909781B0203430020994200D040
:105C600010BD5378012B08D0022BF9D164220021FA
:105C70000020FCF7DBFF0120F2E7D37891781B02CC
:105C80001943480ADB0501D4012040427F238A05DD
:105C9000D20F1940FDF752F82A2000200048704723
:105CA0005C94001070B5050014000120012909D191
:105CB00053780020012B05D1637912791B0213431D
:105CC000072B00D070BD21002800024A9F3301F04D
:105CD00055FAF7E7B49300100123037000487047AA
:105CE000949300104B780A781B0213438A7810B5FE
:105CF00012041A43CB781B0613439622D200934218
:105D000000D010BD0022012011004042FDF716F81E
:105D1000024B1860024B19607047C046301B0020D0
:105D2000341B002010B5024B1878FBF79FFE10BD06
:105D30002B200020154B70B51A68002A22D0EFF3F3
:105D4000108172B610680028FCD0BFF35F8F00206E
:105D50000F4A596010701B68BFF35F8F186081F3A2
:105D60001088002400250B4E3078FBF773FE0028C6
:105D700004D1002400252900200070BD3078FBF7F5
:105D800075FEF8E7FA240025A400ECE7DC1F0020EC
:105D90002C2000202B20002070B5040000200E00D5
:105DA00001F00AFB002834D0002001F01BFB002882
:105DB0002FD0FCF7DBFD0023174A12184B41002BB4
:105DC00016DB164D280002F047FE002821D00020E7
:105DD00001F0F2FA00280FD101200021404200F02A
:105DE00001FD03246442280002F006FE200070BD7D
:105DF00001220B4B5242E4E7002001F0F3FA0028A5
:105E0000EAD021003200002001F0F6FA041EEAD1A7
:105E1000E7E703246442E9E740420F000C2000203A
:105E2000FFFFFF7F10B5FCF7A1FD00230D4A1218FC
:105E30004B41002B02DA01220B4B52420B4C20004B
:105E400002F00AFE00280CD001200021404200F0A0
:105E5000C9FC002001F014FB0028F5D1200002F05D
:105E6000CBFD10BD40420F00FFFFFF7F0C20002044
:105E7000F8B5DE46574680B505000C00FCF776FD08
:105E80000023364A12184B41002B02DA0122344B10
:105E90005242344908008A4602F0DEFD002803D150
:105EA000C0BCBB46B246F8BD002001F085FA002810
:105EB0004AD00026002C43DD2B4B9B4614E0A91949
:105EC000002001F017FB070001200021404200F0F4
:105ED00089FC002001F0D4FAFCF748FD224BF619AA
:105EE00018605960B4422BDD002001F023FBA71B92
:105EF0000200B84200DD3A00002AE0D10120002172
:105F0000404200F06FFC002001F0BAFA002001F0DE
:105F100053FA002814D0002001F00CFB0028E1D136
:105F2000FCF724FD5B460F001A685B68002184467D
:105F30000E4812184B419F4202D8D3D19445D1D973
:105F4000504602F059FDABE700200021064B1860D7
:105F50005960504602F050FDA2E7C04640420F0093
:105F6000FFFFFF7F0C2000208012002020A10700EF
:105F700030B52A4C85B00021200002F05DFD0028DC
:105F80001CD1274B1A68002A16D0EFF3108172B685
:105F900010680028FCD0BFF35F8F012421485960AE
:105FA00002781B68D2B20470BFF35F8F00201860C4
:105FB00081F31088002A17D005B030BD01200021E0
:105FC000404200F00FFC002001F00CFA0500200018
:105FD00002F012FD002DEFD0134B1B68002BEBD00D
:105FE000124A10689847E7E7FCF734FA0400FCF718
:105FF000BDFCFA220023920012184B41002B02DA5A
:1060000001220B4B524201210291002101910949C9
:1060100020000091FCF722FACEE7C0460C200020B9
:10602000DC1F00202C200020301B0020341B00200F
:10603000FFFFFF7F355D0010D02310B51B0684B035
:106040001C68FCF707FAFCF703FBA04202D0002013
:1060500004B010BD294B002100201B7801F05EFD2B
:1060600027480368002B45D00120FBF781FFFF2361
:10607000244C254920701840FBF712FD207801219F
:10608000FBF7D6FC0520FBF7F9FC002824D10822F9
:1060900000211E48FDF7FAFEFCF7DCF90400FCF7CE
:1060A00065FCFA220023920012184B41002B02DA01
:1060B0000122174B52420121029100210191154901
:1060C00020000091FCF7CAF90028C0DB124801212A
:1060D000FFF7A6FC0120BBE70120FBF777FC0B4B89
:1060E00001001800FBF7A6FF002205200B49FBF773
:1060F00001FDEBE7FBF782FFB6E7C0461096001004
:106100000C2000202B200020715F0010DC1F0020DD
:10611000FFFFFF7F355D001070100020255D00102F
:1061200000487047F894001000487047A49400108D
:1061300010B5040017480378002B20D0002C06D19E
:10614000154B16484380063BFF3B038010BD052CD2
:106150001DD8134BA400E05812490123013804E074
:1061600001330A800231142B0DD0C25C002AF7D112
:10617000C022DBB25B00920008481343E5E711211F
:1061800000F01AF8DAE7CA2304489B00DDE7002094
:10619000DCE7C04614200020090400006C1B00202E
:1061A0008C9400106E1B002010B5024800F0D8F847
:1061B00010BDC046FC1F002030B54B1E012900D188
:1061C000A7E0664A11780D092C0030349F2900D9C8
:1061D000A2E00470012B00D1BEE00F211478214011
:1061E0000C003034092900D998E04470022B00D10A
:1061F000B2E054782509290030319F2C00D990E075
:106200008170032B00D1A7E00F2121400C00303416
:10621000092900D987E0C470042B00D19CE0947850
:106220002509290030319F2C00D97FE00171052B11
:1062300000D191E00F2121400C003034092900D910
:1062400076E04471062B00D186E0D4782509290038
:1062500030319F2C00D96EE08171072B00D17BE09B
:106260000F2121400C003034092966D8C471082B55
:1062700000D171E014792509290030319F2C5FD8B5
:106280000172092B68D00F2121400C0030340929FC
:1062900058D844720A2B5FD054792509290030312F
:1062A0009F2C52D881720B2B56D00F2121400C000D
:1062B000303409294BD8C4720C2B4DD09479250960
:1062C000290030319F2C00D9073101730D2B43D0A9
:1062D0000F2121400C003034092901D937310C003D
:1062E00044730E2B38D0D1790C09220030329F290B
:1062F00000D9073282730F2B2ED00F220A401100D3
:106300003731092A01D830321100C173102B23D044
:1063100010300023037030BD07345AE737310C00CA
:1063200063E707316CE737310C0074E707317DE72D
:1063300037310C0085E707318EE737310C0095E7E0
:1063400007319DE737310C00A3E70731AAE7373162
:106350000C00C4720C2BB1D1C018DAE7FC1F00206E
:1063600010B588B004000D2200216846FDF78EFDAF
:106370000D22002104A8FDF789FD4B236A466846DB
:10638000137004A90D2202F02FFB15210822200012
:106390006944FDF781FD08B010BDC046F8B500F0B6
:1063A00047F90C23194DFF22AB6705201849FBF76D
:1063B000A1FB184C402200212000FDF767FD40277B
:1063C000002301262121144A66702783A2601360EE
:1063D00063545F31618445396354104A10496360E6
:1063E000E2602787A1620B606362E26202F0F4FA66
:1063F00080239B052E64EB6490230A4A0120EA5017
:106400008022094B5202DA64F8BDC04600001150E8
:1064100045050020A41B00208400105000011050EE
:106420008000105010D001000020115010B5012143
:106430000520FBF7FDFA10BD10B50022002102482F
:1064400000F016F910BDC046C41B0020044B1970A3
:10645000002904D080219023024A8902D15070473C
:1064600026200020002011500B785B0602D14B78CB
:10647000052B00D070478A78014B1A60FAE7C046B6
:1064800000001150F0B5C646C87800B58007830FEC
:106490001800012B60D08F780A794B797F21394021
:1064A000FC091B024E001343334D32195201AA1846
:1064B000977001276740577000275B055B0DD77009
:1064C0001383D076B846CA00012C32D02B4FBC467D
:1064D0008F016244BC46AC446746BA6047461760C9
:1064E000002932D0264AC900904662464144516094
:1064F0003F223F339343022837D0224937190A6895
:106500007F01D3180B602049EF19FA608B422ED817
:1065100036197601AD19EB7E1C499B064A401343A0
:106520008022120613436A681360012080BCB846BB
:10653000F0BD174FBC468F016244BC46AC44674671
:10654000BA6247461760002908D1002364012C195C
:106550006360104BE360E8E70020E7E70B4AC900FF
:106560009046624641445162C2E75B00C5E7FCF7D2
:106570000DFCFA68CCE7C046A41B00208400105034
:1065800004001050C01F0020FF0F105000001050DA
:10659000800010500001105010B502F01DFA10BD1F
:1065A00010B57F200C0020404000E40911000019C4
:1065B0001A00034B4001C01800F05AF8012010BD2A
:1065C000A41B00207F23180000B5084083B00B42B5
:1065D00004D14B424B41084A013393668022C909DA
:1065E0004000064B401840010021C018120102F083
:1065F0004BFA03B000BDC04600201150A41B002080
:106600007F22130010B50B400A4200D110BDC9090A
:106610005B005B1804485B01C0180023002203499B
:10662000C37002F031FAF1E7A41B0020FFF7FFFF6F
:1066300080220A4B520410B51A60094B09491A60AE
:1066400010000B689843FBD18022002152010648BC
:10665000FDF71CFC0922054B5A6710BD00E0004005
:1066600000F0004008C00040000010500000115031
:10667000002310B5C3820133828283760161040056
:1066800002F0FAF9002804D080219023074A8902F9
:10669000D150200002F0C0F9002802D00123237756
:1066A00010BD200002F0E0F9FAE7C04600201150CA
:1066B0007047C0467047C0460020704700207047B2
:1066C0007047C0467047C0467047C0467047C046D6
:1066D000024B5878431E9841C0B2704738160020CC
:1066E000024B18784007C00F7047C046381600208C
:1066F000F0B5D6464F464646C0B52F4B07009A46E2
:106700001B780E00FF2B50D1002941D000215422CC
:106710002A48FDF7BBFB0022294C2A4B20001A70A7
:10672000FBF76CFC284B1C60284C2000143CFBF74A
:1067300073FC200001F0FAFD254B264D1C60264B12
:10674000002B04D02800FFF7C7FA244B1860244917
:10675000002489462149002388462A7810E04346D0
:106760001B6862019B18002B12D05B68002B0FD0B6
:1067700098472A780134E4B2511C2300A14209DB76
:10678000A242ECD89B1A5B014B445B68002BEFD113
:1067900000200BE05346310038001F70FFF7FEFD6C
:1067A0000028F5D03800FFF741FE0120E0BCBA46D2
:1067B000B146A846F0BDC046A410002038160020FF
:1067C00030160020272000208C1600209C1000206E
:1067D0009016002025200020D95C0010881400208D
:1067E000B4950010F0B5DE4657464E464546E0B536
:1067F000C84B91B002931B78FF2B00D13EE1C64BF2
:10680000C64E9B465F46C64B0DAC0193C54B0093ED
:1068100035686A69EFF3108172B61368002BFCD0FB
:10682000BFF35F8FA9612800210001F0AFFB6A6907
:10683000AB69BFF35F8F0021116083F310880028DC
:1068400000D11BE16378082BE2D89B00FB589F46E0
:106850006368002BDCD0A0689847D9E77F222179B4
:10686000AF4D0A405300EB189846C8098044404693
:106870000123303005799D430571057903339D432C
:106880000571002A00D100E14346A74A1B7D12781A
:10689000934200D3EFE0A54A5B011568ED18002D87
:1068A00000D1EBE0A36862792078AD69A847AFE733
:1068B0009F4A1378002B00D1E0E01378013BDBB254
:1068C00013701378002BA3D10122954D01212B7851
:1068D000042013432B703423EA5C8A43EA54EA5CB5
:1068E0008243EA540133EA5C8A43EA54EA5C824315
:1068F000EA54237800209B4600F09EFC6022237916
:106900001A40602A00D1EFE0402A00D1F5E0DB0612
:10691000DB0E012B00D113E1022B00D1C7E0002BCD
:1069200000D0E1E0202A00D11CE2002A00D0DBE008
:106930006379092B00D9D7E07E4A9B00D3589F4644
:10694000774D2B78DB0700D462E7FFF7BFFE5FE7E8
:10695000019BDB78DB0700D45AE76068FFF7AAFEEB
:1069600056E76F4D2B78DB0700D451E728780007F6
:10697000C00FFFF7A9FE4BE723786A4999468B467B
:10698000694B6A4998468A4639001A784746002377
:10699000B04600254E46894610E053461B686A0102
:1069A0009B18002B00D176E0DB68300098473A78DE
:1069B0000135EDB2511C2B008D4244DC9542ECD3E5
:1069C0009B1A5B015B44EFE7237858499946564B85
:1069D0008A4698463100BB464E461A780025002369
:1069E000474689460FE053461B686A019B18002BF7
:1069F00055D0DB68300098473A780135EDB2511C2C
:106A00002B008D4207DC9542EDD39B1A009A5B0167
:106A100094466344EDE7019D542200212800FDF7D0
:106A200035FA1022FF214448FDF730FA28002022D1
:106A3000FF2114304E465F46FDF728FA00F0F2FBC6
:106A4000FFF740FEE4E6364D542200212800FDF712
:106A50001DFA1022FF21281DFDF718FA2800202218
:106A6000FF21143046464F46FDF710FA00F0DAFBDE
:106A70002379AB70CCE6501C984213DA11B0F0BC0D
:106A8000BB46B246A946A046F0BDA368627920780D
:106A900000F0E6FBBCE646464F46214DE6E74E4693
:106AA0005F46CBE71F4D9B1A5B015D19FAE6702329
:106AB000217A0B4218D1C80982460F330B405B0084
:106AC00098461948EB1853441B7D00789946834239
:106AD00066D216485B01006881469944002A00D1BD
:106AE0005FE14B46002B68D120780021FFF76AFD5B
:106AF00080212078FFF766FD8AE6104800F09CFBB5
:106B0000012158460EAAFFF7CDF8002800D07FE6F5
:106B1000EAE7C046A41000200C9500109016002053
:106B200038160020B495001025200020881400207D
:106B300027200020309500103C160020A55C001096
:106B4000237A0F2BD0D8CF4AEB181B791578AB429C
:106B50003ED3691C9942C7DB5D1BCB4B6D01ED1821
:106B6000686900F069FB012158466B690EAA9847D5
:106B7000002800D04CE66022150023791D401A42FF
:106B8000B2D163790A3B012BAED800F055FB637993
:106B90000A2B00D199E158460EA900F0D9FA37E640
:106BA000431C4B4500DAF7E04B461B1A5B01994644
:106BB000B5488144002A00D1F3E04B46586900F003
:106BC0003BFB4B46012158465B690EAA98479CE760
:106BD000AE4A5B011568ED18002DC1D184E7A37999
:106BE00099466B789945D6D06B78002B00D033E16D
:106BF0004B466B70002B00D12BE148460138C0B2E8
:106C0000FFF792FA002800D17EE143780793022B28
:106C100000D079E10122C179B1468B1149111340AD
:106C20000A40302112015B0113432A78A8468A43A7
:106C300013432B7009239A4682445646BA46C378BA
:106C400082781B021343C31805938E4B04938E4B1B
:106C500008938E4B09938E4B0A93059BB34200D841
:106C600055E1737801220B2B03D13378F278F618B3
:106C70007378042B00D044E1059B00279B1B9BB23B
:106C80000693049B0B921D78002303931BE0099A43
:106C90007B011568ED18002D00D132E13100584616
:106CA0002B69069A98478446082803D9069A824297
:106CB00000D313E1049B01371D78FFB26B1C0397CF
:106CC0009F4200DD1DE1BD42E1D8039B5D1B089B97
:106CD0006D019C466544E1E76B780CAA02321370A3
:106CE000584601230EA900F049FA91E5E3881A0AF3
:106CF000D8B20F2A00D9F7E666499300CB589F46D1
:106D00000EA800F09FFA5846A179FFF795FB0222E2
:106D10002B7813432B707BE5E388012B00D0E3E64F
:106D200008222B78584693430EA92B7000F010FAD6
:106D30006EE5022029780CAB9A1C8B068908DB0FC4
:106D400001400B431380584602230EA900F016FAA7
:106D50005EE5E388012B00D0C6E608222B781343BA
:106D60002B7018E7237A0F2B00D9BDE6EB181D799D
:106D7000444B1B789D4228D2444B6D011B685D1922
:106D8000002D00D1B0E6686900F056FA012158469E
:106D90006B690EAA9847B8E6002A00D0A4E6002343
:106DA000994662790220130003928343012B15D088
:106DB000002A00D098E62B004344534430331B791B
:106DC0000CAA9B07DB0F0232BCE75A1CAA4200DA6E
:106DD0008AE6ED1A2C4B6D01ED18D4E7E388002B01
:106DE00012D1029B1878039B012B23D0FFF7EAFBFB
:106DF00043460221EB18534430331A790A430121E8
:106E00001A711A790A431A714B46002B00D1FFE41C
:106E1000586900F011FA4B4601215B690EAA5846E9
:106E20009847002000F008FA3523EB5CDB0700D51B
:106E3000EEE4B0E6FFF7E4FB43460221EB185344CF
:106E400030331A798A431A711A7903998A431A716D
:106E5000DAE7FFF737FC9EE600215846FFF7F6FA1F
:106E60005846FFF799FBAB78074903930491054B0C
:106E7000064998461A780591002329001D008A4684
:106E80001BE0C04625200020B49500108814002087
:106E90004C16002058950010059B6A011B689B1832
:106EA000002B4DD0DB685846984743461A78013589
:106EB000EDB2511C2B008D422EDC9542ECD39B1A77
:106EC000049A5B0194466344ECE70CAB9A1C584669
:106ED00001230EA9157000F051F999E40B9A012ACB
:106EE0004FD0002A3CD00023B07804E00133DBB25D
:106EF0000F71934234D2C118C9B241440D79FF2DAC
:106F0000F4D04E464546574600236B70ECE54E469E
:106F10005746FFF7D5FB3EE6554654220021280090
:106F2000FCF7B4FF1022FF21281DFCF7AFFF28005B
:106F30002022FF211430FCF7A9FF039BAB7057E61A
:106F40005546FAE7FEF7AAFE021E00D1CCE5D3783B
:106F500091781B020B4358460EA900F00FF9D4E5B7
:106F600065463B002A0031000A9800F07FFEAC46DF
:106F7000049B039A1B7866440133934200DB6CE662
:106F8000BFE7174B29699942ADD1079AABE7FFF7E5
:106F900093FB021E00D1A7E5584613780EA900F016
:106FA000EDF8B2E52189FFF7C3F8021EF4D19BE5A5
:106FB000022A0FD0FFF782FB021EC8D194E5FFF72B
:106FC000AFF8021E00D18FE5122358460EA900F03B
:106FD000D5F89AE5FFF7A8F8021EB8D184E5C046B7
:106FE00035760010F8B557464E46DE4645460C004D
:106FF000E0B516001F00002A3CD0702398461E4BB7
:1070000000259B461D4B9A461AE05B461B782000E4
:1070100099465346997800F0EBFD00281CD02100DA
:107020004846FFF72FFA002816D0A378DA09012A7C
:1070300019D00A9A013513702378E418B54219DA89
:107040006378052B08D1E3789B079B0FBB4203D1E4
:107050004246A3781A42D8D00020F0BCBB46B246C4
:10706000A946A046F8BD0B9A013513702378E418A1
:10707000B542E5DB0120F0E7A4100020381600201F
:10708000702270B58B780C001A4201D0002070BDC0
:10709000064B20001D78064B997800F0A9FD0028CA
:1070A000F4D021002800FFF7EDF9F0E7A41000204C
:1070B000381600200B007F2010B51840DB09343350
:1070C0004000044AC018044B1168C01800F04CFD81
:1070D00010BDC0468C160020381600200B007F2003
:1070E00010B51840DB0934334000044AC018044B83
:1070F0001168C01800F060FD10BDC0468C1600205D
:107100003816002070B57F240F480C406400041925
:10711000CD09641930342079C00701D5002070BD35
:10712000012625790948354300782571FFF738FA9B
:107130000028F4D101222379934323712379033268
:1071400093432371EAE7C04638160020A4100020BC
:1071500070B5094C0600082220000D00FCF79CFECB
:1071600000238021E360A3602B7830009943002244
:107170000023FFF7C7FF70BD18160020F8B5CE46F4
:1071800047469046254E80B58146082230000D00C6
:107190001F00FCF781FE4346B3600023F381EC79C6
:1071A000AB7924021C43231CBC4200D93B1C9FB278
:1071B000B381002C0DD0002F17D04246002A2BD0CF
:1071C000402F1BD89FB233787F2B1CD80021144A44
:1071D0000FE080212B780022994348460023FFF7D7
:1071E00091FFC0BCB946B046F8BD7F23002231787C
:1071F00099433B004846FFF785FFF2E740239FB2E3
:1072000033787F2BE2D9064C3A0041462000FCF748
:1072100043FE80212200ECE70020E2E71816002060
:10722000D815002010B5142200210248FCF72EFECC
:1072300010BDC04618160020014B18617047C046AB
:107240001816002010B5054C010008222000FCF79C
:1072500023FE0023A360E36010BDC0461816002083
:1072600070B5384C1D0023780600DA09C9098A4236
:1072700010D00020002D00D070BD21003000FFF79D
:10728000F3F82369002B03D0220003213000984734
:107290000120F1E77F2B06D8A068002834D02A000F
:1072A0002949FCF7F9FDE289A1685219E38892B2F5
:1072B0004919E281A160934214D03F2D12D9A389CC
:1072C000981A051C80B240282AD82078ADB27F28B1
:1072D00028D800219A4232D01B4A2B003000FFF7F9
:1072E00011FFC9E72369002B05D0220002213000DD
:1072F000984700280AD08021237800229943300043
:107300000023FFF7FFFEB7E70020B5E700213000BC
:10731000FFF758F930008021FFF754F90120ABE75F
:107320004025D2E79A4207D0074C2A002000FCF7FC
:10733000B3FD80212200D0E780210022CDE700228A
:10734000CBE7C04618160020D815002070B5040001
:10735000FFF7BEF9002800D170BDFFF7C1F9002882
:10736000FAD1C8236343124DEE18F1780029F3D007
:1073700010335D19280000F0F3FD3F28ECD9002000
:10738000F178FFF797FE0028E6D0280000F0E8FD2E
:10739000F1783F2807D9074BE201D218002040239B
:1073A000FFF7B0FED8E70020FFF798FED4E7C0460D
:1073B000101500208C14002010B50400FFF788F988
:1073C000002801D1002010BDFFF78AF90028F9D16B
:1073D000C8226243024B01309B181B791840F2E728
:1073E00010150020C82310B543430248181800F0B8
:1073F00099FD10BD20150020F8B5C8248023444312
:107400001C4F103405003C195B029A4200D31A4A03
:10741000200092B200F008FE0600FFF759F900289C
:1074200001D13000F8BDFFF75BF90028F9D1C8237E
:107430006B43FF18FB78002BF3D0200000F090FD89
:107440003F28EED90020F978FFF734FE0028E8D075
:10745000200000F085FDF9783F2807D9074BEA01A5
:10746000D21800204023FFF74DFEDAE70020FFF797
:1074700035FED6E710150020FFFF00008C14002019
:10748000F8B50400FFF724F9002801D10020F8BD69
:10749000FFF726F90028F9D1C82565432E00134FC0
:1074A0002436F619300000F03DFD0028EED07F199B
:1074B0000020B978FFF7FEFD0028E7D00C4DE4016D
:1074C000651929004022300000F0AEFDB978041E95
:1074D00008D003002A000020FFF714FE0028D5D0B2
:1074E0002000D4E70020FFF7F9FDCFE710150020BA
:1074F000CC14002070B5C82444430C4B0500E4189C
:1075000080235B029A4200D3094A200092B200F025
:1075100051FE0600200000F005FD3F2801D8300094
:1075200070BD2800FFF7ACFFF9E7C0463415002016
:10753000FFFF0000C82310B543430248181800F0AD
:107540000FFD10BD34150020F0B50025184C83B098
:10755000C82200212000FCF799FC164B21001D7069
:10756000FF236371E1235B02A36020000823402214
:10757000A37338310095073B103000F09DFC2700C5
:107580000123210020002600402278310093B837E3
:10759000243000F091FCC0363800FAF72FFD30009F
:1075A000FAF72CFDE56127622663656303B0F0BD41
:1075B000101500200C1500200A4A116B136A0029CF
:1075C0000CD0002B07D00023D36153631363002337
:1075D00013620120704753631363FAE7002BF8D05E
:1075E000D161F4E71015002070B50F4C0522002181
:1075F0002000FCF74BFC0D4D2B78DA0707D50C4C1F
:107600009B070CD50121200000F0B0FE70BD2000CA
:10761000103000F08BFE2B78054C9B07F2D4200035
:1076200000F084FEEEE7C046101500200C15002087
:1076300034150020F0B54B79060083B0022B02D13F
:107640008B79022B03D00025280003B0F0BD204F1A
:10765000BB78002BF7D18B7809253B700C780C197F
:107660006378242B07D00CE02378E4185D19637845
:10767000ADB2242B05D19542F6D90020FFF766FE66
:10768000E2E71A00052B15D0042AF6D163790A2BFC
:10769000F3D1104B2778019301330093300002237C
:1076A000E119023AFFF79EFC0028CCD00E35ED1907
:1076B000ADB2E2E721003000FFF7E2FC0028C2D0C3
:1076C000A3787B7023785D19E4186278ADB2DBE7AC
:1076D0001015002012150020F8B560231400127850
:1076E000050013400020202B07D1304A6379277909
:1076F00016781B023B439E4200D0F8BD6378222BD4
:107700001AD007D8202B34D0212BF6D101293ED016
:107710000120F2E7232BF0D1012940D00329F7D132
:10772000234B002BF4D0E178A37809020020194301
:1077300000E000BF0120E0E7012930D00329E7D1B4
:1077400001252E00A378E478023924021C43147129
:10775000264024321000714000F008FE154B002B2B
:10776000D6D06208002031002A4000E000BF01208E
:10777000C3E701290BD00329CAD10F4B002BC7D077
:10778000083200201100FEF7ADFA0120B5E707230B
:1077900021002800094AFFF7F1FC0120ADE7210094
:1077A0002800FFF7D5FC0120A7E7C04610150020F0
:1077B0000000000000000000E55C0010181500202B
:1077C000F0B54F464646D646C0B5364D8046EA78B7
:1077D0000C001F008A423CD0AB788B4210D00020B6
:1077E000E0BCBA46B146A846F0BD2F4B002B04D0F2
:1077F0002E4800F0ADFB002851D00020FFF7A6FD79
:10780000AB78A34201D00120EAE7294B002B02D03C
:10781000002000E000BF0020FFF732FE0028F2D178
:10782000244C200000F07EFB0028ECD1002FEAD091
:10783000BF06E8D1243C4046A178FFF73BFC002876
:10784000E1D0002300224046A178FFF75BFC012035
:10785000C6E79AB210239A46174EAA443100504602
:1078600000F0A8FC154B002BBFD06B79FF2BBCD0D0
:10787000002FBAD0F219914603E001364E45B4D03C
:107880006B7932789A42F8D1504600F061FB0028BB
:10789000F3D15346103B597900E000BFEDE700E01B
:1078A00000BFAAE7101500200000000020150020EE
:1078B00000000000341500208C140020000000009F
:1078C0009322F0B5134C85B0002120009200FCF704
:1078D000DDFA23002000802640270F4D4D3376002F
:1078E000FF332930029500930022002300210397E3
:1078F0000196FF3000F0D4F94035201D28340023D4
:1079000001220021039702950196009400F0C8F926
:1079100005B0F0BDDC1700205C17002010B5054C49
:10792000200000F0F3F920002538FF3800F0EEF9D0
:10793000012010BD0419002070B5084C002520005E
:107940003130FF30257000F0F1FC20000C3000F0E9
:10795000EDFC2A23FF33E554657170BDDC17002070
:10796000F8B557464546DE464E46E0B54B7980466B
:107970000F00FF2B5BD1404B99462A234946FF332A
:10798000CB5C002B53D14E79002E50D1BB783C7884
:107990000B703B793C19002B46D098235B004B447D
:1079A0009A460C234B449B46A51803E0AC423BD2BD
:1079B0002378E4186378052BF8D1AC4234D2210047
:1079C0004046FFF75DFB002831D0A3780136F6B2C0
:1079D000DB09012B32D0504600F0A8FC2A2349468F
:1079E000A278FF33CA54637922791B021343234AD6
:1079F0005B0594465B0D942163445A4253414A46C9
:107A000002204900525C5B00824313434A465354B0
:107A100051464046083900F0E3F9002807D02378A2
:107A2000E4183B79B342C5D8E01B80B200E00020E7
:107A3000F0BCBB46B246A946A046F8BD584600F089
:107A400075FC5A46A3780C3A5371637921791B026D
:107A50000B430A495B058C465B0D634459424B411D
:107A6000022011795B0081430B43594600200839FD
:107A7000137100F081F9D2E7DC17002000FEFFFF50
:107A8000F8B52A2506001F48FF35455D1F008D42C9
:107A900015D043798B4201D00020F8BD1A4B002B42
:107AA00004D039040020090C00E000BF174C30005E
:107AB000210000F061F900281DD00120EDE79A2394
:107AC0005B00C35A002B0DD1114B002B04D00020BA
:107AD0001049BAB200E000BF30000F4900F080F951
:107AE0000120DAE796235B00C1583130BAB2FF308B
:107AF00000F060FBE8E73A002100300000F008F9F0
:107B00000120CAE7DC17002000000000E017002079
:107B1000000000005C1700200419002000B50300DD
:107B200083B0002910D00020012B07D80A78002A42
:107B300004D00C48C2540120012A01D003B000BD7A
:107B40001800FEF7D5FDF9E701236A46002001A9D8
:107B50009380FEF7CDFD0028F0D00122014B1A7072
:107B6000ECE7C0462C160020037870B5DB07040054
:107B70000E00DD0F002B17D103785B0701D528001D
:107B800070BD01213000494200F05EFF2378DB0721
:107B9000DD0F002B0AD123785B0708D40422237859
:107BA00001251343237002E00025E8E7002530009B
:107BB00000F022FFE3E7C04670B50C00012106008B
:107BC0004942200000F040FF33785B07DD0F002BB7
:107BD00004DB200000F010FF280070BD3378DB07C5
:107BE00004D40422337893433370F2E70025F0E79E
:107BF000437902791B021343C2785B0592075B0D40
:107C0000920F022A1DD0032A0CD00020012A08D18D
:107C100002394A425141124A9446614499424041D4
:107C2000C0B2704702394A1E91410E4A4942114082
:107C30008022D20094460020614499424041C0B263
:107C4000EFE7022905D0002040229A424041C0B20D
:107C5000E7E7054A981843425841C0B2E1E7C046F9
:107C6000FF03000040FCFFFF00FEFFFF8A1870B515
:107C7000914207D27F264C78052C04D00C78091944
:107C80008A42F8D870BD34008D782C406400041905
:107C9000ED0963550C7809198A42ECD8F2E7C04621
:107CA000F0B5C64600B582B0150008AA40CA040067
:107CB00017886A46928D012090460A00217802407A
:107CC00081432000114321703A00009331000123C9
:107CD000083000F0F1F8002E01D0002F08D10A9BE7
:107CE000012063604346638002B080BCB846F0BDAB
:107CF00026001C363000FAF781F90023002D01D050
:107D0000330000266361A661E9E7C04601207047A1
:107D1000F8B502240B7807001C4063425C41144B09
:107D200064421C40134B08009C4608300D001600AE
:107D3000644400F0F7F8002807D1002E05D0344243
:107D400003D101242B781C4201D00020F8BD38005B
:107D50006978FFF7AFF90028F7D02B781C42F4D1EF
:107D60000023002238006978FFF7CCF9EEE7C0461F
:107D700040FEFFFFFF010000F8B50D0008350600CA
:107D800028000C0000F0CEF8002803D0012723784B
:107D90001F4201D00020F8BD30006178FFF78AF95A
:107DA0000028F7D028006288616800F03DF9237848
:107DB00005001F4000280BD0002FEBD103006268A4
:107DC00030006178FFF79EF90028E3D02800E2E751
:107DD000002FDFD130006178FFF780F9DAE7C04685
:107DE000F8B5CE46474680B58A8906000C000B7868
:107DF000002A07D101251D4240D00020C0BCB94651
:107E0000B046F8BD9B0733D42A4B4025994627003E
:107E10000837380000F0A4F88542EED80122237814
:107E200090461A42E9D130006178FFF743F9002803
:107E3000E3D0380000F094F8424623781A40854297
:107E400031D8002AD9D14A46638802401D1C93428A
:107E500000D9151CADB200226178002D00D06268F7
:107E60002B003000FFF74EF90028C6D02800C5E7E8
:107E7000FE2380251B029946AD00C8E74978FFF72D
:107E800019F90028B9D023781D42B6D163880022A1
:107E90006178002B00D062683000FFF733F90028CA
:107EA000ABD06088AAE7002AA7D130006178FFF73D
:107EB00015F9A2E7C0FF0000F0B5C64600B5040002
:107EC0006846057E8020884617001E000002824218
:107ED00026D8E068002803D00121494200F0B4FD13
:107EE0002069002803D00121494200F0ADFD43463E
:107EF000236073045B0CED031D430023E068638182
:107F0000A780E5802381002801D000F075FD20695D
:107F1000002801D000F070FD012080BCB846F0BD03
:107F20000020FAE710B5048941898288A3B288B29B
:107F30008C4207D31B1A9BB2101C9A4200D9181C02
:107F400080B210BD5100091A5B189BB2F4E7C0461D
:107F500003894089181A43425841C0B27047C0464D
:107F600010B5048941898288A3B288B28C4207D3B4
:107F70001B1A9BB200209A4201D9D21A90B210BDAE
:107F80005100091A5B189BB2F4E7C04670B50400B3
:107F900000690E00002803D00121494200F054FD81
:107FA00025896089A288A9B283B2854232D3CD1ACD
:107FB000ADB2002D28D0AA4208D291422FD3891AFF
:107FC0008BB263819A4203D89B1A9BB29A42FBD927
:107FD000E28821685204520C53433000C918FBF761
:107FE0005BFF63890125591C89B2A2888B420DD998
:107FF00000215200891A89B220696181002801D0CC
:1080000000F0FAFC280070BD618989B252009142EB
:10801000F2DBEFE75500ED1A4D19ADB2C9E789184B
:108020008BB26381CEE7C046F0B546464F46D64692
:10803000C0B50600006989469046002803D001219A
:10804000494200F001FD31897289B5888BB294B242
:10805000914254D31F1BBFB2002F4AD0BD4205D25C
:10806000AB4251D25B199CB22F0074814346B84594
:108070003DD89FB2A54203D8641BA4B2A542FBD948
:10808000F28831685204520C904662432B1B9BB21B
:10809000891842469F4225D953439BB21A0048464D
:1080A0009A46FBF7F9FE434648467D1B64195C433C
:1080B00031685044A2B2FBF7EFFE7189B588CB1945
:1080C0009BB26A00994216D99B1A9BB230697381A0
:1080D000002801D000F090FC3800E0BCBA46B14660
:1080E000A846F0BD48467A43FBF7D6FEE5E73B1CC1
:1080F000BFE773899BB26A009342E7DBE4E76F0056
:108100003F1BDF19BFB2A7E75B1B9CB2ACE7C046C1
:10811000F8B50400C0680E00002803D001214942D0
:1081200000F092FC258920896189A288ADB283B2D2
:108130008FB2884229D3DB1B9BB29A4209D8E779D8
:10814000FF0906D1E068002801D000F055FC380096
:10815000F8BD2B0095421DD39B1A9BB29342FBD2D4
:10816000E28820685204520C53433100C018FBF7D8
:1081700093FE6B1C9BB2A2889D4217D9002352002C
:108180009B1A9BB201272381DCE75100C91B5B18B6
:108190009BB2D2E7E28820685204520C534331006C
:1081A000C018FBF779FE0135A288ABB252009342AA
:1081B000E8DBE5E7F0B54E465746DE464546E0B516
:1081C00089460600170083B0002A67D0C0680028DF
:1081D00003D00121494200F037FC3389F2799BB288
:1081E00098467389B5889BB2D20940D198455ED232
:1081F0006A00D31A43449BB2AB425DD2EB1A1A1CFD
:108200009BB2BB4200D93A1C97B27B1B9BB2019335
:10821000F3885B045B0C9A464346DB199BB29B4692
:108220004446A84503D3641BA4B2AC42FBD25346D8
:10823000634330682D1BADB2C018BD424BD35246CC
:1082400049467A43FBF728FEB3885B00D84501D83E
:108250009B4503DB5A46D31A9BB29B465B463D00C7
:108260003381F06800281AD000F0C6FB17E0F288CE
:108270005204520C9246AF4220D298454DD342460A
:10828000D21A92B26900781B80B2D21901908A4248
:1082900033DA4346FB189BB29B46C1E70025280012
:1082A00003B0F0BCBB46B246A946A046F0BD42466C
:1082B000D31A9BB2AB42A1D30025D2E7002DD0D078
:1082C0007F1B574398465A19002392B2B9449346EC
:1082D0002F000193A4E753465D43ADB22A004946FF
:1082E000FBF7DAFD019B2900E21853465A43306838
:1082F00092B24944FBF7D0FDA6E75A1992B29346D1
:10830000D21B92B2904693420CD94346591A8BB273
:108310009846FB189BB29B4682E76900CA1A424402
:1083200092B2B0E7914200DD7AE7EEE710B50400C3
:10833000C068002803D00121494200F085FB206974
:10834000002803D00121494200F07EFB0023E068B1
:1083500063812381002801D000F04EFB20690028B2
:1083600001D000F049FB012010BDC04670B50400EB
:10837000C0680D00002803D00121494200F064FBD1
:108380002069002803D00121494200F05DFB7F21D4
:10839000E379ED011940E0682943E171002801D03B
:1083A00000F02AFB2069002801D000F025FB012005
:1083B00070BDC04610B50A4B0A4AC418240DA4006B
:1083C00082B0009208482200E31CF9F7AFFA844219
:1083D00002DC001B02B010BD01204042FAE7C0469B
:1083E0000000E0AF04910010401B002070B50D00AC
:1083F0000400F9F763FA1A4A1A4B944601226444BE
:10840000240DA400E65805212C792023A2406956AA
:10841000013A1B1B002913DB00248B420CDB1300E9
:108420008B401E4208D1AB79002B05D18A40140045
:10843000344063425C41E4B2F9F74CFA200070BD6D
:10844000002B02DA09E0013B07D314009C4019001D
:108450002642F8D1AB79002BE8D00024ECE7C046E7
:108460000000E0AF54170020F0B557464546DE4601
:108470004E468846E0B583B006000525F9F71EFA9A
:10848000434684465D571879334B344AF3181B0D25
:108490009B009246D758012220248240241A013A98
:1084A000002D41DBA54232DC1100A9400F422ED144
:1084B00041460968894641468979002945D12C0001
:1084C000AA40934659463A40394241D18021890118
:1084D0008846002816D06146A44634004E46994688
:1084E000030001915100705A404500D24019A9186B
:1084F00012318900013208519A42F3D3019B64463C
:108500009C464B465A4617435246D75001E0012439
:1085100064426046F9F7DEF9200003B0F0BCBB46C8
:10852000B246A946A046F0BD002C02DA10E0013C9C
:108530000ED31100A14025000F42F8D14146096831
:108540008946414689790029BAD014246442E0E77B
:1085500009246442DDE7C0460000E0AF5417002064
:10856000F0B54E464546DE465746E0B583B08946EF
:108570000CA984460D781F2A45D8494649008846EB
:108580004944C900461837003400DC373868CC3419
:1085900083462068310001901C4880248246A40252
:1085A00051440C6069424D411E216D428D43184972
:1085B0008A465544052B0CD9A0201F214005D836EA
:1085C000540104430532053B3C600A403560052BED
:1085D000F6D852019B06134342464A44D2006244F5
:1085E0001000DC3213600300D8331D605B4613605B
:1085F000019BCC300360002003B0F0BCBB46B24608
:10860000A946A046F0BD05204042F5E7CC30000069
:108610009FE00000F0B501258D400468AC43046084
:10862000002B2ED04D006C18E400041926001F68A2
:10863000C83637609F68043677605F68DB68DC3473
:10864000376023606B18184DDB00AC468025C418DA
:1086500064442D0625602560144C0D1D8C408460FB
:1086600001242600AE40802508318C401F21AD0139
:108670004519C0180A40D8302E602C6002600020D6
:10868000F0BD4D006C18E400041926008027C836A0
:108690007F023760C0273F03B760F82704367F02A8
:1086A000DC3437602360CDE7D01000000101010108
:1086B000F0B5DE4657464E464546E0B5070083B066
:1086C0000CA80192027800203C689B46E06661603D
:1086D00001219146E166002B34DD5A1E904680222E
:1086E0005200944680264025616F1029FCD000215D
:1086F000002801D13979890240451DD062461143D5
:108700002161A159616B0D420BD00120636D404284
:108710004B463B7103B0F0BCBB46B246A946A046EF
:10872000F0BDA16F0029ECD02169019B19540130E3
:108730008345EDD03C68D7E74B4601225A405302AF
:108740001943DBE70020E3E7F0B5DE4657464E4627
:10875000454690460022E0B585B01E000EAB1B7862
:1087600007009B460368DA6601325960DA66002E1C
:1087700060DD027959469202924601224A40520235
:108780009446802291465A46802403926246BB4614
:10879000002010214746B446751EA4000192421BDA
:1087A000160072427241019E5242164002963E5C91
:1087B000B0465646424616433200029E16431E619C
:1087C000019E5A6B1142FCD04A469A580196924635
:1087D000002A0AD1A84228D00022013092468445BE
:1087E000DDD1039B5F469B4616E05A6D0122904601
:1087F0005A6B2242FCD01A6E42460196002AEBD0F8
:10880000039B5F469B465346002B15D05346DB0720
:1088100012D453461B070FD55B463B7105B0F0BC25
:10882000BB46B246A946A046F0BD039A002AD3D162
:108830009046DDE70020EFE701204042ECE7C0462C
:10884000F8B5DE4657464E4645468346E0B5052018
:108850000C00FAF793F90600600821008019FAF776
:10886000E7FB430098468044070005214046FAF79D
:10887000DFFB3B1A9A461E4B8146700080199C42D2
:1088800031D81C49FAF7D4FB451C5B461C68002311
:10889000E366226804335A400233134080225201B7
:1088A000A21813605346E3614B46236243460120FE
:1088B0004F2B03D950214046FAF7BAFBA023E050D2
:1088C000E36F39005D400C4B2D042D0CE3181D6047
:1088D00001233000E366FAF7ABFBF0BCBB46B246BF
:1088E000A946A046F8BD0549FAF7A2FB451CCCE70E
:1088F0003F420F00809698007C10000040787D0178
:108900000F4A70B5821A531E9A410E4BD20008329C
:108910001A600D4B0D4C1A60150023689D432B1EE9
:10892000FAD166240268FF340571D5661460633C91
:108930008833FF3CD5639563D450FFF781FF70BD4A
:10894000A810002000E0004000F0004008C00040F7
:1089500010B582B06C46247C0094FFF7F5FE02B09F
:1089600010BDC04610B582B06C46247C0094FFF761
:108970009FFE02B010BDC04610B583070AD00300A9
:10898000032102E001330B4205D01A78002AF9D105
:10899000181A10BD030019680C4A0D4C8A188A4336
:1089A00022420FD15968094A04338A188A43224265
:1089B00008D15968054A04338A188A432242F1D003
:1089C00000E001331A78002AFBD1E1E7FFFEFEFE4A
:1089D00080808080F8B5C04601B40248844601BC5E
:1089E000604700BF3D04002001B40248844601BC3A
:1089F000604700BF0103002001B40248844601BC67
:108A0000604700BF2502002001B40248844601BC33
:108A1000604700BF5D0F002001B40248844601BCDE
:108A2000604700BF410C002001B40248844601BCED
:108A3000604700BF5D0F002001B40248844601BCBE
:108A4000604700BFC100002001B40248844601BC59
:108A5000604700BF9901002001B40248844601BC70
:108A6000604700BF0101002001B40248844601BCF8
:108A7000604700BFD10C002001B40248844601BC0D
:108A8000604700BF190C002001B40248844601BCB5
:108A9000604700BF810C0020C12D0010ED2D00109B
:108AA000D12F00107D3E001075360010793D00106A
:108AB000F92E0010092E0010292E00103D2E001056
:108AC000AD1F0010452E001079230010892D0010D5
:0C8AD0000D1A0010A9610010B102001086
:108AE00043572000434357000A3D3D3D3D3D3D3D3A
:108AF0003D3D3D3D3D3D3D3D3D3D3D3D3D3D3D3DA6
:108B00003D3D3D3D3D3D3D3D3D3D00000000000003
:108B1000456E636F646572204D6F6E69746F72206D
:108B20002D2050494F2056657273696F6E0000000A
:108B30003D3D3D3D3D3D3D3D3D3D3D3D3D3D3D3D65
:108B40003D3D3D3D3D3D3D3D3D3D3D3D3D3D3D3D55
:108B50003D0A00004552524F523A204661696C6509
:108B60006420746F20696E697469616C697A65202C
:108B7000493243210000000049324320696E697484
:108B800069616C697A656420737563636573736684
:108B9000756C6C79000000005363616E6E696E67DE
:108BA00020493243206275732E2E2E005741524EBB
:108BB000494E473A204E6F2049324320646576691A
:108BC00063657320666F756E64210000496E697479
:108BD00069616C697A696E67204C43442061742036
:108BE00061646472657373203078253032582E2E9C
:108BF0002E0A0000456E636F646572204D6F6E69CA
:108C0000746F720050494F2056657273696F6E0021
:108C1000496E697469616C697A696E672E2E2E00DF
:108C2000496E697469616C697A696E672050494F51
:108C300020656E636F6465722E2E2E004552524F72
:108C4000523A204661696C656420746F20696E69D0
:108C50007469616C697A652050494F20656E636F55
:108C6000646572210000000050494F20496E69740C
:108C7000204661696C6564210000000050494F2066
:108C8000656E636F64657220696E697469616C6991
:108C90007A6564207375636365737366756C6C794C
:108CA000000000002020413A204750494F25642C05
:108CB00020423A204750494F25642C205A3A2047F9
:108CC00050494F25640A000020205050523A202578
:108CD0006C642C204350523A20256C640A0A000030
:108CE00052656164792100000A3D3D3D20475049AD
:108CF0004F20446972656374205265616420546535
:108D00007374203D3D3D00004750494F2044697237
:108D10006563743A20413D25642C20423D25642C36
:108D2000205A3D25640A00004E6F7720736C6F77E0
:108D30006C79207475726E2074686520656E636F3F
:108D400064657220616E642077617463682E2E2ED4
:108D500000000000436F756E743A2025376C642064
:108D60007C205265763A2025346C64207C20507536
:108D70006C73653A2025346C64207C2052504D3A47
:108D80002025372E31662025730A0000436E743A81
:108D9000000000005265763A00000000506C733A03
:108DA000000000002F00000052504D3A000000006B
:108DB0000A49324320427573205363616E000000FC
:108DC0002020203020203120203220203320203449
:108DD0002020352020362020372020382020392020
:108DE00020412020422020432020442020452020D4
:108DF0004600000025303278200000002D2D200094
:108E000020202000466F756E6420256420646576FE
:108E10006963652873290A0A000000005741524E11
:108E2000494E473A204C4344206E6F7420666F755C
:108E30006E6420617420616464726573732030789D
:108E4000253032580A000000256C640025252E25A7
:108E5000646600005A2070756C73652120436F753D
:108E60006E743A20256C64202864656C74613A2025
:108E7000256C64290A00000070696F300000000052
:108E800070696F31000000004552524F523A204342
:108E9000616E6E6F74206164642050494F2070725F
:108EA0006F6772616D0000004552524F523A204E7A
:108EB0006F20667265652050494F20737461746538
:108EC000206D616368696E650000000050494F20A5
:108ED000656E636F64657220696E697469616C693F
:108EE0007A6564206F6E2025732C20534D202564F5
:108EF0000A000000496E697469616C20656E636FD9
:108F00006465722073746174653A20413D25642C58
:108F100020423D25642C20636F6D62696E65643D5F
:108F200025640A00456E636F64657220696E69741A
:108F300069616C697A6174696F6E20636F6D706CC2
:108F40006574650050494F2053746174653A20255B
:108F5000642028413D25642C20423D2564290A00D7
:108F60005374617465206368616E67653A20256497
:108F70002D3E25642C20496E6465783A2025642CAA
:108F8000204368616E67653A2025640A000000008E
:108F90000A2A2A2A2050414E4943202A2A2A0A0016
:108FA0000A0000004E6F207370696E6C6F636B7304
:108FB0002061726520617661696C61626C65000098
:108FC0004E6F20757365722049525173206172652E
:108FD00020617661696C61626C6500004861726451
:108FE0007761726520616C61726D20256420616C0F
:108FF000726561647920636C61696D65640000006D
:1090000048617264206173736572740052656C65A7
:1090100061736500626F6F74325F7732357130381B
:1090200030000000322E322E300000007069636F75
:1090300000000000656E636F6465725F6D6F6E693E
:10904000746F72004F637420313320323032350038
:10905000666E692B00000000666E69006E616E002E
:10906000666E692D000000005553422073746469D8
:109070006E202F207374646F7574000052617370DA
:109080006265727279205069000000005069636F58
:1090900000000000426F61726420434443000000FE
:1090A0005265736574000000556E68616E646C658E
:1090B000642049525120307825780A0065702025B7
:1090C0003032582077617320616C72656164792059
:1090D000617661696C61626C6500000043616E27B6
:1090E0007420636F6E74696E756520786665722092
:1090F0006F6E20696E6163746976652065702025E6
:10910000303258004E6F2050494F2073746174659F
:10911000206D616368696E65732061726520617698
:1091200061696C61626C6500A8100020000100009C
:10913000A086010000FF0100010000FFFF00000108
:109140000001FF004C91001002FF0000024000806F
:1091500006005250D3F075420C9000100600525099
:10916000E182887F1490001006005250ABB3605328
:109170002490001006005250BBFF3CB62C9000100B
:1091800006005250861C0302349000100600525014
:109190005422A29D4490001005005250DE65F468F0
:1091A0000CA60010444C0010F44B0010F44B0010BF
:1091B0003C4C0010F44B0010F44B0010F44B00102A
:1091C000F44B0010F44B0010F44B0010F44B001063
:1091D000344C0010F44B00102C4C0010F44B0010D9
:1091E000F44B0010244C0010644E00105A4C001038
:1091F000544E00105A4C00103E4E00105A4C0010B5
:109200005A4C00105A4C00105A4C00105A4C001086
:109210005A4C00105A4C00104C4C00105A4C001084
:109220005A4C00105A4C00105A4C00105A4C001066
:109230004C4C0010024F0010AE4B0010AE4B001013
:10924000AE4B0010AE4B0010AE4B0010AE4B0010FA
:10925000AE4B0010AE4B0010AE4B0010AE4B0010EA
:10926000AE4B0010AE4B0010AE4B0010AE4B0010DA
:10927000AE4B0010AE4B0010AE4B0010AE4B0010CA
:10928000AE4B0010AE4B0010AE4B0010AE4B0010BA
:10929000AE4B0010AE4B0010AE4B0010AE4B0010AA
:1092A000AE4B0010AE4B0010AE4B0010AE4B00109A
:1092B000AE4B0010784E0010D04E0010784E0010CB
:1092C000AE4B0010AE4B0010AE4B0010AE4B00107A
:1092D000AE4B0010AE4B0010AE4B0010AE4B00106A
:1092E000AE4B0010AE4B0010AE4B0010AE4B00105A
:1092F000AE4B0010AE4B0010AE4B0010AE4B00104A
:1093000012510010AE4B0010AE4B0010AE4B0010CF
:10931000AE4B0010AE4B0010AE4B0010AE4B001029
:10932000AE4B0010AE4B001012510010144F001045
:1093300012510010784E0010D04E0010784E0010E0
:10934000000000000000F03F00000000000024408A
:1093500000000000000059400000000000408F4065
:10936000000000000088C34000000000006AF840D0
:109370000000000080842E4100000000D0126341F4
:109380000000000084D797410000000065CDCD416A
:109390000D0A0000000000000D5C0010000000003D
:1093A000115C00101D5C0010495C0010455C001051
:1093B000000000000A00000000000306A6000800EC
:1093C000020002009C001400030057494E5553420E
:1093D0000000000000000000000080000400010008
:1093E00028004400650076006900630065004900BC
:1093F0006E00740065007200660061006300650025
:10940000470055004900440000004E007B00620008
:1094100063003700330039003800630031002D004D
:1094200037003300630064002D00340063006200E5
:1094300037002D0039003800620038002D00390057
:1094400031003300610038006600630061003700BE
:109450006200660036007D0000000000050F21005C
:10946000011C100500DF60DDD88945C74C9CD26522
:109470009D9E648A9F00000306A600010000000074
:109480000600525053B4F4A1689000100000000090
:109490007C9000108C9000101420002094900010FC
:1094A000A090001009025400030100807D080B0009
:1094B0000202020000090400000102020004052467
:1094C00000200105240100010424020605240600F1
:1094D000010705810308001009040100020A0000C9
:1094E0000007050202400000070582024000000953
:1094F00004020000FF00010512011002EF0201400A
:109500008A2E0A0000010102030100001068001009
:1095100078690010C8690010506900106269001075
:1095200040690010B06800105C68001050680010BE
:10953000326D0010186D0010E86A0010526D0010B6
:10954000E86A0010006D0010EC6C0010E86A001072
:10955000D86C0010DE6B0010E86A0010BE6F0010BF
:10956000B06F0010A46F0010E86A0010E86A0010E5
:109570008E6F0010B06F0010E86A0010E86A0010EB
:10958000E86A0010E86A0010E86A0010E86A001053
:10959000E86A0010446F00109E0D00209E0D002010
:1095A000E80D0020080E00204C0E00205E0E00206A
:1095B000940D00200000000049750010B9750010DE
:1095C000E975001035760010D9760010C1770010CB
:1095D0000000000000000000C17800101D7900109C
:1095E0003979001061790010A55C0010817A0010B3
:0495F0000000000077
:1095F400509100105C91001068910010749100105B
:10960400809100108C9100109891001080940010AB
:1096140003000068EFF3108C72B60268002AFCD0D5
:10962400BFF35F8F04229A56002A0BDB002900D077
:109634000A6000201B68BFF35F8F00221A608CF35E
:1096440010887047D0221206126801201A71F1E7BF
:10965400F0B5C646150000B504001E000268EFF31D
:10966400108172B61368002BFCD0BFF35F8F042304
:10967400E3562268002B2BDBBFF35F8F00201060C2
:1096840081F31088D02212061278002752B2904635
:109694009A420ED1002080BCB846F0BDBFF35F8F64
:1096A400176081F310882800310000F039FF00288A
:1096B400F0D12268EFF3108172B61368002BFCD04E
:1096C400BFF35F8F237922687F2BE7D9434602E0FB
:1096D400D0231B061B682371BFF35F8F0023136025
:1096E40081F310880120D6E7F0B5C64600B50D0019
:1096F400040000F005FFFA2206000F0000232800F2
:109704000021920000F004FF36184F41002F02DAC6
:109714000126174F7642D0231B061B680025984666
:109724000AE0BFF35F8F156081F3108830003900C1
:1097340000F0F6FE002818D12268EFF3108172B60B
:109744001368002BFCD0BFF35F8F237922687F2B33
:10975400E7D943462371BFF35F8F0023136081F37E
:109764001088012080BCB846F0BD0020FAE7C0464E
:10977400FFFFFF7F0268EFF3108172B61368002BBE
:10978400FCD0BFF35F8FFF2303710368BFF35F8FC8
:1097940000221A6081F3108840BF704710B5084C4E
:1097A4002378002B0AD18023064807495B051A68F1
:1097B400C25004338B42FAD10123237010BDC0463A
:1097C40028200020281A00100001001010B5014BB9
:1097D400984710BD291A0020064B5A6802609A68FF
:1097E4004260DA6882601A69C2605A6902619B69E0
:1097F40043617047000002400268064B5A604268A9
:109804009A608268DA60C2681A6102695A614269C0
:109814009A61704700000240034B1A68C0239B0002
:109824009343024A136070470C8001400C9001403E
:10983400054B1A6880239B005340C02292001340BA
:10984400024A13607047C0460C8001400C900140EE
:109854000023F0B5DE4657464E4645469A46E0B5E7
:1098640089B001900E00988A45491B8B14009847D3
:10987400534681464349988A1B8B9847534642492D
:109884000500988A1B8B98478046FFF787FF02A83C
:10989400FFF7A2FFC847A847FFF7CAFF251E22D03B
:1098A4000823C0219C460220490562468B6A1A405F
:1098B40018423FD0631B002D2FD1002A11D1002C58
:1098C40011D0C0235B059B4602239A460633994672
:1098D4005B464A4657469B6A1A401F4242D0002ABA
:1098E400F6D0002C30D1FFF797FFC047FFF76EFF8B
:1098F40002A8FFF781FF09B0F0BCBB46B246A946F7
:10990400A046F0BD002C2FD1C0225205926A914688
:1099140008224F463A40BF072DD50D2B1BD9002AEC
:10992400F0D1C0225205926A914608224F463A402D
:10993400BF07F2D4002A04D12B002343002BB4D157
:10994400D1E72B00002CF9D00B6E013C33702300BF
:1099540001362B43F2E7019F013D3B7801370B664B
:109964000197E7E70025E5E7C0235B051B6E013C93
:109974003370013699E72B00002ADFD1DCE7C046BB
:109984004946000045580000464300000022154B9C
:1099940010B59A60DA601A615A619A61DA611A62E2
:1099A4005A629A62DA621A635A639A63DA631A64CD
:1099B4005A649A64DA641A655A659A65DA651A66AD
:1099C4005A669A66DA661A675A679A67DA67F032ED
:1099D40092000021044800F083FD044B044A1A60FD
:1099E40010BDC04600001050E41B0020C01F002022
:1099F40080011050F0B54E464546DE465746E0B568
:109A0400214B00249E6D012585B0002E22D01F4BD2
:109A14009A46012399461E4B984601E0202C19D002
:109A24002A00230001342F003240E4B26D00002AE2
:109A3400F4D0524697654A465B085B0022409B1867
:109A44005B01434418009B4600F01EFC002808D12B
:109A5400BE43E3D105B0F0BCBB46B246A946A0461E
:109A6400F0BD5B46E0219A78DB8A01A8836000237D
:109A7400C900018001210271437100F025FC5846A0
:109A840000F0A0FBE4E7C046000011500030115084
:109A9400A41B00209823F0B5C646C84A00B5D55883
:109AA40080232E009B02102484B01E401D4274D0DB
:109AB400C34BC44C9A6AC44B00261A603B23E35C34
:109AC400022B00D14FE17B23E35C022B00D1F3E0B6
:109AD400BB23E35C022B00D1FAE0FB23E35C022B03
:109AE40000D101E13C23FF33E35C022B00D12DE1E3
:109AF4007C23FF33E35C022B00D10EE1BC23FF3354
:109B0400E35C022B00D13FE1FC23FF33E35C022B37
:109B140000D1F5E0AD4BE35C022B00D174E1AC4B1A
:109B2400E35C022B00D105E1AA4BE35C022B00D1DC
:109B340075E1A94BE35C022B00D132E1A74BE35C56
:109B4400022B00D1A0E1A64BE35C022B00D171E112
:109B5400A44BE35C022B00D1A1E1A34BE35C022BF9
:109B640000D17FE1002E08D1A04B1B78002B04D13B
:109B740080219F4A90338902D150C02269468F4B7D
:109B840092009B6C80265B058A805B0D012101A8F5
:109B9400029300F099FB974CB602EB0600D57FE0E8
:109BA40080235B021D4231D01E43012302249846C8
:109BB400844FBB7E002B14D000F09AFC012800D9FE
:109BC40072E0C02200213800920100F001FB38004D
:109BD40000F0F8FA00F08CFC012802D9844B5C6692
:109BE4001C664346FB702037012C22D1C0236A46F1
:109BF400DB009380804A02AB03CA03C3012101A89E
:109C040000F062FB80227A4B92021A6580235B018A
:109C14001D4210D18023DB011D4223D180231B026E
:109C24001D422FD1AE4200D0C0E104B080BCB84682
:109C3400F0BD0124BDE700241E43604B1C60FFF708
:109C4400A5FE80236A465B0093801472012101A85B
:109C540000F03AFB8022664B12031A658023DB0175
:109C64001D42DBD01E4380236A46DB009380012122
:109C740001A800F029FB10225D4B1A6580231B020A
:109C84001D42CFD01E43A0236A46DB0093800121EE
:109C940001A800F019FB8022554B12011A65C1E797
:109CA400FFF7A8FE26007BE7544B444A1C66536E1C
:109CB4002340A342FBD184E77833E75C002F00D133
:109CC40006E70233E25C002A00D00DE13E00FFE625
:109CD400B833E75C002F00D1FFE60233E25C002AD0
:109CE40000D0F9E03E00F8E6F833E75C002F00D13D
:109CF400F8E60233E25C002A00D041E13E00F1E6DE
:109D0400F933FF33E75C002F00D103E70233E25C51
:109D1400002A00D02BE13E00FCE67933FF33E75CF8
:109D2400002F00D1EAE60233E25C002A00D015E1FC
:109D34003E00E3E6324BE75C002F00D1F4E6023349
:109D4400E25C002A00D001E13E00EDE63933FF3346
:109D5400E75C002F00D1CBE60233E25C002A00D09E
:109D6400EBE03E00C4E63833E65C002E00D1AAE600
:109D74000233E25C002A00D1A5E620000022203054
:109D8400E25400F04DFA9EE6B933FF33E75C002F4E
:109D940000D1B9E60233E25C002A00D0C4E03E0000
:109DA400B2E6184BE75C002F00D1C7E60233E25C51
:109DB400002A00D0B0E03E00C0E6C04600001150CA
:109DC40000400540A41B0020981B00203B0200001B
:109DD4007B020000BB020000FB0200003B0300000A
:109DE4007B030000BB030000FB03000026200020CF
:109DF40000301150100002000000105000201150DB
:109E04007A020000FA0200006B4BE75C002F00D1DD
:109E140085E60233E25C002A76D13E007FE6674B9A
:109E2400E75C002F00D184E60233E25C002A63D1B0
:109E34003E007EE6624BE75C002F00D188E60233E9
:109E4400E25C002A00D0A3E05E4BE35C022B30D13D
:109E54005D4BE35C002B27D15C4BE35C022B00D011
:109E64008BE63E005A4BE35C002B00D17AE6FF23DD
:109E74009B00E25C002A00D17FE60022E2541C3BF6
:109E8400E01800F0CDF978E6524BE75C002F00D1E2
:109E940059E60233E25C002A16D13E0053E64A4BEF
:109EA400E35C002B00D158E6EF239B00E25C002A20
:109EB40075D1464BE35C022B00D05EE6444BE35C79
:109EC400002B00D159E6D2E70022E2541C3BE018F3
:109ED40000F0A6F93E0036E620000022A030E2544D
:109EE4003E0000F09DF9F8E5200000226030E254C5
:109EF4003E0000F095F9EBE50022E2541C3BE0182B
:109F040000F08EF93E0014E60022E2541C3BE018F7
:109F140000F086F93E0002E60022E2541C3BE01801
:109F240000F07EF93E0009E620000022A130FF3057
:109F3400E2543E0000F074F9E6E5200000222130EE
:109F4400FF30E2543E0000F06BF9D1E50022E25408
:109F54001C3BE01800F064F93E00E5E52000002217
:109F64006130FF30E2543E0000F05AF9C6E52000AB
:109F74000022E130FF30E2543E0000F051F9C9E51F
:109F840020000022E030E2543E0000F049F9A9E547
:109F94000022E2541C3BE01800F042F954E700228E
:109FA400E2541C3BE01800F03BF982E731000A4818
:109FB400694000F08DFAC0463A020000BA0200007F
:109FC4007A030000BB030000BA030000FB03000097
:109FD400FA0300003A030000A8900010F0B5C6464A
:109FE40000B50200838A008B8C46011C984200D97C
:109FF400191CD47880252000461EB04189B2ED009A
:10A004000D434003284301256C405B1AD4705478F7
:10A014009BB29382002C31D16446D568A4014E1EB4
:10A024002D19B0461469002923D0062E32D92B00ED
:10A0340023439B072ED1631CEB1A022B2AD900233E
:10A044008F08BF00E658EE5004339F42FAD14346CE
:10A05400ED19DB1BE419B94209D026782E70002BC8
:10A0640005D066786E70012B01D0A378AB701469AB
:10A07400938A64181461802212021043002B02D1C7
:10A084008023DB0118436346002B00D0000480BC0E
:10A09400B846F0BD0023E65CEE5401339942FAD190
:10A0A400E5E7C0468368F0B51A680400002900D0CB
:10A0B400120C63789205900D002B08D1E38AC31823
:10A0C400E382238B834201D90023A382F0BDE3689A
:10A0D400890125695E18471E002822D0062F26D93B
:10A0E40001315B18EB1A022B21D92B0033439B0758
:10A0F4001DD10023120E9200F158E95004339A4204
:10A10400FAD1BF1AAD18B618904209D032782A7025
:10A11400002F05D072786A70012F01D0B278AA702E
:10A124002569E38A2D18C318E3822561C9E7002253
:10A13400B35CAB5401329042FAD12569F1E7C046D1
:10A1440010B50400836800211B68FFF7ABFF636848
:10A154001B685B0002D5238B834200D010BD012114
:10A164002000FFF79FFFF9E7084A0300126C002064
:10A17400920703D49A78D209012A00D07047D87E76
:10A18400023843425841C0B2F8E7C04600001150BB
:10A1940010B5FFF7E9FF00280CD00749074B8C46A0
:10A1A400074A9B6A126863449B1A0020C6229A429B
:10A1B4004041C0B210BDC046E0FCFFFF0040054076
:10A1C400981B002000238376436103617047C046D7
:10A1D40010B58368002901D01C682140002A12D0E0
:10A1E4008024E400114322420DD01A6822420CD18B
:10A1F400084A0A401A60084A126C920703D40C23D6
:10A20400033BFDD28368196010BD8178034800F0D8
:10A214005FF9C046FFFBFFFF00001150BC90001027
:10A22400436870B50021802504001E68FFF7D6FE40
:10A23400124B6D011A6C0543A37892070ED55B0689
:10A244000ED00F4B1E4080239B05334362680021D0
:10A25400136020002A00FFF7BBFF70BDDB09F0D0BC
:10A26400A38A002BEDD001212000FFF7B7FEA02325
:10A27400044ADB05324005431343E7E7000011506D
:10A28400FFFFFFAFFFFFFFDF70B5857E0400002DE9
:10A2940014D0FFF755FFA38A002B01D1280070BD0D
:10A2A4002000FFF775FF002803D001230025237742
:10A2B400F4E72000FFF7B4FF0025EFE781780148B9
:10A2C40000F006F9DC900010F0B5CE46474680B5A4
:10A2D400437805000E0085B0062B08D86C4A9B0015
:10A2E400D3589F466B4A13780133DBB213706A4B21
:10A2F4001C686269EFF3108172B61368002BFCD0FE
:10A30400BFF35F8FA1612000290000F0D9F86269D2
:10A31400A369BFF35F8F0021116083F310880028C5
:10A3240004D105B0C0BCB946B046F0BD320069786E
:10A33400287800F0BDF8F4E70121584B1A788A43D5
:10A344001A701A7801318A431A7000225A701A78E6
:10A3540002318A431A70CAE75149524F8946524919
:10A364000024002388463A7812E043461B686101C2
:10A374005B18002B06D0DB69002B03D069682878B2
:10A3840098473A780134E4B2511C2300A14217DB08
:10A39400A242EAD89B1A5B014B44ECE73F4B1A7884
:10A3A400D207BED504211A780A431A709FE73B4BA3
:10A3B4001A78D207B5D504211A788A431A7096E719
:10A3C400364F3B785B072BD504223B78002193431F
:10A3D4003B706B460632981D00F082F82B7801AC76
:10A3E4002370052363702C4B1B6898465A69EFF35E
:10A3F400108172B61368002BFCD0BFF35F8F434605
:10A4040040469961210000F05BF843465A699B6914
:10A41400BFF35F8F0021116083F31088002831D1CE
:10A42400FB78DB0700D47CE76B460A220021981DE9
:10A4340000F056F82B7801AC2370032363706B682B
:10A444006360154B1D686A69EFF3108172B6136877
:10A45400002BFCD0BFF35F8FA9612800210000F01E
:10A464002FF86A69AB69BFF35F8F0021116083F332
:10A474001088002800D154E732006178207800F079
:10A4840017F84EE732006178207800F011F8C7E73A
:10A4940098950010272000209016002038160020E0
:10A4A400B495001025200020881400207047C04671
:10A4B40001B40248844601BC604700BFB166001085
:10A4C40001B40248844601BC604700BF11810010FA
:10A4D40001B40248844601BC604700BF8D180010D7
:10A4E40001B40248844601BC604700BF8D3E0010A1
:10A4F40001B40248844601BC604700BF81180010C3
:10A5040001B40248844601BC604700BF6D290010B5
:10A5140001B40248844601BC604700BF793C001086
:10A5240001B40248844601BC604700BF3D280010C6
:10A534001000000000000000000001000000000006
:10A544000000000000000200000000000000000005
:10A554000000030000000000000000000000FF00F5
:10A564000000000001B5486801318E46004770467E
:10A5740009380149884701BDBD1E001000000000D4
:10A5840000000000000000000000000000000000C7
:10A59400B8100020000000000000000000000000CF
:10A5A400503300004C330000543300005233000099
:10A5B4004D5300004D430000533400004334000069
:10A5C400715E0010255E0010995D0010115D001091
:10A5D40000000000000100009416002010000C0090
:10A5E4000000000000000000000000000000000067
:10A5F40000000000FF0000000040044000000000D4
:08A6040000000000000000004E
:04000005100001E9FD
:00000001FF
