
/Users/ssnow/Documents/GitHub/Pico-SDK_encoder_GPIO/build/encoder_monitor.elf:     file format elf32-littlearm

Sections:
Idx Name          Size      VMA       LMA       File off  Algn
  0 .boot2        00000100  10000000  10000000  00001000  2**0
                  CONTENTS, ALLOC, LOAD, READONLY, CODE
  1 .text         000084fc  10000100  10000100  00001100  2**3
                  CONTENTS, ALLOC, LOAD, READONLY, CODE
  2 .rodata       0000097c  10008600  10008600  00009600  2**3
                  CONTENTS, ALLOC, LOAD, READONLY, DATA
  3 .binary_info  00000020  10008f7c  10008f7c  00009f7c  2**2
                  CONTENTS, ALLOC, LOAD, READONLY, DATA
  4 .ram_vector_table 000000c0  20000000  20000000  0000c000  2**2
                  ALLOC
  5 .uninitialized_data 00000000  200000c0  200000c0  0000b0b8  2**0
                  CONTENTS
  6 .data         00000ff8  200000c0  10008f9c  0000a0c0  2**4
                  CONTENTS, ALLOC, LOAD, READONLY, CODE
  7 .tdata        00000000  200010b8  200010b8  0000b0b8  2**0
                  CONTENTS, ALLOC, LOAD, DATA, THREAD_LOCAL
  8 .tbss         00000000  200010b8  200010b8  00000000  2**0
                  ALLOC, THREAD_LOCAL
  9 .bss          00000f5c  200010b8  10009f94  0000b0b8  2**3
                  ALLOC
 10 .heap         00000800  20002014  10009f94  0000c014  2**2
                  ALLOC, READONLY
 11 .scratch_x    00000000  20040000  20040000  0000b0b8  2**0
                  CONTENTS
 12 .scratch_y    00000000  20041000  20041000  0000b0b8  2**0
                  CONTENTS
 13 .stack_dummy  00000800  20041000  20041000  0000c000  2**5
                  ALLOC, READONLY
 14 .ARM.attributes 00000028  00000000  00000000  0000b0b8  2**0
                  CONTENTS, READONLY
 15 .comment      00000045  00000000  00000000  0000b0e0  2**0
                  CONTENTS, READONLY
 16 .debug_info   00039222  00000000  00000000  0000b125  2**0
                  CONTENTS, READONLY, DEBUGGING, OCTETS
 17 .debug_abbrev 0000977c  00000000  00000000  00044347  2**0
                  CONTENTS, READONLY, DEBUGGING, OCTETS
 18 .debug_loclists 0001eaec  00000000  00000000  0004dac3  2**0
                  CONTENTS, READONLY, DEBUGGING, OCTETS
 19 .debug_aranges 00001858  00000000  00000000  0006c5b0  2**3
                  CONTENTS, READONLY, DEBUGGING, OCTETS
 20 .debug_rnglists 00004e3f  00000000  00000000  0006de08  2**0
                  CONTENTS, READONLY, DEBUGGING, OCTETS
 21 .debug_line   00027288  00000000  00000000  00072c47  2**0
                  CONTENTS, READONLY, DEBUGGING, OCTETS
 22 .debug_str    0000926c  00000000  00000000  00099ecf  2**0
                  CONTENTS, READONLY, DEBUGGING, OCTETS
 23 .debug_frame  000034f4  00000000  00000000  000a313c  2**2
                  CONTENTS, READONLY, DEBUGGING, OCTETS
 24 .debug_line_str 00000366  00000000  00000000  000a6630  2**0
                  CONTENTS, READONLY, DEBUGGING, OCTETS

/Users/ssnow/Documents/GitHub/Pico-SDK_encoder_GPIO/build/encoder_monitor.elf:     file format elf32-littlearm


Disassembly of section .boot2:

10000000 <__boot2_start__>:
10000000:	4b32b500 	.word	0x4b32b500
10000004:	60582021 	.word	0x60582021
10000008:	21026898 	.word	0x21026898
1000000c:	60984388 	.word	0x60984388
10000010:	611860d8 	.word	0x611860d8
10000014:	4b2e6158 	.word	0x4b2e6158
10000018:	60992100 	.word	0x60992100
1000001c:	61592102 	.word	0x61592102
10000020:	22f02101 	.word	0x22f02101
10000024:	492b5099 	.word	0x492b5099
10000028:	21016019 	.word	0x21016019
1000002c:	20356099 	.word	0x20356099
10000030:	f844f000 	.word	0xf844f000
10000034:	42902202 	.word	0x42902202
10000038:	2106d014 	.word	0x2106d014
1000003c:	f0006619 	.word	0xf0006619
10000040:	6e19f834 	.word	0x6e19f834
10000044:	66192101 	.word	0x66192101
10000048:	66182000 	.word	0x66182000
1000004c:	f000661a 	.word	0xf000661a
10000050:	6e19f82c 	.word	0x6e19f82c
10000054:	6e196e19 	.word	0x6e196e19
10000058:	f0002005 	.word	0xf0002005
1000005c:	2101f82f 	.word	0x2101f82f
10000060:	d1f94208 	.word	0xd1f94208
10000064:	60992100 	.word	0x60992100
10000068:	6019491b 	.word	0x6019491b
1000006c:	60592100 	.word	0x60592100
10000070:	481b491a 	.word	0x481b491a
10000074:	21016001 	.word	0x21016001
10000078:	21eb6099 	.word	0x21eb6099
1000007c:	21a06619 	.word	0x21a06619
10000080:	f0006619 	.word	0xf0006619
10000084:	2100f812 	.word	0x2100f812
10000088:	49166099 	.word	0x49166099
1000008c:	60014814 	.word	0x60014814
10000090:	60992101 	.word	0x60992101
10000094:	2800bc01 	.word	0x2800bc01
10000098:	4700d000 	.word	0x4700d000
1000009c:	49134812 	.word	0x49134812
100000a0:	c8036008 	.word	0xc8036008
100000a4:	8808f380 	.word	0x8808f380
100000a8:	b5034708 	.word	0xb5034708
100000ac:	20046a99 	.word	0x20046a99
100000b0:	d0fb4201 	.word	0xd0fb4201
100000b4:	42012001 	.word	0x42012001
100000b8:	bd03d1f8 	.word	0xbd03d1f8
100000bc:	6618b502 	.word	0x6618b502
100000c0:	f7ff6618 	.word	0xf7ff6618
100000c4:	6e18fff2 	.word	0x6e18fff2
100000c8:	bd026e18 	.word	0xbd026e18
100000cc:	40020000 	.word	0x40020000
100000d0:	18000000 	.word	0x18000000
100000d4:	00070000 	.word	0x00070000
100000d8:	005f0300 	.word	0x005f0300
100000dc:	00002221 	.word	0x00002221
100000e0:	180000f4 	.word	0x180000f4
100000e4:	a0002022 	.word	0xa0002022
100000e8:	10000100 	.word	0x10000100
100000ec:	e000ed08 	.word	0xe000ed08
	...
100000fc:	7a4eb274 	.word	0x7a4eb274

Disassembly of section .text:

10000100 <__VECTOR_TABLE>:
10000100:	20042000 	.word	0x20042000
10000104:	100001f7 	.word	0x100001f7
10000108:	100001cb 	.word	0x100001cb
1000010c:	100001cd 	.word	0x100001cd
10000110:	100001c9 	.word	0x100001c9
10000114:	100001c9 	.word	0x100001c9
10000118:	100001c9 	.word	0x100001c9
1000011c:	100001c9 	.word	0x100001c9
10000120:	100001c9 	.word	0x100001c9
10000124:	100001c9 	.word	0x100001c9
10000128:	100001c9 	.word	0x100001c9
1000012c:	100001cf 	.word	0x100001cf
10000130:	100001c9 	.word	0x100001c9
10000134:	100001c9 	.word	0x100001c9
10000138:	100001d1 	.word	0x100001d1
1000013c:	100001d3 	.word	0x100001d3
10000140:	100001c1 	.word	0x100001c1
10000144:	100001c1 	.word	0x100001c1
10000148:	100001c1 	.word	0x100001c1
1000014c:	100001c1 	.word	0x100001c1
10000150:	100001c1 	.word	0x100001c1
10000154:	100001c1 	.word	0x100001c1
10000158:	100001c1 	.word	0x100001c1
1000015c:	100001c1 	.word	0x100001c1
10000160:	100001c1 	.word	0x100001c1
10000164:	100001c1 	.word	0x100001c1
10000168:	100001c1 	.word	0x100001c1
1000016c:	100001c1 	.word	0x100001c1
10000170:	100001c1 	.word	0x100001c1
10000174:	100001c1 	.word	0x100001c1
10000178:	100001c1 	.word	0x100001c1
1000017c:	100001c1 	.word	0x100001c1
10000180:	100001c1 	.word	0x100001c1
10000184:	100001c1 	.word	0x100001c1
10000188:	100001c1 	.word	0x100001c1
1000018c:	100001c1 	.word	0x100001c1
10000190:	100001c1 	.word	0x100001c1
10000194:	100001c1 	.word	0x100001c1
10000198:	100001c1 	.word	0x100001c1
1000019c:	100001c1 	.word	0x100001c1
100001a0:	100001c1 	.word	0x100001c1
100001a4:	100001c1 	.word	0x100001c1
100001a8:	100001c1 	.word	0x100001c1
100001ac:	100001c1 	.word	0x100001c1
100001b0:	100001c1 	.word	0x100001c1
100001b4:	100001c1 	.word	0x100001c1
100001b8:	100001c1 	.word	0x100001c1
100001bc:	100001c1 	.word	0x100001c1

100001c0 <__unhandled_user_irq>:
100001c0:	f3ef 8005 	mrs	r0, IPSR
100001c4:	3810      	subs	r0, #16

100001c6 <unhandled_user_irq_num_in_r0>:
100001c6:	be00      	bkpt	0x0000

100001c8 <isr_invalid>:
100001c8:	be00      	bkpt	0x0000

100001ca <isr_nmi>:
100001ca:	be00      	bkpt	0x0000

100001cc <isr_hardfault>:
100001cc:	be00      	bkpt	0x0000

100001ce <isr_svcall>:
100001ce:	be00      	bkpt	0x0000

100001d0 <isr_pendsv>:
100001d0:	be00      	bkpt	0x0000

100001d2 <isr_systick>:
100001d2:	be00      	bkpt	0x0000

100001d4 <__default_isrs_end>:
100001d4:	7188ebf2 	.word	0x7188ebf2
100001d8:	10008f7c 	.word	0x10008f7c
100001dc:	10008f9c 	.word	0x10008f9c
100001e0:	10000238 	.word	0x10000238
100001e4:	e71aa390 	.word	0xe71aa390

100001e8 <_entry_point>:
100001e8:	481e      	ldr	r0, [pc, #120]	@ (10000264 <data_cpy_table+0x2c>)

100001ea <_enter_vtable_in_r0>:
100001ea:	491f      	ldr	r1, [pc, #124]	@ (10000268 <data_cpy_table+0x30>)
100001ec:	6008      	str	r0, [r1, #0]
100001ee:	c806      	ldmia	r0!, {r1, r2}
100001f0:	f381 8808 	msr	MSP, r1
100001f4:	4710      	bx	r2

100001f6 <_reset_handler>:
100001f6:	481d      	ldr	r0, [pc, #116]	@ (1000026c <data_cpy_table+0x34>)
100001f8:	6800      	ldr	r0, [r0, #0]
100001fa:	2800      	cmp	r0, #0
100001fc:	d001      	beq.n	10000202 <hold_non_core0_in_bootrom+0x4>

100001fe <hold_non_core0_in_bootrom>:
100001fe:	4819      	ldr	r0, [pc, #100]	@ (10000264 <data_cpy_table+0x2c>)
10000200:	e7f3      	b.n	100001ea <_enter_vtable_in_r0>
10000202:	a40d      	add	r4, pc, #52	@ (adr r4, 10000238 <data_cpy_table>)
10000204:	cc0e      	ldmia	r4!, {r1, r2, r3}
10000206:	2900      	cmp	r1, #0
10000208:	d002      	beq.n	10000210 <hold_non_core0_in_bootrom+0x12>
1000020a:	f000 f812 	bl	10000232 <data_cpy>
1000020e:	e7f9      	b.n	10000204 <hold_non_core0_in_bootrom+0x6>
10000210:	4917      	ldr	r1, [pc, #92]	@ (10000270 <data_cpy_table+0x38>)
10000212:	4a18      	ldr	r2, [pc, #96]	@ (10000274 <data_cpy_table+0x3c>)
10000214:	2000      	movs	r0, #0
10000216:	e000      	b.n	1000021a <bss_fill_test>

10000218 <bss_fill_loop>:
10000218:	c101      	stmia	r1!, {r0}

1000021a <bss_fill_test>:
1000021a:	4291      	cmp	r1, r2
1000021c:	d1fc      	bne.n	10000218 <bss_fill_loop>

1000021e <platform_entry>:
1000021e:	4916      	ldr	r1, [pc, #88]	@ (10000278 <data_cpy_table+0x40>)
10000220:	4788      	blx	r1
10000222:	4916      	ldr	r1, [pc, #88]	@ (1000027c <data_cpy_table+0x44>)
10000224:	4788      	blx	r1
10000226:	4916      	ldr	r1, [pc, #88]	@ (10000280 <data_cpy_table+0x48>)
10000228:	4788      	blx	r1
1000022a:	be00      	bkpt	0x0000
1000022c:	e7fd      	b.n	1000022a <platform_entry+0xc>

1000022e <data_cpy_loop>:
1000022e:	c901      	ldmia	r1!, {r0}
10000230:	c201      	stmia	r2!, {r0}

10000232 <data_cpy>:
10000232:	429a      	cmp	r2, r3
10000234:	d3fb      	bcc.n	1000022e <data_cpy_loop>
10000236:	4770      	bx	lr

10000238 <data_cpy_table>:
10000238:	10008f9c 	.word	0x10008f9c
1000023c:	200000c0 	.word	0x200000c0
10000240:	200010b8 	.word	0x200010b8
10000244:	10009f94 	.word	0x10009f94
10000248:	20040000 	.word	0x20040000
1000024c:	20040000 	.word	0x20040000
10000250:	10009f94 	.word	0x10009f94
10000254:	20041000 	.word	0x20041000
10000258:	20041000 	.word	0x20041000
1000025c:	00000000 	.word	0x00000000
10000260:	4770      	bx	lr
10000262:	0000      	.short	0x0000
10000264:	00000000 	.word	0x00000000
10000268:	e000ed08 	.word	0xe000ed08
1000026c:	d0000000 	.word	0xd0000000
10000270:	200010b8 	.word	0x200010b8
10000274:	20002014 	.word	0x20002014
10000278:	100055f1 	.word	0x100055f1
1000027c:	100002d5 	.word	0x100002d5
10000280:	100055e9 	.word	0x100055e9

10000284 <_init>:
10000284:	b5f8      	push	{r3, r4, r5, r6, r7, lr}
10000286:	46c0      	nop			@ (mov r8, r8)

10000288 <register_tm_clones>:
10000288:	4806      	ldr	r0, [pc, #24]	@ (100002a4 <register_tm_clones+0x1c>)
1000028a:	4907      	ldr	r1, [pc, #28]	@ (100002a8 <register_tm_clones+0x20>)
1000028c:	1a09      	subs	r1, r1, r0
1000028e:	108b      	asrs	r3, r1, #2
10000290:	0fc9      	lsrs	r1, r1, #31
10000292:	18c9      	adds	r1, r1, r3
10000294:	b510      	push	{r4, lr}
10000296:	1049      	asrs	r1, r1, #1
10000298:	d003      	beq.n	100002a2 <register_tm_clones+0x1a>
1000029a:	4b04      	ldr	r3, [pc, #16]	@ (100002ac <register_tm_clones+0x24>)
1000029c:	2b00      	cmp	r3, #0
1000029e:	d000      	beq.n	100002a2 <register_tm_clones+0x1a>
100002a0:	4798      	blx	r3
100002a2:	bd10      	pop	{r4, pc}
100002a4:	200010b8 	.word	0x200010b8
100002a8:	200010b8 	.word	0x200010b8
100002ac:	00000000 	.word	0x00000000

100002b0 <frame_dummy>:
100002b0:	4b05      	ldr	r3, [pc, #20]	@ (100002c8 <frame_dummy+0x18>)
100002b2:	b510      	push	{r4, lr}
100002b4:	2b00      	cmp	r3, #0
100002b6:	d003      	beq.n	100002c0 <frame_dummy+0x10>
100002b8:	4904      	ldr	r1, [pc, #16]	@ (100002cc <frame_dummy+0x1c>)
100002ba:	4805      	ldr	r0, [pc, #20]	@ (100002d0 <frame_dummy+0x20>)
100002bc:	e000      	b.n	100002c0 <frame_dummy+0x10>
100002be:	bf00      	nop
100002c0:	f7ff ffe2 	bl	10000288 <register_tm_clones>
100002c4:	bd10      	pop	{r4, pc}
100002c6:	46c0      	nop			@ (mov r8, r8)
100002c8:	00000000 	.word	0x00000000
100002cc:	20001fa8 	.word	0x20001fa8
100002d0:	100085fc 	.word	0x100085fc

100002d4 <main>:
100002d4:	b5f0      	push	{r4, r5, r6, r7, lr}
100002d6:	46de      	mov	lr, fp
100002d8:	4645      	mov	r5, r8
100002da:	4657      	mov	r7, sl
100002dc:	464e      	mov	r6, r9
100002de:	b5e0      	push	{r5, r6, r7, lr}
100002e0:	b0b3      	sub	sp, #204	@ 0xcc
100002e2:	f005 fac3 	bl	1000586c <stdio_init_all>
100002e6:	20fa      	movs	r0, #250	@ 0xfa
100002e8:	00c0      	lsls	r0, r0, #3
100002ea:	f002 f909 	bl	10002500 <sleep_ms>
100002ee:	2015      	movs	r0, #21
100002f0:	f001 f99c 	bl	1000162c <gpio_init>
100002f4:	23d0      	movs	r3, #208	@ 0xd0
100002f6:	2280      	movs	r2, #128	@ 0x80
100002f8:	061b      	lsls	r3, r3, #24
100002fa:	0392      	lsls	r2, r2, #14
100002fc:	625a      	str	r2, [r3, #36]	@ 0x24
100002fe:	48a3      	ldr	r0, [pc, #652]	@ (1000058c <main+0x2b8>)
10000300:	615a      	str	r2, [r3, #20]
10000302:	f005 fb01 	bl	10005908 <__wrap_puts>
10000306:	48a2      	ldr	r0, [pc, #648]	@ (10000590 <main+0x2bc>)
10000308:	f005 fafe 	bl	10005908 <__wrap_puts>
1000030c:	48a1      	ldr	r0, [pc, #644]	@ (10000594 <main+0x2c0>)
1000030e:	f005 fafb 	bl	10005908 <__wrap_puts>
10000312:	a80f      	add	r0, sp, #60	@ 0x3c
10000314:	0002      	movs	r2, r0
10000316:	4ba0      	ldr	r3, [pc, #640]	@ (10000598 <main+0x2c4>)
10000318:	cb32      	ldmia	r3!, {r1, r4, r5}
1000031a:	c232      	stmia	r2!, {r1, r4, r5}
1000031c:	f000 f976 	bl	1000060c <i2c_helper_init>
10000320:	2800      	cmp	r0, #0
10000322:	d103      	bne.n	1000032c <main+0x58>
10000324:	489d      	ldr	r0, [pc, #628]	@ (1000059c <main+0x2c8>)
10000326:	f005 faef 	bl	10005908 <__wrap_puts>
1000032a:	e7fe      	b.n	1000032a <main+0x56>
1000032c:	489c      	ldr	r0, [pc, #624]	@ (100005a0 <main+0x2cc>)
1000032e:	f005 faeb 	bl	10005908 <__wrap_puts>
10000332:	489c      	ldr	r0, [pc, #624]	@ (100005a4 <main+0x2d0>)
10000334:	f005 fae8 	bl	10005908 <__wrap_puts>
10000338:	4d9b      	ldr	r5, [pc, #620]	@ (100005a8 <main+0x2d4>)
1000033a:	a912      	add	r1, sp, #72	@ 0x48
1000033c:	0028      	movs	r0, r5
1000033e:	f000 f99b 	bl	10000678 <i2c_helper_scan>
10000342:	2800      	cmp	r0, #0
10000344:	d100      	bne.n	10000348 <main+0x74>
10000346:	e11c      	b.n	10000582 <main+0x2ae>
10000348:	2704      	movs	r7, #4
1000034a:	2127      	movs	r1, #39	@ 0x27
1000034c:	4897      	ldr	r0, [pc, #604]	@ (100005ac <main+0x2d8>)
1000034e:	f005 fb5f 	bl	10005a10 <__wrap_printf>
10000352:	4c97      	ldr	r4, [pc, #604]	@ (100005b0 <main+0x2dc>)
10000354:	2314      	movs	r3, #20
10000356:	0029      	movs	r1, r5
10000358:	2227      	movs	r2, #39	@ 0x27
1000035a:	0020      	movs	r0, r4
1000035c:	9700      	str	r7, [sp, #0]
1000035e:	f000 fa5f 	bl	10000820 <lcd_init>
10000362:	0020      	movs	r0, r4
10000364:	f000 fc32 	bl	10000bcc <lcd_clear>
10000368:	2200      	movs	r2, #0
1000036a:	0020      	movs	r0, r4
1000036c:	0011      	movs	r1, r2
1000036e:	f000 fc6b 	bl	10000c48 <lcd_set_cursor>
10000372:	0020      	movs	r0, r4
10000374:	498f      	ldr	r1, [pc, #572]	@ (100005b4 <main+0x2e0>)
10000376:	f000 fcb9 	bl	10000cec <lcd_print>
1000037a:	2201      	movs	r2, #1
1000037c:	2100      	movs	r1, #0
1000037e:	0020      	movs	r0, r4
10000380:	f000 fc62 	bl	10000c48 <lcd_set_cursor>
10000384:	0020      	movs	r0, r4
10000386:	498c      	ldr	r1, [pc, #560]	@ (100005b8 <main+0x2e4>)
10000388:	f000 fcb0 	bl	10000cec <lcd_print>
1000038c:	2202      	movs	r2, #2
1000038e:	2100      	movs	r1, #0
10000390:	0020      	movs	r0, r4
10000392:	f000 fc59 	bl	10000c48 <lcd_set_cursor>
10000396:	4989      	ldr	r1, [pc, #548]	@ (100005bc <main+0x2e8>)
10000398:	0020      	movs	r0, r4
1000039a:	f000 fca7 	bl	10000cec <lcd_print>
1000039e:	4888      	ldr	r0, [pc, #544]	@ (100005c0 <main+0x2ec>)
100003a0:	f002 f8ae 	bl	10002500 <sleep_ms>
100003a4:	4887      	ldr	r0, [pc, #540]	@ (100005c4 <main+0x2f0>)
100003a6:	f005 faaf 	bl	10005908 <__wrap_puts>
100003aa:	23b4      	movs	r3, #180	@ 0xb4
100003ac:	00db      	lsls	r3, r3, #3
100003ae:	9301      	str	r3, [sp, #4]
100003b0:	4699      	mov	r9, r3
100003b2:	23b4      	movs	r3, #180	@ 0xb4
100003b4:	4e84      	ldr	r6, [pc, #528]	@ (100005c8 <main+0x2f4>)
100003b6:	005b      	lsls	r3, r3, #1
100003b8:	9300      	str	r3, [sp, #0]
100003ba:	4698      	mov	r8, r3
100003bc:	3b50      	subs	r3, #80	@ 0x50
100003be:	003a      	movs	r2, r7
100003c0:	2103      	movs	r1, #3
100003c2:	0030      	movs	r0, r6
100003c4:	3bff      	subs	r3, #255	@ 0xff
100003c6:	f000 fe37 	bl	10001038 <encoder_gpio_init>
100003ca:	1e05      	subs	r5, r0, #0
100003cc:	d100      	bne.n	100003d0 <main+0xfc>
100003ce:	e0c8      	b.n	10000562 <main+0x28e>
100003d0:	487e      	ldr	r0, [pc, #504]	@ (100005cc <main+0x2f8>)
100003d2:	f005 fa99 	bl	10005908 <__wrap_puts>
100003d6:	2319      	movs	r3, #25
100003d8:	003a      	movs	r2, r7
100003da:	2103      	movs	r1, #3
100003dc:	487c      	ldr	r0, [pc, #496]	@ (100005d0 <main+0x2fc>)
100003de:	f005 fb17 	bl	10005a10 <__wrap_printf>
100003e2:	464a      	mov	r2, r9
100003e4:	4641      	mov	r1, r8
100003e6:	487b      	ldr	r0, [pc, #492]	@ (100005d4 <main+0x300>)
100003e8:	f005 fb12 	bl	10005a10 <__wrap_printf>
100003ec:	0020      	movs	r0, r4
100003ee:	f000 fbed 	bl	10000bcc <lcd_clear>
100003f2:	2200      	movs	r2, #0
100003f4:	0020      	movs	r0, r4
100003f6:	0011      	movs	r1, r2
100003f8:	f000 fc26 	bl	10000c48 <lcd_set_cursor>
100003fc:	0020      	movs	r0, r4
100003fe:	4976      	ldr	r1, [pc, #472]	@ (100005d8 <main+0x304>)
10000400:	f000 fc74 	bl	10000cec <lcd_print>
10000404:	20fa      	movs	r0, #250	@ 0xfa
10000406:	0080      	lsls	r0, r0, #2
10000408:	f002 f87a 	bl	10002500 <sleep_ms>
1000040c:	4b73      	ldr	r3, [pc, #460]	@ (100005dc <main+0x308>)
1000040e:	469a      	mov	sl, r3
10000410:	4b73      	ldr	r3, [pc, #460]	@ (100005e0 <main+0x30c>)
10000412:	930d      	str	r3, [sp, #52]	@ 0x34
10000414:	4b73      	ldr	r3, [pc, #460]	@ (100005e4 <main+0x310>)
10000416:	930c      	str	r3, [sp, #48]	@ 0x30
10000418:	4b73      	ldr	r3, [pc, #460]	@ (100005e8 <main+0x314>)
1000041a:	9306      	str	r3, [sp, #24]
1000041c:	4b73      	ldr	r3, [pc, #460]	@ (100005ec <main+0x318>)
1000041e:	9307      	str	r3, [sp, #28]
10000420:	4b73      	ldr	r3, [pc, #460]	@ (100005f0 <main+0x31c>)
10000422:	9308      	str	r3, [sp, #32]
10000424:	4b73      	ldr	r3, [pc, #460]	@ (100005f4 <main+0x320>)
10000426:	9309      	str	r3, [sp, #36]	@ 0x24
10000428:	4b73      	ldr	r3, [pc, #460]	@ (100005f8 <main+0x324>)
1000042a:	930a      	str	r3, [sp, #40]	@ 0x28
1000042c:	4b73      	ldr	r3, [pc, #460]	@ (100005fc <main+0x328>)
1000042e:	930b      	str	r3, [sp, #44]	@ 0x2c
10000430:	e076      	b.n	10000520 <main+0x24c>
10000432:	22fa      	movs	r2, #250	@ 0xfa
10000434:	2300      	movs	r3, #0
10000436:	0092      	lsls	r2, r2, #2
10000438:	f002 fd18 	bl	10002e6c <__wrap___aeabi_uldivmod>
1000043c:	4653      	mov	r3, sl
1000043e:	681b      	ldr	r3, [r3, #0]
10000440:	1ac3      	subs	r3, r0, r3
10000442:	2bc7      	cmp	r3, #199	@ 0xc7
10000444:	d969      	bls.n	1000051a <main+0x246>
10000446:	4653      	mov	r3, sl
10000448:	6018      	str	r0, [r3, #0]
1000044a:	1c28      	adds	r0, r5, #0
1000044c:	f003 fb98 	bl	10003b80 <__wrap___aeabi_f2d>
10000450:	9b0c      	ldr	r3, [sp, #48]	@ 0x30
10000452:	469b      	mov	fp, r3
10000454:	9b05      	ldr	r3, [sp, #20]
10000456:	2b00      	cmp	r3, #0
10000458:	d001      	beq.n	1000045e <main+0x18a>
1000045a:	9b0d      	ldr	r3, [sp, #52]	@ 0x34
1000045c:	469b      	mov	fp, r3
1000045e:	465b      	mov	r3, fp
10000460:	003a      	movs	r2, r7
10000462:	9000      	str	r0, [sp, #0]
10000464:	9101      	str	r1, [sp, #4]
10000466:	9302      	str	r3, [sp, #8]
10000468:	4641      	mov	r1, r8
1000046a:	464b      	mov	r3, r9
1000046c:	9806      	ldr	r0, [sp, #24]
1000046e:	f005 facf 	bl	10005a10 <__wrap_printf>
10000472:	0020      	movs	r0, r4
10000474:	f000 fbaa 	bl	10000bcc <lcd_clear>
10000478:	2200      	movs	r2, #0
1000047a:	2100      	movs	r1, #0
1000047c:	0020      	movs	r0, r4
1000047e:	f000 fbe3 	bl	10000c48 <lcd_set_cursor>
10000482:	0020      	movs	r0, r4
10000484:	9907      	ldr	r1, [sp, #28]
10000486:	f000 fc31 	bl	10000cec <lcd_print>
1000048a:	4641      	mov	r1, r8
1000048c:	0020      	movs	r0, r4
1000048e:	f000 fc8f 	bl	10000db0 <lcd_print_int>
10000492:	2201      	movs	r2, #1
10000494:	2100      	movs	r1, #0
10000496:	0020      	movs	r0, r4
10000498:	f000 fbd6 	bl	10000c48 <lcd_set_cursor>
1000049c:	0020      	movs	r0, r4
1000049e:	9908      	ldr	r1, [sp, #32]
100004a0:	f000 fc24 	bl	10000cec <lcd_print>
100004a4:	0039      	movs	r1, r7
100004a6:	0020      	movs	r0, r4
100004a8:	f000 fc82 	bl	10000db0 <lcd_print_int>
100004ac:	2201      	movs	r2, #1
100004ae:	210e      	movs	r1, #14
100004b0:	0020      	movs	r0, r4
100004b2:	f000 fbc9 	bl	10000c48 <lcd_set_cursor>
100004b6:	4659      	mov	r1, fp
100004b8:	0020      	movs	r0, r4
100004ba:	f000 fc17 	bl	10000cec <lcd_print>
100004be:	2202      	movs	r2, #2
100004c0:	2100      	movs	r1, #0
100004c2:	0020      	movs	r0, r4
100004c4:	f000 fbc0 	bl	10000c48 <lcd_set_cursor>
100004c8:	0020      	movs	r0, r4
100004ca:	9909      	ldr	r1, [sp, #36]	@ 0x24
100004cc:	f000 fc0e 	bl	10000cec <lcd_print>
100004d0:	4649      	mov	r1, r9
100004d2:	0020      	movs	r0, r4
100004d4:	f000 fc6c 	bl	10000db0 <lcd_print_int>
100004d8:	0020      	movs	r0, r4
100004da:	990a      	ldr	r1, [sp, #40]	@ 0x28
100004dc:	f000 fc06 	bl	10000cec <lcd_print>
100004e0:	21b4      	movs	r1, #180	@ 0xb4
100004e2:	0020      	movs	r0, r4
100004e4:	00c9      	lsls	r1, r1, #3
100004e6:	f000 fc63 	bl	10000db0 <lcd_print_int>
100004ea:	2203      	movs	r2, #3
100004ec:	2100      	movs	r1, #0
100004ee:	0020      	movs	r0, r4
100004f0:	f000 fbaa 	bl	10000c48 <lcd_set_cursor>
100004f4:	0020      	movs	r0, r4
100004f6:	990b      	ldr	r1, [sp, #44]	@ 0x2c
100004f8:	f000 fbf8 	bl	10000cec <lcd_print>
100004fc:	2100      	movs	r1, #0
100004fe:	1c28      	adds	r0, r5, #0
10000500:	f003 fb00 	bl	10003b04 <__wrap___aeabi_fcmplt>
10000504:	2800      	cmp	r0, #0
10000506:	d003      	beq.n	10000510 <main+0x23c>
10000508:	2380      	movs	r3, #128	@ 0x80
1000050a:	061b      	lsls	r3, r3, #24
1000050c:	469c      	mov	ip, r3
1000050e:	4465      	add	r5, ip
10000510:	2201      	movs	r2, #1
10000512:	0020      	movs	r0, r4
10000514:	1c29      	adds	r1, r5, #0
10000516:	f000 fcb7 	bl	10000e88 <lcd_print_float>
1000051a:	200a      	movs	r0, #10
1000051c:	f001 fff0 	bl	10002500 <sleep_ms>
10000520:	0030      	movs	r0, r6
10000522:	f000 fe0d 	bl	10001140 <encoder_gpio_calculate_rpm>
10000526:	0030      	movs	r0, r6
10000528:	f000 fe4e 	bl	100011c8 <encoder_gpio_get_count>
1000052c:	4680      	mov	r8, r0
1000052e:	0030      	movs	r0, r6
10000530:	f000 fe4c 	bl	100011cc <encoder_gpio_get_revolutions>
10000534:	0007      	movs	r7, r0
10000536:	0030      	movs	r0, r6
10000538:	f000 fe4a 	bl	100011d0 <encoder_gpio_get_pulses_this_rev>
1000053c:	4681      	mov	r9, r0
1000053e:	0030      	movs	r0, r6
10000540:	f000 fe48 	bl	100011d4 <encoder_gpio_get_direction>
10000544:	9005      	str	r0, [sp, #20]
10000546:	0030      	movs	r0, r6
10000548:	f000 fe48 	bl	100011dc <encoder_gpio_get_rpm>
1000054c:	1c05      	adds	r5, r0, #0
1000054e:	f002 f8ed 	bl	1000272c <time_us_64>
10000552:	2900      	cmp	r1, #0
10000554:	d000      	beq.n	10000558 <main+0x284>
10000556:	e76c      	b.n	10000432 <main+0x15e>
10000558:	21fa      	movs	r1, #250	@ 0xfa
1000055a:	0089      	lsls	r1, r1, #2
1000055c:	f002 fc48 	bl	10002df0 <__wrap___aeabi_uidiv>
10000560:	e76c      	b.n	1000043c <main+0x168>
10000562:	4827      	ldr	r0, [pc, #156]	@ (10000600 <main+0x32c>)
10000564:	f005 f9d0 	bl	10005908 <__wrap_puts>
10000568:	0020      	movs	r0, r4
1000056a:	f000 fb2f 	bl	10000bcc <lcd_clear>
1000056e:	0029      	movs	r1, r5
10000570:	0020      	movs	r0, r4
10000572:	002a      	movs	r2, r5
10000574:	f000 fb68 	bl	10000c48 <lcd_set_cursor>
10000578:	0020      	movs	r0, r4
1000057a:	4922      	ldr	r1, [pc, #136]	@ (10000604 <main+0x330>)
1000057c:	f000 fbb6 	bl	10000cec <lcd_print>
10000580:	e7fe      	b.n	10000580 <main+0x2ac>
10000582:	4821      	ldr	r0, [pc, #132]	@ (10000608 <main+0x334>)
10000584:	f005 f9c0 	bl	10005908 <__wrap_puts>
10000588:	e6de      	b.n	10000348 <main+0x74>
1000058a:	46c0      	nop			@ (mov r8, r8)
1000058c:	10008608 	.word	0x10008608
10000590:	10008630 	.word	0x10008630
10000594:	10008650 	.word	0x10008650
10000598:	10008abc 	.word	0x10008abc
1000059c:	10008674 	.word	0x10008674
100005a0:	10008698 	.word	0x10008698
100005a4:	100086b8 	.word	0x100086b8
100005a8:	200010a8 	.word	0x200010a8
100005ac:	100086ec 	.word	0x100086ec
100005b0:	20001f98 	.word	0x20001f98
100005b4:	10008714 	.word	0x10008714
100005b8:	10008724 	.word	0x10008724
100005bc:	10008734 	.word	0x10008734
100005c0:	000005dc 	.word	0x000005dc
100005c4:	10008744 	.word	0x10008744
100005c8:	20001238 	.word	0x20001238
100005cc:	100087a4 	.word	0x100087a4
100005d0:	100087cc 	.word	0x100087cc
100005d4:	100087f0 	.word	0x100087f0
100005d8:	10008808 	.word	0x10008808
100005dc:	20001f90 	.word	0x20001f90
100005e0:	10008600 	.word	0x10008600
100005e4:	10008604 	.word	0x10008604
100005e8:	10008810 	.word	0x10008810
100005ec:	10008848 	.word	0x10008848
100005f0:	10008850 	.word	0x10008850
100005f4:	10008858 	.word	0x10008858
100005f8:	10008860 	.word	0x10008860
100005fc:	10008864 	.word	0x10008864
10000600:	10008764 	.word	0x10008764
10000604:	10008790 	.word	0x10008790
10000608:	100086cc 	.word	0x100086cc

1000060c <i2c_helper_init>:
1000060c:	b510      	push	{r4, lr}
1000060e:	1e04      	subs	r4, r0, #0
10000610:	d019      	beq.n	10000646 <i2c_helper_init+0x3a>
10000612:	6800      	ldr	r0, [r0, #0]
10000614:	2800      	cmp	r0, #0
10000616:	d016      	beq.n	10000646 <i2c_helper_init+0x3a>
10000618:	68a1      	ldr	r1, [r4, #8]
1000061a:	f007 ff01 	bl	10008420 <i2c_init>
1000061e:	2103      	movs	r1, #3
10000620:	7920      	ldrb	r0, [r4, #4]
10000622:	f000 ff41 	bl	100014a8 <gpio_set_function>
10000626:	2103      	movs	r1, #3
10000628:	7960      	ldrb	r0, [r4, #5]
1000062a:	f000 ff3d 	bl	100014a8 <gpio_set_function>
1000062e:	2200      	movs	r2, #0
10000630:	2101      	movs	r1, #1
10000632:	7920      	ldrb	r0, [r4, #4]
10000634:	f000 ff52 	bl	100014dc <gpio_set_pulls>
10000638:	7960      	ldrb	r0, [r4, #5]
1000063a:	2200      	movs	r2, #0
1000063c:	2101      	movs	r1, #1
1000063e:	f000 ff4d 	bl	100014dc <gpio_set_pulls>
10000642:	2001      	movs	r0, #1
10000644:	bd10      	pop	{r4, pc}
10000646:	2000      	movs	r0, #0
10000648:	e7fc      	b.n	10000644 <i2c_helper_init+0x38>
1000064a:	46c0      	nop			@ (mov r8, r8)

1000064c <i2c_helper_write_byte>:
1000064c:	b510      	push	{r4, lr}
1000064e:	240f      	movs	r4, #15
10000650:	b084      	sub	sp, #16
10000652:	446c      	add	r4, sp
10000654:	7022      	strb	r2, [r4, #0]
10000656:	2800      	cmp	r0, #0
10000658:	d00b      	beq.n	10000672 <i2c_helper_write_byte+0x26>
1000065a:	2300      	movs	r3, #0
1000065c:	0022      	movs	r2, r4
1000065e:	9300      	str	r3, [sp, #0]
10000660:	3301      	adds	r3, #1
10000662:	f007 ff05 	bl	10008470 <i2c_write_blocking>
10000666:	3801      	subs	r0, #1
10000668:	4243      	negs	r3, r0
1000066a:	4158      	adcs	r0, r3
1000066c:	b2c0      	uxtb	r0, r0
1000066e:	b004      	add	sp, #16
10000670:	bd10      	pop	{r4, pc}
10000672:	2000      	movs	r0, #0
10000674:	e7fb      	b.n	1000066e <i2c_helper_write_byte+0x22>
10000676:	46c0      	nop			@ (mov r8, r8)

10000678 <i2c_helper_scan>:
10000678:	b5f0      	push	{r4, r5, r6, r7, lr}
1000067a:	46de      	mov	lr, fp
1000067c:	4657      	mov	r7, sl
1000067e:	4645      	mov	r5, r8
10000680:	464e      	mov	r6, r9
10000682:	468a      	mov	sl, r1
10000684:	b5e0      	push	{r5, r6, r7, lr}
10000686:	4680      	mov	r8, r0
10000688:	b087      	sub	sp, #28
1000068a:	4858      	ldr	r0, [pc, #352]	@ (100007ec <i2c_helper_scan+0x174>)
1000068c:	f005 f93c 	bl	10005908 <__wrap_puts>
10000690:	4857      	ldr	r0, [pc, #348]	@ (100007f0 <i2c_helper_scan+0x178>)
10000692:	f005 f939 	bl	10005908 <__wrap_puts>
10000696:	4653      	mov	r3, sl
10000698:	2400      	movs	r4, #0
1000069a:	2700      	movs	r7, #0
1000069c:	2b00      	cmp	r3, #0
1000069e:	d059      	beq.n	10000754 <i2c_helper_scan+0xdc>
100006a0:	4b54      	ldr	r3, [pc, #336]	@ (100007f4 <i2c_helper_scan+0x17c>)
100006a2:	9303      	str	r3, [sp, #12]
100006a4:	4b54      	ldr	r3, [pc, #336]	@ (100007f8 <i2c_helper_scan+0x180>)
100006a6:	469b      	mov	fp, r3
100006a8:	4b54      	ldr	r3, [pc, #336]	@ (100007fc <i2c_helper_scan+0x184>)
100006aa:	4699      	mov	r9, r3
100006ac:	230f      	movs	r3, #15
100006ae:	2578      	movs	r5, #120	@ 0x78
100006b0:	001e      	movs	r6, r3
100006b2:	4025      	ands	r5, r4
100006b4:	4026      	ands	r6, r4
100006b6:	4223      	tst	r3, r4
100006b8:	d017      	beq.n	100006ea <i2c_helper_scan+0x72>
100006ba:	2d00      	cmp	r5, #0
100006bc:	d036      	beq.n	1000072c <i2c_helper_scan+0xb4>
100006be:	2d78      	cmp	r5, #120	@ 0x78
100006c0:	d119      	bne.n	100006f6 <i2c_helper_scan+0x7e>
100006c2:	4648      	mov	r0, r9
100006c4:	f005 f9a4 	bl	10005a10 <__wrap_printf>
100006c8:	2e0f      	cmp	r6, #15
100006ca:	d039      	beq.n	10000740 <i2c_helper_scan+0xc8>
100006cc:	3401      	adds	r4, #1
100006ce:	2c80      	cmp	r4, #128	@ 0x80
100006d0:	d1ec      	bne.n	100006ac <i2c_helper_scan+0x34>
100006d2:	0039      	movs	r1, r7
100006d4:	484a      	ldr	r0, [pc, #296]	@ (10000800 <i2c_helper_scan+0x188>)
100006d6:	f005 f99b 	bl	10005a10 <__wrap_printf>
100006da:	0038      	movs	r0, r7
100006dc:	b007      	add	sp, #28
100006de:	bcf0      	pop	{r4, r5, r6, r7}
100006e0:	46bb      	mov	fp, r7
100006e2:	46b2      	mov	sl, r6
100006e4:	46a9      	mov	r9, r5
100006e6:	46a0      	mov	r8, r4
100006e8:	bdf0      	pop	{r4, r5, r6, r7, pc}
100006ea:	0021      	movs	r1, r4
100006ec:	4842      	ldr	r0, [pc, #264]	@ (100007f8 <i2c_helper_scan+0x180>)
100006ee:	f005 f98f 	bl	10005a10 <__wrap_printf>
100006f2:	2d00      	cmp	r5, #0
100006f4:	d028      	beq.n	10000748 <i2c_helper_scan+0xd0>
100006f6:	a902      	add	r1, sp, #8
100006f8:	2300      	movs	r3, #0
100006fa:	468c      	mov	ip, r1
100006fc:	220f      	movs	r2, #15
100006fe:	b2e5      	uxtb	r5, r4
10000700:	9300      	str	r3, [sp, #0]
10000702:	0029      	movs	r1, r5
10000704:	4640      	mov	r0, r8
10000706:	3301      	adds	r3, #1
10000708:	4462      	add	r2, ip
1000070a:	f007 febb 	bl	10008484 <i2c_read_blocking>
1000070e:	2800      	cmp	r0, #0
10000710:	db12      	blt.n	10000738 <i2c_helper_scan+0xc0>
10000712:	0021      	movs	r1, r4
10000714:	4658      	mov	r0, fp
10000716:	f005 f97b 	bl	10005a10 <__wrap_printf>
1000071a:	4653      	mov	r3, sl
1000071c:	55dd      	strb	r5, [r3, r7]
1000071e:	3701      	adds	r7, #1
10000720:	2e0f      	cmp	r6, #15
10000722:	d1d3      	bne.n	100006cc <i2c_helper_scan+0x54>
10000724:	200a      	movs	r0, #10
10000726:	f005 f8a5 	bl	10005874 <__wrap_putchar>
1000072a:	e7cf      	b.n	100006cc <i2c_helper_scan+0x54>
1000072c:	4d33      	ldr	r5, [pc, #204]	@ (100007fc <i2c_helper_scan+0x184>)
1000072e:	0028      	movs	r0, r5
10000730:	f005 f96e 	bl	10005a10 <__wrap_printf>
10000734:	3401      	adds	r4, #1
10000736:	e7b9      	b.n	100006ac <i2c_helper_scan+0x34>
10000738:	9803      	ldr	r0, [sp, #12]
1000073a:	f005 f969 	bl	10005a10 <__wrap_printf>
1000073e:	e7ef      	b.n	10000720 <i2c_helper_scan+0xa8>
10000740:	200a      	movs	r0, #10
10000742:	f005 f897 	bl	10005874 <__wrap_putchar>
10000746:	e7c4      	b.n	100006d2 <i2c_helper_scan+0x5a>
10000748:	4d2c      	ldr	r5, [pc, #176]	@ (100007fc <i2c_helper_scan+0x184>)
1000074a:	2401      	movs	r4, #1
1000074c:	0028      	movs	r0, r5
1000074e:	f005 f95f 	bl	10005a10 <__wrap_printf>
10000752:	e7ec      	b.n	1000072e <i2c_helper_scan+0xb6>
10000754:	4b28      	ldr	r3, [pc, #160]	@ (100007f8 <i2c_helper_scan+0x180>)
10000756:	469a      	mov	sl, r3
10000758:	4b28      	ldr	r3, [pc, #160]	@ (100007fc <i2c_helper_scan+0x184>)
1000075a:	4699      	mov	r9, r3
1000075c:	230f      	movs	r3, #15
1000075e:	2578      	movs	r5, #120	@ 0x78
10000760:	001e      	movs	r6, r3
10000762:	4025      	ands	r5, r4
10000764:	4026      	ands	r6, r4
10000766:	4223      	tst	r3, r4
10000768:	d012      	beq.n	10000790 <i2c_helper_scan+0x118>
1000076a:	2d00      	cmp	r5, #0
1000076c:	d02e      	beq.n	100007cc <i2c_helper_scan+0x154>
1000076e:	2d78      	cmp	r5, #120	@ 0x78
10000770:	d114      	bne.n	1000079c <i2c_helper_scan+0x124>
10000772:	4648      	mov	r0, r9
10000774:	f005 f94c 	bl	10005a10 <__wrap_printf>
10000778:	2e0f      	cmp	r6, #15
1000077a:	d0e1      	beq.n	10000740 <i2c_helper_scan+0xc8>
1000077c:	3401      	adds	r4, #1
1000077e:	2c80      	cmp	r4, #128	@ 0x80
10000780:	d0a7      	beq.n	100006d2 <i2c_helper_scan+0x5a>
10000782:	230f      	movs	r3, #15
10000784:	2578      	movs	r5, #120	@ 0x78
10000786:	001e      	movs	r6, r3
10000788:	4025      	ands	r5, r4
1000078a:	4026      	ands	r6, r4
1000078c:	4223      	tst	r3, r4
1000078e:	d1ec      	bne.n	1000076a <i2c_helper_scan+0xf2>
10000790:	0021      	movs	r1, r4
10000792:	4650      	mov	r0, sl
10000794:	f005 f93c 	bl	10005a10 <__wrap_printf>
10000798:	2d00      	cmp	r5, #0
1000079a:	d021      	beq.n	100007e0 <i2c_helper_scan+0x168>
1000079c:	a802      	add	r0, sp, #8
1000079e:	2300      	movs	r3, #0
100007a0:	4684      	mov	ip, r0
100007a2:	220f      	movs	r2, #15
100007a4:	9300      	str	r3, [sp, #0]
100007a6:	4640      	mov	r0, r8
100007a8:	b2e1      	uxtb	r1, r4
100007aa:	3301      	adds	r3, #1
100007ac:	4462      	add	r2, ip
100007ae:	f007 fe69 	bl	10008484 <i2c_read_blocking>
100007b2:	2800      	cmp	r0, #0
100007b4:	db10      	blt.n	100007d8 <i2c_helper_scan+0x160>
100007b6:	0021      	movs	r1, r4
100007b8:	480f      	ldr	r0, [pc, #60]	@ (100007f8 <i2c_helper_scan+0x180>)
100007ba:	f005 f929 	bl	10005a10 <__wrap_printf>
100007be:	3701      	adds	r7, #1
100007c0:	2e0f      	cmp	r6, #15
100007c2:	d1db      	bne.n	1000077c <i2c_helper_scan+0x104>
100007c4:	200a      	movs	r0, #10
100007c6:	f005 f855 	bl	10005874 <__wrap_putchar>
100007ca:	e7d7      	b.n	1000077c <i2c_helper_scan+0x104>
100007cc:	4d0b      	ldr	r5, [pc, #44]	@ (100007fc <i2c_helper_scan+0x184>)
100007ce:	0028      	movs	r0, r5
100007d0:	f005 f91e 	bl	10005a10 <__wrap_printf>
100007d4:	3401      	adds	r4, #1
100007d6:	e7c1      	b.n	1000075c <i2c_helper_scan+0xe4>
100007d8:	4806      	ldr	r0, [pc, #24]	@ (100007f4 <i2c_helper_scan+0x17c>)
100007da:	f005 f919 	bl	10005a10 <__wrap_printf>
100007de:	e7ef      	b.n	100007c0 <i2c_helper_scan+0x148>
100007e0:	4648      	mov	r0, r9
100007e2:	464d      	mov	r5, r9
100007e4:	f005 f914 	bl	10005a10 <__wrap_printf>
100007e8:	2401      	movs	r4, #1
100007ea:	e7f0      	b.n	100007ce <i2c_helper_scan+0x156>
100007ec:	1000886c 	.word	0x1000886c
100007f0:	1000887c 	.word	0x1000887c
100007f4:	100088b8 	.word	0x100088b8
100007f8:	100088b0 	.word	0x100088b0
100007fc:	100088bc 	.word	0x100088bc
10000800:	100088c0 	.word	0x100088c0

10000804 <i2c_helper_device_present>:
10000804:	2300      	movs	r3, #0
10000806:	220f      	movs	r2, #15
10000808:	b500      	push	{lr}
1000080a:	b085      	sub	sp, #20
1000080c:	9300      	str	r3, [sp, #0]
1000080e:	446a      	add	r2, sp
10000810:	3301      	adds	r3, #1
10000812:	f007 fe37 	bl	10008484 <i2c_read_blocking>
10000816:	43c0      	mvns	r0, r0
10000818:	0fc0      	lsrs	r0, r0, #31
1000081a:	b005      	add	sp, #20
1000081c:	bd00      	pop	{pc}
1000081e:	46c0      	nop			@ (mov r8, r8)

10000820 <lcd_init>:
10000820:	b5f0      	push	{r4, r5, r6, r7, lr}
10000822:	46c6      	mov	lr, r8
10000824:	b500      	push	{lr}
10000826:	0015      	movs	r5, r2
10000828:	466a      	mov	r2, sp
1000082a:	7143      	strb	r3, [r0, #5]
1000082c:	2308      	movs	r3, #8
1000082e:	000e      	movs	r6, r1
10000830:	7e12      	ldrb	r2, [r2, #24]
10000832:	6001      	str	r1, [r0, #0]
10000834:	7105      	strb	r5, [r0, #4]
10000836:	7182      	strb	r2, [r0, #6]
10000838:	71c3      	strb	r3, [r0, #7]
1000083a:	0004      	movs	r4, r0
1000083c:	2032      	movs	r0, #50	@ 0x32
1000083e:	f001 fe5f 	bl	10002500 <sleep_ms>
10000842:	0029      	movs	r1, r5
10000844:	0030      	movs	r0, r6
10000846:	f7ff ffdd 	bl	10000804 <i2c_helper_device_present>
1000084a:	2800      	cmp	r0, #0
1000084c:	d100      	bne.n	10000850 <lcd_init+0x30>
1000084e:	e1b6      	b.n	10000bbe <lcd_init+0x39e>
10000850:	79e2      	ldrb	r2, [r4, #7]
10000852:	7921      	ldrb	r1, [r4, #4]
10000854:	6820      	ldr	r0, [r4, #0]
10000856:	f7ff fef9 	bl	1000064c <i2c_helper_write_byte>
1000085a:	20fa      	movs	r0, #250	@ 0xfa
1000085c:	2530      	movs	r5, #48	@ 0x30
1000085e:	2634      	movs	r6, #52	@ 0x34
10000860:	0080      	lsls	r0, r0, #2
10000862:	f001 fe4d 	bl	10002500 <sleep_ms>
10000866:	79e2      	ldrb	r2, [r4, #7]
10000868:	7921      	ldrb	r1, [r4, #4]
1000086a:	432a      	orrs	r2, r5
1000086c:	b2d2      	uxtb	r2, r2
1000086e:	6820      	ldr	r0, [r4, #0]
10000870:	f7ff feec 	bl	1000064c <i2c_helper_write_byte>
10000874:	79e2      	ldrb	r2, [r4, #7]
10000876:	7921      	ldrb	r1, [r4, #4]
10000878:	4332      	orrs	r2, r6
1000087a:	b2d2      	uxtb	r2, r2
1000087c:	6820      	ldr	r0, [r4, #0]
1000087e:	f7ff fee5 	bl	1000064c <i2c_helper_write_byte>
10000882:	2001      	movs	r0, #1
10000884:	2100      	movs	r1, #0
10000886:	f001 fdc5 	bl	10002414 <sleep_us>
1000088a:	79e2      	ldrb	r2, [r4, #7]
1000088c:	7921      	ldrb	r1, [r4, #4]
1000088e:	432a      	orrs	r2, r5
10000890:	b2d2      	uxtb	r2, r2
10000892:	6820      	ldr	r0, [r4, #0]
10000894:	f7ff feda 	bl	1000064c <i2c_helper_write_byte>
10000898:	2100      	movs	r1, #0
1000089a:	2032      	movs	r0, #50	@ 0x32
1000089c:	f001 fdba 	bl	10002414 <sleep_us>
100008a0:	2005      	movs	r0, #5
100008a2:	f001 fe2d 	bl	10002500 <sleep_ms>
100008a6:	79e2      	ldrb	r2, [r4, #7]
100008a8:	7921      	ldrb	r1, [r4, #4]
100008aa:	432a      	orrs	r2, r5
100008ac:	b2d2      	uxtb	r2, r2
100008ae:	6820      	ldr	r0, [r4, #0]
100008b0:	f7ff fecc 	bl	1000064c <i2c_helper_write_byte>
100008b4:	79e2      	ldrb	r2, [r4, #7]
100008b6:	7921      	ldrb	r1, [r4, #4]
100008b8:	4332      	orrs	r2, r6
100008ba:	b2d2      	uxtb	r2, r2
100008bc:	6820      	ldr	r0, [r4, #0]
100008be:	f7ff fec5 	bl	1000064c <i2c_helper_write_byte>
100008c2:	2001      	movs	r0, #1
100008c4:	2100      	movs	r1, #0
100008c6:	f001 fda5 	bl	10002414 <sleep_us>
100008ca:	79e2      	ldrb	r2, [r4, #7]
100008cc:	7921      	ldrb	r1, [r4, #4]
100008ce:	432a      	orrs	r2, r5
100008d0:	b2d2      	uxtb	r2, r2
100008d2:	6820      	ldr	r0, [r4, #0]
100008d4:	f7ff feba 	bl	1000064c <i2c_helper_write_byte>
100008d8:	2032      	movs	r0, #50	@ 0x32
100008da:	2100      	movs	r1, #0
100008dc:	f001 fd9a 	bl	10002414 <sleep_us>
100008e0:	2096      	movs	r0, #150	@ 0x96
100008e2:	2100      	movs	r1, #0
100008e4:	f001 fd96 	bl	10002414 <sleep_us>
100008e8:	79e2      	ldrb	r2, [r4, #7]
100008ea:	7921      	ldrb	r1, [r4, #4]
100008ec:	432a      	orrs	r2, r5
100008ee:	b2d2      	uxtb	r2, r2
100008f0:	6820      	ldr	r0, [r4, #0]
100008f2:	f7ff feab 	bl	1000064c <i2c_helper_write_byte>
100008f6:	79e2      	ldrb	r2, [r4, #7]
100008f8:	7921      	ldrb	r1, [r4, #4]
100008fa:	4332      	orrs	r2, r6
100008fc:	b2d2      	uxtb	r2, r2
100008fe:	6820      	ldr	r0, [r4, #0]
10000900:	f7ff fea4 	bl	1000064c <i2c_helper_write_byte>
10000904:	2001      	movs	r0, #1
10000906:	2100      	movs	r1, #0
10000908:	f001 fd84 	bl	10002414 <sleep_us>
1000090c:	79e2      	ldrb	r2, [r4, #7]
1000090e:	2724      	movs	r7, #36	@ 0x24
10000910:	432a      	orrs	r2, r5
10000912:	2520      	movs	r5, #32
10000914:	b2d2      	uxtb	r2, r2
10000916:	7921      	ldrb	r1, [r4, #4]
10000918:	6820      	ldr	r0, [r4, #0]
1000091a:	f7ff fe97 	bl	1000064c <i2c_helper_write_byte>
1000091e:	2680      	movs	r6, #128	@ 0x80
10000920:	2032      	movs	r0, #50	@ 0x32
10000922:	2100      	movs	r1, #0
10000924:	f001 fd76 	bl	10002414 <sleep_us>
10000928:	2096      	movs	r0, #150	@ 0x96
1000092a:	2100      	movs	r1, #0
1000092c:	f001 fd72 	bl	10002414 <sleep_us>
10000930:	79e2      	ldrb	r2, [r4, #7]
10000932:	7921      	ldrb	r1, [r4, #4]
10000934:	432a      	orrs	r2, r5
10000936:	b2d2      	uxtb	r2, r2
10000938:	6820      	ldr	r0, [r4, #0]
1000093a:	f7ff fe87 	bl	1000064c <i2c_helper_write_byte>
1000093e:	79e2      	ldrb	r2, [r4, #7]
10000940:	7921      	ldrb	r1, [r4, #4]
10000942:	433a      	orrs	r2, r7
10000944:	b2d2      	uxtb	r2, r2
10000946:	6820      	ldr	r0, [r4, #0]
10000948:	f7ff fe80 	bl	1000064c <i2c_helper_write_byte>
1000094c:	2001      	movs	r0, #1
1000094e:	2100      	movs	r1, #0
10000950:	f001 fd60 	bl	10002414 <sleep_us>
10000954:	79e2      	ldrb	r2, [r4, #7]
10000956:	7921      	ldrb	r1, [r4, #4]
10000958:	432a      	orrs	r2, r5
1000095a:	b2d2      	uxtb	r2, r2
1000095c:	6820      	ldr	r0, [r4, #0]
1000095e:	f7ff fe75 	bl	1000064c <i2c_helper_write_byte>
10000962:	2032      	movs	r0, #50	@ 0x32
10000964:	2100      	movs	r1, #0
10000966:	f001 fd55 	bl	10002414 <sleep_us>
1000096a:	2096      	movs	r0, #150	@ 0x96
1000096c:	2100      	movs	r1, #0
1000096e:	f001 fd51 	bl	10002414 <sleep_us>
10000972:	79e2      	ldrb	r2, [r4, #7]
10000974:	7921      	ldrb	r1, [r4, #4]
10000976:	432a      	orrs	r2, r5
10000978:	b2d2      	uxtb	r2, r2
1000097a:	6820      	ldr	r0, [r4, #0]
1000097c:	f7ff fe66 	bl	1000064c <i2c_helper_write_byte>
10000980:	79e2      	ldrb	r2, [r4, #7]
10000982:	7921      	ldrb	r1, [r4, #4]
10000984:	433a      	orrs	r2, r7
10000986:	b2d2      	uxtb	r2, r2
10000988:	6820      	ldr	r0, [r4, #0]
1000098a:	f7ff fe5f 	bl	1000064c <i2c_helper_write_byte>
1000098e:	2001      	movs	r0, #1
10000990:	2100      	movs	r1, #0
10000992:	f001 fd3f 	bl	10002414 <sleep_us>
10000996:	79e2      	ldrb	r2, [r4, #7]
10000998:	7921      	ldrb	r1, [r4, #4]
1000099a:	432a      	orrs	r2, r5
1000099c:	b2d2      	uxtb	r2, r2
1000099e:	6820      	ldr	r0, [r4, #0]
100009a0:	f7ff fe54 	bl	1000064c <i2c_helper_write_byte>
100009a4:	2032      	movs	r0, #50	@ 0x32
100009a6:	2100      	movs	r1, #0
100009a8:	f001 fd34 	bl	10002414 <sleep_us>
100009ac:	79e2      	ldrb	r2, [r4, #7]
100009ae:	4276      	negs	r6, r6
100009b0:	4332      	orrs	r2, r6
100009b2:	7921      	ldrb	r1, [r4, #4]
100009b4:	b2d2      	uxtb	r2, r2
100009b6:	6820      	ldr	r0, [r4, #0]
100009b8:	f7ff fe48 	bl	1000064c <i2c_helper_write_byte>
100009bc:	2384      	movs	r3, #132	@ 0x84
100009be:	79e2      	ldrb	r2, [r4, #7]
100009c0:	7921      	ldrb	r1, [r4, #4]
100009c2:	431a      	orrs	r2, r3
100009c4:	6820      	ldr	r0, [r4, #0]
100009c6:	f7ff fe41 	bl	1000064c <i2c_helper_write_byte>
100009ca:	2001      	movs	r0, #1
100009cc:	2100      	movs	r1, #0
100009ce:	f001 fd21 	bl	10002414 <sleep_us>
100009d2:	79e3      	ldrb	r3, [r4, #7]
100009d4:	7921      	ldrb	r1, [r4, #4]
100009d6:	431e      	orrs	r6, r3
100009d8:	b2f2      	uxtb	r2, r6
100009da:	6820      	ldr	r0, [r4, #0]
100009dc:	f7ff fe36 	bl	1000064c <i2c_helper_write_byte>
100009e0:	2032      	movs	r0, #50	@ 0x32
100009e2:	2100      	movs	r1, #0
100009e4:	f001 fd16 	bl	10002414 <sleep_us>
100009e8:	79e2      	ldrb	r2, [r4, #7]
100009ea:	7921      	ldrb	r1, [r4, #4]
100009ec:	6820      	ldr	r0, [r4, #0]
100009ee:	f7ff fe2d 	bl	1000064c <i2c_helper_write_byte>
100009f2:	2304      	movs	r3, #4
100009f4:	4698      	mov	r8, r3
100009f6:	4643      	mov	r3, r8
100009f8:	2640      	movs	r6, #64	@ 0x40
100009fa:	79e2      	ldrb	r2, [r4, #7]
100009fc:	7921      	ldrb	r1, [r4, #4]
100009fe:	431a      	orrs	r2, r3
10000a00:	b2d2      	uxtb	r2, r2
10000a02:	6820      	ldr	r0, [r4, #0]
10000a04:	f7ff fe22 	bl	1000064c <i2c_helper_write_byte>
10000a08:	2001      	movs	r0, #1
10000a0a:	2100      	movs	r1, #0
10000a0c:	f001 fd02 	bl	10002414 <sleep_us>
10000a10:	79e2      	ldrb	r2, [r4, #7]
10000a12:	7921      	ldrb	r1, [r4, #4]
10000a14:	6820      	ldr	r0, [r4, #0]
10000a16:	f7ff fe19 	bl	1000064c <i2c_helper_write_byte>
10000a1a:	2032      	movs	r0, #50	@ 0x32
10000a1c:	2100      	movs	r1, #0
10000a1e:	f001 fcf9 	bl	10002414 <sleep_us>
10000a22:	79e2      	ldrb	r2, [r4, #7]
10000a24:	4276      	negs	r6, r6
10000a26:	4332      	orrs	r2, r6
10000a28:	7921      	ldrb	r1, [r4, #4]
10000a2a:	b2d2      	uxtb	r2, r2
10000a2c:	6820      	ldr	r0, [r4, #0]
10000a2e:	f7ff fe0d 	bl	1000064c <i2c_helper_write_byte>
10000a32:	23c4      	movs	r3, #196	@ 0xc4
10000a34:	79e2      	ldrb	r2, [r4, #7]
10000a36:	7921      	ldrb	r1, [r4, #4]
10000a38:	431a      	orrs	r2, r3
10000a3a:	6820      	ldr	r0, [r4, #0]
10000a3c:	f7ff fe06 	bl	1000064c <i2c_helper_write_byte>
10000a40:	2001      	movs	r0, #1
10000a42:	2100      	movs	r1, #0
10000a44:	f001 fce6 	bl	10002414 <sleep_us>
10000a48:	79e3      	ldrb	r3, [r4, #7]
10000a4a:	7921      	ldrb	r1, [r4, #4]
10000a4c:	431e      	orrs	r6, r3
10000a4e:	b2f2      	uxtb	r2, r6
10000a50:	6820      	ldr	r0, [r4, #0]
10000a52:	f7ff fdfb 	bl	1000064c <i2c_helper_write_byte>
10000a56:	2032      	movs	r0, #50	@ 0x32
10000a58:	2100      	movs	r1, #0
10000a5a:	f001 fcdb 	bl	10002414 <sleep_us>
10000a5e:	79e2      	ldrb	r2, [r4, #7]
10000a60:	7921      	ldrb	r1, [r4, #4]
10000a62:	6820      	ldr	r0, [r4, #0]
10000a64:	f7ff fdf2 	bl	1000064c <i2c_helper_write_byte>
10000a68:	4643      	mov	r3, r8
10000a6a:	2610      	movs	r6, #16
10000a6c:	79e2      	ldrb	r2, [r4, #7]
10000a6e:	7921      	ldrb	r1, [r4, #4]
10000a70:	431a      	orrs	r2, r3
10000a72:	b2d2      	uxtb	r2, r2
10000a74:	6820      	ldr	r0, [r4, #0]
10000a76:	f7ff fde9 	bl	1000064c <i2c_helper_write_byte>
10000a7a:	2001      	movs	r0, #1
10000a7c:	2100      	movs	r1, #0
10000a7e:	f001 fcc9 	bl	10002414 <sleep_us>
10000a82:	79e2      	ldrb	r2, [r4, #7]
10000a84:	7921      	ldrb	r1, [r4, #4]
10000a86:	6820      	ldr	r0, [r4, #0]
10000a88:	f7ff fde0 	bl	1000064c <i2c_helper_write_byte>
10000a8c:	2032      	movs	r0, #50	@ 0x32
10000a8e:	2100      	movs	r1, #0
10000a90:	f001 fcc0 	bl	10002414 <sleep_us>
10000a94:	79e2      	ldrb	r2, [r4, #7]
10000a96:	7921      	ldrb	r1, [r4, #4]
10000a98:	4332      	orrs	r2, r6
10000a9a:	b2d2      	uxtb	r2, r2
10000a9c:	6820      	ldr	r0, [r4, #0]
10000a9e:	f7ff fdd5 	bl	1000064c <i2c_helper_write_byte>
10000aa2:	2314      	movs	r3, #20
10000aa4:	79e2      	ldrb	r2, [r4, #7]
10000aa6:	7921      	ldrb	r1, [r4, #4]
10000aa8:	431a      	orrs	r2, r3
10000aaa:	6820      	ldr	r0, [r4, #0]
10000aac:	f7ff fdce 	bl	1000064c <i2c_helper_write_byte>
10000ab0:	2001      	movs	r0, #1
10000ab2:	2100      	movs	r1, #0
10000ab4:	f001 fcae 	bl	10002414 <sleep_us>
10000ab8:	79e2      	ldrb	r2, [r4, #7]
10000aba:	7921      	ldrb	r1, [r4, #4]
10000abc:	4332      	orrs	r2, r6
10000abe:	b2d2      	uxtb	r2, r2
10000ac0:	6820      	ldr	r0, [r4, #0]
10000ac2:	f7ff fdc3 	bl	1000064c <i2c_helper_write_byte>
10000ac6:	2100      	movs	r1, #0
10000ac8:	2032      	movs	r0, #50	@ 0x32
10000aca:	f001 fca3 	bl	10002414 <sleep_us>
10000ace:	2002      	movs	r0, #2
10000ad0:	f001 fd16 	bl	10002500 <sleep_ms>
10000ad4:	79e2      	ldrb	r2, [r4, #7]
10000ad6:	7921      	ldrb	r1, [r4, #4]
10000ad8:	6820      	ldr	r0, [r4, #0]
10000ada:	f7ff fdb7 	bl	1000064c <i2c_helper_write_byte>
10000ade:	4643      	mov	r3, r8
10000ae0:	2660      	movs	r6, #96	@ 0x60
10000ae2:	79e2      	ldrb	r2, [r4, #7]
10000ae4:	7921      	ldrb	r1, [r4, #4]
10000ae6:	431a      	orrs	r2, r3
10000ae8:	b2d2      	uxtb	r2, r2
10000aea:	6820      	ldr	r0, [r4, #0]
10000aec:	f7ff fdae 	bl	1000064c <i2c_helper_write_byte>
10000af0:	2001      	movs	r0, #1
10000af2:	2100      	movs	r1, #0
10000af4:	f001 fc8e 	bl	10002414 <sleep_us>
10000af8:	79e2      	ldrb	r2, [r4, #7]
10000afa:	7921      	ldrb	r1, [r4, #4]
10000afc:	6820      	ldr	r0, [r4, #0]
10000afe:	f7ff fda5 	bl	1000064c <i2c_helper_write_byte>
10000b02:	2032      	movs	r0, #50	@ 0x32
10000b04:	2100      	movs	r1, #0
10000b06:	f001 fc85 	bl	10002414 <sleep_us>
10000b0a:	79e2      	ldrb	r2, [r4, #7]
10000b0c:	7921      	ldrb	r1, [r4, #4]
10000b0e:	4332      	orrs	r2, r6
10000b10:	b2d2      	uxtb	r2, r2
10000b12:	6820      	ldr	r0, [r4, #0]
10000b14:	f7ff fd9a 	bl	1000064c <i2c_helper_write_byte>
10000b18:	2364      	movs	r3, #100	@ 0x64
10000b1a:	79e2      	ldrb	r2, [r4, #7]
10000b1c:	7921      	ldrb	r1, [r4, #4]
10000b1e:	431a      	orrs	r2, r3
10000b20:	6820      	ldr	r0, [r4, #0]
10000b22:	f7ff fd93 	bl	1000064c <i2c_helper_write_byte>
10000b26:	2001      	movs	r0, #1
10000b28:	2100      	movs	r1, #0
10000b2a:	f001 fc73 	bl	10002414 <sleep_us>
10000b2e:	79e2      	ldrb	r2, [r4, #7]
10000b30:	7921      	ldrb	r1, [r4, #4]
10000b32:	4332      	orrs	r2, r6
10000b34:	b2d2      	uxtb	r2, r2
10000b36:	6820      	ldr	r0, [r4, #0]
10000b38:	f7ff fd88 	bl	1000064c <i2c_helper_write_byte>
10000b3c:	2032      	movs	r0, #50	@ 0x32
10000b3e:	2100      	movs	r1, #0
10000b40:	f001 fc68 	bl	10002414 <sleep_us>
10000b44:	79e2      	ldrb	r2, [r4, #7]
10000b46:	7921      	ldrb	r1, [r4, #4]
10000b48:	6820      	ldr	r0, [r4, #0]
10000b4a:	f7ff fd7f 	bl	1000064c <i2c_helper_write_byte>
10000b4e:	4643      	mov	r3, r8
10000b50:	79e2      	ldrb	r2, [r4, #7]
10000b52:	7921      	ldrb	r1, [r4, #4]
10000b54:	431a      	orrs	r2, r3
10000b56:	b2d2      	uxtb	r2, r2
10000b58:	6820      	ldr	r0, [r4, #0]
10000b5a:	f7ff fd77 	bl	1000064c <i2c_helper_write_byte>
10000b5e:	2001      	movs	r0, #1
10000b60:	2100      	movs	r1, #0
10000b62:	f001 fc57 	bl	10002414 <sleep_us>
10000b66:	79e2      	ldrb	r2, [r4, #7]
10000b68:	7921      	ldrb	r1, [r4, #4]
10000b6a:	6820      	ldr	r0, [r4, #0]
10000b6c:	f7ff fd6e 	bl	1000064c <i2c_helper_write_byte>
10000b70:	2032      	movs	r0, #50	@ 0x32
10000b72:	2100      	movs	r1, #0
10000b74:	f001 fc4e 	bl	10002414 <sleep_us>
10000b78:	79e2      	ldrb	r2, [r4, #7]
10000b7a:	7921      	ldrb	r1, [r4, #4]
10000b7c:	432a      	orrs	r2, r5
10000b7e:	b2d2      	uxtb	r2, r2
10000b80:	6820      	ldr	r0, [r4, #0]
10000b82:	f7ff fd63 	bl	1000064c <i2c_helper_write_byte>
10000b86:	79e2      	ldrb	r2, [r4, #7]
10000b88:	7921      	ldrb	r1, [r4, #4]
10000b8a:	433a      	orrs	r2, r7
10000b8c:	b2d2      	uxtb	r2, r2
10000b8e:	6820      	ldr	r0, [r4, #0]
10000b90:	f7ff fd5c 	bl	1000064c <i2c_helper_write_byte>
10000b94:	2001      	movs	r0, #1
10000b96:	2100      	movs	r1, #0
10000b98:	f001 fc3c 	bl	10002414 <sleep_us>
10000b9c:	79e2      	ldrb	r2, [r4, #7]
10000b9e:	7921      	ldrb	r1, [r4, #4]
10000ba0:	432a      	orrs	r2, r5
10000ba2:	b2d2      	uxtb	r2, r2
10000ba4:	6820      	ldr	r0, [r4, #0]
10000ba6:	f7ff fd51 	bl	1000064c <i2c_helper_write_byte>
10000baa:	2100      	movs	r1, #0
10000bac:	2032      	movs	r0, #50	@ 0x32
10000bae:	f001 fc31 	bl	10002414 <sleep_us>
10000bb2:	2002      	movs	r0, #2
10000bb4:	f001 fca4 	bl	10002500 <sleep_ms>
10000bb8:	bc80      	pop	{r7}
10000bba:	46b8      	mov	r8, r7
10000bbc:	bdf0      	pop	{r4, r5, r6, r7, pc}
10000bbe:	0029      	movs	r1, r5
10000bc0:	4801      	ldr	r0, [pc, #4]	@ (10000bc8 <lcd_init+0x3a8>)
10000bc2:	f004 ff25 	bl	10005a10 <__wrap_printf>
10000bc6:	e643      	b.n	10000850 <lcd_init+0x30>
10000bc8:	100088d8 	.word	0x100088d8

10000bcc <lcd_clear>:
10000bcc:	b570      	push	{r4, r5, r6, lr}
10000bce:	0004      	movs	r4, r0
10000bd0:	79c2      	ldrb	r2, [r0, #7]
10000bd2:	7901      	ldrb	r1, [r0, #4]
10000bd4:	6800      	ldr	r0, [r0, #0]
10000bd6:	f7ff fd39 	bl	1000064c <i2c_helper_write_byte>
10000bda:	2304      	movs	r3, #4
10000bdc:	2510      	movs	r5, #16
10000bde:	79e2      	ldrb	r2, [r4, #7]
10000be0:	7921      	ldrb	r1, [r4, #4]
10000be2:	431a      	orrs	r2, r3
10000be4:	6820      	ldr	r0, [r4, #0]
10000be6:	f7ff fd31 	bl	1000064c <i2c_helper_write_byte>
10000bea:	2001      	movs	r0, #1
10000bec:	2100      	movs	r1, #0
10000bee:	f001 fc11 	bl	10002414 <sleep_us>
10000bf2:	79e2      	ldrb	r2, [r4, #7]
10000bf4:	7921      	ldrb	r1, [r4, #4]
10000bf6:	6820      	ldr	r0, [r4, #0]
10000bf8:	f7ff fd28 	bl	1000064c <i2c_helper_write_byte>
10000bfc:	2032      	movs	r0, #50	@ 0x32
10000bfe:	2100      	movs	r1, #0
10000c00:	f001 fc08 	bl	10002414 <sleep_us>
10000c04:	79e2      	ldrb	r2, [r4, #7]
10000c06:	7921      	ldrb	r1, [r4, #4]
10000c08:	432a      	orrs	r2, r5
10000c0a:	6820      	ldr	r0, [r4, #0]
10000c0c:	b2d2      	uxtb	r2, r2
10000c0e:	f7ff fd1d 	bl	1000064c <i2c_helper_write_byte>
10000c12:	2314      	movs	r3, #20
10000c14:	79e2      	ldrb	r2, [r4, #7]
10000c16:	7921      	ldrb	r1, [r4, #4]
10000c18:	431a      	orrs	r2, r3
10000c1a:	6820      	ldr	r0, [r4, #0]
10000c1c:	f7ff fd16 	bl	1000064c <i2c_helper_write_byte>
10000c20:	2001      	movs	r0, #1
10000c22:	2100      	movs	r1, #0
10000c24:	f001 fbf6 	bl	10002414 <sleep_us>
10000c28:	79e2      	ldrb	r2, [r4, #7]
10000c2a:	7921      	ldrb	r1, [r4, #4]
10000c2c:	432a      	orrs	r2, r5
10000c2e:	b2d2      	uxtb	r2, r2
10000c30:	6820      	ldr	r0, [r4, #0]
10000c32:	f7ff fd0b 	bl	1000064c <i2c_helper_write_byte>
10000c36:	2100      	movs	r1, #0
10000c38:	2032      	movs	r0, #50	@ 0x32
10000c3a:	f001 fbeb 	bl	10002414 <sleep_us>
10000c3e:	2002      	movs	r0, #2
10000c40:	f001 fc5e 	bl	10002500 <sleep_ms>
10000c44:	bd70      	pop	{r4, r5, r6, pc}
10000c46:	46c0      	nop			@ (mov r8, r8)

10000c48 <lcd_set_cursor>:
10000c48:	b5f0      	push	{r4, r5, r6, r7, lr}
10000c4a:	4b27      	ldr	r3, [pc, #156]	@ (10000ce8 <lcd_set_cursor+0xa0>)
10000c4c:	b083      	sub	sp, #12
10000c4e:	9301      	str	r3, [sp, #4]
10000c50:	7983      	ldrb	r3, [r0, #6]
10000c52:	0004      	movs	r4, r0
10000c54:	4293      	cmp	r3, r2
10000c56:	d801      	bhi.n	10000c5c <lcd_set_cursor+0x14>
10000c58:	3b01      	subs	r3, #1
10000c5a:	b2da      	uxtb	r2, r3
10000c5c:	ab01      	add	r3, sp, #4
10000c5e:	5c9d      	ldrb	r5, [r3, r2]
10000c60:	230f      	movs	r3, #15
10000c62:	194d      	adds	r5, r1, r5
10000c64:	b2ed      	uxtb	r5, r5
10000c66:	002f      	movs	r7, r5
10000c68:	2680      	movs	r6, #128	@ 0x80
10000c6a:	439f      	bics	r7, r3
10000c6c:	79e2      	ldrb	r2, [r4, #7]
10000c6e:	433e      	orrs	r6, r7
10000c70:	7921      	ldrb	r1, [r4, #4]
10000c72:	4332      	orrs	r2, r6
10000c74:	6820      	ldr	r0, [r4, #0]
10000c76:	f7ff fce9 	bl	1000064c <i2c_helper_write_byte>
10000c7a:	2384      	movs	r3, #132	@ 0x84
10000c7c:	79e2      	ldrb	r2, [r4, #7]
10000c7e:	7921      	ldrb	r1, [r4, #4]
10000c80:	433a      	orrs	r2, r7
10000c82:	431a      	orrs	r2, r3
10000c84:	6820      	ldr	r0, [r4, #0]
10000c86:	f7ff fce1 	bl	1000064c <i2c_helper_write_byte>
10000c8a:	2001      	movs	r0, #1
10000c8c:	2100      	movs	r1, #0
10000c8e:	f001 fbc1 	bl	10002414 <sleep_us>
10000c92:	79e2      	ldrb	r2, [r4, #7]
10000c94:	7921      	ldrb	r1, [r4, #4]
10000c96:	4332      	orrs	r2, r6
10000c98:	6820      	ldr	r0, [r4, #0]
10000c9a:	f7ff fcd7 	bl	1000064c <i2c_helper_write_byte>
10000c9e:	2032      	movs	r0, #50	@ 0x32
10000ca0:	2100      	movs	r1, #0
10000ca2:	f001 fbb7 	bl	10002414 <sleep_us>
10000ca6:	012d      	lsls	r5, r5, #4
10000ca8:	79e2      	ldrb	r2, [r4, #7]
10000caa:	b2ed      	uxtb	r5, r5
10000cac:	7921      	ldrb	r1, [r4, #4]
10000cae:	432a      	orrs	r2, r5
10000cb0:	6820      	ldr	r0, [r4, #0]
10000cb2:	f7ff fccb 	bl	1000064c <i2c_helper_write_byte>
10000cb6:	2304      	movs	r3, #4
10000cb8:	79e2      	ldrb	r2, [r4, #7]
10000cba:	7921      	ldrb	r1, [r4, #4]
10000cbc:	432a      	orrs	r2, r5
10000cbe:	431a      	orrs	r2, r3
10000cc0:	6820      	ldr	r0, [r4, #0]
10000cc2:	f7ff fcc3 	bl	1000064c <i2c_helper_write_byte>
10000cc6:	2001      	movs	r0, #1
10000cc8:	2100      	movs	r1, #0
10000cca:	f001 fba3 	bl	10002414 <sleep_us>
10000cce:	79e2      	ldrb	r2, [r4, #7]
10000cd0:	7921      	ldrb	r1, [r4, #4]
10000cd2:	432a      	orrs	r2, r5
10000cd4:	6820      	ldr	r0, [r4, #0]
10000cd6:	f7ff fcb9 	bl	1000064c <i2c_helper_write_byte>
10000cda:	2032      	movs	r0, #50	@ 0x32
10000cdc:	2100      	movs	r1, #0
10000cde:	f001 fb99 	bl	10002414 <sleep_us>
10000ce2:	b003      	add	sp, #12
10000ce4:	bdf0      	pop	{r4, r5, r6, r7, pc}
10000ce6:	46c0      	nop			@ (mov r8, r8)
10000ce8:	54144000 	.word	0x54144000

10000cec <lcd_print>:
10000cec:	b5f8      	push	{r3, r4, r5, r6, r7, lr}
10000cee:	4657      	mov	r7, sl
10000cf0:	4645      	mov	r5, r8
10000cf2:	46de      	mov	lr, fp
10000cf4:	464e      	mov	r6, r9
10000cf6:	b5e0      	push	{r5, r6, r7, lr}
10000cf8:	780d      	ldrb	r5, [r1, #0]
10000cfa:	0004      	movs	r4, r0
10000cfc:	000f      	movs	r7, r1
10000cfe:	2d00      	cmp	r5, #0
10000d00:	d050      	beq.n	10000da4 <lcd_print+0xb8>
10000d02:	230f      	movs	r3, #15
10000d04:	469a      	mov	sl, r3
10000d06:	2301      	movs	r3, #1
10000d08:	4699      	mov	r9, r3
10000d0a:	2305      	movs	r3, #5
10000d0c:	4698      	mov	r8, r3
10000d0e:	002e      	movs	r6, r5
10000d10:	4653      	mov	r3, sl
10000d12:	464a      	mov	r2, r9
10000d14:	439e      	bics	r6, r3
10000d16:	4332      	orrs	r2, r6
10000d18:	b2d3      	uxtb	r3, r2
10000d1a:	79e2      	ldrb	r2, [r4, #7]
10000d1c:	7921      	ldrb	r1, [r4, #4]
10000d1e:	431a      	orrs	r2, r3
10000d20:	6820      	ldr	r0, [r4, #0]
10000d22:	469b      	mov	fp, r3
10000d24:	f7ff fc92 	bl	1000064c <i2c_helper_write_byte>
10000d28:	79e3      	ldrb	r3, [r4, #7]
10000d2a:	7921      	ldrb	r1, [r4, #4]
10000d2c:	431e      	orrs	r6, r3
10000d2e:	4643      	mov	r3, r8
10000d30:	431e      	orrs	r6, r3
10000d32:	b2f2      	uxtb	r2, r6
10000d34:	6820      	ldr	r0, [r4, #0]
10000d36:	f7ff fc89 	bl	1000064c <i2c_helper_write_byte>
10000d3a:	2001      	movs	r0, #1
10000d3c:	2100      	movs	r1, #0
10000d3e:	f001 fb69 	bl	10002414 <sleep_us>
10000d42:	465b      	mov	r3, fp
10000d44:	464e      	mov	r6, r9
10000d46:	79e2      	ldrb	r2, [r4, #7]
10000d48:	7921      	ldrb	r1, [r4, #4]
10000d4a:	431a      	orrs	r2, r3
10000d4c:	6820      	ldr	r0, [r4, #0]
10000d4e:	012d      	lsls	r5, r5, #4
10000d50:	f7ff fc7c 	bl	1000064c <i2c_helper_write_byte>
10000d54:	b2ed      	uxtb	r5, r5
10000d56:	2032      	movs	r0, #50	@ 0x32
10000d58:	2100      	movs	r1, #0
10000d5a:	f001 fb5b 	bl	10002414 <sleep_us>
10000d5e:	432e      	orrs	r6, r5
10000d60:	79e2      	ldrb	r2, [r4, #7]
10000d62:	b2f6      	uxtb	r6, r6
10000d64:	7921      	ldrb	r1, [r4, #4]
10000d66:	4332      	orrs	r2, r6
10000d68:	6820      	ldr	r0, [r4, #0]
10000d6a:	f7ff fc6f 	bl	1000064c <i2c_helper_write_byte>
10000d6e:	79e3      	ldrb	r3, [r4, #7]
10000d70:	7921      	ldrb	r1, [r4, #4]
10000d72:	431d      	orrs	r5, r3
10000d74:	4643      	mov	r3, r8
10000d76:	431d      	orrs	r5, r3
10000d78:	b2ea      	uxtb	r2, r5
10000d7a:	6820      	ldr	r0, [r4, #0]
10000d7c:	f7ff fc66 	bl	1000064c <i2c_helper_write_byte>
10000d80:	2001      	movs	r0, #1
10000d82:	2100      	movs	r1, #0
10000d84:	f001 fb46 	bl	10002414 <sleep_us>
10000d88:	79e2      	ldrb	r2, [r4, #7]
10000d8a:	7921      	ldrb	r1, [r4, #4]
10000d8c:	4332      	orrs	r2, r6
10000d8e:	6820      	ldr	r0, [r4, #0]
10000d90:	f7ff fc5c 	bl	1000064c <i2c_helper_write_byte>
10000d94:	3701      	adds	r7, #1
10000d96:	2032      	movs	r0, #50	@ 0x32
10000d98:	2100      	movs	r1, #0
10000d9a:	f001 fb3b 	bl	10002414 <sleep_us>
10000d9e:	783d      	ldrb	r5, [r7, #0]
10000da0:	2d00      	cmp	r5, #0
10000da2:	d1b4      	bne.n	10000d0e <lcd_print+0x22>
10000da4:	bcf0      	pop	{r4, r5, r6, r7}
10000da6:	46bb      	mov	fp, r7
10000da8:	46b2      	mov	sl, r6
10000daa:	46a9      	mov	r9, r5
10000dac:	46a0      	mov	r8, r4
10000dae:	bdf8      	pop	{r3, r4, r5, r6, r7, pc}

10000db0 <lcd_print_int>:
10000db0:	b5f0      	push	{r4, r5, r6, r7, lr}
10000db2:	46de      	mov	lr, fp
10000db4:	4657      	mov	r7, sl
10000db6:	4645      	mov	r5, r8
10000db8:	464e      	mov	r6, r9
10000dba:	b5e0      	push	{r5, r6, r7, lr}
10000dbc:	b085      	sub	sp, #20
10000dbe:	466f      	mov	r7, sp
10000dc0:	000b      	movs	r3, r1
10000dc2:	0004      	movs	r4, r0
10000dc4:	2110      	movs	r1, #16
10000dc6:	4668      	mov	r0, sp
10000dc8:	4a2e      	ldr	r2, [pc, #184]	@ (10000e84 <lcd_print_int+0xd4>)
10000dca:	f004 fbcd 	bl	10005568 <__wrap_snprintf>
10000dce:	783d      	ldrb	r5, [r7, #0]
10000dd0:	2d00      	cmp	r5, #0
10000dd2:	d050      	beq.n	10000e76 <lcd_print_int+0xc6>
10000dd4:	230f      	movs	r3, #15
10000dd6:	469a      	mov	sl, r3
10000dd8:	2301      	movs	r3, #1
10000dda:	4699      	mov	r9, r3
10000ddc:	2305      	movs	r3, #5
10000dde:	4698      	mov	r8, r3
10000de0:	002e      	movs	r6, r5
10000de2:	4653      	mov	r3, sl
10000de4:	464a      	mov	r2, r9
10000de6:	439e      	bics	r6, r3
10000de8:	4332      	orrs	r2, r6
10000dea:	b2d3      	uxtb	r3, r2
10000dec:	79e2      	ldrb	r2, [r4, #7]
10000dee:	7921      	ldrb	r1, [r4, #4]
10000df0:	431a      	orrs	r2, r3
10000df2:	6820      	ldr	r0, [r4, #0]
10000df4:	469b      	mov	fp, r3
10000df6:	f7ff fc29 	bl	1000064c <i2c_helper_write_byte>
10000dfa:	79e3      	ldrb	r3, [r4, #7]
10000dfc:	7921      	ldrb	r1, [r4, #4]
10000dfe:	431e      	orrs	r6, r3
10000e00:	4643      	mov	r3, r8
10000e02:	431e      	orrs	r6, r3
10000e04:	b2f2      	uxtb	r2, r6
10000e06:	6820      	ldr	r0, [r4, #0]
10000e08:	f7ff fc20 	bl	1000064c <i2c_helper_write_byte>
10000e0c:	2001      	movs	r0, #1
10000e0e:	2100      	movs	r1, #0
10000e10:	f001 fb00 	bl	10002414 <sleep_us>
10000e14:	465b      	mov	r3, fp
10000e16:	464e      	mov	r6, r9
10000e18:	79e2      	ldrb	r2, [r4, #7]
10000e1a:	7921      	ldrb	r1, [r4, #4]
10000e1c:	431a      	orrs	r2, r3
10000e1e:	6820      	ldr	r0, [r4, #0]
10000e20:	012d      	lsls	r5, r5, #4
10000e22:	f7ff fc13 	bl	1000064c <i2c_helper_write_byte>
10000e26:	b2ed      	uxtb	r5, r5
10000e28:	2032      	movs	r0, #50	@ 0x32
10000e2a:	2100      	movs	r1, #0
10000e2c:	f001 faf2 	bl	10002414 <sleep_us>
10000e30:	432e      	orrs	r6, r5
10000e32:	79e2      	ldrb	r2, [r4, #7]
10000e34:	b2f6      	uxtb	r6, r6
10000e36:	7921      	ldrb	r1, [r4, #4]
10000e38:	4332      	orrs	r2, r6
10000e3a:	6820      	ldr	r0, [r4, #0]
10000e3c:	f7ff fc06 	bl	1000064c <i2c_helper_write_byte>
10000e40:	79e3      	ldrb	r3, [r4, #7]
10000e42:	7921      	ldrb	r1, [r4, #4]
10000e44:	431d      	orrs	r5, r3
10000e46:	4643      	mov	r3, r8
10000e48:	431d      	orrs	r5, r3
10000e4a:	b2ea      	uxtb	r2, r5
10000e4c:	6820      	ldr	r0, [r4, #0]
10000e4e:	f7ff fbfd 	bl	1000064c <i2c_helper_write_byte>
10000e52:	2001      	movs	r0, #1
10000e54:	2100      	movs	r1, #0
10000e56:	f001 fadd 	bl	10002414 <sleep_us>
10000e5a:	79e2      	ldrb	r2, [r4, #7]
10000e5c:	7921      	ldrb	r1, [r4, #4]
10000e5e:	4332      	orrs	r2, r6
10000e60:	6820      	ldr	r0, [r4, #0]
10000e62:	f7ff fbf3 	bl	1000064c <i2c_helper_write_byte>
10000e66:	3701      	adds	r7, #1
10000e68:	2032      	movs	r0, #50	@ 0x32
10000e6a:	2100      	movs	r1, #0
10000e6c:	f001 fad2 	bl	10002414 <sleep_us>
10000e70:	783d      	ldrb	r5, [r7, #0]
10000e72:	2d00      	cmp	r5, #0
10000e74:	d1b4      	bne.n	10000de0 <lcd_print_int+0x30>
10000e76:	b005      	add	sp, #20
10000e78:	bcf0      	pop	{r4, r5, r6, r7}
10000e7a:	46bb      	mov	fp, r7
10000e7c:	46b2      	mov	sl, r6
10000e7e:	46a9      	mov	r9, r5
10000e80:	46a0      	mov	r8, r4
10000e82:	bdf0      	pop	{r4, r5, r6, r7, pc}
10000e84:	10008904 	.word	0x10008904

10000e88 <lcd_print_float>:
10000e88:	b5f0      	push	{r4, r5, r6, r7, lr}
10000e8a:	46de      	mov	lr, fp
10000e8c:	4657      	mov	r7, sl
10000e8e:	4645      	mov	r5, r8
10000e90:	464e      	mov	r6, r9
10000e92:	b5e0      	push	{r5, r6, r7, lr}
10000e94:	1c0d      	adds	r5, r1, #0
10000e96:	4937      	ldr	r1, [pc, #220]	@ (10000f74 <lcd_print_float+0xec>)
10000e98:	b089      	sub	sp, #36	@ 0x24
10000e9a:	0013      	movs	r3, r2
10000e9c:	0004      	movs	r4, r0
10000e9e:	000a      	movs	r2, r1
10000ea0:	a802      	add	r0, sp, #8
10000ea2:	2108      	movs	r1, #8
10000ea4:	f004 fb60 	bl	10005568 <__wrap_snprintf>
10000ea8:	1c28      	adds	r0, r5, #0
10000eaa:	f002 fe69 	bl	10003b80 <__wrap___aeabi_f2d>
10000eae:	af04      	add	r7, sp, #16
10000eb0:	9000      	str	r0, [sp, #0]
10000eb2:	9101      	str	r1, [sp, #4]
10000eb4:	aa02      	add	r2, sp, #8
10000eb6:	2110      	movs	r1, #16
10000eb8:	0038      	movs	r0, r7
10000eba:	f004 fb55 	bl	10005568 <__wrap_snprintf>
10000ebe:	783d      	ldrb	r5, [r7, #0]
10000ec0:	2d00      	cmp	r5, #0
10000ec2:	d050      	beq.n	10000f66 <lcd_print_float+0xde>
10000ec4:	230f      	movs	r3, #15
10000ec6:	469a      	mov	sl, r3
10000ec8:	2301      	movs	r3, #1
10000eca:	4699      	mov	r9, r3
10000ecc:	2305      	movs	r3, #5
10000ece:	4698      	mov	r8, r3
10000ed0:	002e      	movs	r6, r5
10000ed2:	4653      	mov	r3, sl
10000ed4:	464a      	mov	r2, r9
10000ed6:	439e      	bics	r6, r3
10000ed8:	4332      	orrs	r2, r6
10000eda:	b2d3      	uxtb	r3, r2
10000edc:	79e2      	ldrb	r2, [r4, #7]
10000ede:	7921      	ldrb	r1, [r4, #4]
10000ee0:	431a      	orrs	r2, r3
10000ee2:	6820      	ldr	r0, [r4, #0]
10000ee4:	469b      	mov	fp, r3
10000ee6:	f7ff fbb1 	bl	1000064c <i2c_helper_write_byte>
10000eea:	79e3      	ldrb	r3, [r4, #7]
10000eec:	7921      	ldrb	r1, [r4, #4]
10000eee:	431e      	orrs	r6, r3
10000ef0:	4643      	mov	r3, r8
10000ef2:	431e      	orrs	r6, r3
10000ef4:	b2f2      	uxtb	r2, r6
10000ef6:	6820      	ldr	r0, [r4, #0]
10000ef8:	f7ff fba8 	bl	1000064c <i2c_helper_write_byte>
10000efc:	2001      	movs	r0, #1
10000efe:	2100      	movs	r1, #0
10000f00:	f001 fa88 	bl	10002414 <sleep_us>
10000f04:	465b      	mov	r3, fp
10000f06:	464e      	mov	r6, r9
10000f08:	79e2      	ldrb	r2, [r4, #7]
10000f0a:	7921      	ldrb	r1, [r4, #4]
10000f0c:	431a      	orrs	r2, r3
10000f0e:	6820      	ldr	r0, [r4, #0]
10000f10:	012d      	lsls	r5, r5, #4
10000f12:	f7ff fb9b 	bl	1000064c <i2c_helper_write_byte>
10000f16:	b2ed      	uxtb	r5, r5
10000f18:	2032      	movs	r0, #50	@ 0x32
10000f1a:	2100      	movs	r1, #0
10000f1c:	f001 fa7a 	bl	10002414 <sleep_us>
10000f20:	432e      	orrs	r6, r5
10000f22:	79e2      	ldrb	r2, [r4, #7]
10000f24:	b2f6      	uxtb	r6, r6
10000f26:	7921      	ldrb	r1, [r4, #4]
10000f28:	4332      	orrs	r2, r6
10000f2a:	6820      	ldr	r0, [r4, #0]
10000f2c:	f7ff fb8e 	bl	1000064c <i2c_helper_write_byte>
10000f30:	79e3      	ldrb	r3, [r4, #7]
10000f32:	7921      	ldrb	r1, [r4, #4]
10000f34:	431d      	orrs	r5, r3
10000f36:	4643      	mov	r3, r8
10000f38:	431d      	orrs	r5, r3
10000f3a:	b2ea      	uxtb	r2, r5
10000f3c:	6820      	ldr	r0, [r4, #0]
10000f3e:	f7ff fb85 	bl	1000064c <i2c_helper_write_byte>
10000f42:	2001      	movs	r0, #1
10000f44:	2100      	movs	r1, #0
10000f46:	f001 fa65 	bl	10002414 <sleep_us>
10000f4a:	79e2      	ldrb	r2, [r4, #7]
10000f4c:	7921      	ldrb	r1, [r4, #4]
10000f4e:	4332      	orrs	r2, r6
10000f50:	6820      	ldr	r0, [r4, #0]
10000f52:	f7ff fb7b 	bl	1000064c <i2c_helper_write_byte>
10000f56:	3701      	adds	r7, #1
10000f58:	2032      	movs	r0, #50	@ 0x32
10000f5a:	2100      	movs	r1, #0
10000f5c:	f001 fa5a 	bl	10002414 <sleep_us>
10000f60:	783d      	ldrb	r5, [r7, #0]
10000f62:	2d00      	cmp	r5, #0
10000f64:	d1b4      	bne.n	10000ed0 <lcd_print_float+0x48>
10000f66:	b009      	add	sp, #36	@ 0x24
10000f68:	bcf0      	pop	{r4, r5, r6, r7}
10000f6a:	46bb      	mov	fp, r7
10000f6c:	46b2      	mov	sl, r6
10000f6e:	46a9      	mov	r9, r5
10000f70:	46a0      	mov	r8, r4
10000f72:	bdf0      	pop	{r4, r5, r6, r7, pc}
10000f74:	10008908 	.word	0x10008908

10000f78 <encoder_gpio_irq_handler>:
10000f78:	b5f8      	push	{r3, r4, r5, r6, r7, lr}
10000f7a:	4e2c      	ldr	r6, [pc, #176]	@ (1000102c <encoder_gpio_irq_handler+0xb4>)
10000f7c:	6833      	ldr	r3, [r6, #0]
10000f7e:	2b00      	cmp	r3, #0
10000f80:	d02a      	beq.n	10000fd8 <encoder_gpio_irq_handler+0x60>
10000f82:	789a      	ldrb	r2, [r3, #2]
10000f84:	4282      	cmp	r2, r0
10000f86:	d030      	beq.n	10000fea <encoder_gpio_irq_handler+0x72>
10000f88:	22d0      	movs	r2, #208	@ 0xd0
10000f8a:	0612      	lsls	r2, r2, #24
10000f8c:	6852      	ldr	r2, [r2, #4]
10000f8e:	7819      	ldrb	r1, [r3, #0]
10000f90:	0010      	movs	r0, r2
10000f92:	40c8      	lsrs	r0, r1
10000f94:	2102      	movs	r1, #2
10000f96:	0040      	lsls	r0, r0, #1
10000f98:	4001      	ands	r1, r0
10000f9a:	7858      	ldrb	r0, [r3, #1]
10000f9c:	40c2      	lsrs	r2, r0
10000f9e:	2001      	movs	r0, #1
10000fa0:	4002      	ands	r2, r0
10000fa2:	4311      	orrs	r1, r2
10000fa4:	7e5a      	ldrb	r2, [r3, #25]
10000fa6:	4822      	ldr	r0, [pc, #136]	@ (10001030 <encoder_gpio_irq_handler+0xb8>)
10000fa8:	0092      	lsls	r2, r2, #2
10000faa:	430a      	orrs	r2, r1
10000fac:	b2d2      	uxtb	r2, r2
10000fae:	5682      	ldrsb	r2, [r0, r2]
10000fb0:	2a00      	cmp	r2, #0
10000fb2:	d010      	beq.n	10000fd6 <encoder_gpio_irq_handler+0x5e>
10000fb4:	68d8      	ldr	r0, [r3, #12]
10000fb6:	1880      	adds	r0, r0, r2
10000fb8:	60d8      	str	r0, [r3, #12]
10000fba:	17d0      	asrs	r0, r2, #31
10000fbc:	1a80      	subs	r0, r0, r2
10000fbe:	0fc0      	lsrs	r0, r0, #31
10000fc0:	7618      	strb	r0, [r3, #24]
10000fc2:	6958      	ldr	r0, [r3, #20]
10000fc4:	1812      	adds	r2, r2, r0
10000fc6:	615a      	str	r2, [r3, #20]
10000fc8:	6958      	ldr	r0, [r3, #20]
10000fca:	689a      	ldr	r2, [r3, #8]
10000fcc:	2800      	cmp	r0, #0
10000fce:	db08      	blt.n	10000fe2 <encoder_gpio_irq_handler+0x6a>
10000fd0:	6958      	ldr	r0, [r3, #20]
10000fd2:	4290      	cmp	r0, r2
10000fd4:	da01      	bge.n	10000fda <encoder_gpio_irq_handler+0x62>
10000fd6:	7659      	strb	r1, [r3, #25]
10000fd8:	bdf8      	pop	{r3, r4, r5, r6, r7, pc}
10000fda:	6958      	ldr	r0, [r3, #20]
10000fdc:	1a82      	subs	r2, r0, r2
10000fde:	615a      	str	r2, [r3, #20]
10000fe0:	e7f9      	b.n	10000fd6 <encoder_gpio_irq_handler+0x5e>
10000fe2:	6958      	ldr	r0, [r3, #20]
10000fe4:	1882      	adds	r2, r0, r2
10000fe6:	615a      	str	r2, [r3, #20]
10000fe8:	e7f5      	b.n	10000fd6 <encoder_gpio_irq_handler+0x5e>
10000fea:	f001 fb9f 	bl	1000272c <time_us_64>
10000fee:	0004      	movs	r4, r0
10000ff0:	000d      	movs	r5, r1
10000ff2:	6833      	ldr	r3, [r6, #0]
10000ff4:	002f      	movs	r7, r5
10000ff6:	6a18      	ldr	r0, [r3, #32]
10000ff8:	6a59      	ldr	r1, [r3, #36]	@ 0x24
10000ffa:	0026      	movs	r6, r4
10000ffc:	1a36      	subs	r6, r6, r0
10000ffe:	418f      	sbcs	r7, r1
10001000:	2f00      	cmp	r7, #0
10001002:	d00a      	beq.n	1000101a <encoder_gpio_irq_handler+0xa2>
10001004:	2200      	movs	r2, #0
10001006:	615a      	str	r2, [r3, #20]
10001008:	7e1a      	ldrb	r2, [r3, #24]
1000100a:	2a00      	cmp	r2, #0
1000100c:	d009      	beq.n	10001022 <encoder_gpio_irq_handler+0xaa>
1000100e:	691a      	ldr	r2, [r3, #16]
10001010:	3201      	adds	r2, #1
10001012:	611a      	str	r2, [r3, #16]
10001014:	621c      	str	r4, [r3, #32]
10001016:	625d      	str	r5, [r3, #36]	@ 0x24
10001018:	e7de      	b.n	10000fd8 <encoder_gpio_irq_handler+0x60>
1000101a:	4a06      	ldr	r2, [pc, #24]	@ (10001034 <encoder_gpio_irq_handler+0xbc>)
1000101c:	4296      	cmp	r6, r2
1000101e:	d9db      	bls.n	10000fd8 <encoder_gpio_irq_handler+0x60>
10001020:	e7f0      	b.n	10001004 <encoder_gpio_irq_handler+0x8c>
10001022:	691a      	ldr	r2, [r3, #16]
10001024:	3a01      	subs	r2, #1
10001026:	611a      	str	r2, [r3, #16]
10001028:	e7f4      	b.n	10001014 <encoder_gpio_irq_handler+0x9c>
1000102a:	46c0      	nop			@ (mov r8, r8)
1000102c:	20001b8c 	.word	0x20001b8c
10001030:	10008ac8 	.word	0x10008ac8
10001034:	00002710 	.word	0x00002710

10001038 <encoder_gpio_init>:
10001038:	b5f8      	push	{r3, r4, r5, r6, r7, lr}
1000103a:	46de      	mov	lr, fp
1000103c:	4657      	mov	r7, sl
1000103e:	464e      	mov	r6, r9
10001040:	4645      	mov	r5, r8
10001042:	b5e0      	push	{r5, r6, r7, lr}
10001044:	001f      	movs	r7, r3
10001046:	7083      	strb	r3, [r0, #2]
10001048:	9b0a      	ldr	r3, [sp, #40]	@ 0x28
1000104a:	0016      	movs	r6, r2
1000104c:	6043      	str	r3, [r0, #4]
1000104e:	9b0b      	ldr	r3, [sp, #44]	@ 0x2c
10001050:	7042      	strb	r2, [r0, #1]
10001052:	6083      	str	r3, [r0, #8]
10001054:	2201      	movs	r2, #1
10001056:	2300      	movs	r3, #0
10001058:	0004      	movs	r4, r0
1000105a:	60c3      	str	r3, [r0, #12]
1000105c:	000d      	movs	r5, r1
1000105e:	6103      	str	r3, [r0, #16]
10001060:	7001      	strb	r1, [r0, #0]
10001062:	6143      	str	r3, [r0, #20]
10001064:	2100      	movs	r1, #0
10001066:	7602      	strb	r2, [r0, #24]
10001068:	2000      	movs	r0, #0
1000106a:	6220      	str	r0, [r4, #32]
1000106c:	6261      	str	r1, [r4, #36]	@ 0x24
1000106e:	62e3      	str	r3, [r4, #44]	@ 0x2c
10001070:	2300      	movs	r3, #0
10001072:	4692      	mov	sl, r2
10001074:	4a2e      	ldr	r2, [pc, #184]	@ (10001130 <encoder_gpio_init+0xf8>)
10001076:	63a3      	str	r3, [r4, #56]	@ 0x38
10001078:	4b2e      	ldr	r3, [pc, #184]	@ (10001134 <encoder_gpio_init+0xfc>)
1000107a:	6320      	str	r0, [r4, #48]	@ 0x30
1000107c:	6361      	str	r1, [r4, #52]	@ 0x34
1000107e:	62a2      	str	r2, [r4, #40]	@ 0x28
10001080:	0028      	movs	r0, r5
10001082:	601c      	str	r4, [r3, #0]
10001084:	f000 fad2 	bl	1000162c <gpio_init>
10001088:	0030      	movs	r0, r6
1000108a:	f000 facf 	bl	1000162c <gpio_init>
1000108e:	0038      	movs	r0, r7
10001090:	f000 facc 	bl	1000162c <gpio_init>
10001094:	4653      	mov	r3, sl
10001096:	40ab      	lsls	r3, r5
10001098:	4698      	mov	r8, r3
1000109a:	23d0      	movs	r3, #208	@ 0xd0
1000109c:	4642      	mov	r2, r8
1000109e:	061b      	lsls	r3, r3, #24
100010a0:	469b      	mov	fp, r3
100010a2:	629a      	str	r2, [r3, #40]	@ 0x28
100010a4:	4653      	mov	r3, sl
100010a6:	40b3      	lsls	r3, r6
100010a8:	4699      	mov	r9, r3
100010aa:	465b      	mov	r3, fp
100010ac:	464a      	mov	r2, r9
100010ae:	629a      	str	r2, [r3, #40]	@ 0x28
100010b0:	4653      	mov	r3, sl
100010b2:	465a      	mov	r2, fp
100010b4:	40bb      	lsls	r3, r7
100010b6:	0028      	movs	r0, r5
100010b8:	6293      	str	r3, [r2, #40]	@ 0x28
100010ba:	2101      	movs	r1, #1
100010bc:	2200      	movs	r2, #0
100010be:	f000 fa0d 	bl	100014dc <gpio_set_pulls>
100010c2:	0030      	movs	r0, r6
100010c4:	2200      	movs	r2, #0
100010c6:	2101      	movs	r1, #1
100010c8:	f000 fa08 	bl	100014dc <gpio_set_pulls>
100010cc:	0038      	movs	r0, r7
100010ce:	2200      	movs	r2, #0
100010d0:	2101      	movs	r1, #1
100010d2:	f000 fa03 	bl	100014dc <gpio_set_pulls>
100010d6:	465b      	mov	r3, fp
100010d8:	4641      	mov	r1, r8
100010da:	685b      	ldr	r3, [r3, #4]
100010dc:	465a      	mov	r2, fp
100010de:	400b      	ands	r3, r1
100010e0:	1e59      	subs	r1, r3, #1
100010e2:	418b      	sbcs	r3, r1
100010e4:	4649      	mov	r1, r9
100010e6:	6852      	ldr	r2, [r2, #4]
100010e8:	005b      	lsls	r3, r3, #1
100010ea:	400a      	ands	r2, r1
100010ec:	1e51      	subs	r1, r2, #1
100010ee:	418a      	sbcs	r2, r1
100010f0:	4313      	orrs	r3, r2
100010f2:	0028      	movs	r0, r5
100010f4:	7663      	strb	r3, [r4, #25]
100010f6:	2201      	movs	r2, #1
100010f8:	4b0f      	ldr	r3, [pc, #60]	@ (10001138 <encoder_gpio_init+0x100>)
100010fa:	210c      	movs	r1, #12
100010fc:	f000 fa2e 	bl	1000155c <gpio_set_irq_enabled_with_callback>
10001100:	0030      	movs	r0, r6
10001102:	2201      	movs	r2, #1
10001104:	210c      	movs	r1, #12
10001106:	f000 f9fd 	bl	10001504 <gpio_set_irq_enabled>
1000110a:	0038      	movs	r0, r7
1000110c:	2201      	movs	r2, #1
1000110e:	2108      	movs	r1, #8
10001110:	f000 f9f8 	bl	10001504 <gpio_set_irq_enabled>
10001114:	003b      	movs	r3, r7
10001116:	0032      	movs	r2, r6
10001118:	0029      	movs	r1, r5
1000111a:	4808      	ldr	r0, [pc, #32]	@ (1000113c <encoder_gpio_init+0x104>)
1000111c:	f004 fc78 	bl	10005a10 <__wrap_printf>
10001120:	2001      	movs	r0, #1
10001122:	bcf0      	pop	{r4, r5, r6, r7}
10001124:	46bb      	mov	fp, r7
10001126:	46b2      	mov	sl, r6
10001128:	46a9      	mov	r9, r5
1000112a:	46a0      	mov	r8, r4
1000112c:	bdf8      	pop	{r3, r4, r5, r6, r7, pc}
1000112e:	46c0      	nop			@ (mov r8, r8)
10001130:	00002710 	.word	0x00002710
10001134:	20001b8c 	.word	0x20001b8c
10001138:	10000f79 	.word	0x10000f79
1000113c:	10008910 	.word	0x10008910

10001140 <encoder_gpio_calculate_rpm>:
10001140:	b5f0      	push	{r4, r5, r6, r7, lr}
10001142:	4646      	mov	r6, r8
10001144:	46d6      	mov	lr, sl
10001146:	464f      	mov	r7, r9
10001148:	b5c0      	push	{r6, r7, lr}
1000114a:	4680      	mov	r8, r0
1000114c:	f001 faee 	bl	1000272c <time_us_64>
10001150:	4643      	mov	r3, r8
10001152:	0004      	movs	r4, r0
10001154:	6b1a      	ldr	r2, [r3, #48]	@ 0x30
10001156:	6b5b      	ldr	r3, [r3, #52]	@ 0x34
10001158:	000d      	movs	r5, r1
1000115a:	1aa4      	subs	r4, r4, r2
1000115c:	419d      	sbcs	r5, r3
1000115e:	0006      	movs	r6, r0
10001160:	000f      	movs	r7, r1
10001162:	2d00      	cmp	r5, #0
10001164:	d102      	bne.n	1000116c <encoder_gpio_calculate_rpm+0x2c>
10001166:	4b16      	ldr	r3, [pc, #88]	@ (100011c0 <encoder_gpio_calculate_rpm+0x80>)
10001168:	429c      	cmp	r4, r3
1000116a:	d924      	bls.n	100011b6 <encoder_gpio_calculate_rpm+0x76>
1000116c:	4643      	mov	r3, r8
1000116e:	68db      	ldr	r3, [r3, #12]
10001170:	469a      	mov	sl, r3
10001172:	4643      	mov	r3, r8
10001174:	6ad8      	ldr	r0, [r3, #44]	@ 0x2c
10001176:	4653      	mov	r3, sl
10001178:	1a18      	subs	r0, r3, r0
1000117a:	f002 fccf 	bl	10003b1c <__wrap___aeabi_i2f>
1000117e:	4643      	mov	r3, r8
10001180:	4681      	mov	r9, r0
10001182:	6898      	ldr	r0, [r3, #8]
10001184:	f002 fcca 	bl	10003b1c <__wrap___aeabi_i2f>
10001188:	1c01      	adds	r1, r0, #0
1000118a:	4648      	mov	r0, r9
1000118c:	f002 fc77 	bl	10003a7e <__wrap___aeabi_fdiv>
10001190:	0029      	movs	r1, r5
10001192:	4681      	mov	r9, r0
10001194:	0020      	movs	r0, r4
10001196:	f002 fce5 	bl	10003b64 <__wrap___aeabi_ul2f>
1000119a:	1c01      	adds	r1, r0, #0
1000119c:	4809      	ldr	r0, [pc, #36]	@ (100011c4 <encoder_gpio_calculate_rpm+0x84>)
1000119e:	f002 fc6e 	bl	10003a7e <__wrap___aeabi_fdiv>
100011a2:	1c01      	adds	r1, r0, #0
100011a4:	4648      	mov	r0, r9
100011a6:	f002 fc7e 	bl	10003aa6 <__wrap___aeabi_fmul>
100011aa:	4643      	mov	r3, r8
100011ac:	4652      	mov	r2, sl
100011ae:	631e      	str	r6, [r3, #48]	@ 0x30
100011b0:	635f      	str	r7, [r3, #52]	@ 0x34
100011b2:	6398      	str	r0, [r3, #56]	@ 0x38
100011b4:	62da      	str	r2, [r3, #44]	@ 0x2c
100011b6:	bce0      	pop	{r5, r6, r7}
100011b8:	46ba      	mov	sl, r7
100011ba:	46b1      	mov	r9, r6
100011bc:	46a8      	mov	r8, r5
100011be:	bdf0      	pop	{r4, r5, r6, r7, pc}
100011c0:	0001869f 	.word	0x0001869f
100011c4:	4c64e1c0 	.word	0x4c64e1c0

100011c8 <encoder_gpio_get_count>:
100011c8:	68c0      	ldr	r0, [r0, #12]
100011ca:	4770      	bx	lr

100011cc <encoder_gpio_get_revolutions>:
100011cc:	6900      	ldr	r0, [r0, #16]
100011ce:	4770      	bx	lr

100011d0 <encoder_gpio_get_pulses_this_rev>:
100011d0:	6940      	ldr	r0, [r0, #20]
100011d2:	4770      	bx	lr

100011d4 <encoder_gpio_get_direction>:
100011d4:	7e00      	ldrb	r0, [r0, #24]
100011d6:	b2c0      	uxtb	r0, r0
100011d8:	4770      	bx	lr
100011da:	46c0      	nop			@ (mov r8, r8)

100011dc <encoder_gpio_get_rpm>:
100011dc:	6b80      	ldr	r0, [r0, #56]	@ 0x38
100011de:	4770      	bx	lr

100011e0 <gpio_default_irq_handler>:
100011e0:	23d0      	movs	r3, #208	@ 0xd0
100011e2:	061b      	lsls	r3, r3, #24
100011e4:	681b      	ldr	r3, [r3, #0]
100011e6:	4aac      	ldr	r2, [pc, #688]	@ (10001498 <gpio_default_irq_handler+0x2b8>)
100011e8:	0099      	lsls	r1, r3, #2
100011ea:	b5f0      	push	{r4, r5, r6, r7, lr}
100011ec:	46de      	mov	lr, fp
100011ee:	468b      	mov	fp, r1
100011f0:	5851      	ldr	r1, [r2, r1]
100011f2:	425a      	negs	r2, r3
100011f4:	4153      	adcs	r3, r2
100011f6:	222f      	movs	r2, #47	@ 0x2f
100011f8:	4657      	mov	r7, sl
100011fa:	464e      	mov	r6, r9
100011fc:	4645      	mov	r5, r8
100011fe:	425b      	negs	r3, r3
10001200:	4393      	bics	r3, r2
10001202:	469a      	mov	sl, r3
10001204:	4ba5      	ldr	r3, [pc, #660]	@ (1000149c <gpio_default_irq_handler+0x2bc>)
10001206:	b5e0      	push	{r5, r6, r7, lr}
10001208:	469c      	mov	ip, r3
1000120a:	b083      	sub	sp, #12
1000120c:	2600      	movs	r6, #0
1000120e:	9101      	str	r1, [sp, #4]
10001210:	44e2      	add	sl, ip
10001212:	2900      	cmp	r1, #0
10001214:	d038      	beq.n	10001288 <gpio_default_irq_handler+0xa8>
10001216:	4ba2      	ldr	r3, [pc, #648]	@ (100014a0 <gpio_default_irq_handler+0x2c0>)
10001218:	4699      	mov	r9, r3
1000121a:	4652      	mov	r2, sl
1000121c:	08f3      	lsrs	r3, r6, #3
1000121e:	3308      	adds	r3, #8
10001220:	009b      	lsls	r3, r3, #2
10001222:	589d      	ldr	r5, [r3, r2]
10001224:	2301      	movs	r3, #1
10001226:	0034      	movs	r4, r6
10001228:	4698      	mov	r8, r3
1000122a:	3608      	adds	r6, #8
1000122c:	2d00      	cmp	r5, #0
1000122e:	d022      	beq.n	10001276 <gpio_default_irq_handler+0x96>
10001230:	210f      	movs	r1, #15
10001232:	0020      	movs	r0, r4
10001234:	4029      	ands	r1, r5
10001236:	3401      	adds	r4, #1
10001238:	092d      	lsrs	r5, r5, #4
1000123a:	2900      	cmp	r1, #0
1000123c:	d019      	beq.n	10001272 <gpio_default_irq_handler+0x92>
1000123e:	464b      	mov	r3, r9
10001240:	465a      	mov	r2, fp
10001242:	589a      	ldr	r2, [r3, r2]
10001244:	0003      	movs	r3, r0
10001246:	40c2      	lsrs	r2, r0
10001248:	3b20      	subs	r3, #32
1000124a:	17db      	asrs	r3, r3, #31
1000124c:	4013      	ands	r3, r2
1000124e:	4642      	mov	r2, r8
10001250:	4213      	tst	r3, r2
10001252:	d10c      	bne.n	1000126e <gpio_default_irq_handler+0x8e>
10001254:	2207      	movs	r2, #7
10001256:	000f      	movs	r7, r1
10001258:	4002      	ands	r2, r0
1000125a:	0092      	lsls	r2, r2, #2
1000125c:	4097      	lsls	r7, r2
1000125e:	003a      	movs	r2, r7
10001260:	08c3      	lsrs	r3, r0, #3
10001262:	4f90      	ldr	r7, [pc, #576]	@ (100014a4 <gpio_default_irq_handler+0x2c4>)
10001264:	333c      	adds	r3, #60	@ 0x3c
10001266:	009b      	lsls	r3, r3, #2
10001268:	51da      	str	r2, [r3, r7]
1000126a:	9b01      	ldr	r3, [sp, #4]
1000126c:	4798      	blx	r3
1000126e:	2d00      	cmp	r5, #0
10001270:	d001      	beq.n	10001276 <gpio_default_irq_handler+0x96>
10001272:	42b4      	cmp	r4, r6
10001274:	d3dc      	bcc.n	10001230 <gpio_default_irq_handler+0x50>
10001276:	2e20      	cmp	r6, #32
10001278:	d1cf      	bne.n	1000121a <gpio_default_irq_handler+0x3a>
1000127a:	b003      	add	sp, #12
1000127c:	bcf0      	pop	{r4, r5, r6, r7}
1000127e:	46bb      	mov	fp, r7
10001280:	46b2      	mov	sl, r6
10001282:	46a9      	mov	r9, r5
10001284:	46a0      	mov	r8, r4
10001286:	bdf0      	pop	{r4, r5, r6, r7, pc}
10001288:	4e85      	ldr	r6, [pc, #532]	@ (100014a0 <gpio_default_irq_handler+0x2c0>)
1000128a:	465f      	mov	r7, fp
1000128c:	2100      	movs	r1, #0
1000128e:	230f      	movs	r3, #15
10001290:	46b3      	mov	fp, r6
10001292:	08cc      	lsrs	r4, r1, #3
10001294:	0022      	movs	r2, r4
10001296:	4650      	mov	r0, sl
10001298:	3208      	adds	r2, #8
1000129a:	0092      	lsls	r2, r2, #2
1000129c:	5812      	ldr	r2, [r2, r0]
1000129e:	2a00      	cmp	r2, #0
100012a0:	d100      	bne.n	100012a4 <gpio_default_irq_handler+0xc4>
100012a2:	e0d0      	b.n	10001446 <gpio_default_irq_handler+0x266>
100012a4:	0018      	movs	r0, r3
100012a6:	4010      	ands	r0, r2
100012a8:	4680      	mov	r8, r0
100012aa:	0910      	lsrs	r0, r2, #4
100012ac:	4213      	tst	r3, r2
100012ae:	d01a      	beq.n	100012e6 <gpio_default_irq_handler+0x106>
100012b0:	465d      	mov	r5, fp
100012b2:	59ed      	ldr	r5, [r5, r7]
100012b4:	46a9      	mov	r9, r5
100012b6:	2520      	movs	r5, #32
100012b8:	426d      	negs	r5, r5
100012ba:	46ac      	mov	ip, r5
100012bc:	448c      	add	ip, r1
100012be:	4665      	mov	r5, ip
100012c0:	17ed      	asrs	r5, r5, #31
100012c2:	46ac      	mov	ip, r5
100012c4:	464d      	mov	r5, r9
100012c6:	40cd      	lsrs	r5, r1
100012c8:	46a9      	mov	r9, r5
100012ca:	4665      	mov	r5, ip
100012cc:	464e      	mov	r6, r9
100012ce:	4035      	ands	r5, r6
100012d0:	2601      	movs	r6, #1
100012d2:	4235      	tst	r5, r6
100012d4:	d104      	bne.n	100012e0 <gpio_default_irq_handler+0x100>
100012d6:	4646      	mov	r6, r8
100012d8:	4d72      	ldr	r5, [pc, #456]	@ (100014a4 <gpio_default_irq_handler+0x2c4>)
100012da:	343c      	adds	r4, #60	@ 0x3c
100012dc:	00a4      	lsls	r4, r4, #2
100012de:	5166      	str	r6, [r4, r5]
100012e0:	2800      	cmp	r0, #0
100012e2:	d100      	bne.n	100012e6 <gpio_default_irq_handler+0x106>
100012e4:	e0af      	b.n	10001446 <gpio_default_irq_handler+0x266>
100012e6:	001c      	movs	r4, r3
100012e8:	4004      	ands	r4, r0
100012ea:	46a4      	mov	ip, r4
100012ec:	0a14      	lsrs	r4, r2, #8
100012ee:	4203      	tst	r3, r0
100012f0:	d01a      	beq.n	10001328 <gpio_default_irq_handler+0x148>
100012f2:	1c48      	adds	r0, r1, #1
100012f4:	4680      	mov	r8, r0
100012f6:	4658      	mov	r0, fp
100012f8:	59c0      	ldr	r0, [r0, r7]
100012fa:	4646      	mov	r6, r8
100012fc:	4681      	mov	r9, r0
100012fe:	464d      	mov	r5, r9
10001300:	0008      	movs	r0, r1
10001302:	40f5      	lsrs	r5, r6
10001304:	381f      	subs	r0, #31
10001306:	17c0      	asrs	r0, r0, #31
10001308:	4028      	ands	r0, r5
1000130a:	2501      	movs	r5, #1
1000130c:	4228      	tst	r0, r5
1000130e:	d108      	bne.n	10001322 <gpio_default_irq_handler+0x142>
10001310:	4665      	mov	r5, ip
10001312:	012d      	lsls	r5, r5, #4
10001314:	46ac      	mov	ip, r5
10001316:	08f0      	lsrs	r0, r6, #3
10001318:	4666      	mov	r6, ip
1000131a:	4d62      	ldr	r5, [pc, #392]	@ (100014a4 <gpio_default_irq_handler+0x2c4>)
1000131c:	303c      	adds	r0, #60	@ 0x3c
1000131e:	0080      	lsls	r0, r0, #2
10001320:	5146      	str	r6, [r0, r5]
10001322:	2c00      	cmp	r4, #0
10001324:	d100      	bne.n	10001328 <gpio_default_irq_handler+0x148>
10001326:	e08e      	b.n	10001446 <gpio_default_irq_handler+0x266>
10001328:	0018      	movs	r0, r3
1000132a:	4020      	ands	r0, r4
1000132c:	4684      	mov	ip, r0
1000132e:	0b10      	lsrs	r0, r2, #12
10001330:	4223      	tst	r3, r4
10001332:	d011      	beq.n	10001358 <gpio_default_irq_handler+0x178>
10001334:	1c8c      	adds	r4, r1, #2
10001336:	46a0      	mov	r8, r4
10001338:	465c      	mov	r4, fp
1000133a:	59e4      	ldr	r4, [r4, r7]
1000133c:	4646      	mov	r6, r8
1000133e:	46a1      	mov	r9, r4
10001340:	464d      	mov	r5, r9
10001342:	000c      	movs	r4, r1
10001344:	40f5      	lsrs	r5, r6
10001346:	3c1e      	subs	r4, #30
10001348:	17e4      	asrs	r4, r4, #31
1000134a:	402c      	ands	r4, r5
1000134c:	2501      	movs	r5, #1
1000134e:	422c      	tst	r4, r5
10001350:	d100      	bne.n	10001354 <gpio_default_irq_handler+0x174>
10001352:	e082      	b.n	1000145a <gpio_default_irq_handler+0x27a>
10001354:	2800      	cmp	r0, #0
10001356:	d076      	beq.n	10001446 <gpio_default_irq_handler+0x266>
10001358:	001c      	movs	r4, r3
1000135a:	4004      	ands	r4, r0
1000135c:	46a4      	mov	ip, r4
1000135e:	0c14      	lsrs	r4, r2, #16
10001360:	4203      	tst	r3, r0
10001362:	d010      	beq.n	10001386 <gpio_default_irq_handler+0x1a6>
10001364:	1cc8      	adds	r0, r1, #3
10001366:	4680      	mov	r8, r0
10001368:	4658      	mov	r0, fp
1000136a:	59c0      	ldr	r0, [r0, r7]
1000136c:	4646      	mov	r6, r8
1000136e:	4681      	mov	r9, r0
10001370:	464d      	mov	r5, r9
10001372:	0008      	movs	r0, r1
10001374:	40f5      	lsrs	r5, r6
10001376:	381d      	subs	r0, #29
10001378:	17c0      	asrs	r0, r0, #31
1000137a:	4028      	ands	r0, r5
1000137c:	2501      	movs	r5, #1
1000137e:	4228      	tst	r0, r5
10001380:	d075      	beq.n	1000146e <gpio_default_irq_handler+0x28e>
10001382:	2c00      	cmp	r4, #0
10001384:	d05f      	beq.n	10001446 <gpio_default_irq_handler+0x266>
10001386:	0018      	movs	r0, r3
10001388:	4020      	ands	r0, r4
1000138a:	4680      	mov	r8, r0
1000138c:	0d10      	lsrs	r0, r2, #20
1000138e:	4223      	tst	r3, r4
10001390:	d00e      	beq.n	100013b0 <gpio_default_irq_handler+0x1d0>
10001392:	1d0c      	adds	r4, r1, #4
10001394:	46a4      	mov	ip, r4
10001396:	4665      	mov	r5, ip
10001398:	4c41      	ldr	r4, [pc, #260]	@ (100014a0 <gpio_default_irq_handler+0x2c0>)
1000139a:	59e4      	ldr	r4, [r4, r7]
1000139c:	40ec      	lsrs	r4, r5
1000139e:	46a1      	mov	r9, r4
100013a0:	000c      	movs	r4, r1
100013a2:	464d      	mov	r5, r9
100013a4:	3c1c      	subs	r4, #28
100013a6:	0fe4      	lsrs	r4, r4, #31
100013a8:	422c      	tst	r4, r5
100013aa:	d06a      	beq.n	10001482 <gpio_default_irq_handler+0x2a2>
100013ac:	2800      	cmp	r0, #0
100013ae:	d04a      	beq.n	10001446 <gpio_default_irq_handler+0x266>
100013b0:	001c      	movs	r4, r3
100013b2:	4004      	ands	r4, r0
100013b4:	46a4      	mov	ip, r4
100013b6:	0e14      	lsrs	r4, r2, #24
100013b8:	4203      	tst	r3, r0
100013ba:	d018      	beq.n	100013ee <gpio_default_irq_handler+0x20e>
100013bc:	1d48      	adds	r0, r1, #5
100013be:	4680      	mov	r8, r0
100013c0:	4645      	mov	r5, r8
100013c2:	4837      	ldr	r0, [pc, #220]	@ (100014a0 <gpio_default_irq_handler+0x2c0>)
100013c4:	59c0      	ldr	r0, [r0, r7]
100013c6:	40e8      	lsrs	r0, r5
100013c8:	4681      	mov	r9, r0
100013ca:	0008      	movs	r0, r1
100013cc:	464d      	mov	r5, r9
100013ce:	381b      	subs	r0, #27
100013d0:	0fc0      	lsrs	r0, r0, #31
100013d2:	4228      	tst	r0, r5
100013d4:	d109      	bne.n	100013ea <gpio_default_irq_handler+0x20a>
100013d6:	4665      	mov	r5, ip
100013d8:	052d      	lsls	r5, r5, #20
100013da:	46ac      	mov	ip, r5
100013dc:	4640      	mov	r0, r8
100013de:	4666      	mov	r6, ip
100013e0:	08c0      	lsrs	r0, r0, #3
100013e2:	4d30      	ldr	r5, [pc, #192]	@ (100014a4 <gpio_default_irq_handler+0x2c4>)
100013e4:	303c      	adds	r0, #60	@ 0x3c
100013e6:	0080      	lsls	r0, r0, #2
100013e8:	5146      	str	r6, [r0, r5]
100013ea:	2c00      	cmp	r4, #0
100013ec:	d02b      	beq.n	10001446 <gpio_default_irq_handler+0x266>
100013ee:	0018      	movs	r0, r3
100013f0:	4020      	ands	r0, r4
100013f2:	4684      	mov	ip, r0
100013f4:	0f12      	lsrs	r2, r2, #28
100013f6:	4223      	tst	r3, r4
100013f8:	d02a      	beq.n	10001450 <gpio_default_irq_handler+0x270>
100013fa:	4829      	ldr	r0, [pc, #164]	@ (100014a0 <gpio_default_irq_handler+0x2c0>)
100013fc:	1d8c      	adds	r4, r1, #6
100013fe:	4681      	mov	r9, r0
10001400:	59c0      	ldr	r0, [r0, r7]
10001402:	40e0      	lsrs	r0, r4
10001404:	4680      	mov	r8, r0
10001406:	0008      	movs	r0, r1
10001408:	4645      	mov	r5, r8
1000140a:	381a      	subs	r0, #26
1000140c:	0fc0      	lsrs	r0, r0, #31
1000140e:	4228      	tst	r0, r5
10001410:	d106      	bne.n	10001420 <gpio_default_irq_handler+0x240>
10001412:	08e0      	lsrs	r0, r4, #3
10001414:	4664      	mov	r4, ip
10001416:	4d23      	ldr	r5, [pc, #140]	@ (100014a4 <gpio_default_irq_handler+0x2c4>)
10001418:	303c      	adds	r0, #60	@ 0x3c
1000141a:	0624      	lsls	r4, r4, #24
1000141c:	0080      	lsls	r0, r0, #2
1000141e:	5144      	str	r4, [r0, r5]
10001420:	2a00      	cmp	r2, #0
10001422:	d010      	beq.n	10001446 <gpio_default_irq_handler+0x266>
10001424:	4648      	mov	r0, r9
10001426:	59c0      	ldr	r0, [r0, r7]
10001428:	1dcc      	adds	r4, r1, #7
1000142a:	40e0      	lsrs	r0, r4
1000142c:	4684      	mov	ip, r0
1000142e:	0008      	movs	r0, r1
10001430:	4665      	mov	r5, ip
10001432:	3819      	subs	r0, #25
10001434:	0fc0      	lsrs	r0, r0, #31
10001436:	4228      	tst	r0, r5
10001438:	d105      	bne.n	10001446 <gpio_default_irq_handler+0x266>
1000143a:	08e0      	lsrs	r0, r4, #3
1000143c:	303c      	adds	r0, #60	@ 0x3c
1000143e:	4c19      	ldr	r4, [pc, #100]	@ (100014a4 <gpio_default_irq_handler+0x2c4>)
10001440:	0712      	lsls	r2, r2, #28
10001442:	0080      	lsls	r0, r0, #2
10001444:	5102      	str	r2, [r0, r4]
10001446:	3108      	adds	r1, #8
10001448:	2920      	cmp	r1, #32
1000144a:	d000      	beq.n	1000144e <gpio_default_irq_handler+0x26e>
1000144c:	e721      	b.n	10001292 <gpio_default_irq_handler+0xb2>
1000144e:	e714      	b.n	1000127a <gpio_default_irq_handler+0x9a>
10001450:	2a00      	cmp	r2, #0
10001452:	d0f8      	beq.n	10001446 <gpio_default_irq_handler+0x266>
10001454:	4812      	ldr	r0, [pc, #72]	@ (100014a0 <gpio_default_irq_handler+0x2c0>)
10001456:	4681      	mov	r9, r0
10001458:	e7e4      	b.n	10001424 <gpio_default_irq_handler+0x244>
1000145a:	4665      	mov	r5, ip
1000145c:	022d      	lsls	r5, r5, #8
1000145e:	46ac      	mov	ip, r5
10001460:	08f4      	lsrs	r4, r6, #3
10001462:	4666      	mov	r6, ip
10001464:	4d0f      	ldr	r5, [pc, #60]	@ (100014a4 <gpio_default_irq_handler+0x2c4>)
10001466:	343c      	adds	r4, #60	@ 0x3c
10001468:	00a4      	lsls	r4, r4, #2
1000146a:	5166      	str	r6, [r4, r5]
1000146c:	e772      	b.n	10001354 <gpio_default_irq_handler+0x174>
1000146e:	4665      	mov	r5, ip
10001470:	032d      	lsls	r5, r5, #12
10001472:	46ac      	mov	ip, r5
10001474:	08f0      	lsrs	r0, r6, #3
10001476:	4666      	mov	r6, ip
10001478:	4d0a      	ldr	r5, [pc, #40]	@ (100014a4 <gpio_default_irq_handler+0x2c4>)
1000147a:	303c      	adds	r0, #60	@ 0x3c
1000147c:	0080      	lsls	r0, r0, #2
1000147e:	5146      	str	r6, [r0, r5]
10001480:	e77f      	b.n	10001382 <gpio_default_irq_handler+0x1a2>
10001482:	4645      	mov	r5, r8
10001484:	042d      	lsls	r5, r5, #16
10001486:	46a8      	mov	r8, r5
10001488:	4664      	mov	r4, ip
1000148a:	4646      	mov	r6, r8
1000148c:	08e4      	lsrs	r4, r4, #3
1000148e:	4d05      	ldr	r5, [pc, #20]	@ (100014a4 <gpio_default_irq_handler+0x2c4>)
10001490:	343c      	adds	r4, #60	@ 0x3c
10001492:	00a4      	lsls	r4, r4, #2
10001494:	5166      	str	r6, [r4, r5]
10001496:	e789      	b.n	100013ac <gpio_default_irq_handler+0x1cc>
10001498:	20001b18 	.word	0x20001b18
1000149c:	40014130 	.word	0x40014130
100014a0:	20001fd8 	.word	0x20001fd8
100014a4:	40014000 	.word	0x40014000

100014a8 <gpio_set_function>:
100014a8:	4a09      	ldr	r2, [pc, #36]	@ (100014d0 <gpio_set_function+0x28>)
100014aa:	0083      	lsls	r3, r0, #2
100014ac:	189a      	adds	r2, r3, r2
100014ae:	b510      	push	{r4, lr}
100014b0:	6814      	ldr	r4, [r2, #0]
100014b2:	2240      	movs	r2, #64	@ 0x40
100014b4:	4054      	eors	r4, r2
100014b6:	3280      	adds	r2, #128	@ 0x80
100014b8:	4022      	ands	r2, r4
100014ba:	4c06      	ldr	r4, [pc, #24]	@ (100014d4 <gpio_set_function+0x2c>)
100014bc:	00c0      	lsls	r0, r0, #3
100014be:	46a4      	mov	ip, r4
100014c0:	4463      	add	r3, ip
100014c2:	601a      	str	r2, [r3, #0]
100014c4:	4b04      	ldr	r3, [pc, #16]	@ (100014d8 <gpio_set_function+0x30>)
100014c6:	469c      	mov	ip, r3
100014c8:	4460      	add	r0, ip
100014ca:	6041      	str	r1, [r0, #4]
100014cc:	bd10      	pop	{r4, pc}
100014ce:	46c0      	nop			@ (mov r8, r8)
100014d0:	4001c004 	.word	0x4001c004
100014d4:	4001d004 	.word	0x4001d004
100014d8:	40014000 	.word	0x40014000

100014dc <gpio_set_pulls>:
100014dc:	4b07      	ldr	r3, [pc, #28]	@ (100014fc <gpio_set_pulls+0x20>)
100014de:	0080      	lsls	r0, r0, #2
100014e0:	18c3      	adds	r3, r0, r3
100014e2:	681b      	ldr	r3, [r3, #0]
100014e4:	00c9      	lsls	r1, r1, #3
100014e6:	0092      	lsls	r2, r2, #2
100014e8:	430a      	orrs	r2, r1
100014ea:	405a      	eors	r2, r3
100014ec:	230c      	movs	r3, #12
100014ee:	4013      	ands	r3, r2
100014f0:	4a03      	ldr	r2, [pc, #12]	@ (10001500 <gpio_set_pulls+0x24>)
100014f2:	4694      	mov	ip, r2
100014f4:	4460      	add	r0, ip
100014f6:	6003      	str	r3, [r0, #0]
100014f8:	4770      	bx	lr
100014fa:	46c0      	nop			@ (mov r8, r8)
100014fc:	4001c004 	.word	0x4001c004
10001500:	4001d004 	.word	0x4001d004

10001504 <gpio_set_irq_enabled>:
10001504:	23d0      	movs	r3, #208	@ 0xd0
10001506:	061b      	lsls	r3, r3, #24
10001508:	681b      	ldr	r3, [r3, #0]
1000150a:	b530      	push	{r4, r5, lr}
1000150c:	0005      	movs	r5, r0
1000150e:	4258      	negs	r0, r3
10001510:	4143      	adcs	r3, r0
10001512:	202f      	movs	r0, #47	@ 0x2f
10001514:	425b      	negs	r3, r3
10001516:	4383      	bics	r3, r0
10001518:	480e      	ldr	r0, [pc, #56]	@ (10001554 <gpio_set_irq_enabled+0x50>)
1000151a:	08ec      	lsrs	r4, r5, #3
1000151c:	4684      	mov	ip, r0
1000151e:	2007      	movs	r0, #7
10001520:	4028      	ands	r0, r5
10001522:	0080      	lsls	r0, r0, #2
10001524:	4081      	lsls	r1, r0
10001526:	0020      	movs	r0, r4
10001528:	4d0b      	ldr	r5, [pc, #44]	@ (10001558 <gpio_set_irq_enabled+0x54>)
1000152a:	303c      	adds	r0, #60	@ 0x3c
1000152c:	4463      	add	r3, ip
1000152e:	0080      	lsls	r0, r0, #2
10001530:	00a4      	lsls	r4, r4, #2
10001532:	5141      	str	r1, [r0, r5]
10001534:	191b      	adds	r3, r3, r4
10001536:	2a00      	cmp	r2, #0
10001538:	d005      	beq.n	10001546 <gpio_set_irq_enabled+0x42>
1000153a:	2280      	movs	r2, #128	@ 0x80
1000153c:	0192      	lsls	r2, r2, #6
1000153e:	4694      	mov	ip, r2
10001540:	4463      	add	r3, ip
10001542:	6019      	str	r1, [r3, #0]
10001544:	bd30      	pop	{r4, r5, pc}
10001546:	22c0      	movs	r2, #192	@ 0xc0
10001548:	0192      	lsls	r2, r2, #6
1000154a:	4694      	mov	ip, r2
1000154c:	4463      	add	r3, ip
1000154e:	6019      	str	r1, [r3, #0]
10001550:	e7f8      	b.n	10001544 <gpio_set_irq_enabled+0x40>
10001552:	46c0      	nop			@ (mov r8, r8)
10001554:	40014130 	.word	0x40014130
10001558:	40014000 	.word	0x40014000

1000155c <gpio_set_irq_enabled_with_callback>:
1000155c:	b5f8      	push	{r3, r4, r5, r6, r7, lr}
1000155e:	4645      	mov	r5, r8
10001560:	4698      	mov	r8, r3
10001562:	23d0      	movs	r3, #208	@ 0xd0
10001564:	061b      	lsls	r3, r3, #24
10001566:	46de      	mov	lr, fp
10001568:	681c      	ldr	r4, [r3, #0]
1000156a:	469b      	mov	fp, r3
1000156c:	4b2b      	ldr	r3, [pc, #172]	@ (1000161c <gpio_set_irq_enabled_with_callback+0xc0>)
1000156e:	4657      	mov	r7, sl
10001570:	469a      	mov	sl, r3
10001572:	00a3      	lsls	r3, r4, #2
10001574:	464e      	mov	r6, r9
10001576:	4699      	mov	r9, r3
10001578:	b5e0      	push	{r5, r6, r7, lr}
1000157a:	4653      	mov	r3, sl
1000157c:	0016      	movs	r6, r2
1000157e:	464a      	mov	r2, r9
10001580:	589b      	ldr	r3, [r3, r2]
10001582:	0007      	movs	r7, r0
10001584:	000d      	movs	r5, r1
10001586:	2b00      	cmp	r3, #0
10001588:	d034      	beq.n	100015f4 <gpio_set_irq_enabled_with_callback+0x98>
1000158a:	4643      	mov	r3, r8
1000158c:	2b00      	cmp	r3, #0
1000158e:	d03f      	beq.n	10001610 <gpio_set_irq_enabled_with_callback+0xb4>
10001590:	4653      	mov	r3, sl
10001592:	464a      	mov	r2, r9
10001594:	4641      	mov	r1, r8
10001596:	5099      	str	r1, [r3, r2]
10001598:	23d0      	movs	r3, #208	@ 0xd0
1000159a:	061b      	lsls	r3, r3, #24
1000159c:	681c      	ldr	r4, [r3, #0]
1000159e:	4263      	negs	r3, r4
100015a0:	415c      	adcs	r4, r3
100015a2:	222f      	movs	r2, #47	@ 0x2f
100015a4:	2007      	movs	r0, #7
100015a6:	4263      	negs	r3, r4
100015a8:	4393      	bics	r3, r2
100015aa:	4a1d      	ldr	r2, [pc, #116]	@ (10001620 <gpio_set_irq_enabled_with_callback+0xc4>)
100015ac:	4038      	ands	r0, r7
100015ae:	4694      	mov	ip, r2
100015b0:	08fa      	lsrs	r2, r7, #3
100015b2:	0011      	movs	r1, r2
100015b4:	0080      	lsls	r0, r0, #2
100015b6:	4085      	lsls	r5, r0
100015b8:	313c      	adds	r1, #60	@ 0x3c
100015ba:	481a      	ldr	r0, [pc, #104]	@ (10001624 <gpio_set_irq_enabled_with_callback+0xc8>)
100015bc:	4463      	add	r3, ip
100015be:	0089      	lsls	r1, r1, #2
100015c0:	0092      	lsls	r2, r2, #2
100015c2:	500d      	str	r5, [r1, r0]
100015c4:	189b      	adds	r3, r3, r2
100015c6:	2e00      	cmp	r6, #0
100015c8:	d00e      	beq.n	100015e8 <gpio_set_irq_enabled_with_callback+0x8c>
100015ca:	2280      	movs	r2, #128	@ 0x80
100015cc:	0192      	lsls	r2, r2, #6
100015ce:	4694      	mov	ip, r2
100015d0:	4463      	add	r3, ip
100015d2:	2101      	movs	r1, #1
100015d4:	200d      	movs	r0, #13
100015d6:	601d      	str	r5, [r3, #0]
100015d8:	f000 f90a 	bl	100017f0 <irq_set_enabled>
100015dc:	bcf0      	pop	{r4, r5, r6, r7}
100015de:	46bb      	mov	fp, r7
100015e0:	46b2      	mov	sl, r6
100015e2:	46a9      	mov	r9, r5
100015e4:	46a0      	mov	r8, r4
100015e6:	bdf8      	pop	{r3, r4, r5, r6, r7, pc}
100015e8:	22c0      	movs	r2, #192	@ 0xc0
100015ea:	0192      	lsls	r2, r2, #6
100015ec:	4694      	mov	ip, r2
100015ee:	4463      	add	r3, ip
100015f0:	601d      	str	r5, [r3, #0]
100015f2:	e7f3      	b.n	100015dc <gpio_set_irq_enabled_with_callback+0x80>
100015f4:	4643      	mov	r3, r8
100015f6:	2b00      	cmp	r3, #0
100015f8:	d0d1      	beq.n	1000159e <gpio_set_irq_enabled_with_callback+0x42>
100015fa:	4653      	mov	r3, sl
100015fc:	4641      	mov	r1, r8
100015fe:	200d      	movs	r0, #13
10001600:	5099      	str	r1, [r3, r2]
10001602:	2200      	movs	r2, #0
10001604:	4908      	ldr	r1, [pc, #32]	@ (10001628 <gpio_set_irq_enabled_with_callback+0xcc>)
10001606:	f000 f955 	bl	100018b4 <irq_add_shared_handler>
1000160a:	465b      	mov	r3, fp
1000160c:	681c      	ldr	r4, [r3, #0]
1000160e:	e7c6      	b.n	1000159e <gpio_set_irq_enabled_with_callback+0x42>
10001610:	200d      	movs	r0, #13
10001612:	4905      	ldr	r1, [pc, #20]	@ (10001628 <gpio_set_irq_enabled_with_callback+0xcc>)
10001614:	f000 fa48 	bl	10001aa8 <irq_remove_handler>
10001618:	e7ba      	b.n	10001590 <gpio_set_irq_enabled_with_callback+0x34>
1000161a:	46c0      	nop			@ (mov r8, r8)
1000161c:	20001b18 	.word	0x20001b18
10001620:	40014130 	.word	0x40014130
10001624:	40014000 	.word	0x40014000
10001628:	100011e1 	.word	0x100011e1

1000162c <gpio_init>:
1000162c:	2301      	movs	r3, #1
1000162e:	22d0      	movs	r2, #208	@ 0xd0
10001630:	4083      	lsls	r3, r0
10001632:	0612      	lsls	r2, r2, #24
10001634:	6293      	str	r3, [r2, #40]	@ 0x28
10001636:	6193      	str	r3, [r2, #24]
10001638:	4a09      	ldr	r2, [pc, #36]	@ (10001660 <gpio_init+0x34>)
1000163a:	0083      	lsls	r3, r0, #2
1000163c:	189a      	adds	r2, r3, r2
1000163e:	6811      	ldr	r1, [r2, #0]
10001640:	2240      	movs	r2, #64	@ 0x40
10001642:	4051      	eors	r1, r2
10001644:	3280      	adds	r2, #128	@ 0x80
10001646:	400a      	ands	r2, r1
10001648:	4906      	ldr	r1, [pc, #24]	@ (10001664 <gpio_init+0x38>)
1000164a:	00c0      	lsls	r0, r0, #3
1000164c:	468c      	mov	ip, r1
1000164e:	4463      	add	r3, ip
10001650:	601a      	str	r2, [r3, #0]
10001652:	4b05      	ldr	r3, [pc, #20]	@ (10001668 <gpio_init+0x3c>)
10001654:	469c      	mov	ip, r3
10001656:	2305      	movs	r3, #5
10001658:	4460      	add	r0, ip
1000165a:	6043      	str	r3, [r0, #4]
1000165c:	4770      	bx	lr
1000165e:	46c0      	nop			@ (mov r8, r8)
10001660:	4001c004 	.word	0x4001c004
10001664:	4001d004 	.word	0x4001d004
10001668:	40014000 	.word	0x40014000

1000166c <rp2040_chip_version>:
1000166c:	2380      	movs	r3, #128	@ 0x80
1000166e:	05db      	lsls	r3, r3, #23
10001670:	6818      	ldr	r0, [r3, #0]
10001672:	0f00      	lsrs	r0, r0, #28
10001674:	4770      	bx	lr
10001676:	46c0      	nop			@ (mov r8, r8)

10001678 <panic>:
10001678:	b40f      	push	{r0, r1, r2, r3}
1000167a:	b500      	push	{lr}
1000167c:	4808      	ldr	r0, [pc, #32]	@ (100016a0 <panic+0x28>)
1000167e:	b083      	sub	sp, #12
10001680:	f004 f942 	bl	10005908 <__wrap_puts>
10001684:	9b04      	ldr	r3, [sp, #16]
10001686:	2b00      	cmp	r3, #0
10001688:	d007      	beq.n	1000169a <panic+0x22>
1000168a:	a905      	add	r1, sp, #20
1000168c:	0018      	movs	r0, r3
1000168e:	9101      	str	r1, [sp, #4]
10001690:	f003 ff90 	bl	100055b4 <weak_raw_vprintf>
10001694:	4803      	ldr	r0, [pc, #12]	@ (100016a4 <panic+0x2c>)
10001696:	f004 f937 	bl	10005908 <__wrap_puts>
1000169a:	2001      	movs	r0, #1
1000169c:	f003 ffa2 	bl	100055e4 <_exit>
100016a0:	10008948 	.word	0x10008948
100016a4:	10008958 	.word	0x10008958

100016a8 <hw_claim_or_assert>:
100016a8:	b570      	push	{r4, r5, r6, lr}
100016aa:	f3ef 8c10 	mrs	ip, PRIMASK
100016ae:	b672      	cpsid	i
100016b0:	4d0d      	ldr	r5, [pc, #52]	@ (100016e8 <hw_claim_or_assert+0x40>)
100016b2:	682b      	ldr	r3, [r5, #0]
100016b4:	2b00      	cmp	r3, #0
100016b6:	d0fc      	beq.n	100016b2 <hw_claim_or_assert+0xa>
100016b8:	f3bf 8f5f 	dmb	sy
100016bc:	2407      	movs	r4, #7
100016be:	08cb      	lsrs	r3, r1, #3
100016c0:	18c6      	adds	r6, r0, r3
100016c2:	5cc0      	ldrb	r0, [r0, r3]
100016c4:	2301      	movs	r3, #1
100016c6:	400c      	ands	r4, r1
100016c8:	40a3      	lsls	r3, r4
100016ca:	001c      	movs	r4, r3
100016cc:	4004      	ands	r4, r0
100016ce:	4203      	tst	r3, r0
100016d0:	d107      	bne.n	100016e2 <hw_claim_or_assert+0x3a>
100016d2:	4318      	orrs	r0, r3
100016d4:	7030      	strb	r0, [r6, #0]
100016d6:	f3bf 8f5f 	dmb	sy
100016da:	602c      	str	r4, [r5, #0]
100016dc:	f38c 8810 	msr	PRIMASK, ip
100016e0:	bd70      	pop	{r4, r5, r6, pc}
100016e2:	0010      	movs	r0, r2
100016e4:	f7ff ffc8 	bl	10001678 <panic>
100016e8:	d000012c 	.word	0xd000012c

100016ec <hw_claim_unused_from_range>:
100016ec:	b5f8      	push	{r3, r4, r5, r6, r7, lr}
100016ee:	4647      	mov	r7, r8
100016f0:	46ce      	mov	lr, r9
100016f2:	4688      	mov	r8, r1
100016f4:	b580      	push	{r7, lr}
100016f6:	f3ef 8c10 	mrs	ip, PRIMASK
100016fa:	b672      	cpsid	i
100016fc:	4d1c      	ldr	r5, [pc, #112]	@ (10001770 <hw_claim_unused_from_range+0x84>)
100016fe:	682c      	ldr	r4, [r5, #0]
10001700:	2c00      	cmp	r4, #0
10001702:	d0fc      	beq.n	100016fe <hw_claim_unused_from_range+0x12>
10001704:	f3bf 8f5f 	dmb	sy
10001708:	429a      	cmp	r2, r3
1000170a:	d822      	bhi.n	10001752 <hw_claim_unused_from_range+0x66>
1000170c:	2107      	movs	r1, #7
1000170e:	2601      	movs	r6, #1
10001710:	4689      	mov	r9, r1
10001712:	e002      	b.n	1000171a <hw_claim_unused_from_range+0x2e>
10001714:	3201      	adds	r2, #1
10001716:	4293      	cmp	r3, r2
10001718:	d318      	bcc.n	1000174c <hw_claim_unused_from_range+0x60>
1000171a:	464d      	mov	r5, r9
1000171c:	0037      	movs	r7, r6
1000171e:	4015      	ands	r5, r2
10001720:	40af      	lsls	r7, r5
10001722:	08d4      	lsrs	r4, r2, #3
10001724:	1901      	adds	r1, r0, r4
10001726:	5d04      	ldrb	r4, [r0, r4]
10001728:	4227      	tst	r7, r4
1000172a:	d1f3      	bne.n	10001714 <hw_claim_unused_from_range+0x28>
1000172c:	0010      	movs	r0, r2
1000172e:	433c      	orrs	r4, r7
10001730:	700c      	strb	r4, [r1, #0]
10001732:	f3bf 8f5f 	dmb	sy
10001736:	2200      	movs	r2, #0
10001738:	4b0d      	ldr	r3, [pc, #52]	@ (10001770 <hw_claim_unused_from_range+0x84>)
1000173a:	601a      	str	r2, [r3, #0]
1000173c:	f38c 8810 	msr	PRIMASK, ip
10001740:	2800      	cmp	r0, #0
10001742:	db0e      	blt.n	10001762 <hw_claim_unused_from_range+0x76>
10001744:	bcc0      	pop	{r6, r7}
10001746:	46b9      	mov	r9, r7
10001748:	46b0      	mov	r8, r6
1000174a:	bdf8      	pop	{r3, r4, r5, r6, r7, pc}
1000174c:	2001      	movs	r0, #1
1000174e:	4240      	negs	r0, r0
10001750:	e7ef      	b.n	10001732 <hw_claim_unused_from_range+0x46>
10001752:	f3bf 8f5f 	dmb	sy
10001756:	2300      	movs	r3, #0
10001758:	602b      	str	r3, [r5, #0]
1000175a:	f38c 8810 	msr	PRIMASK, ip
1000175e:	2001      	movs	r0, #1
10001760:	4240      	negs	r0, r0
10001762:	4643      	mov	r3, r8
10001764:	2b00      	cmp	r3, #0
10001766:	d0ed      	beq.n	10001744 <hw_claim_unused_from_range+0x58>
10001768:	9808      	ldr	r0, [sp, #32]
1000176a:	f7ff ff85 	bl	10001678 <panic>
1000176e:	46c0      	nop			@ (mov r8, r8)
10001770:	d000012c 	.word	0xd000012c

10001774 <next_striped_spin_lock_num>:
10001774:	4a04      	ldr	r2, [pc, #16]	@ (10001788 <next_striped_spin_lock_num+0x14>)
10001776:	7810      	ldrb	r0, [r2, #0]
10001778:	1c43      	adds	r3, r0, #1
1000177a:	b2db      	uxtb	r3, r3
1000177c:	2b17      	cmp	r3, #23
1000177e:	d900      	bls.n	10001782 <next_striped_spin_lock_num+0xe>
10001780:	2310      	movs	r3, #16
10001782:	7013      	strb	r3, [r2, #0]
10001784:	4770      	bx	lr
10001786:	46c0      	nop			@ (mov r8, r8)
10001788:	20000fe0 	.word	0x20000fe0

1000178c <spin_lock_claim_unused>:
1000178c:	b510      	push	{r4, lr}
1000178e:	4b06      	ldr	r3, [pc, #24]	@ (100017a8 <spin_lock_claim_unused+0x1c>)
10001790:	4c06      	ldr	r4, [pc, #24]	@ (100017ac <spin_lock_claim_unused+0x20>)
10001792:	b082      	sub	sp, #8
10001794:	0001      	movs	r1, r0
10001796:	9300      	str	r3, [sp, #0]
10001798:	2218      	movs	r2, #24
1000179a:	231f      	movs	r3, #31
1000179c:	0020      	movs	r0, r4
1000179e:	f7ff ffa5 	bl	100016ec <hw_claim_unused_from_range>
100017a2:	b002      	add	sp, #8
100017a4:	bd10      	pop	{r4, pc}
100017a6:	46c0      	nop			@ (mov r8, r8)
100017a8:	1000895c 	.word	0x1000895c
100017ac:	20001b28 	.word	0x20001b28

100017b0 <spin_locks_reset>:
100017b0:	2100      	movs	r1, #0
100017b2:	4b04      	ldr	r3, [pc, #16]	@ (100017c4 <spin_locks_reset+0x14>)
100017b4:	4a04      	ldr	r2, [pc, #16]	@ (100017c8 <spin_locks_reset+0x18>)
100017b6:	f3bf 8f5f 	dmb	sy
100017ba:	c302      	stmia	r3!, {r1}
100017bc:	4293      	cmp	r3, r2
100017be:	d1fa      	bne.n	100017b6 <spin_locks_reset+0x6>
100017c0:	4770      	bx	lr
100017c2:	46c0      	nop			@ (mov r8, r8)
100017c4:	d0000100 	.word	0xd0000100
100017c8:	d0000180 	.word	0xd0000180

100017cc <runtime_init_per_core_irq_priorities>:
100017cc:	4b05      	ldr	r3, [pc, #20]	@ (100017e4 <runtime_init_per_core_irq_priorities+0x18>)
100017ce:	4a06      	ldr	r2, [pc, #24]	@ (100017e8 <runtime_init_per_core_irq_priorities+0x1c>)
100017d0:	6013      	str	r3, [r2, #0]
100017d2:	4a06      	ldr	r2, [pc, #24]	@ (100017ec <runtime_init_per_core_irq_priorities+0x20>)
100017d4:	6013      	str	r3, [r2, #0]
100017d6:	6053      	str	r3, [r2, #4]
100017d8:	6093      	str	r3, [r2, #8]
100017da:	60d3      	str	r3, [r2, #12]
100017dc:	6113      	str	r3, [r2, #16]
100017de:	6153      	str	r3, [r2, #20]
100017e0:	6193      	str	r3, [r2, #24]
100017e2:	4770      	bx	lr
100017e4:	80808080 	.word	0x80808080
100017e8:	e000e400 	.word	0xe000e400
100017ec:	e000e404 	.word	0xe000e404

100017f0 <irq_set_enabled>:
100017f0:	231f      	movs	r3, #31
100017f2:	4018      	ands	r0, r3
100017f4:	3b1e      	subs	r3, #30
100017f6:	4083      	lsls	r3, r0
100017f8:	2900      	cmp	r1, #0
100017fa:	d005      	beq.n	10001808 <irq_set_enabled+0x18>
100017fc:	21c0      	movs	r1, #192	@ 0xc0
100017fe:	4a04      	ldr	r2, [pc, #16]	@ (10001810 <irq_set_enabled+0x20>)
10001800:	0049      	lsls	r1, r1, #1
10001802:	5053      	str	r3, [r2, r1]
10001804:	6013      	str	r3, [r2, #0]
10001806:	4770      	bx	lr
10001808:	2280      	movs	r2, #128	@ 0x80
1000180a:	4901      	ldr	r1, [pc, #4]	@ (10001810 <irq_set_enabled+0x20>)
1000180c:	508b      	str	r3, [r1, r2]
1000180e:	e7fa      	b.n	10001806 <irq_set_enabled+0x16>
10001810:	e000e100 	.word	0xe000e100

10001814 <irq_is_enabled>:
10001814:	2201      	movs	r2, #1
10001816:	4082      	lsls	r2, r0
10001818:	4b03      	ldr	r3, [pc, #12]	@ (10001828 <irq_is_enabled+0x14>)
1000181a:	681b      	ldr	r3, [r3, #0]
1000181c:	4013      	ands	r3, r2
1000181e:	1e5a      	subs	r2, r3, #1
10001820:	4193      	sbcs	r3, r2
10001822:	b2d8      	uxtb	r0, r3
10001824:	4770      	bx	lr
10001826:	46c0      	nop			@ (mov r8, r8)
10001828:	e000e100 	.word	0xe000e100

1000182c <irq_set_pending>:
1000182c:	2301      	movs	r3, #1
1000182e:	4083      	lsls	r3, r0
10001830:	4a01      	ldr	r2, [pc, #4]	@ (10001838 <irq_set_pending+0xc>)
10001832:	6013      	str	r3, [r2, #0]
10001834:	4770      	bx	lr
10001836:	46c0      	nop			@ (mov r8, r8)
10001838:	e000e200 	.word	0xe000e200

1000183c <irq_has_shared_handler>:
1000183c:	4b06      	ldr	r3, [pc, #24]	@ (10001858 <irq_has_shared_handler+0x1c>)
1000183e:	3010      	adds	r0, #16
10001840:	689b      	ldr	r3, [r3, #8]
10001842:	0080      	lsls	r0, r0, #2
10001844:	58c3      	ldr	r3, [r0, r3]
10001846:	4a05      	ldr	r2, [pc, #20]	@ (1000185c <irq_has_shared_handler+0x20>)
10001848:	2000      	movs	r0, #0
1000184a:	1a9b      	subs	r3, r3, r2
1000184c:	222f      	movs	r2, #47	@ 0x2f
1000184e:	429a      	cmp	r2, r3
10001850:	4140      	adcs	r0, r0
10001852:	b2c0      	uxtb	r0, r0
10001854:	4770      	bx	lr
10001856:	46c0      	nop			@ (mov r8, r8)
10001858:	e000ed00 	.word	0xe000ed00
1000185c:	20000fe4 	.word	0x20000fe4

10001860 <irq_set_exclusive_handler>:
10001860:	b570      	push	{r4, r5, r6, lr}
10001862:	000d      	movs	r5, r1
10001864:	f3ef 8610 	mrs	r6, PRIMASK
10001868:	b672      	cpsid	i
1000186a:	4a0f      	ldr	r2, [pc, #60]	@ (100018a8 <irq_set_exclusive_handler+0x48>)
1000186c:	6813      	ldr	r3, [r2, #0]
1000186e:	2b00      	cmp	r3, #0
10001870:	d0fc      	beq.n	1000186c <irq_set_exclusive_handler+0xc>
10001872:	f3bf 8f5f 	dmb	sy
10001876:	4b0d      	ldr	r3, [pc, #52]	@ (100018ac <irq_set_exclusive_handler+0x4c>)
10001878:	3010      	adds	r0, #16
1000187a:	689b      	ldr	r3, [r3, #8]
1000187c:	0084      	lsls	r4, r0, #2
1000187e:	591b      	ldr	r3, [r3, r4]
10001880:	4a0b      	ldr	r2, [pc, #44]	@ (100018b0 <irq_set_exclusive_handler+0x50>)
10001882:	4293      	cmp	r3, r2
10001884:	d003      	beq.n	1000188e <irq_set_exclusive_handler+0x2e>
10001886:	429d      	cmp	r5, r3
10001888:	d001      	beq.n	1000188e <irq_set_exclusive_handler+0x2e>
1000188a:	f001 f95f 	bl	10002b4c <hard_assertion_failure>
1000188e:	4b07      	ldr	r3, [pc, #28]	@ (100018ac <irq_set_exclusive_handler+0x4c>)
10001890:	689b      	ldr	r3, [r3, #8]
10001892:	511d      	str	r5, [r3, r4]
10001894:	f3bf 8f5f 	dmb	sy
10001898:	f3bf 8f5f 	dmb	sy
1000189c:	2200      	movs	r2, #0
1000189e:	4b02      	ldr	r3, [pc, #8]	@ (100018a8 <irq_set_exclusive_handler+0x48>)
100018a0:	601a      	str	r2, [r3, #0]
100018a2:	f386 8810 	msr	PRIMASK, r6
100018a6:	bd70      	pop	{r4, r5, r6, pc}
100018a8:	d0000124 	.word	0xd0000124
100018ac:	e000ed00 	.word	0xe000ed00
100018b0:	100001c1 	.word	0x100001c1

100018b4 <irq_add_shared_handler>:
100018b4:	b5f0      	push	{r4, r5, r6, r7, lr}
100018b6:	4657      	mov	r7, sl
100018b8:	464e      	mov	r6, r9
100018ba:	46de      	mov	lr, fp
100018bc:	4645      	mov	r5, r8
100018be:	b5e0      	push	{r5, r6, r7, lr}
100018c0:	b085      	sub	sp, #20
100018c2:	0006      	movs	r6, r0
100018c4:	9100      	str	r1, [sp, #0]
100018c6:	0017      	movs	r7, r2
100018c8:	f3ef 8b10 	mrs	fp, PRIMASK
100018cc:	b672      	cpsid	i
100018ce:	4a6a      	ldr	r2, [pc, #424]	@ (10001a78 <irq_add_shared_handler+0x1c4>)
100018d0:	6813      	ldr	r3, [r2, #0]
100018d2:	2b00      	cmp	r3, #0
100018d4:	d0fc      	beq.n	100018d0 <irq_add_shared_handler+0x1c>
100018d6:	f3bf 8f5f 	dmb	sy
100018da:	2500      	movs	r5, #0
100018dc:	4b67      	ldr	r3, [pc, #412]	@ (10001a7c <irq_add_shared_handler+0x1c8>)
100018de:	575d      	ldrsb	r5, [r3, r5]
100018e0:	469a      	mov	sl, r3
100018e2:	2d00      	cmp	r5, #0
100018e4:	da00      	bge.n	100018e8 <irq_add_shared_handler+0x34>
100018e6:	e0a9      	b.n	10001a3c <irq_add_shared_handler+0x188>
100018e8:	006b      	lsls	r3, r5, #1
100018ea:	4c65      	ldr	r4, [pc, #404]	@ (10001a80 <irq_add_shared_handler+0x1cc>)
100018ec:	9301      	str	r3, [sp, #4]
100018ee:	195b      	adds	r3, r3, r5
100018f0:	009b      	lsls	r3, r3, #2
100018f2:	4698      	mov	r8, r3
100018f4:	46a1      	mov	r9, r4
100018f6:	44c1      	add	r9, r8
100018f8:	464b      	mov	r3, r9
100018fa:	4652      	mov	r2, sl
100018fc:	799b      	ldrb	r3, [r3, #6]
100018fe:	3610      	adds	r6, #16
10001900:	7013      	strb	r3, [r2, #0]
10001902:	4b60      	ldr	r3, [pc, #384]	@ (10001a84 <irq_add_shared_handler+0x1d0>)
10001904:	00b6      	lsls	r6, r6, #2
10001906:	689b      	ldr	r3, [r3, #8]
10001908:	5999      	ldr	r1, [r3, r6]
1000190a:	1b0b      	subs	r3, r1, r4
1000190c:	2b2f      	cmp	r3, #47	@ 0x2f
1000190e:	d933      	bls.n	10001978 <irq_add_shared_handler+0xc4>
10001910:	4b5d      	ldr	r3, [pc, #372]	@ (10001a88 <irq_add_shared_handler+0x1d4>)
10001912:	4299      	cmp	r1, r3
10001914:	d000      	beq.n	10001918 <irq_add_shared_handler+0x64>
10001916:	e0ac      	b.n	10001a72 <irq_add_shared_handler+0x1be>
10001918:	9b01      	ldr	r3, [sp, #4]
1000191a:	4642      	mov	r2, r8
1000191c:	469c      	mov	ip, r3
1000191e:	4b5b      	ldr	r3, [pc, #364]	@ (10001a8c <irq_add_shared_handler+0x1d8>)
10001920:	4465      	add	r5, ip
10001922:	00ad      	lsls	r5, r5, #2
10001924:	5363      	strh	r3, [r4, r5]
10001926:	4b5a      	ldr	r3, [pc, #360]	@ (10001a90 <irq_add_shared_handler+0x1dc>)
10001928:	3202      	adds	r2, #2
1000192a:	18a2      	adds	r2, r4, r2
1000192c:	3b04      	subs	r3, #4
1000192e:	1a9b      	subs	r3, r3, r2
10001930:	051b      	lsls	r3, r3, #20
10001932:	4a58      	ldr	r2, [pc, #352]	@ (10001a94 <irq_add_shared_handler+0x1e0>)
10001934:	0d5b      	lsrs	r3, r3, #21
10001936:	1965      	adds	r5, r4, r5
10001938:	4313      	orrs	r3, r2
1000193a:	806b      	strh	r3, [r5, #2]
1000193c:	4b56      	ldr	r3, [pc, #344]	@ (10001a98 <irq_add_shared_handler+0x1e4>)
1000193e:	2101      	movs	r1, #1
10001940:	80ab      	strh	r3, [r5, #4]
10001942:	23ff      	movs	r3, #255	@ 0xff
10001944:	71ab      	strb	r3, [r5, #6]
10001946:	9b00      	ldr	r3, [sp, #0]
10001948:	71ef      	strb	r7, [r5, #7]
1000194a:	60ab      	str	r3, [r5, #8]
1000194c:	464b      	mov	r3, r9
1000194e:	430b      	orrs	r3, r1
10001950:	0019      	movs	r1, r3
10001952:	4b4c      	ldr	r3, [pc, #304]	@ (10001a84 <irq_add_shared_handler+0x1d0>)
10001954:	689b      	ldr	r3, [r3, #8]
10001956:	5199      	str	r1, [r3, r6]
10001958:	f3bf 8f5f 	dmb	sy
1000195c:	f3bf 8f5f 	dmb	sy
10001960:	2200      	movs	r2, #0
10001962:	4b45      	ldr	r3, [pc, #276]	@ (10001a78 <irq_add_shared_handler+0x1c4>)
10001964:	601a      	str	r2, [r3, #0]
10001966:	f38b 8810 	msr	PRIMASK, fp
1000196a:	b005      	add	sp, #20
1000196c:	bcf0      	pop	{r4, r5, r6, r7}
1000196e:	46bb      	mov	fp, r7
10001970:	46b2      	mov	sl, r6
10001972:	46a9      	mov	r9, r5
10001974:	46a0      	mov	r8, r4
10001976:	bdf0      	pop	{r4, r5, r6, r7, pc}
10001978:	2001      	movs	r0, #1
1000197a:	000a      	movs	r2, r1
1000197c:	4382      	bics	r2, r0
1000197e:	79d3      	ldrb	r3, [r2, #7]
10001980:	468c      	mov	ip, r1
10001982:	42bb      	cmp	r3, r7
10001984:	d831      	bhi.n	100019ea <irq_add_shared_handler+0x136>
10001986:	4645      	mov	r5, r8
10001988:	0013      	movs	r3, r2
1000198a:	4944      	ldr	r1, [pc, #272]	@ (10001a9c <irq_add_shared_handler+0x1e8>)
1000198c:	1b1b      	subs	r3, r3, r4
1000198e:	415b      	adcs	r3, r3
10001990:	4359      	muls	r1, r3
10001992:	0d09      	lsrs	r1, r1, #20
10001994:	4b3d      	ldr	r3, [pc, #244]	@ (10001a8c <irq_add_shared_handler+0x1d8>)
10001996:	5363      	strh	r3, [r4, r5]
10001998:	4b3d      	ldr	r3, [pc, #244]	@ (10001a90 <irq_add_shared_handler+0x1dc>)
1000199a:	3502      	adds	r5, #2
1000199c:	1965      	adds	r5, r4, r5
1000199e:	3b04      	subs	r3, #4
100019a0:	1b5b      	subs	r3, r3, r5
100019a2:	051b      	lsls	r3, r3, #20
100019a4:	4d3b      	ldr	r5, [pc, #236]	@ (10001a94 <irq_add_shared_handler+0x1e0>)
100019a6:	0d5b      	lsrs	r3, r3, #21
100019a8:	432b      	orrs	r3, r5
100019aa:	46aa      	mov	sl, r5
100019ac:	464d      	mov	r5, r9
100019ae:	806b      	strh	r3, [r5, #2]
100019b0:	2504      	movs	r5, #4
100019b2:	46ac      	mov	ip, r5
100019b4:	4655      	mov	r5, sl
100019b6:	44e0      	add	r8, ip
100019b8:	1f13      	subs	r3, r2, #4
100019ba:	4444      	add	r4, r8
100019bc:	1b1b      	subs	r3, r3, r4
100019be:	051b      	lsls	r3, r3, #20
100019c0:	0d5b      	lsrs	r3, r3, #21
100019c2:	431d      	orrs	r5, r3
100019c4:	464b      	mov	r3, r9
100019c6:	7199      	strb	r1, [r3, #6]
100019c8:	9900      	ldr	r1, [sp, #0]
100019ca:	809d      	strh	r5, [r3, #4]
100019cc:	6099      	str	r1, [r3, #8]
100019ce:	4649      	mov	r1, r9
100019d0:	71df      	strb	r7, [r3, #7]
100019d2:	4b33      	ldr	r3, [pc, #204]	@ (10001aa0 <irq_add_shared_handler+0x1ec>)
100019d4:	4301      	orrs	r1, r0
100019d6:	6013      	str	r3, [r2, #0]
100019d8:	e7bb      	b.n	10001952 <irq_add_shared_handler+0x9e>
100019da:	0058      	lsls	r0, r3, #1
100019dc:	18c0      	adds	r0, r0, r3
100019de:	0080      	lsls	r0, r0, #2
100019e0:	1820      	adds	r0, r4, r0
100019e2:	79c1      	ldrb	r1, [r0, #7]
100019e4:	42b9      	cmp	r1, r7
100019e6:	d92f      	bls.n	10001a48 <irq_add_shared_handler+0x194>
100019e8:	0002      	movs	r2, r0
100019ea:	2306      	movs	r3, #6
100019ec:	56d3      	ldrsb	r3, [r2, r3]
100019ee:	2b00      	cmp	r3, #0
100019f0:	daf3      	bge.n	100019da <irq_add_shared_handler+0x126>
100019f2:	9302      	str	r3, [sp, #8]
100019f4:	4b2b      	ldr	r3, [pc, #172]	@ (10001aa4 <irq_add_shared_handler+0x1f0>)
100019f6:	4661      	mov	r1, ip
100019f8:	9303      	str	r3, [sp, #12]
100019fa:	1d13      	adds	r3, r2, #4
100019fc:	469a      	mov	sl, r3
100019fe:	2304      	movs	r3, #4
10001a00:	425b      	negs	r3, r3
10001a02:	469c      	mov	ip, r3
10001a04:	44e1      	add	r9, ip
10001a06:	4650      	mov	r0, sl
10001a08:	464b      	mov	r3, r9
10001a0a:	1a1b      	subs	r3, r3, r0
10001a0c:	051b      	lsls	r3, r3, #20
10001a0e:	0d5b      	lsrs	r3, r3, #21
10001a10:	469c      	mov	ip, r3
10001a12:	4b20      	ldr	r3, [pc, #128]	@ (10001a94 <irq_add_shared_handler+0x1e0>)
10001a14:	7195      	strb	r5, [r2, #6]
10001a16:	4698      	mov	r8, r3
10001a18:	4663      	mov	r3, ip
10001a1a:	4640      	mov	r0, r8
10001a1c:	4303      	orrs	r3, r0
10001a1e:	8093      	strh	r3, [r2, #4]
10001a20:	9b01      	ldr	r3, [sp, #4]
10001a22:	195a      	adds	r2, r3, r5
10001a24:	0092      	lsls	r2, r2, #2
10001a26:	9b03      	ldr	r3, [sp, #12]
10001a28:	18a4      	adds	r4, r4, r2
10001a2a:	80a3      	strh	r3, [r4, #4]
10001a2c:	9b02      	ldr	r3, [sp, #8]
10001a2e:	4a1c      	ldr	r2, [pc, #112]	@ (10001aa0 <irq_add_shared_handler+0x1ec>)
10001a30:	71a3      	strb	r3, [r4, #6]
10001a32:	9b00      	ldr	r3, [sp, #0]
10001a34:	6022      	str	r2, [r4, #0]
10001a36:	71e7      	strb	r7, [r4, #7]
10001a38:	60a3      	str	r3, [r4, #8]
10001a3a:	e78a      	b.n	10001952 <irq_add_shared_handler+0x9e>
10001a3c:	f001 f886 	bl	10002b4c <hard_assertion_failure>
10001a40:	2500      	movs	r5, #0
10001a42:	4653      	mov	r3, sl
10001a44:	575d      	ldrsb	r5, [r3, r5]
10001a46:	e74f      	b.n	100018e8 <irq_add_shared_handler+0x34>
10001a48:	8890      	ldrh	r0, [r2, #4]
10001a4a:	9302      	str	r3, [sp, #8]
10001a4c:	0540      	lsls	r0, r0, #21
10001a4e:	1d13      	adds	r3, r2, #4
10001a50:	469a      	mov	sl, r3
10001a52:	1503      	asrs	r3, r0, #20
10001a54:	4661      	mov	r1, ip
10001a56:	469c      	mov	ip, r3
10001a58:	4640      	mov	r0, r8
10001a5a:	44d4      	add	ip, sl
10001a5c:	4663      	mov	r3, ip
10001a5e:	3004      	adds	r0, #4
10001a60:	1820      	adds	r0, r4, r0
10001a62:	1a18      	subs	r0, r3, r0
10001a64:	23e0      	movs	r3, #224	@ 0xe0
10001a66:	0500      	lsls	r0, r0, #20
10001a68:	0d40      	lsrs	r0, r0, #21
10001a6a:	021b      	lsls	r3, r3, #8
10001a6c:	4318      	orrs	r0, r3
10001a6e:	9003      	str	r0, [sp, #12]
10001a70:	e7c5      	b.n	100019fe <irq_add_shared_handler+0x14a>
10001a72:	f001 f86b 	bl	10002b4c <hard_assertion_failure>
10001a76:	e74f      	b.n	10001918 <irq_add_shared_handler+0x64>
10001a78:	d0000124 	.word	0xd0000124
10001a7c:	2000200d 	.word	0x2000200d
10001a80:	20000fe4 	.word	0x20000fe4
10001a84:	e000ed00 	.word	0xe000ed00
10001a88:	100001c1 	.word	0x100001c1
10001a8c:	ffffa100 	.word	0xffffa100
10001a90:	20001014 	.word	0x20001014
10001a94:	ffffe000 	.word	0xffffe000
10001a98:	ffffbd01 	.word	0xffffbd01
10001a9c:	0000aaaa 	.word	0x0000aaaa
10001aa0:	47804801 	.word	0x47804801
10001aa4:	0000bd01 	.word	0x0000bd01

10001aa8 <irq_remove_handler>:
10001aa8:	b5f0      	push	{r4, r5, r6, r7, lr}
10001aaa:	46de      	mov	lr, fp
10001aac:	4657      	mov	r7, sl
10001aae:	464e      	mov	r6, r9
10001ab0:	4645      	mov	r5, r8
10001ab2:	b5e0      	push	{r5, r6, r7, lr}
10001ab4:	000c      	movs	r4, r1
10001ab6:	b083      	sub	sp, #12
10001ab8:	f3ef 8810 	mrs	r8, PRIMASK
10001abc:	b672      	cpsid	i
10001abe:	4a63      	ldr	r2, [pc, #396]	@ (10001c4c <irq_remove_handler+0x1a4>)
10001ac0:	6813      	ldr	r3, [r2, #0]
10001ac2:	2b00      	cmp	r3, #0
10001ac4:	d0fc      	beq.n	10001ac0 <irq_remove_handler+0x18>
10001ac6:	f3bf 8f5f 	dmb	sy
10001aca:	4b61      	ldr	r3, [pc, #388]	@ (10001c50 <irq_remove_handler+0x1a8>)
10001acc:	4961      	ldr	r1, [pc, #388]	@ (10001c54 <irq_remove_handler+0x1ac>)
10001ace:	689a      	ldr	r2, [r3, #8]
10001ad0:	0003      	movs	r3, r0
10001ad2:	3310      	adds	r3, #16
10001ad4:	009f      	lsls	r7, r3, #2
10001ad6:	59d5      	ldr	r5, [r2, r7]
10001ad8:	9301      	str	r3, [sp, #4]
10001ada:	428d      	cmp	r5, r1
10001adc:	d043      	beq.n	10001b66 <irq_remove_handler+0xbe>
10001ade:	42a5      	cmp	r5, r4
10001ae0:	d054      	beq.n	10001b8c <irq_remove_handler+0xe4>
10001ae2:	4e5d      	ldr	r6, [pc, #372]	@ (10001c58 <irq_remove_handler+0x1b0>)
10001ae4:	1baa      	subs	r2, r5, r6
10001ae6:	2a2f      	cmp	r2, #47	@ 0x2f
10001ae8:	d83d      	bhi.n	10001b66 <irq_remove_handler+0xbe>
10001aea:	4b5c      	ldr	r3, [pc, #368]	@ (10001c5c <irq_remove_handler+0x1b4>)
10001aec:	469b      	mov	fp, r3
10001aee:	681b      	ldr	r3, [r3, #0]
10001af0:	4699      	mov	r9, r3
10001af2:	2301      	movs	r3, #1
10001af4:	001a      	movs	r2, r3
10001af6:	469c      	mov	ip, r3
10001af8:	4082      	lsls	r2, r0
10001afa:	464b      	mov	r3, r9
10001afc:	4013      	ands	r3, r2
10001afe:	221f      	movs	r2, #31
10001b00:	4699      	mov	r9, r3
10001b02:	4663      	mov	r3, ip
10001b04:	4002      	ands	r2, r0
10001b06:	4093      	lsls	r3, r2
10001b08:	469a      	mov	sl, r3
10001b0a:	2280      	movs	r2, #128	@ 0x80
10001b0c:	465b      	mov	r3, fp
10001b0e:	4650      	mov	r0, sl
10001b10:	5098      	str	r0, [r3, r2]
10001b12:	f3bf 8f5f 	dmb	sy
10001b16:	f3ef 8305 	mrs	r3, IPSR
10001b1a:	469b      	mov	fp, r3
10001b1c:	2b00      	cmp	r3, #0
10001b1e:	d037      	beq.n	10001b90 <irq_remove_handler+0xe8>
10001b20:	9b01      	ldr	r3, [sp, #4]
10001b22:	455b      	cmp	r3, fp
10001b24:	d001      	beq.n	10001b2a <irq_remove_handler+0x82>
10001b26:	f001 f811 	bl	10002b4c <hard_assertion_failure>
10001b2a:	2301      	movs	r3, #1
10001b2c:	002a      	movs	r2, r5
10001b2e:	439a      	bics	r2, r3
10001b30:	6890      	ldr	r0, [r2, #8]
10001b32:	4284      	cmp	r4, r0
10001b34:	d108      	bne.n	10001b48 <irq_remove_handler+0xa0>
10001b36:	e076      	b.n	10001c26 <irq_remove_handler+0x17e>
10001b38:	004b      	lsls	r3, r1, #1
10001b3a:	185b      	adds	r3, r3, r1
10001b3c:	009b      	lsls	r3, r3, #2
10001b3e:	18f3      	adds	r3, r6, r3
10001b40:	6898      	ldr	r0, [r3, #8]
10001b42:	4284      	cmp	r4, r0
10001b44:	d036      	beq.n	10001bb4 <irq_remove_handler+0x10c>
10001b46:	001a      	movs	r2, r3
10001b48:	2106      	movs	r1, #6
10001b4a:	5651      	ldrsb	r1, [r2, r1]
10001b4c:	2900      	cmp	r1, #0
10001b4e:	daf3      	bge.n	10001b38 <irq_remove_handler+0x90>
10001b50:	4284      	cmp	r4, r0
10001b52:	d054      	beq.n	10001bfe <irq_remove_handler+0x156>
10001b54:	464b      	mov	r3, r9
10001b56:	2b00      	cmp	r3, #0
10001b58:	d027      	beq.n	10001baa <irq_remove_handler+0x102>
10001b5a:	22c0      	movs	r2, #192	@ 0xc0
10001b5c:	4651      	mov	r1, sl
10001b5e:	4b3f      	ldr	r3, [pc, #252]	@ (10001c5c <irq_remove_handler+0x1b4>)
10001b60:	0052      	lsls	r2, r2, #1
10001b62:	5099      	str	r1, [r3, r2]
10001b64:	6019      	str	r1, [r3, #0]
10001b66:	4b3a      	ldr	r3, [pc, #232]	@ (10001c50 <irq_remove_handler+0x1a8>)
10001b68:	689b      	ldr	r3, [r3, #8]
10001b6a:	51dd      	str	r5, [r3, r7]
10001b6c:	f3bf 8f5f 	dmb	sy
10001b70:	f3bf 8f5f 	dmb	sy
10001b74:	2200      	movs	r2, #0
10001b76:	4b35      	ldr	r3, [pc, #212]	@ (10001c4c <irq_remove_handler+0x1a4>)
10001b78:	601a      	str	r2, [r3, #0]
10001b7a:	f388 8810 	msr	PRIMASK, r8
10001b7e:	b003      	add	sp, #12
10001b80:	bcf0      	pop	{r4, r5, r6, r7}
10001b82:	46bb      	mov	fp, r7
10001b84:	46b2      	mov	sl, r6
10001b86:	46a9      	mov	r9, r5
10001b88:	46a0      	mov	r8, r4
10001b8a:	bdf0      	pop	{r4, r5, r6, r7, pc}
10001b8c:	000d      	movs	r5, r1
10001b8e:	e7ea      	b.n	10001b66 <irq_remove_handler+0xbe>
10001b90:	002a      	movs	r2, r5
10001b92:	4663      	mov	r3, ip
10001b94:	439a      	bics	r2, r3
10001b96:	6890      	ldr	r0, [r2, #8]
10001b98:	4284      	cmp	r4, r0
10001b9a:	d1d5      	bne.n	10001b48 <irq_remove_handler+0xa0>
10001b9c:	2006      	movs	r0, #6
10001b9e:	5610      	ldrsb	r0, [r2, r0]
10001ba0:	0013      	movs	r3, r2
10001ba2:	2800      	cmp	r0, #0
10001ba4:	da0a      	bge.n	10001bbc <irq_remove_handler+0x114>
10001ba6:	000d      	movs	r5, r1
10001ba8:	e031      	b.n	10001c0e <irq_remove_handler+0x166>
10001baa:	2380      	movs	r3, #128	@ 0x80
10001bac:	4651      	mov	r1, sl
10001bae:	4a2b      	ldr	r2, [pc, #172]	@ (10001c5c <irq_remove_handler+0x1b4>)
10001bb0:	50d1      	str	r1, [r2, r3]
10001bb2:	e7d8      	b.n	10001b66 <irq_remove_handler+0xbe>
10001bb4:	2006      	movs	r0, #6
10001bb6:	5618      	ldrsb	r0, [r3, r0]
10001bb8:	2800      	cmp	r0, #0
10001bba:	db21      	blt.n	10001c00 <irq_remove_handler+0x158>
10001bbc:	0042      	lsls	r2, r0, #1
10001bbe:	1811      	adds	r1, r2, r0
10001bc0:	0089      	lsls	r1, r1, #2
10001bc2:	1874      	adds	r4, r6, r1
10001bc4:	468b      	mov	fp, r1
10001bc6:	68a1      	ldr	r1, [r4, #8]
10001bc8:	6099      	str	r1, [r3, #8]
10001bca:	79e1      	ldrb	r1, [r4, #7]
10001bcc:	71d9      	strb	r1, [r3, #7]
10001bce:	2106      	movs	r1, #6
10001bd0:	5661      	ldrsb	r1, [r4, r1]
10001bd2:	7199      	strb	r1, [r3, #6]
10001bd4:	2900      	cmp	r1, #0
10001bd6:	db24      	blt.n	10001c22 <irq_remove_handler+0x17a>
10001bd8:	88a4      	ldrh	r4, [r4, #4]
10001bda:	1af1      	subs	r1, r6, r3
10001bdc:	0564      	lsls	r4, r4, #21
10001bde:	1524      	asrs	r4, r4, #20
10001be0:	445c      	add	r4, fp
10001be2:	1909      	adds	r1, r1, r4
10001be4:	0509      	lsls	r1, r1, #20
10001be6:	4c1e      	ldr	r4, [pc, #120]	@ (10001c60 <irq_remove_handler+0x1b8>)
10001be8:	0d49      	lsrs	r1, r1, #21
10001bea:	4321      	orrs	r1, r4
10001bec:	8099      	strh	r1, [r3, #4]
10001bee:	1813      	adds	r3, r2, r0
10001bf0:	4a1c      	ldr	r2, [pc, #112]	@ (10001c64 <irq_remove_handler+0x1bc>)
10001bf2:	009b      	lsls	r3, r3, #2
10001bf4:	7811      	ldrb	r1, [r2, #0]
10001bf6:	18f3      	adds	r3, r6, r3
10001bf8:	7199      	strb	r1, [r3, #6]
10001bfa:	7010      	strb	r0, [r2, #0]
10001bfc:	e7aa      	b.n	10001b54 <irq_remove_handler+0xac>
10001bfe:	0013      	movs	r3, r2
10001c00:	4659      	mov	r1, fp
10001c02:	2900      	cmp	r1, #0
10001c04:	d114      	bne.n	10001c30 <irq_remove_handler+0x188>
10001c06:	31ff      	adds	r1, #255	@ 0xff
10001c08:	7191      	strb	r1, [r2, #6]
10001c0a:	4917      	ldr	r1, [pc, #92]	@ (10001c68 <irq_remove_handler+0x1c0>)
10001c0c:	8091      	strh	r1, [r2, #4]
10001c0e:	4915      	ldr	r1, [pc, #84]	@ (10001c64 <irq_remove_handler+0x1bc>)
10001c10:	780a      	ldrb	r2, [r1, #0]
10001c12:	719a      	strb	r2, [r3, #6]
10001c14:	4a15      	ldr	r2, [pc, #84]	@ (10001c6c <irq_remove_handler+0x1c4>)
10001c16:	1b9b      	subs	r3, r3, r6
10001c18:	415b      	adcs	r3, r3
10001c1a:	435a      	muls	r2, r3
10001c1c:	0d12      	lsrs	r2, r2, #20
10001c1e:	700a      	strb	r2, [r1, #0]
10001c20:	e798      	b.n	10001b54 <irq_remove_handler+0xac>
10001c22:	4911      	ldr	r1, [pc, #68]	@ (10001c68 <irq_remove_handler+0x1c0>)
10001c24:	e7e2      	b.n	10001bec <irq_remove_handler+0x144>
10001c26:	2006      	movs	r0, #6
10001c28:	5610      	ldrsb	r0, [r2, r0]
10001c2a:	0013      	movs	r3, r2
10001c2c:	2800      	cmp	r0, #0
10001c2e:	dac5      	bge.n	10001bbc <irq_remove_handler+0x114>
10001c30:	4a0f      	ldr	r2, [pc, #60]	@ (10001c70 <irq_remove_handler+0x1c8>)
10001c32:	4910      	ldr	r1, [pc, #64]	@ (10001c74 <irq_remove_handler+0x1cc>)
10001c34:	1ad2      	subs	r2, r2, r3
10001c36:	3a08      	subs	r2, #8
10001c38:	0250      	lsls	r0, r2, #9
10001c3a:	0d40      	lsrs	r0, r0, #21
10001c3c:	4301      	orrs	r1, r0
10001c3e:	8099      	strh	r1, [r3, #4]
10001c40:	490d      	ldr	r1, [pc, #52]	@ (10001c78 <irq_remove_handler+0x1d0>)
10001c42:	0852      	lsrs	r2, r2, #1
10001c44:	430a      	orrs	r2, r1
10001c46:	80da      	strh	r2, [r3, #6]
10001c48:	e784      	b.n	10001b54 <irq_remove_handler+0xac>
10001c4a:	46c0      	nop			@ (mov r8, r8)
10001c4c:	d0000124 	.word	0xd0000124
10001c50:	e000ed00 	.word	0xe000ed00
10001c54:	100001c1 	.word	0x100001c1
10001c58:	20000fe4 	.word	0x20000fe4
10001c5c:	e000e100 	.word	0xe000e100
10001c60:	ffffe000 	.word	0xffffe000
10001c64:	2000200d 	.word	0x2000200d
10001c68:	ffffbd01 	.word	0xffffbd01
10001c6c:	0000aaaa 	.word	0x0000aaaa
10001c70:	2000101e 	.word	0x2000101e
10001c74:	fffff000 	.word	0xfffff000
10001c78:	fffff800 	.word	0xfffff800

10001c7c <irq_add_tail_to_free_list>:
10001c7c:	b570      	push	{r4, r5, r6, lr}
10001c7e:	2401      	movs	r4, #1
10001c80:	4304      	orrs	r4, r0
10001c82:	f3ef 8105 	mrs	r1, IPSR
10001c86:	f3ef 8c10 	mrs	ip, PRIMASK
10001c8a:	b672      	cpsid	i
10001c8c:	4a21      	ldr	r2, [pc, #132]	@ (10001d14 <irq_add_tail_to_free_list+0x98>)
10001c8e:	6813      	ldr	r3, [r2, #0]
10001c90:	2b00      	cmp	r3, #0
10001c92:	d0fc      	beq.n	10001c8e <irq_add_tail_to_free_list+0x12>
10001c94:	f3bf 8f5f 	dmb	sy
10001c98:	4b1f      	ldr	r3, [pc, #124]	@ (10001d18 <irq_add_tail_to_free_list+0x9c>)
10001c9a:	0005      	movs	r5, r0
10001c9c:	4a1f      	ldr	r2, [pc, #124]	@ (10001d1c <irq_add_tail_to_free_list+0xa0>)
10001c9e:	1aed      	subs	r5, r5, r3
10001ca0:	416d      	adcs	r5, r5
10001ca2:	436a      	muls	r2, r5
10001ca4:	0d12      	lsrs	r2, r2, #20
10001ca6:	4d1e      	ldr	r5, [pc, #120]	@ (10001d20 <irq_add_tail_to_free_list+0xa4>)
10001ca8:	0089      	lsls	r1, r1, #2
10001caa:	68ae      	ldr	r6, [r5, #8]
10001cac:	b252      	sxtb	r2, r2
10001cae:	5876      	ldr	r6, [r6, r1]
10001cb0:	42a6      	cmp	r6, r4
10001cb2:	d01c      	beq.n	10001cee <irq_add_tail_to_free_list+0x72>
10001cb4:	2106      	movs	r1, #6
10001cb6:	5659      	ldrsb	r1, [r3, r1]
10001cb8:	4291      	cmp	r1, r2
10001cba:	d01c      	beq.n	10001cf6 <irq_add_tail_to_free_list+0x7a>
10001cbc:	2112      	movs	r1, #18
10001cbe:	5659      	ldrsb	r1, [r3, r1]
10001cc0:	4291      	cmp	r1, r2
10001cc2:	d022      	beq.n	10001d0a <irq_add_tail_to_free_list+0x8e>
10001cc4:	211e      	movs	r1, #30
10001cc6:	5659      	ldrsb	r1, [r3, r1]
10001cc8:	4291      	cmp	r1, r2
10001cca:	d020      	beq.n	10001d0e <irq_add_tail_to_free_list+0x92>
10001ccc:	212a      	movs	r1, #42	@ 0x2a
10001cce:	5659      	ldrsb	r1, [r3, r1]
10001cd0:	2403      	movs	r4, #3
10001cd2:	4291      	cmp	r1, r2
10001cd4:	d010      	beq.n	10001cf8 <irq_add_tail_to_free_list+0x7c>
10001cd6:	4b13      	ldr	r3, [pc, #76]	@ (10001d24 <irq_add_tail_to_free_list+0xa8>)
10001cd8:	7819      	ldrb	r1, [r3, #0]
10001cda:	701a      	strb	r2, [r3, #0]
10001cdc:	7181      	strb	r1, [r0, #6]
10001cde:	f3bf 8f5f 	dmb	sy
10001ce2:	2200      	movs	r2, #0
10001ce4:	4b0b      	ldr	r3, [pc, #44]	@ (10001d14 <irq_add_tail_to_free_list+0x98>)
10001ce6:	601a      	str	r2, [r3, #0]
10001ce8:	f38c 8810 	msr	PRIMASK, ip
10001cec:	bd70      	pop	{r4, r5, r6, pc}
10001cee:	68ab      	ldr	r3, [r5, #8]
10001cf0:	4c0d      	ldr	r4, [pc, #52]	@ (10001d28 <irq_add_tail_to_free_list+0xac>)
10001cf2:	505c      	str	r4, [r3, r1]
10001cf4:	e7ef      	b.n	10001cd6 <irq_add_tail_to_free_list+0x5a>
10001cf6:	2400      	movs	r4, #0
10001cf8:	0061      	lsls	r1, r4, #1
10001cfa:	1909      	adds	r1, r1, r4
10001cfc:	0089      	lsls	r1, r1, #2
10001cfe:	185b      	adds	r3, r3, r1
10001d00:	21ff      	movs	r1, #255	@ 0xff
10001d02:	7199      	strb	r1, [r3, #6]
10001d04:	4909      	ldr	r1, [pc, #36]	@ (10001d2c <irq_add_tail_to_free_list+0xb0>)
10001d06:	8099      	strh	r1, [r3, #4]
10001d08:	e7e5      	b.n	10001cd6 <irq_add_tail_to_free_list+0x5a>
10001d0a:	2401      	movs	r4, #1
10001d0c:	e7f4      	b.n	10001cf8 <irq_add_tail_to_free_list+0x7c>
10001d0e:	2402      	movs	r4, #2
10001d10:	e7f2      	b.n	10001cf8 <irq_add_tail_to_free_list+0x7c>
10001d12:	46c0      	nop			@ (mov r8, r8)
10001d14:	d0000124 	.word	0xd0000124
10001d18:	20000fe4 	.word	0x20000fe4
10001d1c:	0000aaaa 	.word	0x0000aaaa
10001d20:	e000ed00 	.word	0xe000ed00
10001d24:	2000200d 	.word	0x2000200d
10001d28:	100001c1 	.word	0x100001c1
10001d2c:	ffffbd01 	.word	0xffffbd01

10001d30 <user_irq_claim_unused>:
10001d30:	b510      	push	{r4, lr}
10001d32:	4b08      	ldr	r3, [pc, #32]	@ (10001d54 <user_irq_claim_unused+0x24>)
10001d34:	4c08      	ldr	r4, [pc, #32]	@ (10001d58 <user_irq_claim_unused+0x28>)
10001d36:	b082      	sub	sp, #8
10001d38:	0001      	movs	r1, r0
10001d3a:	9300      	str	r3, [sp, #0]
10001d3c:	2200      	movs	r2, #0
10001d3e:	2305      	movs	r3, #5
10001d40:	0020      	movs	r0, r4
10001d42:	f7ff fcd3 	bl	100016ec <hw_claim_unused_from_range>
10001d46:	2800      	cmp	r0, #0
10001d48:	db01      	blt.n	10001d4e <user_irq_claim_unused+0x1e>
10001d4a:	231f      	movs	r3, #31
10001d4c:	1a18      	subs	r0, r3, r0
10001d4e:	b002      	add	sp, #8
10001d50:	bd10      	pop	{r4, pc}
10001d52:	46c0      	nop			@ (mov r8, r8)
10001d54:	10008978 	.word	0x10008978
10001d58:	20002011 	.word	0x20002011

10001d5c <lock_init>:
10001d5c:	4b02      	ldr	r3, [pc, #8]	@ (10001d68 <lock_init+0xc>)
10001d5e:	469c      	mov	ip, r3
10001d60:	4461      	add	r1, ip
10001d62:	0089      	lsls	r1, r1, #2
10001d64:	6001      	str	r1, [r0, #0]
10001d66:	4770      	bx	lr
10001d68:	34000040 	.word	0x34000040

10001d6c <runtime_init_mutex>:
10001d6c:	b570      	push	{r4, r5, r6, lr}
10001d6e:	4c11      	ldr	r4, [pc, #68]	@ (10001db4 <runtime_init_mutex+0x48>)
10001d70:	4d11      	ldr	r5, [pc, #68]	@ (10001db8 <runtime_init_mutex+0x4c>)
10001d72:	42ac      	cmp	r4, r5
10001d74:	d20f      	bcs.n	10001d96 <runtime_init_mutex+0x2a>
10001d76:	26ff      	movs	r6, #255	@ 0xff
10001d78:	6823      	ldr	r3, [r4, #0]
10001d7a:	2b00      	cmp	r3, #0
10001d7c:	d00c      	beq.n	10001d98 <runtime_init_mutex+0x2c>
10001d7e:	f7ff fcf9 	bl	10001774 <next_striped_spin_lock_num>
10001d82:	0001      	movs	r1, r0
10001d84:	0020      	movs	r0, r4
10001d86:	f7ff ffe9 	bl	10001d5c <lock_init>
10001d8a:	80a6      	strh	r6, [r4, #4]
10001d8c:	f3bf 8f5f 	dmb	sy
10001d90:	3408      	adds	r4, #8
10001d92:	42ac      	cmp	r4, r5
10001d94:	d3f0      	bcc.n	10001d78 <runtime_init_mutex+0xc>
10001d96:	bd70      	pop	{r4, r5, r6, pc}
10001d98:	f7ff fcec 	bl	10001774 <next_striped_spin_lock_num>
10001d9c:	0001      	movs	r1, r0
10001d9e:	0020      	movs	r0, r4
10001da0:	f7ff ffdc 	bl	10001d5c <lock_init>
10001da4:	7126      	strb	r6, [r4, #4]
10001da6:	f3bf 8f5f 	dmb	sy
10001daa:	3408      	adds	r4, #8
10001dac:	42ac      	cmp	r4, r5
10001dae:	d3e3      	bcc.n	10001d78 <runtime_init_mutex+0xc>
10001db0:	e7f1      	b.n	10001d96 <runtime_init_mutex+0x2a>
10001db2:	46c0      	nop			@ (mov r8, r8)
10001db4:	200010b0 	.word	0x200010b0
10001db8:	200010b8 	.word	0x200010b8

10001dbc <mutex_init>:
10001dbc:	b510      	push	{r4, lr}
10001dbe:	0004      	movs	r4, r0
10001dc0:	f7ff fcd8 	bl	10001774 <next_striped_spin_lock_num>
10001dc4:	0001      	movs	r1, r0
10001dc6:	0020      	movs	r0, r4
10001dc8:	f7ff ffc8 	bl	10001d5c <lock_init>
10001dcc:	23ff      	movs	r3, #255	@ 0xff
10001dce:	7123      	strb	r3, [r4, #4]
10001dd0:	f3bf 8f5f 	dmb	sy
10001dd4:	bd10      	pop	{r4, pc}
10001dd6:	46c0      	nop			@ (mov r8, r8)

10001dd8 <critical_section_init>:
10001dd8:	b510      	push	{r4, lr}
10001dda:	0004      	movs	r4, r0
10001ddc:	2001      	movs	r0, #1
10001dde:	f7ff fcd5 	bl	1000178c <spin_lock_claim_unused>
10001de2:	4b03      	ldr	r3, [pc, #12]	@ (10001df0 <critical_section_init+0x18>)
10001de4:	18c3      	adds	r3, r0, r3
10001de6:	009b      	lsls	r3, r3, #2
10001de8:	6023      	str	r3, [r4, #0]
10001dea:	f3bf 8f5f 	dmb	sy
10001dee:	bd10      	pop	{r4, pc}
10001df0:	34000040 	.word	0x34000040

10001df4 <critical_section_init_with_lock_num>:
10001df4:	4b03      	ldr	r3, [pc, #12]	@ (10001e04 <critical_section_init_with_lock_num+0x10>)
10001df6:	469c      	mov	ip, r3
10001df8:	4461      	add	r1, ip
10001dfa:	0089      	lsls	r1, r1, #2
10001dfc:	6001      	str	r1, [r0, #0]
10001dfe:	f3bf 8f5f 	dmb	sy
10001e02:	4770      	bx	lr
10001e04:	34000040 	.word	0x34000040

10001e08 <sleep_until_callback>:
10001e08:	4b0a      	ldr	r3, [pc, #40]	@ (10001e34 <sleep_until_callback+0x2c>)
10001e0a:	6819      	ldr	r1, [r3, #0]
10001e0c:	f3ef 8010 	mrs	r0, PRIMASK
10001e10:	b672      	cpsid	i
10001e12:	680a      	ldr	r2, [r1, #0]
10001e14:	2a00      	cmp	r2, #0
10001e16:	d0fc      	beq.n	10001e12 <sleep_until_callback+0xa>
10001e18:	f3bf 8f5f 	dmb	sy
10001e1c:	681b      	ldr	r3, [r3, #0]
10001e1e:	f3bf 8f5f 	dmb	sy
10001e22:	2200      	movs	r2, #0
10001e24:	601a      	str	r2, [r3, #0]
10001e26:	f380 8810 	msr	PRIMASK, r0
10001e2a:	bf40      	sev
10001e2c:	2000      	movs	r0, #0
10001e2e:	2100      	movs	r1, #0
10001e30:	4770      	bx	lr
10001e32:	46c0      	nop			@ (mov r8, r8)
10001e34:	20001fec 	.word	0x20001fec

10001e38 <alarm_pool_irq_handler>:
10001e38:	b5f0      	push	{r4, r5, r6, r7, lr}
10001e3a:	46de      	mov	lr, fp
10001e3c:	4657      	mov	r7, sl
10001e3e:	464e      	mov	r6, r9
10001e40:	4645      	mov	r5, r8
10001e42:	b5e0      	push	{r5, r6, r7, lr}
10001e44:	b087      	sub	sp, #28
10001e46:	f3ef 8305 	mrs	r3, IPSR
10001e4a:	2203      	movs	r2, #3
10001e4c:	2501      	movs	r5, #1
10001e4e:	401a      	ands	r2, r3
10001e50:	4095      	lsls	r5, r2
10001e52:	0091      	lsls	r1, r2, #2
10001e54:	4688      	mov	r8, r1
10001e56:	46a9      	mov	r9, r5
10001e58:	4bb3      	ldr	r3, [pc, #716]	@ (10002128 <alarm_pool_irq_handler+0x2f0>)
10001e5a:	9203      	str	r2, [sp, #12]
10001e5c:	585c      	ldr	r4, [r3, r1]
10001e5e:	4bb3      	ldr	r3, [pc, #716]	@ (1000212c <alarm_pool_irq_handler+0x2f4>)
10001e60:	601d      	str	r5, [r3, #0]
10001e62:	4bb3      	ldr	r3, [pc, #716]	@ (10002130 <alarm_pool_irq_handler+0x2f8>)
10001e64:	9304      	str	r3, [sp, #16]
10001e66:	464b      	mov	r3, r9
10001e68:	48b2      	ldr	r0, [pc, #712]	@ (10002134 <alarm_pool_irq_handler+0x2fc>)
10001e6a:	6343      	str	r3, [r0, #52]	@ 0x34
10001e6c:	2308      	movs	r3, #8
10001e6e:	5ee5      	ldrsh	r5, [r4, r3]
10001e70:	2d00      	cmp	r5, #0
10001e72:	da37      	bge.n	10001ee4 <alarm_pool_irq_handler+0xac>
10001e74:	88a3      	ldrh	r3, [r4, #4]
10001e76:	b21b      	sxth	r3, r3
10001e78:	2b00      	cmp	r3, #0
10001e7a:	db00      	blt.n	10001e7e <alarm_pool_irq_handler+0x46>
10001e7c:	e0ad      	b.n	10001fda <alarm_pool_irq_handler+0x1a2>
10001e7e:	79a3      	ldrb	r3, [r4, #6]
10001e80:	2b00      	cmp	r3, #0
10001e82:	d000      	beq.n	10001e86 <alarm_pool_irq_handler+0x4e>
10001e84:	e0ee      	b.n	10002064 <alarm_pool_irq_handler+0x22c>
10001e86:	2308      	movs	r3, #8
10001e88:	5ee0      	ldrsh	r0, [r4, r3]
10001e8a:	2800      	cmp	r0, #0
10001e8c:	db20      	blt.n	10001ed0 <alarm_pool_irq_handler+0x98>
10001e8e:	0043      	lsls	r3, r0, #1
10001e90:	6962      	ldr	r2, [r4, #20]
10001e92:	181b      	adds	r3, r3, r0
10001e94:	00db      	lsls	r3, r3, #3
10001e96:	18d3      	adds	r3, r2, r3
10001e98:	689e      	ldr	r6, [r3, #8]
10001e9a:	68dd      	ldr	r5, [r3, #12]
10001e9c:	1c73      	adds	r3, r6, #1
10001e9e:	d100      	bne.n	10001ea2 <alarm_pool_irq_handler+0x6a>
10001ea0:	e111      	b.n	100020c6 <alarm_pool_irq_handler+0x28e>
10001ea2:	48a4      	ldr	r0, [pc, #656]	@ (10002134 <alarm_pool_irq_handler+0x2fc>)
10001ea4:	0001      	movs	r1, r0
10001ea6:	4441      	add	r1, r8
10001ea8:	6a82      	ldr	r2, [r0, #40]	@ 0x28
10001eaa:	690b      	ldr	r3, [r1, #16]
10001eac:	1ab7      	subs	r7, r6, r2
10001eae:	1a9b      	subs	r3, r3, r2
10001eb0:	429f      	cmp	r7, r3
10001eb2:	d315      	bcc.n	10001ee0 <alarm_pool_irq_handler+0xa8>
10001eb4:	2301      	movs	r3, #1
10001eb6:	6a02      	ldr	r2, [r0, #32]
10001eb8:	9803      	ldr	r0, [sp, #12]
10001eba:	4083      	lsls	r3, r0
10001ebc:	421a      	tst	r2, r3
10001ebe:	d00f      	beq.n	10001ee0 <alarm_pool_irq_handler+0xa8>
10001ec0:	489c      	ldr	r0, [pc, #624]	@ (10002134 <alarm_pool_irq_handler+0x2fc>)
10001ec2:	f000 fc2b 	bl	1000271c <timer_time_us_64>
10001ec6:	428d      	cmp	r5, r1
10001ec8:	dc02      	bgt.n	10001ed0 <alarm_pool_irq_handler+0x98>
10001eca:	d1cc      	bne.n	10001e66 <alarm_pool_irq_handler+0x2e>
10001ecc:	4286      	cmp	r6, r0
10001ece:	d9ca      	bls.n	10001e66 <alarm_pool_irq_handler+0x2e>
10001ed0:	bf40      	sev
10001ed2:	b007      	add	sp, #28
10001ed4:	bcf0      	pop	{r4, r5, r6, r7}
10001ed6:	46bb      	mov	fp, r7
10001ed8:	46b2      	mov	sl, r6
10001eda:	46a9      	mov	r9, r5
10001edc:	46a0      	mov	r8, r4
10001ede:	bdf0      	pop	{r4, r5, r6, r7, pc}
10001ee0:	610e      	str	r6, [r1, #16]
10001ee2:	e7ed      	b.n	10001ec0 <alarm_pool_irq_handler+0x88>
10001ee4:	6962      	ldr	r2, [r4, #20]
10001ee6:	006b      	lsls	r3, r5, #1
10001ee8:	4692      	mov	sl, r2
10001eea:	195b      	adds	r3, r3, r5
10001eec:	00db      	lsls	r3, r3, #3
10001eee:	449a      	add	sl, r3
10001ef0:	4653      	mov	r3, sl
10001ef2:	689e      	ldr	r6, [r3, #8]
10001ef4:	68df      	ldr	r7, [r3, #12]
10001ef6:	f000 fc11 	bl	1000271c <timer_time_us_64>
10001efa:	428f      	cmp	r7, r1
10001efc:	dcba      	bgt.n	10001e74 <alarm_pool_irq_handler+0x3c>
10001efe:	d100      	bne.n	10001f02 <alarm_pool_irq_handler+0xca>
10001f00:	e103      	b.n	1000210a <alarm_pool_irq_handler+0x2d2>
10001f02:	2f00      	cmp	r7, #0
10001f04:	da00      	bge.n	10001f08 <alarm_pool_irq_handler+0xd0>
10001f06:	e0e8      	b.n	100020da <alarm_pool_irq_handler+0x2a2>
10001f08:	4652      	mov	r2, sl
10001f0a:	4653      	mov	r3, sl
10001f0c:	6952      	ldr	r2, [r2, #20]
10001f0e:	691b      	ldr	r3, [r3, #16]
10001f10:	4693      	mov	fp, r2
10001f12:	9a04      	ldr	r2, [sp, #16]
10001f14:	4293      	cmp	r3, r2
10001f16:	d100      	bne.n	10001f1a <alarm_pool_irq_handler+0xe2>
10001f18:	e0d9      	b.n	100020ce <alarm_pool_irq_handler+0x296>
10001f1a:	4652      	mov	r2, sl
10001f1c:	2108      	movs	r1, #8
10001f1e:	5e60      	ldrsh	r0, [r4, r1]
10001f20:	8852      	ldrh	r2, [r2, #2]
10001f22:	0400      	lsls	r0, r0, #16
10001f24:	4659      	mov	r1, fp
10001f26:	4310      	orrs	r0, r2
10001f28:	4798      	blx	r3
10001f2a:	9000      	str	r0, [sp, #0]
10001f2c:	9101      	str	r1, [sp, #4]
10001f2e:	9900      	ldr	r1, [sp, #0]
10001f30:	9a01      	ldr	r2, [sp, #4]
10001f32:	000b      	movs	r3, r1
10001f34:	0010      	movs	r0, r2
10001f36:	4313      	orrs	r3, r2
10001f38:	d100      	bne.n	10001f3c <alarm_pool_irq_handler+0x104>
10001f3a:	e0ce      	b.n	100020da <alarm_pool_irq_handler+0x2a2>
10001f3c:	0013      	movs	r3, r2
10001f3e:	000a      	movs	r2, r1
10001f40:	1ab6      	subs	r6, r6, r2
10001f42:	419f      	sbcs	r7, r3
10001f44:	2800      	cmp	r0, #0
10001f46:	db06      	blt.n	10001f56 <alarm_pool_irq_handler+0x11e>
10001f48:	487a      	ldr	r0, [pc, #488]	@ (10002134 <alarm_pool_irq_handler+0x2fc>)
10001f4a:	f000 fbe7 	bl	1000271c <timer_time_us_64>
10001f4e:	9e00      	ldr	r6, [sp, #0]
10001f50:	9f01      	ldr	r7, [sp, #4]
10001f52:	1836      	adds	r6, r6, r0
10001f54:	414f      	adcs	r7, r1
10001f56:	4653      	mov	r3, sl
10001f58:	609e      	str	r6, [r3, #8]
10001f5a:	60df      	str	r7, [r3, #12]
10001f5c:	2200      	movs	r2, #0
10001f5e:	5e9a      	ldrsh	r2, [r3, r2]
10001f60:	2a00      	cmp	r2, #0
10001f62:	da00      	bge.n	10001f66 <alarm_pool_irq_handler+0x12e>
10001f64:	e786      	b.n	10001e74 <alarm_pool_irq_handler+0x3c>
10001f66:	0053      	lsls	r3, r2, #1
10001f68:	1899      	adds	r1, r3, r2
10001f6a:	6960      	ldr	r0, [r4, #20]
10001f6c:	00c9      	lsls	r1, r1, #3
10001f6e:	1841      	adds	r1, r0, r1
10001f70:	9302      	str	r3, [sp, #8]
10001f72:	688b      	ldr	r3, [r1, #8]
10001f74:	68c9      	ldr	r1, [r1, #12]
10001f76:	469b      	mov	fp, r3
10001f78:	42b9      	cmp	r1, r7
10001f7a:	dd00      	ble.n	10001f7e <alarm_pool_irq_handler+0x146>
10001f7c:	e77a      	b.n	10001e74 <alarm_pool_irq_handler+0x3c>
10001f7e:	d102      	bne.n	10001f86 <alarm_pool_irq_handler+0x14e>
10001f80:	42b3      	cmp	r3, r6
10001f82:	d900      	bls.n	10001f86 <alarm_pool_irq_handler+0x14e>
10001f84:	e776      	b.n	10001e74 <alarm_pool_irq_handler+0x3c>
10001f86:	2308      	movs	r3, #8
10001f88:	469c      	mov	ip, r3
10001f8a:	44a4      	add	ip, r4
10001f8c:	9505      	str	r5, [sp, #20]
10001f8e:	4665      	mov	r5, ip
10001f90:	8122      	strh	r2, [r4, #8]
10001f92:	46a4      	mov	ip, r4
10001f94:	9b02      	ldr	r3, [sp, #8]
10001f96:	002c      	movs	r4, r5
10001f98:	e006      	b.n	10001fa8 <alarm_pool_irq_handler+0x170>
10001f9a:	0053      	lsls	r3, r2, #1
10001f9c:	1899      	adds	r1, r3, r2
10001f9e:	00c9      	lsls	r1, r1, #3
10001fa0:	1841      	adds	r1, r0, r1
10001fa2:	688d      	ldr	r5, [r1, #8]
10001fa4:	68c9      	ldr	r1, [r1, #12]
10001fa6:	46ab      	mov	fp, r5
10001fa8:	189b      	adds	r3, r3, r2
10001faa:	00db      	lsls	r3, r3, #3
10001fac:	18c3      	adds	r3, r0, r3
10001fae:	42b9      	cmp	r1, r7
10001fb0:	dc06      	bgt.n	10001fc0 <alarm_pool_irq_handler+0x188>
10001fb2:	d100      	bne.n	10001fb6 <alarm_pool_irq_handler+0x17e>
10001fb4:	e0b3      	b.n	1000211e <alarm_pool_irq_handler+0x2e6>
10001fb6:	001c      	movs	r4, r3
10001fb8:	2300      	movs	r3, #0
10001fba:	5ee2      	ldrsh	r2, [r4, r3]
10001fbc:	2a00      	cmp	r2, #0
10001fbe:	daec      	bge.n	10001f9a <alarm_pool_irq_handler+0x162>
10001fc0:	0023      	movs	r3, r4
10001fc2:	4664      	mov	r4, ip
10001fc4:	469c      	mov	ip, r3
10001fc6:	4653      	mov	r3, sl
10001fc8:	801a      	strh	r2, [r3, #0]
10001fca:	4663      	mov	r3, ip
10001fcc:	9d05      	ldr	r5, [sp, #20]
10001fce:	801d      	strh	r5, [r3, #0]
10001fd0:	88a3      	ldrh	r3, [r4, #4]
10001fd2:	b21b      	sxth	r3, r3
10001fd4:	2b00      	cmp	r3, #0
10001fd6:	da00      	bge.n	10001fda <alarm_pool_irq_handler+0x1a2>
10001fd8:	e751      	b.n	10001e7e <alarm_pool_irq_handler+0x46>
10001fda:	6922      	ldr	r2, [r4, #16]
10001fdc:	f3ef 8110 	mrs	r1, PRIMASK
10001fe0:	b672      	cpsid	i
10001fe2:	6813      	ldr	r3, [r2, #0]
10001fe4:	2b00      	cmp	r3, #0
10001fe6:	d0fc      	beq.n	10001fe2 <alarm_pool_irq_handler+0x1aa>
10001fe8:	f3bf 8f5f 	dmb	sy
10001fec:	2301      	movs	r3, #1
10001fee:	88a7      	ldrh	r7, [r4, #4]
10001ff0:	425b      	negs	r3, r3
10001ff2:	80a3      	strh	r3, [r4, #4]
10001ff4:	b23f      	sxth	r7, r7
10001ff6:	6923      	ldr	r3, [r4, #16]
10001ff8:	f3bf 8f5f 	dmb	sy
10001ffc:	2200      	movs	r2, #0
10001ffe:	601a      	str	r2, [r3, #0]
10002000:	f381 8810 	msr	PRIMASK, r1
10002004:	2f00      	cmp	r7, #0
10002006:	da00      	bge.n	1000200a <alarm_pool_irq_handler+0x1d2>
10002008:	e739      	b.n	10001e7e <alarm_pool_irq_handler+0x46>
1000200a:	0023      	movs	r3, r4
1000200c:	3308      	adds	r3, #8
1000200e:	0022      	movs	r2, r4
10002010:	469a      	mov	sl, r3
10002012:	6966      	ldr	r6, [r4, #20]
10002014:	007b      	lsls	r3, r7, #1
10002016:	19db      	adds	r3, r3, r7
10002018:	00db      	lsls	r3, r3, #3
1000201a:	18f3      	adds	r3, r6, r3
1000201c:	6899      	ldr	r1, [r3, #8]
1000201e:	4650      	mov	r0, sl
10002020:	468c      	mov	ip, r1
10002022:	2408      	movs	r4, #8
10002024:	5f11      	ldrsh	r1, [r2, r4]
10002026:	68dd      	ldr	r5, [r3, #12]
10002028:	2900      	cmp	r1, #0
1000202a:	db10      	blt.n	1000204e <alarm_pool_irq_handler+0x216>
1000202c:	9302      	str	r3, [sp, #8]
1000202e:	e006      	b.n	1000203e <alarm_pool_irq_handler+0x206>
10002030:	42ab      	cmp	r3, r5
10002032:	d044      	beq.n	100020be <alarm_pool_irq_handler+0x286>
10002034:	2300      	movs	r3, #0
10002036:	5ee1      	ldrsh	r1, [r4, r3]
10002038:	0020      	movs	r0, r4
1000203a:	2900      	cmp	r1, #0
1000203c:	db06      	blt.n	1000204c <alarm_pool_irq_handler+0x214>
1000203e:	004c      	lsls	r4, r1, #1
10002040:	1864      	adds	r4, r4, r1
10002042:	00e4      	lsls	r4, r4, #3
10002044:	1934      	adds	r4, r6, r4
10002046:	68e3      	ldr	r3, [r4, #12]
10002048:	42ab      	cmp	r3, r5
1000204a:	ddf1      	ble.n	10002030 <alarm_pool_irq_handler+0x1f8>
1000204c:	9b02      	ldr	r3, [sp, #8]
1000204e:	8007      	strh	r7, [r0, #0]
10002050:	2000      	movs	r0, #0
10002052:	5e1f      	ldrsh	r7, [r3, r0]
10002054:	8019      	strh	r1, [r3, #0]
10002056:	2f00      	cmp	r7, #0
10002058:	dadc      	bge.n	10002014 <alarm_pool_irq_handler+0x1dc>
1000205a:	0014      	movs	r4, r2
1000205c:	79a3      	ldrb	r3, [r4, #6]
1000205e:	2b00      	cmp	r3, #0
10002060:	d100      	bne.n	10002064 <alarm_pool_irq_handler+0x22c>
10002062:	e710      	b.n	10001e86 <alarm_pool_irq_handler+0x4e>
10002064:	2300      	movs	r3, #0
10002066:	71a3      	strb	r3, [r4, #6]
10002068:	0026      	movs	r6, r4
1000206a:	2308      	movs	r3, #8
1000206c:	5ee1      	ldrsh	r1, [r4, r3]
1000206e:	3608      	adds	r6, #8
10002070:	1c4b      	adds	r3, r1, #1
10002072:	d100      	bne.n	10002076 <alarm_pool_irq_handler+0x23e>
10002074:	e72c      	b.n	10001ed0 <alarm_pool_irq_handler+0x98>
10002076:	0008      	movs	r0, r1
10002078:	46a2      	mov	sl, r4
1000207a:	6965      	ldr	r5, [r4, #20]
1000207c:	e002      	b.n	10002084 <alarm_pool_irq_handler+0x24c>
1000207e:	003e      	movs	r6, r7
10002080:	1c4b      	adds	r3, r1, #1
10002082:	d01a      	beq.n	100020ba <alarm_pool_irq_handler+0x282>
10002084:	004b      	lsls	r3, r1, #1
10002086:	185b      	adds	r3, r3, r1
10002088:	00db      	lsls	r3, r3, #3
1000208a:	18ef      	adds	r7, r5, r3
1000208c:	000a      	movs	r2, r1
1000208e:	468c      	mov	ip, r1
10002090:	5ee9      	ldrsh	r1, [r5, r3]
10002092:	887b      	ldrh	r3, [r7, #2]
10002094:	b21b      	sxth	r3, r3
10002096:	2b00      	cmp	r3, #0
10002098:	daf1      	bge.n	1000207e <alarm_pool_irq_handler+0x246>
1000209a:	2301      	movs	r3, #1
1000209c:	425b      	negs	r3, r3
1000209e:	17dc      	asrs	r4, r3, #31
100020a0:	60bb      	str	r3, [r7, #8]
100020a2:	60fc      	str	r4, [r7, #12]
100020a4:	4282      	cmp	r2, r0
100020a6:	d005      	beq.n	100020b4 <alarm_pool_irq_handler+0x27c>
100020a8:	4653      	mov	r3, sl
100020aa:	8031      	strh	r1, [r6, #0]
100020ac:	891b      	ldrh	r3, [r3, #8]
100020ae:	803b      	strh	r3, [r7, #0]
100020b0:	4653      	mov	r3, sl
100020b2:	811a      	strh	r2, [r3, #8]
100020b4:	4660      	mov	r0, ip
100020b6:	1c4b      	adds	r3, r1, #1
100020b8:	d1e4      	bne.n	10002084 <alarm_pool_irq_handler+0x24c>
100020ba:	4654      	mov	r4, sl
100020bc:	e6e5      	b.n	10001e8a <alarm_pool_irq_handler+0x52>
100020be:	68a3      	ldr	r3, [r4, #8]
100020c0:	4563      	cmp	r3, ip
100020c2:	d9b7      	bls.n	10002034 <alarm_pool_irq_handler+0x1fc>
100020c4:	e7c2      	b.n	1000204c <alarm_pool_irq_handler+0x214>
100020c6:	1c6b      	adds	r3, r5, #1
100020c8:	d000      	beq.n	100020cc <alarm_pool_irq_handler+0x294>
100020ca:	e6ea      	b.n	10001ea2 <alarm_pool_irq_handler+0x6a>
100020cc:	e6f8      	b.n	10001ec0 <alarm_pool_irq_handler+0x88>
100020ce:	465b      	mov	r3, fp
100020d0:	4658      	mov	r0, fp
100020d2:	691b      	ldr	r3, [r3, #16]
100020d4:	4798      	blx	r3
100020d6:	2800      	cmp	r0, #0
100020d8:	d11b      	bne.n	10002112 <alarm_pool_irq_handler+0x2da>
100020da:	4653      	mov	r3, sl
100020dc:	881b      	ldrh	r3, [r3, #0]
100020de:	6922      	ldr	r2, [r4, #16]
100020e0:	8123      	strh	r3, [r4, #8]
100020e2:	f3ef 8310 	mrs	r3, PRIMASK
100020e6:	b672      	cpsid	i
100020e8:	6811      	ldr	r1, [r2, #0]
100020ea:	2900      	cmp	r1, #0
100020ec:	d0fc      	beq.n	100020e8 <alarm_pool_irq_handler+0x2b0>
100020ee:	f3bf 8f5f 	dmb	sy
100020f2:	4651      	mov	r1, sl
100020f4:	8862      	ldrh	r2, [r4, #2]
100020f6:	800a      	strh	r2, [r1, #0]
100020f8:	6922      	ldr	r2, [r4, #16]
100020fa:	8065      	strh	r5, [r4, #2]
100020fc:	f3bf 8f5f 	dmb	sy
10002100:	2100      	movs	r1, #0
10002102:	6011      	str	r1, [r2, #0]
10002104:	f383 8810 	msr	PRIMASK, r3
10002108:	e6b4      	b.n	10001e74 <alarm_pool_irq_handler+0x3c>
1000210a:	4286      	cmp	r6, r0
1000210c:	d800      	bhi.n	10002110 <alarm_pool_irq_handler+0x2d8>
1000210e:	e6f8      	b.n	10001f02 <alarm_pool_irq_handler+0xca>
10002110:	e6b0      	b.n	10001e74 <alarm_pool_irq_handler+0x3c>
10002112:	465b      	mov	r3, fp
10002114:	681a      	ldr	r2, [r3, #0]
10002116:	685b      	ldr	r3, [r3, #4]
10002118:	9200      	str	r2, [sp, #0]
1000211a:	9301      	str	r3, [sp, #4]
1000211c:	e707      	b.n	10001f2e <alarm_pool_irq_handler+0xf6>
1000211e:	45b3      	cmp	fp, r6
10002120:	d800      	bhi.n	10002124 <alarm_pool_irq_handler+0x2ec>
10002122:	e748      	b.n	10001fb6 <alarm_pool_irq_handler+0x17e>
10002124:	e74c      	b.n	10001fc0 <alarm_pool_irq_handler+0x188>
10002126:	46c0      	nop			@ (mov r8, r8)
10002128:	20001fc8 	.word	0x20001fc8
1000212c:	4005703c 	.word	0x4005703c
10002130:	10001e39 	.word	0x10001e39
10002134:	40054000 	.word	0x40054000

10002138 <runtime_init_default_alarm_pool>:
10002138:	b570      	push	{r4, r5, r6, lr}
1000213a:	4c2e      	ldr	r4, [pc, #184]	@ (100021f4 <runtime_init_default_alarm_pool+0xbc>)
1000213c:	6925      	ldr	r5, [r4, #16]
1000213e:	2d00      	cmp	r5, #0
10002140:	d004      	beq.n	1000214c <runtime_init_default_alarm_pool+0x14>
10002142:	210a      	movs	r1, #10
10002144:	482c      	ldr	r0, [pc, #176]	@ (100021f8 <runtime_init_default_alarm_pool+0xc0>)
10002146:	f7ff fe09 	bl	10001d5c <lock_init>
1000214a:	bd70      	pop	{r4, r5, r6, pc}
1000214c:	4e2b      	ldr	r6, [pc, #172]	@ (100021fc <runtime_init_default_alarm_pool+0xc4>)
1000214e:	2103      	movs	r1, #3
10002150:	0030      	movs	r0, r6
10002152:	f000 fad9 	bl	10002708 <timer_hardware_alarm_claim>
10002156:	60e6      	str	r6, [r4, #12]
10002158:	f7ff fb0c 	bl	10001774 <next_striped_spin_lock_num>
1000215c:	4b28      	ldr	r3, [pc, #160]	@ (10002200 <runtime_init_default_alarm_pool+0xc8>)
1000215e:	2203      	movs	r2, #3
10002160:	469c      	mov	ip, r3
10002162:	23d0      	movs	r3, #208	@ 0xd0
10002164:	7022      	strb	r2, [r4, #0]
10002166:	061b      	lsls	r3, r3, #24
10002168:	681b      	ldr	r3, [r3, #0]
1000216a:	2101      	movs	r1, #1
1000216c:	7063      	strb	r3, [r4, #1]
1000216e:	4b25      	ldr	r3, [pc, #148]	@ (10002204 <runtime_init_default_alarm_pool+0xcc>)
10002170:	4460      	add	r0, ip
10002172:	60a3      	str	r3, [r4, #8]
10002174:	230f      	movs	r3, #15
10002176:	0080      	lsls	r0, r0, #2
10002178:	6120      	str	r0, [r4, #16]
1000217a:	2002      	movs	r0, #2
1000217c:	8063      	strh	r3, [r4, #2]
1000217e:	6963      	ldr	r3, [r4, #20]
10002180:	4249      	negs	r1, r1
10002182:	80a1      	strh	r1, [r4, #4]
10002184:	8019      	strh	r1, [r3, #0]
10002186:	3102      	adds	r1, #2
10002188:	8619      	strh	r1, [r3, #48]	@ 0x30
1000218a:	3147      	adds	r1, #71	@ 0x47
1000218c:	831d      	strh	r5, [r3, #24]
1000218e:	5258      	strh	r0, [r3, r1]
10002190:	3118      	adds	r1, #24
10002192:	525a      	strh	r2, [r3, r1]
10002194:	3275      	adds	r2, #117	@ 0x75
10002196:	395c      	subs	r1, #92	@ 0x5c
10002198:	5299      	strh	r1, [r3, r2]
1000219a:	3218      	adds	r2, #24
1000219c:	3101      	adds	r1, #1
1000219e:	5299      	strh	r1, [r3, r2]
100021a0:	3218      	adds	r2, #24
100021a2:	3101      	adds	r1, #1
100021a4:	5299      	strh	r1, [r3, r2]
100021a6:	3218      	adds	r2, #24
100021a8:	3101      	adds	r1, #1
100021aa:	5299      	strh	r1, [r3, r2]
100021ac:	3508      	adds	r5, #8
100021ae:	3218      	adds	r2, #24
100021b0:	529d      	strh	r5, [r3, r2]
100021b2:	3102      	adds	r1, #2
100021b4:	3218      	adds	r2, #24
100021b6:	5299      	strh	r1, [r3, r2]
100021b8:	3218      	adds	r2, #24
100021ba:	3101      	adds	r1, #1
100021bc:	5299      	strh	r1, [r3, r2]
100021be:	3218      	adds	r2, #24
100021c0:	3101      	adds	r1, #1
100021c2:	5299      	strh	r1, [r3, r2]
100021c4:	3218      	adds	r2, #24
100021c6:	3101      	adds	r1, #1
100021c8:	5299      	strh	r1, [r3, r2]
100021ca:	3218      	adds	r2, #24
100021cc:	3101      	adds	r1, #1
100021ce:	5299      	strh	r1, [r3, r2]
100021d0:	3218      	adds	r2, #24
100021d2:	3101      	adds	r1, #1
100021d4:	5299      	strh	r1, [r3, r2]
100021d6:	4b0c      	ldr	r3, [pc, #48]	@ (10002208 <runtime_init_default_alarm_pool+0xd0>)
100021d8:	490c      	ldr	r1, [pc, #48]	@ (1000220c <runtime_init_default_alarm_pool+0xd4>)
100021da:	60dc      	str	r4, [r3, #12]
100021dc:	3001      	adds	r0, #1
100021de:	6235      	str	r5, [r6, #32]
100021e0:	f7ff fb3e 	bl	10001860 <irq_set_exclusive_handler>
100021e4:	2101      	movs	r1, #1
100021e6:	2003      	movs	r0, #3
100021e8:	f7ff fb02 	bl	100017f0 <irq_set_enabled>
100021ec:	4b08      	ldr	r3, [pc, #32]	@ (10002210 <runtime_init_default_alarm_pool+0xd8>)
100021ee:	601d      	str	r5, [r3, #0]
100021f0:	e7a7      	b.n	10002142 <runtime_init_default_alarm_pool+0xa>
100021f2:	46c0      	nop			@ (mov r8, r8)
100021f4:	2000102c 	.word	0x2000102c
100021f8:	20001fec 	.word	0x20001fec
100021fc:	40054000 	.word	0x40054000
10002200:	34000040 	.word	0x34000040
10002204:	0010ffff 	.word	0x0010ffff
10002208:	20001fc8 	.word	0x20001fc8
1000220c:	10001e39 	.word	0x10001e39
10002210:	40056038 	.word	0x40056038

10002214 <alarm_pool_get_default>:
10002214:	4800      	ldr	r0, [pc, #0]	@ (10002218 <alarm_pool_get_default+0x4>)
10002216:	4770      	bx	lr
10002218:	2000102c 	.word	0x2000102c

1000221c <alarm_pool_add_alarm_at>:
1000221c:	b5f8      	push	{r3, r4, r5, r6, r7, lr}
1000221e:	001f      	movs	r7, r3
10002220:	ab08      	add	r3, sp, #32
10002222:	781b      	ldrb	r3, [r3, #0]
10002224:	0004      	movs	r4, r0
10002226:	0016      	movs	r6, r2
10002228:	2b00      	cmp	r3, #0
1000222a:	d108      	bne.n	1000223e <alarm_pool_add_alarm_at+0x22>
1000222c:	f000 fa7e 	bl	1000272c <time_us_64>
10002230:	0032      	movs	r2, r6
10002232:	003b      	movs	r3, r7
10002234:	1a12      	subs	r2, r2, r0
10002236:	418b      	sbcs	r3, r1
10002238:	2b00      	cmp	r3, #0
1000223a:	da00      	bge.n	1000223e <alarm_pool_add_alarm_at+0x22>
1000223c:	e052      	b.n	100022e4 <alarm_pool_add_alarm_at+0xc8>
1000223e:	6922      	ldr	r2, [r4, #16]
10002240:	f3ef 8010 	mrs	r0, PRIMASK
10002244:	b672      	cpsid	i
10002246:	6813      	ldr	r3, [r2, #0]
10002248:	2b00      	cmp	r3, #0
1000224a:	d0fc      	beq.n	10002246 <alarm_pool_add_alarm_at+0x2a>
1000224c:	f3bf 8f5f 	dmb	sy
10002250:	2302      	movs	r3, #2
10002252:	5ee1      	ldrsh	r1, [r4, r3]
10002254:	6963      	ldr	r3, [r4, #20]
10002256:	004a      	lsls	r2, r1, #1
10002258:	1852      	adds	r2, r2, r1
1000225a:	00d2      	lsls	r2, r2, #3
1000225c:	189b      	adds	r3, r3, r2
1000225e:	6922      	ldr	r2, [r4, #16]
10002260:	2900      	cmp	r1, #0
10002262:	db36      	blt.n	100022d2 <alarm_pool_add_alarm_at+0xb6>
10002264:	881d      	ldrh	r5, [r3, #0]
10002266:	8065      	strh	r5, [r4, #2]
10002268:	f3bf 8f5f 	dmb	sy
1000226c:	2500      	movs	r5, #0
1000226e:	6015      	str	r5, [r2, #0]
10002270:	f380 8810 	msr	PRIMASK, r0
10002274:	9a06      	ldr	r2, [sp, #24]
10002276:	609e      	str	r6, [r3, #8]
10002278:	60df      	str	r7, [r3, #12]
1000227a:	611a      	str	r2, [r3, #16]
1000227c:	9a07      	ldr	r2, [sp, #28]
1000227e:	615a      	str	r2, [r3, #20]
10002280:	885a      	ldrh	r2, [r3, #2]
10002282:	3201      	adds	r2, #1
10002284:	0452      	lsls	r2, r2, #17
10002286:	0c52      	lsrs	r2, r2, #17
10002288:	1c10      	adds	r0, r2, #0
1000228a:	2a00      	cmp	r2, #0
1000228c:	d01f      	beq.n	100022ce <alarm_pool_add_alarm_at+0xb2>
1000228e:	b282      	uxth	r2, r0
10002290:	8058      	strh	r0, [r3, #2]
10002292:	0408      	lsls	r0, r1, #16
10002294:	4310      	orrs	r0, r2
10002296:	6926      	ldr	r6, [r4, #16]
10002298:	f3ef 8710 	mrs	r7, PRIMASK
1000229c:	b672      	cpsid	i
1000229e:	6832      	ldr	r2, [r6, #0]
100022a0:	2a00      	cmp	r2, #0
100022a2:	d0fc      	beq.n	1000229e <alarm_pool_add_alarm_at+0x82>
100022a4:	f3bf 8f5f 	dmb	sy
100022a8:	88a2      	ldrh	r2, [r4, #4]
100022aa:	801a      	strh	r2, [r3, #0]
100022ac:	80a1      	strh	r1, [r4, #4]
100022ae:	6923      	ldr	r3, [r4, #16]
100022b0:	f3bf 8f5f 	dmb	sy
100022b4:	2200      	movs	r2, #0
100022b6:	601a      	str	r2, [r3, #0]
100022b8:	f387 8810 	msr	PRIMASK, r7
100022bc:	490a      	ldr	r1, [pc, #40]	@ (100022e8 <alarm_pool_add_alarm_at+0xcc>)
100022be:	7823      	ldrb	r3, [r4, #0]
100022c0:	468c      	mov	ip, r1
100022c2:	3201      	adds	r2, #1
100022c4:	409a      	lsls	r2, r3
100022c6:	68e3      	ldr	r3, [r4, #12]
100022c8:	4463      	add	r3, ip
100022ca:	601a      	str	r2, [r3, #0]
100022cc:	bdf8      	pop	{r3, r4, r5, r6, r7, pc}
100022ce:	2001      	movs	r0, #1
100022d0:	e7dd      	b.n	1000228e <alarm_pool_add_alarm_at+0x72>
100022d2:	f3bf 8f5f 	dmb	sy
100022d6:	2300      	movs	r3, #0
100022d8:	6013      	str	r3, [r2, #0]
100022da:	f380 8810 	msr	PRIMASK, r0
100022de:	2001      	movs	r0, #1
100022e0:	4240      	negs	r0, r0
100022e2:	e7f3      	b.n	100022cc <alarm_pool_add_alarm_at+0xb0>
100022e4:	2000      	movs	r0, #0
100022e6:	e7f1      	b.n	100022cc <alarm_pool_add_alarm_at+0xb0>
100022e8:	0000203c 	.word	0x0000203c

100022ec <alarm_pool_add_alarm_at_force_in_context>:
100022ec:	b570      	push	{r4, r5, r6, lr}
100022ee:	0001      	movs	r1, r0
100022f0:	6904      	ldr	r4, [r0, #16]
100022f2:	f3ef 8c10 	mrs	ip, PRIMASK
100022f6:	b672      	cpsid	i
100022f8:	6820      	ldr	r0, [r4, #0]
100022fa:	2800      	cmp	r0, #0
100022fc:	d0fc      	beq.n	100022f8 <alarm_pool_add_alarm_at_force_in_context+0xc>
100022fe:	f3bf 8f5f 	dmb	sy
10002302:	2002      	movs	r0, #2
10002304:	5e0d      	ldrsh	r5, [r1, r0]
10002306:	694c      	ldr	r4, [r1, #20]
10002308:	0068      	lsls	r0, r5, #1
1000230a:	1940      	adds	r0, r0, r5
1000230c:	00c0      	lsls	r0, r0, #3
1000230e:	1824      	adds	r4, r4, r0
10002310:	6908      	ldr	r0, [r1, #16]
10002312:	2d00      	cmp	r5, #0
10002314:	db36      	blt.n	10002384 <alarm_pool_add_alarm_at_force_in_context+0x98>
10002316:	8826      	ldrh	r6, [r4, #0]
10002318:	804e      	strh	r6, [r1, #2]
1000231a:	f3bf 8f5f 	dmb	sy
1000231e:	2600      	movs	r6, #0
10002320:	6006      	str	r6, [r0, #0]
10002322:	f38c 8810 	msr	PRIMASK, ip
10002326:	60e3      	str	r3, [r4, #12]
10002328:	8863      	ldrh	r3, [r4, #2]
1000232a:	9804      	ldr	r0, [sp, #16]
1000232c:	3301      	adds	r3, #1
1000232e:	6120      	str	r0, [r4, #16]
10002330:	045b      	lsls	r3, r3, #17
10002332:	9805      	ldr	r0, [sp, #20]
10002334:	0c5b      	lsrs	r3, r3, #17
10002336:	60a2      	str	r2, [r4, #8]
10002338:	6160      	str	r0, [r4, #20]
1000233a:	1c1a      	adds	r2, r3, #0
1000233c:	2b00      	cmp	r3, #0
1000233e:	d01f      	beq.n	10002380 <alarm_pool_add_alarm_at_force_in_context+0x94>
10002340:	b293      	uxth	r3, r2
10002342:	0428      	lsls	r0, r5, #16
10002344:	8062      	strh	r2, [r4, #2]
10002346:	4318      	orrs	r0, r3
10002348:	690a      	ldr	r2, [r1, #16]
1000234a:	f3ef 8c10 	mrs	ip, PRIMASK
1000234e:	b672      	cpsid	i
10002350:	6813      	ldr	r3, [r2, #0]
10002352:	2b00      	cmp	r3, #0
10002354:	d0fc      	beq.n	10002350 <alarm_pool_add_alarm_at_force_in_context+0x64>
10002356:	f3bf 8f5f 	dmb	sy
1000235a:	888b      	ldrh	r3, [r1, #4]
1000235c:	8023      	strh	r3, [r4, #0]
1000235e:	808d      	strh	r5, [r1, #4]
10002360:	690b      	ldr	r3, [r1, #16]
10002362:	f3bf 8f5f 	dmb	sy
10002366:	2200      	movs	r2, #0
10002368:	601a      	str	r2, [r3, #0]
1000236a:	f38c 8810 	msr	PRIMASK, ip
1000236e:	780b      	ldrb	r3, [r1, #0]
10002370:	3201      	adds	r2, #1
10002372:	409a      	lsls	r2, r3
10002374:	68cb      	ldr	r3, [r1, #12]
10002376:	4908      	ldr	r1, [pc, #32]	@ (10002398 <alarm_pool_add_alarm_at_force_in_context+0xac>)
10002378:	468c      	mov	ip, r1
1000237a:	4463      	add	r3, ip
1000237c:	601a      	str	r2, [r3, #0]
1000237e:	bd70      	pop	{r4, r5, r6, pc}
10002380:	2201      	movs	r2, #1
10002382:	e7dd      	b.n	10002340 <alarm_pool_add_alarm_at_force_in_context+0x54>
10002384:	f3bf 8f5f 	dmb	sy
10002388:	2300      	movs	r3, #0
1000238a:	6003      	str	r3, [r0, #0]
1000238c:	f38c 8810 	msr	PRIMASK, ip
10002390:	2001      	movs	r0, #1
10002392:	4240      	negs	r0, r0
10002394:	e7f3      	b.n	1000237e <alarm_pool_add_alarm_at_force_in_context+0x92>
10002396:	46c0      	nop			@ (mov r8, r8)
10002398:	0000203c 	.word	0x0000203c

1000239c <alarm_pool_cancel_alarm>:
1000239c:	b510      	push	{r4, lr}
1000239e:	8943      	ldrh	r3, [r0, #10]
100023a0:	140a      	asrs	r2, r1, #16
100023a2:	4293      	cmp	r3, r2
100023a4:	dd1a      	ble.n	100023dc <alarm_pool_cancel_alarm+0x40>
100023a6:	0053      	lsls	r3, r2, #1
100023a8:	189b      	adds	r3, r3, r2
100023aa:	6942      	ldr	r2, [r0, #20]
100023ac:	00db      	lsls	r3, r3, #3
100023ae:	18d3      	adds	r3, r2, r3
100023b0:	6904      	ldr	r4, [r0, #16]
100023b2:	f3ef 8c10 	mrs	ip, PRIMASK
100023b6:	b672      	cpsid	i
100023b8:	6822      	ldr	r2, [r4, #0]
100023ba:	2a00      	cmp	r2, #0
100023bc:	d0fc      	beq.n	100023b8 <alarm_pool_cancel_alarm+0x1c>
100023be:	f3bf 8f5f 	dmb	sy
100023c2:	885a      	ldrh	r2, [r3, #2]
100023c4:	0409      	lsls	r1, r1, #16
100023c6:	b294      	uxth	r4, r2
100023c8:	0c09      	lsrs	r1, r1, #16
100023ca:	428a      	cmp	r2, r1
100023cc:	d008      	beq.n	100023e0 <alarm_pool_cancel_alarm+0x44>
100023ce:	6903      	ldr	r3, [r0, #16]
100023d0:	f3bf 8f5f 	dmb	sy
100023d4:	2200      	movs	r2, #0
100023d6:	601a      	str	r2, [r3, #0]
100023d8:	f38c 8810 	msr	PRIMASK, ip
100023dc:	2000      	movs	r0, #0
100023de:	bd10      	pop	{r4, pc}
100023e0:	2280      	movs	r2, #128	@ 0x80
100023e2:	0212      	lsls	r2, r2, #8
100023e4:	4314      	orrs	r4, r2
100023e6:	805c      	strh	r4, [r3, #2]
100023e8:	2301      	movs	r3, #1
100023ea:	6902      	ldr	r2, [r0, #16]
100023ec:	7183      	strb	r3, [r0, #6]
100023ee:	f3bf 8f5f 	dmb	sy
100023f2:	2100      	movs	r1, #0
100023f4:	6011      	str	r1, [r2, #0]
100023f6:	f38c 8810 	msr	PRIMASK, ip
100023fa:	4904      	ldr	r1, [pc, #16]	@ (1000240c <alarm_pool_cancel_alarm+0x70>)
100023fc:	7802      	ldrb	r2, [r0, #0]
100023fe:	468c      	mov	ip, r1
10002400:	4093      	lsls	r3, r2
10002402:	68c2      	ldr	r2, [r0, #12]
10002404:	2001      	movs	r0, #1
10002406:	4462      	add	r2, ip
10002408:	6013      	str	r3, [r2, #0]
1000240a:	e7e8      	b.n	100023de <alarm_pool_cancel_alarm+0x42>
1000240c:	0000203c 	.word	0x0000203c

10002410 <alarm_pool_core_num>:
10002410:	7840      	ldrb	r0, [r0, #1]
10002412:	4770      	bx	lr

10002414 <sleep_us>:
10002414:	b5f0      	push	{r4, r5, r6, r7, lr}
10002416:	46c6      	mov	lr, r8
10002418:	b500      	push	{lr}
1000241a:	b082      	sub	sp, #8
1000241c:	0004      	movs	r4, r0
1000241e:	000d      	movs	r5, r1
10002420:	f000 f984 	bl	1000272c <time_us_64>
10002424:	1824      	adds	r4, r4, r0
10002426:	414d      	adcs	r5, r1
10002428:	2d00      	cmp	r5, #0
1000242a:	da02      	bge.n	10002432 <sleep_us+0x1e>
1000242c:	2401      	movs	r4, #1
1000242e:	4d2f      	ldr	r5, [pc, #188]	@ (100024ec <sleep_us+0xd8>)
10002430:	4264      	negs	r4, r4
10002432:	2606      	movs	r6, #6
10002434:	4276      	negs	r6, r6
10002436:	17f7      	asrs	r7, r6, #31
10002438:	1936      	adds	r6, r6, r4
1000243a:	416f      	adcs	r7, r5
1000243c:	42af      	cmp	r7, r5
1000243e:	d814      	bhi.n	1000246a <sleep_us+0x56>
10002440:	d011      	beq.n	10002466 <sleep_us+0x52>
10002442:	f000 f973 	bl	1000272c <time_us_64>
10002446:	0032      	movs	r2, r6
10002448:	003b      	movs	r3, r7
1000244a:	1a12      	subs	r2, r2, r0
1000244c:	418b      	sbcs	r3, r1
1000244e:	2b00      	cmp	r3, #0
10002450:	dc15      	bgt.n	1000247e <sleep_us+0x6a>
10002452:	2b00      	cmp	r3, #0
10002454:	d046      	beq.n	100024e4 <sleep_us+0xd0>
10002456:	0020      	movs	r0, r4
10002458:	0029      	movs	r1, r5
1000245a:	f000 f971 	bl	10002740 <busy_wait_until>
1000245e:	b002      	add	sp, #8
10002460:	bc80      	pop	{r7}
10002462:	46b8      	mov	r8, r7
10002464:	bdf0      	pop	{r4, r5, r6, r7, pc}
10002466:	42a6      	cmp	r6, r4
10002468:	d9eb      	bls.n	10002442 <sleep_us+0x2e>
1000246a:	2600      	movs	r6, #0
1000246c:	2700      	movs	r7, #0
1000246e:	f000 f95d 	bl	1000272c <time_us_64>
10002472:	0032      	movs	r2, r6
10002474:	003b      	movs	r3, r7
10002476:	1a12      	subs	r2, r2, r0
10002478:	418b      	sbcs	r3, r1
1000247a:	2b00      	cmp	r3, #0
1000247c:	dde9      	ble.n	10002452 <sleep_us+0x3e>
1000247e:	f000 f955 	bl	1000272c <time_us_64>
10002482:	0032      	movs	r2, r6
10002484:	003b      	movs	r3, r7
10002486:	1a12      	subs	r2, r2, r0
10002488:	418b      	sbcs	r3, r1
1000248a:	2b00      	cmp	r3, #0
1000248c:	db0a      	blt.n	100024a4 <sleep_us+0x90>
1000248e:	2300      	movs	r3, #0
10002490:	9301      	str	r3, [sp, #4]
10002492:	4b17      	ldr	r3, [pc, #92]	@ (100024f0 <sleep_us+0xdc>)
10002494:	0032      	movs	r2, r6
10002496:	9300      	str	r3, [sp, #0]
10002498:	4816      	ldr	r0, [pc, #88]	@ (100024f4 <sleep_us+0xe0>)
1000249a:	003b      	movs	r3, r7
1000249c:	f7ff ff26 	bl	100022ec <alarm_pool_add_alarm_at_force_in_context>
100024a0:	3001      	adds	r0, #1
100024a2:	d0d8      	beq.n	10002456 <sleep_us+0x42>
100024a4:	2300      	movs	r3, #0
100024a6:	0039      	movs	r1, r7
100024a8:	46b0      	mov	r8, r6
100024aa:	469c      	mov	ip, r3
100024ac:	4a12      	ldr	r2, [pc, #72]	@ (100024f8 <sleep_us+0xe4>)
100024ae:	4813      	ldr	r0, [pc, #76]	@ (100024fc <sleep_us+0xe8>)
100024b0:	6a53      	ldr	r3, [r2, #36]	@ 0x24
100024b2:	4299      	cmp	r1, r3
100024b4:	d804      	bhi.n	100024c0 <sleep_us+0xac>
100024b6:	6a96      	ldr	r6, [r2, #40]	@ 0x28
100024b8:	4546      	cmp	r6, r8
100024ba:	d2cc      	bcs.n	10002456 <sleep_us+0x42>
100024bc:	4299      	cmp	r1, r3
100024be:	d1ca      	bne.n	10002456 <sleep_us+0x42>
100024c0:	6806      	ldr	r6, [r0, #0]
100024c2:	f3ef 8710 	mrs	r7, PRIMASK
100024c6:	b672      	cpsid	i
100024c8:	6833      	ldr	r3, [r6, #0]
100024ca:	2b00      	cmp	r3, #0
100024cc:	d0fc      	beq.n	100024c8 <sleep_us+0xb4>
100024ce:	f3bf 8f5f 	dmb	sy
100024d2:	6803      	ldr	r3, [r0, #0]
100024d4:	f3bf 8f5f 	dmb	sy
100024d8:	4666      	mov	r6, ip
100024da:	601e      	str	r6, [r3, #0]
100024dc:	f387 8810 	msr	PRIMASK, r7
100024e0:	bf20      	wfe
100024e2:	e7e5      	b.n	100024b0 <sleep_us+0x9c>
100024e4:	2a00      	cmp	r2, #0
100024e6:	d0b6      	beq.n	10002456 <sleep_us+0x42>
100024e8:	e7c9      	b.n	1000247e <sleep_us+0x6a>
100024ea:	46c0      	nop			@ (mov r8, r8)
100024ec:	7fffffff 	.word	0x7fffffff
100024f0:	10001e09 	.word	0x10001e09
100024f4:	2000102c 	.word	0x2000102c
100024f8:	40054000 	.word	0x40054000
100024fc:	20001fec 	.word	0x20001fec

10002500 <sleep_ms>:
10002500:	b5f0      	push	{r4, r5, r6, r7, lr}
10002502:	46c6      	mov	lr, r8
10002504:	b500      	push	{lr}
10002506:	b082      	sub	sp, #8
10002508:	0004      	movs	r4, r0
1000250a:	f000 f90f 	bl	1000272c <time_us_64>
1000250e:	22fa      	movs	r2, #250	@ 0xfa
10002510:	0006      	movs	r6, r0
10002512:	000f      	movs	r7, r1
10002514:	0020      	movs	r0, r4
10002516:	2300      	movs	r3, #0
10002518:	2100      	movs	r1, #0
1000251a:	0092      	lsls	r2, r2, #2
1000251c:	f001 fa8c 	bl	10003a38 <__wrap___aeabi_lmul>
10002520:	1980      	adds	r0, r0, r6
10002522:	4179      	adcs	r1, r7
10002524:	0004      	movs	r4, r0
10002526:	1e0d      	subs	r5, r1, #0
10002528:	da02      	bge.n	10002530 <sleep_ms+0x30>
1000252a:	2401      	movs	r4, #1
1000252c:	4d2e      	ldr	r5, [pc, #184]	@ (100025e8 <sleep_ms+0xe8>)
1000252e:	4264      	negs	r4, r4
10002530:	2606      	movs	r6, #6
10002532:	4276      	negs	r6, r6
10002534:	17f7      	asrs	r7, r6, #31
10002536:	1936      	adds	r6, r6, r4
10002538:	416f      	adcs	r7, r5
1000253a:	42af      	cmp	r7, r5
1000253c:	d814      	bhi.n	10002568 <sleep_ms+0x68>
1000253e:	d011      	beq.n	10002564 <sleep_ms+0x64>
10002540:	f000 f8f4 	bl	1000272c <time_us_64>
10002544:	0032      	movs	r2, r6
10002546:	003b      	movs	r3, r7
10002548:	1a12      	subs	r2, r2, r0
1000254a:	418b      	sbcs	r3, r1
1000254c:	2b00      	cmp	r3, #0
1000254e:	dc15      	bgt.n	1000257c <sleep_ms+0x7c>
10002550:	2b00      	cmp	r3, #0
10002552:	d046      	beq.n	100025e2 <sleep_ms+0xe2>
10002554:	0020      	movs	r0, r4
10002556:	0029      	movs	r1, r5
10002558:	f000 f8f2 	bl	10002740 <busy_wait_until>
1000255c:	b002      	add	sp, #8
1000255e:	bc80      	pop	{r7}
10002560:	46b8      	mov	r8, r7
10002562:	bdf0      	pop	{r4, r5, r6, r7, pc}
10002564:	42a6      	cmp	r6, r4
10002566:	d9eb      	bls.n	10002540 <sleep_ms+0x40>
10002568:	2600      	movs	r6, #0
1000256a:	2700      	movs	r7, #0
1000256c:	f000 f8de 	bl	1000272c <time_us_64>
10002570:	0032      	movs	r2, r6
10002572:	003b      	movs	r3, r7
10002574:	1a12      	subs	r2, r2, r0
10002576:	418b      	sbcs	r3, r1
10002578:	2b00      	cmp	r3, #0
1000257a:	dde9      	ble.n	10002550 <sleep_ms+0x50>
1000257c:	f000 f8d6 	bl	1000272c <time_us_64>
10002580:	0032      	movs	r2, r6
10002582:	003b      	movs	r3, r7
10002584:	1a12      	subs	r2, r2, r0
10002586:	418b      	sbcs	r3, r1
10002588:	2b00      	cmp	r3, #0
1000258a:	db0a      	blt.n	100025a2 <sleep_ms+0xa2>
1000258c:	2300      	movs	r3, #0
1000258e:	9301      	str	r3, [sp, #4]
10002590:	4b16      	ldr	r3, [pc, #88]	@ (100025ec <sleep_ms+0xec>)
10002592:	0032      	movs	r2, r6
10002594:	9300      	str	r3, [sp, #0]
10002596:	4816      	ldr	r0, [pc, #88]	@ (100025f0 <sleep_ms+0xf0>)
10002598:	003b      	movs	r3, r7
1000259a:	f7ff fea7 	bl	100022ec <alarm_pool_add_alarm_at_force_in_context>
1000259e:	3001      	adds	r0, #1
100025a0:	d0d8      	beq.n	10002554 <sleep_ms+0x54>
100025a2:	2300      	movs	r3, #0
100025a4:	0039      	movs	r1, r7
100025a6:	46b0      	mov	r8, r6
100025a8:	469c      	mov	ip, r3
100025aa:	4a12      	ldr	r2, [pc, #72]	@ (100025f4 <sleep_ms+0xf4>)
100025ac:	4812      	ldr	r0, [pc, #72]	@ (100025f8 <sleep_ms+0xf8>)
100025ae:	6a53      	ldr	r3, [r2, #36]	@ 0x24
100025b0:	4299      	cmp	r1, r3
100025b2:	d804      	bhi.n	100025be <sleep_ms+0xbe>
100025b4:	6a96      	ldr	r6, [r2, #40]	@ 0x28
100025b6:	4546      	cmp	r6, r8
100025b8:	d2cc      	bcs.n	10002554 <sleep_ms+0x54>
100025ba:	4299      	cmp	r1, r3
100025bc:	d1ca      	bne.n	10002554 <sleep_ms+0x54>
100025be:	6806      	ldr	r6, [r0, #0]
100025c0:	f3ef 8710 	mrs	r7, PRIMASK
100025c4:	b672      	cpsid	i
100025c6:	6833      	ldr	r3, [r6, #0]
100025c8:	2b00      	cmp	r3, #0
100025ca:	d0fc      	beq.n	100025c6 <sleep_ms+0xc6>
100025cc:	f3bf 8f5f 	dmb	sy
100025d0:	6803      	ldr	r3, [r0, #0]
100025d2:	f3bf 8f5f 	dmb	sy
100025d6:	4666      	mov	r6, ip
100025d8:	601e      	str	r6, [r3, #0]
100025da:	f387 8810 	msr	PRIMASK, r7
100025de:	bf20      	wfe
100025e0:	e7e5      	b.n	100025ae <sleep_ms+0xae>
100025e2:	2a00      	cmp	r2, #0
100025e4:	d0b6      	beq.n	10002554 <sleep_ms+0x54>
100025e6:	e7c9      	b.n	1000257c <sleep_ms+0x7c>
100025e8:	7fffffff 	.word	0x7fffffff
100025ec:	10001e09 	.word	0x10001e09
100025f0:	2000102c 	.word	0x2000102c
100025f4:	40054000 	.word	0x40054000
100025f8:	20001fec 	.word	0x20001fec

100025fc <best_effort_wfe_or_timeout>:
100025fc:	b5f0      	push	{r4, r5, r6, r7, lr}
100025fe:	4657      	mov	r7, sl
10002600:	464e      	mov	r6, r9
10002602:	46de      	mov	lr, fp
10002604:	4645      	mov	r5, r8
10002606:	b5e0      	push	{r5, r6, r7, lr}
10002608:	0006      	movs	r6, r0
1000260a:	000f      	movs	r7, r1
1000260c:	b085      	sub	sp, #20
1000260e:	f3ef 8305 	mrs	r3, IPSR
10002612:	4699      	mov	r9, r3
10002614:	468b      	mov	fp, r1
10002616:	2b00      	cmp	r3, #0
10002618:	d012      	beq.n	10002640 <best_effort_wfe_or_timeout+0x44>
1000261a:	4938      	ldr	r1, [pc, #224]	@ (100026fc <best_effort_wfe_or_timeout+0x100>)
1000261c:	2000      	movs	r0, #0
1000261e:	6a4b      	ldr	r3, [r1, #36]	@ 0x24
10002620:	42bb      	cmp	r3, r7
10002622:	d306      	bcc.n	10002632 <best_effort_wfe_or_timeout+0x36>
10002624:	6a8a      	ldr	r2, [r1, #40]	@ 0x28
10002626:	1bdb      	subs	r3, r3, r7
10002628:	1e59      	subs	r1, r3, #1
1000262a:	418b      	sbcs	r3, r1
1000262c:	42b2      	cmp	r2, r6
1000262e:	4140      	adcs	r0, r0
10002630:	4318      	orrs	r0, r3
10002632:	b005      	add	sp, #20
10002634:	bcf0      	pop	{r4, r5, r6, r7}
10002636:	46bb      	mov	fp, r7
10002638:	46b2      	mov	sl, r6
1000263a:	46a9      	mov	r9, r5
1000263c:	46a0      	mov	r8, r4
1000263e:	bdf0      	pop	{r4, r5, r6, r7, pc}
10002640:	4b2f      	ldr	r3, [pc, #188]	@ (10002700 <best_effort_wfe_or_timeout+0x104>)
10002642:	469a      	mov	sl, r3
10002644:	68db      	ldr	r3, [r3, #12]
10002646:	4698      	mov	r8, r3
10002648:	4653      	mov	r3, sl
1000264a:	781b      	ldrb	r3, [r3, #0]
1000264c:	4640      	mov	r0, r8
1000264e:	9303      	str	r3, [sp, #12]
10002650:	f000 f864 	bl	1000271c <timer_time_us_64>
10002654:	4642      	mov	r2, r8
10002656:	9b03      	ldr	r3, [sp, #12]
10002658:	0004      	movs	r4, r0
1000265a:	3304      	adds	r3, #4
1000265c:	009b      	lsls	r3, r3, #2
1000265e:	589b      	ldr	r3, [r3, r2]
10002660:	000d      	movs	r5, r1
10002662:	1a1b      	subs	r3, r3, r0
10002664:	0039      	movs	r1, r7
10002666:	0030      	movs	r0, r6
10002668:	1b00      	subs	r0, r0, r4
1000266a:	41a9      	sbcs	r1, r5
1000266c:	4589      	cmp	r9, r1
1000266e:	dc10      	bgt.n	10002692 <best_effort_wfe_or_timeout+0x96>
10002670:	d00d      	beq.n	1000268e <best_effort_wfe_or_timeout+0x92>
10002672:	bf20      	wfe
10002674:	4a21      	ldr	r2, [pc, #132]	@ (100026fc <best_effort_wfe_or_timeout+0x100>)
10002676:	2000      	movs	r0, #0
10002678:	6a53      	ldr	r3, [r2, #36]	@ 0x24
1000267a:	455b      	cmp	r3, fp
1000267c:	d3d9      	bcc.n	10002632 <best_effort_wfe_or_timeout+0x36>
1000267e:	6a92      	ldr	r2, [r2, #40]	@ 0x28
10002680:	1bdb      	subs	r3, r3, r7
10002682:	1e59      	subs	r1, r3, #1
10002684:	418b      	sbcs	r3, r1
10002686:	42b2      	cmp	r2, r6
10002688:	4140      	adcs	r0, r0
1000268a:	4318      	orrs	r0, r3
1000268c:	e7d1      	b.n	10002632 <best_effort_wfe_or_timeout+0x36>
1000268e:	4283      	cmp	r3, r0
10002690:	d9ef      	bls.n	10002672 <best_effort_wfe_or_timeout+0x76>
10002692:	f000 f84b 	bl	1000272c <time_us_64>
10002696:	0032      	movs	r2, r6
10002698:	003b      	movs	r3, r7
1000269a:	1a12      	subs	r2, r2, r0
1000269c:	418b      	sbcs	r3, r1
1000269e:	2b00      	cmp	r3, #0
100026a0:	db1a      	blt.n	100026d8 <best_effort_wfe_or_timeout+0xdc>
100026a2:	2300      	movs	r3, #0
100026a4:	9301      	str	r3, [sp, #4]
100026a6:	4b17      	ldr	r3, [pc, #92]	@ (10002704 <best_effort_wfe_or_timeout+0x108>)
100026a8:	0032      	movs	r2, r6
100026aa:	9300      	str	r3, [sp, #0]
100026ac:	4650      	mov	r0, sl
100026ae:	003b      	movs	r3, r7
100026b0:	f7ff fe1c 	bl	100022ec <alarm_pool_add_alarm_at_force_in_context>
100026b4:	1e01      	subs	r1, r0, #0
100026b6:	dd0f      	ble.n	100026d8 <best_effort_wfe_or_timeout+0xdc>
100026b8:	4b10      	ldr	r3, [pc, #64]	@ (100026fc <best_effort_wfe_or_timeout+0x100>)
100026ba:	6a5a      	ldr	r2, [r3, #36]	@ 0x24
100026bc:	455a      	cmp	r2, fp
100026be:	d31b      	bcc.n	100026f8 <best_effort_wfe_or_timeout+0xfc>
100026c0:	6a9b      	ldr	r3, [r3, #40]	@ 0x28
100026c2:	42b3      	cmp	r3, r6
100026c4:	d316      	bcc.n	100026f4 <best_effort_wfe_or_timeout+0xf8>
100026c6:	4650      	mov	r0, sl
100026c8:	f7ff fe68 	bl	1000239c <alarm_pool_cancel_alarm>
100026cc:	4a0b      	ldr	r2, [pc, #44]	@ (100026fc <best_effort_wfe_or_timeout+0x100>)
100026ce:	2000      	movs	r0, #0
100026d0:	6a53      	ldr	r3, [r2, #36]	@ 0x24
100026d2:	455b      	cmp	r3, fp
100026d4:	d3ad      	bcc.n	10002632 <best_effort_wfe_or_timeout+0x36>
100026d6:	e7d2      	b.n	1000267e <best_effort_wfe_or_timeout+0x82>
100026d8:	4a08      	ldr	r2, [pc, #32]	@ (100026fc <best_effort_wfe_or_timeout+0x100>)
100026da:	2000      	movs	r0, #0
100026dc:	6a53      	ldr	r3, [r2, #36]	@ 0x24
100026de:	455b      	cmp	r3, fp
100026e0:	d3a7      	bcc.n	10002632 <best_effort_wfe_or_timeout+0x36>
100026e2:	2000      	movs	r0, #0
100026e4:	6a92      	ldr	r2, [r2, #40]	@ 0x28
100026e6:	1bdb      	subs	r3, r3, r7
100026e8:	42b2      	cmp	r2, r6
100026ea:	4140      	adcs	r0, r0
100026ec:	1e5a      	subs	r2, r3, #1
100026ee:	4193      	sbcs	r3, r2
100026f0:	4318      	orrs	r0, r3
100026f2:	e79e      	b.n	10002632 <best_effort_wfe_or_timeout+0x36>
100026f4:	455a      	cmp	r2, fp
100026f6:	d1e6      	bne.n	100026c6 <best_effort_wfe_or_timeout+0xca>
100026f8:	bf20      	wfe
100026fa:	e7e4      	b.n	100026c6 <best_effort_wfe_or_timeout+0xca>
100026fc:	40054000 	.word	0x40054000
10002700:	2000102c 	.word	0x2000102c
10002704:	10001e09 	.word	0x10001e09

10002708 <timer_hardware_alarm_claim>:
10002708:	b510      	push	{r4, lr}
1000270a:	4a02      	ldr	r2, [pc, #8]	@ (10002714 <timer_hardware_alarm_claim+0xc>)
1000270c:	4802      	ldr	r0, [pc, #8]	@ (10002718 <timer_hardware_alarm_claim+0x10>)
1000270e:	f7fe ffcb 	bl	100016a8 <hw_claim_or_assert>
10002712:	bd10      	pop	{r4, pc}
10002714:	10008994 	.word	0x10008994
10002718:	20001b2c 	.word	0x20001b2c

1000271c <timer_time_us_64>:
1000271c:	0003      	movs	r3, r0
1000271e:	6a41      	ldr	r1, [r0, #36]	@ 0x24
10002720:	000a      	movs	r2, r1
10002722:	6a98      	ldr	r0, [r3, #40]	@ 0x28
10002724:	6a59      	ldr	r1, [r3, #36]	@ 0x24
10002726:	428a      	cmp	r2, r1
10002728:	d1fa      	bne.n	10002720 <timer_time_us_64+0x4>
1000272a:	4770      	bx	lr

1000272c <time_us_64>:
1000272c:	4b03      	ldr	r3, [pc, #12]	@ (1000273c <time_us_64+0x10>)
1000272e:	6a59      	ldr	r1, [r3, #36]	@ 0x24
10002730:	000a      	movs	r2, r1
10002732:	6a98      	ldr	r0, [r3, #40]	@ 0x28
10002734:	6a59      	ldr	r1, [r3, #36]	@ 0x24
10002736:	4291      	cmp	r1, r2
10002738:	d1fa      	bne.n	10002730 <time_us_64+0x4>
1000273a:	4770      	bx	lr
1000273c:	40054000 	.word	0x40054000

10002740 <busy_wait_until>:
10002740:	4a06      	ldr	r2, [pc, #24]	@ (1000275c <busy_wait_until+0x1c>)
10002742:	6a53      	ldr	r3, [r2, #36]	@ 0x24
10002744:	4299      	cmp	r1, r3
10002746:	d8fc      	bhi.n	10002742 <busy_wait_until+0x2>
10002748:	d107      	bne.n	1000275a <busy_wait_until+0x1a>
1000274a:	4b04      	ldr	r3, [pc, #16]	@ (1000275c <busy_wait_until+0x1c>)
1000274c:	e002      	b.n	10002754 <busy_wait_until+0x14>
1000274e:	6a5a      	ldr	r2, [r3, #36]	@ 0x24
10002750:	4291      	cmp	r1, r2
10002752:	d102      	bne.n	1000275a <busy_wait_until+0x1a>
10002754:	6a9a      	ldr	r2, [r3, #40]	@ 0x28
10002756:	4290      	cmp	r0, r2
10002758:	d8f9      	bhi.n	1000274e <busy_wait_until+0xe>
1000275a:	4770      	bx	lr
1000275c:	40054000 	.word	0x40054000

10002760 <clock_configure_int_divider>:
10002760:	b5f8      	push	{r3, r4, r5, r6, r7, lr}
10002762:	46de      	mov	lr, fp
10002764:	464e      	mov	r6, r9
10002766:	4657      	mov	r7, sl
10002768:	4645      	mov	r5, r8
1000276a:	b5e0      	push	{r5, r6, r7, lr}
1000276c:	468b      	mov	fp, r1
1000276e:	0005      	movs	r5, r0
10002770:	990a      	ldr	r1, [sp, #40]	@ 0x28
10002772:	0018      	movs	r0, r3
10002774:	0016      	movs	r6, r2
10002776:	f000 fb3b 	bl	10002df0 <__wrap___aeabi_uidiv>
1000277a:	9b0a      	ldr	r3, [sp, #40]	@ 0x28
1000277c:	006c      	lsls	r4, r5, #1
1000277e:	021f      	lsls	r7, r3, #8
10002780:	4b32      	ldr	r3, [pc, #200]	@ (1000284c <clock_configure_int_divider+0xec>)
10002782:	1964      	adds	r4, r4, r5
10002784:	469c      	mov	ip, r3
10002786:	00a4      	lsls	r4, r4, #2
10002788:	4464      	add	r4, ip
1000278a:	6863      	ldr	r3, [r4, #4]
1000278c:	4681      	mov	r9, r0
1000278e:	429f      	cmp	r7, r3
10002790:	d900      	bls.n	10002794 <clock_configure_int_divider+0x34>
10002792:	6067      	str	r7, [r4, #4]
10002794:	1f2b      	subs	r3, r5, #4
10002796:	b2db      	uxtb	r3, r3
10002798:	4698      	mov	r8, r3
1000279a:	2b01      	cmp	r3, #1
1000279c:	d930      	bls.n	10002800 <clock_configure_int_divider+0xa0>
1000279e:	23c0      	movs	r3, #192	@ 0xc0
100027a0:	2280      	movs	r2, #128	@ 0x80
100027a2:	019b      	lsls	r3, r3, #6
100027a4:	18e3      	adds	r3, r4, r3
100027a6:	0112      	lsls	r2, r2, #4
100027a8:	601a      	str	r2, [r3, #0]
100027aa:	4b29      	ldr	r3, [pc, #164]	@ (10002850 <clock_configure_int_divider+0xf0>)
100027ac:	00ad      	lsls	r5, r5, #2
100027ae:	5959      	ldr	r1, [r3, r5]
100027b0:	469a      	mov	sl, r3
100027b2:	2900      	cmp	r1, #0
100027b4:	d11b      	bne.n	100027ee <clock_configure_int_divider+0x8e>
100027b6:	0173      	lsls	r3, r6, #5
100027b8:	26e0      	movs	r6, #224	@ 0xe0
100027ba:	6822      	ldr	r2, [r4, #0]
100027bc:	4053      	eors	r3, r2
100027be:	401e      	ands	r6, r3
100027c0:	2380      	movs	r3, #128	@ 0x80
100027c2:	4642      	mov	r2, r8
100027c4:	015b      	lsls	r3, r3, #5
100027c6:	18e3      	adds	r3, r4, r3
100027c8:	601e      	str	r6, [r3, #0]
100027ca:	2a01      	cmp	r2, #1
100027cc:	d930      	bls.n	10002830 <clock_configure_int_divider+0xd0>
100027ce:	2380      	movs	r3, #128	@ 0x80
100027d0:	2280      	movs	r2, #128	@ 0x80
100027d2:	019b      	lsls	r3, r3, #6
100027d4:	18e3      	adds	r3, r4, r3
100027d6:	0112      	lsls	r2, r2, #4
100027d8:	601a      	str	r2, [r3, #0]
100027da:	4653      	mov	r3, sl
100027dc:	464a      	mov	r2, r9
100027de:	6067      	str	r7, [r4, #4]
100027e0:	515a      	str	r2, [r3, r5]
100027e2:	bcf0      	pop	{r4, r5, r6, r7}
100027e4:	46bb      	mov	fp, r7
100027e6:	46b2      	mov	sl, r6
100027e8:	46a9      	mov	r9, r5
100027ea:	46a0      	mov	r8, r4
100027ec:	bdf8      	pop	{r3, r4, r5, r6, r7, pc}
100027ee:	6958      	ldr	r0, [r3, #20]
100027f0:	f000 fafe 	bl	10002df0 <__wrap___aeabi_uidiv>
100027f4:	3001      	adds	r0, #1
100027f6:	0043      	lsls	r3, r0, #1
100027f8:	181b      	adds	r3, r3, r0
100027fa:	3b03      	subs	r3, #3
100027fc:	d2fd      	bcs.n	100027fa <clock_configure_int_divider+0x9a>
100027fe:	e7da      	b.n	100027b6 <clock_configure_int_divider+0x56>
10002800:	465b      	mov	r3, fp
10002802:	2b01      	cmp	r3, #1
10002804:	d1cb      	bne.n	1000279e <clock_configure_int_divider+0x3e>
10002806:	23c0      	movs	r3, #192	@ 0xc0
10002808:	2203      	movs	r2, #3
1000280a:	019b      	lsls	r3, r3, #6
1000280c:	18e3      	adds	r3, r4, r3
1000280e:	601a      	str	r2, [r3, #0]
10002810:	3a02      	subs	r2, #2
10002812:	68a3      	ldr	r3, [r4, #8]
10002814:	421a      	tst	r2, r3
10002816:	d0fc      	beq.n	10002812 <clock_configure_int_divider+0xb2>
10002818:	0173      	lsls	r3, r6, #5
1000281a:	26e0      	movs	r6, #224	@ 0xe0
1000281c:	6822      	ldr	r2, [r4, #0]
1000281e:	00ad      	lsls	r5, r5, #2
10002820:	4053      	eors	r3, r2
10002822:	401e      	ands	r6, r3
10002824:	2380      	movs	r3, #128	@ 0x80
10002826:	4a0a      	ldr	r2, [pc, #40]	@ (10002850 <clock_configure_int_divider+0xf0>)
10002828:	015b      	lsls	r3, r3, #5
1000282a:	4692      	mov	sl, r2
1000282c:	18e3      	adds	r3, r4, r3
1000282e:	601e      	str	r6, [r3, #0]
10002830:	465a      	mov	r2, fp
10002832:	6821      	ldr	r1, [r4, #0]
10002834:	4051      	eors	r1, r2
10002836:	2203      	movs	r2, #3
10002838:	400a      	ands	r2, r1
1000283a:	601a      	str	r2, [r3, #0]
1000283c:	2201      	movs	r2, #1
1000283e:	465b      	mov	r3, fp
10002840:	409a      	lsls	r2, r3
10002842:	68a3      	ldr	r3, [r4, #8]
10002844:	421a      	tst	r2, r3
10002846:	d0fc      	beq.n	10002842 <clock_configure_int_divider+0xe2>
10002848:	e7c1      	b.n	100027ce <clock_configure_int_divider+0x6e>
1000284a:	46c0      	nop			@ (mov r8, r8)
1000284c:	40008000 	.word	0x40008000
10002850:	20001b30 	.word	0x20001b30

10002854 <clock_configure_undivided>:
10002854:	b5f0      	push	{r4, r5, r6, r7, lr}
10002856:	4646      	mov	r6, r8
10002858:	464f      	mov	r7, r9
1000285a:	46d6      	mov	lr, sl
1000285c:	b5c0      	push	{r6, r7, lr}
1000285e:	001f      	movs	r7, r3
10002860:	4b34      	ldr	r3, [pc, #208]	@ (10002934 <clock_configure_undivided+0xe0>)
10002862:	0044      	lsls	r4, r0, #1
10002864:	469c      	mov	ip, r3
10002866:	1824      	adds	r4, r4, r0
10002868:	00a4      	lsls	r4, r4, #2
1000286a:	4464      	add	r4, ip
1000286c:	6863      	ldr	r3, [r4, #4]
1000286e:	4688      	mov	r8, r1
10002870:	0016      	movs	r6, r2
10002872:	2bff      	cmp	r3, #255	@ 0xff
10002874:	d802      	bhi.n	1000287c <clock_configure_undivided+0x28>
10002876:	2380      	movs	r3, #128	@ 0x80
10002878:	005b      	lsls	r3, r3, #1
1000287a:	6063      	str	r3, [r4, #4]
1000287c:	1f03      	subs	r3, r0, #4
1000287e:	b2db      	uxtb	r3, r3
10002880:	469a      	mov	sl, r3
10002882:	2b01      	cmp	r3, #1
10002884:	d930      	bls.n	100028e8 <clock_configure_undivided+0x94>
10002886:	23c0      	movs	r3, #192	@ 0xc0
10002888:	2280      	movs	r2, #128	@ 0x80
1000288a:	019b      	lsls	r3, r3, #6
1000288c:	18e3      	adds	r3, r4, r3
1000288e:	0112      	lsls	r2, r2, #4
10002890:	601a      	str	r2, [r3, #0]
10002892:	4b29      	ldr	r3, [pc, #164]	@ (10002938 <clock_configure_undivided+0xe4>)
10002894:	0085      	lsls	r5, r0, #2
10002896:	5959      	ldr	r1, [r3, r5]
10002898:	4699      	mov	r9, r3
1000289a:	2900      	cmp	r1, #0
1000289c:	d11b      	bne.n	100028d6 <clock_configure_undivided+0x82>
1000289e:	0173      	lsls	r3, r6, #5
100028a0:	26e0      	movs	r6, #224	@ 0xe0
100028a2:	6822      	ldr	r2, [r4, #0]
100028a4:	4053      	eors	r3, r2
100028a6:	401e      	ands	r6, r3
100028a8:	2380      	movs	r3, #128	@ 0x80
100028aa:	4652      	mov	r2, sl
100028ac:	015b      	lsls	r3, r3, #5
100028ae:	18e3      	adds	r3, r4, r3
100028b0:	601e      	str	r6, [r3, #0]
100028b2:	2a01      	cmp	r2, #1
100028b4:	d930      	bls.n	10002918 <clock_configure_undivided+0xc4>
100028b6:	2380      	movs	r3, #128	@ 0x80
100028b8:	2280      	movs	r2, #128	@ 0x80
100028ba:	019b      	lsls	r3, r3, #6
100028bc:	18e3      	adds	r3, r4, r3
100028be:	0112      	lsls	r2, r2, #4
100028c0:	601a      	str	r2, [r3, #0]
100028c2:	2380      	movs	r3, #128	@ 0x80
100028c4:	005b      	lsls	r3, r3, #1
100028c6:	6063      	str	r3, [r4, #4]
100028c8:	464b      	mov	r3, r9
100028ca:	515f      	str	r7, [r3, r5]
100028cc:	bce0      	pop	{r5, r6, r7}
100028ce:	46ba      	mov	sl, r7
100028d0:	46b1      	mov	r9, r6
100028d2:	46a8      	mov	r8, r5
100028d4:	bdf0      	pop	{r4, r5, r6, r7, pc}
100028d6:	6958      	ldr	r0, [r3, #20]
100028d8:	f000 fa8a 	bl	10002df0 <__wrap___aeabi_uidiv>
100028dc:	3001      	adds	r0, #1
100028de:	0043      	lsls	r3, r0, #1
100028e0:	181b      	adds	r3, r3, r0
100028e2:	3b03      	subs	r3, #3
100028e4:	d2fd      	bcs.n	100028e2 <clock_configure_undivided+0x8e>
100028e6:	e7da      	b.n	1000289e <clock_configure_undivided+0x4a>
100028e8:	4643      	mov	r3, r8
100028ea:	2b01      	cmp	r3, #1
100028ec:	d1cb      	bne.n	10002886 <clock_configure_undivided+0x32>
100028ee:	23c0      	movs	r3, #192	@ 0xc0
100028f0:	2203      	movs	r2, #3
100028f2:	019b      	lsls	r3, r3, #6
100028f4:	18e3      	adds	r3, r4, r3
100028f6:	601a      	str	r2, [r3, #0]
100028f8:	3a02      	subs	r2, #2
100028fa:	68a3      	ldr	r3, [r4, #8]
100028fc:	421a      	tst	r2, r3
100028fe:	d0fc      	beq.n	100028fa <clock_configure_undivided+0xa6>
10002900:	0173      	lsls	r3, r6, #5
10002902:	26e0      	movs	r6, #224	@ 0xe0
10002904:	6822      	ldr	r2, [r4, #0]
10002906:	0085      	lsls	r5, r0, #2
10002908:	4053      	eors	r3, r2
1000290a:	401e      	ands	r6, r3
1000290c:	2380      	movs	r3, #128	@ 0x80
1000290e:	4a0a      	ldr	r2, [pc, #40]	@ (10002938 <clock_configure_undivided+0xe4>)
10002910:	015b      	lsls	r3, r3, #5
10002912:	4691      	mov	r9, r2
10002914:	18e3      	adds	r3, r4, r3
10002916:	601e      	str	r6, [r3, #0]
10002918:	4642      	mov	r2, r8
1000291a:	6821      	ldr	r1, [r4, #0]
1000291c:	4051      	eors	r1, r2
1000291e:	2203      	movs	r2, #3
10002920:	400a      	ands	r2, r1
10002922:	601a      	str	r2, [r3, #0]
10002924:	2301      	movs	r3, #1
10002926:	4642      	mov	r2, r8
10002928:	4093      	lsls	r3, r2
1000292a:	68a2      	ldr	r2, [r4, #8]
1000292c:	4213      	tst	r3, r2
1000292e:	d0fc      	beq.n	1000292a <clock_configure_undivided+0xd6>
10002930:	e7c1      	b.n	100028b6 <clock_configure_undivided+0x62>
10002932:	46c0      	nop			@ (mov r8, r8)
10002934:	40008000 	.word	0x40008000
10002938:	20001b30 	.word	0x20001b30

1000293c <clock_get_hz>:
1000293c:	4b01      	ldr	r3, [pc, #4]	@ (10002944 <clock_get_hz+0x8>)
1000293e:	0080      	lsls	r0, r0, #2
10002940:	58c0      	ldr	r0, [r0, r3]
10002942:	4770      	bx	lr
10002944:	20001b30 	.word	0x20001b30

10002948 <pll_init>:
10002948:	b5f8      	push	{r3, r4, r5, r6, r7, lr}
1000294a:	0004      	movs	r4, r0
1000294c:	4821      	ldr	r0, [pc, #132]	@ (100029d4 <pll_init+0x8c>)
1000294e:	001e      	movs	r6, r3
10002950:	0017      	movs	r7, r2
10002952:	000d      	movs	r5, r1
10002954:	f000 fa4c 	bl	10002df0 <__wrap___aeabi_uidiv>
10002958:	0001      	movs	r1, r0
1000295a:	0038      	movs	r0, r7
1000295c:	f000 fa48 	bl	10002df0 <__wrap___aeabi_uidiv>
10002960:	9b06      	ldr	r3, [sp, #24]
10002962:	0436      	lsls	r6, r6, #16
10002964:	031b      	lsls	r3, r3, #12
10002966:	431e      	orrs	r6, r3
10002968:	6823      	ldr	r3, [r4, #0]
1000296a:	2b00      	cmp	r3, #0
1000296c:	db20      	blt.n	100029b0 <pll_init+0x68>
1000296e:	4b1a      	ldr	r3, [pc, #104]	@ (100029d8 <pll_init+0x90>)
10002970:	491a      	ldr	r1, [pc, #104]	@ (100029dc <pll_init+0x94>)
10002972:	18e3      	adds	r3, r4, r3
10002974:	1e5a      	subs	r2, r3, #1
10002976:	4193      	sbcs	r3, r2
10002978:	2280      	movs	r2, #128	@ 0x80
1000297a:	0192      	lsls	r2, r2, #6
1000297c:	4694      	mov	ip, r2
1000297e:	425b      	negs	r3, r3
10002980:	0b1b      	lsrs	r3, r3, #12
10002982:	4a17      	ldr	r2, [pc, #92]	@ (100029e0 <pll_init+0x98>)
10002984:	031b      	lsls	r3, r3, #12
10002986:	4463      	add	r3, ip
10002988:	6013      	str	r3, [r2, #0]
1000298a:	4a16      	ldr	r2, [pc, #88]	@ (100029e4 <pll_init+0x9c>)
1000298c:	6013      	str	r3, [r2, #0]
1000298e:	001f      	movs	r7, r3
10002990:	680a      	ldr	r2, [r1, #0]
10002992:	4397      	bics	r7, r2
10002994:	d1fb      	bne.n	1000298e <pll_init+0x46>
10002996:	4b14      	ldr	r3, [pc, #80]	@ (100029e8 <pll_init+0xa0>)
10002998:	6025      	str	r5, [r4, #0]
1000299a:	18e2      	adds	r2, r4, r3
1000299c:	2321      	movs	r3, #33	@ 0x21
1000299e:	60a0      	str	r0, [r4, #8]
100029a0:	6013      	str	r3, [r2, #0]
100029a2:	6823      	ldr	r3, [r4, #0]
100029a4:	2b00      	cmp	r3, #0
100029a6:	dafc      	bge.n	100029a2 <pll_init+0x5a>
100029a8:	2308      	movs	r3, #8
100029aa:	60e6      	str	r6, [r4, #12]
100029ac:	6013      	str	r3, [r2, #0]
100029ae:	bdf8      	pop	{r3, r4, r5, r6, r7, pc}
100029b0:	233f      	movs	r3, #63	@ 0x3f
100029b2:	6822      	ldr	r2, [r4, #0]
100029b4:	4013      	ands	r3, r2
100029b6:	42ab      	cmp	r3, r5
100029b8:	d1d9      	bne.n	1000296e <pll_init+0x26>
100029ba:	68a3      	ldr	r3, [r4, #8]
100029bc:	051b      	lsls	r3, r3, #20
100029be:	0d1b      	lsrs	r3, r3, #20
100029c0:	4283      	cmp	r3, r0
100029c2:	d1d4      	bne.n	1000296e <pll_init+0x26>
100029c4:	22ee      	movs	r2, #238	@ 0xee
100029c6:	68e3      	ldr	r3, [r4, #12]
100029c8:	02d2      	lsls	r2, r2, #11
100029ca:	4013      	ands	r3, r2
100029cc:	42b3      	cmp	r3, r6
100029ce:	d1ce      	bne.n	1000296e <pll_init+0x26>
100029d0:	e7ed      	b.n	100029ae <pll_init+0x66>
100029d2:	46c0      	nop			@ (mov r8, r8)
100029d4:	00b71b00 	.word	0x00b71b00
100029d8:	bffd4000 	.word	0xbffd4000
100029dc:	4000c008 	.word	0x4000c008
100029e0:	4000e000 	.word	0x4000e000
100029e4:	4000f000 	.word	0x4000f000
100029e8:	00003004 	.word	0x00003004

100029ec <watchdog_reboot>:
100029ec:	b510      	push	{r4, lr}
100029ee:	2480      	movs	r4, #128	@ 0x80
100029f0:	4b1c      	ldr	r3, [pc, #112]	@ (10002a64 <watchdog_reboot+0x78>)
100029f2:	05e4      	lsls	r4, r4, #23
100029f4:	601c      	str	r4, [r3, #0]
100029f6:	2800      	cmp	r0, #0
100029f8:	d01a      	beq.n	10002a30 <watchdog_reboot+0x44>
100029fa:	2301      	movs	r3, #1
100029fc:	4c1a      	ldr	r4, [pc, #104]	@ (10002a68 <watchdog_reboot+0x7c>)
100029fe:	4318      	orrs	r0, r3
10002a00:	4b1a      	ldr	r3, [pc, #104]	@ (10002a6c <watchdog_reboot+0x80>)
10002a02:	61dc      	str	r4, [r3, #28]
10002a04:	4c1a      	ldr	r4, [pc, #104]	@ (10002a70 <watchdog_reboot+0x84>)
10002a06:	4044      	eors	r4, r0
10002a08:	621c      	str	r4, [r3, #32]
10002a0a:	6259      	str	r1, [r3, #36]	@ 0x24
10002a0c:	6298      	str	r0, [r3, #40]	@ 0x28
10002a0e:	2180      	movs	r1, #128	@ 0x80
10002a10:	4b14      	ldr	r3, [pc, #80]	@ (10002a64 <watchdog_reboot+0x78>)
10002a12:	05c9      	lsls	r1, r1, #23
10002a14:	6019      	str	r1, [r3, #0]
10002a16:	4817      	ldr	r0, [pc, #92]	@ (10002a74 <watchdog_reboot+0x88>)
10002a18:	4917      	ldr	r1, [pc, #92]	@ (10002a78 <watchdog_reboot+0x8c>)
10002a1a:	6008      	str	r0, [r1, #0]
10002a1c:	21e0      	movs	r1, #224	@ 0xe0
10002a1e:	04c9      	lsls	r1, r1, #19
10002a20:	6019      	str	r1, [r3, #0]
10002a22:	2a00      	cmp	r2, #0
10002a24:	d107      	bne.n	10002a36 <watchdog_reboot+0x4a>
10002a26:	2280      	movs	r2, #128	@ 0x80
10002a28:	4b14      	ldr	r3, [pc, #80]	@ (10002a7c <watchdog_reboot+0x90>)
10002a2a:	0612      	lsls	r2, r2, #24
10002a2c:	601a      	str	r2, [r3, #0]
10002a2e:	bd10      	pop	{r4, pc}
10002a30:	4b0e      	ldr	r3, [pc, #56]	@ (10002a6c <watchdog_reboot+0x80>)
10002a32:	61d8      	str	r0, [r3, #28]
10002a34:	e7eb      	b.n	10002a0e <watchdog_reboot+0x22>
10002a36:	0153      	lsls	r3, r2, #5
10002a38:	1a9b      	subs	r3, r3, r2
10002a3a:	009b      	lsls	r3, r3, #2
10002a3c:	189a      	adds	r2, r3, r2
10002a3e:	2380      	movs	r3, #128	@ 0x80
10002a40:	0112      	lsls	r2, r2, #4
10002a42:	045b      	lsls	r3, r3, #17
10002a44:	429a      	cmp	r2, r3
10002a46:	d209      	bcs.n	10002a5c <watchdog_reboot+0x70>
10002a48:	0013      	movs	r3, r2
10002a4a:	490d      	ldr	r1, [pc, #52]	@ (10002a80 <watchdog_reboot+0x94>)
10002a4c:	600b      	str	r3, [r1, #0]
10002a4e:	4b07      	ldr	r3, [pc, #28]	@ (10002a6c <watchdog_reboot+0x80>)
10002a50:	605a      	str	r2, [r3, #4]
10002a52:	2280      	movs	r2, #128	@ 0x80
10002a54:	4b09      	ldr	r3, [pc, #36]	@ (10002a7c <watchdog_reboot+0x90>)
10002a56:	05d2      	lsls	r2, r2, #23
10002a58:	601a      	str	r2, [r3, #0]
10002a5a:	e7e8      	b.n	10002a2e <watchdog_reboot+0x42>
10002a5c:	4b09      	ldr	r3, [pc, #36]	@ (10002a84 <watchdog_reboot+0x98>)
10002a5e:	001a      	movs	r2, r3
10002a60:	e7f3      	b.n	10002a4a <watchdog_reboot+0x5e>
10002a62:	46c0      	nop			@ (mov r8, r8)
10002a64:	4005b000 	.word	0x4005b000
10002a68:	b007c0d3 	.word	0xb007c0d3
10002a6c:	40058000 	.word	0x40058000
10002a70:	4ff83f2d 	.word	0x4ff83f2d
10002a74:	0001fffc 	.word	0x0001fffc
10002a78:	40012008 	.word	0x40012008
10002a7c:	4005a000 	.word	0x4005a000
10002a80:	20001fa0 	.word	0x20001fa0
10002a84:	00ffffff 	.word	0x00ffffff

10002a88 <tick_start>:
10002a88:	2380      	movs	r3, #128	@ 0x80
10002a8a:	4a02      	ldr	r2, [pc, #8]	@ (10002a94 <tick_start+0xc>)
10002a8c:	009b      	lsls	r3, r3, #2
10002a8e:	430b      	orrs	r3, r1
10002a90:	62d3      	str	r3, [r2, #44]	@ 0x2c
10002a92:	4770      	bx	lr
10002a94:	40058000 	.word	0x40058000

10002a98 <rom_func_lookup>:
10002a98:	2300      	movs	r3, #0
10002a9a:	b510      	push	{r4, lr}
10002a9c:	0001      	movs	r1, r0
10002a9e:	8a98      	ldrh	r0, [r3, #20]
10002aa0:	8b1b      	ldrh	r3, [r3, #24]
10002aa2:	4798      	blx	r3
10002aa4:	bd10      	pop	{r4, pc}
10002aa6:	46c0      	nop			@ (mov r8, r8)

10002aa8 <rom_data_lookup>:
10002aa8:	2316      	movs	r3, #22
10002aaa:	b510      	push	{r4, lr}
10002aac:	0001      	movs	r1, r0
10002aae:	8818      	ldrh	r0, [r3, #0]
10002ab0:	3302      	adds	r3, #2
10002ab2:	881b      	ldrh	r3, [r3, #0]
10002ab4:	4798      	blx	r3
10002ab6:	bd10      	pop	{r4, pc}

10002ab8 <rom_funcs_lookup>:
10002ab8:	b5f8      	push	{r3, r4, r5, r6, r7, lr}
10002aba:	4647      	mov	r7, r8
10002abc:	46ce      	mov	lr, r9
10002abe:	b580      	push	{r7, lr}
10002ac0:	1e0f      	subs	r7, r1, #0
10002ac2:	d018      	beq.n	10002af6 <rom_funcs_lookup+0x3e>
10002ac4:	2314      	movs	r3, #20
10002ac6:	4699      	mov	r9, r3
10002ac8:	3304      	adds	r3, #4
10002aca:	0004      	movs	r4, r0
10002acc:	2500      	movs	r5, #0
10002ace:	2601      	movs	r6, #1
10002ad0:	4698      	mov	r8, r3
10002ad2:	464b      	mov	r3, r9
10002ad4:	8818      	ldrh	r0, [r3, #0]
10002ad6:	4643      	mov	r3, r8
10002ad8:	6821      	ldr	r1, [r4, #0]
10002ada:	881b      	ldrh	r3, [r3, #0]
10002adc:	4798      	blx	r3
10002ade:	c401      	stmia	r4!, {r0}
10002ae0:	1e43      	subs	r3, r0, #1
10002ae2:	4198      	sbcs	r0, r3
10002ae4:	3501      	adds	r5, #1
10002ae6:	4006      	ands	r6, r0
10002ae8:	42af      	cmp	r7, r5
10002aea:	d1f2      	bne.n	10002ad2 <rom_funcs_lookup+0x1a>
10002aec:	0030      	movs	r0, r6
10002aee:	bcc0      	pop	{r6, r7}
10002af0:	46b9      	mov	r9, r7
10002af2:	46b0      	mov	r8, r6
10002af4:	bdf8      	pop	{r3, r4, r5, r6, r7, pc}
10002af6:	2601      	movs	r6, #1
10002af8:	e7f8      	b.n	10002aec <rom_funcs_lookup+0x34>
10002afa:	46c0      	nop			@ (mov r8, r8)

10002afc <rom_reset_usb_boot_extra>:
10002afc:	2300      	movs	r3, #0
10002afe:	b570      	push	{r4, r5, r6, lr}
10002b00:	0004      	movs	r4, r0
10002b02:	000d      	movs	r5, r1
10002b04:	8a98      	ldrh	r0, [r3, #20]
10002b06:	4905      	ldr	r1, [pc, #20]	@ (10002b1c <rom_reset_usb_boot_extra+0x20>)
10002b08:	8b1b      	ldrh	r3, [r3, #24]
10002b0a:	4798      	blx	r3
10002b0c:	0003      	movs	r3, r0
10002b0e:	2000      	movs	r0, #0
10002b10:	2c00      	cmp	r4, #0
10002b12:	db01      	blt.n	10002b18 <rom_reset_usb_boot_extra+0x1c>
10002b14:	3001      	adds	r0, #1
10002b16:	40a0      	lsls	r0, r4
10002b18:	0029      	movs	r1, r5
10002b1a:	4798      	blx	r3
10002b1c:	00004255 	.word	0x00004255

10002b20 <xosc_init>:
10002b20:	23aa      	movs	r3, #170	@ 0xaa
10002b22:	4a06      	ldr	r2, [pc, #24]	@ (10002b3c <xosc_init+0x1c>)
10002b24:	011b      	lsls	r3, r3, #4
10002b26:	6013      	str	r3, [r2, #0]
10002b28:	238d      	movs	r3, #141	@ 0x8d
10002b2a:	005b      	lsls	r3, r3, #1
10002b2c:	60d3      	str	r3, [r2, #12]
10002b2e:	4904      	ldr	r1, [pc, #16]	@ (10002b40 <xosc_init+0x20>)
10002b30:	4b04      	ldr	r3, [pc, #16]	@ (10002b44 <xosc_init+0x24>)
10002b32:	6019      	str	r1, [r3, #0]
10002b34:	6853      	ldr	r3, [r2, #4]
10002b36:	2b00      	cmp	r3, #0
10002b38:	dafc      	bge.n	10002b34 <xosc_init+0x14>
10002b3a:	4770      	bx	lr
10002b3c:	40024000 	.word	0x40024000
10002b40:	00fab000 	.word	0x00fab000
10002b44:	40026000 	.word	0x40026000

10002b48 <first_per_core_initializer>:
10002b48:	4770      	bx	lr
10002b4a:	46c0      	nop			@ (mov r8, r8)

10002b4c <hard_assertion_failure>:
10002b4c:	b510      	push	{r4, lr}
10002b4e:	4801      	ldr	r0, [pc, #4]	@ (10002b54 <hard_assertion_failure+0x8>)
10002b50:	f7fe fd92 	bl	10001678 <panic>
10002b54:	100089b8 	.word	0x100089b8

10002b58 <runtime_run_initializers>:
10002b58:	b570      	push	{r4, r5, r6, lr}
10002b5a:	4d07      	ldr	r5, [pc, #28]	@ (10002b78 <runtime_run_initializers+0x20>)
10002b5c:	4e07      	ldr	r6, [pc, #28]	@ (10002b7c <runtime_run_initializers+0x24>)
10002b5e:	42b5      	cmp	r5, r6
10002b60:	d209      	bcs.n	10002b76 <runtime_run_initializers+0x1e>
10002b62:	2400      	movs	r4, #0
10002b64:	3e01      	subs	r6, #1
10002b66:	1b76      	subs	r6, r6, r5
10002b68:	08b6      	lsrs	r6, r6, #2
10002b6a:	cd08      	ldmia	r5!, {r3}
10002b6c:	4798      	blx	r3
10002b6e:	0023      	movs	r3, r4
10002b70:	3401      	adds	r4, #1
10002b72:	42b3      	cmp	r3, r6
10002b74:	d1f9      	bne.n	10002b6a <runtime_run_initializers+0x12>
10002b76:	bd70      	pop	{r4, r5, r6, pc}
10002b78:	100085b8 	.word	0x100085b8
10002b7c:	100085f4 	.word	0x100085f4

10002b80 <runtime_init_early_resets>:
10002b80:	4b05      	ldr	r3, [pc, #20]	@ (10002b98 <runtime_init_early_resets+0x18>)
10002b82:	4a06      	ldr	r2, [pc, #24]	@ (10002b9c <runtime_init_early_resets+0x1c>)
10002b84:	4906      	ldr	r1, [pc, #24]	@ (10002ba0 <runtime_init_early_resets+0x20>)
10002b86:	601a      	str	r2, [r3, #0]
10002b88:	4a06      	ldr	r2, [pc, #24]	@ (10002ba4 <runtime_init_early_resets+0x24>)
10002b8a:	4b07      	ldr	r3, [pc, #28]	@ (10002ba8 <runtime_init_early_resets+0x28>)
10002b8c:	601a      	str	r2, [r3, #0]
10002b8e:	0010      	movs	r0, r2
10002b90:	680b      	ldr	r3, [r1, #0]
10002b92:	4398      	bics	r0, r3
10002b94:	d1fb      	bne.n	10002b8e <runtime_init_early_resets+0xe>
10002b96:	4770      	bx	lr
10002b98:	4000e000 	.word	0x4000e000
10002b9c:	fefbcdbf 	.word	0xfefbcdbf
10002ba0:	4000c008 	.word	0x4000c008
10002ba4:	003c7ffe 	.word	0x003c7ffe
10002ba8:	4000f000 	.word	0x4000f000

10002bac <runtime_init_usb_power_down>:
10002bac:	4b04      	ldr	r3, [pc, #16]	@ (10002bc0 <runtime_init_usb_power_down+0x14>)
10002bae:	6cdb      	ldr	r3, [r3, #76]	@ 0x4c
10002bb0:	2b00      	cmp	r3, #0
10002bb2:	d103      	bne.n	10002bbc <runtime_init_usb_power_down+0x10>
10002bb4:	2280      	movs	r2, #128	@ 0x80
10002bb6:	4b03      	ldr	r3, [pc, #12]	@ (10002bc4 <runtime_init_usb_power_down+0x18>)
10002bb8:	02d2      	lsls	r2, r2, #11
10002bba:	601a      	str	r2, [r3, #0]
10002bbc:	4770      	bx	lr
10002bbe:	46c0      	nop			@ (mov r8, r8)
10002bc0:	50110000 	.word	0x50110000
10002bc4:	5011204c 	.word	0x5011204c

10002bc8 <runtime_init_post_clock_resets>:
10002bc8:	4a04      	ldr	r2, [pc, #16]	@ (10002bdc <runtime_init_post_clock_resets+0x14>)
10002bca:	4b05      	ldr	r3, [pc, #20]	@ (10002be0 <runtime_init_post_clock_resets+0x18>)
10002bcc:	601a      	str	r2, [r3, #0]
10002bce:	4a05      	ldr	r2, [pc, #20]	@ (10002be4 <runtime_init_post_clock_resets+0x1c>)
10002bd0:	6813      	ldr	r3, [r2, #0]
10002bd2:	01db      	lsls	r3, r3, #7
10002bd4:	3380      	adds	r3, #128	@ 0x80
10002bd6:	d1fb      	bne.n	10002bd0 <runtime_init_post_clock_resets+0x8>
10002bd8:	4770      	bx	lr
10002bda:	46c0      	nop			@ (mov r8, r8)
10002bdc:	01ffffff 	.word	0x01ffffff
10002be0:	4000f000 	.word	0x4000f000
10002be4:	4000c008 	.word	0x4000c008

10002be8 <runtime_init_rp2040_gpio_ie_disable>:
10002be8:	2240      	movs	r2, #64	@ 0x40
10002bea:	4b03      	ldr	r3, [pc, #12]	@ (10002bf8 <runtime_init_rp2040_gpio_ie_disable+0x10>)
10002bec:	679a      	str	r2, [r3, #120]	@ 0x78
10002bee:	675a      	str	r2, [r3, #116]	@ 0x74
10002bf0:	671a      	str	r2, [r3, #112]	@ 0x70
10002bf2:	66da      	str	r2, [r3, #108]	@ 0x6c
10002bf4:	4770      	bx	lr
10002bf6:	46c0      	nop			@ (mov r8, r8)
10002bf8:	4001f000 	.word	0x4001f000

10002bfc <runtime_init_spin_locks_reset>:
10002bfc:	b510      	push	{r4, lr}
10002bfe:	f7fe fdd7 	bl	100017b0 <spin_locks_reset>
10002c02:	bd10      	pop	{r4, pc}

10002c04 <runtime_init_install_ram_vector_table>:
10002c04:	b5f8      	push	{r3, r4, r5, r6, r7, lr}
10002c06:	4927      	ldr	r1, [pc, #156]	@ (10002ca4 <runtime_init_install_ram_vector_table+0xa0>)
10002c08:	4c27      	ldr	r4, [pc, #156]	@ (10002ca8 <runtime_init_install_ram_vector_table+0xa4>)
10002c0a:	4d28      	ldr	r5, [pc, #160]	@ (10002cac <runtime_init_install_ram_vector_table+0xa8>)
10002c0c:	1a64      	subs	r4, r4, r1
10002c0e:	10a6      	asrs	r6, r4, #2
10002c10:	0032      	movs	r2, r6
10002c12:	2e30      	cmp	r6, #48	@ 0x30
10002c14:	d900      	bls.n	10002c18 <runtime_init_install_ram_vector_table+0x14>
10002c16:	2230      	movs	r2, #48	@ 0x30
10002c18:	0028      	movs	r0, r5
10002c1a:	0092      	lsls	r2, r2, #2
10002c1c:	f001 f84a 	bl	10003cb4 <__wrap___aeabi_memcpy>
10002c20:	2cbc      	cmp	r4, #188	@ 0xbc
10002c22:	d83b      	bhi.n	10002c9c <runtime_init_install_ram_vector_table+0x98>
10002c24:	2030      	movs	r0, #48	@ 0x30
10002c26:	232f      	movs	r3, #47	@ 0x2f
10002c28:	192c      	adds	r4, r5, r4
10002c2a:	0764      	lsls	r4, r4, #29
10002c2c:	4a20      	ldr	r2, [pc, #128]	@ (10002cb0 <runtime_init_install_ram_vector_table+0xac>)
10002c2e:	1b80      	subs	r0, r0, r6
10002c30:	0fe4      	lsrs	r4, r4, #31
10002c32:	1b9b      	subs	r3, r3, r6
10002c34:	2b05      	cmp	r3, #5
10002c36:	d916      	bls.n	10002c66 <runtime_init_install_ram_vector_table+0x62>
10002c38:	0037      	movs	r7, r6
10002c3a:	2c00      	cmp	r4, #0
10002c3c:	d002      	beq.n	10002c44 <runtime_init_install_ram_vector_table+0x40>
10002c3e:	00b3      	lsls	r3, r6, #2
10002c40:	1c77      	adds	r7, r6, #1
10002c42:	50ea      	str	r2, [r5, r3]
10002c44:	1b00      	subs	r0, r0, r4
10002c46:	1933      	adds	r3, r6, r4
10002c48:	009b      	lsls	r3, r3, #2
10002c4a:	0841      	lsrs	r1, r0, #1
10002c4c:	18eb      	adds	r3, r5, r3
10002c4e:	00c9      	lsls	r1, r1, #3
10002c50:	18c9      	adds	r1, r1, r3
10002c52:	601a      	str	r2, [r3, #0]
10002c54:	605a      	str	r2, [r3, #4]
10002c56:	3308      	adds	r3, #8
10002c58:	4299      	cmp	r1, r3
10002c5a:	d1fa      	bne.n	10002c52 <runtime_init_install_ram_vector_table+0x4e>
10002c5c:	2301      	movs	r3, #1
10002c5e:	4203      	tst	r3, r0
10002c60:	d01c      	beq.n	10002c9c <runtime_init_install_ram_vector_table+0x98>
10002c62:	4398      	bics	r0, r3
10002c64:	19c6      	adds	r6, r0, r7
10002c66:	00b3      	lsls	r3, r6, #2
10002c68:	50ea      	str	r2, [r5, r3]
10002c6a:	1c73      	adds	r3, r6, #1
10002c6c:	2e2f      	cmp	r6, #47	@ 0x2f
10002c6e:	d015      	beq.n	10002c9c <runtime_init_install_ram_vector_table+0x98>
10002c70:	009b      	lsls	r3, r3, #2
10002c72:	50ea      	str	r2, [r5, r3]
10002c74:	1cb3      	adds	r3, r6, #2
10002c76:	2e2e      	cmp	r6, #46	@ 0x2e
10002c78:	d010      	beq.n	10002c9c <runtime_init_install_ram_vector_table+0x98>
10002c7a:	009b      	lsls	r3, r3, #2
10002c7c:	50ea      	str	r2, [r5, r3]
10002c7e:	1cf3      	adds	r3, r6, #3
10002c80:	2e2d      	cmp	r6, #45	@ 0x2d
10002c82:	d00b      	beq.n	10002c9c <runtime_init_install_ram_vector_table+0x98>
10002c84:	009b      	lsls	r3, r3, #2
10002c86:	50ea      	str	r2, [r5, r3]
10002c88:	1d33      	adds	r3, r6, #4
10002c8a:	2e2c      	cmp	r6, #44	@ 0x2c
10002c8c:	d006      	beq.n	10002c9c <runtime_init_install_ram_vector_table+0x98>
10002c8e:	009b      	lsls	r3, r3, #2
10002c90:	50ea      	str	r2, [r5, r3]
10002c92:	1d73      	adds	r3, r6, #5
10002c94:	2e2b      	cmp	r6, #43	@ 0x2b
10002c96:	d001      	beq.n	10002c9c <runtime_init_install_ram_vector_table+0x98>
10002c98:	009b      	lsls	r3, r3, #2
10002c9a:	50ea      	str	r2, [r5, r3]
10002c9c:	4b05      	ldr	r3, [pc, #20]	@ (10002cb4 <runtime_init_install_ram_vector_table+0xb0>)
10002c9e:	609d      	str	r5, [r3, #8]
10002ca0:	bdf8      	pop	{r3, r4, r5, r6, r7, pc}
10002ca2:	46c0      	nop			@ (mov r8, r8)
10002ca4:	10000100 	.word	0x10000100
10002ca8:	100001c0 	.word	0x100001c0
10002cac:	20000000 	.word	0x20000000
10002cb0:	100001c1 	.word	0x100001c1
10002cb4:	e000ed00 	.word	0xe000ed00

10002cb8 <runtime_init_clocks>:
10002cb8:	2300      	movs	r3, #0
10002cba:	b510      	push	{r4, lr}
10002cbc:	4c29      	ldr	r4, [pc, #164]	@ (10002d64 <runtime_init_clocks+0xac>)
10002cbe:	b082      	sub	sp, #8
10002cc0:	67a3      	str	r3, [r4, #120]	@ 0x78
10002cc2:	f7ff ff2d 	bl	10002b20 <xosc_init>
10002cc6:	2201      	movs	r2, #1
10002cc8:	4b27      	ldr	r3, [pc, #156]	@ (10002d68 <runtime_init_clocks+0xb0>)
10002cca:	601a      	str	r2, [r3, #0]
10002ccc:	6c63      	ldr	r3, [r4, #68]	@ 0x44
10002cce:	2b01      	cmp	r3, #1
10002cd0:	d1fc      	bne.n	10002ccc <runtime_init_clocks+0x14>
10002cd2:	2203      	movs	r2, #3
10002cd4:	4b25      	ldr	r3, [pc, #148]	@ (10002d6c <runtime_init_clocks+0xb4>)
10002cd6:	601a      	str	r2, [r3, #0]
10002cd8:	4a22      	ldr	r2, [pc, #136]	@ (10002d64 <runtime_init_clocks+0xac>)
10002cda:	6b93      	ldr	r3, [r2, #56]	@ 0x38
10002cdc:	2b01      	cmp	r3, #1
10002cde:	d1fc      	bne.n	10002cda <runtime_init_clocks+0x22>
10002ce0:	3301      	adds	r3, #1
10002ce2:	9300      	str	r3, [sp, #0]
10002ce4:	2101      	movs	r1, #1
10002ce6:	4a22      	ldr	r2, [pc, #136]	@ (10002d70 <runtime_init_clocks+0xb8>)
10002ce8:	4822      	ldr	r0, [pc, #136]	@ (10002d74 <runtime_init_clocks+0xbc>)
10002cea:	3304      	adds	r3, #4
10002cec:	f7ff fe2c 	bl	10002948 <pll_init>
10002cf0:	2305      	movs	r3, #5
10002cf2:	2101      	movs	r1, #1
10002cf4:	9300      	str	r3, [sp, #0]
10002cf6:	4a20      	ldr	r2, [pc, #128]	@ (10002d78 <runtime_init_clocks+0xc0>)
10002cf8:	4820      	ldr	r0, [pc, #128]	@ (10002d7c <runtime_init_clocks+0xc4>)
10002cfa:	f7ff fe25 	bl	10002948 <pll_init>
10002cfe:	2200      	movs	r2, #0
10002d00:	2102      	movs	r1, #2
10002d02:	2004      	movs	r0, #4
10002d04:	4b1e      	ldr	r3, [pc, #120]	@ (10002d80 <runtime_init_clocks+0xc8>)
10002d06:	f7ff fda5 	bl	10002854 <clock_configure_undivided>
10002d0a:	2200      	movs	r2, #0
10002d0c:	2101      	movs	r1, #1
10002d0e:	2005      	movs	r0, #5
10002d10:	4b1c      	ldr	r3, [pc, #112]	@ (10002d84 <runtime_init_clocks+0xcc>)
10002d12:	f7ff fd9f 	bl	10002854 <clock_configure_undivided>
10002d16:	2200      	movs	r2, #0
10002d18:	2100      	movs	r1, #0
10002d1a:	2007      	movs	r0, #7
10002d1c:	4b1a      	ldr	r3, [pc, #104]	@ (10002d88 <runtime_init_clocks+0xd0>)
10002d1e:	f7ff fd99 	bl	10002854 <clock_configure_undivided>
10002d22:	2200      	movs	r2, #0
10002d24:	2100      	movs	r1, #0
10002d26:	2008      	movs	r0, #8
10002d28:	4b17      	ldr	r3, [pc, #92]	@ (10002d88 <runtime_init_clocks+0xd0>)
10002d2a:	f7ff fd93 	bl	10002854 <clock_configure_undivided>
10002d2e:	2380      	movs	r3, #128	@ 0x80
10002d30:	00db      	lsls	r3, r3, #3
10002d32:	9300      	str	r3, [sp, #0]
10002d34:	2200      	movs	r2, #0
10002d36:	2100      	movs	r1, #0
10002d38:	2009      	movs	r0, #9
10002d3a:	4b13      	ldr	r3, [pc, #76]	@ (10002d88 <runtime_init_clocks+0xd0>)
10002d3c:	f7ff fd10 	bl	10002760 <clock_configure_int_divider>
10002d40:	2200      	movs	r2, #0
10002d42:	4b10      	ldr	r3, [pc, #64]	@ (10002d84 <runtime_init_clocks+0xcc>)
10002d44:	2100      	movs	r1, #0
10002d46:	2006      	movs	r0, #6
10002d48:	f7ff fd84 	bl	10002854 <clock_configure_undivided>
10002d4c:	2004      	movs	r0, #4
10002d4e:	f7ff fdf5 	bl	1000293c <clock_get_hz>
10002d52:	490e      	ldr	r1, [pc, #56]	@ (10002d8c <runtime_init_clocks+0xd4>)
10002d54:	f000 f84c 	bl	10002df0 <__wrap___aeabi_uidiv>
10002d58:	0001      	movs	r1, r0
10002d5a:	2000      	movs	r0, #0
10002d5c:	f7ff fe94 	bl	10002a88 <tick_start>
10002d60:	b002      	add	sp, #8
10002d62:	bd10      	pop	{r4, pc}
10002d64:	40008000 	.word	0x40008000
10002d68:	4000b03c 	.word	0x4000b03c
10002d6c:	4000b030 	.word	0x4000b030
10002d70:	59682f00 	.word	0x59682f00
10002d74:	40028000 	.word	0x40028000
10002d78:	47868c00 	.word	0x47868c00
10002d7c:	4002c000 	.word	0x4002c000
10002d80:	00b71b00 	.word	0x00b71b00
10002d84:	07735940 	.word	0x07735940
10002d88:	02dc6c00 	.word	0x02dc6c00
10002d8c:	000f4240 	.word	0x000f4240

10002d90 <__aeabi_bits_init>:
10002d90:	4801      	ldr	r0, [pc, #4]	@ (10002d98 <__aeabi_bits_init+0x8>)
10002d92:	2104      	movs	r1, #4
10002d94:	4b01      	ldr	r3, [pc, #4]	@ (10002d9c <__aeabi_bits_init+0xc>)
10002d96:	4718      	bx	r3
10002d98:	20001050 	.word	0x20001050
10002d9c:	10002ab9 	.word	0x10002ab9

10002da0 <__wrap___aeabi_idiv>:
10002da0:	4a12      	ldr	r2, [pc, #72]	@ (10002dec <divmod_s32s32_savestate+0x18>)
10002da2:	6f93      	ldr	r3, [r2, #120]	@ 0x78
10002da4:	089b      	lsrs	r3, r3, #2
10002da6:	d215      	bcs.n	10002dd4 <divmod_s32s32_savestate>

10002da8 <divmod_s32s32_unsafe>:
10002da8:	6690      	str	r0, [r2, #104]	@ 0x68
10002daa:	66d1      	str	r1, [r2, #108]	@ 0x6c
10002dac:	2900      	cmp	r1, #0
10002dae:	d005      	beq.n	10002dbc <divmod_s32s32_unsafe+0x14>
10002db0:	e7ff      	b.n	10002db2 <divmod_s32s32_unsafe+0xa>
10002db2:	e7ff      	b.n	10002db4 <divmod_s32s32_unsafe+0xc>
10002db4:	e7ff      	b.n	10002db6 <divmod_s32s32_unsafe+0xe>
10002db6:	6f51      	ldr	r1, [r2, #116]	@ 0x74
10002db8:	6f10      	ldr	r0, [r2, #112]	@ 0x70
10002dba:	4770      	bx	lr
10002dbc:	b504      	push	{r2, lr}
10002dbe:	2180      	movs	r1, #128	@ 0x80
10002dc0:	0609      	lsls	r1, r1, #24
10002dc2:	17c2      	asrs	r2, r0, #31
10002dc4:	4051      	eors	r1, r2
10002dc6:	2800      	cmp	r0, #0
10002dc8:	d000      	beq.n	10002dcc <divmod_s32s32_unsafe+0x24>
10002dca:	43c8      	mvns	r0, r1
10002dcc:	f005 fbb4 	bl	10008538 <____aeabi_idiv0_veneer>
10002dd0:	2100      	movs	r1, #0
10002dd2:	bd04      	pop	{r2, pc}

10002dd4 <divmod_s32s32_savestate>:
10002dd4:	b5f0      	push	{r4, r5, r6, r7, lr}
10002dd6:	6e14      	ldr	r4, [r2, #96]	@ 0x60
10002dd8:	6e55      	ldr	r5, [r2, #100]	@ 0x64
10002dda:	6f57      	ldr	r7, [r2, #116]	@ 0x74
10002ddc:	6f16      	ldr	r6, [r2, #112]	@ 0x70
10002dde:	f7ff ffe3 	bl	10002da8 <divmod_s32s32_unsafe>
10002de2:	6614      	str	r4, [r2, #96]	@ 0x60
10002de4:	6655      	str	r5, [r2, #100]	@ 0x64
10002de6:	6757      	str	r7, [r2, #116]	@ 0x74
10002de8:	6716      	str	r6, [r2, #112]	@ 0x70
10002dea:	bdf0      	pop	{r4, r5, r6, r7, pc}
10002dec:	d0000000 	.word	0xd0000000

10002df0 <__wrap___aeabi_uidiv>:
10002df0:	4a11      	ldr	r2, [pc, #68]	@ (10002e38 <divmod_u32u32_savestate+0x18>)
10002df2:	6f93      	ldr	r3, [r2, #120]	@ 0x78
10002df4:	089b      	lsrs	r3, r3, #2
10002df6:	d213      	bcs.n	10002e20 <divmod_u32u32_savestate>

10002df8 <divmod_u32u32_unsafe>:
10002df8:	6610      	str	r0, [r2, #96]	@ 0x60
10002dfa:	6651      	str	r1, [r2, #100]	@ 0x64
10002dfc:	2900      	cmp	r1, #0
10002dfe:	d005      	beq.n	10002e0c <divmod_u32u32_unsafe+0x14>
10002e00:	e7ff      	b.n	10002e02 <divmod_u32u32_unsafe+0xa>
10002e02:	e7ff      	b.n	10002e04 <divmod_u32u32_unsafe+0xc>
10002e04:	e7ff      	b.n	10002e06 <divmod_u32u32_unsafe+0xe>
10002e06:	6f51      	ldr	r1, [r2, #116]	@ 0x74
10002e08:	6f10      	ldr	r0, [r2, #112]	@ 0x70
10002e0a:	4770      	bx	lr
10002e0c:	b504      	push	{r2, lr}
10002e0e:	2800      	cmp	r0, #0
10002e10:	d001      	beq.n	10002e16 <divmod_u32u32_unsafe+0x1e>
10002e12:	2000      	movs	r0, #0
10002e14:	43c0      	mvns	r0, r0
10002e16:	f005 fb8f 	bl	10008538 <____aeabi_idiv0_veneer>
10002e1a:	2100      	movs	r1, #0
10002e1c:	bd04      	pop	{r2, pc}
10002e1e:	46c0      	nop			@ (mov r8, r8)

10002e20 <divmod_u32u32_savestate>:
10002e20:	b5f0      	push	{r4, r5, r6, r7, lr}
10002e22:	6e14      	ldr	r4, [r2, #96]	@ 0x60
10002e24:	6e55      	ldr	r5, [r2, #100]	@ 0x64
10002e26:	6f57      	ldr	r7, [r2, #116]	@ 0x74
10002e28:	6f16      	ldr	r6, [r2, #112]	@ 0x70
10002e2a:	f7ff ffe5 	bl	10002df8 <divmod_u32u32_unsafe>
10002e2e:	6614      	str	r4, [r2, #96]	@ 0x60
10002e30:	6655      	str	r5, [r2, #100]	@ 0x64
10002e32:	6757      	str	r7, [r2, #116]	@ 0x74
10002e34:	6716      	str	r6, [r2, #112]	@ 0x70
10002e36:	bdf0      	pop	{r4, r5, r6, r7, pc}
10002e38:	d0000000 	.word	0xd0000000

10002e3c <__wrap___aeabi_ldivmod>:
10002e3c:	4694      	mov	ip, r2
10002e3e:	4a4a      	ldr	r2, [pc, #296]	@ (10002f68 <udiv0+0x1a>)
10002e40:	6f92      	ldr	r2, [r2, #120]	@ 0x78
10002e42:	0892      	lsrs	r2, r2, #2
10002e44:	4662      	mov	r2, ip
10002e46:	d201      	bcs.n	10002e4c <divmod_s64s64_savestate>
10002e48:	e028      	b.n	10002e9c <divmod_s64s64_unsafe>
10002e4a:	46c0      	nop			@ (mov r8, r8)

10002e4c <divmod_s64s64_savestate>:
10002e4c:	b5f0      	push	{r4, r5, r6, r7, lr}
10002e4e:	4e46      	ldr	r6, [pc, #280]	@ (10002f68 <udiv0+0x1a>)
10002e50:	6e34      	ldr	r4, [r6, #96]	@ 0x60
10002e52:	6e75      	ldr	r5, [r6, #100]	@ 0x64
10002e54:	6f77      	ldr	r7, [r6, #116]	@ 0x74
10002e56:	6f36      	ldr	r6, [r6, #112]	@ 0x70
10002e58:	f000 f820 	bl	10002e9c <divmod_s64s64_unsafe>
10002e5c:	4694      	mov	ip, r2
10002e5e:	4a42      	ldr	r2, [pc, #264]	@ (10002f68 <udiv0+0x1a>)
10002e60:	6614      	str	r4, [r2, #96]	@ 0x60
10002e62:	6655      	str	r5, [r2, #100]	@ 0x64
10002e64:	6757      	str	r7, [r2, #116]	@ 0x74
10002e66:	6716      	str	r6, [r2, #112]	@ 0x70
10002e68:	4662      	mov	r2, ip
10002e6a:	bdf0      	pop	{r4, r5, r6, r7, pc}

10002e6c <__wrap___aeabi_uldivmod>:
10002e6c:	4694      	mov	ip, r2
10002e6e:	4a3e      	ldr	r2, [pc, #248]	@ (10002f68 <udiv0+0x1a>)
10002e70:	6f92      	ldr	r2, [r2, #120]	@ 0x78
10002e72:	0892      	lsrs	r2, r2, #2
10002e74:	4662      	mov	r2, ip
10002e76:	d201      	bcs.n	10002e7c <divmod_u64u64_savestate>
10002e78:	e054      	b.n	10002f24 <divmod_u64u64_unsafe>
10002e7a:	46c0      	nop			@ (mov r8, r8)

10002e7c <divmod_u64u64_savestate>:
10002e7c:	b5f0      	push	{r4, r5, r6, r7, lr}
10002e7e:	4e3a      	ldr	r6, [pc, #232]	@ (10002f68 <udiv0+0x1a>)
10002e80:	6e34      	ldr	r4, [r6, #96]	@ 0x60
10002e82:	6e75      	ldr	r5, [r6, #100]	@ 0x64
10002e84:	6f77      	ldr	r7, [r6, #116]	@ 0x74
10002e86:	6f36      	ldr	r6, [r6, #112]	@ 0x70
10002e88:	f000 f84c 	bl	10002f24 <divmod_u64u64_unsafe>
10002e8c:	4694      	mov	ip, r2
10002e8e:	4a36      	ldr	r2, [pc, #216]	@ (10002f68 <udiv0+0x1a>)
10002e90:	6614      	str	r4, [r2, #96]	@ 0x60
10002e92:	6655      	str	r5, [r2, #100]	@ 0x64
10002e94:	6757      	str	r7, [r2, #116]	@ 0x74
10002e96:	6716      	str	r6, [r2, #112]	@ 0x70
10002e98:	4662      	mov	r2, ip
10002e9a:	bdf0      	pop	{r4, r5, r6, r7, pc}

10002e9c <divmod_s64s64_unsafe>:
10002e9c:	2b00      	cmp	r3, #0
10002e9e:	db24      	blt.n	10002eea <l42_1+0x26>
10002ea0:	d011      	beq.n	10002ec6 <l42_1+0x2>
10002ea2:	2900      	cmp	r1, #0
10002ea4:	da3e      	bge.n	10002f24 <divmod_u64u64_unsafe>
10002ea6:	b500      	push	{lr}
10002ea8:	43c9      	mvns	r1, r1
10002eaa:	4240      	negs	r0, r0
10002eac:	d100      	bne.n	10002eb0 <l40_1>
10002eae:	3101      	adds	r1, #1

10002eb0 <l40_1>:
10002eb0:	f000 f838 	bl	10002f24 <divmod_u64u64_unsafe>
10002eb4:	43c9      	mvns	r1, r1
10002eb6:	4240      	negs	r0, r0
10002eb8:	d100      	bne.n	10002ebc <l41_1>
10002eba:	3101      	adds	r1, #1

10002ebc <l41_1>:
10002ebc:	43db      	mvns	r3, r3
10002ebe:	4252      	negs	r2, r2
10002ec0:	d100      	bne.n	10002ec4 <l42_1>
10002ec2:	3301      	adds	r3, #1

10002ec4 <l42_1>:
10002ec4:	bd00      	pop	{pc}
10002ec6:	2a00      	cmp	r2, #0
10002ec8:	d1eb      	bne.n	10002ea2 <divmod_s64s64_unsafe+0x6>
10002eca:	2800      	cmp	r0, #0
10002ecc:	d101      	bne.n	10002ed2 <l42_1+0xe>
10002ece:	2900      	cmp	r1, #0
10002ed0:	d005      	beq.n	10002ede <l42_1+0x1a>
10002ed2:	2000      	movs	r0, #0
10002ed4:	0fc9      	lsrs	r1, r1, #31
10002ed6:	07c9      	lsls	r1, r1, #31
10002ed8:	d101      	bne.n	10002ede <l42_1+0x1a>
10002eda:	43c0      	mvns	r0, r0
10002edc:	0841      	lsrs	r1, r0, #1
10002ede:	b500      	push	{lr}
10002ee0:	f005 fb1a 	bl	10008518 <____aeabi_ldiv0_veneer>
10002ee4:	2200      	movs	r2, #0
10002ee6:	2300      	movs	r3, #0
10002ee8:	bd00      	pop	{pc}
10002eea:	b500      	push	{lr}
10002eec:	2900      	cmp	r1, #0
10002eee:	db0a      	blt.n	10002f06 <l44_1+0x2>
10002ef0:	43db      	mvns	r3, r3
10002ef2:	4252      	negs	r2, r2
10002ef4:	d100      	bne.n	10002ef8 <l43_1>
10002ef6:	3301      	adds	r3, #1

10002ef8 <l43_1>:
10002ef8:	f000 f814 	bl	10002f24 <divmod_u64u64_unsafe>
10002efc:	43c9      	mvns	r1, r1
10002efe:	4240      	negs	r0, r0
10002f00:	d100      	bne.n	10002f04 <l44_1>
10002f02:	3101      	adds	r1, #1

10002f04 <l44_1>:
10002f04:	bd00      	pop	{pc}
10002f06:	43c9      	mvns	r1, r1
10002f08:	4240      	negs	r0, r0
10002f0a:	d100      	bne.n	10002f0e <l45_1>
10002f0c:	3101      	adds	r1, #1

10002f0e <l45_1>:
10002f0e:	43db      	mvns	r3, r3
10002f10:	4252      	negs	r2, r2
10002f12:	d100      	bne.n	10002f16 <l46_1>
10002f14:	3301      	adds	r3, #1

10002f16 <l46_1>:
10002f16:	f000 f805 	bl	10002f24 <divmod_u64u64_unsafe>
10002f1a:	43db      	mvns	r3, r3
10002f1c:	4252      	negs	r2, r2
10002f1e:	d100      	bne.n	10002f22 <l47_1>
10002f20:	3301      	adds	r3, #1

10002f22 <l47_1>:
10002f22:	bd00      	pop	{pc}

10002f24 <divmod_u64u64_unsafe>:
10002f24:	2900      	cmp	r1, #0
10002f26:	d123      	bne.n	10002f70 <y64>
10002f28:	2b00      	cmp	r3, #0
10002f2a:	d118      	bne.n	10002f5e <udiv0+0x10>
10002f2c:	2a00      	cmp	r2, #0
10002f2e:	d00c      	beq.n	10002f4a <divmod_u64u64_unsafe+0x26>
10002f30:	46bc      	mov	ip, r7
10002f32:	4f0d      	ldr	r7, [pc, #52]	@ (10002f68 <udiv0+0x1a>)
10002f34:	6638      	str	r0, [r7, #96]	@ 0x60
10002f36:	667a      	str	r2, [r7, #100]	@ 0x64
10002f38:	2100      	movs	r1, #0
10002f3a:	2300      	movs	r3, #0
10002f3c:	e7ff      	b.n	10002f3e <divmod_u64u64_unsafe+0x1a>
10002f3e:	e7ff      	b.n	10002f40 <divmod_u64u64_unsafe+0x1c>
10002f40:	e7ff      	b.n	10002f42 <divmod_u64u64_unsafe+0x1e>
10002f42:	6f7a      	ldr	r2, [r7, #116]	@ 0x74
10002f44:	6f38      	ldr	r0, [r7, #112]	@ 0x70
10002f46:	4667      	mov	r7, ip
10002f48:	4770      	bx	lr
10002f4a:	2800      	cmp	r0, #0
10002f4c:	d001      	beq.n	10002f52 <udiv0+0x4>

10002f4e <udiv0>:
10002f4e:	4807      	ldr	r0, [pc, #28]	@ (10002f6c <udiv0+0x1e>)
10002f50:	0001      	movs	r1, r0
10002f52:	b500      	push	{lr}
10002f54:	f005 fae0 	bl	10008518 <____aeabi_ldiv0_veneer>
10002f58:	2200      	movs	r2, #0
10002f5a:	2300      	movs	r3, #0
10002f5c:	bd00      	pop	{pc}
10002f5e:	0002      	movs	r2, r0
10002f60:	000b      	movs	r3, r1
10002f62:	2000      	movs	r0, #0
10002f64:	2100      	movs	r1, #0
10002f66:	4770      	bx	lr
10002f68:	d0000000 	.word	0xd0000000
10002f6c:	ffffffff 	.word	0xffffffff

10002f70 <y64>:
10002f70:	2b00      	cmp	r3, #0
10002f72:	d000      	beq.n	10002f76 <y64+0x6>
10002f74:	e0bf      	b.n	100030f6 <y64_x48>
10002f76:	0c13      	lsrs	r3, r2, #16
10002f78:	d128      	bne.n	10002fcc <y64_x32>
10002f7a:	2a00      	cmp	r2, #0
10002f7c:	d0e7      	beq.n	10002f4e <udiv0>
10002f7e:	b480      	push	{r7}
10002f80:	4f11      	ldr	r7, [pc, #68]	@ (10002fc8 <y64+0x58>)
10002f82:	6639      	str	r1, [r7, #96]	@ 0x60
10002f84:	667a      	str	r2, [r7, #100]	@ 0x64
10002f86:	e7ff      	b.n	10002f88 <y64+0x18>
10002f88:	e7ff      	b.n	10002f8a <y64+0x1a>
10002f8a:	b430      	push	{r4, r5}
10002f8c:	0c04      	lsrs	r4, r0, #16
10002f8e:	6f7b      	ldr	r3, [r7, #116]	@ 0x74
10002f90:	6f39      	ldr	r1, [r7, #112]	@ 0x70
10002f92:	041b      	lsls	r3, r3, #16
10002f94:	4323      	orrs	r3, r4
10002f96:	663b      	str	r3, [r7, #96]	@ 0x60
10002f98:	667a      	str	r2, [r7, #100]	@ 0x64
10002f9a:	e7ff      	b.n	10002f9c <y64+0x2c>
10002f9c:	e7ff      	b.n	10002f9e <y64+0x2e>
10002f9e:	e7ff      	b.n	10002fa0 <y64+0x30>
10002fa0:	46c0      	nop			@ (mov r8, r8)
10002fa2:	b284      	uxth	r4, r0
10002fa4:	6f7b      	ldr	r3, [r7, #116]	@ 0x74
10002fa6:	6f3d      	ldr	r5, [r7, #112]	@ 0x70
10002fa8:	041b      	lsls	r3, r3, #16
10002faa:	4323      	orrs	r3, r4
10002fac:	663b      	str	r3, [r7, #96]	@ 0x60
10002fae:	667a      	str	r2, [r7, #100]	@ 0x64
10002fb0:	e7ff      	b.n	10002fb2 <y64+0x42>
10002fb2:	e7ff      	b.n	10002fb4 <y64+0x44>
10002fb4:	46c0      	nop			@ (mov r8, r8)
10002fb6:	2300      	movs	r3, #0
10002fb8:	042c      	lsls	r4, r5, #16
10002fba:	0c2d      	lsrs	r5, r5, #16
10002fbc:	6f7a      	ldr	r2, [r7, #116]	@ 0x74
10002fbe:	6f38      	ldr	r0, [r7, #112]	@ 0x70
10002fc0:	1900      	adds	r0, r0, r4
10002fc2:	4169      	adcs	r1, r5
10002fc4:	bcb0      	pop	{r4, r5, r7}
10002fc6:	4770      	bx	lr
10002fc8:	d0000000 	.word	0xd0000000

10002fcc <y64_x32>:
10002fcc:	b5f0      	push	{r4, r5, r6, r7, lr}
10002fce:	4694      	mov	ip, r2
10002fd0:	2500      	movs	r5, #0
10002fd2:	0e14      	lsrs	r4, r2, #24
10002fd4:	d101      	bne.n	10002fda <y64_x32+0xe>
10002fd6:	0212      	lsls	r2, r2, #8
10002fd8:	3508      	adds	r5, #8
10002fda:	0f14      	lsrs	r4, r2, #28
10002fdc:	d101      	bne.n	10002fe2 <y64_x32+0x16>
10002fde:	0112      	lsls	r2, r2, #4
10002fe0:	3504      	adds	r5, #4
10002fe2:	0f94      	lsrs	r4, r2, #30
10002fe4:	d101      	bne.n	10002fea <y64_x32+0x1e>
10002fe6:	0092      	lsls	r2, r2, #2
10002fe8:	3502      	adds	r5, #2
10002fea:	0fd4      	lsrs	r4, r2, #31
10002fec:	d101      	bne.n	10002ff2 <y64_x32+0x26>
10002fee:	0052      	lsls	r2, r2, #1
10002ff0:	3501      	adds	r5, #1
10002ff2:	0bd4      	lsrs	r4, r2, #15
10002ff4:	3401      	adds	r4, #1
10002ff6:	4f25      	ldr	r7, [pc, #148]	@ (1000308c <y64_x32+0xc0>)
10002ff8:	667c      	str	r4, [r7, #100]	@ 0x64
10002ffa:	4c25      	ldr	r4, [pc, #148]	@ (10003090 <y64_x32+0xc4>)
10002ffc:	663c      	str	r4, [r7, #96]	@ 0x60
10002ffe:	0c0e      	lsrs	r6, r1, #16
10003000:	b293      	uxth	r3, r2
10003002:	e7ff      	b.n	10003004 <y64_x32+0x38>
10003004:	e7ff      	b.n	10003006 <y64_x32+0x3a>
10003006:	e7ff      	b.n	10003008 <y64_x32+0x3c>
10003008:	6f3c      	ldr	r4, [r7, #112]	@ 0x70
1000300a:	4366      	muls	r6, r4
1000300c:	0c36      	lsrs	r6, r6, #16
1000300e:	0377      	lsls	r7, r6, #13
10003010:	46be      	mov	lr, r7
10003012:	4373      	muls	r3, r6
10003014:	0bdf      	lsrs	r7, r3, #15
10003016:	045b      	lsls	r3, r3, #17
10003018:	1ac0      	subs	r0, r0, r3
1000301a:	41b9      	sbcs	r1, r7
1000301c:	0c13      	lsrs	r3, r2, #16
1000301e:	4373      	muls	r3, r6
10003020:	18db      	adds	r3, r3, r3
10003022:	1ac9      	subs	r1, r1, r3
10003024:	08ce      	lsrs	r6, r1, #3
10003026:	4366      	muls	r6, r4
10003028:	0c36      	lsrs	r6, r6, #16
1000302a:	44b6      	add	lr, r6
1000302c:	b293      	uxth	r3, r2
1000302e:	4373      	muls	r3, r6
10003030:	0f1f      	lsrs	r7, r3, #28
10003032:	011b      	lsls	r3, r3, #4
10003034:	1ac0      	subs	r0, r0, r3
10003036:	41b9      	sbcs	r1, r7
10003038:	0c13      	lsrs	r3, r2, #16
1000303a:	4373      	muls	r3, r6
1000303c:	0b1f      	lsrs	r7, r3, #12
1000303e:	051b      	lsls	r3, r3, #20
10003040:	1ac0      	subs	r0, r0, r3
10003042:	41b9      	sbcs	r1, r7
10003044:	0d86      	lsrs	r6, r0, #22
10003046:	028f      	lsls	r7, r1, #10
10003048:	433e      	orrs	r6, r7
1000304a:	4366      	muls	r6, r4
1000304c:	0c36      	lsrs	r6, r6, #16
1000304e:	2d09      	cmp	r5, #9
10003050:	db24      	blt.n	1000309c <last0>
10003052:	0a52      	lsrs	r2, r2, #9
10003054:	4372      	muls	r2, r6
10003056:	1a80      	subs	r0, r0, r2
10003058:	0377      	lsls	r7, r6, #13
1000305a:	0a46      	lsrs	r6, r0, #9
1000305c:	4366      	muls	r6, r4
1000305e:	0c36      	lsrs	r6, r6, #16
10003060:	2316      	movs	r3, #22
10003062:	1b5b      	subs	r3, r3, r5
10003064:	40de      	lsrs	r6, r3
10003066:	40df      	lsrs	r7, r3
10003068:	19bf      	adds	r7, r7, r6
1000306a:	4664      	mov	r4, ip
1000306c:	4366      	muls	r6, r4
1000306e:	1b82      	subs	r2, r0, r6
10003070:	4670      	mov	r0, lr
10003072:	3504      	adds	r5, #4
10003074:	3306      	adds	r3, #6
10003076:	0001      	movs	r1, r0
10003078:	40d9      	lsrs	r1, r3
1000307a:	40a8      	lsls	r0, r5
1000307c:	19c0      	adds	r0, r0, r7
1000307e:	d300      	bcc.n	10003082 <y64_x32+0xb6>
10003080:	3101      	adds	r1, #1
10003082:	42a2      	cmp	r2, r4
10003084:	d206      	bcs.n	10003094 <y64_x32+0xc8>
10003086:	2300      	movs	r3, #0
10003088:	bdf0      	pop	{r4, r5, r6, r7, pc}
1000308a:	0000      	.short	0x0000
1000308c:	d0000000 	.word	0xd0000000
10003090:	ffffffff 	.word	0xffffffff
10003094:	1b12      	subs	r2, r2, r4
10003096:	3001      	adds	r0, #1
10003098:	d3f3      	bcc.n	10003082 <y64_x32+0xb6>
1000309a:	e7f1      	b.n	10003080 <y64_x32+0xb4>

1000309c <last0>:
1000309c:	2709      	movs	r7, #9
1000309e:	1b7f      	subs	r7, r7, r5
100030a0:	40fe      	lsrs	r6, r7
100030a2:	4664      	mov	r4, ip
100030a4:	b2a2      	uxth	r2, r4
100030a6:	4372      	muls	r2, r6
100030a8:	1a80      	subs	r0, r0, r2
100030aa:	d200      	bcs.n	100030ae <last0+0x12>
100030ac:	3901      	subs	r1, #1
100030ae:	0c22      	lsrs	r2, r4, #16
100030b0:	4372      	muls	r2, r6
100030b2:	0c13      	lsrs	r3, r2, #16
100030b4:	0412      	lsls	r2, r2, #16
100030b6:	1a82      	subs	r2, r0, r2
100030b8:	4199      	sbcs	r1, r3
100030ba:	000b      	movs	r3, r1
100030bc:	4670      	mov	r0, lr
100030be:	3504      	adds	r5, #4
100030c0:	3713      	adds	r7, #19
100030c2:	0001      	movs	r1, r0
100030c4:	40f9      	lsrs	r1, r7
100030c6:	40a8      	lsls	r0, r5
100030c8:	1980      	adds	r0, r0, r6
100030ca:	d300      	bcc.n	100030ce <last0+0x32>
100030cc:	3101      	adds	r1, #1
100030ce:	2b00      	cmp	r3, #0
100030d0:	d102      	bne.n	100030d8 <last0+0x3c>
100030d2:	42a2      	cmp	r2, r4
100030d4:	d20a      	bcs.n	100030ec <last0+0x50>
100030d6:	bdf0      	pop	{r4, r5, r6, r7, pc}
100030d8:	3001      	adds	r0, #1
100030da:	d300      	bcc.n	100030de <last0+0x42>
100030dc:	3101      	adds	r1, #1
100030de:	1b12      	subs	r2, r2, r4
100030e0:	d2fa      	bcs.n	100030d8 <last0+0x3c>
100030e2:	3b01      	subs	r3, #1
100030e4:	d1f8      	bne.n	100030d8 <last0+0x3c>
100030e6:	42a2      	cmp	r2, r4
100030e8:	d200      	bcs.n	100030ec <last0+0x50>
100030ea:	bdf0      	pop	{r4, r5, r6, r7, pc}
100030ec:	3001      	adds	r0, #1
100030ee:	d300      	bcc.n	100030f2 <last0+0x56>
100030f0:	3101      	adds	r1, #1
100030f2:	1b12      	subs	r2, r2, r4
100030f4:	e7f7      	b.n	100030e6 <last0+0x4a>

100030f6 <y64_x48>:
100030f6:	b5f0      	push	{r4, r5, r6, r7, lr}
100030f8:	0c1c      	lsrs	r4, r3, #16
100030fa:	d000      	beq.n	100030fe <y64_x48+0x8>
100030fc:	e080      	b.n	10003200 <y64_x64>
100030fe:	b40c      	push	{r2, r3}
10003100:	2500      	movs	r5, #0
10003102:	0a1c      	lsrs	r4, r3, #8
10003104:	d104      	bne.n	10003110 <y64_x48+0x1a>
10003106:	021b      	lsls	r3, r3, #8
10003108:	0e16      	lsrs	r6, r2, #24
1000310a:	4333      	orrs	r3, r6
1000310c:	0212      	lsls	r2, r2, #8
1000310e:	3508      	adds	r5, #8
10003110:	0b1c      	lsrs	r4, r3, #12
10003112:	d104      	bne.n	1000311e <y64_x48+0x28>
10003114:	011b      	lsls	r3, r3, #4
10003116:	0f16      	lsrs	r6, r2, #28
10003118:	4333      	orrs	r3, r6
1000311a:	0112      	lsls	r2, r2, #4
1000311c:	3504      	adds	r5, #4
1000311e:	0b9c      	lsrs	r4, r3, #14
10003120:	d104      	bne.n	1000312c <y64_x48+0x36>
10003122:	009b      	lsls	r3, r3, #2
10003124:	0f96      	lsrs	r6, r2, #30
10003126:	4333      	orrs	r3, r6
10003128:	0092      	lsls	r2, r2, #2
1000312a:	3502      	adds	r5, #2
1000312c:	0bdc      	lsrs	r4, r3, #15
1000312e:	d102      	bne.n	10003136 <y64_x48+0x40>
10003130:	1892      	adds	r2, r2, r2
10003132:	415b      	adcs	r3, r3
10003134:	3501      	adds	r5, #1
10003136:	001c      	movs	r4, r3
10003138:	1897      	adds	r7, r2, r2
1000313a:	4164      	adcs	r4, r4
1000313c:	3401      	adds	r4, #1
1000313e:	4f46      	ldr	r7, [pc, #280]	@ (10003258 <y64_x64+0x58>)
10003140:	667c      	str	r4, [r7, #100]	@ 0x64
10003142:	4c46      	ldr	r4, [pc, #280]	@ (1000325c <y64_x64+0x5c>)
10003144:	663c      	str	r4, [r7, #96]	@ 0x60
10003146:	0c0e      	lsrs	r6, r1, #16
10003148:	e7ff      	b.n	1000314a <y64_x48+0x54>
1000314a:	e7ff      	b.n	1000314c <y64_x48+0x56>
1000314c:	e7ff      	b.n	1000314e <y64_x48+0x58>
1000314e:	46c0      	nop			@ (mov r8, r8)
10003150:	6f3c      	ldr	r4, [r7, #112]	@ 0x70
10003152:	4366      	muls	r6, r4
10003154:	0c36      	lsrs	r6, r6, #16
10003156:	0377      	lsls	r7, r6, #13
10003158:	46be      	mov	lr, r7
1000315a:	b297      	uxth	r7, r2
1000315c:	4377      	muls	r7, r6
1000315e:	1bc0      	subs	r0, r0, r7
10003160:	d200      	bcs.n	10003164 <y64_x48+0x6e>
10003162:	3901      	subs	r1, #1
10003164:	1bc0      	subs	r0, r0, r7
10003166:	d200      	bcs.n	1000316a <y64_x48+0x74>
10003168:	3901      	subs	r1, #1
1000316a:	b29f      	uxth	r7, r3
1000316c:	4377      	muls	r7, r6
1000316e:	1bc9      	subs	r1, r1, r7
10003170:	1bc9      	subs	r1, r1, r7
10003172:	0c17      	lsrs	r7, r2, #16
10003174:	4377      	muls	r7, r6
10003176:	047e      	lsls	r6, r7, #17
10003178:	0bff      	lsrs	r7, r7, #15
1000317a:	1b80      	subs	r0, r0, r6
1000317c:	41b9      	sbcs	r1, r7
1000317e:	08ce      	lsrs	r6, r1, #3
10003180:	4366      	muls	r6, r4
10003182:	0c36      	lsrs	r6, r6, #16
10003184:	2d0c      	cmp	r5, #12
10003186:	db33      	blt.n	100031f0 <last1>
10003188:	44b6      	add	lr, r6
1000318a:	0b12      	lsrs	r2, r2, #12
1000318c:	051f      	lsls	r7, r3, #20
1000318e:	433a      	orrs	r2, r7
10003190:	0b1b      	lsrs	r3, r3, #12
10003192:	b297      	uxth	r7, r2
10003194:	4377      	muls	r7, r6
10003196:	1bc0      	subs	r0, r0, r7
10003198:	d200      	bcs.n	1000319c <y64_x48+0xa6>
1000319a:	3901      	subs	r1, #1
1000319c:	b29f      	uxth	r7, r3
1000319e:	4377      	muls	r7, r6
100031a0:	1bc9      	subs	r1, r1, r7
100031a2:	0c17      	lsrs	r7, r2, #16
100031a4:	4377      	muls	r7, r6
100031a6:	043e      	lsls	r6, r7, #16
100031a8:	0c3f      	lsrs	r7, r7, #16
100031aa:	1b80      	subs	r0, r0, r6
100031ac:	41b9      	sbcs	r1, r7
100031ae:	0d86      	lsrs	r6, r0, #22
100031b0:	028f      	lsls	r7, r1, #10
100031b2:	433e      	orrs	r6, r7
100031b4:	4366      	muls	r6, r4
100031b6:	2729      	movs	r7, #41	@ 0x29
100031b8:	1b7f      	subs	r7, r7, r5
100031ba:	40fe      	lsrs	r6, r7
100031bc:	3d0c      	subs	r5, #12
100031be:	4677      	mov	r7, lr
100031c0:	40af      	lsls	r7, r5
100031c2:	19bf      	adds	r7, r7, r6
100031c4:	bc30      	pop	{r4, r5}
100031c6:	b2a2      	uxth	r2, r4
100031c8:	b2ab      	uxth	r3, r5
100031ca:	4372      	muls	r2, r6
100031cc:	4373      	muls	r3, r6
100031ce:	1a80      	subs	r0, r0, r2
100031d0:	4199      	sbcs	r1, r3
100031d2:	0c22      	lsrs	r2, r4, #16
100031d4:	4372      	muls	r2, r6
100031d6:	0c13      	lsrs	r3, r2, #16
100031d8:	0412      	lsls	r2, r2, #16
100031da:	1a80      	subs	r0, r0, r2
100031dc:	4199      	sbcs	r1, r3
100031de:	0002      	movs	r2, r0
100031e0:	000b      	movs	r3, r1
100031e2:	3701      	adds	r7, #1
100031e4:	1b00      	subs	r0, r0, r4
100031e6:	41a9      	sbcs	r1, r5
100031e8:	d2f9      	bcs.n	100031de <y64_x48+0xe8>
100031ea:	1e78      	subs	r0, r7, #1
100031ec:	2100      	movs	r1, #0
100031ee:	bdf0      	pop	{r4, r5, r6, r7, pc}

100031f0 <last1>:
100031f0:	270c      	movs	r7, #12
100031f2:	1b7f      	subs	r7, r7, r5
100031f4:	40fe      	lsrs	r6, r7
100031f6:	4677      	mov	r7, lr
100031f8:	0b7f      	lsrs	r7, r7, #13
100031fa:	40af      	lsls	r7, r5
100031fc:	19ff      	adds	r7, r7, r7
100031fe:	e7e0      	b.n	100031c2 <y64_x48+0xcc>

10003200 <y64_x64>:
10003200:	2400      	movs	r4, #0
10003202:	1c5d      	adds	r5, r3, #1
10003204:	d007      	beq.n	10003216 <y64_x64+0x16>
10003206:	4f14      	ldr	r7, [pc, #80]	@ (10003258 <y64_x64+0x58>)
10003208:	667d      	str	r5, [r7, #100]	@ 0x64
1000320a:	6639      	str	r1, [r7, #96]	@ 0x60
1000320c:	e7ff      	b.n	1000320e <y64_x64+0xe>
1000320e:	e7ff      	b.n	10003210 <y64_x64+0x10>
10003210:	e7ff      	b.n	10003212 <y64_x64+0x12>
10003212:	e7ff      	b.n	10003214 <y64_x64+0x14>
10003214:	6f3c      	ldr	r4, [r7, #112]	@ 0x70
10003216:	b295      	uxth	r5, r2
10003218:	b29e      	uxth	r6, r3
1000321a:	4365      	muls	r5, r4
1000321c:	4366      	muls	r6, r4
1000321e:	1b40      	subs	r0, r0, r5
10003220:	41b1      	sbcs	r1, r6
10003222:	0c15      	lsrs	r5, r2, #16
10003224:	0c1e      	lsrs	r6, r3, #16
10003226:	4365      	muls	r5, r4
10003228:	4366      	muls	r6, r4
1000322a:	0436      	lsls	r6, r6, #16
1000322c:	0c2f      	lsrs	r7, r5, #16
1000322e:	433e      	orrs	r6, r7
10003230:	042d      	lsls	r5, r5, #16
10003232:	1b40      	subs	r0, r0, r5
10003234:	41b1      	sbcs	r1, r6
10003236:	4299      	cmp	r1, r3
10003238:	d204      	bcs.n	10003244 <y64_x64+0x44>
1000323a:	0002      	movs	r2, r0
1000323c:	000b      	movs	r3, r1
1000323e:	0020      	movs	r0, r4
10003240:	2100      	movs	r1, #0
10003242:	bdf0      	pop	{r4, r5, r6, r7, pc}
10003244:	d101      	bne.n	1000324a <y64_x64+0x4a>
10003246:	4290      	cmp	r0, r2
10003248:	d3f7      	bcc.n	1000323a <y64_x64+0x3a>
1000324a:	1a80      	subs	r0, r0, r2
1000324c:	4199      	sbcs	r1, r3
1000324e:	3401      	adds	r4, #1
10003250:	4299      	cmp	r1, r3
10003252:	d3f2      	bcc.n	1000323a <y64_x64+0x3a>
10003254:	e7f6      	b.n	10003244 <y64_x64+0x44>
10003256:	0000      	.short	0x0000
10003258:	d0000000 	.word	0xd0000000
1000325c:	ffffffff 	.word	0xffffffff

10003260 <__wrap___aeabi_drsub>:
10003260:	4048      	eors	r0, r1
10003262:	4041      	eors	r1, r0
10003264:	4048      	eors	r0, r1

10003266 <__wrap___aeabi_dsub>:
10003266:	b418      	push	{r3, r4}
10003268:	4b1b      	ldr	r3, [pc, #108]	@ (100032d8 <__wrap___aeabi_dmul+0x12>)
1000326a:	685b      	ldr	r3, [r3, #4]
1000326c:	46fc      	mov	ip, pc
1000326e:	9301      	str	r3, [sp, #4]
10003270:	bd08      	pop	{r3, pc}
10003272:	df04      	.short	0xdf04
10003274:	1000350b 	.word	0x1000350b

10003278 <__wrap___aeabi_dadd>:
10003278:	b418      	push	{r3, r4}
1000327a:	4b17      	ldr	r3, [pc, #92]	@ (100032d8 <__wrap___aeabi_dmul+0x12>)
1000327c:	681b      	ldr	r3, [r3, #0]
1000327e:	46fc      	mov	ip, pc
10003280:	9301      	str	r3, [sp, #4]
10003282:	bd08      	pop	{r3, pc}
10003284:	3515df00 	.word	0x3515df00
10003288:	1000      	.short	0x1000

1000328a <__wrap___aeabi_ddiv>:
1000328a:	4694      	mov	ip, r2
1000328c:	4a13      	ldr	r2, [pc, #76]	@ (100032dc <__wrap___aeabi_dmul+0x16>)
1000328e:	6f92      	ldr	r2, [r2, #120]	@ 0x78
10003290:	0892      	lsrs	r2, r2, #2
10003292:	d209      	bcs.n	100032a8 <ddiv_save_state>
10003294:	4662      	mov	r2, ip

10003296 <ddiv_shim_call>:
10003296:	b418      	push	{r3, r4}
10003298:	4b0f      	ldr	r3, [pc, #60]	@ (100032d8 <__wrap___aeabi_dmul+0x12>)
1000329a:	68db      	ldr	r3, [r3, #12]
1000329c:	46fc      	mov	ip, pc
1000329e:	9301      	str	r3, [sp, #4]
100032a0:	bd08      	pop	{r3, pc}
100032a2:	df0c      	.short	0xdf0c
100032a4:	100037cd 	.word	0x100037cd

100032a8 <ddiv_save_state>:
100032a8:	4a0c      	ldr	r2, [pc, #48]	@ (100032dc <__wrap___aeabi_dmul+0x16>)
100032aa:	b5f0      	push	{r4, r5, r6, r7, lr}
100032ac:	6e14      	ldr	r4, [r2, #96]	@ 0x60
100032ae:	6e55      	ldr	r5, [r2, #100]	@ 0x64
100032b0:	6f57      	ldr	r7, [r2, #116]	@ 0x74
100032b2:	6f16      	ldr	r6, [r2, #112]	@ 0x70
100032b4:	4662      	mov	r2, ip
100032b6:	f7ff ffee 	bl	10003296 <ddiv_shim_call>
100032ba:	4a08      	ldr	r2, [pc, #32]	@ (100032dc <__wrap___aeabi_dmul+0x16>)
100032bc:	6614      	str	r4, [r2, #96]	@ 0x60
100032be:	6655      	str	r5, [r2, #100]	@ 0x64
100032c0:	6757      	str	r7, [r2, #116]	@ 0x74
100032c2:	6716      	str	r6, [r2, #112]	@ 0x70
100032c4:	bdf0      	pop	{r4, r5, r6, r7, pc}

100032c6 <__wrap___aeabi_dmul>:
100032c6:	b418      	push	{r3, r4}
100032c8:	4b03      	ldr	r3, [pc, #12]	@ (100032d8 <__wrap___aeabi_dmul+0x12>)
100032ca:	689b      	ldr	r3, [r3, #8]
100032cc:	46fc      	mov	ip, pc
100032ce:	9301      	str	r3, [sp, #4]
100032d0:	bd08      	pop	{r3, pc}
100032d2:	df08      	.short	0xdf08
100032d4:	10003671 	.word	0x10003671
100032d8:	20001280 	.word	0x20001280
100032dc:	d0000000 	.word	0xd0000000

100032e0 <__wrap___aeabi_cdrcmple>:
100032e0:	b5ff      	push	{r0, r1, r2, r3, r4, r5, r6, r7, lr}
100032e2:	4050      	eors	r0, r2
100032e4:	4042      	eors	r2, r0
100032e6:	4050      	eors	r0, r2
100032e8:	4059      	eors	r1, r3
100032ea:	404b      	eors	r3, r1
100032ec:	4059      	eors	r1, r3
100032ee:	e000      	b.n	100032f2 <__aeabi_dfcmple_guts>

100032f0 <__wrap___aeabi_cdcmpeq>:
100032f0:	b5ff      	push	{r0, r1, r2, r3, r4, r5, r6, r7, lr}

100032f2 <__aeabi_dfcmple_guts>:
100032f2:	4f15      	ldr	r7, [pc, #84]	@ (10003348 <__aeabi_dfcmple_guts+0x56>)
100032f4:	004c      	lsls	r4, r1, #1
100032f6:	0d64      	lsrs	r4, r4, #21
100032f8:	d003      	beq.n	10003302 <__aeabi_dfcmple_guts+0x10>
100032fa:	42bc      	cmp	r4, r7
100032fc:	d104      	bne.n	10003308 <__aeabi_dfcmple_guts+0x16>
100032fe:	030c      	lsls	r4, r1, #12
10003300:	d814      	bhi.n	1000332c <__aeabi_dfcmple_guts+0x3a>
10003302:	2000      	movs	r0, #0
10003304:	0d09      	lsrs	r1, r1, #20
10003306:	0509      	lsls	r1, r1, #20
10003308:	005c      	lsls	r4, r3, #1
1000330a:	0d64      	lsrs	r4, r4, #21
1000330c:	d003      	beq.n	10003316 <__aeabi_dfcmple_guts+0x24>
1000330e:	42bc      	cmp	r4, r7
10003310:	d104      	bne.n	1000331c <__aeabi_dfcmple_guts+0x2a>
10003312:	031c      	lsls	r4, r3, #12
10003314:	d80a      	bhi.n	1000332c <__aeabi_dfcmple_guts+0x3a>
10003316:	2200      	movs	r2, #0
10003318:	0d1b      	lsrs	r3, r3, #20
1000331a:	051b      	lsls	r3, r3, #20
1000331c:	2601      	movs	r6, #1
1000331e:	404b      	eors	r3, r1
10003320:	d409      	bmi.n	10003336 <__aeabi_dfcmple_guts+0x44>
10003322:	404b      	eors	r3, r1
10003324:	d503      	bpl.n	1000332e <__aeabi_dfcmple_guts+0x3c>
10003326:	428b      	cmp	r3, r1
10003328:	d100      	bne.n	1000332c <__aeabi_dfcmple_guts+0x3a>
1000332a:	4282      	cmp	r2, r0
1000332c:	bdff      	pop	{r0, r1, r2, r3, r4, r5, r6, r7, pc}
1000332e:	4299      	cmp	r1, r3
10003330:	d1fc      	bne.n	1000332c <__aeabi_dfcmple_guts+0x3a>
10003332:	4290      	cmp	r0, r2
10003334:	bdff      	pop	{r0, r1, r2, r3, r4, r5, r6, r7, pc}
10003336:	430b      	orrs	r3, r1
10003338:	18db      	adds	r3, r3, r3
1000333a:	4303      	orrs	r3, r0
1000333c:	4313      	orrs	r3, r2
1000333e:	d0f5      	beq.n	1000332c <__aeabi_dfcmple_guts+0x3a>
10003340:	43c9      	mvns	r1, r1
10003342:	1849      	adds	r1, r1, r1
10003344:	bdff      	pop	{r0, r1, r2, r3, r4, r5, r6, r7, pc}
10003346:	0000      	.short	0x0000
10003348:	000007ff 	.word	0x000007ff

1000334c <__wrap___aeabi_dcmplt>:
1000334c:	b500      	push	{lr}
1000334e:	f7ff ffcf 	bl	100032f0 <__wrap___aeabi_cdcmpeq>
10003352:	4180      	sbcs	r0, r0
10003354:	bd00      	pop	{pc}
10003356:	46c0      	nop			@ (mov r8, r8)

10003358 <__wrap___aeabi_dcmple>:
10003358:	b500      	push	{lr}
1000335a:	f7ff ffc9 	bl	100032f0 <__wrap___aeabi_cdcmpeq>
1000335e:	d901      	bls.n	10003364 <__wrap___aeabi_dcmple+0xc>
10003360:	2000      	movs	r0, #0
10003362:	bd00      	pop	{pc}
10003364:	2001      	movs	r0, #1
10003366:	bd00      	pop	{pc}

10003368 <__wrap___aeabi_dcmpge>:
10003368:	b500      	push	{lr}
1000336a:	f7ff ffb9 	bl	100032e0 <__wrap___aeabi_cdrcmple>
1000336e:	d901      	bls.n	10003374 <__wrap___aeabi_dcmpge+0xc>
10003370:	2000      	movs	r0, #0
10003372:	bd00      	pop	{pc}
10003374:	2001      	movs	r0, #1
10003376:	bd00      	pop	{pc}

10003378 <__wrap___aeabi_dcmpgt>:
10003378:	b500      	push	{lr}
1000337a:	f7ff ffb1 	bl	100032e0 <__wrap___aeabi_cdrcmple>
1000337e:	4180      	sbcs	r0, r0
10003380:	bd00      	pop	{pc}

10003382 <__wrap___aeabi_dcmpun>:
10003382:	2001      	movs	r0, #1
10003384:	0540      	lsls	r0, r0, #21
10003386:	004a      	lsls	r2, r1, #1
10003388:	1812      	adds	r2, r2, r0
1000338a:	d804      	bhi.n	10003396 <__wrap___aeabi_dcmpun+0x14>
1000338c:	005a      	lsls	r2, r3, #1
1000338e:	1812      	adds	r2, r2, r0
10003390:	d801      	bhi.n	10003396 <__wrap___aeabi_dcmpun+0x14>
10003392:	2000      	movs	r0, #0
10003394:	4770      	bx	lr
10003396:	2001      	movs	r0, #1
10003398:	4770      	bx	lr
	...

1000339c <__wrap___aeabi_ui2d>:
1000339c:	2100      	movs	r1, #0
1000339e:	2800      	cmp	r0, #0
100033a0:	d105      	bne.n	100033ae <__wrap___aeabi_i2d+0xa>
100033a2:	4770      	bx	lr

100033a4 <__wrap___aeabi_i2d>:
100033a4:	17c1      	asrs	r1, r0, #31
100033a6:	4048      	eors	r0, r1
100033a8:	1a40      	subs	r0, r0, r1
100033aa:	d0fa      	beq.n	100033a2 <__wrap___aeabi_ui2d+0x6>
100033ac:	07c9      	lsls	r1, r1, #31
100033ae:	b513      	push	{r0, r1, r4, lr}
100033b0:	4b06      	ldr	r3, [pc, #24]	@ (100033cc <__wrap___aeabi_i2d+0x28>)
100033b2:	681b      	ldr	r3, [r3, #0]
100033b4:	4798      	blx	r3
100033b6:	bc0c      	pop	{r2, r3}
100033b8:	1c44      	adds	r4, r0, #1
100033ba:	40a2      	lsls	r2, r4
100033bc:	0510      	lsls	r0, r2, #20
100033be:	0b12      	lsrs	r2, r2, #12
100033c0:	4903      	ldr	r1, [pc, #12]	@ (100033d0 <__wrap___aeabi_i2d+0x2c>)
100033c2:	1b09      	subs	r1, r1, r4
100033c4:	0509      	lsls	r1, r1, #20
100033c6:	4319      	orrs	r1, r3
100033c8:	4311      	orrs	r1, r2
100033ca:	bd10      	pop	{r4, pc}
100033cc:	20001fe8 	.word	0x20001fe8
100033d0:	0000041f 	.word	0x0000041f

100033d4 <__wrap___aeabi_d2iz>:
100033d4:	b510      	push	{r4, lr}
100033d6:	004c      	lsls	r4, r1, #1
100033d8:	0d62      	lsrs	r2, r4, #21
100033da:	2380      	movs	r3, #128	@ 0x80
100033dc:	18d2      	adds	r2, r2, r3
100033de:	00db      	lsls	r3, r3, #3
100033e0:	1ad2      	subs	r2, r2, r3
100033e2:	055b      	lsls	r3, r3, #21
100033e4:	2a7e      	cmp	r2, #126	@ 0x7e
100033e6:	dd10      	ble.n	1000340a <__wrap___aeabi_d2iz+0x36>
100033e8:	3a9e      	subs	r2, #158	@ 0x9e
100033ea:	da13      	bge.n	10003414 <__wrap___aeabi_d2iz+0x40>
100033ec:	17cc      	asrs	r4, r1, #31
100033ee:	0309      	lsls	r1, r1, #12
100033f0:	0849      	lsrs	r1, r1, #1
100033f2:	4319      	orrs	r1, r3
100033f4:	4252      	negs	r2, r2
100033f6:	40d1      	lsrs	r1, r2
100033f8:	0064      	lsls	r4, r4, #1
100033fa:	3401      	adds	r4, #1
100033fc:	3215      	adds	r2, #21
100033fe:	2a20      	cmp	r2, #32
10003400:	da05      	bge.n	1000340e <__wrap___aeabi_d2iz+0x3a>
10003402:	40d0      	lsrs	r0, r2
10003404:	4308      	orrs	r0, r1
10003406:	4360      	muls	r0, r4
10003408:	bd10      	pop	{r4, pc}
1000340a:	2000      	movs	r0, #0
1000340c:	bd10      	pop	{r4, pc}
1000340e:	4608      	mov	r0, r1
10003410:	4360      	muls	r0, r4
10003412:	bd10      	pop	{r4, pc}
10003414:	0fc8      	lsrs	r0, r1, #31
10003416:	18c0      	adds	r0, r0, r3
10003418:	3801      	subs	r0, #1
1000341a:	bd10      	pop	{r4, pc}

1000341c <__wrap___aeabi_d2uiz>:
1000341c:	b418      	push	{r3, r4}
1000341e:	4b04      	ldr	r3, [pc, #16]	@ (10003430 <__wrap___aeabi_d2uiz+0x14>)
10003420:	6a5b      	ldr	r3, [r3, #36]	@ 0x24
10003422:	46fc      	mov	ip, pc
10003424:	9301      	str	r3, [sp, #4]
10003426:	bd08      	pop	{r3, pc}
10003428:	397ddf24 	.word	0x397ddf24
1000342c:	00001000 	.word	0x00001000
10003430:	20001280 	.word	0x20001280

10003434 <__aeabi_double_init>:
10003434:	2313      	movs	r3, #19
10003436:	b570      	push	{r4, r5, r6, lr}
10003438:	781d      	ldrb	r5, [r3, #0]
1000343a:	2d01      	cmp	r5, #1
1000343c:	d019      	beq.n	10003472 <__aeabi_double_init+0x3e>
1000343e:	dd14      	ble.n	1000346a <__aeabi_double_init+0x36>
10003440:	481f      	ldr	r0, [pc, #124]	@ (100034c0 <__aeabi_double_init+0x8c>)
10003442:	f7ff fb31 	bl	10002aa8 <rom_data_lookup>
10003446:	0006      	movs	r6, r0
10003448:	481e      	ldr	r0, [pc, #120]	@ (100034c4 <__aeabi_double_init+0x90>)
1000344a:	f7ff fb2d 	bl	10002aa8 <rom_data_lookup>
1000344e:	4c1e      	ldr	r4, [pc, #120]	@ (100034c8 <__aeabi_double_init+0x94>)
10003450:	2280      	movs	r2, #128	@ 0x80
10003452:	0031      	movs	r1, r6
10003454:	0020      	movs	r0, r4
10003456:	f000 fc2d 	bl	10003cb4 <__wrap___aeabi_memcpy>
1000345a:	2d02      	cmp	r5, #2
1000345c:	d02d      	beq.n	100034ba <__aeabi_double_init+0x86>
1000345e:	481b      	ldr	r0, [pc, #108]	@ (100034cc <__aeabi_double_init+0x98>)
10003460:	f7ff fb1a 	bl	10002a98 <rom_func_lookup>
10003464:	4b1a      	ldr	r3, [pc, #104]	@ (100034d0 <__aeabi_double_init+0x9c>)
10003466:	6018      	str	r0, [r3, #0]
10003468:	bd70      	pop	{r4, r5, r6, pc}
1000346a:	4b1a      	ldr	r3, [pc, #104]	@ (100034d4 <__aeabi_double_init+0xa0>)
1000346c:	4c16      	ldr	r4, [pc, #88]	@ (100034c8 <__aeabi_double_init+0x94>)
1000346e:	64a3      	str	r3, [r4, #72]	@ 0x48
10003470:	e7f5      	b.n	1000345e <__aeabi_double_init+0x2a>
10003472:	4b18      	ldr	r3, [pc, #96]	@ (100034d4 <__aeabi_double_init+0xa0>)
10003474:	4c14      	ldr	r4, [pc, #80]	@ (100034c8 <__aeabi_double_init+0x94>)
10003476:	6023      	str	r3, [r4, #0]
10003478:	6063      	str	r3, [r4, #4]
1000347a:	60a3      	str	r3, [r4, #8]
1000347c:	60e3      	str	r3, [r4, #12]
1000347e:	6123      	str	r3, [r4, #16]
10003480:	6163      	str	r3, [r4, #20]
10003482:	61a3      	str	r3, [r4, #24]
10003484:	61e3      	str	r3, [r4, #28]
10003486:	6223      	str	r3, [r4, #32]
10003488:	6263      	str	r3, [r4, #36]	@ 0x24
1000348a:	62a3      	str	r3, [r4, #40]	@ 0x28
1000348c:	62e3      	str	r3, [r4, #44]	@ 0x2c
1000348e:	6323      	str	r3, [r4, #48]	@ 0x30
10003490:	6363      	str	r3, [r4, #52]	@ 0x34
10003492:	63a3      	str	r3, [r4, #56]	@ 0x38
10003494:	63e3      	str	r3, [r4, #60]	@ 0x3c
10003496:	6423      	str	r3, [r4, #64]	@ 0x40
10003498:	6463      	str	r3, [r4, #68]	@ 0x44
1000349a:	64a3      	str	r3, [r4, #72]	@ 0x48
1000349c:	64e3      	str	r3, [r4, #76]	@ 0x4c
1000349e:	6523      	str	r3, [r4, #80]	@ 0x50
100034a0:	6563      	str	r3, [r4, #84]	@ 0x54
100034a2:	65a3      	str	r3, [r4, #88]	@ 0x58
100034a4:	65e3      	str	r3, [r4, #92]	@ 0x5c
100034a6:	6623      	str	r3, [r4, #96]	@ 0x60
100034a8:	6663      	str	r3, [r4, #100]	@ 0x64
100034aa:	66a3      	str	r3, [r4, #104]	@ 0x68
100034ac:	66e3      	str	r3, [r4, #108]	@ 0x6c
100034ae:	6723      	str	r3, [r4, #112]	@ 0x70
100034b0:	6763      	str	r3, [r4, #116]	@ 0x74
100034b2:	67a3      	str	r3, [r4, #120]	@ 0x78
100034b4:	67e3      	str	r3, [r4, #124]	@ 0x7c
100034b6:	64a3      	str	r3, [r4, #72]	@ 0x48
100034b8:	e7d1      	b.n	1000345e <__aeabi_double_init+0x2a>
100034ba:	4b06      	ldr	r3, [pc, #24]	@ (100034d4 <__aeabi_double_init+0xa0>)
100034bc:	64a3      	str	r3, [r4, #72]	@ 0x48
100034be:	e7ce      	b.n	1000345e <__aeabi_double_init+0x2a>
100034c0:	00004453 	.word	0x00004453
100034c4:	00004653 	.word	0x00004653
100034c8:	20001280 	.word	0x20001280
100034cc:	0000334c 	.word	0x0000334c
100034d0:	20001fe8 	.word	0x20001fe8
100034d4:	100034d9 	.word	0x100034d9

100034d8 <double_table_shim_on_use_helper>:
100034d8:	b507      	push	{r0, r1, r2, lr}
100034da:	4660      	mov	r0, ip
100034dc:	8801      	ldrh	r1, [r0, #0]
100034de:	0a0a      	lsrs	r2, r1, #8
100034e0:	3002      	adds	r0, #2
100034e2:	2adf      	cmp	r2, #223	@ 0xdf
100034e4:	d1fa      	bne.n	100034dc <double_table_shim_on_use_helper+0x4>
100034e6:	b2c9      	uxtb	r1, r1
100034e8:	0882      	lsrs	r2, r0, #2
100034ea:	d304      	bcc.n	100034f6 <double_table_shim_on_use_helper+0x1e>
100034ec:	8802      	ldrh	r2, [r0, #0]
100034ee:	8840      	ldrh	r0, [r0, #2]
100034f0:	0400      	lsls	r0, r0, #16
100034f2:	4310      	orrs	r0, r2
100034f4:	e000      	b.n	100034f8 <double_table_shim_on_use_helper+0x20>
100034f6:	6800      	ldr	r0, [r0, #0]
100034f8:	4a01      	ldr	r2, [pc, #4]	@ (10003500 <double_table_shim_on_use_helper+0x28>)
100034fa:	5050      	str	r0, [r2, r1]
100034fc:	9003      	str	r0, [sp, #12]
100034fe:	bd07      	pop	{r0, r1, r2, pc}
10003500:	20001280 	.word	0x20001280

10003504 <drsub_shim>:
10003504:	b40f      	push	{r0, r1, r2, r3}
10003506:	bc03      	pop	{r0, r1}
10003508:	bc0c      	pop	{r2, r3}

1000350a <dsub_shim>:
1000350a:	b5f0      	push	{r4, r5, r6, r7, lr}
1000350c:	2401      	movs	r4, #1
1000350e:	07e4      	lsls	r4, r4, #31
10003510:	4063      	eors	r3, r4
10003512:	e000      	b.n	10003516 <da_entry>

10003514 <dadd_shim>:
10003514:	b5f0      	push	{r4, r5, r6, r7, lr}

10003516 <da_entry>:
10003516:	0d0c      	lsrs	r4, r1, #20
10003518:	0fcf      	lsrs	r7, r1, #31
1000351a:	1e66      	subs	r6, r4, #1
1000351c:	0536      	lsls	r6, r6, #20
1000351e:	1b89      	subs	r1, r1, r6
10003520:	0564      	lsls	r4, r4, #21
10003522:	d303      	bcc.n	1000352c <l8_1>
10003524:	43c9      	mvns	r1, r1
10003526:	4240      	negs	r0, r0
10003528:	d300      	bcc.n	1000352c <l8_1>
1000352a:	3101      	adds	r1, #1

1000352c <l8_1>:
1000352c:	0d64      	lsrs	r4, r4, #21
1000352e:	d003      	beq.n	10003538 <l8_2>
10003530:	1c66      	adds	r6, r4, #1
10003532:	0af6      	lsrs	r6, r6, #11
10003534:	d007      	beq.n	10003546 <l8_3>
10003536:	1be4      	subs	r4, r4, r7

10003538 <l8_2>:
10003538:	2000      	movs	r0, #0
1000353a:	007f      	lsls	r7, r7, #1
1000353c:	1c79      	adds	r1, r7, #1
1000353e:	0789      	lsls	r1, r1, #30
10003540:	1289      	asrs	r1, r1, #10
10003542:	3c80      	subs	r4, #128	@ 0x80
10003544:	0324      	lsls	r4, r4, #12

10003546 <l8_3>:
10003546:	0d1d      	lsrs	r5, r3, #20
10003548:	0fdf      	lsrs	r7, r3, #31
1000354a:	1e6e      	subs	r6, r5, #1
1000354c:	0536      	lsls	r6, r6, #20
1000354e:	1b9b      	subs	r3, r3, r6
10003550:	056d      	lsls	r5, r5, #21
10003552:	d303      	bcc.n	1000355c <l9_1>
10003554:	43db      	mvns	r3, r3
10003556:	4252      	negs	r2, r2
10003558:	d300      	bcc.n	1000355c <l9_1>
1000355a:	3301      	adds	r3, #1

1000355c <l9_1>:
1000355c:	0d6d      	lsrs	r5, r5, #21
1000355e:	d003      	beq.n	10003568 <l9_2>
10003560:	1c6e      	adds	r6, r5, #1
10003562:	0af6      	lsrs	r6, r6, #11
10003564:	d007      	beq.n	10003576 <l9_3>
10003566:	1bed      	subs	r5, r5, r7

10003568 <l9_2>:
10003568:	2200      	movs	r2, #0
1000356a:	007f      	lsls	r7, r7, #1
1000356c:	1c7b      	adds	r3, r7, #1
1000356e:	079b      	lsls	r3, r3, #30
10003570:	129b      	asrs	r3, r3, #10
10003572:	3d80      	subs	r5, #128	@ 0x80
10003574:	032d      	lsls	r5, r5, #12

10003576 <l9_3>:
10003576:	1b2f      	subs	r7, r5, r4
10003578:	1b66      	subs	r6, r4, r5
1000357a:	d458      	bmi.n	1000362e <da_ygtx>
1000357c:	46a4      	mov	ip, r4
1000357e:	2e20      	cmp	r6, #32
10003580:	da46      	bge.n	10003610 <da_xrgty>
10003582:	3720      	adds	r7, #32
10003584:	0014      	movs	r4, r2
10003586:	40bc      	lsls	r4, r7

10003588 <da_xgty0>:
10003588:	001d      	movs	r5, r3
1000358a:	40bd      	lsls	r5, r7
1000358c:	40f2      	lsrs	r2, r6
1000358e:	4133      	asrs	r3, r6
10003590:	432a      	orrs	r2, r5

10003592 <da_add>:
10003592:	1880      	adds	r0, r0, r2
10003594:	4159      	adcs	r1, r3

10003596 <da_pack>:
10003596:	0fcb      	lsrs	r3, r1, #31
10003598:	d005      	beq.n	100035a6 <da_pack+0x10>
1000359a:	43c9      	mvns	r1, r1
1000359c:	43c0      	mvns	r0, r0
1000359e:	2200      	movs	r2, #0
100035a0:	4264      	negs	r4, r4
100035a2:	4150      	adcs	r0, r2
100035a4:	4151      	adcs	r1, r2
100035a6:	4662      	mov	r2, ip
100035a8:	0d4d      	lsrs	r5, r1, #21
100035aa:	d128      	bne.n	100035fe <da_0>
100035ac:	0d0d      	lsrs	r5, r1, #20
100035ae:	d107      	bne.n	100035c0 <da_1>
100035b0:	2800      	cmp	r0, #0
100035b2:	d01f      	beq.n	100035f4 <da_5>

100035b4 <da_2>:
100035b4:	1924      	adds	r4, r4, r4
100035b6:	4140      	adcs	r0, r0
100035b8:	4149      	adcs	r1, r1
100035ba:	3a01      	subs	r2, #1
100035bc:	0d0d      	lsrs	r5, r1, #20
100035be:	d0f9      	beq.n	100035b4 <da_2>

100035c0 <da_1>:
100035c0:	0064      	lsls	r4, r4, #1
100035c2:	d306      	bcc.n	100035d2 <da_3>

100035c4 <da_4>:
100035c4:	3001      	adds	r0, #1
100035c6:	d300      	bcc.n	100035ca <da_4+0x6>
100035c8:	3101      	adds	r1, #1
100035ca:	2c00      	cmp	r4, #0
100035cc:	d101      	bne.n	100035d2 <da_3>
100035ce:	0840      	lsrs	r0, r0, #1
100035d0:	0040      	lsls	r0, r0, #1

100035d2 <da_3>:
100035d2:	3a01      	subs	r2, #1
100035d4:	d40b      	bmi.n	100035ee <da_6>
100035d6:	1c94      	adds	r4, r2, #2
100035d8:	0ae4      	lsrs	r4, r4, #11
100035da:	d104      	bne.n	100035e6 <da_7>
100035dc:	0512      	lsls	r2, r2, #20
100035de:	4411      	add	r1, r2
100035e0:	07db      	lsls	r3, r3, #31
100035e2:	4419      	add	r1, r3
100035e4:	bdf0      	pop	{r4, r5, r6, r7, pc}

100035e6 <da_7>:
100035e6:	07d9      	lsls	r1, r3, #31
100035e8:	4b20      	ldr	r3, [pc, #128]	@ (1000366c <da_xmgty+0x4>)
100035ea:	4319      	orrs	r1, r3
100035ec:	e000      	b.n	100035f0 <da_6+0x2>

100035ee <da_6>:
100035ee:	07d9      	lsls	r1, r3, #31
100035f0:	2000      	movs	r0, #0
100035f2:	bdf0      	pop	{r4, r5, r6, r7, pc}

100035f4 <da_5>:
100035f4:	2900      	cmp	r1, #0
100035f6:	d1dd      	bne.n	100035b4 <da_2>
100035f8:	2c00      	cmp	r4, #0
100035fa:	d1db      	bne.n	100035b4 <da_2>
100035fc:	bdf0      	pop	{r4, r5, r6, r7, pc}

100035fe <da_0>:
100035fe:	3201      	adds	r2, #1
10003600:	07c6      	lsls	r6, r0, #31
10003602:	0840      	lsrs	r0, r0, #1
10003604:	07cd      	lsls	r5, r1, #31
10003606:	4328      	orrs	r0, r5
10003608:	0849      	lsrs	r1, r1, #1
1000360a:	2e00      	cmp	r6, #0
1000360c:	d0e1      	beq.n	100035d2 <da_3>
1000360e:	e7d9      	b.n	100035c4 <da_4>

10003610 <da_xrgty>:
10003610:	2e3c      	cmp	r6, #60	@ 0x3c
10003612:	da29      	bge.n	10003668 <da_xmgty>
10003614:	3e20      	subs	r6, #32
10003616:	3740      	adds	r7, #64	@ 0x40
10003618:	0014      	movs	r4, r2
1000361a:	40bc      	lsls	r4, r7
1000361c:	d000      	beq.n	10003620 <da_xrgty+0x10>
1000361e:	2401      	movs	r4, #1
10003620:	40f2      	lsrs	r2, r6
10003622:	4314      	orrs	r4, r2
10003624:	001a      	movs	r2, r3
10003626:	40bb      	lsls	r3, r7
10003628:	431c      	orrs	r4, r3
1000362a:	17d3      	asrs	r3, r2, #31
1000362c:	e7ac      	b.n	10003588 <da_xgty0>

1000362e <da_ygtx>:
1000362e:	46ac      	mov	ip, r5
10003630:	2f20      	cmp	r7, #32
10003632:	da08      	bge.n	10003646 <da_yrgtx>
10003634:	3620      	adds	r6, #32
10003636:	0004      	movs	r4, r0
10003638:	40b4      	lsls	r4, r6

1000363a <da_ygtx0>:
1000363a:	000d      	movs	r5, r1
1000363c:	40b5      	lsls	r5, r6
1000363e:	40f8      	lsrs	r0, r7
10003640:	4139      	asrs	r1, r7
10003642:	4328      	orrs	r0, r5
10003644:	e7a5      	b.n	10003592 <da_add>

10003646 <da_yrgtx>:
10003646:	2f3c      	cmp	r7, #60	@ 0x3c
10003648:	da0c      	bge.n	10003664 <da_ymgtx>
1000364a:	3f20      	subs	r7, #32
1000364c:	3640      	adds	r6, #64	@ 0x40
1000364e:	0004      	movs	r4, r0
10003650:	40b4      	lsls	r4, r6
10003652:	d000      	beq.n	10003656 <da_yrgtx+0x10>
10003654:	2401      	movs	r4, #1
10003656:	40f8      	lsrs	r0, r7
10003658:	4304      	orrs	r4, r0
1000365a:	0008      	movs	r0, r1
1000365c:	40b1      	lsls	r1, r6
1000365e:	430c      	orrs	r4, r1
10003660:	17c1      	asrs	r1, r0, #31
10003662:	e7ea      	b.n	1000363a <da_ygtx0>

10003664 <da_ymgtx>:
10003664:	0010      	movs	r0, r2
10003666:	0019      	movs	r1, r3

10003668 <da_xmgty>:
10003668:	2400      	movs	r4, #0
1000366a:	e794      	b.n	10003596 <da_pack>
1000366c:	7ff00000 	.word	0x7ff00000

10003670 <dmul_shim>:
10003670:	b5f0      	push	{r4, r5, r6, r7, lr}
10003672:	0d0c      	lsrs	r4, r1, #20
10003674:	1e66      	subs	r6, r4, #1
10003676:	0536      	lsls	r6, r6, #20
10003678:	1b89      	subs	r1, r1, r6
1000367a:	0ae6      	lsrs	r6, r4, #11
1000367c:	0564      	lsls	r4, r4, #21
1000367e:	0d64      	lsrs	r4, r4, #21
10003680:	d002      	beq.n	10003688 <l12_1>
10003682:	1c65      	adds	r5, r4, #1
10003684:	0aed      	lsrs	r5, r5, #11
10003686:	d004      	beq.n	10003692 <l12_2>

10003688 <l12_1>:
10003688:	2000      	movs	r0, #0
1000368a:	2101      	movs	r1, #1
1000368c:	0509      	lsls	r1, r1, #20
1000368e:	3c80      	subs	r4, #128	@ 0x80
10003690:	0324      	lsls	r4, r4, #12

10003692 <l12_2>:
10003692:	46a4      	mov	ip, r4
10003694:	0d1c      	lsrs	r4, r3, #20
10003696:	1e67      	subs	r7, r4, #1
10003698:	053f      	lsls	r7, r7, #20
1000369a:	1bdb      	subs	r3, r3, r7
1000369c:	0ae7      	lsrs	r7, r4, #11
1000369e:	0564      	lsls	r4, r4, #21
100036a0:	0d64      	lsrs	r4, r4, #21
100036a2:	d002      	beq.n	100036aa <l13_1>
100036a4:	1c65      	adds	r5, r4, #1
100036a6:	0aed      	lsrs	r5, r5, #11
100036a8:	d004      	beq.n	100036b4 <l13_2>

100036aa <l13_1>:
100036aa:	2200      	movs	r2, #0
100036ac:	2301      	movs	r3, #1
100036ae:	051b      	lsls	r3, r3, #20
100036b0:	3c80      	subs	r4, #128	@ 0x80
100036b2:	0324      	lsls	r4, r4, #12

100036b4 <l13_2>:
100036b4:	4077      	eors	r7, r6
100036b6:	4464      	add	r4, ip
100036b8:	b497      	push	{r0, r1, r2, r4, r7}
100036ba:	b284      	uxth	r4, r0
100036bc:	b296      	uxth	r6, r2
100036be:	4374      	muls	r4, r6
100036c0:	0c07      	lsrs	r7, r0, #16
100036c2:	437e      	muls	r6, r7
100036c4:	0c15      	lsrs	r5, r2, #16
100036c6:	436f      	muls	r7, r5
100036c8:	b280      	uxth	r0, r0
100036ca:	4368      	muls	r0, r5
100036cc:	1836      	adds	r6, r6, r0
100036ce:	d302      	bcc.n	100036d6 <l14_1>
100036d0:	2001      	movs	r0, #1
100036d2:	0400      	lsls	r0, r0, #16
100036d4:	183f      	adds	r7, r7, r0

100036d6 <l14_1>:
100036d6:	0430      	lsls	r0, r6, #16
100036d8:	0c35      	lsrs	r5, r6, #16
100036da:	1900      	adds	r0, r0, r4
100036dc:	417d      	adcs	r5, r7
100036de:	4684      	mov	ip, r0
100036e0:	b288      	uxth	r0, r1
100036e2:	b29a      	uxth	r2, r3
100036e4:	4350      	muls	r0, r2
100036e6:	0c0c      	lsrs	r4, r1, #16
100036e8:	4362      	muls	r2, r4
100036ea:	0c1f      	lsrs	r7, r3, #16
100036ec:	437c      	muls	r4, r7
100036ee:	b28e      	uxth	r6, r1
100036f0:	437e      	muls	r6, r7
100036f2:	1992      	adds	r2, r2, r6
100036f4:	d302      	bcc.n	100036fc <l15_1>
100036f6:	2601      	movs	r6, #1
100036f8:	0436      	lsls	r6, r6, #16
100036fa:	19a4      	adds	r4, r4, r6

100036fc <l15_1>:
100036fc:	0416      	lsls	r6, r2, #16
100036fe:	0c17      	lsrs	r7, r2, #16
10003700:	1836      	adds	r6, r6, r0
10003702:	4167      	adcs	r7, r4
10003704:	bc01      	pop	{r0}
10003706:	b281      	uxth	r1, r0
10003708:	b29a      	uxth	r2, r3
1000370a:	4351      	muls	r1, r2
1000370c:	0c04      	lsrs	r4, r0, #16
1000370e:	4362      	muls	r2, r4
10003710:	0c1b      	lsrs	r3, r3, #16
10003712:	435c      	muls	r4, r3
10003714:	b280      	uxth	r0, r0
10003716:	4358      	muls	r0, r3
10003718:	1812      	adds	r2, r2, r0
1000371a:	d302      	bcc.n	10003722 <l16_1>
1000371c:	2001      	movs	r0, #1
1000371e:	0400      	lsls	r0, r0, #16
10003720:	1824      	adds	r4, r4, r0

10003722 <l16_1>:
10003722:	0410      	lsls	r0, r2, #16
10003724:	0c13      	lsrs	r3, r2, #16
10003726:	1840      	adds	r0, r0, r1
10003728:	4163      	adcs	r3, r4
1000372a:	182d      	adds	r5, r5, r0
1000372c:	415e      	adcs	r6, r3
1000372e:	2000      	movs	r0, #0
10003730:	4147      	adcs	r7, r0
10003732:	bc06      	pop	{r1, r2}
10003734:	b288      	uxth	r0, r1
10003736:	b293      	uxth	r3, r2
10003738:	4358      	muls	r0, r3
1000373a:	0c0c      	lsrs	r4, r1, #16
1000373c:	4363      	muls	r3, r4
1000373e:	0c12      	lsrs	r2, r2, #16
10003740:	4354      	muls	r4, r2
10003742:	b289      	uxth	r1, r1
10003744:	4351      	muls	r1, r2
10003746:	185b      	adds	r3, r3, r1
10003748:	d302      	bcc.n	10003750 <l17_1>
1000374a:	2101      	movs	r1, #1
1000374c:	0409      	lsls	r1, r1, #16
1000374e:	1864      	adds	r4, r4, r1

10003750 <l17_1>:
10003750:	0419      	lsls	r1, r3, #16
10003752:	0c1a      	lsrs	r2, r3, #16
10003754:	1809      	adds	r1, r1, r0
10003756:	4162      	adcs	r2, r4
10003758:	186d      	adds	r5, r5, r1
1000375a:	4156      	adcs	r6, r2
1000375c:	2000      	movs	r0, #0
1000375e:	4147      	adcs	r7, r0
10003760:	bc18      	pop	{r3, r4}
10003762:	02f9      	lsls	r1, r7, #11
10003764:	0d72      	lsrs	r2, r6, #21
10003766:	4311      	orrs	r1, r2
10003768:	02f0      	lsls	r0, r6, #11
1000376a:	0d6a      	lsrs	r2, r5, #21
1000376c:	4310      	orrs	r0, r2
1000376e:	02ed      	lsls	r5, r5, #11
10003770:	0d0a      	lsrs	r2, r1, #20
10003772:	d103      	bne.n	1000377c <l17_1+0x2c>
10003774:	196d      	adds	r5, r5, r5
10003776:	4140      	adcs	r0, r0
10003778:	4149      	adcs	r1, r1
1000377a:	3b01      	subs	r3, #1
1000377c:	4e12      	ldr	r6, [pc, #72]	@ (100037c8 <dm_1+0xa>)
1000377e:	1b9b      	subs	r3, r3, r6
10003780:	0076      	lsls	r6, r6, #1
10003782:	42b3      	cmp	r3, r6
10003784:	d20e      	bcs.n	100037a4 <dm_0>
10003786:	006d      	lsls	r5, r5, #1
10003788:	d307      	bcc.n	1000379a <l17_1+0x4a>
1000378a:	3001      	adds	r0, #1
1000378c:	2600      	movs	r6, #0
1000378e:	4171      	adcs	r1, r6
10003790:	4666      	mov	r6, ip
10003792:	4335      	orrs	r5, r6
10003794:	d101      	bne.n	1000379a <l17_1+0x4a>
10003796:	0840      	lsrs	r0, r0, #1
10003798:	0040      	lsls	r0, r0, #1
1000379a:	051b      	lsls	r3, r3, #20
1000379c:	18c9      	adds	r1, r1, r3

1000379e <dm_2>:
1000379e:	07e4      	lsls	r4, r4, #31
100037a0:	4421      	add	r1, r4
100037a2:	bdf0      	pop	{r4, r5, r6, r7, pc}

100037a4 <dm_0>:
100037a4:	da0b      	bge.n	100037be <dm_1>
100037a6:	3301      	adds	r3, #1
100037a8:	d106      	bne.n	100037b8 <dm_0+0x14>
100037aa:	3001      	adds	r0, #1
100037ac:	d104      	bne.n	100037b8 <dm_0+0x14>
100037ae:	3101      	adds	r1, #1
100037b0:	0d4f      	lsrs	r7, r1, #21
100037b2:	d001      	beq.n	100037b8 <dm_0+0x14>
100037b4:	0849      	lsrs	r1, r1, #1
100037b6:	e7f2      	b.n	1000379e <dm_2>
100037b8:	07e1      	lsls	r1, r4, #31
100037ba:	2000      	movs	r0, #0
100037bc:	bdf0      	pop	{r4, r5, r6, r7, pc}

100037be <dm_1>:
100037be:	3601      	adds	r6, #1
100037c0:	0531      	lsls	r1, r6, #20
100037c2:	2000      	movs	r0, #0
100037c4:	e7eb      	b.n	1000379e <dm_2>
100037c6:	0000      	.short	0x0000
100037c8:	000003ff 	.word	0x000003ff

100037cc <ddiv_shim>:
100037cc:	b5f0      	push	{r4, r5, r6, r7, lr}

100037ce <ddiv0>:
100037ce:	0d1c      	lsrs	r4, r3, #20
100037d0:	1e67      	subs	r7, r4, #1
100037d2:	053f      	lsls	r7, r7, #20
100037d4:	1bdb      	subs	r3, r3, r7
100037d6:	0ae7      	lsrs	r7, r4, #11
100037d8:	0564      	lsls	r4, r4, #21
100037da:	0d64      	lsrs	r4, r4, #21
100037dc:	d002      	beq.n	100037e4 <l20_1>
100037de:	1c66      	adds	r6, r4, #1
100037e0:	0af6      	lsrs	r6, r6, #11
100037e2:	d004      	beq.n	100037ee <l20_2>

100037e4 <l20_1>:
100037e4:	2200      	movs	r2, #0
100037e6:	2301      	movs	r3, #1
100037e8:	051b      	lsls	r3, r3, #20
100037ea:	3c80      	subs	r4, #128	@ 0x80
100037ec:	0324      	lsls	r4, r4, #12

100037ee <l20_2>:
100037ee:	25d0      	movs	r5, #208	@ 0xd0
100037f0:	062d      	lsls	r5, r5, #24
100037f2:	2600      	movs	r6, #0
100037f4:	43f6      	mvns	r6, r6
100037f6:	662e      	str	r6, [r5, #96]	@ 0x60
100037f8:	091e      	lsrs	r6, r3, #4
100037fa:	666e      	str	r6, [r5, #100]	@ 0x64
100037fc:	0fce      	lsrs	r6, r1, #31
100037fe:	19f6      	adds	r6, r6, r7
10003800:	46b4      	mov	ip, r6
10003802:	0049      	lsls	r1, r1, #1
10003804:	0d4f      	lsrs	r7, r1, #21
10003806:	d002      	beq.n	1000380e <l20_2+0x20>
10003808:	1c7e      	adds	r6, r7, #1
1000380a:	0af6      	lsrs	r6, r6, #11
1000380c:	d003      	beq.n	10003816 <l20_2+0x28>
1000380e:	2000      	movs	r0, #0
10003810:	2100      	movs	r1, #0
10003812:	3f40      	subs	r7, #64	@ 0x40
10003814:	033f      	lsls	r7, r7, #12
10003816:	1b3e      	subs	r6, r7, r4
10003818:	00b6      	lsls	r6, r6, #2
1000381a:	44b4      	add	ip, r6
1000381c:	3f01      	subs	r7, #1
1000381e:	057f      	lsls	r7, r7, #21
10003820:	1bc9      	subs	r1, r1, r7
10003822:	0849      	lsrs	r1, r1, #1
10003824:	6f2e      	ldr	r6, [r5, #112]	@ 0x70
10003826:	3601      	adds	r6, #1
10003828:	0876      	lsrs	r6, r6, #1
1000382a:	029c      	lsls	r4, r3, #10
1000382c:	0d95      	lsrs	r5, r2, #22
1000382e:	4325      	orrs	r5, r4
10003830:	4375      	muls	r5, r6
10003832:	13ed      	asrs	r5, r5, #15
10003834:	4375      	muls	r5, r6
10003836:	13ad      	asrs	r5, r5, #14
10003838:	3501      	adds	r5, #1
1000383a:	106d      	asrs	r5, r5, #1
1000383c:	03f6      	lsls	r6, r6, #15
1000383e:	1b76      	subs	r6, r6, r5
10003840:	b40c      	push	{r2, r3}
10003842:	02cc      	lsls	r4, r1, #11
10003844:	0d45      	lsrs	r5, r0, #21
10003846:	432c      	orrs	r4, r5
10003848:	b2a2      	uxth	r2, r4
1000384a:	b2b3      	uxth	r3, r6
1000384c:	435a      	muls	r2, r3
1000384e:	0c27      	lsrs	r7, r4, #16
10003850:	437b      	muls	r3, r7
10003852:	0c35      	lsrs	r5, r6, #16
10003854:	436f      	muls	r7, r5
10003856:	b2a4      	uxth	r4, r4
10003858:	436c      	muls	r4, r5
1000385a:	191b      	adds	r3, r3, r4
1000385c:	d302      	bcc.n	10003864 <l21_1>
1000385e:	2401      	movs	r4, #1
10003860:	0424      	lsls	r4, r4, #16
10003862:	193f      	adds	r7, r7, r4

10003864 <l21_1>:
10003864:	041c      	lsls	r4, r3, #16
10003866:	0c1d      	lsrs	r5, r3, #16
10003868:	18a4      	adds	r4, r4, r2
1000386a:	417d      	adcs	r5, r7
1000386c:	1924      	adds	r4, r4, r4
1000386e:	416d      	adcs	r5, r5
10003870:	9a00      	ldr	r2, [sp, #0]
10003872:	b291      	uxth	r1, r2
10003874:	b2ac      	uxth	r4, r5
10003876:	4361      	muls	r1, r4
10003878:	0c17      	lsrs	r7, r2, #16
1000387a:	437c      	muls	r4, r7
1000387c:	0c2b      	lsrs	r3, r5, #16
1000387e:	435f      	muls	r7, r3
10003880:	b292      	uxth	r2, r2
10003882:	435a      	muls	r2, r3
10003884:	18a4      	adds	r4, r4, r2
10003886:	d302      	bcc.n	1000388e <l22_1>
10003888:	2201      	movs	r2, #1
1000388a:	0412      	lsls	r2, r2, #16
1000388c:	18bf      	adds	r7, r7, r2

1000388e <l22_1>:
1000388e:	0422      	lsls	r2, r4, #16
10003890:	0c23      	lsrs	r3, r4, #16
10003892:	1852      	adds	r2, r2, r1
10003894:	417b      	adcs	r3, r7
10003896:	9c01      	ldr	r4, [sp, #4]
10003898:	436c      	muls	r4, r5
1000389a:	191b      	adds	r3, r3, r4
1000389c:	0e52      	lsrs	r2, r2, #25
1000389e:	01d9      	lsls	r1, r3, #7
100038a0:	430a      	orrs	r2, r1
100038a2:	0144      	lsls	r4, r0, #5
100038a4:	1aa0      	subs	r0, r4, r2
100038a6:	b281      	uxth	r1, r0
100038a8:	b2b2      	uxth	r2, r6
100038aa:	4351      	muls	r1, r2
100038ac:	1403      	asrs	r3, r0, #16
100038ae:	435a      	muls	r2, r3
100038b0:	0c36      	lsrs	r6, r6, #16
100038b2:	4373      	muls	r3, r6
100038b4:	b287      	uxth	r7, r0
100038b6:	4377      	muls	r7, r6
100038b8:	17d6      	asrs	r6, r2, #31
100038ba:	19d2      	adds	r2, r2, r7
100038bc:	2700      	movs	r7, #0
100038be:	417e      	adcs	r6, r7
100038c0:	0436      	lsls	r6, r6, #16
100038c2:	199b      	adds	r3, r3, r6
100038c4:	0417      	lsls	r7, r2, #16
100038c6:	0c16      	lsrs	r6, r2, #16
100038c8:	187f      	adds	r7, r7, r1
100038ca:	415e      	adcs	r6, r3
100038cc:	1673      	asrs	r3, r6, #25
100038ce:	18ed      	adds	r5, r5, r3
100038d0:	01f3      	lsls	r3, r6, #7
100038d2:	2600      	movs	r6, #0
100038d4:	3380      	adds	r3, #128	@ 0x80
100038d6:	4175      	adcs	r5, r6
100038d8:	0fa9      	lsrs	r1, r5, #30
100038da:	d106      	bne.n	100038ea <dd_0>
100038dc:	0064      	lsls	r4, r4, #1
100038de:	0a69      	lsrs	r1, r5, #9
100038e0:	05e8      	lsls	r0, r5, #23
100038e2:	0a5b      	lsrs	r3, r3, #9
100038e4:	4318      	orrs	r0, r3
100038e6:	d209      	bcs.n	100038fc <dd_1>
100038e8:	e02f      	b.n	1000394a <dd_2>

100038ea <dd_0>:
100038ea:	2204      	movs	r2, #4
100038ec:	4494      	add	ip, r2
100038ee:	3380      	adds	r3, #128	@ 0x80
100038f0:	4175      	adcs	r5, r6
100038f2:	0aa9      	lsrs	r1, r5, #10
100038f4:	05a8      	lsls	r0, r5, #22
100038f6:	0a9b      	lsrs	r3, r3, #10
100038f8:	4318      	orrs	r0, r3
100038fa:	d326      	bcc.n	1000394a <dd_2>

100038fc <dd_1>:
100038fc:	4140      	adcs	r0, r0
100038fe:	4149      	adcs	r1, r1
10003900:	0424      	lsls	r4, r4, #16
10003902:	9a00      	ldr	r2, [sp, #0]
10003904:	9b01      	ldr	r3, [sp, #4]
10003906:	000d      	movs	r5, r1
10003908:	4355      	muls	r5, r2
1000390a:	1b64      	subs	r4, r4, r5
1000390c:	4343      	muls	r3, r0
1000390e:	1ae4      	subs	r4, r4, r3
10003910:	b295      	uxth	r5, r2
10003912:	b286      	uxth	r6, r0
10003914:	4375      	muls	r5, r6
10003916:	0c17      	lsrs	r7, r2, #16
10003918:	437e      	muls	r6, r7
1000391a:	0c03      	lsrs	r3, r0, #16
1000391c:	435f      	muls	r7, r3
1000391e:	b292      	uxth	r2, r2
10003920:	435a      	muls	r2, r3
10003922:	18b6      	adds	r6, r6, r2
10003924:	d302      	bcc.n	1000392c <l24_1>
10003926:	2201      	movs	r2, #1
10003928:	0412      	lsls	r2, r2, #16
1000392a:	18bf      	adds	r7, r7, r2

1000392c <l24_1>:
1000392c:	0432      	lsls	r2, r6, #16
1000392e:	0c33      	lsrs	r3, r6, #16
10003930:	1952      	adds	r2, r2, r5
10003932:	417b      	adcs	r3, r7
10003934:	4252      	negs	r2, r2
10003936:	419c      	sbcs	r4, r3
10003938:	2c00      	cmp	r4, #0
1000393a:	d402      	bmi.n	10003942 <l24_1+0x16>
1000393c:	2200      	movs	r2, #0
1000393e:	3001      	adds	r0, #1
10003940:	4151      	adcs	r1, r2
10003942:	0840      	lsrs	r0, r0, #1
10003944:	07ca      	lsls	r2, r1, #31
10003946:	4310      	orrs	r0, r2
10003948:	0849      	lsrs	r1, r1, #1

1000394a <dd_2>:
1000394a:	b002      	add	sp, #8
1000394c:	4662      	mov	r2, ip
1000394e:	07d7      	lsls	r7, r2, #31
10003950:	1092      	asrs	r2, r2, #2
10003952:	4b08      	ldr	r3, [pc, #32]	@ (10003974 <dd_4+0x6>)
10003954:	18d2      	adds	r2, r2, r3
10003956:	4b08      	ldr	r3, [pc, #32]	@ (10003978 <dd_4+0xa>)
10003958:	429a      	cmp	r2, r3
1000395a:	d203      	bcs.n	10003964 <dd_3>
1000395c:	0512      	lsls	r2, r2, #20
1000395e:	1889      	adds	r1, r1, r2

10003960 <dd_5>:
10003960:	19c9      	adds	r1, r1, r7
10003962:	bdf0      	pop	{r4, r5, r6, r7, pc}

10003964 <dd_3>:
10003964:	2000      	movs	r0, #0
10003966:	2a00      	cmp	r2, #0
10003968:	dc01      	bgt.n	1000396e <dd_4>
1000396a:	0039      	movs	r1, r7
1000396c:	bdf0      	pop	{r4, r5, r6, r7, pc}

1000396e <dd_4>:
1000396e:	3301      	adds	r3, #1
10003970:	0519      	lsls	r1, r3, #20
10003972:	e7f5      	b.n	10003960 <dd_5>
10003974:	000003fd 	.word	0x000003fd
10003978:	000007fe 	.word	0x000007fe

1000397c <double2uint_shim>:
1000397c:	2200      	movs	r2, #0

1000397e <double2ufix_shim>:
1000397e:	b500      	push	{lr}
10003980:	3220      	adds	r2, #32
10003982:	f000 f804 	bl	1000398e <double2ufix64_shim>
10003986:	0008      	movs	r0, r1
10003988:	bd00      	pop	{pc}
	...

1000398c <double2uint64_shim>:
1000398c:	2200      	movs	r2, #0

1000398e <double2ufix64_shim>:
1000398e:	150b      	asrs	r3, r1, #20
10003990:	d40a      	bmi.n	100039a8 <ret_dzero>

10003992 <d2fix>:
10003992:	b510      	push	{r4, lr}
10003994:	4694      	mov	ip, r2
10003996:	f000 f831 	bl	100039fc <dunpacks>
1000399a:	1414      	asrs	r4, r2, #16
1000399c:	3401      	adds	r4, #1
1000399e:	da00      	bge.n	100039a2 <d2fix+0x10>
100039a0:	2100      	movs	r1, #0
100039a2:	17cb      	asrs	r3, r1, #31
100039a4:	4c14      	ldr	r4, [pc, #80]	@ (100039f8 <d2fix_a+0x4a>)
100039a6:	4720      	bx	r4

100039a8 <ret_dzero>:
100039a8:	2000      	movs	r0, #0
100039aa:	2100      	movs	r1, #0
100039ac:	4770      	bx	lr

100039ae <d2fix_a>:
100039ae:	4462      	add	r2, ip
100039b0:	3a34      	subs	r2, #52	@ 0x34
100039b2:	d40c      	bmi.n	100039ce <d2fix_a+0x20>
100039b4:	2a0c      	cmp	r2, #12
100039b6:	da07      	bge.n	100039c8 <d2fix_a+0x1a>
100039b8:	0004      	movs	r4, r0
100039ba:	4091      	lsls	r1, r2
100039bc:	4090      	lsls	r0, r2
100039be:	4252      	negs	r2, r2
100039c0:	3220      	adds	r2, #32
100039c2:	40d4      	lsrs	r4, r2
100039c4:	4321      	orrs	r1, r4
100039c6:	bd10      	pop	{r4, pc}
100039c8:	43d8      	mvns	r0, r3
100039ca:	43d9      	mvns	r1, r3
100039cc:	bd10      	pop	{r4, pc}
100039ce:	3220      	adds	r2, #32
100039d0:	d407      	bmi.n	100039e2 <d2fix_a+0x34>
100039d2:	460c      	mov	r4, r1
100039d4:	4094      	lsls	r4, r2
100039d6:	4252      	negs	r2, r2
100039d8:	3220      	adds	r2, #32
100039da:	4111      	asrs	r1, r2
100039dc:	40d0      	lsrs	r0, r2
100039de:	4320      	orrs	r0, r4
100039e0:	bd10      	pop	{r4, pc}
100039e2:	0008      	movs	r0, r1
100039e4:	17c9      	asrs	r1, r1, #31
100039e6:	3220      	adds	r2, #32
100039e8:	d403      	bmi.n	100039f2 <d2fix_a+0x44>
100039ea:	4252      	negs	r2, r2
100039ec:	3220      	adds	r2, #32
100039ee:	4110      	asrs	r0, r2
100039f0:	bd10      	pop	{r4, pc}
100039f2:	0018      	movs	r0, r3
100039f4:	0019      	movs	r1, r3
100039f6:	bd10      	pop	{r4, pc}
100039f8:	100039af 	.word	0x100039af

100039fc <dunpacks>:
100039fc:	0d0a      	lsrs	r2, r1, #20
100039fe:	0fcc      	lsrs	r4, r1, #31
10003a00:	1e53      	subs	r3, r2, #1
10003a02:	051b      	lsls	r3, r3, #20
10003a04:	1ac9      	subs	r1, r1, r3
10003a06:	0552      	lsls	r2, r2, #21
10003a08:	d303      	bcc.n	10003a12 <l60_1>
10003a0a:	43c9      	mvns	r1, r1
10003a0c:	4240      	negs	r0, r0
10003a0e:	d300      	bcc.n	10003a12 <l60_1>
10003a10:	3101      	adds	r1, #1

10003a12 <l60_1>:
10003a12:	0d52      	lsrs	r2, r2, #21
10003a14:	d003      	beq.n	10003a1e <l60_2>
10003a16:	1c53      	adds	r3, r2, #1
10003a18:	0adb      	lsrs	r3, r3, #11
10003a1a:	d007      	beq.n	10003a2c <l60_3>
10003a1c:	1b12      	subs	r2, r2, r4

10003a1e <l60_2>:
10003a1e:	2000      	movs	r0, #0
10003a20:	0064      	lsls	r4, r4, #1
10003a22:	1c61      	adds	r1, r4, #1
10003a24:	0789      	lsls	r1, r1, #30
10003a26:	1289      	asrs	r1, r1, #10
10003a28:	3a80      	subs	r2, #128	@ 0x80
10003a2a:	0312      	lsls	r2, r2, #12

10003a2c <l60_3>:
10003a2c:	4b01      	ldr	r3, [pc, #4]	@ (10003a34 <l60_3+0x8>)
10003a2e:	1ad2      	subs	r2, r2, r3
10003a30:	4770      	bx	lr
10003a32:	0000      	.short	0x0000
10003a34:	000003ff 	.word	0x000003ff

10003a38 <__wrap___aeabi_lmul>:
10003a38:	4351      	muls	r1, r2
10003a3a:	4343      	muls	r3, r0
10003a3c:	18c9      	adds	r1, r1, r3
10003a3e:	468c      	mov	ip, r1
10003a40:	0c11      	lsrs	r1, r2, #16
10003a42:	b283      	uxth	r3, r0
10003a44:	434b      	muls	r3, r1
10003a46:	b410      	push	{r4}
10003a48:	0c04      	lsrs	r4, r0, #16
10003a4a:	4361      	muls	r1, r4
10003a4c:	b292      	uxth	r2, r2
10003a4e:	b280      	uxth	r0, r0
10003a50:	4350      	muls	r0, r2
10003a52:	4362      	muls	r2, r4
10003a54:	041c      	lsls	r4, r3, #16
10003a56:	0c1b      	lsrs	r3, r3, #16
10003a58:	1900      	adds	r0, r0, r4
10003a5a:	bc10      	pop	{r4}
10003a5c:	4159      	adcs	r1, r3
10003a5e:	0413      	lsls	r3, r2, #16
10003a60:	0c12      	lsrs	r2, r2, #16
10003a62:	18c0      	adds	r0, r0, r3
10003a64:	4151      	adcs	r1, r2
10003a66:	4461      	add	r1, ip
10003a68:	4770      	bx	lr
	...

10003a6c <__wrap___aeabi_frsub>:
10003a6c:	4048      	eors	r0, r1
10003a6e:	4041      	eors	r1, r0
10003a70:	4048      	eors	r0, r1

10003a72 <__wrap___aeabi_fsub>:
10003a72:	4b0e      	ldr	r3, [pc, #56]	@ (10003aac <__wrap___aeabi_fmul+0x6>)
10003a74:	685b      	ldr	r3, [r3, #4]
10003a76:	4718      	bx	r3

10003a78 <__wrap___aeabi_fadd>:
10003a78:	4b0c      	ldr	r3, [pc, #48]	@ (10003aac <__wrap___aeabi_fmul+0x6>)
10003a7a:	681b      	ldr	r3, [r3, #0]
10003a7c:	4718      	bx	r3

10003a7e <__wrap___aeabi_fdiv>:
10003a7e:	4a0c      	ldr	r2, [pc, #48]	@ (10003ab0 <__wrap___aeabi_fmul+0xa>)
10003a80:	6f93      	ldr	r3, [r2, #120]	@ 0x78
10003a82:	089b      	lsrs	r3, r3, #2
10003a84:	d202      	bcs.n	10003a8c <fdiv_save_state>

10003a86 <fdiv_shim_call>:
10003a86:	4b09      	ldr	r3, [pc, #36]	@ (10003aac <__wrap___aeabi_fmul+0x6>)
10003a88:	68db      	ldr	r3, [r3, #12]
10003a8a:	4718      	bx	r3

10003a8c <fdiv_save_state>:
10003a8c:	b5f0      	push	{r4, r5, r6, r7, lr}
10003a8e:	6e14      	ldr	r4, [r2, #96]	@ 0x60
10003a90:	6e55      	ldr	r5, [r2, #100]	@ 0x64
10003a92:	6f57      	ldr	r7, [r2, #116]	@ 0x74
10003a94:	6f16      	ldr	r6, [r2, #112]	@ 0x70
10003a96:	f7ff fff6 	bl	10003a86 <fdiv_shim_call>
10003a9a:	4a05      	ldr	r2, [pc, #20]	@ (10003ab0 <__wrap___aeabi_fmul+0xa>)
10003a9c:	6614      	str	r4, [r2, #96]	@ 0x60
10003a9e:	6655      	str	r5, [r2, #100]	@ 0x64
10003aa0:	6757      	str	r7, [r2, #116]	@ 0x74
10003aa2:	6716      	str	r6, [r2, #112]	@ 0x70
10003aa4:	bdf0      	pop	{r4, r5, r6, r7, pc}

10003aa6 <__wrap___aeabi_fmul>:
10003aa6:	4b01      	ldr	r3, [pc, #4]	@ (10003aac <__wrap___aeabi_fmul+0x6>)
10003aa8:	689b      	ldr	r3, [r3, #8]
10003aaa:	4718      	bx	r3
10003aac:	20001380 	.word	0x20001380
10003ab0:	d0000000 	.word	0xd0000000

10003ab4 <__wrap___aeabi_cfrcmple>:
10003ab4:	b507      	push	{r0, r1, r2, lr}
10003ab6:	4048      	eors	r0, r1
10003ab8:	4041      	eors	r1, r0
10003aba:	4048      	eors	r0, r1
10003abc:	e001      	b.n	10003ac2 <__aeabi_cfcmple_guts>
10003abe:	46c0      	nop			@ (mov r8, r8)

10003ac0 <__wrap___aeabi_cfcmpeq>:
10003ac0:	b507      	push	{r0, r1, r2, lr}

10003ac2 <__aeabi_cfcmple_guts>:
10003ac2:	0042      	lsls	r2, r0, #1
10003ac4:	0e12      	lsrs	r2, r2, #24
10003ac6:	d003      	beq.n	10003ad0 <__aeabi_cfcmple_guts+0xe>
10003ac8:	2aff      	cmp	r2, #255	@ 0xff
10003aca:	d103      	bne.n	10003ad4 <__aeabi_cfcmple_guts+0x12>
10003acc:	0242      	lsls	r2, r0, #9
10003ace:	d818      	bhi.n	10003b02 <__aeabi_cfcmple_guts+0x40>
10003ad0:	0dc0      	lsrs	r0, r0, #23
10003ad2:	05c0      	lsls	r0, r0, #23
10003ad4:	004a      	lsls	r2, r1, #1
10003ad6:	0e12      	lsrs	r2, r2, #24
10003ad8:	d003      	beq.n	10003ae2 <__aeabi_cfcmple_guts+0x20>
10003ada:	2aff      	cmp	r2, #255	@ 0xff
10003adc:	d103      	bne.n	10003ae6 <__aeabi_cfcmple_guts+0x24>
10003ade:	024a      	lsls	r2, r1, #9
10003ae0:	d80f      	bhi.n	10003b02 <__aeabi_cfcmple_guts+0x40>
10003ae2:	0dc9      	lsrs	r1, r1, #23
10003ae4:	05c9      	lsls	r1, r1, #23
10003ae6:	2201      	movs	r2, #1
10003ae8:	4041      	eors	r1, r0
10003aea:	d405      	bmi.n	10003af8 <__aeabi_cfcmple_guts+0x36>
10003aec:	4041      	eors	r1, r0
10003aee:	d501      	bpl.n	10003af4 <__aeabi_cfcmple_guts+0x32>
10003af0:	4281      	cmp	r1, r0
10003af2:	bd07      	pop	{r0, r1, r2, pc}
10003af4:	4288      	cmp	r0, r1
10003af6:	bd07      	pop	{r0, r1, r2, pc}
10003af8:	4301      	orrs	r1, r0
10003afa:	1849      	adds	r1, r1, r1
10003afc:	d001      	beq.n	10003b02 <__aeabi_cfcmple_guts+0x40>
10003afe:	43c0      	mvns	r0, r0
10003b00:	1800      	adds	r0, r0, r0
10003b02:	bd07      	pop	{r0, r1, r2, pc}

10003b04 <__wrap___aeabi_fcmplt>:
10003b04:	b500      	push	{lr}
10003b06:	f7ff ffdb 	bl	10003ac0 <__wrap___aeabi_cfcmpeq>
10003b0a:	4180      	sbcs	r0, r0
10003b0c:	bd00      	pop	{pc}
10003b0e:	46c0      	nop			@ (mov r8, r8)

10003b10 <__wrap___aeabi_ui2f>:
10003b10:	1a49      	subs	r1, r1, r1
10003b12:	2800      	cmp	r0, #0
10003b14:	d108      	bne.n	10003b28 <__aeabi_i2f_main>
10003b16:	4608      	mov	r0, r1
10003b18:	4770      	bx	lr
	...

10003b1c <__wrap___aeabi_i2f>:
10003b1c:	0fc1      	lsrs	r1, r0, #31
10003b1e:	07c9      	lsls	r1, r1, #31
10003b20:	d500      	bpl.n	10003b24 <__wrap___aeabi_i2f+0x8>
10003b22:	4240      	negs	r0, r0
10003b24:	2800      	cmp	r0, #0
10003b26:	d017      	beq.n	10003b58 <__aeabi_i2f_main+0x30>

10003b28 <__aeabi_i2f_main>:
10003b28:	46f4      	mov	ip, lr
10003b2a:	b403      	push	{r0, r1}
10003b2c:	4b0b      	ldr	r3, [pc, #44]	@ (10003b5c <__aeabi_i2f_main+0x34>)
10003b2e:	681b      	ldr	r3, [r3, #0]
10003b30:	4798      	blx	r3
10003b32:	bc06      	pop	{r1, r2}
10003b34:	4081      	lsls	r1, r0
10003b36:	389e      	subs	r0, #158	@ 0x9e
10003b38:	4240      	negs	r0, r0
10003b3a:	3180      	adds	r1, #128	@ 0x80
10003b3c:	d207      	bcs.n	10003b4e <__aeabi_i2f_main+0x26>
10003b3e:	060b      	lsls	r3, r1, #24
10003b40:	d007      	beq.n	10003b52 <__aeabi_i2f_main+0x2a>
10003b42:	0049      	lsls	r1, r1, #1
10003b44:	0a49      	lsrs	r1, r1, #9
10003b46:	05c0      	lsls	r0, r0, #23
10003b48:	4310      	orrs	r0, r2
10003b4a:	4308      	orrs	r0, r1
10003b4c:	4760      	bx	ip
10003b4e:	3001      	adds	r0, #1
10003b50:	e7f8      	b.n	10003b44 <__aeabi_i2f_main+0x1c>
10003b52:	0a49      	lsrs	r1, r1, #9
10003b54:	0289      	lsls	r1, r1, #10
10003b56:	e7f5      	b.n	10003b44 <__aeabi_i2f_main+0x1c>
10003b58:	4770      	bx	lr
10003b5a:	0000      	.short	0x0000
10003b5c:	20001fe8 	.word	0x20001fe8
10003b60:	4a05      	ldr	r2, [pc, #20]	@ (10003b78 <__wrap___aeabi_ul2f+0x14>)
10003b62:	4710      	bx	r2

10003b64 <__wrap___aeabi_ul2f>:
10003b64:	2900      	cmp	r1, #0
10003b66:	d0fb      	beq.n	10003b60 <__aeabi_i2f_main+0x38>
10003b68:	4b04      	ldr	r3, [pc, #16]	@ (10003b7c <__wrap___aeabi_ul2f+0x18>)
10003b6a:	6e5b      	ldr	r3, [r3, #100]	@ 0x64
10003b6c:	46fc      	mov	ip, pc
10003b6e:	4718      	bx	r3
10003b70:	3c25df64 	.word	0x3c25df64
10003b74:	00001000 	.word	0x00001000
10003b78:	10003b11 	.word	0x10003b11
10003b7c:	20001380 	.word	0x20001380

10003b80 <__wrap___aeabi_f2d>:
10003b80:	4b03      	ldr	r3, [pc, #12]	@ (10003b90 <__wrap___aeabi_f2d+0x10>)
10003b82:	6fdb      	ldr	r3, [r3, #124]	@ 0x7c
10003b84:	46fc      	mov	ip, pc
10003b86:	4718      	bx	r3
10003b88:	3c69df7c 	.word	0x3c69df7c
10003b8c:	00001000 	.word	0x00001000
10003b90:	20001380 	.word	0x20001380

10003b94 <__aeabi_float_init>:
10003b94:	2313      	movs	r3, #19
10003b96:	b510      	push	{r4, lr}
10003b98:	4812      	ldr	r0, [pc, #72]	@ (10003be4 <__aeabi_float_init+0x50>)
10003b9a:	781c      	ldrb	r4, [r3, #0]
10003b9c:	f7fe ff84 	bl	10002aa8 <rom_data_lookup>
10003ba0:	0001      	movs	r1, r0
10003ba2:	2c01      	cmp	r4, #1
10003ba4:	d00a      	beq.n	10003bbc <__aeabi_float_init+0x28>
10003ba6:	dd03      	ble.n	10003bb0 <__aeabi_float_init+0x1c>
10003ba8:	2280      	movs	r2, #128	@ 0x80
10003baa:	480f      	ldr	r0, [pc, #60]	@ (10003be8 <__aeabi_float_init+0x54>)
10003bac:	f000 f882 	bl	10003cb4 <__wrap___aeabi_memcpy>
10003bb0:	480e      	ldr	r0, [pc, #56]	@ (10003bec <__aeabi_float_init+0x58>)
10003bb2:	f7fe ff71 	bl	10002a98 <rom_func_lookup>
10003bb6:	4b0e      	ldr	r3, [pc, #56]	@ (10003bf0 <__aeabi_float_init+0x5c>)
10003bb8:	6018      	str	r0, [r3, #0]
10003bba:	bd10      	pop	{r4, pc}
10003bbc:	4c0a      	ldr	r4, [pc, #40]	@ (10003be8 <__aeabi_float_init+0x54>)
10003bbe:	2254      	movs	r2, #84	@ 0x54
10003bc0:	0020      	movs	r0, r4
10003bc2:	f000 f877 	bl	10003cb4 <__wrap___aeabi_memcpy>
10003bc6:	4b0b      	ldr	r3, [pc, #44]	@ (10003bf4 <__aeabi_float_init+0x60>)
10003bc8:	6563      	str	r3, [r4, #84]	@ 0x54
10003bca:	65a3      	str	r3, [r4, #88]	@ 0x58
10003bcc:	65e3      	str	r3, [r4, #92]	@ 0x5c
10003bce:	6623      	str	r3, [r4, #96]	@ 0x60
10003bd0:	6663      	str	r3, [r4, #100]	@ 0x64
10003bd2:	66a3      	str	r3, [r4, #104]	@ 0x68
10003bd4:	66e3      	str	r3, [r4, #108]	@ 0x6c
10003bd6:	6723      	str	r3, [r4, #112]	@ 0x70
10003bd8:	6763      	str	r3, [r4, #116]	@ 0x74
10003bda:	67a3      	str	r3, [r4, #120]	@ 0x78
10003bdc:	67e3      	str	r3, [r4, #124]	@ 0x7c
10003bde:	6223      	str	r3, [r4, #32]
10003be0:	61e3      	str	r3, [r4, #28]
10003be2:	e7e5      	b.n	10003bb0 <__aeabi_float_init+0x1c>
10003be4:	00004653 	.word	0x00004653
10003be8:	20001380 	.word	0x20001380
10003bec:	0000334c 	.word	0x0000334c
10003bf0:	20001fe8 	.word	0x20001fe8
10003bf4:	10003bf9 	.word	0x10003bf9

10003bf8 <float_table_shim_on_use_helper>:
10003bf8:	b507      	push	{r0, r1, r2, lr}
10003bfa:	4660      	mov	r0, ip
10003bfc:	8801      	ldrh	r1, [r0, #0]
10003bfe:	0a0a      	lsrs	r2, r1, #8
10003c00:	3002      	adds	r0, #2
10003c02:	2adf      	cmp	r2, #223	@ 0xdf
10003c04:	d1fa      	bne.n	10003bfc <float_table_shim_on_use_helper+0x4>
10003c06:	b2c9      	uxtb	r1, r1
10003c08:	0882      	lsrs	r2, r0, #2
10003c0a:	d304      	bcc.n	10003c16 <float_table_shim_on_use_helper+0x1e>
10003c0c:	8802      	ldrh	r2, [r0, #0]
10003c0e:	8840      	ldrh	r0, [r0, #2]
10003c10:	0400      	lsls	r0, r0, #16
10003c12:	4310      	orrs	r0, r2
10003c14:	e000      	b.n	10003c18 <float_table_shim_on_use_helper+0x20>
10003c16:	6800      	ldr	r0, [r0, #0]
10003c18:	4a01      	ldr	r2, [pc, #4]	@ (10003c20 <float_table_shim_on_use_helper+0x28>)
10003c1a:	5050      	str	r0, [r2, r1]
10003c1c:	9003      	str	r0, [sp, #12]
10003c1e:	bd07      	pop	{r0, r1, r2, pc}
10003c20:	20001380 	.word	0x20001380

10003c24 <uint642float_shim>:
10003c24:	2200      	movs	r2, #0

10003c26 <ufix642float_shim>:
10003c26:	b530      	push	{r4, r5, lr}
10003c28:	2900      	cmp	r1, #0
10003c2a:	d506      	bpl.n	10003c3a <fix642float_shim+0x2>
10003c2c:	07cd      	lsls	r5, r1, #31
10003c2e:	4305      	orrs	r5, r0
10003c30:	0848      	lsrs	r0, r1, #1
10003c32:	3a01      	subs	r2, #1
10003c34:	e010      	b.n	10003c58 <fix642float_shim+0x20>

10003c36 <int642float_shim>:
10003c36:	2200      	movs	r2, #0

10003c38 <fix642float_shim>:
10003c38:	b530      	push	{r4, r5, lr}
10003c3a:	0005      	movs	r5, r0
10003c3c:	430d      	orrs	r5, r1
10003c3e:	d00f      	beq.n	10003c60 <ret_pop45>
10003c40:	17cd      	asrs	r5, r1, #31
10003c42:	160c      	asrs	r4, r1, #24
10003c44:	42ac      	cmp	r4, r5
10003c46:	d105      	bne.n	10003c54 <fix642float_shim+0x1c>
10003c48:	01c9      	lsls	r1, r1, #7
10003c4a:	0e44      	lsrs	r4, r0, #25
10003c4c:	4321      	orrs	r1, r4
10003c4e:	01c0      	lsls	r0, r0, #7
10003c50:	3207      	adds	r2, #7
10003c52:	e7f6      	b.n	10003c42 <fix642float_shim+0xa>
10003c54:	0005      	movs	r5, r0
10003c56:	0008      	movs	r0, r1
10003c58:	4252      	negs	r2, r2
10003c5a:	323d      	adds	r2, #61	@ 0x3d
10003c5c:	4901      	ldr	r1, [pc, #4]	@ (10003c64 <ret_pop45+0x4>)
10003c5e:	4788      	blx	r1

10003c60 <ret_pop45>:
10003c60:	bd30      	pop	{r4, r5, pc}
10003c62:	0000      	.short	0x0000
10003c64:	000029ef 	.word	0x000029ef

10003c68 <float2double_shim>:
10003c68:	0fc3      	lsrs	r3, r0, #31
10003c6a:	07db      	lsls	r3, r3, #31
10003c6c:	0041      	lsls	r1, r0, #1
10003c6e:	0e0a      	lsrs	r2, r1, #24
10003c70:	d007      	beq.n	10003c82 <float2double_shim+0x1a>
10003c72:	2aff      	cmp	r2, #255	@ 0xff
10003c74:	d008      	beq.n	10003c88 <float2double_shim+0x20>
10003c76:	0909      	lsrs	r1, r1, #4
10003c78:	4a05      	ldr	r2, [pc, #20]	@ (10003c90 <float2double_shim+0x28>)
10003c7a:	1889      	adds	r1, r1, r2
10003c7c:	4319      	orrs	r1, r3
10003c7e:	0740      	lsls	r0, r0, #29
10003c80:	4770      	bx	lr
10003c82:	0019      	movs	r1, r3
10003c84:	2000      	movs	r0, #0
10003c86:	4770      	bx	lr
10003c88:	4902      	ldr	r1, [pc, #8]	@ (10003c94 <float2double_shim+0x2c>)
10003c8a:	18c9      	adds	r1, r1, r3
10003c8c:	e7fa      	b.n	10003c84 <float2double_shim+0x1c>
10003c8e:	0000      	.short	0x0000
10003c90:	38000000 	.word	0x38000000
10003c94:	7ff00000 	.word	0x7ff00000

10003c98 <__aeabi_mem_init>:
10003c98:	4801      	ldr	r0, [pc, #4]	@ (10003ca0 <__aeabi_mem_init+0x8>)
10003c9a:	2104      	movs	r1, #4
10003c9c:	4b01      	ldr	r3, [pc, #4]	@ (10003ca4 <__aeabi_mem_init+0xc>)
10003c9e:	4718      	bx	r3
10003ca0:	20001060 	.word	0x20001060
10003ca4:	10002ab9 	.word	0x10002ab9

10003ca8 <__wrap_memset>:
10003ca8:	4b01      	ldr	r3, [pc, #4]	@ (10003cb0 <__wrap_memset+0x8>)
10003caa:	681b      	ldr	r3, [r3, #0]
10003cac:	4718      	bx	r3
10003cae:	0000      	.short	0x0000
10003cb0:	20001060 	.word	0x20001060

10003cb4 <__wrap___aeabi_memcpy>:
10003cb4:	4b01      	ldr	r3, [pc, #4]	@ (10003cbc <__wrap___aeabi_memcpy+0x8>)
10003cb6:	685b      	ldr	r3, [r3, #4]
10003cb8:	4718      	bx	r3
10003cba:	0000      	.short	0x0000
10003cbc:	20001060 	.word	0x20001060

10003cc0 <_out_buffer>:
10003cc0:	429a      	cmp	r2, r3
10003cc2:	d200      	bcs.n	10003cc6 <_out_buffer+0x6>
10003cc4:	5488      	strb	r0, [r1, r2]
10003cc6:	4770      	bx	lr

10003cc8 <_out_null>:
10003cc8:	4770      	bx	lr
10003cca:	46c0      	nop			@ (mov r8, r8)

10003ccc <_out_rev>:
10003ccc:	b5f8      	push	{r3, r4, r5, r6, r7, lr}
10003cce:	4657      	mov	r7, sl
10003cd0:	46de      	mov	lr, fp
10003cd2:	464e      	mov	r6, r9
10003cd4:	4645      	mov	r5, r8
10003cd6:	b5e0      	push	{r5, r6, r7, lr}
10003cd8:	4699      	mov	r9, r3
10003cda:	9b0a      	ldr	r3, [sp, #40]	@ 0x28
10003cdc:	0007      	movs	r7, r0
10003cde:	469a      	mov	sl, r3
10003ce0:	9b0d      	ldr	r3, [sp, #52]	@ 0x34
10003ce2:	4688      	mov	r8, r1
10003ce4:	4693      	mov	fp, r2
10003ce6:	9c0b      	ldr	r4, [sp, #44]	@ 0x2c
10003ce8:	079b      	lsls	r3, r3, #30
10003cea:	d13b      	bne.n	10003d64 <_out_rev+0x98>
10003cec:	9b0c      	ldr	r3, [sp, #48]	@ 0x30
10003cee:	429c      	cmp	r4, r3
10003cf0:	d23d      	bcs.n	10003d6e <_out_rev+0xa2>
10003cf2:	1b1e      	subs	r6, r3, r4
10003cf4:	940b      	str	r4, [sp, #44]	@ 0x2c
10003cf6:	0015      	movs	r5, r2
10003cf8:	000c      	movs	r4, r1
10003cfa:	445e      	add	r6, fp
10003cfc:	002a      	movs	r2, r5
10003cfe:	464b      	mov	r3, r9
10003d00:	3501      	adds	r5, #1
10003d02:	0021      	movs	r1, r4
10003d04:	2020      	movs	r0, #32
10003d06:	47b8      	blx	r7
10003d08:	42b5      	cmp	r5, r6
10003d0a:	d1f7      	bne.n	10003cfc <_out_rev+0x30>
10003d0c:	46a0      	mov	r8, r4
10003d0e:	9c0b      	ldr	r4, [sp, #44]	@ 0x2c
10003d10:	2c00      	cmp	r4, #0
10003d12:	d020      	beq.n	10003d56 <_out_rev+0x8a>
10003d14:	4645      	mov	r5, r8
10003d16:	1936      	adds	r6, r6, r4
10003d18:	4653      	mov	r3, sl
10003d1a:	1b32      	subs	r2, r6, r4
10003d1c:	3c01      	subs	r4, #1
10003d1e:	5d18      	ldrb	r0, [r3, r4]
10003d20:	0029      	movs	r1, r5
10003d22:	464b      	mov	r3, r9
10003d24:	47b8      	blx	r7
10003d26:	2c00      	cmp	r4, #0
10003d28:	d1f6      	bne.n	10003d18 <_out_rev+0x4c>
10003d2a:	002b      	movs	r3, r5
10003d2c:	0035      	movs	r5, r6
10003d2e:	4698      	mov	r8, r3
10003d30:	9b0d      	ldr	r3, [sp, #52]	@ 0x34
10003d32:	079b      	lsls	r3, r3, #30
10003d34:	d50f      	bpl.n	10003d56 <_out_rev+0x8a>
10003d36:	465b      	mov	r3, fp
10003d38:	1aec      	subs	r4, r5, r3
10003d3a:	9b0c      	ldr	r3, [sp, #48]	@ 0x30
10003d3c:	42a3      	cmp	r3, r4
10003d3e:	d90a      	bls.n	10003d56 <_out_rev+0x8a>
10003d40:	4646      	mov	r6, r8
10003d42:	4698      	mov	r8, r3
10003d44:	002a      	movs	r2, r5
10003d46:	464b      	mov	r3, r9
10003d48:	0031      	movs	r1, r6
10003d4a:	2020      	movs	r0, #32
10003d4c:	3401      	adds	r4, #1
10003d4e:	47b8      	blx	r7
10003d50:	3501      	adds	r5, #1
10003d52:	4544      	cmp	r4, r8
10003d54:	d3f6      	bcc.n	10003d44 <_out_rev+0x78>
10003d56:	0028      	movs	r0, r5
10003d58:	bcf0      	pop	{r4, r5, r6, r7}
10003d5a:	46bb      	mov	fp, r7
10003d5c:	46b2      	mov	sl, r6
10003d5e:	46a9      	mov	r9, r5
10003d60:	46a0      	mov	r8, r4
10003d62:	bdf8      	pop	{r3, r4, r5, r6, r7, pc}
10003d64:	0016      	movs	r6, r2
10003d66:	0015      	movs	r5, r2
10003d68:	2c00      	cmp	r4, #0
10003d6a:	d1d3      	bne.n	10003d14 <_out_rev+0x48>
10003d6c:	e7e0      	b.n	10003d30 <_out_rev+0x64>
10003d6e:	0016      	movs	r6, r2
10003d70:	0015      	movs	r5, r2
10003d72:	2c00      	cmp	r4, #0
10003d74:	d1ce      	bne.n	10003d14 <_out_rev+0x48>
10003d76:	e7ee      	b.n	10003d56 <_out_rev+0x8a>

10003d78 <_ntoa_format>:
10003d78:	b5f0      	push	{r4, r5, r6, r7, lr}
10003d7a:	4645      	mov	r5, r8
10003d7c:	46de      	mov	lr, fp
10003d7e:	4657      	mov	r7, sl
10003d80:	464e      	mov	r6, r9
10003d82:	b5e0      	push	{r5, r6, r7, lr}
10003d84:	b085      	sub	sp, #20
10003d86:	469c      	mov	ip, r3
10003d88:	ab10      	add	r3, sp, #64	@ 0x40
10003d8a:	781b      	ldrb	r3, [r3, #0]
10003d8c:	9f14      	ldr	r7, [sp, #80]	@ 0x50
10003d8e:	4693      	mov	fp, r2
10003d90:	4698      	mov	r8, r3
10003d92:	9c0f      	ldr	r4, [sp, #60]	@ 0x3c
10003d94:	9e12      	ldr	r6, [sp, #72]	@ 0x48
10003d96:	9d13      	ldr	r5, [sp, #76]	@ 0x4c
10003d98:	07bb      	lsls	r3, r7, #30
10003d9a:	d44c      	bmi.n	10003e36 <_ntoa_format+0xbe>
10003d9c:	2d00      	cmp	r5, #0
10003d9e:	d142      	bne.n	10003e26 <_ntoa_format+0xae>
10003da0:	42b4      	cmp	r4, r6
10003da2:	d248      	bcs.n	10003e36 <_ntoa_format+0xbe>
10003da4:	2301      	movs	r3, #1
10003da6:	403b      	ands	r3, r7
10003da8:	4699      	mov	r9, r3
10003daa:	9b0e      	ldr	r3, [sp, #56]	@ 0x38
10003dac:	3b01      	subs	r3, #1
10003dae:	469a      	mov	sl, r3
10003db0:	2330      	movs	r3, #48	@ 0x30
10003db2:	e004      	b.n	10003dbe <_ntoa_format+0x46>
10003db4:	4652      	mov	r2, sl
10003db6:	3401      	adds	r4, #1
10003db8:	5513      	strb	r3, [r2, r4]
10003dba:	42a6      	cmp	r6, r4
10003dbc:	d901      	bls.n	10003dc2 <_ntoa_format+0x4a>
10003dbe:	2c20      	cmp	r4, #32
10003dc0:	d1f8      	bne.n	10003db4 <_ntoa_format+0x3c>
10003dc2:	464b      	mov	r3, r9
10003dc4:	2b00      	cmp	r3, #0
10003dc6:	d100      	bne.n	10003dca <_ntoa_format+0x52>
10003dc8:	e083      	b.n	10003ed2 <_ntoa_format+0x15a>
10003dca:	9b0e      	ldr	r3, [sp, #56]	@ 0x38
10003dcc:	3b01      	subs	r3, #1
10003dce:	4699      	mov	r9, r3
10003dd0:	2330      	movs	r3, #48	@ 0x30
10003dd2:	42a5      	cmp	r5, r4
10003dd4:	d805      	bhi.n	10003de2 <_ntoa_format+0x6a>
10003dd6:	e02e      	b.n	10003e36 <_ntoa_format+0xbe>
10003dd8:	464a      	mov	r2, r9
10003dda:	3401      	adds	r4, #1
10003ddc:	5513      	strb	r3, [r2, r4]
10003dde:	42ac      	cmp	r4, r5
10003de0:	d029      	beq.n	10003e36 <_ntoa_format+0xbe>
10003de2:	2c20      	cmp	r4, #32
10003de4:	d1f8      	bne.n	10003dd8 <_ntoa_format+0x60>
10003de6:	06fb      	lsls	r3, r7, #27
10003de8:	d50c      	bpl.n	10003e04 <_ntoa_format+0x8c>
10003dea:	057b      	lsls	r3, r7, #21
10003dec:	d454      	bmi.n	10003e98 <_ntoa_format+0x120>
10003dee:	42a6      	cmp	r6, r4
10003df0:	d063      	beq.n	10003eba <_ntoa_format+0x142>
10003df2:	42a5      	cmp	r5, r4
10003df4:	d061      	beq.n	10003eba <_ntoa_format+0x142>
10003df6:	9b11      	ldr	r3, [sp, #68]	@ 0x44
10003df8:	2b10      	cmp	r3, #16
10003dfa:	d050      	beq.n	10003e9e <_ntoa_format+0x126>
10003dfc:	2b02      	cmp	r3, #2
10003dfe:	d057      	beq.n	10003eb0 <_ntoa_format+0x138>
10003e00:	2c20      	cmp	r4, #32
10003e02:	d132      	bne.n	10003e6a <_ntoa_format+0xf2>
10003e04:	2320      	movs	r3, #32
10003e06:	9301      	str	r3, [sp, #4]
10003e08:	9b0e      	ldr	r3, [sp, #56]	@ 0x38
10003e0a:	465a      	mov	r2, fp
10003e0c:	9300      	str	r3, [sp, #0]
10003e0e:	9703      	str	r7, [sp, #12]
10003e10:	4663      	mov	r3, ip
10003e12:	9502      	str	r5, [sp, #8]
10003e14:	f7ff ff5a 	bl	10003ccc <_out_rev>
10003e18:	b005      	add	sp, #20
10003e1a:	bcf0      	pop	{r4, r5, r6, r7}
10003e1c:	46bb      	mov	fp, r7
10003e1e:	46b2      	mov	sl, r6
10003e20:	46a9      	mov	r9, r5
10003e22:	46a0      	mov	r8, r4
10003e24:	bdf0      	pop	{r4, r5, r6, r7, pc}
10003e26:	2301      	movs	r3, #1
10003e28:	403b      	ands	r3, r7
10003e2a:	4699      	mov	r9, r3
10003e2c:	2301      	movs	r3, #1
10003e2e:	423b      	tst	r3, r7
10003e30:	d12a      	bne.n	10003e88 <_ntoa_format+0x110>
10003e32:	42b4      	cmp	r4, r6
10003e34:	d3b9      	bcc.n	10003daa <_ntoa_format+0x32>
10003e36:	06fb      	lsls	r3, r7, #27
10003e38:	d51c      	bpl.n	10003e74 <_ntoa_format+0xfc>
10003e3a:	057b      	lsls	r3, r7, #21
10003e3c:	d4db      	bmi.n	10003df6 <_ntoa_format+0x7e>
10003e3e:	2c00      	cmp	r4, #0
10003e40:	d1d5      	bne.n	10003dee <_ntoa_format+0x76>
10003e42:	9b11      	ldr	r3, [sp, #68]	@ 0x44
10003e44:	2b10      	cmp	r3, #16
10003e46:	d05b      	beq.n	10003f00 <_ntoa_format+0x188>
10003e48:	9b11      	ldr	r3, [sp, #68]	@ 0x44
10003e4a:	2b02      	cmp	r3, #2
10003e4c:	d06b      	beq.n	10003f26 <_ntoa_format+0x1ae>
10003e4e:	2330      	movs	r3, #48	@ 0x30
10003e50:	2401      	movs	r4, #1
10003e52:	9a0e      	ldr	r2, [sp, #56]	@ 0x38
10003e54:	7013      	strb	r3, [r2, #0]
10003e56:	4643      	mov	r3, r8
10003e58:	2b00      	cmp	r3, #0
10003e5a:	d110      	bne.n	10003e7e <_ntoa_format+0x106>
10003e5c:	077b      	lsls	r3, r7, #29
10003e5e:	d53e      	bpl.n	10003ede <_ntoa_format+0x166>
10003e60:	262b      	movs	r6, #43	@ 0x2b
10003e62:	9a0e      	ldr	r2, [sp, #56]	@ 0x38
10003e64:	1c63      	adds	r3, r4, #1
10003e66:	5516      	strb	r6, [r2, r4]
10003e68:	e7cd      	b.n	10003e06 <_ntoa_format+0x8e>
10003e6a:	0023      	movs	r3, r4
10003e6c:	3401      	adds	r4, #1
10003e6e:	2630      	movs	r6, #48	@ 0x30
10003e70:	9a0e      	ldr	r2, [sp, #56]	@ 0x38
10003e72:	54d6      	strb	r6, [r2, r3]
10003e74:	2c20      	cmp	r4, #32
10003e76:	d0c5      	beq.n	10003e04 <_ntoa_format+0x8c>
10003e78:	4643      	mov	r3, r8
10003e7a:	2b00      	cmp	r3, #0
10003e7c:	d0ee      	beq.n	10003e5c <_ntoa_format+0xe4>
10003e7e:	262d      	movs	r6, #45	@ 0x2d
10003e80:	9a0e      	ldr	r2, [sp, #56]	@ 0x38
10003e82:	1c63      	adds	r3, r4, #1
10003e84:	5516      	strb	r6, [r2, r4]
10003e86:	e7be      	b.n	10003e06 <_ntoa_format+0x8e>
10003e88:	4643      	mov	r3, r8
10003e8a:	2b00      	cmp	r3, #0
10003e8c:	d02f      	beq.n	10003eee <_ntoa_format+0x176>
10003e8e:	3d01      	subs	r5, #1
10003e90:	42b4      	cmp	r4, r6
10003e92:	d200      	bcs.n	10003e96 <_ntoa_format+0x11e>
10003e94:	e789      	b.n	10003daa <_ntoa_format+0x32>
10003e96:	e798      	b.n	10003dca <_ntoa_format+0x52>
10003e98:	9b11      	ldr	r3, [sp, #68]	@ 0x44
10003e9a:	2b10      	cmp	r3, #16
10003e9c:	d1b2      	bne.n	10003e04 <_ntoa_format+0x8c>
10003e9e:	06bb      	lsls	r3, r7, #26
10003ea0:	d537      	bpl.n	10003f12 <_ntoa_format+0x19a>
10003ea2:	2c20      	cmp	r4, #32
10003ea4:	d0ae      	beq.n	10003e04 <_ntoa_format+0x8c>
10003ea6:	2358      	movs	r3, #88	@ 0x58
10003ea8:	9a0e      	ldr	r2, [sp, #56]	@ 0x38
10003eaa:	5513      	strb	r3, [r2, r4]
10003eac:	3401      	adds	r4, #1
10003eae:	e7a7      	b.n	10003e00 <_ntoa_format+0x88>
10003eb0:	2c20      	cmp	r4, #32
10003eb2:	d0a7      	beq.n	10003e04 <_ntoa_format+0x8c>
10003eb4:	0023      	movs	r3, r4
10003eb6:	3401      	adds	r4, #1
10003eb8:	e007      	b.n	10003eca <_ntoa_format+0x152>
10003eba:	1e63      	subs	r3, r4, #1
10003ebc:	2c01      	cmp	r4, #1
10003ebe:	d0c0      	beq.n	10003e42 <_ntoa_format+0xca>
10003ec0:	9a11      	ldr	r2, [sp, #68]	@ 0x44
10003ec2:	2a10      	cmp	r2, #16
10003ec4:	d031      	beq.n	10003f2a <_ntoa_format+0x1b2>
10003ec6:	2a02      	cmp	r2, #2
10003ec8:	d1d1      	bne.n	10003e6e <_ntoa_format+0xf6>
10003eca:	2662      	movs	r6, #98	@ 0x62
10003ecc:	9a0e      	ldr	r2, [sp, #56]	@ 0x38
10003ece:	54d6      	strb	r6, [r2, r3]
10003ed0:	e796      	b.n	10003e00 <_ntoa_format+0x88>
10003ed2:	06fb      	lsls	r3, r7, #27
10003ed4:	d5ce      	bpl.n	10003e74 <_ntoa_format+0xfc>
10003ed6:	057b      	lsls	r3, r7, #21
10003ed8:	d400      	bmi.n	10003edc <_ntoa_format+0x164>
10003eda:	e788      	b.n	10003dee <_ntoa_format+0x76>
10003edc:	e78b      	b.n	10003df6 <_ntoa_format+0x7e>
10003ede:	0023      	movs	r3, r4
10003ee0:	073e      	lsls	r6, r7, #28
10003ee2:	d590      	bpl.n	10003e06 <_ntoa_format+0x8e>
10003ee4:	2620      	movs	r6, #32
10003ee6:	9a0e      	ldr	r2, [sp, #56]	@ 0x38
10003ee8:	3301      	adds	r3, #1
10003eea:	5516      	strb	r6, [r2, r4]
10003eec:	e78b      	b.n	10003e06 <_ntoa_format+0x8e>
10003eee:	230c      	movs	r3, #12
10003ef0:	403b      	ands	r3, r7
10003ef2:	1e5a      	subs	r2, r3, #1
10003ef4:	4193      	sbcs	r3, r2
10003ef6:	1aed      	subs	r5, r5, r3
10003ef8:	42b4      	cmp	r4, r6
10003efa:	d200      	bcs.n	10003efe <_ntoa_format+0x186>
10003efc:	e755      	b.n	10003daa <_ntoa_format+0x32>
10003efe:	e764      	b.n	10003dca <_ntoa_format+0x52>
10003f00:	06bb      	lsls	r3, r7, #26
10003f02:	d40e      	bmi.n	10003f22 <_ntoa_format+0x1aa>
10003f04:	2378      	movs	r3, #120	@ 0x78
10003f06:	9a0e      	ldr	r2, [sp, #56]	@ 0x38
10003f08:	2402      	movs	r4, #2
10003f0a:	7013      	strb	r3, [r2, #0]
10003f0c:	2330      	movs	r3, #48	@ 0x30
10003f0e:	7053      	strb	r3, [r2, #1]
10003f10:	e7a1      	b.n	10003e56 <_ntoa_format+0xde>
10003f12:	2c20      	cmp	r4, #32
10003f14:	d100      	bne.n	10003f18 <_ntoa_format+0x1a0>
10003f16:	e775      	b.n	10003e04 <_ntoa_format+0x8c>
10003f18:	2378      	movs	r3, #120	@ 0x78
10003f1a:	9a0e      	ldr	r2, [sp, #56]	@ 0x38
10003f1c:	5513      	strb	r3, [r2, r4]
10003f1e:	3401      	adds	r4, #1
10003f20:	e76e      	b.n	10003e00 <_ntoa_format+0x88>
10003f22:	2358      	movs	r3, #88	@ 0x58
10003f24:	e7ef      	b.n	10003f06 <_ntoa_format+0x18e>
10003f26:	3360      	adds	r3, #96	@ 0x60
10003f28:	e7ed      	b.n	10003f06 <_ntoa_format+0x18e>
10003f2a:	9a0e      	ldr	r2, [sp, #56]	@ 0x38
10003f2c:	1ea6      	subs	r6, r4, #2
10003f2e:	4691      	mov	r9, r2
10003f30:	444e      	add	r6, r9
10003f32:	06ba      	lsls	r2, r7, #26
10003f34:	d502      	bpl.n	10003f3c <_ntoa_format+0x1c4>
10003f36:	2258      	movs	r2, #88	@ 0x58
10003f38:	7032      	strb	r2, [r6, #0]
10003f3a:	e798      	b.n	10003e6e <_ntoa_format+0xf6>
10003f3c:	2278      	movs	r2, #120	@ 0x78
10003f3e:	7032      	strb	r2, [r6, #0]
10003f40:	e795      	b.n	10003e6e <_ntoa_format+0xf6>
10003f42:	46c0      	nop			@ (mov r8, r8)

10003f44 <_out_char>:
10003f44:	b510      	push	{r4, lr}
10003f46:	2800      	cmp	r0, #0
10003f48:	d100      	bne.n	10003f4c <_out_char+0x8>
10003f4a:	bd10      	pop	{r4, pc}
10003f4c:	f001 fc92 	bl	10005874 <__wrap_putchar>
10003f50:	e7fb      	b.n	10003f4a <_out_char+0x6>
10003f52:	46c0      	nop			@ (mov r8, r8)

10003f54 <_out_fct>:
10003f54:	000b      	movs	r3, r1
10003f56:	b510      	push	{r4, lr}
10003f58:	2800      	cmp	r0, #0
10003f5a:	d002      	beq.n	10003f62 <_out_fct+0xe>
10003f5c:	6849      	ldr	r1, [r1, #4]
10003f5e:	681b      	ldr	r3, [r3, #0]
10003f60:	4798      	blx	r3
10003f62:	bd10      	pop	{r4, pc}

10003f64 <_ftoa>:
10003f64:	b5f0      	push	{r4, r5, r6, r7, lr}
10003f66:	4657      	mov	r7, sl
10003f68:	46de      	mov	lr, fp
10003f6a:	464e      	mov	r6, r9
10003f6c:	4645      	mov	r5, r8
10003f6e:	b5e0      	push	{r5, r6, r7, lr}
10003f70:	b095      	sub	sp, #84	@ 0x54
10003f72:	4683      	mov	fp, r0
10003f74:	000f      	movs	r7, r1
10003f76:	4692      	mov	sl, r2
10003f78:	4698      	mov	r8, r3
10003f7a:	9a1e      	ldr	r2, [sp, #120]	@ 0x78
10003f7c:	9b1f      	ldr	r3, [sp, #124]	@ 0x7c
10003f7e:	0010      	movs	r0, r2
10003f80:	0019      	movs	r1, r3
10003f82:	9e20      	ldr	r6, [sp, #128]	@ 0x80
10003f84:	f7ff f9fd 	bl	10003382 <__wrap___aeabi_dcmpun>
10003f88:	2800      	cmp	r0, #0
10003f8a:	d000      	beq.n	10003f8e <_ftoa+0x2a>
10003f8c:	e1ea      	b.n	10004364 <_ftoa+0x400>
10003f8e:	981e      	ldr	r0, [sp, #120]	@ 0x78
10003f90:	991f      	ldr	r1, [sp, #124]	@ 0x7c
10003f92:	2201      	movs	r2, #1
10003f94:	4bc5      	ldr	r3, [pc, #788]	@ (100042ac <_ftoa+0x348>)
10003f96:	4252      	negs	r2, r2
10003f98:	f7ff f9d8 	bl	1000334c <__wrap___aeabi_dcmplt>
10003f9c:	2800      	cmp	r0, #0
10003f9e:	d000      	beq.n	10003fa2 <_ftoa+0x3e>
10003fa0:	e114      	b.n	100041cc <_ftoa+0x268>
10003fa2:	981e      	ldr	r0, [sp, #120]	@ 0x78
10003fa4:	991f      	ldr	r1, [sp, #124]	@ 0x7c
10003fa6:	2201      	movs	r2, #1
10003fa8:	4bc1      	ldr	r3, [pc, #772]	@ (100042b0 <_ftoa+0x34c>)
10003faa:	4252      	negs	r2, r2
10003fac:	f7ff f9e4 	bl	10003378 <__wrap___aeabi_dcmpgt>
10003fb0:	2800      	cmp	r0, #0
10003fb2:	d000      	beq.n	10003fb6 <_ftoa+0x52>
10003fb4:	e0e9      	b.n	1000418a <_ftoa+0x226>
10003fb6:	981e      	ldr	r0, [sp, #120]	@ 0x78
10003fb8:	991f      	ldr	r1, [sp, #124]	@ 0x7c
10003fba:	2200      	movs	r2, #0
10003fbc:	4bbd      	ldr	r3, [pc, #756]	@ (100042b4 <_ftoa+0x350>)
10003fbe:	f7ff f9db 	bl	10003378 <__wrap___aeabi_dcmpgt>
10003fc2:	2800      	cmp	r0, #0
10003fc4:	d000      	beq.n	10003fc8 <_ftoa+0x64>
10003fc6:	e0c8      	b.n	1000415a <_ftoa+0x1f6>
10003fc8:	981e      	ldr	r0, [sp, #120]	@ 0x78
10003fca:	991f      	ldr	r1, [sp, #124]	@ 0x7c
10003fcc:	2200      	movs	r2, #0
10003fce:	4bba      	ldr	r3, [pc, #744]	@ (100042b8 <_ftoa+0x354>)
10003fd0:	f7ff f9bc 	bl	1000334c <__wrap___aeabi_dcmplt>
10003fd4:	2800      	cmp	r0, #0
10003fd6:	d000      	beq.n	10003fda <_ftoa+0x76>
10003fd8:	e0bf      	b.n	1000415a <_ftoa+0x1f6>
10003fda:	981e      	ldr	r0, [sp, #120]	@ 0x78
10003fdc:	991f      	ldr	r1, [sp, #124]	@ 0x7c
10003fde:	2200      	movs	r2, #0
10003fe0:	2300      	movs	r3, #0
10003fe2:	f7ff f9b3 	bl	1000334c <__wrap___aeabi_dcmplt>
10003fe6:	2800      	cmp	r0, #0
10003fe8:	d000      	beq.n	10003fec <_ftoa+0x88>
10003fea:	e0e4      	b.n	100041b6 <_ftoa+0x252>
10003fec:	2300      	movs	r3, #0
10003fee:	930b      	str	r3, [sp, #44]	@ 0x2c
10003ff0:	9b22      	ldr	r3, [sp, #136]	@ 0x88
10003ff2:	055b      	lsls	r3, r3, #21
10003ff4:	d400      	bmi.n	10003ff8 <_ftoa+0x94>
10003ff6:	2606      	movs	r6, #6
10003ff8:	2400      	movs	r4, #0
10003ffa:	2330      	movs	r3, #48	@ 0x30
10003ffc:	e007      	b.n	1000400e <_ftoa+0xaa>
10003ffe:	2117      	movs	r1, #23
10004000:	aa06      	add	r2, sp, #24
10004002:	3401      	adds	r4, #1
10004004:	1852      	adds	r2, r2, r1
10004006:	5513      	strb	r3, [r2, r4]
10004008:	3e01      	subs	r6, #1
1000400a:	2c20      	cmp	r4, #32
1000400c:	d001      	beq.n	10004012 <_ftoa+0xae>
1000400e:	2e09      	cmp	r6, #9
10004010:	d8f5      	bhi.n	10003ffe <_ftoa+0x9a>
10004012:	981e      	ldr	r0, [sp, #120]	@ 0x78
10004014:	991f      	ldr	r1, [sp, #124]	@ 0x7c
10004016:	f7ff f9dd 	bl	100033d4 <__wrap___aeabi_d2iz>
1000401a:	4ba8      	ldr	r3, [pc, #672]	@ (100042bc <_ftoa+0x358>)
1000401c:	00f2      	lsls	r2, r6, #3
1000401e:	189b      	adds	r3, r3, r2
10004020:	681a      	ldr	r2, [r3, #0]
10004022:	685b      	ldr	r3, [r3, #4]
10004024:	0005      	movs	r5, r0
10004026:	9208      	str	r2, [sp, #32]
10004028:	9309      	str	r3, [sp, #36]	@ 0x24
1000402a:	f7ff f9bb 	bl	100033a4 <__wrap___aeabi_i2d>
1000402e:	0002      	movs	r2, r0
10004030:	000b      	movs	r3, r1
10004032:	981e      	ldr	r0, [sp, #120]	@ 0x78
10004034:	991f      	ldr	r1, [sp, #124]	@ 0x7c
10004036:	f7ff f916 	bl	10003266 <__wrap___aeabi_dsub>
1000403a:	9a08      	ldr	r2, [sp, #32]
1000403c:	9b09      	ldr	r3, [sp, #36]	@ 0x24
1000403e:	f7ff f942 	bl	100032c6 <__wrap___aeabi_dmul>
10004042:	9006      	str	r0, [sp, #24]
10004044:	9107      	str	r1, [sp, #28]
10004046:	f7ff f9e9 	bl	1000341c <__wrap___aeabi_d2uiz>
1000404a:	4681      	mov	r9, r0
1000404c:	f7ff f9a6 	bl	1000339c <__wrap___aeabi_ui2d>
10004050:	0002      	movs	r2, r0
10004052:	000b      	movs	r3, r1
10004054:	9806      	ldr	r0, [sp, #24]
10004056:	9907      	ldr	r1, [sp, #28]
10004058:	f7ff f905 	bl	10003266 <__wrap___aeabi_dsub>
1000405c:	2200      	movs	r2, #0
1000405e:	4b98      	ldr	r3, [pc, #608]	@ (100042c0 <_ftoa+0x35c>)
10004060:	9006      	str	r0, [sp, #24]
10004062:	9107      	str	r1, [sp, #28]
10004064:	f7ff f988 	bl	10003378 <__wrap___aeabi_dcmpgt>
10004068:	2800      	cmp	r0, #0
1000406a:	d100      	bne.n	1000406e <_ftoa+0x10a>
1000406c:	e10d      	b.n	1000428a <_ftoa+0x326>
1000406e:	2301      	movs	r3, #1
10004070:	469c      	mov	ip, r3
10004072:	44e1      	add	r9, ip
10004074:	4648      	mov	r0, r9
10004076:	f7ff f991 	bl	1000339c <__wrap___aeabi_ui2d>
1000407a:	0002      	movs	r2, r0
1000407c:	000b      	movs	r3, r1
1000407e:	9808      	ldr	r0, [sp, #32]
10004080:	9909      	ldr	r1, [sp, #36]	@ 0x24
10004082:	f7ff f969 	bl	10003358 <__wrap___aeabi_dcmple>
10004086:	2800      	cmp	r0, #0
10004088:	d002      	beq.n	10004090 <_ftoa+0x12c>
1000408a:	2300      	movs	r3, #0
1000408c:	4699      	mov	r9, r3
1000408e:	3501      	adds	r5, #1
10004090:	2e00      	cmp	r6, #0
10004092:	d100      	bne.n	10004096 <_ftoa+0x132>
10004094:	e0d9      	b.n	1000424a <_ftoa+0x2e6>
10004096:	9506      	str	r5, [sp, #24]
10004098:	464d      	mov	r5, r9
1000409a:	46b9      	mov	r9, r7
1000409c:	e014      	b.n	100040c8 <_ftoa+0x164>
1000409e:	aa06      	add	r2, sp, #24
100040a0:	4694      	mov	ip, r2
100040a2:	2317      	movs	r3, #23
100040a4:	210a      	movs	r1, #10
100040a6:	4463      	add	r3, ip
100040a8:	0028      	movs	r0, r5
100040aa:	3401      	adds	r4, #1
100040ac:	191f      	adds	r7, r3, r4
100040ae:	f7fe fe9f 	bl	10002df0 <__wrap___aeabi_uidiv>
100040b2:	3130      	adds	r1, #48	@ 0x30
100040b4:	7039      	strb	r1, [r7, #0]
100040b6:	0028      	movs	r0, r5
100040b8:	210a      	movs	r1, #10
100040ba:	3e01      	subs	r6, #1
100040bc:	f7fe fe98 	bl	10002df0 <__wrap___aeabi_uidiv>
100040c0:	2d09      	cmp	r5, #9
100040c2:	d800      	bhi.n	100040c6 <_ftoa+0x162>
100040c4:	e117      	b.n	100042f6 <_ftoa+0x392>
100040c6:	0005      	movs	r5, r0
100040c8:	2c20      	cmp	r4, #32
100040ca:	d1e8      	bne.n	1000409e <_ftoa+0x13a>
100040cc:	464f      	mov	r7, r9
100040ce:	9d06      	ldr	r5, [sp, #24]
100040d0:	2420      	movs	r4, #32
100040d2:	ae0c      	add	r6, sp, #48	@ 0x30
100040d4:	aa06      	add	r2, sp, #24
100040d6:	2317      	movs	r3, #23
100040d8:	4694      	mov	ip, r2
100040da:	4463      	add	r3, ip
100040dc:	4699      	mov	r9, r3
100040de:	465b      	mov	r3, fp
100040e0:	46b3      	mov	fp, r6
100040e2:	9306      	str	r3, [sp, #24]
100040e4:	e00f      	b.n	10004106 <_ftoa+0x1a2>
100040e6:	464b      	mov	r3, r9
100040e8:	0028      	movs	r0, r5
100040ea:	210a      	movs	r1, #10
100040ec:	3401      	adds	r4, #1
100040ee:	18e6      	adds	r6, r4, r3
100040f0:	f7fe fe56 	bl	10002da0 <__wrap___aeabi_idiv>
100040f4:	3130      	adds	r1, #48	@ 0x30
100040f6:	0028      	movs	r0, r5
100040f8:	7031      	strb	r1, [r6, #0]
100040fa:	210a      	movs	r1, #10
100040fc:	f7fe fe50 	bl	10002da0 <__wrap___aeabi_idiv>
10004100:	1e05      	subs	r5, r0, #0
10004102:	d100      	bne.n	10004106 <_ftoa+0x1a2>
10004104:	e0e4      	b.n	100042d0 <_ftoa+0x36c>
10004106:	2c20      	cmp	r4, #32
10004108:	d1ed      	bne.n	100040e6 <_ftoa+0x182>
1000410a:	9b06      	ldr	r3, [sp, #24]
1000410c:	465e      	mov	r6, fp
1000410e:	469b      	mov	fp, r3
10004110:	2303      	movs	r3, #3
10004112:	9a22      	ldr	r2, [sp, #136]	@ 0x88
10004114:	4013      	ands	r3, r2
10004116:	2b01      	cmp	r3, #1
10004118:	d118      	bne.n	1000414c <_ftoa+0x1e8>
1000411a:	9b21      	ldr	r3, [sp, #132]	@ 0x84
1000411c:	2b00      	cmp	r3, #0
1000411e:	d015      	beq.n	1000414c <_ftoa+0x1e8>
10004120:	9b0b      	ldr	r3, [sp, #44]	@ 0x2c
10004122:	2b00      	cmp	r3, #0
10004124:	d100      	bne.n	10004128 <_ftoa+0x1c4>
10004126:	e0fd      	b.n	10004324 <_ftoa+0x3c0>
10004128:	9b21      	ldr	r3, [sp, #132]	@ 0x84
1000412a:	3b01      	subs	r3, #1
1000412c:	9321      	str	r3, [sp, #132]	@ 0x84
1000412e:	2b20      	cmp	r3, #32
10004130:	d90c      	bls.n	1000414c <_ftoa+0x1e8>
10004132:	2330      	movs	r3, #48	@ 0x30
10004134:	9a21      	ldr	r2, [sp, #132]	@ 0x84
10004136:	e007      	b.n	10004148 <_ftoa+0x1e4>
10004138:	2017      	movs	r0, #23
1000413a:	a906      	add	r1, sp, #24
1000413c:	3401      	adds	r4, #1
1000413e:	1809      	adds	r1, r1, r0
10004140:	550b      	strb	r3, [r1, r4]
10004142:	4294      	cmp	r4, r2
10004144:	d300      	bcc.n	10004148 <_ftoa+0x1e4>
10004146:	e0cc      	b.n	100042e2 <_ftoa+0x37e>
10004148:	2c20      	cmp	r4, #32
1000414a:	d1f5      	bne.n	10004138 <_ftoa+0x1d4>
1000414c:	9b22      	ldr	r3, [sp, #136]	@ 0x88
1000414e:	9401      	str	r4, [sp, #4]
10004150:	9303      	str	r3, [sp, #12]
10004152:	9b21      	ldr	r3, [sp, #132]	@ 0x84
10004154:	9600      	str	r6, [sp, #0]
10004156:	9302      	str	r3, [sp, #8]
10004158:	e022      	b.n	100041a0 <_ftoa+0x23c>
1000415a:	9b22      	ldr	r3, [sp, #136]	@ 0x88
1000415c:	4652      	mov	r2, sl
1000415e:	9304      	str	r3, [sp, #16]
10004160:	9b21      	ldr	r3, [sp, #132]	@ 0x84
10004162:	0039      	movs	r1, r7
10004164:	9303      	str	r3, [sp, #12]
10004166:	4658      	mov	r0, fp
10004168:	9b1e      	ldr	r3, [sp, #120]	@ 0x78
1000416a:	9c1f      	ldr	r4, [sp, #124]	@ 0x7c
1000416c:	9602      	str	r6, [sp, #8]
1000416e:	9300      	str	r3, [sp, #0]
10004170:	9401      	str	r4, [sp, #4]
10004172:	4643      	mov	r3, r8
10004174:	f000 f94a 	bl	1000440c <_etoa>
10004178:	0004      	movs	r4, r0
1000417a:	0020      	movs	r0, r4
1000417c:	b015      	add	sp, #84	@ 0x54
1000417e:	bcf0      	pop	{r4, r5, r6, r7}
10004180:	46bb      	mov	fp, r7
10004182:	46b2      	mov	sl, r6
10004184:	46a9      	mov	r9, r5
10004186:	46a0      	mov	r8, r4
10004188:	bdf0      	pop	{r4, r5, r6, r7, pc}
1000418a:	9b22      	ldr	r3, [sp, #136]	@ 0x88
1000418c:	075b      	lsls	r3, r3, #29
1000418e:	d40f      	bmi.n	100041b0 <_ftoa+0x24c>
10004190:	2203      	movs	r2, #3
10004192:	4b4c      	ldr	r3, [pc, #304]	@ (100042c4 <_ftoa+0x360>)
10004194:	9922      	ldr	r1, [sp, #136]	@ 0x88
10004196:	9201      	str	r2, [sp, #4]
10004198:	9103      	str	r1, [sp, #12]
1000419a:	9921      	ldr	r1, [sp, #132]	@ 0x84
1000419c:	9300      	str	r3, [sp, #0]
1000419e:	9102      	str	r1, [sp, #8]
100041a0:	4643      	mov	r3, r8
100041a2:	4652      	mov	r2, sl
100041a4:	0039      	movs	r1, r7
100041a6:	4658      	mov	r0, fp
100041a8:	f7ff fd90 	bl	10003ccc <_out_rev>
100041ac:	0004      	movs	r4, r0
100041ae:	e7e4      	b.n	1000417a <_ftoa+0x216>
100041b0:	2204      	movs	r2, #4
100041b2:	4b45      	ldr	r3, [pc, #276]	@ (100042c8 <_ftoa+0x364>)
100041b4:	e7ee      	b.n	10004194 <_ftoa+0x230>
100041b6:	9a1e      	ldr	r2, [sp, #120]	@ 0x78
100041b8:	9b1f      	ldr	r3, [sp, #124]	@ 0x7c
100041ba:	2000      	movs	r0, #0
100041bc:	2100      	movs	r1, #0
100041be:	f7ff f852 	bl	10003266 <__wrap___aeabi_dsub>
100041c2:	2301      	movs	r3, #1
100041c4:	901e      	str	r0, [sp, #120]	@ 0x78
100041c6:	911f      	str	r1, [sp, #124]	@ 0x7c
100041c8:	930b      	str	r3, [sp, #44]	@ 0x2c
100041ca:	e711      	b.n	10003ff0 <_ftoa+0x8c>
100041cc:	9b22      	ldr	r3, [sp, #136]	@ 0x88
100041ce:	4654      	mov	r4, sl
100041d0:	079b      	lsls	r3, r3, #30
100041d2:	d111      	bne.n	100041f8 <_ftoa+0x294>
100041d4:	9b21      	ldr	r3, [sp, #132]	@ 0x84
100041d6:	2b04      	cmp	r3, #4
100041d8:	d90e      	bls.n	100041f8 <_ftoa+0x294>
100041da:	9b21      	ldr	r3, [sp, #132]	@ 0x84
100041dc:	4655      	mov	r5, sl
100041de:	469c      	mov	ip, r3
100041e0:	465e      	mov	r6, fp
100041e2:	3c04      	subs	r4, #4
100041e4:	4464      	add	r4, ip
100041e6:	002a      	movs	r2, r5
100041e8:	4643      	mov	r3, r8
100041ea:	3501      	adds	r5, #1
100041ec:	0039      	movs	r1, r7
100041ee:	2020      	movs	r0, #32
100041f0:	47b0      	blx	r6
100041f2:	42a5      	cmp	r5, r4
100041f4:	d1f7      	bne.n	100041e6 <_ftoa+0x282>
100041f6:	46b3      	mov	fp, r6
100041f8:	4d34      	ldr	r5, [pc, #208]	@ (100042cc <_ftoa+0x368>)
100041fa:	0026      	movs	r6, r4
100041fc:	1f2b      	subs	r3, r5, #4
100041fe:	4699      	mov	r9, r3
10004200:	465b      	mov	r3, fp
10004202:	46a3      	mov	fp, r4
10004204:	001c      	movs	r4, r3
10004206:	0032      	movs	r2, r6
10004208:	78e8      	ldrb	r0, [r5, #3]
1000420a:	4643      	mov	r3, r8
1000420c:	0039      	movs	r1, r7
1000420e:	3d01      	subs	r5, #1
10004210:	47a0      	blx	r4
10004212:	3601      	adds	r6, #1
10004214:	454d      	cmp	r5, r9
10004216:	d1f6      	bne.n	10004206 <_ftoa+0x2a2>
10004218:	0023      	movs	r3, r4
1000421a:	465c      	mov	r4, fp
1000421c:	469b      	mov	fp, r3
1000421e:	9b22      	ldr	r3, [sp, #136]	@ 0x88
10004220:	3404      	adds	r4, #4
10004222:	079b      	lsls	r3, r3, #30
10004224:	d5a9      	bpl.n	1000417a <_ftoa+0x216>
10004226:	4653      	mov	r3, sl
10004228:	9a21      	ldr	r2, [sp, #132]	@ 0x84
1000422a:	1ae3      	subs	r3, r4, r3
1000422c:	429a      	cmp	r2, r3
1000422e:	d9a4      	bls.n	1000417a <_ftoa+0x216>
10004230:	465e      	mov	r6, fp
10004232:	0015      	movs	r5, r2
10004234:	0022      	movs	r2, r4
10004236:	4643      	mov	r3, r8
10004238:	0039      	movs	r1, r7
1000423a:	2020      	movs	r0, #32
1000423c:	47b0      	blx	r6
1000423e:	4653      	mov	r3, sl
10004240:	3401      	adds	r4, #1
10004242:	1ae3      	subs	r3, r4, r3
10004244:	429d      	cmp	r5, r3
10004246:	d8f5      	bhi.n	10004234 <_ftoa+0x2d0>
10004248:	e797      	b.n	1000417a <_ftoa+0x216>
1000424a:	0028      	movs	r0, r5
1000424c:	f7ff f8aa 	bl	100033a4 <__wrap___aeabi_i2d>
10004250:	0002      	movs	r2, r0
10004252:	000b      	movs	r3, r1
10004254:	981e      	ldr	r0, [sp, #120]	@ 0x78
10004256:	991f      	ldr	r1, [sp, #124]	@ 0x7c
10004258:	f7ff f805 	bl	10003266 <__wrap___aeabi_dsub>
1000425c:	2200      	movs	r2, #0
1000425e:	4b18      	ldr	r3, [pc, #96]	@ (100042c0 <_ftoa+0x35c>)
10004260:	9006      	str	r0, [sp, #24]
10004262:	9107      	str	r1, [sp, #28]
10004264:	f7ff f872 	bl	1000334c <__wrap___aeabi_dcmplt>
10004268:	ae0c      	add	r6, sp, #48	@ 0x30
1000426a:	2800      	cmp	r0, #0
1000426c:	d000      	beq.n	10004270 <_ftoa+0x30c>
1000426e:	e731      	b.n	100040d4 <_ftoa+0x170>
10004270:	9806      	ldr	r0, [sp, #24]
10004272:	9907      	ldr	r1, [sp, #28]
10004274:	2200      	movs	r2, #0
10004276:	4b12      	ldr	r3, [pc, #72]	@ (100042c0 <_ftoa+0x35c>)
10004278:	f7ff f87e 	bl	10003378 <__wrap___aeabi_dcmpgt>
1000427c:	2800      	cmp	r0, #0
1000427e:	d000      	beq.n	10004282 <_ftoa+0x31e>
10004280:	e728      	b.n	100040d4 <_ftoa+0x170>
10004282:	2301      	movs	r3, #1
10004284:	3501      	adds	r5, #1
10004286:	439d      	bics	r5, r3
10004288:	e724      	b.n	100040d4 <_ftoa+0x170>
1000428a:	2200      	movs	r2, #0
1000428c:	9806      	ldr	r0, [sp, #24]
1000428e:	9907      	ldr	r1, [sp, #28]
10004290:	4b0b      	ldr	r3, [pc, #44]	@ (100042c0 <_ftoa+0x35c>)
10004292:	f7ff f85b 	bl	1000334c <__wrap___aeabi_dcmplt>
10004296:	2800      	cmp	r0, #0
10004298:	d000      	beq.n	1000429c <_ftoa+0x338>
1000429a:	e6f9      	b.n	10004090 <_ftoa+0x12c>
1000429c:	464b      	mov	r3, r9
1000429e:	2b00      	cmp	r3, #0
100042a0:	d15c      	bne.n	1000435c <_ftoa+0x3f8>
100042a2:	2301      	movs	r3, #1
100042a4:	469c      	mov	ip, r3
100042a6:	44e1      	add	r9, ip
100042a8:	e6f2      	b.n	10004090 <_ftoa+0x12c>
100042aa:	46c0      	nop			@ (mov r8, r8)
100042ac:	ffefffff 	.word	0xffefffff
100042b0:	7fefffff 	.word	0x7fefffff
100042b4:	41cdcd65 	.word	0x41cdcd65
100042b8:	c1cdcd65 	.word	0xc1cdcd65
100042bc:	10008cc8 	.word	0x10008cc8
100042c0:	3fe00000 	.word	0x3fe00000
100042c4:	10008a10 	.word	0x10008a10
100042c8:	10008a08 	.word	0x10008a08
100042cc:	10008a18 	.word	0x10008a18
100042d0:	9b06      	ldr	r3, [sp, #24]
100042d2:	465e      	mov	r6, fp
100042d4:	469b      	mov	fp, r3
100042d6:	2303      	movs	r3, #3
100042d8:	9a22      	ldr	r2, [sp, #136]	@ 0x88
100042da:	4013      	ands	r3, r2
100042dc:	2b01      	cmp	r3, #1
100042de:	d100      	bne.n	100042e2 <_ftoa+0x37e>
100042e0:	e081      	b.n	100043e6 <_ftoa+0x482>
100042e2:	2c20      	cmp	r4, #32
100042e4:	d100      	bne.n	100042e8 <_ftoa+0x384>
100042e6:	e731      	b.n	1000414c <_ftoa+0x1e8>
100042e8:	9b0b      	ldr	r3, [sp, #44]	@ 0x2c
100042ea:	2b00      	cmp	r3, #0
100042ec:	d027      	beq.n	1000433e <_ftoa+0x3da>
100042ee:	232d      	movs	r3, #45	@ 0x2d
100042f0:	5533      	strb	r3, [r6, r4]
100042f2:	3401      	adds	r4, #1
100042f4:	e72a      	b.n	1000414c <_ftoa+0x1e8>
100042f6:	464f      	mov	r7, r9
100042f8:	9d06      	ldr	r5, [sp, #24]
100042fa:	2c20      	cmp	r4, #32
100042fc:	d100      	bne.n	10004300 <_ftoa+0x39c>
100042fe:	e6e7      	b.n	100040d0 <_ftoa+0x16c>
10004300:	2230      	movs	r2, #48	@ 0x30
10004302:	1933      	adds	r3, r6, r4
10004304:	e007      	b.n	10004316 <_ftoa+0x3b2>
10004306:	2017      	movs	r0, #23
10004308:	a906      	add	r1, sp, #24
1000430a:	3401      	adds	r4, #1
1000430c:	1809      	adds	r1, r1, r0
1000430e:	550a      	strb	r2, [r1, r4]
10004310:	2c20      	cmp	r4, #32
10004312:	d100      	bne.n	10004316 <_ftoa+0x3b2>
10004314:	e6dc      	b.n	100040d0 <_ftoa+0x16c>
10004316:	42a3      	cmp	r3, r4
10004318:	d1f5      	bne.n	10004306 <_ftoa+0x3a2>
1000431a:	222e      	movs	r2, #46	@ 0x2e
1000431c:	ae0c      	add	r6, sp, #48	@ 0x30
1000431e:	3401      	adds	r4, #1
10004320:	54f2      	strb	r2, [r6, r3]
10004322:	e6d7      	b.n	100040d4 <_ftoa+0x170>
10004324:	230c      	movs	r3, #12
10004326:	9a22      	ldr	r2, [sp, #136]	@ 0x88
10004328:	4213      	tst	r3, r2
1000432a:	d057      	beq.n	100043dc <_ftoa+0x478>
1000432c:	9b21      	ldr	r3, [sp, #132]	@ 0x84
1000432e:	3b01      	subs	r3, #1
10004330:	9321      	str	r3, [sp, #132]	@ 0x84
10004332:	42a3      	cmp	r3, r4
10004334:	d900      	bls.n	10004338 <_ftoa+0x3d4>
10004336:	e6fc      	b.n	10004132 <_ftoa+0x1ce>
10004338:	2c20      	cmp	r4, #32
1000433a:	d100      	bne.n	1000433e <_ftoa+0x3da>
1000433c:	e706      	b.n	1000414c <_ftoa+0x1e8>
1000433e:	9b22      	ldr	r3, [sp, #136]	@ 0x88
10004340:	075b      	lsls	r3, r3, #29
10004342:	d503      	bpl.n	1000434c <_ftoa+0x3e8>
10004344:	232b      	movs	r3, #43	@ 0x2b
10004346:	5533      	strb	r3, [r6, r4]
10004348:	3401      	adds	r4, #1
1000434a:	e6ff      	b.n	1000414c <_ftoa+0x1e8>
1000434c:	9b22      	ldr	r3, [sp, #136]	@ 0x88
1000434e:	071b      	lsls	r3, r3, #28
10004350:	d400      	bmi.n	10004354 <_ftoa+0x3f0>
10004352:	e6fb      	b.n	1000414c <_ftoa+0x1e8>
10004354:	2320      	movs	r3, #32
10004356:	5533      	strb	r3, [r6, r4]
10004358:	3401      	adds	r4, #1
1000435a:	e6f7      	b.n	1000414c <_ftoa+0x1e8>
1000435c:	07db      	lsls	r3, r3, #31
1000435e:	d400      	bmi.n	10004362 <_ftoa+0x3fe>
10004360:	e696      	b.n	10004090 <_ftoa+0x12c>
10004362:	e79e      	b.n	100042a2 <_ftoa+0x33e>
10004364:	9b22      	ldr	r3, [sp, #136]	@ 0x88
10004366:	4655      	mov	r5, sl
10004368:	079b      	lsls	r3, r3, #30
1000436a:	d111      	bne.n	10004390 <_ftoa+0x42c>
1000436c:	9b21      	ldr	r3, [sp, #132]	@ 0x84
1000436e:	2b03      	cmp	r3, #3
10004370:	d90e      	bls.n	10004390 <_ftoa+0x42c>
10004372:	9b21      	ldr	r3, [sp, #132]	@ 0x84
10004374:	4654      	mov	r4, sl
10004376:	469c      	mov	ip, r3
10004378:	465e      	mov	r6, fp
1000437a:	3d03      	subs	r5, #3
1000437c:	4465      	add	r5, ip
1000437e:	0022      	movs	r2, r4
10004380:	4643      	mov	r3, r8
10004382:	3401      	adds	r4, #1
10004384:	0039      	movs	r1, r7
10004386:	2020      	movs	r0, #32
10004388:	47b0      	blx	r6
1000438a:	42ac      	cmp	r4, r5
1000438c:	d1f7      	bne.n	1000437e <_ftoa+0x41a>
1000438e:	46b3      	mov	fp, r6
10004390:	46b9      	mov	r9, r7
10004392:	465f      	mov	r7, fp
10004394:	4e1c      	ldr	r6, [pc, #112]	@ (10004408 <_ftoa+0x4a4>)
10004396:	1cec      	adds	r4, r5, #3
10004398:	002a      	movs	r2, r5
1000439a:	78b0      	ldrb	r0, [r6, #2]
1000439c:	4643      	mov	r3, r8
1000439e:	4649      	mov	r1, r9
100043a0:	3501      	adds	r5, #1
100043a2:	47b8      	blx	r7
100043a4:	3e01      	subs	r6, #1
100043a6:	42ac      	cmp	r4, r5
100043a8:	d1f6      	bne.n	10004398 <_ftoa+0x434>
100043aa:	9b22      	ldr	r3, [sp, #136]	@ 0x88
100043ac:	46bb      	mov	fp, r7
100043ae:	464f      	mov	r7, r9
100043b0:	079b      	lsls	r3, r3, #30
100043b2:	d400      	bmi.n	100043b6 <_ftoa+0x452>
100043b4:	e6e1      	b.n	1000417a <_ftoa+0x216>
100043b6:	4653      	mov	r3, sl
100043b8:	9a21      	ldr	r2, [sp, #132]	@ 0x84
100043ba:	1ae3      	subs	r3, r4, r3
100043bc:	429a      	cmp	r2, r3
100043be:	d800      	bhi.n	100043c2 <_ftoa+0x45e>
100043c0:	e6db      	b.n	1000417a <_ftoa+0x216>
100043c2:	465e      	mov	r6, fp
100043c4:	0015      	movs	r5, r2
100043c6:	0022      	movs	r2, r4
100043c8:	4643      	mov	r3, r8
100043ca:	0039      	movs	r1, r7
100043cc:	2020      	movs	r0, #32
100043ce:	47b0      	blx	r6
100043d0:	4653      	mov	r3, sl
100043d2:	3401      	adds	r4, #1
100043d4:	1ae3      	subs	r3, r4, r3
100043d6:	42ab      	cmp	r3, r5
100043d8:	d3f5      	bcc.n	100043c6 <_ftoa+0x462>
100043da:	e6ce      	b.n	1000417a <_ftoa+0x216>
100043dc:	9b21      	ldr	r3, [sp, #132]	@ 0x84
100043de:	42a3      	cmp	r3, r4
100043e0:	d900      	bls.n	100043e4 <_ftoa+0x480>
100043e2:	e6a6      	b.n	10004132 <_ftoa+0x1ce>
100043e4:	e6b2      	b.n	1000414c <_ftoa+0x1e8>
100043e6:	9b21      	ldr	r3, [sp, #132]	@ 0x84
100043e8:	2b00      	cmp	r3, #0
100043ea:	d100      	bne.n	100043ee <_ftoa+0x48a>
100043ec:	e779      	b.n	100042e2 <_ftoa+0x37e>
100043ee:	9b0b      	ldr	r3, [sp, #44]	@ 0x2c
100043f0:	2b00      	cmp	r3, #0
100043f2:	d097      	beq.n	10004324 <_ftoa+0x3c0>
100043f4:	9b21      	ldr	r3, [sp, #132]	@ 0x84
100043f6:	3b01      	subs	r3, #1
100043f8:	9321      	str	r3, [sp, #132]	@ 0x84
100043fa:	429c      	cmp	r4, r3
100043fc:	d200      	bcs.n	10004400 <_ftoa+0x49c>
100043fe:	e698      	b.n	10004132 <_ftoa+0x1ce>
10004400:	2c20      	cmp	r4, #32
10004402:	d000      	beq.n	10004406 <_ftoa+0x4a2>
10004404:	e773      	b.n	100042ee <_ftoa+0x38a>
10004406:	e6a1      	b.n	1000414c <_ftoa+0x1e8>
10004408:	10008a14 	.word	0x10008a14

1000440c <_etoa>:
1000440c:	b5f0      	push	{r4, r5, r6, r7, lr}
1000440e:	46de      	mov	lr, fp
10004410:	4657      	mov	r7, sl
10004412:	464e      	mov	r6, r9
10004414:	4645      	mov	r5, r8
10004416:	b5e0      	push	{r5, r6, r7, lr}
10004418:	b099      	sub	sp, #100	@ 0x64
1000441a:	4681      	mov	r9, r0
1000441c:	468b      	mov	fp, r1
1000441e:	4692      	mov	sl, r2
10004420:	4698      	mov	r8, r3
10004422:	9a22      	ldr	r2, [sp, #136]	@ 0x88
10004424:	9b23      	ldr	r3, [sp, #140]	@ 0x8c
10004426:	0010      	movs	r0, r2
10004428:	0019      	movs	r1, r3
1000442a:	f7fe ffaa 	bl	10003382 <__wrap___aeabi_dcmpun>
1000442e:	2800      	cmp	r0, #0
10004430:	d000      	beq.n	10004434 <_etoa+0x28>
10004432:	e0ca      	b.n	100045ca <_etoa+0x1be>
10004434:	9822      	ldr	r0, [sp, #136]	@ 0x88
10004436:	9923      	ldr	r1, [sp, #140]	@ 0x8c
10004438:	2201      	movs	r2, #1
1000443a:	4b82      	ldr	r3, [pc, #520]	@ (10004644 <_etoa+0x238>)
1000443c:	4252      	negs	r2, r2
1000443e:	f7fe ff9b 	bl	10003378 <__wrap___aeabi_dcmpgt>
10004442:	2800      	cmp	r0, #0
10004444:	d000      	beq.n	10004448 <_etoa+0x3c>
10004446:	e0c0      	b.n	100045ca <_etoa+0x1be>
10004448:	9822      	ldr	r0, [sp, #136]	@ 0x88
1000444a:	9923      	ldr	r1, [sp, #140]	@ 0x8c
1000444c:	2201      	movs	r2, #1
1000444e:	4b7e      	ldr	r3, [pc, #504]	@ (10004648 <_etoa+0x23c>)
10004450:	4252      	negs	r2, r2
10004452:	f7fe ff7b 	bl	1000334c <__wrap___aeabi_dcmplt>
10004456:	2800      	cmp	r0, #0
10004458:	d000      	beq.n	1000445c <_etoa+0x50>
1000445a:	e0b6      	b.n	100045ca <_etoa+0x1be>
1000445c:	9822      	ldr	r0, [sp, #136]	@ 0x88
1000445e:	9923      	ldr	r1, [sp, #140]	@ 0x8c
10004460:	2200      	movs	r2, #0
10004462:	2300      	movs	r3, #0
10004464:	f7fe ff72 	bl	1000334c <__wrap___aeabi_dcmplt>
10004468:	2800      	cmp	r0, #0
1000446a:	d000      	beq.n	1000446e <_etoa+0x62>
1000446c:	e1c9      	b.n	10004802 <_etoa+0x3f6>
1000446e:	9b22      	ldr	r3, [sp, #136]	@ 0x88
10004470:	9c23      	ldr	r4, [sp, #140]	@ 0x8c
10004472:	9308      	str	r3, [sp, #32]
10004474:	9409      	str	r4, [sp, #36]	@ 0x24
10004476:	9808      	ldr	r0, [sp, #32]
10004478:	9909      	ldr	r1, [sp, #36]	@ 0x24
1000447a:	2380      	movs	r3, #128	@ 0x80
1000447c:	9a26      	ldr	r2, [sp, #152]	@ 0x98
1000447e:	00db      	lsls	r3, r3, #3
10004480:	401a      	ands	r2, r3
10004482:	920d      	str	r2, [sp, #52]	@ 0x34
10004484:	2280      	movs	r2, #128	@ 0x80
10004486:	9c26      	ldr	r4, [sp, #152]	@ 0x98
10004488:	0112      	lsls	r2, r2, #4
1000448a:	4014      	ands	r4, r2
1000448c:	0022      	movs	r2, r4
1000448e:	940b      	str	r4, [sp, #44]	@ 0x2c
10004490:	9c26      	ldr	r4, [sp, #152]	@ 0x98
10004492:	0007      	movs	r7, r0
10004494:	000e      	movs	r6, r1
10004496:	421c      	tst	r4, r3
10004498:	d000      	beq.n	1000449c <_etoa+0x90>
1000449a:	e0ad      	b.n	100045f8 <_etoa+0x1ec>
1000449c:	000b      	movs	r3, r1
1000449e:	4303      	orrs	r3, r0
100044a0:	d000      	beq.n	100044a4 <_etoa+0x98>
100044a2:	e0d5      	b.n	10004650 <_etoa+0x244>
100044a4:	2a00      	cmp	r2, #0
100044a6:	d000      	beq.n	100044aa <_etoa+0x9e>
100044a8:	e20a      	b.n	100048c0 <_etoa+0x4b4>
100044aa:	0022      	movs	r2, r4
100044ac:	3306      	adds	r3, #6
100044ae:	9324      	str	r3, [sp, #144]	@ 0x90
100044b0:	2302      	movs	r3, #2
100044b2:	4013      	ands	r3, r2
100044b4:	930c      	str	r3, [sp, #48]	@ 0x30
100044b6:	2302      	movs	r3, #2
100044b8:	4213      	tst	r3, r2
100044ba:	d000      	beq.n	100044be <_etoa+0xb2>
100044bc:	e202      	b.n	100048c4 <_etoa+0x4b8>
100044be:	9b25      	ldr	r3, [sp, #148]	@ 0x94
100044c0:	2b04      	cmp	r3, #4
100044c2:	d200      	bcs.n	100044c6 <_etoa+0xba>
100044c4:	e20f      	b.n	100048e6 <_etoa+0x4da>
100044c6:	3b04      	subs	r3, #4
100044c8:	930b      	str	r3, [sp, #44]	@ 0x2c
100044ca:	2300      	movs	r3, #0
100044cc:	2504      	movs	r5, #4
100044ce:	930a      	str	r3, [sp, #40]	@ 0x28
100044d0:	2200      	movs	r2, #0
100044d2:	9822      	ldr	r0, [sp, #136]	@ 0x88
100044d4:	9923      	ldr	r1, [sp, #140]	@ 0x8c
100044d6:	2300      	movs	r3, #0
100044d8:	f7fe ff38 	bl	1000334c <__wrap___aeabi_dcmplt>
100044dc:	2800      	cmp	r0, #0
100044de:	d000      	beq.n	100044e2 <_etoa+0xd6>
100044e0:	e203      	b.n	100048ea <_etoa+0x4de>
100044e2:	4b5a      	ldr	r3, [pc, #360]	@ (1000464c <_etoa+0x240>)
100044e4:	9a26      	ldr	r2, [sp, #152]	@ 0x98
100044e6:	4013      	ands	r3, r2
100044e8:	9304      	str	r3, [sp, #16]
100044ea:	9b0b      	ldr	r3, [sp, #44]	@ 0x2c
100044ec:	9303      	str	r3, [sp, #12]
100044ee:	9b24      	ldr	r3, [sp, #144]	@ 0x90
100044f0:	9302      	str	r3, [sp, #8]
100044f2:	9b08      	ldr	r3, [sp, #32]
100044f4:	9c09      	ldr	r4, [sp, #36]	@ 0x24
100044f6:	9300      	str	r3, [sp, #0]
100044f8:	9401      	str	r4, [sp, #4]
100044fa:	4659      	mov	r1, fp
100044fc:	4643      	mov	r3, r8
100044fe:	4652      	mov	r2, sl
10004500:	4648      	mov	r0, r9
10004502:	f7ff fd2f 	bl	10003f64 <_ftoa>
10004506:	0002      	movs	r2, r0
10004508:	2020      	movs	r0, #32
1000450a:	9b26      	ldr	r3, [sp, #152]	@ 0x98
1000450c:	271f      	movs	r7, #31
1000450e:	4003      	ands	r3, r0
10004510:	4259      	negs	r1, r3
10004512:	414b      	adcs	r3, r1
10004514:	425b      	negs	r3, r3
10004516:	4018      	ands	r0, r3
10004518:	1c53      	adds	r3, r2, #1
1000451a:	9308      	str	r3, [sp, #32]
1000451c:	4659      	mov	r1, fp
1000451e:	4643      	mov	r3, r8
10004520:	3045      	adds	r0, #69	@ 0x45
10004522:	47c8      	blx	r9
10004524:	9a0a      	ldr	r2, [sp, #40]	@ 0x28
10004526:	17d3      	asrs	r3, r2, #31
10004528:	18d4      	adds	r4, r2, r3
1000452a:	405c      	eors	r4, r3
1000452c:	0fd3      	lsrs	r3, r2, #31
1000452e:	930a      	str	r3, [sp, #40]	@ 0x28
10004530:	1e6b      	subs	r3, r5, #1
10004532:	930b      	str	r3, [sp, #44]	@ 0x2c
10004534:	ab08      	add	r3, sp, #32
10004536:	469c      	mov	ip, r3
10004538:	2500      	movs	r5, #0
1000453a:	4467      	add	r7, ip
1000453c:	e001      	b.n	10004542 <_etoa+0x136>
1000453e:	2d20      	cmp	r5, #32
10004540:	d00f      	beq.n	10004562 <_etoa+0x156>
10004542:	0020      	movs	r0, r4
10004544:	210a      	movs	r1, #10
10004546:	f7fe fc53 	bl	10002df0 <__wrap___aeabi_uidiv>
1000454a:	3501      	adds	r5, #1
1000454c:	197e      	adds	r6, r7, r5
1000454e:	3130      	adds	r1, #48	@ 0x30
10004550:	7031      	strb	r1, [r6, #0]
10004552:	0020      	movs	r0, r4
10004554:	210a      	movs	r1, #10
10004556:	f7fe fc4b 	bl	10002df0 <__wrap___aeabi_uidiv>
1000455a:	0026      	movs	r6, r4
1000455c:	0004      	movs	r4, r0
1000455e:	2e09      	cmp	r6, #9
10004560:	d8ed      	bhi.n	1000453e <_etoa+0x132>
10004562:	2305      	movs	r3, #5
10004564:	9306      	str	r3, [sp, #24]
10004566:	9b0b      	ldr	r3, [sp, #44]	@ 0x2c
10004568:	4659      	mov	r1, fp
1000456a:	9305      	str	r3, [sp, #20]
1000456c:	2300      	movs	r3, #0
1000456e:	9304      	str	r3, [sp, #16]
10004570:	330a      	adds	r3, #10
10004572:	9303      	str	r3, [sp, #12]
10004574:	9b0a      	ldr	r3, [sp, #40]	@ 0x28
10004576:	4648      	mov	r0, r9
10004578:	9302      	str	r3, [sp, #8]
1000457a:	ab10      	add	r3, sp, #64	@ 0x40
1000457c:	9300      	str	r3, [sp, #0]
1000457e:	9a08      	ldr	r2, [sp, #32]
10004580:	4643      	mov	r3, r8
10004582:	9501      	str	r5, [sp, #4]
10004584:	f7ff fbf8 	bl	10003d78 <_ntoa_format>
10004588:	9b0c      	ldr	r3, [sp, #48]	@ 0x30
1000458a:	2b00      	cmp	r3, #0
1000458c:	d02d      	beq.n	100045ea <_etoa+0x1de>
1000458e:	4653      	mov	r3, sl
10004590:	1ac4      	subs	r4, r0, r3
10004592:	9b25      	ldr	r3, [sp, #148]	@ 0x94
10004594:	42a3      	cmp	r3, r4
10004596:	d928      	bls.n	100045ea <_etoa+0x1de>
10004598:	464d      	mov	r5, r9
1000459a:	465f      	mov	r7, fp
1000459c:	4681      	mov	r9, r0
1000459e:	001e      	movs	r6, r3
100045a0:	4653      	mov	r3, sl
100045a2:	0039      	movs	r1, r7
100045a4:	191a      	adds	r2, r3, r4
100045a6:	2020      	movs	r0, #32
100045a8:	4643      	mov	r3, r8
100045aa:	3401      	adds	r4, #1
100045ac:	47a8      	blx	r5
100045ae:	42a6      	cmp	r6, r4
100045b0:	d8f6      	bhi.n	100045a0 <_etoa+0x194>
100045b2:	4653      	mov	r3, sl
100045b4:	4648      	mov	r0, r9
100045b6:	9925      	ldr	r1, [sp, #148]	@ 0x94
100045b8:	1ac2      	subs	r2, r0, r3
100045ba:	3201      	adds	r2, #1
100045bc:	2300      	movs	r3, #0
100045be:	4291      	cmp	r1, r2
100045c0:	d300      	bcc.n	100045c4 <_etoa+0x1b8>
100045c2:	e186      	b.n	100048d2 <_etoa+0x4c6>
100045c4:	3001      	adds	r0, #1
100045c6:	1818      	adds	r0, r3, r0
100045c8:	e00f      	b.n	100045ea <_etoa+0x1de>
100045ca:	9b26      	ldr	r3, [sp, #152]	@ 0x98
100045cc:	9304      	str	r3, [sp, #16]
100045ce:	9b25      	ldr	r3, [sp, #148]	@ 0x94
100045d0:	9303      	str	r3, [sp, #12]
100045d2:	9b24      	ldr	r3, [sp, #144]	@ 0x90
100045d4:	9302      	str	r3, [sp, #8]
100045d6:	9b22      	ldr	r3, [sp, #136]	@ 0x88
100045d8:	9c23      	ldr	r4, [sp, #140]	@ 0x8c
100045da:	9300      	str	r3, [sp, #0]
100045dc:	9401      	str	r4, [sp, #4]
100045de:	4643      	mov	r3, r8
100045e0:	4652      	mov	r2, sl
100045e2:	4659      	mov	r1, fp
100045e4:	4648      	mov	r0, r9
100045e6:	f7ff fcbd 	bl	10003f64 <_ftoa>
100045ea:	b019      	add	sp, #100	@ 0x64
100045ec:	bcf0      	pop	{r4, r5, r6, r7}
100045ee:	46bb      	mov	fp, r7
100045f0:	46b2      	mov	sl, r6
100045f2:	46a9      	mov	r9, r5
100045f4:	46a0      	mov	r8, r4
100045f6:	bdf0      	pop	{r4, r5, r6, r7, pc}
100045f8:	4301      	orrs	r1, r0
100045fa:	d12b      	bne.n	10004654 <_etoa+0x248>
100045fc:	9b0b      	ldr	r3, [sp, #44]	@ 0x2c
100045fe:	0022      	movs	r2, r4
10004600:	2b00      	cmp	r3, #0
10004602:	d100      	bne.n	10004606 <_etoa+0x1fa>
10004604:	e754      	b.n	100044b0 <_etoa+0xa4>
10004606:	2300      	movs	r3, #0
10004608:	930a      	str	r3, [sp, #40]	@ 0x28
1000460a:	9b24      	ldr	r3, [sp, #144]	@ 0x90
1000460c:	9a0a      	ldr	r2, [sp, #40]	@ 0x28
1000460e:	2400      	movs	r4, #0
10004610:	4293      	cmp	r3, r2
10004612:	dd00      	ble.n	10004616 <_etoa+0x20a>
10004614:	e185      	b.n	10004922 <_etoa+0x516>
10004616:	9822      	ldr	r0, [sp, #136]	@ 0x88
10004618:	9923      	ldr	r1, [sp, #140]	@ 0x8c
1000461a:	2200      	movs	r2, #0
1000461c:	2300      	movs	r3, #0
1000461e:	f7fe fe95 	bl	1000334c <__wrap___aeabi_dcmplt>
10004622:	2800      	cmp	r0, #0
10004624:	d000      	beq.n	10004628 <_etoa+0x21c>
10004626:	e135      	b.n	10004894 <_etoa+0x488>
10004628:	9b26      	ldr	r3, [sp, #152]	@ 0x98
1000462a:	4a08      	ldr	r2, [pc, #32]	@ (1000464c <_etoa+0x240>)
1000462c:	9402      	str	r4, [sp, #8]
1000462e:	401a      	ands	r2, r3
10004630:	2380      	movs	r3, #128	@ 0x80
10004632:	00db      	lsls	r3, r3, #3
10004634:	4313      	orrs	r3, r2
10004636:	9304      	str	r3, [sp, #16]
10004638:	9b25      	ldr	r3, [sp, #148]	@ 0x94
1000463a:	9303      	str	r3, [sp, #12]
1000463c:	9b08      	ldr	r3, [sp, #32]
1000463e:	9c09      	ldr	r4, [sp, #36]	@ 0x24
10004640:	e7cb      	b.n	100045da <_etoa+0x1ce>
10004642:	46c0      	nop			@ (mov r8, r8)
10004644:	7fefffff 	.word	0x7fefffff
10004648:	ffefffff 	.word	0xffefffff
1000464c:	fffff7ff 	.word	0xfffff7ff
10004650:	2306      	movs	r3, #6
10004652:	9324      	str	r3, [sp, #144]	@ 0x90
10004654:	4bb4      	ldr	r3, [pc, #720]	@ (10004928 <_etoa+0x51c>)
10004656:	0070      	lsls	r0, r6, #1
10004658:	469c      	mov	ip, r3
1000465a:	0d40      	lsrs	r0, r0, #21
1000465c:	4460      	add	r0, ip
1000465e:	f7fe fea1 	bl	100033a4 <__wrap___aeabi_i2d>
10004662:	4ab2      	ldr	r2, [pc, #712]	@ (1000492c <_etoa+0x520>)
10004664:	4bb2      	ldr	r3, [pc, #712]	@ (10004930 <_etoa+0x524>)
10004666:	f7fe fe2e 	bl	100032c6 <__wrap___aeabi_dmul>
1000466a:	4ab2      	ldr	r2, [pc, #712]	@ (10004934 <_etoa+0x528>)
1000466c:	4bb2      	ldr	r3, [pc, #712]	@ (10004938 <_etoa+0x52c>)
1000466e:	f7fe fe03 	bl	10003278 <__wrap___aeabi_dadd>
10004672:	0336      	lsls	r6, r6, #12
10004674:	4bb1      	ldr	r3, [pc, #708]	@ (1000493c <_etoa+0x530>)
10004676:	0b36      	lsrs	r6, r6, #12
10004678:	4333      	orrs	r3, r6
1000467a:	0004      	movs	r4, r0
1000467c:	000d      	movs	r5, r1
1000467e:	0038      	movs	r0, r7
10004680:	0019      	movs	r1, r3
10004682:	2200      	movs	r2, #0
10004684:	4bae      	ldr	r3, [pc, #696]	@ (10004940 <_etoa+0x534>)
10004686:	f7fe fdee 	bl	10003266 <__wrap___aeabi_dsub>
1000468a:	4aae      	ldr	r2, [pc, #696]	@ (10004944 <_etoa+0x538>)
1000468c:	4bae      	ldr	r3, [pc, #696]	@ (10004948 <_etoa+0x53c>)
1000468e:	f7fe fe1a 	bl	100032c6 <__wrap___aeabi_dmul>
10004692:	0002      	movs	r2, r0
10004694:	000b      	movs	r3, r1
10004696:	0020      	movs	r0, r4
10004698:	0029      	movs	r1, r5
1000469a:	f7fe fded 	bl	10003278 <__wrap___aeabi_dadd>
1000469e:	f7fe fe99 	bl	100033d4 <__wrap___aeabi_d2iz>
100046a2:	900a      	str	r0, [sp, #40]	@ 0x28
100046a4:	f7fe fe7e 	bl	100033a4 <__wrap___aeabi_i2d>
100046a8:	4aa8      	ldr	r2, [pc, #672]	@ (1000494c <_etoa+0x540>)
100046aa:	4ba9      	ldr	r3, [pc, #676]	@ (10004950 <_etoa+0x544>)
100046ac:	0004      	movs	r4, r0
100046ae:	000d      	movs	r5, r1
100046b0:	f7fe fe09 	bl	100032c6 <__wrap___aeabi_dmul>
100046b4:	2200      	movs	r2, #0
100046b6:	4ba7      	ldr	r3, [pc, #668]	@ (10004954 <_etoa+0x548>)
100046b8:	f7fe fdde 	bl	10003278 <__wrap___aeabi_dadd>
100046bc:	f7fe fe8a 	bl	100033d4 <__wrap___aeabi_d2iz>
100046c0:	4aa5      	ldr	r2, [pc, #660]	@ (10004958 <_etoa+0x54c>)
100046c2:	0006      	movs	r6, r0
100046c4:	4ba5      	ldr	r3, [pc, #660]	@ (1000495c <_etoa+0x550>)
100046c6:	0020      	movs	r0, r4
100046c8:	0029      	movs	r1, r5
100046ca:	f7fe fdfc 	bl	100032c6 <__wrap___aeabi_dmul>
100046ce:	0004      	movs	r4, r0
100046d0:	0030      	movs	r0, r6
100046d2:	000d      	movs	r5, r1
100046d4:	960c      	str	r6, [sp, #48]	@ 0x30
100046d6:	f7fe fe65 	bl	100033a4 <__wrap___aeabi_i2d>
100046da:	4aa1      	ldr	r2, [pc, #644]	@ (10004960 <_etoa+0x554>)
100046dc:	4ba1      	ldr	r3, [pc, #644]	@ (10004964 <_etoa+0x558>)
100046de:	f7fe fdf2 	bl	100032c6 <__wrap___aeabi_dmul>
100046e2:	0002      	movs	r2, r0
100046e4:	000b      	movs	r3, r1
100046e6:	0020      	movs	r0, r4
100046e8:	0029      	movs	r1, r5
100046ea:	f7fe fdbc 	bl	10003266 <__wrap___aeabi_dsub>
100046ee:	0002      	movs	r2, r0
100046f0:	000b      	movs	r3, r1
100046f2:	0006      	movs	r6, r0
100046f4:	000f      	movs	r7, r1
100046f6:	f7fe fde6 	bl	100032c6 <__wrap___aeabi_dmul>
100046fa:	0032      	movs	r2, r6
100046fc:	0004      	movs	r4, r0
100046fe:	000d      	movs	r5, r1
10004700:	003b      	movs	r3, r7
10004702:	0030      	movs	r0, r6
10004704:	0039      	movs	r1, r7
10004706:	f7fe fdb7 	bl	10003278 <__wrap___aeabi_dadd>
1000470a:	2200      	movs	r2, #0
1000470c:	900e      	str	r0, [sp, #56]	@ 0x38
1000470e:	910f      	str	r1, [sp, #60]	@ 0x3c
10004710:	4b95      	ldr	r3, [pc, #596]	@ (10004968 <_etoa+0x55c>)
10004712:	0020      	movs	r0, r4
10004714:	0029      	movs	r1, r5
10004716:	f7fe fdb8 	bl	1000328a <__wrap___aeabi_ddiv>
1000471a:	2200      	movs	r2, #0
1000471c:	4b93      	ldr	r3, [pc, #588]	@ (1000496c <_etoa+0x560>)
1000471e:	f7fe fdab 	bl	10003278 <__wrap___aeabi_dadd>
10004722:	0002      	movs	r2, r0
10004724:	000b      	movs	r3, r1
10004726:	0020      	movs	r0, r4
10004728:	0029      	movs	r1, r5
1000472a:	f7fe fdae 	bl	1000328a <__wrap___aeabi_ddiv>
1000472e:	2200      	movs	r2, #0
10004730:	4b8f      	ldr	r3, [pc, #572]	@ (10004970 <_etoa+0x564>)
10004732:	f7fe fda1 	bl	10003278 <__wrap___aeabi_dadd>
10004736:	0002      	movs	r2, r0
10004738:	000b      	movs	r3, r1
1000473a:	0020      	movs	r0, r4
1000473c:	0029      	movs	r1, r5
1000473e:	f7fe fda4 	bl	1000328a <__wrap___aeabi_ddiv>
10004742:	000d      	movs	r5, r1
10004744:	2180      	movs	r1, #128	@ 0x80
10004746:	0004      	movs	r4, r0
10004748:	0032      	movs	r2, r6
1000474a:	003b      	movs	r3, r7
1000474c:	2000      	movs	r0, #0
1000474e:	05c9      	lsls	r1, r1, #23
10004750:	f7fe fd89 	bl	10003266 <__wrap___aeabi_dsub>
10004754:	0002      	movs	r2, r0
10004756:	000b      	movs	r3, r1
10004758:	0020      	movs	r0, r4
1000475a:	0029      	movs	r1, r5
1000475c:	f7fe fd8c 	bl	10003278 <__wrap___aeabi_dadd>
10004760:	0002      	movs	r2, r0
10004762:	000b      	movs	r3, r1
10004764:	980e      	ldr	r0, [sp, #56]	@ 0x38
10004766:	990f      	ldr	r1, [sp, #60]	@ 0x3c
10004768:	f7fe fd8f 	bl	1000328a <__wrap___aeabi_ddiv>
1000476c:	2200      	movs	r2, #0
1000476e:	4b73      	ldr	r3, [pc, #460]	@ (1000493c <_etoa+0x530>)
10004770:	f7fe fd82 	bl	10003278 <__wrap___aeabi_dadd>
10004774:	4b7f      	ldr	r3, [pc, #508]	@ (10004974 <_etoa+0x568>)
10004776:	9c0c      	ldr	r4, [sp, #48]	@ 0x30
10004778:	469c      	mov	ip, r3
1000477a:	4464      	add	r4, ip
1000477c:	2200      	movs	r2, #0
1000477e:	0523      	lsls	r3, r4, #20
10004780:	f7fe fda1 	bl	100032c6 <__wrap___aeabi_dmul>
10004784:	0006      	movs	r6, r0
10004786:	000f      	movs	r7, r1
10004788:	0002      	movs	r2, r0
1000478a:	000b      	movs	r3, r1
1000478c:	9808      	ldr	r0, [sp, #32]
1000478e:	9909      	ldr	r1, [sp, #36]	@ 0x24
10004790:	f7fe fddc 	bl	1000334c <__wrap___aeabi_dcmplt>
10004794:	2800      	cmp	r0, #0
10004796:	d00a      	beq.n	100047ae <_etoa+0x3a2>
10004798:	9b0a      	ldr	r3, [sp, #40]	@ 0x28
1000479a:	0030      	movs	r0, r6
1000479c:	3b01      	subs	r3, #1
1000479e:	0039      	movs	r1, r7
100047a0:	930a      	str	r3, [sp, #40]	@ 0x28
100047a2:	2200      	movs	r2, #0
100047a4:	4b71      	ldr	r3, [pc, #452]	@ (1000496c <_etoa+0x560>)
100047a6:	f7fe fd70 	bl	1000328a <__wrap___aeabi_ddiv>
100047aa:	0006      	movs	r6, r0
100047ac:	000f      	movs	r7, r1
100047ae:	9a0a      	ldr	r2, [sp, #40]	@ 0x28
100047b0:	0033      	movs	r3, r6
100047b2:	3263      	adds	r2, #99	@ 0x63
100047b4:	0039      	movs	r1, r7
100047b6:	2ac6      	cmp	r2, #198	@ 0xc6
100047b8:	d812      	bhi.n	100047e0 <_etoa+0x3d4>
100047ba:	2202      	movs	r2, #2
100047bc:	9826      	ldr	r0, [sp, #152]	@ 0x98
100047be:	2504      	movs	r5, #4
100047c0:	4010      	ands	r0, r2
100047c2:	9a0b      	ldr	r2, [sp, #44]	@ 0x2c
100047c4:	900c      	str	r0, [sp, #48]	@ 0x30
100047c6:	2a00      	cmp	r2, #0
100047c8:	d125      	bne.n	10004816 <_etoa+0x40a>
100047ca:	9b25      	ldr	r3, [sp, #148]	@ 0x94
100047cc:	2b04      	cmp	r3, #4
100047ce:	d905      	bls.n	100047dc <_etoa+0x3d0>
100047d0:	2800      	cmp	r0, #0
100047d2:	d000      	beq.n	100047d6 <_etoa+0x3ca>
100047d4:	e0a1      	b.n	1000491a <_etoa+0x50e>
100047d6:	9b25      	ldr	r3, [sp, #148]	@ 0x94
100047d8:	3b04      	subs	r3, #4
100047da:	930b      	str	r3, [sp, #44]	@ 0x2c
100047dc:	2504      	movs	r5, #4
100047de:	e041      	b.n	10004864 <_etoa+0x458>
100047e0:	2202      	movs	r2, #2
100047e2:	9826      	ldr	r0, [sp, #152]	@ 0x98
100047e4:	4010      	ands	r0, r2
100047e6:	9a0b      	ldr	r2, [sp, #44]	@ 0x2c
100047e8:	900c      	str	r0, [sp, #48]	@ 0x30
100047ea:	2a00      	cmp	r2, #0
100047ec:	d112      	bne.n	10004814 <_etoa+0x408>
100047ee:	9b25      	ldr	r3, [sp, #148]	@ 0x94
100047f0:	2b05      	cmp	r3, #5
100047f2:	d976      	bls.n	100048e2 <_etoa+0x4d6>
100047f4:	2800      	cmp	r0, #0
100047f6:	d172      	bne.n	100048de <_etoa+0x4d2>
100047f8:	9b25      	ldr	r3, [sp, #148]	@ 0x94
100047fa:	2505      	movs	r5, #5
100047fc:	3b05      	subs	r3, #5
100047fe:	930b      	str	r3, [sp, #44]	@ 0x2c
10004800:	e034      	b.n	1000486c <_etoa+0x460>
10004802:	2280      	movs	r2, #128	@ 0x80
10004804:	0612      	lsls	r2, r2, #24
10004806:	4694      	mov	ip, r2
10004808:	9b22      	ldr	r3, [sp, #136]	@ 0x88
1000480a:	9308      	str	r3, [sp, #32]
1000480c:	9b23      	ldr	r3, [sp, #140]	@ 0x8c
1000480e:	4463      	add	r3, ip
10004810:	9309      	str	r3, [sp, #36]	@ 0x24
10004812:	e630      	b.n	10004476 <_etoa+0x6a>
10004814:	2505      	movs	r5, #5
10004816:	430b      	orrs	r3, r1
10004818:	d100      	bne.n	1000481c <_etoa+0x410>
1000481a:	e6f6      	b.n	1000460a <_etoa+0x1fe>
1000481c:	9808      	ldr	r0, [sp, #32]
1000481e:	9909      	ldr	r1, [sp, #36]	@ 0x24
10004820:	4a55      	ldr	r2, [pc, #340]	@ (10004978 <_etoa+0x56c>)
10004822:	4b56      	ldr	r3, [pc, #344]	@ (1000497c <_etoa+0x570>)
10004824:	f7fe fda0 	bl	10003368 <__wrap___aeabi_dcmpge>
10004828:	2800      	cmp	r0, #0
1000482a:	d008      	beq.n	1000483e <_etoa+0x432>
1000482c:	9808      	ldr	r0, [sp, #32]
1000482e:	9909      	ldr	r1, [sp, #36]	@ 0x24
10004830:	2200      	movs	r2, #0
10004832:	4b53      	ldr	r3, [pc, #332]	@ (10004980 <_etoa+0x574>)
10004834:	f7fe fd8a 	bl	1000334c <__wrap___aeabi_dcmplt>
10004838:	2800      	cmp	r0, #0
1000483a:	d000      	beq.n	1000483e <_etoa+0x432>
1000483c:	e6e5      	b.n	1000460a <_etoa+0x1fe>
1000483e:	9b24      	ldr	r3, [sp, #144]	@ 0x90
10004840:	2b00      	cmp	r3, #0
10004842:	d01c      	beq.n	1000487e <_etoa+0x472>
10004844:	9b0d      	ldr	r3, [sp, #52]	@ 0x34
10004846:	2b00      	cmp	r3, #0
10004848:	d019      	beq.n	1000487e <_etoa+0x472>
1000484a:	9b24      	ldr	r3, [sp, #144]	@ 0x90
1000484c:	3b01      	subs	r3, #1
1000484e:	9324      	str	r3, [sp, #144]	@ 0x90
10004850:	9b25      	ldr	r3, [sp, #148]	@ 0x94
10004852:	42ab      	cmp	r3, r5
10004854:	d904      	bls.n	10004860 <_etoa+0x454>
10004856:	9b0c      	ldr	r3, [sp, #48]	@ 0x30
10004858:	2b00      	cmp	r3, #0
1000485a:	d05a      	beq.n	10004912 <_etoa+0x506>
1000485c:	2302      	movs	r3, #2
1000485e:	930c      	str	r3, [sp, #48]	@ 0x30
10004860:	2300      	movs	r3, #0
10004862:	930b      	str	r3, [sp, #44]	@ 0x2c
10004864:	9b0a      	ldr	r3, [sp, #40]	@ 0x28
10004866:	2b00      	cmp	r3, #0
10004868:	d100      	bne.n	1000486c <_etoa+0x460>
1000486a:	e631      	b.n	100044d0 <_etoa+0xc4>
1000486c:	9808      	ldr	r0, [sp, #32]
1000486e:	9909      	ldr	r1, [sp, #36]	@ 0x24
10004870:	0032      	movs	r2, r6
10004872:	003b      	movs	r3, r7
10004874:	f7fe fd09 	bl	1000328a <__wrap___aeabi_ddiv>
10004878:	9008      	str	r0, [sp, #32]
1000487a:	9109      	str	r1, [sp, #36]	@ 0x24
1000487c:	e628      	b.n	100044d0 <_etoa+0xc4>
1000487e:	9b25      	ldr	r3, [sp, #148]	@ 0x94
10004880:	42ab      	cmp	r3, r5
10004882:	d9ed      	bls.n	10004860 <_etoa+0x454>
10004884:	9b0c      	ldr	r3, [sp, #48]	@ 0x30
10004886:	2b00      	cmp	r3, #0
10004888:	d043      	beq.n	10004912 <_etoa+0x506>
1000488a:	2300      	movs	r3, #0
1000488c:	930b      	str	r3, [sp, #44]	@ 0x2c
1000488e:	3302      	adds	r3, #2
10004890:	930c      	str	r3, [sp, #48]	@ 0x30
10004892:	e7e7      	b.n	10004864 <_etoa+0x458>
10004894:	2080      	movs	r0, #128	@ 0x80
10004896:	9b26      	ldr	r3, [sp, #152]	@ 0x98
10004898:	4a3a      	ldr	r2, [pc, #232]	@ (10004984 <_etoa+0x578>)
1000489a:	0600      	lsls	r0, r0, #24
1000489c:	401a      	ands	r2, r3
1000489e:	2380      	movs	r3, #128	@ 0x80
100048a0:	4684      	mov	ip, r0
100048a2:	9402      	str	r4, [sp, #8]
100048a4:	9c08      	ldr	r4, [sp, #32]
100048a6:	9d09      	ldr	r5, [sp, #36]	@ 0x24
100048a8:	0029      	movs	r1, r5
100048aa:	00db      	lsls	r3, r3, #3
100048ac:	4313      	orrs	r3, r2
100048ae:	9304      	str	r3, [sp, #16]
100048b0:	9b25      	ldr	r3, [sp, #148]	@ 0x94
100048b2:	4461      	add	r1, ip
100048b4:	0022      	movs	r2, r4
100048b6:	9303      	str	r3, [sp, #12]
100048b8:	000b      	movs	r3, r1
100048ba:	9200      	str	r2, [sp, #0]
100048bc:	9301      	str	r3, [sp, #4]
100048be:	e68e      	b.n	100045de <_etoa+0x1d2>
100048c0:	2405      	movs	r4, #5
100048c2:	e6a8      	b.n	10004616 <_etoa+0x20a>
100048c4:	2300      	movs	r3, #0
100048c6:	930b      	str	r3, [sp, #44]	@ 0x2c
100048c8:	930a      	str	r3, [sp, #40]	@ 0x28
100048ca:	3302      	adds	r3, #2
100048cc:	2504      	movs	r5, #4
100048ce:	930c      	str	r3, [sp, #48]	@ 0x30
100048d0:	e5fe      	b.n	100044d0 <_etoa+0xc4>
100048d2:	4653      	mov	r3, sl
100048d4:	468c      	mov	ip, r1
100048d6:	3b01      	subs	r3, #1
100048d8:	4463      	add	r3, ip
100048da:	1a1b      	subs	r3, r3, r0
100048dc:	e672      	b.n	100045c4 <_etoa+0x1b8>
100048de:	2302      	movs	r3, #2
100048e0:	930c      	str	r3, [sp, #48]	@ 0x30
100048e2:	2505      	movs	r5, #5
100048e4:	e7c2      	b.n	1000486c <_etoa+0x460>
100048e6:	2304      	movs	r3, #4
100048e8:	e5ed      	b.n	100044c6 <_etoa+0xba>
100048ea:	2080      	movs	r0, #128	@ 0x80
100048ec:	9e08      	ldr	r6, [sp, #32]
100048ee:	9f09      	ldr	r7, [sp, #36]	@ 0x24
100048f0:	0600      	lsls	r0, r0, #24
100048f2:	0039      	movs	r1, r7
100048f4:	4684      	mov	ip, r0
100048f6:	9a26      	ldr	r2, [sp, #152]	@ 0x98
100048f8:	4b22      	ldr	r3, [pc, #136]	@ (10004984 <_etoa+0x578>)
100048fa:	4461      	add	r1, ip
100048fc:	4013      	ands	r3, r2
100048fe:	9304      	str	r3, [sp, #16]
10004900:	9b0b      	ldr	r3, [sp, #44]	@ 0x2c
10004902:	0032      	movs	r2, r6
10004904:	9303      	str	r3, [sp, #12]
10004906:	9b24      	ldr	r3, [sp, #144]	@ 0x90
10004908:	9302      	str	r3, [sp, #8]
1000490a:	000b      	movs	r3, r1
1000490c:	9200      	str	r2, [sp, #0]
1000490e:	9301      	str	r3, [sp, #4]
10004910:	e5f3      	b.n	100044fa <_etoa+0xee>
10004912:	9b25      	ldr	r3, [sp, #148]	@ 0x94
10004914:	1b5b      	subs	r3, r3, r5
10004916:	930b      	str	r3, [sp, #44]	@ 0x2c
10004918:	e7a4      	b.n	10004864 <_etoa+0x458>
1000491a:	2302      	movs	r3, #2
1000491c:	2504      	movs	r5, #4
1000491e:	930c      	str	r3, [sp, #48]	@ 0x30
10004920:	e7a0      	b.n	10004864 <_etoa+0x458>
10004922:	1a9c      	subs	r4, r3, r2
10004924:	3c01      	subs	r4, #1
10004926:	e676      	b.n	10004616 <_etoa+0x20a>
10004928:	fffffc01 	.word	0xfffffc01
1000492c:	509f79fb 	.word	0x509f79fb
10004930:	3fd34413 	.word	0x3fd34413
10004934:	8b60c8b3 	.word	0x8b60c8b3
10004938:	3fc68a28 	.word	0x3fc68a28
1000493c:	3ff00000 	.word	0x3ff00000
10004940:	3ff80000 	.word	0x3ff80000
10004944:	636f4361 	.word	0x636f4361
10004948:	3fd287a7 	.word	0x3fd287a7
1000494c:	0979a371 	.word	0x0979a371
10004950:	400a934f 	.word	0x400a934f
10004954:	3fe00000 	.word	0x3fe00000
10004958:	bbb55516 	.word	0xbbb55516
1000495c:	40026bb1 	.word	0x40026bb1
10004960:	fefa39ef 	.word	0xfefa39ef
10004964:	3fe62e42 	.word	0x3fe62e42
10004968:	402c0000 	.word	0x402c0000
1000496c:	40240000 	.word	0x40240000
10004970:	40180000 	.word	0x40180000
10004974:	000003ff 	.word	0x000003ff
10004978:	eb1c432d 	.word	0xeb1c432d
1000497c:	3f1a36e2 	.word	0x3f1a36e2
10004980:	412e8480 	.word	0x412e8480
10004984:	fffff7ff 	.word	0xfffff7ff

10004988 <_vsnprintf>:
10004988:	b5f0      	push	{r4, r5, r6, r7, lr}
1000498a:	46de      	mov	lr, fp
1000498c:	4657      	mov	r7, sl
1000498e:	464e      	mov	r6, r9
10004990:	4645      	mov	r5, r8
10004992:	b5e0      	push	{r5, r6, r7, lr}
10004994:	b0a5      	sub	sp, #148	@ 0x94
10004996:	001e      	movs	r6, r3
10004998:	9b2e      	ldr	r3, [sp, #184]	@ 0xb8
1000499a:	4692      	mov	sl, r2
1000499c:	930c      	str	r3, [sp, #48]	@ 0x30
1000499e:	4acd      	ldr	r2, [pc, #820]	@ (10004cd4 <_vsnprintf+0x34c>)
100049a0:	4bcd      	ldr	r3, [pc, #820]	@ (10004cd8 <_vsnprintf+0x350>)
100049a2:	4680      	mov	r8, r0
100049a4:	468b      	mov	fp, r1
100049a6:	601a      	str	r2, [r3, #0]
100049a8:	2900      	cmp	r1, #0
100049aa:	d100      	bne.n	100049ae <_vsnprintf+0x26>
100049ac:	e1ea      	b.n	10004d84 <_vsnprintf+0x3fc>
100049ae:	2300      	movs	r3, #0
100049b0:	7830      	ldrb	r0, [r6, #0]
100049b2:	4699      	mov	r9, r3
100049b4:	2800      	cmp	r0, #0
100049b6:	d100      	bne.n	100049ba <_vsnprintf+0x32>
100049b8:	e1ec      	b.n	10004d94 <_vsnprintf+0x40c>
100049ba:	4bc8      	ldr	r3, [pc, #800]	@ (10004cdc <_vsnprintf+0x354>)
100049bc:	464c      	mov	r4, r9
100049be:	930b      	str	r3, [sp, #44]	@ 0x2c
100049c0:	4bc7      	ldr	r3, [pc, #796]	@ (10004ce0 <_vsnprintf+0x358>)
100049c2:	4645      	mov	r5, r8
100049c4:	4657      	mov	r7, sl
100049c6:	930e      	str	r3, [sp, #56]	@ 0x38
100049c8:	e00a      	b.n	100049e0 <_vsnprintf+0x58>
100049ca:	1c63      	adds	r3, r4, #1
100049cc:	4698      	mov	r8, r3
100049ce:	0022      	movs	r2, r4
100049d0:	003b      	movs	r3, r7
100049d2:	4659      	mov	r1, fp
100049d4:	47a8      	blx	r5
100049d6:	4644      	mov	r4, r8
100049d8:	7830      	ldrb	r0, [r6, #0]
100049da:	2800      	cmp	r0, #0
100049dc:	d100      	bne.n	100049e0 <_vsnprintf+0x58>
100049de:	e087      	b.n	10004af0 <_vsnprintf+0x168>
100049e0:	3601      	adds	r6, #1
100049e2:	2825      	cmp	r0, #37	@ 0x25
100049e4:	d1f1      	bne.n	100049ca <_vsnprintf+0x42>
100049e6:	2308      	movs	r3, #8
100049e8:	469a      	mov	sl, r3
100049ea:	3b04      	subs	r3, #4
100049ec:	4699      	mov	r9, r3
100049ee:	3b02      	subs	r3, #2
100049f0:	4698      	mov	r8, r3
100049f2:	3b01      	subs	r3, #1
100049f4:	2200      	movs	r2, #0
100049f6:	469c      	mov	ip, r3
100049f8:	940d      	str	r4, [sp, #52]	@ 0x34
100049fa:	7830      	ldrb	r0, [r6, #0]
100049fc:	1c71      	adds	r1, r6, #1
100049fe:	0003      	movs	r3, r0
10004a00:	3b20      	subs	r3, #32
10004a02:	b2db      	uxtb	r3, r3
10004a04:	2b10      	cmp	r3, #16
10004a06:	d803      	bhi.n	10004a10 <_vsnprintf+0x88>
10004a08:	9c0b      	ldr	r4, [sp, #44]	@ 0x2c
10004a0a:	009b      	lsls	r3, r3, #2
10004a0c:	58e3      	ldr	r3, [r4, r3]
10004a0e:	469f      	mov	pc, r3
10004a10:	0003      	movs	r3, r0
10004a12:	3b30      	subs	r3, #48	@ 0x30
10004a14:	4689      	mov	r9, r1
10004a16:	9c0d      	ldr	r4, [sp, #52]	@ 0x34
10004a18:	2b09      	cmp	r3, #9
10004a1a:	d93a      	bls.n	10004a92 <_vsnprintf+0x10a>
10004a1c:	2300      	movs	r3, #0
10004a1e:	4698      	mov	r8, r3
10004a20:	282a      	cmp	r0, #42	@ 0x2a
10004a22:	d100      	bne.n	10004a26 <_vsnprintf+0x9e>
10004a24:	e0c1      	b.n	10004baa <_vsnprintf+0x222>
10004a26:	2300      	movs	r3, #0
10004a28:	469a      	mov	sl, r3
10004a2a:	282e      	cmp	r0, #46	@ 0x2e
10004a2c:	d04b      	beq.n	10004ac6 <_vsnprintf+0x13e>
10004a2e:	0003      	movs	r3, r0
10004a30:	3b68      	subs	r3, #104	@ 0x68
10004a32:	b2db      	uxtb	r3, r3
10004a34:	2b12      	cmp	r3, #18
10004a36:	d81e      	bhi.n	10004a76 <_vsnprintf+0xee>
10004a38:	990e      	ldr	r1, [sp, #56]	@ 0x38
10004a3a:	009b      	lsls	r3, r3, #2
10004a3c:	58cb      	ldr	r3, [r1, r3]
10004a3e:	469f      	mov	pc, r3
10004a40:	4663      	mov	r3, ip
10004a42:	000e      	movs	r6, r1
10004a44:	431a      	orrs	r2, r3
10004a46:	e7d8      	b.n	100049fa <_vsnprintf+0x72>
10004a48:	4643      	mov	r3, r8
10004a4a:	000e      	movs	r6, r1
10004a4c:	431a      	orrs	r2, r3
10004a4e:	e7d4      	b.n	100049fa <_vsnprintf+0x72>
10004a50:	464b      	mov	r3, r9
10004a52:	000e      	movs	r6, r1
10004a54:	431a      	orrs	r2, r3
10004a56:	e7d0      	b.n	100049fa <_vsnprintf+0x72>
10004a58:	2310      	movs	r3, #16
10004a5a:	000e      	movs	r6, r1
10004a5c:	431a      	orrs	r2, r3
10004a5e:	e7cc      	b.n	100049fa <_vsnprintf+0x72>
10004a60:	4653      	mov	r3, sl
10004a62:	000e      	movs	r6, r1
10004a64:	431a      	orrs	r2, r3
10004a66:	e7c8      	b.n	100049fa <_vsnprintf+0x72>
10004a68:	2380      	movs	r3, #128	@ 0x80
10004a6a:	005b      	lsls	r3, r3, #1
10004a6c:	431a      	orrs	r2, r3
10004a6e:	3bff      	subs	r3, #255	@ 0xff
10004a70:	469c      	mov	ip, r3
10004a72:	7870      	ldrb	r0, [r6, #1]
10004a74:	44e1      	add	r9, ip
10004a76:	464e      	mov	r6, r9
10004a78:	2867      	cmp	r0, #103	@ 0x67
10004a7a:	d84f      	bhi.n	10004b1c <_vsnprintf+0x194>
10004a7c:	2824      	cmp	r0, #36	@ 0x24
10004a7e:	d9a4      	bls.n	100049ca <_vsnprintf+0x42>
10004a80:	0003      	movs	r3, r0
10004a82:	3b25      	subs	r3, #37	@ 0x25
10004a84:	b2db      	uxtb	r3, r3
10004a86:	2b42      	cmp	r3, #66	@ 0x42
10004a88:	d89f      	bhi.n	100049ca <_vsnprintf+0x42>
10004a8a:	4996      	ldr	r1, [pc, #600]	@ (10004ce4 <_vsnprintf+0x35c>)
10004a8c:	009b      	lsls	r3, r3, #2
10004a8e:	58cb      	ldr	r3, [r1, r3]
10004a90:	469f      	mov	pc, r3
10004a92:	2300      	movs	r3, #0
10004a94:	4694      	mov	ip, r2
10004a96:	001e      	movs	r6, r3
10004a98:	e000      	b.n	10004a9c <_vsnprintf+0x114>
10004a9a:	3101      	adds	r1, #1
10004a9c:	00b3      	lsls	r3, r6, #2
10004a9e:	199b      	adds	r3, r3, r6
10004aa0:	005b      	lsls	r3, r3, #1
10004aa2:	181e      	adds	r6, r3, r0
10004aa4:	7808      	ldrb	r0, [r1, #0]
10004aa6:	3e30      	subs	r6, #48	@ 0x30
10004aa8:	0003      	movs	r3, r0
10004aaa:	3b30      	subs	r3, #48	@ 0x30
10004aac:	2b09      	cmp	r3, #9
10004aae:	d9f4      	bls.n	10004a9a <_vsnprintf+0x112>
10004ab0:	2301      	movs	r3, #1
10004ab2:	4662      	mov	r2, ip
10004ab4:	4689      	mov	r9, r1
10004ab6:	469c      	mov	ip, r3
10004ab8:	2300      	movs	r3, #0
10004aba:	46b0      	mov	r8, r6
10004abc:	469a      	mov	sl, r3
10004abe:	000e      	movs	r6, r1
10004ac0:	44e1      	add	r9, ip
10004ac2:	282e      	cmp	r0, #46	@ 0x2e
10004ac4:	d1b3      	bne.n	10004a2e <_vsnprintf+0xa6>
10004ac6:	2130      	movs	r1, #48	@ 0x30
10004ac8:	2080      	movs	r0, #128	@ 0x80
10004aca:	4249      	negs	r1, r1
10004acc:	468c      	mov	ip, r1
10004ace:	00c0      	lsls	r0, r0, #3
10004ad0:	4302      	orrs	r2, r0
10004ad2:	7870      	ldrb	r0, [r6, #1]
10004ad4:	464b      	mov	r3, r9
10004ad6:	4484      	add	ip, r0
10004ad8:	4661      	mov	r1, ip
10004ada:	2909      	cmp	r1, #9
10004adc:	d800      	bhi.n	10004ae0 <_vsnprintf+0x158>
10004ade:	e16c      	b.n	10004dba <_vsnprintf+0x432>
10004ae0:	282a      	cmp	r0, #42	@ 0x2a
10004ae2:	d100      	bne.n	10004ae6 <_vsnprintf+0x15e>
10004ae4:	e17a      	b.n	10004ddc <_vsnprintf+0x454>
10004ae6:	2301      	movs	r3, #1
10004ae8:	469c      	mov	ip, r3
10004aea:	464e      	mov	r6, r9
10004aec:	44e1      	add	r9, ip
10004aee:	e79e      	b.n	10004a2e <_vsnprintf+0xa6>
10004af0:	46a1      	mov	r9, r4
10004af2:	46a8      	mov	r8, r5
10004af4:	46ba      	mov	sl, r7
10004af6:	45ca      	cmp	sl, r9
10004af8:	d803      	bhi.n	10004b02 <_vsnprintf+0x17a>
10004afa:	2301      	movs	r3, #1
10004afc:	425b      	negs	r3, r3
10004afe:	4453      	add	r3, sl
10004b00:	4699      	mov	r9, r3
10004b02:	4653      	mov	r3, sl
10004b04:	464a      	mov	r2, r9
10004b06:	4659      	mov	r1, fp
10004b08:	2000      	movs	r0, #0
10004b0a:	47c0      	blx	r8
10004b0c:	0020      	movs	r0, r4
10004b0e:	b025      	add	sp, #148	@ 0x94
10004b10:	bcf0      	pop	{r4, r5, r6, r7}
10004b12:	46bb      	mov	fp, r7
10004b14:	46b2      	mov	sl, r6
10004b16:	46a9      	mov	r9, r5
10004b18:	46a0      	mov	r8, r4
10004b1a:	bdf0      	pop	{r4, r5, r6, r7, pc}
10004b1c:	0003      	movs	r3, r0
10004b1e:	3b69      	subs	r3, #105	@ 0x69
10004b20:	b2db      	uxtb	r3, r3
10004b22:	930d      	str	r3, [sp, #52]	@ 0x34
10004b24:	2b0f      	cmp	r3, #15
10004b26:	d900      	bls.n	10004b2a <_vsnprintf+0x1a2>
10004b28:	e74f      	b.n	100049ca <_vsnprintf+0x42>
10004b2a:	2101      	movs	r1, #1
10004b2c:	4099      	lsls	r1, r3
10004b2e:	468c      	mov	ip, r1
10004b30:	496d      	ldr	r1, [pc, #436]	@ (10004ce8 <_vsnprintf+0x360>)
10004b32:	4689      	mov	r9, r1
10004b34:	4661      	mov	r1, ip
10004b36:	464b      	mov	r3, r9
10004b38:	4019      	ands	r1, r3
10004b3a:	910f      	str	r1, [sp, #60]	@ 0x3c
10004b3c:	4663      	mov	r3, ip
10004b3e:	4649      	mov	r1, r9
10004b40:	420b      	tst	r3, r1
10004b42:	d000      	beq.n	10004b46 <_vsnprintf+0x1be>
10004b44:	e128      	b.n	10004d98 <_vsnprintf+0x410>
10004b46:	9b0d      	ldr	r3, [sp, #52]	@ 0x34
10004b48:	2b0a      	cmp	r3, #10
10004b4a:	d03a      	beq.n	10004bc2 <_vsnprintf+0x23a>
10004b4c:	2b07      	cmp	r3, #7
10004b4e:	d000      	beq.n	10004b52 <_vsnprintf+0x1ca>
10004b50:	e73b      	b.n	100049ca <_vsnprintf+0x42>
10004b52:	9b0c      	ldr	r3, [sp, #48]	@ 0x30
10004b54:	0019      	movs	r1, r3
10004b56:	c908      	ldmia	r1!, {r3}
10004b58:	4688      	mov	r8, r1
10004b5a:	2b00      	cmp	r3, #0
10004b5c:	d100      	bne.n	10004b60 <_vsnprintf+0x1d8>
10004b5e:	e14b      	b.n	10004df8 <_vsnprintf+0x470>
10004b60:	2021      	movs	r0, #33	@ 0x21
10004b62:	4302      	orrs	r2, r0
10004b64:	4691      	mov	r9, r2
10004b66:	a914      	add	r1, sp, #80	@ 0x50
10004b68:	468c      	mov	ip, r1
10004b6a:	221f      	movs	r2, #31
10004b6c:	210f      	movs	r1, #15
10004b6e:	4462      	add	r2, ip
10004b70:	468c      	mov	ip, r1
10004b72:	4651      	mov	r1, sl
10004b74:	950d      	str	r5, [sp, #52]	@ 0x34
10004b76:	910c      	str	r1, [sp, #48]	@ 0x30
10004b78:	46a2      	mov	sl, r4
10004b7a:	0015      	movs	r5, r2
10004b7c:	990f      	ldr	r1, [sp, #60]	@ 0x3c
10004b7e:	e002      	b.n	10004b86 <_vsnprintf+0x1fe>
10004b80:	2920      	cmp	r1, #32
10004b82:	d00c      	beq.n	10004b9e <_vsnprintf+0x216>
10004b84:	0013      	movs	r3, r2
10004b86:	4664      	mov	r4, ip
10004b88:	401c      	ands	r4, r3
10004b8a:	0020      	movs	r0, r4
10004b8c:	3037      	adds	r0, #55	@ 0x37
10004b8e:	2c09      	cmp	r4, #9
10004b90:	d800      	bhi.n	10004b94 <_vsnprintf+0x20c>
10004b92:	3807      	subs	r0, #7
10004b94:	3101      	adds	r1, #1
10004b96:	5468      	strb	r0, [r5, r1]
10004b98:	091a      	lsrs	r2, r3, #4
10004b9a:	2b0f      	cmp	r3, #15
10004b9c:	d8f0      	bhi.n	10004b80 <_vsnprintf+0x1f8>
10004b9e:	9b0c      	ldr	r3, [sp, #48]	@ 0x30
10004ba0:	4654      	mov	r4, sl
10004ba2:	9d0d      	ldr	r5, [sp, #52]	@ 0x34
10004ba4:	469a      	mov	sl, r3
10004ba6:	910f      	str	r1, [sp, #60]	@ 0x3c
10004ba8:	e133      	b.n	10004e12 <_vsnprintf+0x48a>
10004baa:	9b0c      	ldr	r3, [sp, #48]	@ 0x30
10004bac:	cb02      	ldmia	r3!, {r1}
10004bae:	4688      	mov	r8, r1
10004bb0:	2900      	cmp	r1, #0
10004bb2:	db47      	blt.n	10004c44 <_vsnprintf+0x2bc>
10004bb4:	930c      	str	r3, [sp, #48]	@ 0x30
10004bb6:	2301      	movs	r3, #1
10004bb8:	469c      	mov	ip, r3
10004bba:	7870      	ldrb	r0, [r6, #1]
10004bbc:	464e      	mov	r6, r9
10004bbe:	44e1      	add	r9, ip
10004bc0:	e731      	b.n	10004a26 <_vsnprintf+0x9e>
10004bc2:	9b0c      	ldr	r3, [sp, #48]	@ 0x30
10004bc4:	cb02      	ldmia	r3!, {r1}
10004bc6:	9314      	str	r3, [sp, #80]	@ 0x50
10004bc8:	4653      	mov	r3, sl
10004bca:	2b00      	cmp	r3, #0
10004bcc:	d100      	bne.n	10004bd0 <_vsnprintf+0x248>
10004bce:	e138      	b.n	10004e42 <_vsnprintf+0x4ba>
10004bd0:	469c      	mov	ip, r3
10004bd2:	7808      	ldrb	r0, [r1, #0]
10004bd4:	000b      	movs	r3, r1
10004bd6:	900c      	str	r0, [sp, #48]	@ 0x30
10004bd8:	448c      	add	ip, r1
10004bda:	2800      	cmp	r0, #0
10004bdc:	d101      	bne.n	10004be2 <_vsnprintf+0x25a>
10004bde:	f000 fc98 	bl	10005512 <_vsnprintf+0xb8a>
10004be2:	4689      	mov	r9, r1
10004be4:	4661      	mov	r1, ip
10004be6:	4694      	mov	ip, r2
10004be8:	e003      	b.n	10004bf2 <_vsnprintf+0x26a>
10004bea:	785a      	ldrb	r2, [r3, #1]
10004bec:	3301      	adds	r3, #1
10004bee:	2a00      	cmp	r2, #0
10004bf0:	d001      	beq.n	10004bf6 <_vsnprintf+0x26e>
10004bf2:	428b      	cmp	r3, r1
10004bf4:	d1f9      	bne.n	10004bea <_vsnprintf+0x262>
10004bf6:	4649      	mov	r1, r9
10004bf8:	4662      	mov	r2, ip
10004bfa:	1a5b      	subs	r3, r3, r1
10004bfc:	900c      	str	r0, [sp, #48]	@ 0x30
10004bfe:	930f      	str	r3, [sp, #60]	@ 0x3c
10004c00:	0553      	lsls	r3, r2, #21
10004c02:	d500      	bpl.n	10004c06 <_vsnprintf+0x27e>
10004c04:	e120      	b.n	10004e48 <_vsnprintf+0x4c0>
10004c06:	2302      	movs	r3, #2
10004c08:	0018      	movs	r0, r3
10004c0a:	4010      	ands	r0, r2
10004c0c:	900d      	str	r0, [sp, #52]	@ 0x34
10004c0e:	4213      	tst	r3, r2
10004c10:	d100      	bne.n	10004c14 <_vsnprintf+0x28c>
10004c12:	e3cb      	b.n	100053ac <_vsnprintf+0xa24>
10004c14:	930d      	str	r3, [sp, #52]	@ 0x34
10004c16:	1b0b      	subs	r3, r1, r4
10004c18:	46b1      	mov	r9, r6
10004c1a:	469a      	mov	sl, r3
10004c1c:	465e      	mov	r6, fp
10004c1e:	980c      	ldr	r0, [sp, #48]	@ 0x30
10004c20:	0022      	movs	r2, r4
10004c22:	003b      	movs	r3, r7
10004c24:	0031      	movs	r1, r6
10004c26:	47a8      	blx	r5
10004c28:	4653      	mov	r3, sl
10004c2a:	3401      	adds	r4, #1
10004c2c:	5d18      	ldrb	r0, [r3, r4]
10004c2e:	2800      	cmp	r0, #0
10004c30:	d1f6      	bne.n	10004c20 <_vsnprintf+0x298>
10004c32:	46b3      	mov	fp, r6
10004c34:	464e      	mov	r6, r9
10004c36:	9b0d      	ldr	r3, [sp, #52]	@ 0x34
10004c38:	2b00      	cmp	r3, #0
10004c3a:	d000      	beq.n	10004c3e <_vsnprintf+0x2b6>
10004c3c:	e1c7      	b.n	10004fce <_vsnprintf+0x646>
10004c3e:	9b14      	ldr	r3, [sp, #80]	@ 0x50
10004c40:	930c      	str	r3, [sp, #48]	@ 0x30
10004c42:	e6c9      	b.n	100049d8 <_vsnprintf+0x50>
10004c44:	930c      	str	r3, [sp, #48]	@ 0x30
10004c46:	2301      	movs	r3, #1
10004c48:	469c      	mov	ip, r3
10004c4a:	3828      	subs	r0, #40	@ 0x28
10004c4c:	4249      	negs	r1, r1
10004c4e:	4302      	orrs	r2, r0
10004c50:	4688      	mov	r8, r1
10004c52:	7870      	ldrb	r0, [r6, #1]
10004c54:	464e      	mov	r6, r9
10004c56:	44e1      	add	r9, ip
10004c58:	e6e5      	b.n	10004a26 <_vsnprintf+0x9e>
10004c5a:	7870      	ldrb	r0, [r6, #1]
10004c5c:	286c      	cmp	r0, #108	@ 0x6c
10004c5e:	d100      	bne.n	10004c62 <_vsnprintf+0x2da>
10004c60:	e17f      	b.n	10004f62 <_vsnprintf+0x5da>
10004c62:	2380      	movs	r3, #128	@ 0x80
10004c64:	005b      	lsls	r3, r3, #1
10004c66:	431a      	orrs	r2, r3
10004c68:	3bff      	subs	r3, #255	@ 0xff
10004c6a:	469c      	mov	ip, r3
10004c6c:	44e1      	add	r9, ip
10004c6e:	e702      	b.n	10004a76 <_vsnprintf+0xee>
10004c70:	2380      	movs	r3, #128	@ 0x80
10004c72:	009b      	lsls	r3, r3, #2
10004c74:	431a      	orrs	r2, r3
10004c76:	2301      	movs	r3, #1
10004c78:	469c      	mov	ip, r3
10004c7a:	7870      	ldrb	r0, [r6, #1]
10004c7c:	44e1      	add	r9, ip
10004c7e:	e6fa      	b.n	10004a76 <_vsnprintf+0xee>
10004c80:	7870      	ldrb	r0, [r6, #1]
10004c82:	2868      	cmp	r0, #104	@ 0x68
10004c84:	d100      	bne.n	10004c88 <_vsnprintf+0x300>
10004c86:	e173      	b.n	10004f70 <_vsnprintf+0x5e8>
10004c88:	2380      	movs	r3, #128	@ 0x80
10004c8a:	431a      	orrs	r2, r3
10004c8c:	3b7f      	subs	r3, #127	@ 0x7f
10004c8e:	469c      	mov	ip, r3
10004c90:	44e1      	add	r9, ip
10004c92:	e6f0      	b.n	10004a76 <_vsnprintf+0xee>
10004c94:	2867      	cmp	r0, #103	@ 0x67
10004c96:	d100      	bne.n	10004c9a <_vsnprintf+0x312>
10004c98:	e103      	b.n	10004ea2 <_vsnprintf+0x51a>
10004c9a:	2847      	cmp	r0, #71	@ 0x47
10004c9c:	d100      	bne.n	10004ca0 <_vsnprintf+0x318>
10004c9e:	e15a      	b.n	10004f56 <_vsnprintf+0x5ce>
10004ca0:	2845      	cmp	r0, #69	@ 0x45
10004ca2:	d100      	bne.n	10004ca6 <_vsnprintf+0x31e>
10004ca4:	e15a      	b.n	10004f5c <_vsnprintf+0x5d4>
10004ca6:	9204      	str	r2, [sp, #16]
10004ca8:	2107      	movs	r1, #7
10004caa:	4642      	mov	r2, r8
10004cac:	9b0c      	ldr	r3, [sp, #48]	@ 0x30
10004cae:	9203      	str	r2, [sp, #12]
10004cb0:	3307      	adds	r3, #7
10004cb2:	4652      	mov	r2, sl
10004cb4:	438b      	bics	r3, r1
10004cb6:	0019      	movs	r1, r3
10004cb8:	9202      	str	r2, [sp, #8]
10004cba:	c90c      	ldmia	r1!, {r2, r3}
10004cbc:	0028      	movs	r0, r5
10004cbe:	9200      	str	r2, [sp, #0]
10004cc0:	9301      	str	r3, [sp, #4]
10004cc2:	910c      	str	r1, [sp, #48]	@ 0x30
10004cc4:	0022      	movs	r2, r4
10004cc6:	003b      	movs	r3, r7
10004cc8:	4659      	mov	r1, fp
10004cca:	f7ff fb9f 	bl	1000440c <_etoa>
10004cce:	0004      	movs	r4, r0
10004cd0:	e682      	b.n	100049d8 <_vsnprintf+0x50>
10004cd2:	46c0      	nop			@ (mov r8, r8)
10004cd4:	10004989 	.word	0x10004989
10004cd8:	20001f94 	.word	0x20001f94
10004cdc:	10008b2c 	.word	0x10008b2c
10004ce0:	10008b70 	.word	0x10008b70
10004ce4:	10008bbc 	.word	0x10008bbc
10004ce8:	00009041 	.word	0x00009041
10004cec:	2846      	cmp	r0, #70	@ 0x46
10004cee:	d100      	bne.n	10004cf2 <_vsnprintf+0x36a>
10004cf0:	e0db      	b.n	10004eaa <_vsnprintf+0x522>
10004cf2:	9204      	str	r2, [sp, #16]
10004cf4:	2107      	movs	r1, #7
10004cf6:	4642      	mov	r2, r8
10004cf8:	9b0c      	ldr	r3, [sp, #48]	@ 0x30
10004cfa:	9203      	str	r2, [sp, #12]
10004cfc:	3307      	adds	r3, #7
10004cfe:	4652      	mov	r2, sl
10004d00:	438b      	bics	r3, r1
10004d02:	0019      	movs	r1, r3
10004d04:	9202      	str	r2, [sp, #8]
10004d06:	c90c      	ldmia	r1!, {r2, r3}
10004d08:	0028      	movs	r0, r5
10004d0a:	9200      	str	r2, [sp, #0]
10004d0c:	9301      	str	r3, [sp, #4]
10004d0e:	910c      	str	r1, [sp, #48]	@ 0x30
10004d10:	0022      	movs	r2, r4
10004d12:	003b      	movs	r3, r7
10004d14:	4659      	mov	r1, fp
10004d16:	f7ff f925 	bl	10003f64 <_ftoa>
10004d1a:	0004      	movs	r4, r0
10004d1c:	e65c      	b.n	100049d8 <_vsnprintf+0x50>
10004d1e:	1c63      	adds	r3, r4, #1
10004d20:	4698      	mov	r8, r3
10004d22:	0022      	movs	r2, r4
10004d24:	003b      	movs	r3, r7
10004d26:	4659      	mov	r1, fp
10004d28:	2025      	movs	r0, #37	@ 0x25
10004d2a:	47a8      	blx	r5
10004d2c:	4644      	mov	r4, r8
10004d2e:	e653      	b.n	100049d8 <_vsnprintf+0x50>
10004d30:	9b0c      	ldr	r3, [sp, #48]	@ 0x30
10004d32:	3304      	adds	r3, #4
10004d34:	930d      	str	r3, [sp, #52]	@ 0x34
10004d36:	1c63      	adds	r3, r4, #1
10004d38:	4699      	mov	r9, r3
10004d3a:	0792      	lsls	r2, r2, #30
10004d3c:	d400      	bmi.n	10004d40 <_vsnprintf+0x3b8>
10004d3e:	e122      	b.n	10004f86 <_vsnprintf+0x5fe>
10004d40:	9b0c      	ldr	r3, [sp, #48]	@ 0x30
10004d42:	0022      	movs	r2, r4
10004d44:	7818      	ldrb	r0, [r3, #0]
10004d46:	4659      	mov	r1, fp
10004d48:	003b      	movs	r3, r7
10004d4a:	47a8      	blx	r5
10004d4c:	4643      	mov	r3, r8
10004d4e:	4444      	add	r4, r8
10004d50:	2b01      	cmp	r3, #1
10004d52:	d800      	bhi.n	10004d56 <_vsnprintf+0x3ce>
10004d54:	e285      	b.n	10005262 <_vsnprintf+0x8da>
10004d56:	0033      	movs	r3, r6
10004d58:	46b8      	mov	r8, r7
10004d5a:	002e      	movs	r6, r5
10004d5c:	465f      	mov	r7, fp
10004d5e:	0025      	movs	r5, r4
10004d60:	464c      	mov	r4, r9
10004d62:	4699      	mov	r9, r3
10004d64:	0022      	movs	r2, r4
10004d66:	4643      	mov	r3, r8
10004d68:	3401      	adds	r4, #1
10004d6a:	0039      	movs	r1, r7
10004d6c:	2020      	movs	r0, #32
10004d6e:	47b0      	blx	r6
10004d70:	42ac      	cmp	r4, r5
10004d72:	d1f7      	bne.n	10004d64 <_vsnprintf+0x3dc>
10004d74:	002c      	movs	r4, r5
10004d76:	46bb      	mov	fp, r7
10004d78:	0035      	movs	r5, r6
10004d7a:	4647      	mov	r7, r8
10004d7c:	464e      	mov	r6, r9
10004d7e:	9b0d      	ldr	r3, [sp, #52]	@ 0x34
10004d80:	930c      	str	r3, [sp, #48]	@ 0x30
10004d82:	e629      	b.n	100049d8 <_vsnprintf+0x50>
10004d84:	4bdb      	ldr	r3, [pc, #876]	@ (100050f4 <_vsnprintf+0x76c>)
10004d86:	7830      	ldrb	r0, [r6, #0]
10004d88:	4698      	mov	r8, r3
10004d8a:	2300      	movs	r3, #0
10004d8c:	4699      	mov	r9, r3
10004d8e:	2800      	cmp	r0, #0
10004d90:	d000      	beq.n	10004d94 <_vsnprintf+0x40c>
10004d92:	e612      	b.n	100049ba <_vsnprintf+0x32>
10004d94:	2400      	movs	r4, #0
10004d96:	e6ae      	b.n	10004af6 <_vsnprintf+0x16e>
10004d98:	286f      	cmp	r0, #111	@ 0x6f
10004d9a:	d100      	bne.n	10004d9e <_vsnprintf+0x416>
10004d9c:	e088      	b.n	10004eb0 <_vsnprintf+0x528>
10004d9e:	d800      	bhi.n	10004da2 <_vsnprintf+0x41a>
10004da0:	e30b      	b.n	100053ba <_vsnprintf+0xa32>
10004da2:	2310      	movs	r3, #16
10004da4:	2878      	cmp	r0, #120	@ 0x78
10004da6:	d100      	bne.n	10004daa <_vsnprintf+0x422>
10004da8:	e0cf      	b.n	10004f4a <_vsnprintf+0x5c2>
10004daa:	439a      	bics	r2, r3
10004dac:	230a      	movs	r3, #10
10004dae:	469c      	mov	ip, r3
10004db0:	2300      	movs	r3, #0
10004db2:	930f      	str	r3, [sp, #60]	@ 0x3c
10004db4:	330a      	adds	r3, #10
10004db6:	930d      	str	r3, [sp, #52]	@ 0x34
10004db8:	e080      	b.n	10004ebc <_vsnprintf+0x534>
10004dba:	4656      	mov	r6, sl
10004dbc:	00b1      	lsls	r1, r6, #2
10004dbe:	1989      	adds	r1, r1, r6
10004dc0:	0049      	lsls	r1, r1, #1
10004dc2:	3301      	adds	r3, #1
10004dc4:	180e      	adds	r6, r1, r0
10004dc6:	7818      	ldrb	r0, [r3, #0]
10004dc8:	3e30      	subs	r6, #48	@ 0x30
10004dca:	0001      	movs	r1, r0
10004dcc:	3930      	subs	r1, #48	@ 0x30
10004dce:	2909      	cmp	r1, #9
10004dd0:	d9f4      	bls.n	10004dbc <_vsnprintf+0x434>
10004dd2:	46b2      	mov	sl, r6
10004dd4:	001e      	movs	r6, r3
10004dd6:	3301      	adds	r3, #1
10004dd8:	4699      	mov	r9, r3
10004dda:	e628      	b.n	10004a2e <_vsnprintf+0xa6>
10004ddc:	9b0c      	ldr	r3, [sp, #48]	@ 0x30
10004dde:	3602      	adds	r6, #2
10004de0:	cb02      	ldmia	r3!, {r1}
10004de2:	468a      	mov	sl, r1
10004de4:	43c9      	mvns	r1, r1
10004de6:	4650      	mov	r0, sl
10004de8:	17c9      	asrs	r1, r1, #31
10004dea:	4008      	ands	r0, r1
10004dec:	4682      	mov	sl, r0
10004dee:	930c      	str	r3, [sp, #48]	@ 0x30
10004df0:	7830      	ldrb	r0, [r6, #0]
10004df2:	1c73      	adds	r3, r6, #1
10004df4:	4699      	mov	r9, r3
10004df6:	e61a      	b.n	10004a2e <_vsnprintf+0xa6>
10004df8:	2310      	movs	r3, #16
10004dfa:	0010      	movs	r0, r2
10004dfc:	4398      	bics	r0, r3
10004dfe:	3311      	adds	r3, #17
10004e00:	4318      	orrs	r0, r3
10004e02:	4681      	mov	r9, r0
10004e04:	2080      	movs	r0, #128	@ 0x80
10004e06:	0013      	movs	r3, r2
10004e08:	00c0      	lsls	r0, r0, #3
10004e0a:	4003      	ands	r3, r0
10004e0c:	4202      	tst	r2, r0
10004e0e:	d100      	bne.n	10004e12 <_vsnprintf+0x48a>
10004e10:	e6a9      	b.n	10004b66 <_vsnprintf+0x1de>
10004e12:	464b      	mov	r3, r9
10004e14:	9306      	str	r3, [sp, #24]
10004e16:	2308      	movs	r3, #8
10004e18:	9305      	str	r3, [sp, #20]
10004e1a:	4653      	mov	r3, sl
10004e1c:	9304      	str	r3, [sp, #16]
10004e1e:	2310      	movs	r3, #16
10004e20:	9303      	str	r3, [sp, #12]
10004e22:	2300      	movs	r3, #0
10004e24:	9302      	str	r3, [sp, #8]
10004e26:	9b0f      	ldr	r3, [sp, #60]	@ 0x3c
10004e28:	0022      	movs	r2, r4
10004e2a:	9301      	str	r3, [sp, #4]
10004e2c:	ab1c      	add	r3, sp, #112	@ 0x70
10004e2e:	9300      	str	r3, [sp, #0]
10004e30:	4659      	mov	r1, fp
10004e32:	003b      	movs	r3, r7
10004e34:	0028      	movs	r0, r5
10004e36:	f7fe ff9f 	bl	10003d78 <_ntoa_format>
10004e3a:	4643      	mov	r3, r8
10004e3c:	0004      	movs	r4, r0
10004e3e:	930c      	str	r3, [sp, #48]	@ 0x30
10004e40:	e5ca      	b.n	100049d8 <_vsnprintf+0x50>
10004e42:	2301      	movs	r3, #1
10004e44:	425b      	negs	r3, r3
10004e46:	e6c3      	b.n	10004bd0 <_vsnprintf+0x248>
10004e48:	9b0f      	ldr	r3, [sp, #60]	@ 0x3c
10004e4a:	4553      	cmp	r3, sl
10004e4c:	d901      	bls.n	10004e52 <_vsnprintf+0x4ca>
10004e4e:	4653      	mov	r3, sl
10004e50:	930f      	str	r3, [sp, #60]	@ 0x3c
10004e52:	2302      	movs	r3, #2
10004e54:	0018      	movs	r0, r3
10004e56:	4010      	ands	r0, r2
10004e58:	900d      	str	r0, [sp, #52]	@ 0x34
10004e5a:	4213      	tst	r3, r2
10004e5c:	d100      	bne.n	10004e60 <_vsnprintf+0x4d8>
10004e5e:	e1b7      	b.n	100051d0 <_vsnprintf+0x848>
10004e60:	930d      	str	r3, [sp, #52]	@ 0x34
10004e62:	46d1      	mov	r9, sl
10004e64:	1b0b      	subs	r3, r1, r4
10004e66:	469a      	mov	sl, r3
10004e68:	0033      	movs	r3, r6
10004e6a:	44a1      	add	r9, r4
10004e6c:	002e      	movs	r6, r5
10004e6e:	0022      	movs	r2, r4
10004e70:	464d      	mov	r5, r9
10004e72:	980c      	ldr	r0, [sp, #48]	@ 0x30
10004e74:	46b9      	mov	r9, r7
10004e76:	465f      	mov	r7, fp
10004e78:	469b      	mov	fp, r3
10004e7a:	e008      	b.n	10004e8e <_vsnprintf+0x506>
10004e7c:	464b      	mov	r3, r9
10004e7e:	0039      	movs	r1, r7
10004e80:	1c54      	adds	r4, r2, #1
10004e82:	47b0      	blx	r6
10004e84:	4653      	mov	r3, sl
10004e86:	5d18      	ldrb	r0, [r3, r4]
10004e88:	2800      	cmp	r0, #0
10004e8a:	d077      	beq.n	10004f7c <_vsnprintf+0x5f4>
10004e8c:	0022      	movs	r2, r4
10004e8e:	4295      	cmp	r5, r2
10004e90:	d1f4      	bne.n	10004e7c <_vsnprintf+0x4f4>
10004e92:	465b      	mov	r3, fp
10004e94:	46bb      	mov	fp, r7
10004e96:	464f      	mov	r7, r9
10004e98:	46a9      	mov	r9, r5
10004e9a:	0035      	movs	r5, r6
10004e9c:	464c      	mov	r4, r9
10004e9e:	001e      	movs	r6, r3
10004ea0:	e6c9      	b.n	10004c36 <_vsnprintf+0x2ae>
10004ea2:	2380      	movs	r3, #128	@ 0x80
10004ea4:	011b      	lsls	r3, r3, #4
10004ea6:	431a      	orrs	r2, r3
10004ea8:	e6fd      	b.n	10004ca6 <_vsnprintf+0x31e>
10004eaa:	2320      	movs	r3, #32
10004eac:	431a      	orrs	r2, r3
10004eae:	e720      	b.n	10004cf2 <_vsnprintf+0x36a>
10004eb0:	2308      	movs	r3, #8
10004eb2:	469c      	mov	ip, r3
10004eb4:	2300      	movs	r3, #0
10004eb6:	930f      	str	r3, [sp, #60]	@ 0x3c
10004eb8:	3308      	adds	r3, #8
10004eba:	930d      	str	r3, [sp, #52]	@ 0x34
10004ebc:	2380      	movs	r3, #128	@ 0x80
10004ebe:	0011      	movs	r1, r2
10004ec0:	00db      	lsls	r3, r3, #3
10004ec2:	4019      	ands	r1, r3
10004ec4:	421a      	tst	r2, r3
10004ec6:	d100      	bne.n	10004eca <_vsnprintf+0x542>
10004ec8:	e116      	b.n	100050f8 <_vsnprintf+0x770>
10004eca:	230d      	movs	r3, #13
10004ecc:	439a      	bics	r2, r3
10004ece:	0010      	movs	r0, r2
10004ed0:	2380      	movs	r3, #128	@ 0x80
10004ed2:	0002      	movs	r2, r0
10004ed4:	009b      	lsls	r3, r3, #2
10004ed6:	401a      	ands	r2, r3
10004ed8:	9214      	str	r2, [sp, #80]	@ 0x50
10004eda:	4218      	tst	r0, r3
10004edc:	d000      	beq.n	10004ee0 <_vsnprintf+0x558>
10004ede:	e1c2      	b.n	10005266 <_vsnprintf+0x8de>
10004ee0:	2380      	movs	r3, #128	@ 0x80
10004ee2:	0002      	movs	r2, r0
10004ee4:	005b      	lsls	r3, r3, #1
10004ee6:	401a      	ands	r2, r3
10004ee8:	4691      	mov	r9, r2
10004eea:	9a0c      	ldr	r2, [sp, #48]	@ 0x30
10004eec:	3204      	adds	r2, #4
10004eee:	920f      	str	r2, [sp, #60]	@ 0x3c
10004ef0:	4218      	tst	r0, r3
10004ef2:	d000      	beq.n	10004ef6 <_vsnprintf+0x56e>
10004ef4:	e2b7      	b.n	10005466 <_vsnprintf+0xade>
10004ef6:	0643      	lsls	r3, r0, #25
10004ef8:	d500      	bpl.n	10004efc <_vsnprintf+0x574>
10004efa:	e19f      	b.n	1000523c <_vsnprintf+0x8b4>
10004efc:	0603      	lsls	r3, r0, #24
10004efe:	d400      	bmi.n	10004f02 <_vsnprintf+0x57a>
10004f00:	e319      	b.n	10005536 <_vsnprintf+0xbae>
10004f02:	9b0c      	ldr	r3, [sp, #48]	@ 0x30
10004f04:	881b      	ldrh	r3, [r3, #0]
10004f06:	9309      	str	r3, [sp, #36]	@ 0x24
10004f08:	2b00      	cmp	r3, #0
10004f0a:	d000      	beq.n	10004f0e <_vsnprintf+0x586>
10004f0c:	e1fc      	b.n	10005308 <_vsnprintf+0x980>
10004f0e:	3310      	adds	r3, #16
10004f10:	4398      	bics	r0, r3
10004f12:	2900      	cmp	r1, #0
10004f14:	d100      	bne.n	10004f18 <_vsnprintf+0x590>
10004f16:	e1f7      	b.n	10005308 <_vsnprintf+0x980>
10004f18:	2300      	movs	r3, #0
10004f1a:	4699      	mov	r9, r3
10004f1c:	4643      	mov	r3, r8
10004f1e:	9305      	str	r3, [sp, #20]
10004f20:	4653      	mov	r3, sl
10004f22:	9304      	str	r3, [sp, #16]
10004f24:	9b0d      	ldr	r3, [sp, #52]	@ 0x34
10004f26:	9006      	str	r0, [sp, #24]
10004f28:	9303      	str	r3, [sp, #12]
10004f2a:	2300      	movs	r3, #0
10004f2c:	e0d2      	b.n	100050d4 <_vsnprintf+0x74c>
10004f2e:	2858      	cmp	r0, #88	@ 0x58
10004f30:	d008      	beq.n	10004f44 <_vsnprintf+0x5bc>
10004f32:	2862      	cmp	r0, #98	@ 0x62
10004f34:	d167      	bne.n	10005006 <_vsnprintf+0x67e>
10004f36:	2302      	movs	r3, #2
10004f38:	469c      	mov	ip, r3
10004f3a:	2300      	movs	r3, #0
10004f3c:	930f      	str	r3, [sp, #60]	@ 0x3c
10004f3e:	3302      	adds	r3, #2
10004f40:	930d      	str	r3, [sp, #52]	@ 0x34
10004f42:	e7bb      	b.n	10004ebc <_vsnprintf+0x534>
10004f44:	2320      	movs	r3, #32
10004f46:	431a      	orrs	r2, r3
10004f48:	3b10      	subs	r3, #16
10004f4a:	469c      	mov	ip, r3
10004f4c:	2300      	movs	r3, #0
10004f4e:	930f      	str	r3, [sp, #60]	@ 0x3c
10004f50:	3310      	adds	r3, #16
10004f52:	930d      	str	r3, [sp, #52]	@ 0x34
10004f54:	e7b2      	b.n	10004ebc <_vsnprintf+0x534>
10004f56:	2380      	movs	r3, #128	@ 0x80
10004f58:	011b      	lsls	r3, r3, #4
10004f5a:	431a      	orrs	r2, r3
10004f5c:	2320      	movs	r3, #32
10004f5e:	431a      	orrs	r2, r3
10004f60:	e6a1      	b.n	10004ca6 <_vsnprintf+0x31e>
10004f62:	23c0      	movs	r3, #192	@ 0xc0
10004f64:	009b      	lsls	r3, r3, #2
10004f66:	431a      	orrs	r2, r3
10004f68:	1cf3      	adds	r3, r6, #3
10004f6a:	4699      	mov	r9, r3
10004f6c:	78b0      	ldrb	r0, [r6, #2]
10004f6e:	e582      	b.n	10004a76 <_vsnprintf+0xee>
10004f70:	23c0      	movs	r3, #192	@ 0xc0
10004f72:	431a      	orrs	r2, r3
10004f74:	1cf3      	adds	r3, r6, #3
10004f76:	4699      	mov	r9, r3
10004f78:	78b0      	ldrb	r0, [r6, #2]
10004f7a:	e57c      	b.n	10004a76 <_vsnprintf+0xee>
10004f7c:	0035      	movs	r5, r6
10004f7e:	465e      	mov	r6, fp
10004f80:	46bb      	mov	fp, r7
10004f82:	464f      	mov	r7, r9
10004f84:	e657      	b.n	10004c36 <_vsnprintf+0x2ae>
10004f86:	4643      	mov	r3, r8
10004f88:	2b01      	cmp	r3, #1
10004f8a:	d800      	bhi.n	10004f8e <_vsnprintf+0x606>
10004f8c:	e163      	b.n	10005256 <_vsnprintf+0x8ce>
10004f8e:	1e63      	subs	r3, r4, #1
10004f90:	4443      	add	r3, r8
10004f92:	469a      	mov	sl, r3
10004f94:	0033      	movs	r3, r6
10004f96:	46b9      	mov	r9, r7
10004f98:	002e      	movs	r6, r5
10004f9a:	465f      	mov	r7, fp
10004f9c:	4655      	mov	r5, sl
10004f9e:	469b      	mov	fp, r3
10004fa0:	46a2      	mov	sl, r4
10004fa2:	0022      	movs	r2, r4
10004fa4:	464b      	mov	r3, r9
10004fa6:	3401      	adds	r4, #1
10004fa8:	0039      	movs	r1, r7
10004faa:	2020      	movs	r0, #32
10004fac:	47b0      	blx	r6
10004fae:	42ac      	cmp	r4, r5
10004fb0:	d1f7      	bne.n	10004fa2 <_vsnprintf+0x61a>
10004fb2:	0035      	movs	r5, r6
10004fb4:	465e      	mov	r6, fp
10004fb6:	46bb      	mov	fp, r7
10004fb8:	464f      	mov	r7, r9
10004fba:	46a1      	mov	r9, r4
10004fbc:	4654      	mov	r4, sl
10004fbe:	9b0c      	ldr	r3, [sp, #48]	@ 0x30
10004fc0:	464a      	mov	r2, r9
10004fc2:	7818      	ldrb	r0, [r3, #0]
10004fc4:	4659      	mov	r1, fp
10004fc6:	003b      	movs	r3, r7
10004fc8:	4444      	add	r4, r8
10004fca:	47a8      	blx	r5
10004fcc:	e6d7      	b.n	10004d7e <_vsnprintf+0x3f6>
10004fce:	46a1      	mov	r9, r4
10004fd0:	9b0f      	ldr	r3, [sp, #60]	@ 0x3c
10004fd2:	4598      	cmp	r8, r3
10004fd4:	d800      	bhi.n	10004fd8 <_vsnprintf+0x650>
10004fd6:	e632      	b.n	10004c3e <_vsnprintf+0x2b6>
10004fd8:	4444      	add	r4, r8
10004fda:	1ae4      	subs	r4, r4, r3
10004fdc:	0033      	movs	r3, r6
10004fde:	46b8      	mov	r8, r7
10004fe0:	002e      	movs	r6, r5
10004fe2:	465f      	mov	r7, fp
10004fe4:	0025      	movs	r5, r4
10004fe6:	464c      	mov	r4, r9
10004fe8:	4699      	mov	r9, r3
10004fea:	0022      	movs	r2, r4
10004fec:	4643      	mov	r3, r8
10004fee:	3401      	adds	r4, #1
10004ff0:	0039      	movs	r1, r7
10004ff2:	2020      	movs	r0, #32
10004ff4:	47b0      	blx	r6
10004ff6:	42ac      	cmp	r4, r5
10004ff8:	d1f7      	bne.n	10004fea <_vsnprintf+0x662>
10004ffa:	002c      	movs	r4, r5
10004ffc:	46bb      	mov	fp, r7
10004ffe:	0035      	movs	r5, r6
10005000:	4647      	mov	r7, r8
10005002:	464e      	mov	r6, r9
10005004:	e61b      	b.n	10004c3e <_vsnprintf+0x2b6>
10005006:	2380      	movs	r3, #128	@ 0x80
10005008:	0010      	movs	r0, r2
1000500a:	00db      	lsls	r3, r3, #3
1000500c:	4018      	ands	r0, r3
1000500e:	421a      	tst	r2, r3
10005010:	d100      	bne.n	10005014 <_vsnprintf+0x68c>
10005012:	e10f      	b.n	10005234 <_vsnprintf+0x8ac>
10005014:	2111      	movs	r1, #17
10005016:	0018      	movs	r0, r3
10005018:	438a      	bics	r2, r1
1000501a:	920d      	str	r2, [sp, #52]	@ 0x34
1000501c:	9a0d      	ldr	r2, [sp, #52]	@ 0x34
1000501e:	2380      	movs	r3, #128	@ 0x80
10005020:	0011      	movs	r1, r2
10005022:	009b      	lsls	r3, r3, #2
10005024:	4019      	ands	r1, r3
10005026:	468c      	mov	ip, r1
10005028:	421a      	tst	r2, r3
1000502a:	d169      	bne.n	10005100 <_vsnprintf+0x778>
1000502c:	2380      	movs	r3, #128	@ 0x80
1000502e:	0011      	movs	r1, r2
10005030:	005b      	lsls	r3, r3, #1
10005032:	4019      	ands	r1, r3
10005034:	4689      	mov	r9, r1
10005036:	990c      	ldr	r1, [sp, #48]	@ 0x30
10005038:	3104      	adds	r1, #4
1000503a:	910f      	str	r1, [sp, #60]	@ 0x3c
1000503c:	421a      	tst	r2, r3
1000503e:	d000      	beq.n	10005042 <_vsnprintf+0x6ba>
10005040:	e1ca      	b.n	100053d8 <_vsnprintf+0xa50>
10005042:	0013      	movs	r3, r2
10005044:	065b      	lsls	r3, r3, #25
10005046:	d500      	bpl.n	1000504a <_vsnprintf+0x6c2>
10005048:	e0f0      	b.n	1000522c <_vsnprintf+0x8a4>
1000504a:	0013      	movs	r3, r2
1000504c:	061b      	lsls	r3, r3, #24
1000504e:	d400      	bmi.n	10005052 <_vsnprintf+0x6ca>
10005050:	e259      	b.n	10005506 <_vsnprintf+0xb7e>
10005052:	9b0c      	ldr	r3, [sp, #48]	@ 0x30
10005054:	2200      	movs	r2, #0
10005056:	5e9b      	ldrsh	r3, [r3, r2]
10005058:	17d9      	asrs	r1, r3, #31
1000505a:	185a      	adds	r2, r3, r1
1000505c:	404a      	eors	r2, r1
1000505e:	b292      	uxth	r2, r2
10005060:	0fd9      	lsrs	r1, r3, #31
10005062:	910c      	str	r1, [sp, #48]	@ 0x30
10005064:	2b00      	cmp	r3, #0
10005066:	d100      	bne.n	1000506a <_vsnprintf+0x6e2>
10005068:	e1f9      	b.n	1000545e <_vsnprintf+0xad6>
1000506a:	0010      	movs	r0, r2
1000506c:	aa14      	add	r2, sp, #80	@ 0x50
1000506e:	4694      	mov	ip, r2
10005070:	4642      	mov	r2, r8
10005072:	231f      	movs	r3, #31
10005074:	9214      	str	r2, [sp, #80]	@ 0x50
10005076:	4652      	mov	r2, sl
10005078:	4463      	add	r3, ip
1000507a:	46a8      	mov	r8, r5
1000507c:	9416      	str	r4, [sp, #88]	@ 0x58
1000507e:	464d      	mov	r5, r9
10005080:	0004      	movs	r4, r0
10005082:	46b9      	mov	r9, r7
10005084:	46b2      	mov	sl, r6
10005086:	001f      	movs	r7, r3
10005088:	9215      	str	r2, [sp, #84]	@ 0x54
1000508a:	e001      	b.n	10005090 <_vsnprintf+0x708>
1000508c:	2d20      	cmp	r5, #32
1000508e:	d00f      	beq.n	100050b0 <_vsnprintf+0x728>
10005090:	0020      	movs	r0, r4
10005092:	210a      	movs	r1, #10
10005094:	f7fd feac 	bl	10002df0 <__wrap___aeabi_uidiv>
10005098:	3501      	adds	r5, #1
1000509a:	197e      	adds	r6, r7, r5
1000509c:	3130      	adds	r1, #48	@ 0x30
1000509e:	7031      	strb	r1, [r6, #0]
100050a0:	0020      	movs	r0, r4
100050a2:	210a      	movs	r1, #10
100050a4:	f7fd fea4 	bl	10002df0 <__wrap___aeabi_uidiv>
100050a8:	0026      	movs	r6, r4
100050aa:	0004      	movs	r4, r0
100050ac:	2e09      	cmp	r6, #9
100050ae:	d8ed      	bhi.n	1000508c <_vsnprintf+0x704>
100050b0:	9b14      	ldr	r3, [sp, #80]	@ 0x50
100050b2:	464f      	mov	r7, r9
100050b4:	46a9      	mov	r9, r5
100050b6:	4645      	mov	r5, r8
100050b8:	4698      	mov	r8, r3
100050ba:	9b15      	ldr	r3, [sp, #84]	@ 0x54
100050bc:	4656      	mov	r6, sl
100050be:	469a      	mov	sl, r3
100050c0:	9c16      	ldr	r4, [sp, #88]	@ 0x58
100050c2:	9b0d      	ldr	r3, [sp, #52]	@ 0x34
100050c4:	9306      	str	r3, [sp, #24]
100050c6:	4643      	mov	r3, r8
100050c8:	9305      	str	r3, [sp, #20]
100050ca:	4653      	mov	r3, sl
100050cc:	9304      	str	r3, [sp, #16]
100050ce:	230a      	movs	r3, #10
100050d0:	9303      	str	r3, [sp, #12]
100050d2:	9b0c      	ldr	r3, [sp, #48]	@ 0x30
100050d4:	9302      	str	r3, [sp, #8]
100050d6:	464b      	mov	r3, r9
100050d8:	9301      	str	r3, [sp, #4]
100050da:	ab1c      	add	r3, sp, #112	@ 0x70
100050dc:	0022      	movs	r2, r4
100050de:	9300      	str	r3, [sp, #0]
100050e0:	4659      	mov	r1, fp
100050e2:	003b      	movs	r3, r7
100050e4:	0028      	movs	r0, r5
100050e6:	f7fe fe47 	bl	10003d78 <_ntoa_format>
100050ea:	9b0f      	ldr	r3, [sp, #60]	@ 0x3c
100050ec:	0004      	movs	r4, r0
100050ee:	930c      	str	r3, [sp, #48]	@ 0x30
100050f0:	e472      	b.n	100049d8 <_vsnprintf+0x50>
100050f2:	46c0      	nop			@ (mov r8, r8)
100050f4:	10003cc9 	.word	0x10003cc9
100050f8:	230c      	movs	r3, #12
100050fa:	439a      	bics	r2, r3
100050fc:	0010      	movs	r0, r2
100050fe:	e6e7      	b.n	10004ed0 <_vsnprintf+0x548>
10005100:	2207      	movs	r2, #7
10005102:	9b0c      	ldr	r3, [sp, #48]	@ 0x30
10005104:	3307      	adds	r3, #7
10005106:	4393      	bics	r3, r2
10005108:	3201      	adds	r2, #1
1000510a:	4694      	mov	ip, r2
1000510c:	449c      	add	ip, r3
1000510e:	4662      	mov	r2, ip
10005110:	920c      	str	r2, [sp, #48]	@ 0x30
10005112:	cb0c      	ldmia	r3, {r2, r3}
10005114:	0fd9      	lsrs	r1, r3, #31
10005116:	910f      	str	r1, [sp, #60]	@ 0x3c
10005118:	0011      	movs	r1, r2
1000511a:	4319      	orrs	r1, r3
1000511c:	d100      	bne.n	10005120 <_vsnprintf+0x798>
1000511e:	e091      	b.n	10005244 <_vsnprintf+0x8bc>
10005120:	17d9      	asrs	r1, r3, #31
10005122:	9113      	str	r1, [sp, #76]	@ 0x4c
10005124:	9112      	str	r1, [sp, #72]	@ 0x48
10005126:	4051      	eors	r1, r2
10005128:	9110      	str	r1, [sp, #64]	@ 0x40
1000512a:	9913      	ldr	r1, [sp, #76]	@ 0x4c
1000512c:	4059      	eors	r1, r3
1000512e:	9111      	str	r1, [sp, #68]	@ 0x44
10005130:	9810      	ldr	r0, [sp, #64]	@ 0x40
10005132:	9911      	ldr	r1, [sp, #68]	@ 0x44
10005134:	9a12      	ldr	r2, [sp, #72]	@ 0x48
10005136:	9b13      	ldr	r3, [sp, #76]	@ 0x4c
10005138:	1a80      	subs	r0, r0, r2
1000513a:	4199      	sbcs	r1, r3
1000513c:	9010      	str	r0, [sp, #64]	@ 0x40
1000513e:	9111      	str	r1, [sp, #68]	@ 0x44
10005140:	aa14      	add	r2, sp, #80	@ 0x50
10005142:	2300      	movs	r3, #0
10005144:	4694      	mov	ip, r2
10005146:	4642      	mov	r2, r8
10005148:	4699      	mov	r9, r3
1000514a:	9214      	str	r2, [sp, #80]	@ 0x50
1000514c:	4652      	mov	r2, sl
1000514e:	331f      	adds	r3, #31
10005150:	4463      	add	r3, ip
10005152:	46a8      	mov	r8, r5
10005154:	46b2      	mov	sl, r6
10005156:	9416      	str	r4, [sp, #88]	@ 0x58
10005158:	464e      	mov	r6, r9
1000515a:	9c10      	ldr	r4, [sp, #64]	@ 0x40
1000515c:	9d11      	ldr	r5, [sp, #68]	@ 0x44
1000515e:	46b9      	mov	r9, r7
10005160:	9215      	str	r2, [sp, #84]	@ 0x54
10005162:	001f      	movs	r7, r3
10005164:	e001      	b.n	1000516a <_vsnprintf+0x7e2>
10005166:	2e20      	cmp	r6, #32
10005168:	d010      	beq.n	1000518c <_vsnprintf+0x804>
1000516a:	0020      	movs	r0, r4
1000516c:	0029      	movs	r1, r5
1000516e:	220a      	movs	r2, #10
10005170:	2300      	movs	r3, #0
10005172:	f7fd fe7b 	bl	10002e6c <__wrap___aeabi_uldivmod>
10005176:	3601      	adds	r6, #1
10005178:	3230      	adds	r2, #48	@ 0x30
1000517a:	002b      	movs	r3, r5
1000517c:	55ba      	strb	r2, [r7, r6]
1000517e:	000d      	movs	r5, r1
10005180:	0022      	movs	r2, r4
10005182:	0004      	movs	r4, r0
10005184:	2b00      	cmp	r3, #0
10005186:	d1ee      	bne.n	10005166 <_vsnprintf+0x7de>
10005188:	2a09      	cmp	r2, #9
1000518a:	d8ec      	bhi.n	10005166 <_vsnprintf+0x7de>
1000518c:	9b14      	ldr	r3, [sp, #80]	@ 0x50
1000518e:	9410      	str	r4, [sp, #64]	@ 0x40
10005190:	9511      	str	r5, [sp, #68]	@ 0x44
10005192:	4645      	mov	r5, r8
10005194:	4698      	mov	r8, r3
10005196:	9b15      	ldr	r3, [sp, #84]	@ 0x54
10005198:	464f      	mov	r7, r9
1000519a:	46b1      	mov	r9, r6
1000519c:	4656      	mov	r6, sl
1000519e:	469a      	mov	sl, r3
100051a0:	9c16      	ldr	r4, [sp, #88]	@ 0x58
100051a2:	9b0d      	ldr	r3, [sp, #52]	@ 0x34
100051a4:	9306      	str	r3, [sp, #24]
100051a6:	4643      	mov	r3, r8
100051a8:	9305      	str	r3, [sp, #20]
100051aa:	4653      	mov	r3, sl
100051ac:	9304      	str	r3, [sp, #16]
100051ae:	230a      	movs	r3, #10
100051b0:	9303      	str	r3, [sp, #12]
100051b2:	9b0f      	ldr	r3, [sp, #60]	@ 0x3c
100051b4:	9302      	str	r3, [sp, #8]
100051b6:	464b      	mov	r3, r9
100051b8:	9301      	str	r3, [sp, #4]
100051ba:	ab1c      	add	r3, sp, #112	@ 0x70
100051bc:	0022      	movs	r2, r4
100051be:	9300      	str	r3, [sp, #0]
100051c0:	4659      	mov	r1, fp
100051c2:	003b      	movs	r3, r7
100051c4:	0028      	movs	r0, r5
100051c6:	f7fe fdd7 	bl	10003d78 <_ntoa_format>
100051ca:	0004      	movs	r4, r0
100051cc:	f7ff fc04 	bl	100049d8 <_vsnprintf+0x50>
100051d0:	9b0f      	ldr	r3, [sp, #60]	@ 0x3c
100051d2:	4598      	cmp	r8, r3
100051d4:	d800      	bhi.n	100051d8 <_vsnprintf+0x850>
100051d6:	e1c1      	b.n	1000555c <_vsnprintf+0xbd4>
100051d8:	2380      	movs	r3, #128	@ 0x80
100051da:	00db      	lsls	r3, r3, #3
100051dc:	930d      	str	r3, [sp, #52]	@ 0x34
100051de:	4643      	mov	r3, r8
100051e0:	9a0f      	ldr	r2, [sp, #60]	@ 0x3c
100051e2:	191b      	adds	r3, r3, r4
100051e4:	1a9b      	subs	r3, r3, r2
100051e6:	4699      	mov	r9, r3
100051e8:	0033      	movs	r3, r6
100051ea:	002e      	movs	r6, r5
100051ec:	464d      	mov	r5, r9
100051ee:	46b9      	mov	r9, r7
100051f0:	465f      	mov	r7, fp
100051f2:	469b      	mov	fp, r3
100051f4:	910c      	str	r1, [sp, #48]	@ 0x30
100051f6:	0022      	movs	r2, r4
100051f8:	464b      	mov	r3, r9
100051fa:	3401      	adds	r4, #1
100051fc:	0039      	movs	r1, r7
100051fe:	2020      	movs	r0, #32
10005200:	47b0      	blx	r6
10005202:	42ac      	cmp	r4, r5
10005204:	d1f7      	bne.n	100051f6 <_vsnprintf+0x86e>
10005206:	4643      	mov	r3, r8
10005208:	990c      	ldr	r1, [sp, #48]	@ 0x30
1000520a:	3301      	adds	r3, #1
1000520c:	930f      	str	r3, [sp, #60]	@ 0x3c
1000520e:	780b      	ldrb	r3, [r1, #0]
10005210:	0035      	movs	r5, r6
10005212:	930c      	str	r3, [sp, #48]	@ 0x30
10005214:	465e      	mov	r6, fp
10005216:	46bb      	mov	fp, r7
10005218:	464f      	mov	r7, r9
1000521a:	2b00      	cmp	r3, #0
1000521c:	d100      	bne.n	10005220 <_vsnprintf+0x898>
1000521e:	e50e      	b.n	10004c3e <_vsnprintf+0x2b6>
10005220:	9b0d      	ldr	r3, [sp, #52]	@ 0x34
10005222:	2b00      	cmp	r3, #0
10005224:	d100      	bne.n	10005228 <_vsnprintf+0x8a0>
10005226:	e4f6      	b.n	10004c16 <_vsnprintf+0x28e>
10005228:	2300      	movs	r3, #0
1000522a:	e619      	b.n	10004e60 <_vsnprintf+0x4d8>
1000522c:	9b0c      	ldr	r3, [sp, #48]	@ 0x30
1000522e:	781b      	ldrb	r3, [r3, #0]
10005230:	001a      	movs	r2, r3
10005232:	e715      	b.n	10005060 <_vsnprintf+0x6d8>
10005234:	2310      	movs	r3, #16
10005236:	439a      	bics	r2, r3
10005238:	920d      	str	r2, [sp, #52]	@ 0x34
1000523a:	e6ef      	b.n	1000501c <_vsnprintf+0x694>
1000523c:	9b0c      	ldr	r3, [sp, #48]	@ 0x30
1000523e:	781b      	ldrb	r3, [r3, #0]
10005240:	9309      	str	r3, [sp, #36]	@ 0x24
10005242:	e661      	b.n	10004f08 <_vsnprintf+0x580>
10005244:	2300      	movs	r3, #0
10005246:	4699      	mov	r9, r3
10005248:	2800      	cmp	r0, #0
1000524a:	d1aa      	bne.n	100051a2 <_vsnprintf+0x81a>
1000524c:	2200      	movs	r2, #0
1000524e:	2300      	movs	r3, #0
10005250:	9210      	str	r2, [sp, #64]	@ 0x40
10005252:	9311      	str	r3, [sp, #68]	@ 0x44
10005254:	e774      	b.n	10005140 <_vsnprintf+0x7b8>
10005256:	9b0c      	ldr	r3, [sp, #48]	@ 0x30
10005258:	0022      	movs	r2, r4
1000525a:	7818      	ldrb	r0, [r3, #0]
1000525c:	4659      	mov	r1, fp
1000525e:	003b      	movs	r3, r7
10005260:	47a8      	blx	r5
10005262:	464c      	mov	r4, r9
10005264:	e58b      	b.n	10004d7e <_vsnprintf+0x3f6>
10005266:	9a0c      	ldr	r2, [sp, #48]	@ 0x30
10005268:	3bfa      	subs	r3, #250	@ 0xfa
1000526a:	3bff      	subs	r3, #255	@ 0xff
1000526c:	3207      	adds	r2, #7
1000526e:	439a      	bics	r2, r3
10005270:	3301      	adds	r3, #1
10005272:	4699      	mov	r9, r3
10005274:	4491      	add	r9, r2
10005276:	464b      	mov	r3, r9
10005278:	930c      	str	r3, [sp, #48]	@ 0x30
1000527a:	6813      	ldr	r3, [r2, #0]
1000527c:	6852      	ldr	r2, [r2, #4]
1000527e:	9215      	str	r2, [sp, #84]	@ 0x54
10005280:	431a      	orrs	r2, r3
10005282:	d106      	bne.n	10005292 <_vsnprintf+0x90a>
10005284:	3210      	adds	r2, #16
10005286:	4390      	bics	r0, r2
10005288:	2200      	movs	r2, #0
1000528a:	9209      	str	r2, [sp, #36]	@ 0x24
1000528c:	2900      	cmp	r1, #0
1000528e:	d000      	beq.n	10005292 <_vsnprintf+0x90a>
10005290:	e081      	b.n	10005396 <_vsnprintf+0xa0e>
10005292:	2261      	movs	r2, #97	@ 0x61
10005294:	0681      	lsls	r1, r0, #26
10005296:	d500      	bpl.n	1000529a <_vsnprintf+0x912>
10005298:	2241      	movs	r2, #65	@ 0x41
1000529a:	b2d2      	uxtb	r2, r2
1000529c:	920a      	str	r2, [sp, #40]	@ 0x28
1000529e:	aa14      	add	r2, sp, #80	@ 0x50
100052a0:	4691      	mov	r9, r2
100052a2:	9a0a      	ldr	r2, [sp, #40]	@ 0x28
100052a4:	2100      	movs	r1, #0
100052a6:	3a0a      	subs	r2, #10
100052a8:	9214      	str	r2, [sp, #80]	@ 0x50
100052aa:	4642      	mov	r2, r8
100052ac:	9217      	str	r2, [sp, #92]	@ 0x5c
100052ae:	4652      	mov	r2, sl
100052b0:	9218      	str	r2, [sp, #96]	@ 0x60
100052b2:	465a      	mov	r2, fp
100052b4:	9109      	str	r1, [sp, #36]	@ 0x24
100052b6:	46b3      	mov	fp, r6
100052b8:	311f      	adds	r1, #31
100052ba:	001e      	movs	r6, r3
100052bc:	9b0f      	ldr	r3, [sp, #60]	@ 0x3c
100052be:	4449      	add	r1, r9
100052c0:	46ba      	mov	sl, r7
100052c2:	9419      	str	r4, [sp, #100]	@ 0x64
100052c4:	951a      	str	r5, [sp, #104]	@ 0x68
100052c6:	2400      	movs	r4, #0
100052c8:	4667      	mov	r7, ip
100052ca:	4698      	mov	r8, r3
100052cc:	4689      	mov	r9, r1
100052ce:	9d15      	ldr	r5, [sp, #84]	@ 0x54
100052d0:	9016      	str	r0, [sp, #88]	@ 0x58
100052d2:	921b      	str	r2, [sp, #108]	@ 0x6c
100052d4:	e00a      	b.n	100052ec <_vsnprintf+0x964>
100052d6:	3230      	adds	r2, #48	@ 0x30
100052d8:	b2d2      	uxtb	r2, r2
100052da:	464b      	mov	r3, r9
100052dc:	3401      	adds	r4, #1
100052de:	551a      	strb	r2, [r3, r4]
100052e0:	45a8      	cmp	r8, r5
100052e2:	d04a      	beq.n	1000537a <_vsnprintf+0x9f2>
100052e4:	2c20      	cmp	r4, #32
100052e6:	d04a      	beq.n	1000537e <_vsnprintf+0x9f6>
100052e8:	0006      	movs	r6, r0
100052ea:	000d      	movs	r5, r1
100052ec:	003a      	movs	r2, r7
100052ee:	2300      	movs	r3, #0
100052f0:	0030      	movs	r0, r6
100052f2:	0029      	movs	r1, r5
100052f4:	f7fd fdba 	bl	10002e6c <__wrap___aeabi_uldivmod>
100052f8:	b2d2      	uxtb	r2, r2
100052fa:	2a09      	cmp	r2, #9
100052fc:	d9eb      	bls.n	100052d6 <_vsnprintf+0x94e>
100052fe:	9b14      	ldr	r3, [sp, #80]	@ 0x50
10005300:	469c      	mov	ip, r3
10005302:	4462      	add	r2, ip
10005304:	b2d2      	uxtb	r2, r2
10005306:	e7e8      	b.n	100052da <_vsnprintf+0x952>
10005308:	2361      	movs	r3, #97	@ 0x61
1000530a:	0682      	lsls	r2, r0, #26
1000530c:	d500      	bpl.n	10005310 <_vsnprintf+0x988>
1000530e:	2341      	movs	r3, #65	@ 0x41
10005310:	b2db      	uxtb	r3, r3
10005312:	3b0a      	subs	r3, #10
10005314:	930c      	str	r3, [sp, #48]	@ 0x30
10005316:	4643      	mov	r3, r8
10005318:	a914      	add	r1, sp, #80	@ 0x50
1000531a:	221f      	movs	r2, #31
1000531c:	468c      	mov	ip, r1
1000531e:	9315      	str	r3, [sp, #84]	@ 0x54
10005320:	4653      	mov	r3, sl
10005322:	4462      	add	r2, ip
10005324:	46a0      	mov	r8, r4
10005326:	46b2      	mov	sl, r6
10005328:	464c      	mov	r4, r9
1000532a:	9717      	str	r7, [sp, #92]	@ 0x5c
1000532c:	46a9      	mov	r9, r5
1000532e:	0017      	movs	r7, r2
10005330:	9d09      	ldr	r5, [sp, #36]	@ 0x24
10005332:	9e0d      	ldr	r6, [sp, #52]	@ 0x34
10005334:	9014      	str	r0, [sp, #80]	@ 0x50
10005336:	9316      	str	r3, [sp, #88]	@ 0x58
10005338:	e008      	b.n	1000534c <_vsnprintf+0x9c4>
1000533a:	3330      	adds	r3, #48	@ 0x30
1000533c:	b2db      	uxtb	r3, r3
1000533e:	3401      	adds	r4, #1
10005340:	553b      	strb	r3, [r7, r4]
10005342:	42b5      	cmp	r5, r6
10005344:	d30e      	bcc.n	10005364 <_vsnprintf+0x9dc>
10005346:	2c20      	cmp	r4, #32
10005348:	d00c      	beq.n	10005364 <_vsnprintf+0x9dc>
1000534a:	0005      	movs	r5, r0
1000534c:	0031      	movs	r1, r6
1000534e:	0028      	movs	r0, r5
10005350:	f7fd fd4e 	bl	10002df0 <__wrap___aeabi_uidiv>
10005354:	b2cb      	uxtb	r3, r1
10005356:	2909      	cmp	r1, #9
10005358:	d9ef      	bls.n	1000533a <_vsnprintf+0x9b2>
1000535a:	9a0c      	ldr	r2, [sp, #48]	@ 0x30
1000535c:	4694      	mov	ip, r2
1000535e:	4463      	add	r3, ip
10005360:	b2db      	uxtb	r3, r3
10005362:	e7ec      	b.n	1000533e <_vsnprintf+0x9b6>
10005364:	9b15      	ldr	r3, [sp, #84]	@ 0x54
10005366:	464d      	mov	r5, r9
10005368:	46a1      	mov	r9, r4
1000536a:	4644      	mov	r4, r8
1000536c:	4698      	mov	r8, r3
1000536e:	9b16      	ldr	r3, [sp, #88]	@ 0x58
10005370:	4656      	mov	r6, sl
10005372:	9814      	ldr	r0, [sp, #80]	@ 0x50
10005374:	469a      	mov	sl, r3
10005376:	9f17      	ldr	r7, [sp, #92]	@ 0x5c
10005378:	e5d0      	b.n	10004f1c <_vsnprintf+0x594>
1000537a:	42b7      	cmp	r7, r6
1000537c:	d9b2      	bls.n	100052e4 <_vsnprintf+0x95c>
1000537e:	9b17      	ldr	r3, [sp, #92]	@ 0x5c
10005380:	4657      	mov	r7, sl
10005382:	4698      	mov	r8, r3
10005384:	9b18      	ldr	r3, [sp, #96]	@ 0x60
10005386:	465e      	mov	r6, fp
10005388:	469a      	mov	sl, r3
1000538a:	9b1b      	ldr	r3, [sp, #108]	@ 0x6c
1000538c:	9409      	str	r4, [sp, #36]	@ 0x24
1000538e:	469b      	mov	fp, r3
10005390:	9816      	ldr	r0, [sp, #88]	@ 0x58
10005392:	9c19      	ldr	r4, [sp, #100]	@ 0x64
10005394:	9d1a      	ldr	r5, [sp, #104]	@ 0x68
10005396:	4643      	mov	r3, r8
10005398:	9305      	str	r3, [sp, #20]
1000539a:	4653      	mov	r3, sl
1000539c:	9304      	str	r3, [sp, #16]
1000539e:	9b0d      	ldr	r3, [sp, #52]	@ 0x34
100053a0:	9006      	str	r0, [sp, #24]
100053a2:	9303      	str	r3, [sp, #12]
100053a4:	2300      	movs	r3, #0
100053a6:	9302      	str	r3, [sp, #8]
100053a8:	9b09      	ldr	r3, [sp, #36]	@ 0x24
100053aa:	e705      	b.n	100051b8 <_vsnprintf+0x830>
100053ac:	9b0f      	ldr	r3, [sp, #60]	@ 0x3c
100053ae:	4598      	cmp	r8, r3
100053b0:	d900      	bls.n	100053b4 <_vsnprintf+0xa2c>
100053b2:	e714      	b.n	100051de <_vsnprintf+0x856>
100053b4:	3301      	adds	r3, #1
100053b6:	930f      	str	r3, [sp, #60]	@ 0x3c
100053b8:	e42d      	b.n	10004c16 <_vsnprintf+0x28e>
100053ba:	2310      	movs	r3, #16
100053bc:	0011      	movs	r1, r2
100053be:	4399      	bics	r1, r3
100053c0:	910d      	str	r1, [sp, #52]	@ 0x34
100053c2:	2869      	cmp	r0, #105	@ 0x69
100053c4:	d000      	beq.n	100053c8 <_vsnprintf+0xa40>
100053c6:	e0ba      	b.n	1000553e <_vsnprintf+0xbb6>
100053c8:	2380      	movs	r3, #128	@ 0x80
100053ca:	0010      	movs	r0, r2
100053cc:	00db      	lsls	r3, r3, #3
100053ce:	4018      	ands	r0, r3
100053d0:	421a      	tst	r2, r3
100053d2:	d100      	bne.n	100053d6 <_vsnprintf+0xa4e>
100053d4:	e622      	b.n	1000501c <_vsnprintf+0x694>
100053d6:	e61d      	b.n	10005014 <_vsnprintf+0x68c>
100053d8:	9b0c      	ldr	r3, [sp, #48]	@ 0x30
100053da:	681b      	ldr	r3, [r3, #0]
100053dc:	0fda      	lsrs	r2, r3, #31
100053de:	0011      	movs	r1, r2
100053e0:	2b00      	cmp	r3, #0
100053e2:	d100      	bne.n	100053e6 <_vsnprintf+0xa5e>
100053e4:	e08c      	b.n	10005500 <_vsnprintf+0xb78>
100053e6:	17da      	asrs	r2, r3, #31
100053e8:	1898      	adds	r0, r3, r2
100053ea:	4050      	eors	r0, r2
100053ec:	aa14      	add	r2, sp, #80	@ 0x50
100053ee:	4691      	mov	r9, r2
100053f0:	4642      	mov	r2, r8
100053f2:	231f      	movs	r3, #31
100053f4:	9214      	str	r2, [sp, #80]	@ 0x50
100053f6:	4652      	mov	r2, sl
100053f8:	444b      	add	r3, r9
100053fa:	46a0      	mov	r8, r4
100053fc:	46a9      	mov	r9, r5
100053fe:	9716      	str	r7, [sp, #88]	@ 0x58
10005400:	0004      	movs	r4, r0
10005402:	4665      	mov	r5, ip
10005404:	46b2      	mov	sl, r6
10005406:	001f      	movs	r7, r3
10005408:	910c      	str	r1, [sp, #48]	@ 0x30
1000540a:	9215      	str	r2, [sp, #84]	@ 0x54
1000540c:	e001      	b.n	10005412 <_vsnprintf+0xa8a>
1000540e:	2d20      	cmp	r5, #32
10005410:	d00f      	beq.n	10005432 <_vsnprintf+0xaaa>
10005412:	0020      	movs	r0, r4
10005414:	210a      	movs	r1, #10
10005416:	f7fd fceb 	bl	10002df0 <__wrap___aeabi_uidiv>
1000541a:	3501      	adds	r5, #1
1000541c:	197e      	adds	r6, r7, r5
1000541e:	3130      	adds	r1, #48	@ 0x30
10005420:	7031      	strb	r1, [r6, #0]
10005422:	0020      	movs	r0, r4
10005424:	210a      	movs	r1, #10
10005426:	f7fd fce3 	bl	10002df0 <__wrap___aeabi_uidiv>
1000542a:	0026      	movs	r6, r4
1000542c:	0004      	movs	r4, r0
1000542e:	2e09      	cmp	r6, #9
10005430:	d8ed      	bhi.n	1000540e <_vsnprintf+0xa86>
10005432:	9b14      	ldr	r3, [sp, #80]	@ 0x50
10005434:	4644      	mov	r4, r8
10005436:	4698      	mov	r8, r3
10005438:	9b0c      	ldr	r3, [sp, #48]	@ 0x30
1000543a:	46ac      	mov	ip, r5
1000543c:	0019      	movs	r1, r3
1000543e:	9b15      	ldr	r3, [sp, #84]	@ 0x54
10005440:	4656      	mov	r6, sl
10005442:	464d      	mov	r5, r9
10005444:	469a      	mov	sl, r3
10005446:	9f16      	ldr	r7, [sp, #88]	@ 0x58
10005448:	9b0d      	ldr	r3, [sp, #52]	@ 0x34
1000544a:	9102      	str	r1, [sp, #8]
1000544c:	9306      	str	r3, [sp, #24]
1000544e:	4643      	mov	r3, r8
10005450:	9305      	str	r3, [sp, #20]
10005452:	4653      	mov	r3, sl
10005454:	9304      	str	r3, [sp, #16]
10005456:	230a      	movs	r3, #10
10005458:	9303      	str	r3, [sp, #12]
1000545a:	4663      	mov	r3, ip
1000545c:	e63c      	b.n	100050d8 <_vsnprintf+0x750>
1000545e:	2800      	cmp	r0, #0
10005460:	d000      	beq.n	10005464 <_vsnprintf+0xadc>
10005462:	e62e      	b.n	100050c2 <_vsnprintf+0x73a>
10005464:	e602      	b.n	1000506c <_vsnprintf+0x6e4>
10005466:	9b0c      	ldr	r3, [sp, #48]	@ 0x30
10005468:	681b      	ldr	r3, [r3, #0]
1000546a:	4699      	mov	r9, r3
1000546c:	2b00      	cmp	r3, #0
1000546e:	d103      	bne.n	10005478 <_vsnprintf+0xaf0>
10005470:	3310      	adds	r3, #16
10005472:	4398      	bics	r0, r3
10005474:	2900      	cmp	r1, #0
10005476:	d138      	bne.n	100054ea <_vsnprintf+0xb62>
10005478:	2361      	movs	r3, #97	@ 0x61
1000547a:	0682      	lsls	r2, r0, #26
1000547c:	d500      	bpl.n	10005480 <_vsnprintf+0xaf8>
1000547e:	2341      	movs	r3, #65	@ 0x41
10005480:	b2db      	uxtb	r3, r3
10005482:	3b0a      	subs	r3, #10
10005484:	930c      	str	r3, [sp, #48]	@ 0x30
10005486:	4643      	mov	r3, r8
10005488:	9316      	str	r3, [sp, #88]	@ 0x58
1000548a:	4653      	mov	r3, sl
1000548c:	a914      	add	r1, sp, #80	@ 0x50
1000548e:	221f      	movs	r2, #31
10005490:	468c      	mov	ip, r1
10005492:	9317      	str	r3, [sp, #92]	@ 0x5c
10005494:	002b      	movs	r3, r5
10005496:	4462      	add	r2, ip
10005498:	46a0      	mov	r8, r4
1000549a:	464d      	mov	r5, r9
1000549c:	46b2      	mov	sl, r6
1000549e:	9718      	str	r7, [sp, #96]	@ 0x60
100054a0:	4699      	mov	r9, r3
100054a2:	0017      	movs	r7, r2
100054a4:	9c14      	ldr	r4, [sp, #80]	@ 0x50
100054a6:	9e0d      	ldr	r6, [sp, #52]	@ 0x34
100054a8:	9015      	str	r0, [sp, #84]	@ 0x54
100054aa:	e008      	b.n	100054be <_vsnprintf+0xb36>
100054ac:	3330      	adds	r3, #48	@ 0x30
100054ae:	b2db      	uxtb	r3, r3
100054b0:	3401      	adds	r4, #1
100054b2:	553b      	strb	r3, [r7, r4]
100054b4:	42b5      	cmp	r5, r6
100054b6:	d30e      	bcc.n	100054d6 <_vsnprintf+0xb4e>
100054b8:	2c20      	cmp	r4, #32
100054ba:	d00c      	beq.n	100054d6 <_vsnprintf+0xb4e>
100054bc:	0005      	movs	r5, r0
100054be:	0031      	movs	r1, r6
100054c0:	0028      	movs	r0, r5
100054c2:	f7fd fc95 	bl	10002df0 <__wrap___aeabi_uidiv>
100054c6:	b2cb      	uxtb	r3, r1
100054c8:	2909      	cmp	r1, #9
100054ca:	d9ef      	bls.n	100054ac <_vsnprintf+0xb24>
100054cc:	9a0c      	ldr	r2, [sp, #48]	@ 0x30
100054ce:	4694      	mov	ip, r2
100054d0:	4463      	add	r3, ip
100054d2:	b2db      	uxtb	r3, r3
100054d4:	e7ec      	b.n	100054b0 <_vsnprintf+0xb28>
100054d6:	9b16      	ldr	r3, [sp, #88]	@ 0x58
100054d8:	9414      	str	r4, [sp, #80]	@ 0x50
100054da:	4644      	mov	r4, r8
100054dc:	4698      	mov	r8, r3
100054de:	9b17      	ldr	r3, [sp, #92]	@ 0x5c
100054e0:	4656      	mov	r6, sl
100054e2:	464d      	mov	r5, r9
100054e4:	469a      	mov	sl, r3
100054e6:	9815      	ldr	r0, [sp, #84]	@ 0x54
100054e8:	9f18      	ldr	r7, [sp, #96]	@ 0x60
100054ea:	4643      	mov	r3, r8
100054ec:	9305      	str	r3, [sp, #20]
100054ee:	4653      	mov	r3, sl
100054f0:	9304      	str	r3, [sp, #16]
100054f2:	9b0d      	ldr	r3, [sp, #52]	@ 0x34
100054f4:	9006      	str	r0, [sp, #24]
100054f6:	9303      	str	r3, [sp, #12]
100054f8:	2300      	movs	r3, #0
100054fa:	9302      	str	r3, [sp, #8]
100054fc:	9b14      	ldr	r3, [sp, #80]	@ 0x50
100054fe:	e5eb      	b.n	100050d8 <_vsnprintf+0x750>
10005500:	2800      	cmp	r0, #0
10005502:	d1a1      	bne.n	10005448 <_vsnprintf+0xac0>
10005504:	e772      	b.n	100053ec <_vsnprintf+0xa64>
10005506:	9b0c      	ldr	r3, [sp, #48]	@ 0x30
10005508:	681b      	ldr	r3, [r3, #0]
1000550a:	17d9      	asrs	r1, r3, #31
1000550c:	185a      	adds	r2, r3, r1
1000550e:	404a      	eors	r2, r1
10005510:	e5a6      	b.n	10005060 <_vsnprintf+0x6d8>
10005512:	2380      	movs	r3, #128	@ 0x80
10005514:	0010      	movs	r0, r2
10005516:	00db      	lsls	r3, r3, #3
10005518:	4018      	ands	r0, r3
1000551a:	469c      	mov	ip, r3
1000551c:	900f      	str	r0, [sp, #60]	@ 0x3c
1000551e:	421a      	tst	r2, r3
10005520:	d00f      	beq.n	10005542 <_vsnprintf+0xbba>
10005522:	2002      	movs	r0, #2
10005524:	0003      	movs	r3, r0
10005526:	4013      	ands	r3, r2
10005528:	930f      	str	r3, [sp, #60]	@ 0x3c
1000552a:	4210      	tst	r0, r2
1000552c:	d019      	beq.n	10005562 <_vsnprintf+0xbda>
1000552e:	2300      	movs	r3, #0
10005530:	46a1      	mov	r9, r4
10005532:	930f      	str	r3, [sp, #60]	@ 0x3c
10005534:	e54c      	b.n	10004fd0 <_vsnprintf+0x648>
10005536:	9b0c      	ldr	r3, [sp, #48]	@ 0x30
10005538:	681b      	ldr	r3, [r3, #0]
1000553a:	9309      	str	r3, [sp, #36]	@ 0x24
1000553c:	e4e4      	b.n	10004f08 <_vsnprintf+0x580>
1000553e:	000a      	movs	r2, r1
10005540:	e434      	b.n	10004dac <_vsnprintf+0x424>
10005542:	2302      	movs	r3, #2
10005544:	0018      	movs	r0, r3
10005546:	4010      	ands	r0, r2
10005548:	900d      	str	r0, [sp, #52]	@ 0x34
1000554a:	4213      	tst	r3, r2
1000554c:	d000      	beq.n	10005550 <_vsnprintf+0xbc8>
1000554e:	e53e      	b.n	10004fce <_vsnprintf+0x646>
10005550:	4643      	mov	r3, r8
10005552:	2b00      	cmp	r3, #0
10005554:	d000      	beq.n	10005558 <_vsnprintf+0xbd0>
10005556:	e642      	b.n	100051de <_vsnprintf+0x856>
10005558:	f7ff fb71 	bl	10004c3e <_vsnprintf+0x2b6>
1000555c:	3301      	adds	r3, #1
1000555e:	930f      	str	r3, [sp, #60]	@ 0x3c
10005560:	e47f      	b.n	10004e62 <_vsnprintf+0x4da>
10005562:	4663      	mov	r3, ip
10005564:	930d      	str	r3, [sp, #52]	@ 0x34
10005566:	e7f3      	b.n	10005550 <_vsnprintf+0xbc8>

10005568 <__wrap_snprintf>:
10005568:	b40c      	push	{r2, r3}
1000556a:	b530      	push	{r4, r5, lr}
1000556c:	b085      	sub	sp, #20
1000556e:	ac08      	add	r4, sp, #32
10005570:	cc08      	ldmia	r4!, {r3}
10005572:	4d06      	ldr	r5, [pc, #24]	@ (1000558c <__wrap_snprintf+0x24>)
10005574:	000a      	movs	r2, r1
10005576:	9400      	str	r4, [sp, #0]
10005578:	0001      	movs	r1, r0
1000557a:	0028      	movs	r0, r5
1000557c:	9403      	str	r4, [sp, #12]
1000557e:	f7ff fa03 	bl	10004988 <_vsnprintf>
10005582:	b005      	add	sp, #20
10005584:	bc30      	pop	{r4, r5}
10005586:	bc08      	pop	{r3}
10005588:	b002      	add	sp, #8
1000558a:	4718      	bx	r3
1000558c:	10003cc1 	.word	0x10003cc1

10005590 <vfctprintf>:
10005590:	b510      	push	{r4, lr}
10005592:	000c      	movs	r4, r1
10005594:	b084      	sub	sp, #16
10005596:	9403      	str	r4, [sp, #12]
10005598:	2401      	movs	r4, #1
1000559a:	a902      	add	r1, sp, #8
1000559c:	9002      	str	r0, [sp, #8]
1000559e:	9300      	str	r3, [sp, #0]
100055a0:	4803      	ldr	r0, [pc, #12]	@ (100055b0 <vfctprintf+0x20>)
100055a2:	0013      	movs	r3, r2
100055a4:	4262      	negs	r2, r4
100055a6:	f7ff f9ef 	bl	10004988 <_vsnprintf>
100055aa:	b004      	add	sp, #16
100055ac:	bd10      	pop	{r4, pc}
100055ae:	46c0      	nop			@ (mov r8, r8)
100055b0:	10003f55 	.word	0x10003f55

100055b4 <weak_raw_vprintf>:
100055b4:	b510      	push	{r4, lr}
100055b6:	4a09      	ldr	r2, [pc, #36]	@ (100055dc <weak_raw_vprintf+0x28>)
100055b8:	0003      	movs	r3, r0
100055ba:	6814      	ldr	r4, [r2, #0]
100055bc:	b084      	sub	sp, #16
100055be:	2c00      	cmp	r4, #0
100055c0:	d008      	beq.n	100055d4 <weak_raw_vprintf+0x20>
100055c2:	2201      	movs	r2, #1
100055c4:	9100      	str	r1, [sp, #0]
100055c6:	4806      	ldr	r0, [pc, #24]	@ (100055e0 <weak_raw_vprintf+0x2c>)
100055c8:	4252      	negs	r2, r2
100055ca:	a903      	add	r1, sp, #12
100055cc:	47a0      	blx	r4
100055ce:	2001      	movs	r0, #1
100055d0:	b004      	add	sp, #16
100055d2:	bd10      	pop	{r4, pc}
100055d4:	f000 f998 	bl	10005908 <__wrap_puts>
100055d8:	2000      	movs	r0, #0
100055da:	e7f9      	b.n	100055d0 <weak_raw_vprintf+0x1c>
100055dc:	20001f94 	.word	0x20001f94
100055e0:	10003f45 	.word	0x10003f45

100055e4 <_exit>:
100055e4:	be00      	bkpt	0x0000
100055e6:	e7fd      	b.n	100055e4 <_exit>

100055e8 <exit>:
100055e8:	b510      	push	{r4, lr}
100055ea:	f7ff fffb 	bl	100055e4 <_exit>
100055ee:	46c0      	nop			@ (mov r8, r8)

100055f0 <runtime_init>:
100055f0:	b570      	push	{r4, r5, r6, lr}
100055f2:	f7fd fab1 	bl	10002b58 <runtime_run_initializers>
100055f6:	4d07      	ldr	r5, [pc, #28]	@ (10005614 <runtime_init+0x24>)
100055f8:	4e07      	ldr	r6, [pc, #28]	@ (10005618 <runtime_init+0x28>)
100055fa:	42b5      	cmp	r5, r6
100055fc:	d209      	bcs.n	10005612 <runtime_init+0x22>
100055fe:	2400      	movs	r4, #0
10005600:	3e01      	subs	r6, #1
10005602:	1b76      	subs	r6, r6, r5
10005604:	08b6      	lsrs	r6, r6, #2
10005606:	cd08      	ldmia	r5!, {r3}
10005608:	4798      	blx	r3
1000560a:	0023      	movs	r3, r4
1000560c:	3401      	adds	r4, #1
1000560e:	42b3      	cmp	r3, r6
10005610:	d1f9      	bne.n	10005606 <runtime_init+0x16>
10005612:	bd70      	pop	{r4, r5, r6, pc}
10005614:	100085f4 	.word	0x100085f4
10005618:	100085fc 	.word	0x100085fc

1000561c <stdio_out_chars_no_crlf>:
1000561c:	0003      	movs	r3, r0
1000561e:	b510      	push	{r4, lr}
10005620:	0008      	movs	r0, r1
10005622:	0011      	movs	r1, r2
10005624:	681b      	ldr	r3, [r3, #0]
10005626:	4798      	blx	r3
10005628:	bd10      	pop	{r4, pc}
1000562a:	46c0      	nop			@ (mov r8, r8)

1000562c <stdio_out_chars_crlf>:
1000562c:	b5f0      	push	{r4, r5, r6, r7, lr}
1000562e:	46c6      	mov	lr, r8
10005630:	b500      	push	{lr}
10005632:	7d43      	ldrb	r3, [r0, #21]
10005634:	0007      	movs	r7, r0
10005636:	000c      	movs	r4, r1
10005638:	0016      	movs	r6, r2
1000563a:	2b00      	cmp	r3, #0
1000563c:	d046      	beq.n	100056cc <stdio_out_chars_crlf+0xa0>
1000563e:	2a00      	cmp	r2, #0
10005640:	dd17      	ble.n	10005672 <stdio_out_chars_crlf+0x46>
10005642:	780b      	ldrb	r3, [r1, #0]
10005644:	2b0a      	cmp	r3, #10
10005646:	d024      	beq.n	10005692 <stdio_out_chars_crlf+0x66>
10005648:	2300      	movs	r3, #0
1000564a:	4698      	mov	r8, r3
1000564c:	2e01      	cmp	r6, #1
1000564e:	d013      	beq.n	10005678 <stdio_out_chars_crlf+0x4c>
10005650:	2501      	movs	r5, #1
10005652:	0029      	movs	r1, r5
10005654:	5c63      	ldrb	r3, [r4, r1]
10005656:	3501      	adds	r5, #1
10005658:	2b0a      	cmp	r3, #10
1000565a:	d026      	beq.n	100056aa <stdio_out_chars_crlf+0x7e>
1000565c:	42b5      	cmp	r5, r6
1000565e:	d1f8      	bne.n	10005652 <stdio_out_chars_crlf+0x26>
10005660:	4546      	cmp	r6, r8
10005662:	dc09      	bgt.n	10005678 <stdio_out_chars_crlf+0x4c>
10005664:	19a4      	adds	r4, r4, r6
10005666:	3c01      	subs	r4, #1
10005668:	7823      	ldrb	r3, [r4, #0]
1000566a:	3b0d      	subs	r3, #13
1000566c:	425a      	negs	r2, r3
1000566e:	4153      	adcs	r3, r2
10005670:	753b      	strb	r3, [r7, #20]
10005672:	bc80      	pop	{r7}
10005674:	46b8      	mov	r8, r7
10005676:	bdf0      	pop	{r4, r5, r6, r7, pc}
10005678:	4643      	mov	r3, r8
1000567a:	18e0      	adds	r0, r4, r3
1000567c:	19a4      	adds	r4, r4, r6
1000567e:	1af1      	subs	r1, r6, r3
10005680:	3c01      	subs	r4, #1
10005682:	683b      	ldr	r3, [r7, #0]
10005684:	4798      	blx	r3
10005686:	7823      	ldrb	r3, [r4, #0]
10005688:	3b0d      	subs	r3, #13
1000568a:	425a      	negs	r2, r3
1000568c:	4153      	adcs	r3, r2
1000568e:	753b      	strb	r3, [r7, #20]
10005690:	e7ef      	b.n	10005672 <stdio_out_chars_crlf+0x46>
10005692:	7d03      	ldrb	r3, [r0, #20]
10005694:	2b00      	cmp	r3, #0
10005696:	d1d7      	bne.n	10005648 <stdio_out_chars_crlf+0x1c>
10005698:	2102      	movs	r1, #2
1000569a:	480f      	ldr	r0, [pc, #60]	@ (100056d8 <stdio_out_chars_crlf+0xac>)
1000569c:	683b      	ldr	r3, [r7, #0]
1000569e:	4798      	blx	r3
100056a0:	2e01      	cmp	r6, #1
100056a2:	d0df      	beq.n	10005664 <stdio_out_chars_crlf+0x38>
100056a4:	2301      	movs	r3, #1
100056a6:	4698      	mov	r8, r3
100056a8:	e7d2      	b.n	10005650 <stdio_out_chars_crlf+0x24>
100056aa:	1e63      	subs	r3, r4, #1
100056ac:	5c5b      	ldrb	r3, [r3, r1]
100056ae:	2b0d      	cmp	r3, #13
100056b0:	d0d4      	beq.n	1000565c <stdio_out_chars_crlf+0x30>
100056b2:	4588      	cmp	r8, r1
100056b4:	da04      	bge.n	100056c0 <stdio_out_chars_crlf+0x94>
100056b6:	4643      	mov	r3, r8
100056b8:	1ac9      	subs	r1, r1, r3
100056ba:	18e0      	adds	r0, r4, r3
100056bc:	683b      	ldr	r3, [r7, #0]
100056be:	4798      	blx	r3
100056c0:	2102      	movs	r1, #2
100056c2:	4805      	ldr	r0, [pc, #20]	@ (100056d8 <stdio_out_chars_crlf+0xac>)
100056c4:	683b      	ldr	r3, [r7, #0]
100056c6:	46a8      	mov	r8, r5
100056c8:	4798      	blx	r3
100056ca:	e7c7      	b.n	1000565c <stdio_out_chars_crlf+0x30>
100056cc:	6803      	ldr	r3, [r0, #0]
100056ce:	0011      	movs	r1, r2
100056d0:	0020      	movs	r0, r4
100056d2:	4798      	blx	r3
100056d4:	e7cd      	b.n	10005672 <stdio_out_chars_crlf+0x46>
100056d6:	46c0      	nop			@ (mov r8, r8)
100056d8:	10008d18 	.word	0x10008d18

100056dc <stdio_buffered_printer>:
100056dc:	b5f0      	push	{r4, r5, r6, r7, lr}
100056de:	46c6      	mov	lr, r8
100056e0:	680b      	ldr	r3, [r1, #0]
100056e2:	0006      	movs	r6, r0
100056e4:	000c      	movs	r4, r1
100056e6:	b500      	push	{lr}
100056e8:	2b80      	cmp	r3, #128	@ 0x80
100056ea:	d006      	beq.n	100056fa <stdio_buffered_printer+0x1e>
100056ec:	1c5a      	adds	r2, r3, #1
100056ee:	6022      	str	r2, [r4, #0]
100056f0:	18e4      	adds	r4, r4, r3
100056f2:	7126      	strb	r6, [r4, #4]
100056f4:	bc80      	pop	{r7}
100056f6:	46b8      	mov	r8, r7
100056f8:	bdf0      	pop	{r4, r5, r6, r7, pc}
100056fa:	4b0f      	ldr	r3, [pc, #60]	@ (10005738 <stdio_buffered_printer+0x5c>)
100056fc:	681d      	ldr	r5, [r3, #0]
100056fe:	2d00      	cmp	r5, #0
10005700:	d016      	beq.n	10005730 <stdio_buffered_printer+0x54>
10005702:	1d0b      	adds	r3, r1, #4
10005704:	4698      	mov	r8, r3
10005706:	4f0d      	ldr	r7, [pc, #52]	@ (1000573c <stdio_buffered_printer+0x60>)
10005708:	e002      	b.n	10005710 <stdio_buffered_printer+0x34>
1000570a:	692d      	ldr	r5, [r5, #16]
1000570c:	2d00      	cmp	r5, #0
1000570e:	d00f      	beq.n	10005730 <stdio_buffered_printer+0x54>
10005710:	682b      	ldr	r3, [r5, #0]
10005712:	2b00      	cmp	r3, #0
10005714:	d0f9      	beq.n	1000570a <stdio_buffered_printer+0x2e>
10005716:	683b      	ldr	r3, [r7, #0]
10005718:	2b00      	cmp	r3, #0
1000571a:	d001      	beq.n	10005720 <stdio_buffered_printer+0x44>
1000571c:	42ab      	cmp	r3, r5
1000571e:	d1f4      	bne.n	1000570a <stdio_buffered_printer+0x2e>
10005720:	0028      	movs	r0, r5
10005722:	4641      	mov	r1, r8
10005724:	6822      	ldr	r2, [r4, #0]
10005726:	f7ff ff81 	bl	1000562c <stdio_out_chars_crlf>
1000572a:	692d      	ldr	r5, [r5, #16]
1000572c:	2d00      	cmp	r5, #0
1000572e:	d1ef      	bne.n	10005710 <stdio_buffered_printer+0x34>
10005730:	2201      	movs	r2, #1
10005732:	2300      	movs	r3, #0
10005734:	e7db      	b.n	100056ee <stdio_buffered_printer+0x12>
10005736:	46c0      	nop			@ (mov r8, r8)
10005738:	20001b80 	.word	0x20001b80
1000573c:	20001b88 	.word	0x20001b88

10005740 <stdio_put_string>:
10005740:	b5f0      	push	{r4, r5, r6, r7, lr}
10005742:	4645      	mov	r5, r8
10005744:	46de      	mov	lr, fp
10005746:	464e      	mov	r6, r9
10005748:	4657      	mov	r7, sl
1000574a:	b5e0      	push	{r5, r6, r7, lr}
1000574c:	b083      	sub	sp, #12
1000574e:	4691      	mov	r9, r2
10005750:	001c      	movs	r4, r3
10005752:	4680      	mov	r8, r0
10005754:	000d      	movs	r5, r1
10005756:	f7fc ffe9 	bl	1000272c <time_us_64>
1000575a:	2300      	movs	r3, #0
1000575c:	4a30      	ldr	r2, [pc, #192]	@ (10005820 <stdio_put_string+0xe0>)
1000575e:	1812      	adds	r2, r2, r0
10005760:	414b      	adcs	r3, r1
10005762:	2b00      	cmp	r3, #0
10005764:	da02      	bge.n	1000576c <stdio_put_string+0x2c>
10005766:	2201      	movs	r2, #1
10005768:	4b2e      	ldr	r3, [pc, #184]	@ (10005824 <stdio_put_string+0xe4>)
1000576a:	4252      	negs	r2, r2
1000576c:	492e      	ldr	r1, [pc, #184]	@ (10005828 <stdio_put_string+0xe8>)
1000576e:	0008      	movs	r0, r1
10005770:	468a      	mov	sl, r1
10005772:	f002 fef9 	bl	10008568 <__mutex_try_enter_block_until_veneer>
10005776:	0007      	movs	r7, r0
10005778:	1c6b      	adds	r3, r5, #1
1000577a:	d103      	bne.n	10005784 <stdio_put_string+0x44>
1000577c:	4640      	mov	r0, r8
1000577e:	f002 fe8b 	bl	10008498 <strlen>
10005782:	0005      	movs	r5, r0
10005784:	2c00      	cmp	r4, #0
10005786:	d027      	beq.n	100057d8 <stdio_put_string+0x98>
10005788:	4e28      	ldr	r6, [pc, #160]	@ (1000582c <stdio_put_string+0xec>)
1000578a:	4b29      	ldr	r3, [pc, #164]	@ (10005830 <stdio_put_string+0xf0>)
1000578c:	681c      	ldr	r4, [r3, #0]
1000578e:	2c00      	cmp	r4, #0
10005790:	d018      	beq.n	100057c4 <stdio_put_string+0x84>
10005792:	464b      	mov	r3, r9
10005794:	2b00      	cmp	r3, #0
10005796:	d121      	bne.n	100057dc <stdio_put_string+0x9c>
10005798:	4b26      	ldr	r3, [pc, #152]	@ (10005834 <stdio_put_string+0xf4>)
1000579a:	4699      	mov	r9, r3
1000579c:	e002      	b.n	100057a4 <stdio_put_string+0x64>
1000579e:	6924      	ldr	r4, [r4, #16]
100057a0:	2c00      	cmp	r4, #0
100057a2:	d00f      	beq.n	100057c4 <stdio_put_string+0x84>
100057a4:	6823      	ldr	r3, [r4, #0]
100057a6:	2b00      	cmp	r3, #0
100057a8:	d0f9      	beq.n	1000579e <stdio_put_string+0x5e>
100057aa:	464b      	mov	r3, r9
100057ac:	681b      	ldr	r3, [r3, #0]
100057ae:	2b00      	cmp	r3, #0
100057b0:	d001      	beq.n	100057b6 <stdio_put_string+0x76>
100057b2:	429c      	cmp	r4, r3
100057b4:	d1f3      	bne.n	1000579e <stdio_put_string+0x5e>
100057b6:	0020      	movs	r0, r4
100057b8:	002a      	movs	r2, r5
100057ba:	4641      	mov	r1, r8
100057bc:	47b0      	blx	r6
100057be:	6924      	ldr	r4, [r4, #16]
100057c0:	2c00      	cmp	r4, #0
100057c2:	d1ef      	bne.n	100057a4 <stdio_put_string+0x64>
100057c4:	2f00      	cmp	r7, #0
100057c6:	d126      	bne.n	10005816 <stdio_put_string+0xd6>
100057c8:	0028      	movs	r0, r5
100057ca:	b003      	add	sp, #12
100057cc:	bcf0      	pop	{r4, r5, r6, r7}
100057ce:	46bb      	mov	fp, r7
100057d0:	46b2      	mov	sl, r6
100057d2:	46a9      	mov	r9, r5
100057d4:	46a0      	mov	r8, r4
100057d6:	bdf0      	pop	{r4, r5, r6, r7, pc}
100057d8:	4e17      	ldr	r6, [pc, #92]	@ (10005838 <stdio_put_string+0xf8>)
100057da:	e7d6      	b.n	1000578a <stdio_put_string+0x4a>
100057dc:	4b15      	ldr	r3, [pc, #84]	@ (10005834 <stdio_put_string+0xf4>)
100057de:	4699      	mov	r9, r3
100057e0:	230a      	movs	r3, #10
100057e2:	469b      	mov	fp, r3
100057e4:	e002      	b.n	100057ec <stdio_put_string+0xac>
100057e6:	6924      	ldr	r4, [r4, #16]
100057e8:	2c00      	cmp	r4, #0
100057ea:	d0eb      	beq.n	100057c4 <stdio_put_string+0x84>
100057ec:	6823      	ldr	r3, [r4, #0]
100057ee:	2b00      	cmp	r3, #0
100057f0:	d0f9      	beq.n	100057e6 <stdio_put_string+0xa6>
100057f2:	464b      	mov	r3, r9
100057f4:	681b      	ldr	r3, [r3, #0]
100057f6:	2b00      	cmp	r3, #0
100057f8:	d001      	beq.n	100057fe <stdio_put_string+0xbe>
100057fa:	42a3      	cmp	r3, r4
100057fc:	d1f3      	bne.n	100057e6 <stdio_put_string+0xa6>
100057fe:	002a      	movs	r2, r5
10005800:	4641      	mov	r1, r8
10005802:	0020      	movs	r0, r4
10005804:	47b0      	blx	r6
10005806:	466b      	mov	r3, sp
10005808:	465a      	mov	r2, fp
1000580a:	0020      	movs	r0, r4
1000580c:	71da      	strb	r2, [r3, #7]
1000580e:	1dd9      	adds	r1, r3, #7
10005810:	2201      	movs	r2, #1
10005812:	47b0      	blx	r6
10005814:	e7e7      	b.n	100057e6 <stdio_put_string+0xa6>
10005816:	4650      	mov	r0, sl
10005818:	f002 fe76 	bl	10008508 <__mutex_exit_veneer>
1000581c:	e7d4      	b.n	100057c8 <stdio_put_string+0x88>
1000581e:	46c0      	nop			@ (mov r8, r8)
10005820:	000f4240 	.word	0x000f4240
10005824:	7fffffff 	.word	0x7fffffff
10005828:	200010b0 	.word	0x200010b0
1000582c:	1000562d 	.word	0x1000562d
10005830:	20001b80 	.word	0x20001b80
10005834:	20001b88 	.word	0x20001b88
10005838:	1000561d 	.word	0x1000561d

1000583c <stdio_set_driver_enabled>:
1000583c:	4a0a      	ldr	r2, [pc, #40]	@ (10005868 <stdio_set_driver_enabled+0x2c>)
1000583e:	6813      	ldr	r3, [r2, #0]
10005840:	2b00      	cmp	r3, #0
10005842:	d105      	bne.n	10005850 <stdio_set_driver_enabled+0x14>
10005844:	e00c      	b.n	10005860 <stdio_set_driver_enabled+0x24>
10005846:	001a      	movs	r2, r3
10005848:	691b      	ldr	r3, [r3, #16]
1000584a:	3210      	adds	r2, #16
1000584c:	2b00      	cmp	r3, #0
1000584e:	d007      	beq.n	10005860 <stdio_set_driver_enabled+0x24>
10005850:	4283      	cmp	r3, r0
10005852:	d1f8      	bne.n	10005846 <stdio_set_driver_enabled+0xa>
10005854:	2900      	cmp	r1, #0
10005856:	d102      	bne.n	1000585e <stdio_set_driver_enabled+0x22>
10005858:	6918      	ldr	r0, [r3, #16]
1000585a:	6010      	str	r0, [r2, #0]
1000585c:	6119      	str	r1, [r3, #16]
1000585e:	4770      	bx	lr
10005860:	2900      	cmp	r1, #0
10005862:	d0fc      	beq.n	1000585e <stdio_set_driver_enabled+0x22>
10005864:	6010      	str	r0, [r2, #0]
10005866:	e7fa      	b.n	1000585e <stdio_set_driver_enabled+0x22>
10005868:	20001b80 	.word	0x20001b80

1000586c <stdio_init_all>:
1000586c:	b510      	push	{r4, lr}
1000586e:	f000 faf1 	bl	10005e54 <stdio_usb_init>
10005872:	bd10      	pop	{r4, pc}

10005874 <__wrap_putchar>:
10005874:	b5f0      	push	{r4, r5, r6, r7, lr}
10005876:	46ce      	mov	lr, r9
10005878:	4647      	mov	r7, r8
1000587a:	b580      	push	{r7, lr}
1000587c:	b083      	sub	sp, #12
1000587e:	466b      	mov	r3, sp
10005880:	0006      	movs	r6, r0
10005882:	1ddd      	adds	r5, r3, #7
10005884:	7028      	strb	r0, [r5, #0]
10005886:	f7fc ff51 	bl	1000272c <time_us_64>
1000588a:	2300      	movs	r3, #0
1000588c:	4a19      	ldr	r2, [pc, #100]	@ (100058f4 <__wrap_putchar+0x80>)
1000588e:	1812      	adds	r2, r2, r0
10005890:	414b      	adcs	r3, r1
10005892:	2b00      	cmp	r3, #0
10005894:	da02      	bge.n	1000589c <__wrap_putchar+0x28>
10005896:	2201      	movs	r2, #1
10005898:	4b17      	ldr	r3, [pc, #92]	@ (100058f8 <__wrap_putchar+0x84>)
1000589a:	4252      	negs	r2, r2
1000589c:	4917      	ldr	r1, [pc, #92]	@ (100058fc <__wrap_putchar+0x88>)
1000589e:	0008      	movs	r0, r1
100058a0:	4688      	mov	r8, r1
100058a2:	f002 fe61 	bl	10008568 <__mutex_try_enter_block_until_veneer>
100058a6:	4b16      	ldr	r3, [pc, #88]	@ (10005900 <__wrap_putchar+0x8c>)
100058a8:	4681      	mov	r9, r0
100058aa:	681c      	ldr	r4, [r3, #0]
100058ac:	2c00      	cmp	r4, #0
100058ae:	d014      	beq.n	100058da <__wrap_putchar+0x66>
100058b0:	4f14      	ldr	r7, [pc, #80]	@ (10005904 <__wrap_putchar+0x90>)
100058b2:	e002      	b.n	100058ba <__wrap_putchar+0x46>
100058b4:	6924      	ldr	r4, [r4, #16]
100058b6:	2c00      	cmp	r4, #0
100058b8:	d00f      	beq.n	100058da <__wrap_putchar+0x66>
100058ba:	6823      	ldr	r3, [r4, #0]
100058bc:	2b00      	cmp	r3, #0
100058be:	d0f9      	beq.n	100058b4 <__wrap_putchar+0x40>
100058c0:	683b      	ldr	r3, [r7, #0]
100058c2:	2b00      	cmp	r3, #0
100058c4:	d001      	beq.n	100058ca <__wrap_putchar+0x56>
100058c6:	429c      	cmp	r4, r3
100058c8:	d1f4      	bne.n	100058b4 <__wrap_putchar+0x40>
100058ca:	0020      	movs	r0, r4
100058cc:	2201      	movs	r2, #1
100058ce:	0029      	movs	r1, r5
100058d0:	f7ff feac 	bl	1000562c <stdio_out_chars_crlf>
100058d4:	6924      	ldr	r4, [r4, #16]
100058d6:	2c00      	cmp	r4, #0
100058d8:	d1ef      	bne.n	100058ba <__wrap_putchar+0x46>
100058da:	464b      	mov	r3, r9
100058dc:	2b00      	cmp	r3, #0
100058de:	d105      	bne.n	100058ec <__wrap_putchar+0x78>
100058e0:	0030      	movs	r0, r6
100058e2:	b003      	add	sp, #12
100058e4:	bcc0      	pop	{r6, r7}
100058e6:	46b9      	mov	r9, r7
100058e8:	46b0      	mov	r8, r6
100058ea:	bdf0      	pop	{r4, r5, r6, r7, pc}
100058ec:	4640      	mov	r0, r8
100058ee:	f002 fe0b 	bl	10008508 <__mutex_exit_veneer>
100058f2:	e7f5      	b.n	100058e0 <__wrap_putchar+0x6c>
100058f4:	000f4240 	.word	0x000f4240
100058f8:	7fffffff 	.word	0x7fffffff
100058fc:	200010b0 	.word	0x200010b0
10005900:	20001b80 	.word	0x20001b80
10005904:	20001b88 	.word	0x20001b88

10005908 <__wrap_puts>:
10005908:	b570      	push	{r4, r5, r6, lr}
1000590a:	0004      	movs	r4, r0
1000590c:	f002 fdc4 	bl	10008498 <strlen>
10005910:	2301      	movs	r3, #1
10005912:	0001      	movs	r1, r0
10005914:	0005      	movs	r5, r0
10005916:	2201      	movs	r2, #1
10005918:	0020      	movs	r0, r4
1000591a:	f7ff ff11 	bl	10005740 <stdio_put_string>
1000591e:	4b08      	ldr	r3, [pc, #32]	@ (10005940 <__wrap_puts+0x38>)
10005920:	681c      	ldr	r4, [r3, #0]
10005922:	2c00      	cmp	r4, #0
10005924:	d006      	beq.n	10005934 <__wrap_puts+0x2c>
10005926:	6863      	ldr	r3, [r4, #4]
10005928:	2b00      	cmp	r3, #0
1000592a:	d005      	beq.n	10005938 <__wrap_puts+0x30>
1000592c:	4798      	blx	r3
1000592e:	6924      	ldr	r4, [r4, #16]
10005930:	2c00      	cmp	r4, #0
10005932:	d1f8      	bne.n	10005926 <__wrap_puts+0x1e>
10005934:	0028      	movs	r0, r5
10005936:	bd70      	pop	{r4, r5, r6, pc}
10005938:	6924      	ldr	r4, [r4, #16]
1000593a:	2c00      	cmp	r4, #0
1000593c:	d1f3      	bne.n	10005926 <__wrap_puts+0x1e>
1000593e:	e7f9      	b.n	10005934 <__wrap_puts+0x2c>
10005940:	20001b80 	.word	0x20001b80

10005944 <__wrap_vprintf>:
10005944:	b5f0      	push	{r4, r5, r6, r7, lr}
10005946:	46ce      	mov	lr, r9
10005948:	4647      	mov	r7, r8
1000594a:	b580      	push	{r7, lr}
1000594c:	b0a3      	sub	sp, #140	@ 0x8c
1000594e:	0004      	movs	r4, r0
10005950:	000d      	movs	r5, r1
10005952:	f7fc feeb 	bl	1000272c <time_us_64>
10005956:	2300      	movs	r3, #0
10005958:	4a27      	ldr	r2, [pc, #156]	@ (100059f8 <__wrap_vprintf+0xb4>)
1000595a:	1812      	adds	r2, r2, r0
1000595c:	414b      	adcs	r3, r1
1000595e:	2b00      	cmp	r3, #0
10005960:	da02      	bge.n	10005968 <__wrap_vprintf+0x24>
10005962:	2201      	movs	r2, #1
10005964:	4b25      	ldr	r3, [pc, #148]	@ (100059fc <__wrap_vprintf+0xb8>)
10005966:	4252      	negs	r2, r2
10005968:	4e25      	ldr	r6, [pc, #148]	@ (10005a00 <__wrap_vprintf+0xbc>)
1000596a:	0030      	movs	r0, r6
1000596c:	f002 fdfc 	bl	10008568 <__mutex_try_enter_block_until_veneer>
10005970:	2300      	movs	r3, #0
10005972:	0022      	movs	r2, r4
10005974:	9301      	str	r3, [sp, #4]
10005976:	0007      	movs	r7, r0
10005978:	002b      	movs	r3, r5
1000597a:	4822      	ldr	r0, [pc, #136]	@ (10005a04 <__wrap_vprintf+0xc0>)
1000597c:	a901      	add	r1, sp, #4
1000597e:	f7ff fe07 	bl	10005590 <vfctprintf>
10005982:	4b21      	ldr	r3, [pc, #132]	@ (10005a08 <__wrap_vprintf+0xc4>)
10005984:	4680      	mov	r8, r0
10005986:	4699      	mov	r9, r3
10005988:	681c      	ldr	r4, [r3, #0]
1000598a:	9b01      	ldr	r3, [sp, #4]
1000598c:	2b00      	cmp	r3, #0
1000598e:	d01a      	beq.n	100059c6 <__wrap_vprintf+0x82>
10005990:	2c00      	cmp	r4, #0
10005992:	d02f      	beq.n	100059f4 <__wrap_vprintf+0xb0>
10005994:	4d1d      	ldr	r5, [pc, #116]	@ (10005a0c <__wrap_vprintf+0xc8>)
10005996:	e002      	b.n	1000599e <__wrap_vprintf+0x5a>
10005998:	6924      	ldr	r4, [r4, #16]
1000599a:	2c00      	cmp	r4, #0
1000599c:	d00f      	beq.n	100059be <__wrap_vprintf+0x7a>
1000599e:	6823      	ldr	r3, [r4, #0]
100059a0:	2b00      	cmp	r3, #0
100059a2:	d0f9      	beq.n	10005998 <__wrap_vprintf+0x54>
100059a4:	682b      	ldr	r3, [r5, #0]
100059a6:	2b00      	cmp	r3, #0
100059a8:	d001      	beq.n	100059ae <__wrap_vprintf+0x6a>
100059aa:	42a3      	cmp	r3, r4
100059ac:	d1f4      	bne.n	10005998 <__wrap_vprintf+0x54>
100059ae:	0020      	movs	r0, r4
100059b0:	9a01      	ldr	r2, [sp, #4]
100059b2:	a902      	add	r1, sp, #8
100059b4:	f7ff fe3a 	bl	1000562c <stdio_out_chars_crlf>
100059b8:	6924      	ldr	r4, [r4, #16]
100059ba:	2c00      	cmp	r4, #0
100059bc:	d1ef      	bne.n	1000599e <__wrap_vprintf+0x5a>
100059be:	464b      	mov	r3, r9
100059c0:	681c      	ldr	r4, [r3, #0]
100059c2:	2300      	movs	r3, #0
100059c4:	9301      	str	r3, [sp, #4]
100059c6:	2c00      	cmp	r4, #0
100059c8:	d006      	beq.n	100059d8 <__wrap_vprintf+0x94>
100059ca:	6863      	ldr	r3, [r4, #4]
100059cc:	2b00      	cmp	r3, #0
100059ce:	d00b      	beq.n	100059e8 <__wrap_vprintf+0xa4>
100059d0:	4798      	blx	r3
100059d2:	6924      	ldr	r4, [r4, #16]
100059d4:	2c00      	cmp	r4, #0
100059d6:	d1f8      	bne.n	100059ca <__wrap_vprintf+0x86>
100059d8:	2f00      	cmp	r7, #0
100059da:	d107      	bne.n	100059ec <__wrap_vprintf+0xa8>
100059dc:	4640      	mov	r0, r8
100059de:	b023      	add	sp, #140	@ 0x8c
100059e0:	bcc0      	pop	{r6, r7}
100059e2:	46b9      	mov	r9, r7
100059e4:	46b0      	mov	r8, r6
100059e6:	bdf0      	pop	{r4, r5, r6, r7, pc}
100059e8:	6924      	ldr	r4, [r4, #16]
100059ea:	e7ec      	b.n	100059c6 <__wrap_vprintf+0x82>
100059ec:	0030      	movs	r0, r6
100059ee:	f002 fd8b 	bl	10008508 <__mutex_exit_veneer>
100059f2:	e7f3      	b.n	100059dc <__wrap_vprintf+0x98>
100059f4:	9401      	str	r4, [sp, #4]
100059f6:	e7ef      	b.n	100059d8 <__wrap_vprintf+0x94>
100059f8:	000f4240 	.word	0x000f4240
100059fc:	7fffffff 	.word	0x7fffffff
10005a00:	200010b0 	.word	0x200010b0
10005a04:	100056dd 	.word	0x100056dd
10005a08:	20001b80 	.word	0x20001b80
10005a0c:	20001b88 	.word	0x20001b88

10005a10 <__wrap_printf>:
10005a10:	b40f      	push	{r0, r1, r2, r3}
10005a12:	b500      	push	{lr}
10005a14:	b083      	sub	sp, #12
10005a16:	a904      	add	r1, sp, #16
10005a18:	c901      	ldmia	r1!, {r0}
10005a1a:	9101      	str	r1, [sp, #4]
10005a1c:	f7ff ff92 	bl	10005944 <__wrap_vprintf>
10005a20:	b003      	add	sp, #12
10005a22:	bc08      	pop	{r3}
10005a24:	b004      	add	sp, #16
10005a26:	4718      	bx	r3

10005a28 <resetd_init>:
10005a28:	4770      	bx	lr
10005a2a:	46c0      	nop			@ (mov r8, r8)

10005a2c <resetd_reset>:
10005a2c:	2200      	movs	r2, #0
10005a2e:	4b01      	ldr	r3, [pc, #4]	@ (10005a34 <resetd_reset+0x8>)
10005a30:	701a      	strb	r2, [r3, #0]
10005a32:	4770      	bx	lr
10005a34:	2000200e 	.word	0x2000200e

10005a38 <resetd_open>:
10005a38:	794b      	ldrb	r3, [r1, #5]
10005a3a:	2000      	movs	r0, #0
10005a3c:	2bff      	cmp	r3, #255	@ 0xff
10005a3e:	d10b      	bne.n	10005a58 <resetd_open+0x20>
10005a40:	798b      	ldrb	r3, [r1, #6]
10005a42:	2b00      	cmp	r3, #0
10005a44:	d108      	bne.n	10005a58 <resetd_open+0x20>
10005a46:	79cb      	ldrb	r3, [r1, #7]
10005a48:	2b01      	cmp	r3, #1
10005a4a:	d105      	bne.n	10005a58 <resetd_open+0x20>
10005a4c:	2a08      	cmp	r2, #8
10005a4e:	d903      	bls.n	10005a58 <resetd_open+0x20>
10005a50:	4b02      	ldr	r3, [pc, #8]	@ (10005a5c <resetd_open+0x24>)
10005a52:	788a      	ldrb	r2, [r1, #2]
10005a54:	3009      	adds	r0, #9
10005a56:	701a      	strb	r2, [r3, #0]
10005a58:	4770      	bx	lr
10005a5a:	46c0      	nop			@ (mov r8, r8)
10005a5c:	2000200e 	.word	0x2000200e

10005a60 <resetd_xfer_cb>:
10005a60:	2001      	movs	r0, #1
10005a62:	4770      	bx	lr

10005a64 <resetd_control_xfer_cb>:
10005a64:	b510      	push	{r4, lr}
10005a66:	2901      	cmp	r1, #1
10005a68:	d113      	bne.n	10005a92 <resetd_control_xfer_cb+0x2e>
10005a6a:	4912      	ldr	r1, [pc, #72]	@ (10005ab4 <resetd_control_xfer_cb+0x50>)
10005a6c:	7953      	ldrb	r3, [r2, #5]
10005a6e:	7910      	ldrb	r0, [r2, #4]
10005a70:	7809      	ldrb	r1, [r1, #0]
10005a72:	021b      	lsls	r3, r3, #8
10005a74:	4303      	orrs	r3, r0
10005a76:	2000      	movs	r0, #0
10005a78:	4299      	cmp	r1, r3
10005a7a:	d000      	beq.n	10005a7e <resetd_control_xfer_cb+0x1a>
10005a7c:	bd10      	pop	{r4, pc}
10005a7e:	7853      	ldrb	r3, [r2, #1]
10005a80:	2b01      	cmp	r3, #1
10005a82:	d008      	beq.n	10005a96 <resetd_control_xfer_cb+0x32>
10005a84:	2b02      	cmp	r3, #2
10005a86:	d1f9      	bne.n	10005a7c <resetd_control_xfer_cb+0x18>
10005a88:	2264      	movs	r2, #100	@ 0x64
10005a8a:	2100      	movs	r1, #0
10005a8c:	2000      	movs	r0, #0
10005a8e:	f7fc ffad 	bl	100029ec <watchdog_reboot>
10005a92:	2001      	movs	r0, #1
10005a94:	e7f2      	b.n	10005a7c <resetd_control_xfer_cb+0x18>
10005a96:	78d3      	ldrb	r3, [r2, #3]
10005a98:	7891      	ldrb	r1, [r2, #2]
10005a9a:	021b      	lsls	r3, r3, #8
10005a9c:	4319      	orrs	r1, r3
10005a9e:	0a48      	lsrs	r0, r1, #9
10005aa0:	05db      	lsls	r3, r3, #23
10005aa2:	d401      	bmi.n	10005aa8 <resetd_control_xfer_cb+0x44>
10005aa4:	2001      	movs	r0, #1
10005aa6:	4240      	negs	r0, r0
10005aa8:	237f      	movs	r3, #127	@ 0x7f
10005aaa:	058a      	lsls	r2, r1, #22
10005aac:	0fd2      	lsrs	r2, r2, #31
10005aae:	4019      	ands	r1, r3
10005ab0:	f7fd f824 	bl	10002afc <rom_reset_usb_boot_extra>
10005ab4:	2000200e 	.word	0x2000200e

10005ab8 <tud_descriptor_bos_cb>:
10005ab8:	4800      	ldr	r0, [pc, #0]	@ (10005abc <tud_descriptor_bos_cb+0x4>)
10005aba:	4770      	bx	lr
10005abc:	10008de4 	.word	0x10008de4

10005ac0 <tud_vendor_control_xfer_cb>:
10005ac0:	b570      	push	{r4, r5, r6, lr}
10005ac2:	0005      	movs	r5, r0
10005ac4:	0014      	movs	r4, r2
10005ac6:	2001      	movs	r0, #1
10005ac8:	2901      	cmp	r1, #1
10005aca:	d109      	bne.n	10005ae0 <tud_vendor_control_xfer_cb+0x20>
10005acc:	7853      	ldrb	r3, [r2, #1]
10005ace:	2000      	movs	r0, #0
10005ad0:	2b01      	cmp	r3, #1
10005ad2:	d105      	bne.n	10005ae0 <tud_vendor_control_xfer_cb+0x20>
10005ad4:	7963      	ldrb	r3, [r4, #5]
10005ad6:	7912      	ldrb	r2, [r2, #4]
10005ad8:	021b      	lsls	r3, r3, #8
10005ada:	4313      	orrs	r3, r2
10005adc:	2b07      	cmp	r3, #7
10005ade:	d000      	beq.n	10005ae2 <tud_vendor_control_xfer_cb+0x22>
10005ae0:	bd70      	pop	{r4, r5, r6, pc}
10005ae2:	0021      	movs	r1, r4
10005ae4:	0028      	movs	r0, r5
10005ae6:	4a02      	ldr	r2, [pc, #8]	@ (10005af0 <tud_vendor_control_xfer_cb+0x30>)
10005ae8:	339f      	adds	r3, #159	@ 0x9f
10005aea:	f001 fa55 	bl	10006f98 <tud_control_xfer>
10005aee:	e7f7      	b.n	10005ae0 <tud_vendor_control_xfer_cb+0x20>
10005af0:	10008d3c 	.word	0x10008d3c

10005af4 <usbd_app_driver_get_cb>:
10005af4:	2301      	movs	r3, #1
10005af6:	7003      	strb	r3, [r0, #0]
10005af8:	4800      	ldr	r0, [pc, #0]	@ (10005afc <usbd_app_driver_get_cb+0x8>)
10005afa:	4770      	bx	lr
10005afc:	10008d1c 	.word	0x10008d1c

10005b00 <tud_cdc_line_coding_cb>:
10005b00:	784b      	ldrb	r3, [r1, #1]
10005b02:	780a      	ldrb	r2, [r1, #0]
10005b04:	021b      	lsls	r3, r3, #8
10005b06:	4313      	orrs	r3, r2
10005b08:	788a      	ldrb	r2, [r1, #2]
10005b0a:	b510      	push	{r4, lr}
10005b0c:	0412      	lsls	r2, r2, #16
10005b0e:	431a      	orrs	r2, r3
10005b10:	78cb      	ldrb	r3, [r1, #3]
10005b12:	061b      	lsls	r3, r3, #24
10005b14:	4313      	orrs	r3, r2
10005b16:	2296      	movs	r2, #150	@ 0x96
10005b18:	00d2      	lsls	r2, r2, #3
10005b1a:	4293      	cmp	r3, r2
10005b1c:	d000      	beq.n	10005b20 <tud_cdc_line_coding_cb+0x20>
10005b1e:	bd10      	pop	{r4, pc}
10005b20:	2200      	movs	r2, #0
10005b22:	2001      	movs	r0, #1
10005b24:	0011      	movs	r1, r2
10005b26:	4240      	negs	r0, r0
10005b28:	f7fc ffe8 	bl	10002afc <rom_reset_usb_boot_extra>

10005b2c <stdio_usb_set_chars_available_callback>:
10005b2c:	4b02      	ldr	r3, [pc, #8]	@ (10005b38 <stdio_usb_set_chars_available_callback+0xc>)
10005b2e:	6018      	str	r0, [r3, #0]
10005b30:	4b02      	ldr	r3, [pc, #8]	@ (10005b3c <stdio_usb_set_chars_available_callback+0x10>)
10005b32:	6019      	str	r1, [r3, #0]
10005b34:	4770      	bx	lr
10005b36:	46c0      	nop			@ (mov r8, r8)
10005b38:	20001b20 	.word	0x20001b20
10005b3c:	20001b24 	.word	0x20001b24

10005b40 <usb_irq>:
10005b40:	b510      	push	{r4, lr}
10005b42:	4b02      	ldr	r3, [pc, #8]	@ (10005b4c <usb_irq+0xc>)
10005b44:	7818      	ldrb	r0, [r3, #0]
10005b46:	f7fb fe71 	bl	1000182c <irq_set_pending>
10005b4a:	bd10      	pop	{r4, pc}
10005b4c:	2000200f 	.word	0x2000200f

10005b50 <timer_task>:
10005b50:	4b15      	ldr	r3, [pc, #84]	@ (10005ba8 <timer_task+0x58>)
10005b52:	b570      	push	{r4, r5, r6, lr}
10005b54:	681a      	ldr	r2, [r3, #0]
10005b56:	2a00      	cmp	r2, #0
10005b58:	d022      	beq.n	10005ba0 <timer_task+0x50>
10005b5a:	f3ef 8110 	mrs	r1, PRIMASK
10005b5e:	b672      	cpsid	i
10005b60:	6810      	ldr	r0, [r2, #0]
10005b62:	2800      	cmp	r0, #0
10005b64:	d0fc      	beq.n	10005b60 <timer_task+0x10>
10005b66:	f3bf 8f5f 	dmb	sy
10005b6a:	2000      	movs	r0, #0
10005b6c:	4a0f      	ldr	r2, [pc, #60]	@ (10005bac <timer_task+0x5c>)
10005b6e:	6059      	str	r1, [r3, #4]
10005b70:	7010      	strb	r0, [r2, #0]
10005b72:	681b      	ldr	r3, [r3, #0]
10005b74:	f3bf 8f5f 	dmb	sy
10005b78:	6018      	str	r0, [r3, #0]
10005b7a:	f381 8810 	msr	PRIMASK, r1
10005b7e:	2400      	movs	r4, #0
10005b80:	2500      	movs	r5, #0
10005b82:	4e0b      	ldr	r6, [pc, #44]	@ (10005bb0 <timer_task+0x60>)
10005b84:	7830      	ldrb	r0, [r6, #0]
10005b86:	f7fb fe45 	bl	10001814 <irq_is_enabled>
10005b8a:	2800      	cmp	r0, #0
10005b8c:	d104      	bne.n	10005b98 <timer_task+0x48>
10005b8e:	2400      	movs	r4, #0
10005b90:	2500      	movs	r5, #0
10005b92:	0029      	movs	r1, r5
10005b94:	0020      	movs	r0, r4
10005b96:	bd70      	pop	{r4, r5, r6, pc}
10005b98:	7830      	ldrb	r0, [r6, #0]
10005b9a:	f7fb fe47 	bl	1000182c <irq_set_pending>
10005b9e:	e7f8      	b.n	10005b92 <timer_task+0x42>
10005ba0:	24fa      	movs	r4, #250	@ 0xfa
10005ba2:	2500      	movs	r5, #0
10005ba4:	00a4      	lsls	r4, r4, #2
10005ba6:	e7ec      	b.n	10005b82 <timer_task+0x32>
10005ba8:	20001fc0 	.word	0x20001fc0
10005bac:	20002010 	.word	0x20002010
10005bb0:	2000200f 	.word	0x2000200f

10005bb4 <stdio_usb_in_chars>:
10005bb4:	b570      	push	{r4, r5, r6, lr}
10005bb6:	0004      	movs	r4, r0
10005bb8:	2000      	movs	r0, #0
10005bba:	000e      	movs	r6, r1
10005bbc:	f001 fb0a 	bl	100071d4 <tud_cdc_n_connected>
10005bc0:	2800      	cmp	r0, #0
10005bc2:	d034      	beq.n	10005c2e <stdio_usb_in_chars+0x7a>
10005bc4:	2000      	movs	r0, #0
10005bc6:	f001 fb1b 	bl	10007200 <tud_cdc_n_available>
10005bca:	2800      	cmp	r0, #0
10005bcc:	d02f      	beq.n	10005c2e <stdio_usb_in_chars+0x7a>
10005bce:	f7fc fdad 	bl	1000272c <time_us_64>
10005bd2:	2300      	movs	r3, #0
10005bd4:	4a17      	ldr	r2, [pc, #92]	@ (10005c34 <stdio_usb_in_chars+0x80>)
10005bd6:	1812      	adds	r2, r2, r0
10005bd8:	414b      	adcs	r3, r1
10005bda:	2b00      	cmp	r3, #0
10005bdc:	db16      	blt.n	10005c0c <stdio_usb_in_chars+0x58>
10005bde:	4d16      	ldr	r5, [pc, #88]	@ (10005c38 <stdio_usb_in_chars+0x84>)
10005be0:	0028      	movs	r0, r5
10005be2:	f002 fcc1 	bl	10008568 <__mutex_try_enter_block_until_veneer>
10005be6:	2800      	cmp	r0, #0
10005be8:	d021      	beq.n	10005c2e <stdio_usb_in_chars+0x7a>
10005bea:	2000      	movs	r0, #0
10005bec:	f001 faf2 	bl	100071d4 <tud_cdc_n_connected>
10005bf0:	2800      	cmp	r0, #0
10005bf2:	d10f      	bne.n	10005c14 <stdio_usb_in_chars+0x60>
10005bf4:	2001      	movs	r0, #1
10005bf6:	2100      	movs	r1, #0
10005bf8:	4240      	negs	r0, r0
10005bfa:	f000 fd01 	bl	10006600 <tud_task_ext>
10005bfe:	2403      	movs	r4, #3
10005c00:	4264      	negs	r4, r4
10005c02:	0028      	movs	r0, r5
10005c04:	f002 fc80 	bl	10008508 <__mutex_exit_veneer>
10005c08:	0020      	movs	r0, r4
10005c0a:	bd70      	pop	{r4, r5, r6, pc}
10005c0c:	2201      	movs	r2, #1
10005c0e:	4b0b      	ldr	r3, [pc, #44]	@ (10005c3c <stdio_usb_in_chars+0x88>)
10005c10:	4252      	negs	r2, r2
10005c12:	e7e4      	b.n	10005bde <stdio_usb_in_chars+0x2a>
10005c14:	2000      	movs	r0, #0
10005c16:	f001 faf3 	bl	10007200 <tud_cdc_n_available>
10005c1a:	2800      	cmp	r0, #0
10005c1c:	d0ea      	beq.n	10005bf4 <stdio_usb_in_chars+0x40>
10005c1e:	0021      	movs	r1, r4
10005c20:	0032      	movs	r2, r6
10005c22:	2000      	movs	r0, #0
10005c24:	f001 faf6 	bl	10007214 <tud_cdc_n_read>
10005c28:	1e04      	subs	r4, r0, #0
10005c2a:	d1ea      	bne.n	10005c02 <stdio_usb_in_chars+0x4e>
10005c2c:	e7e7      	b.n	10005bfe <stdio_usb_in_chars+0x4a>
10005c2e:	2403      	movs	r4, #3
10005c30:	4264      	negs	r4, r4
10005c32:	e7e9      	b.n	10005c08 <stdio_usb_in_chars+0x54>
10005c34:	000f4240 	.word	0x000f4240
10005c38:	20001ff0 	.word	0x20001ff0
10005c3c:	7fffffff 	.word	0x7fffffff

10005c40 <stdio_usb_out_flush>:
10005c40:	b510      	push	{r4, lr}
10005c42:	f7fc fd73 	bl	1000272c <time_us_64>
10005c46:	2300      	movs	r3, #0
10005c48:	4a0d      	ldr	r2, [pc, #52]	@ (10005c80 <stdio_usb_out_flush+0x40>)
10005c4a:	1812      	adds	r2, r2, r0
10005c4c:	414b      	adcs	r3, r1
10005c4e:	2b00      	cmp	r3, #0
10005c50:	da02      	bge.n	10005c58 <stdio_usb_out_flush+0x18>
10005c52:	2201      	movs	r2, #1
10005c54:	4b0b      	ldr	r3, [pc, #44]	@ (10005c84 <stdio_usb_out_flush+0x44>)
10005c56:	4252      	negs	r2, r2
10005c58:	4c0b      	ldr	r4, [pc, #44]	@ (10005c88 <stdio_usb_out_flush+0x48>)
10005c5a:	0020      	movs	r0, r4
10005c5c:	f002 fc84 	bl	10008568 <__mutex_try_enter_block_until_veneer>
10005c60:	2800      	cmp	r0, #0
10005c62:	d00c      	beq.n	10005c7e <stdio_usb_out_flush+0x3e>
10005c64:	2001      	movs	r0, #1
10005c66:	2100      	movs	r1, #0
10005c68:	4240      	negs	r0, r0
10005c6a:	f000 fcc9 	bl	10006600 <tud_task_ext>
10005c6e:	2000      	movs	r0, #0
10005c70:	f001 fb14 	bl	1000729c <tud_cdc_n_write_flush>
10005c74:	2800      	cmp	r0, #0
10005c76:	d1f5      	bne.n	10005c64 <stdio_usb_out_flush+0x24>
10005c78:	0020      	movs	r0, r4
10005c7a:	f002 fc45 	bl	10008508 <__mutex_exit_veneer>
10005c7e:	bd10      	pop	{r4, pc}
10005c80:	000f4240 	.word	0x000f4240
10005c84:	7fffffff 	.word	0x7fffffff
10005c88:	20001ff0 	.word	0x20001ff0

10005c8c <stdio_usb_out_chars>:
10005c8c:	b5f8      	push	{r3, r4, r5, r6, r7, lr}
10005c8e:	46de      	mov	lr, fp
10005c90:	4657      	mov	r7, sl
10005c92:	b580      	push	{r7, lr}
10005c94:	0005      	movs	r5, r0
10005c96:	000c      	movs	r4, r1
10005c98:	f7fc fd48 	bl	1000272c <time_us_64>
10005c9c:	2300      	movs	r3, #0
10005c9e:	4a36      	ldr	r2, [pc, #216]	@ (10005d78 <stdio_usb_out_chars+0xec>)
10005ca0:	1812      	adds	r2, r2, r0
10005ca2:	414b      	adcs	r3, r1
10005ca4:	2b00      	cmp	r3, #0
10005ca6:	da02      	bge.n	10005cae <stdio_usb_out_chars+0x22>
10005ca8:	2201      	movs	r2, #1
10005caa:	4b34      	ldr	r3, [pc, #208]	@ (10005d7c <stdio_usb_out_chars+0xf0>)
10005cac:	4252      	negs	r2, r2
10005cae:	4934      	ldr	r1, [pc, #208]	@ (10005d80 <stdio_usb_out_chars+0xf4>)
10005cb0:	0008      	movs	r0, r1
10005cb2:	468a      	mov	sl, r1
10005cb4:	f002 fc58 	bl	10008568 <__mutex_try_enter_block_until_veneer>
10005cb8:	2800      	cmp	r0, #0
10005cba:	d103      	bne.n	10005cc4 <stdio_usb_out_chars+0x38>
10005cbc:	bcc0      	pop	{r6, r7}
10005cbe:	46bb      	mov	fp, r7
10005cc0:	46b2      	mov	sl, r6
10005cc2:	bdf8      	pop	{r3, r4, r5, r6, r7, pc}
10005cc4:	2000      	movs	r0, #0
10005cc6:	f001 fa85 	bl	100071d4 <tud_cdc_n_connected>
10005cca:	2800      	cmp	r0, #0
10005ccc:	d04a      	beq.n	10005d64 <stdio_usb_out_chars+0xd8>
10005cce:	2600      	movs	r6, #0
10005cd0:	2c00      	cmp	r4, #0
10005cd2:	dd43      	ble.n	10005d5c <stdio_usb_out_chars+0xd0>
10005cd4:	4b2b      	ldr	r3, [pc, #172]	@ (10005d84 <stdio_usb_out_chars+0xf8>)
10005cd6:	469b      	mov	fp, r3
10005cd8:	e014      	b.n	10005d04 <stdio_usb_out_chars+0x78>
10005cda:	19a9      	adds	r1, r5, r6
10005cdc:	2000      	movs	r0, #0
10005cde:	f001 fb17 	bl	10007310 <tud_cdc_n_write>
10005ce2:	0007      	movs	r7, r0
10005ce4:	2001      	movs	r0, #1
10005ce6:	2100      	movs	r1, #0
10005ce8:	4240      	negs	r0, r0
10005cea:	f000 fc89 	bl	10006600 <tud_task_ext>
10005cee:	2000      	movs	r0, #0
10005cf0:	f001 fad4 	bl	1000729c <tud_cdc_n_write_flush>
10005cf4:	f7fc fd1a 	bl	1000272c <time_us_64>
10005cf8:	4b22      	ldr	r3, [pc, #136]	@ (10005d84 <stdio_usb_out_chars+0xf8>)
10005cfa:	19f6      	adds	r6, r6, r7
10005cfc:	6018      	str	r0, [r3, #0]
10005cfe:	6059      	str	r1, [r3, #4]
10005d00:	42b4      	cmp	r4, r6
10005d02:	dd2b      	ble.n	10005d5c <stdio_usb_out_chars+0xd0>
10005d04:	2000      	movs	r0, #0
10005d06:	f001 fb23 	bl	10007350 <tud_cdc_n_write_available>
10005d0a:	1ba7      	subs	r7, r4, r6
10005d0c:	0002      	movs	r2, r0
10005d0e:	42b8      	cmp	r0, r7
10005d10:	dd00      	ble.n	10005d14 <stdio_usb_out_chars+0x88>
10005d12:	003a      	movs	r2, r7
10005d14:	2a00      	cmp	r2, #0
10005d16:	d1e0      	bne.n	10005cda <stdio_usb_out_chars+0x4e>
10005d18:	2001      	movs	r0, #1
10005d1a:	2100      	movs	r1, #0
10005d1c:	4240      	negs	r0, r0
10005d1e:	f000 fc6f 	bl	10006600 <tud_task_ext>
10005d22:	2000      	movs	r0, #0
10005d24:	f001 faba 	bl	1000729c <tud_cdc_n_write_flush>
10005d28:	2000      	movs	r0, #0
10005d2a:	f001 fa53 	bl	100071d4 <tud_cdc_n_connected>
10005d2e:	2800      	cmp	r0, #0
10005d30:	d014      	beq.n	10005d5c <stdio_usb_out_chars+0xd0>
10005d32:	2000      	movs	r0, #0
10005d34:	f001 fb0c 	bl	10007350 <tud_cdc_n_write_available>
10005d38:	2800      	cmp	r0, #0
10005d3a:	d1e1      	bne.n	10005d00 <stdio_usb_out_chars+0x74>
10005d3c:	f7fc fcf6 	bl	1000272c <time_us_64>
10005d40:	465b      	mov	r3, fp
10005d42:	000f      	movs	r7, r1
10005d44:	681a      	ldr	r2, [r3, #0]
10005d46:	685b      	ldr	r3, [r3, #4]
10005d48:	2100      	movs	r1, #0
10005d4a:	4684      	mov	ip, r0
10005d4c:	480e      	ldr	r0, [pc, #56]	@ (10005d88 <stdio_usb_out_chars+0xfc>)
10005d4e:	1812      	adds	r2, r2, r0
10005d50:	414b      	adcs	r3, r1
10005d52:	429f      	cmp	r7, r3
10005d54:	d802      	bhi.n	10005d5c <stdio_usb_out_chars+0xd0>
10005d56:	d1d3      	bne.n	10005d00 <stdio_usb_out_chars+0x74>
10005d58:	4594      	cmp	ip, r2
10005d5a:	d9d1      	bls.n	10005d00 <stdio_usb_out_chars+0x74>
10005d5c:	4650      	mov	r0, sl
10005d5e:	f002 fbd3 	bl	10008508 <__mutex_exit_veneer>
10005d62:	e7ab      	b.n	10005cbc <stdio_usb_out_chars+0x30>
10005d64:	2000      	movs	r0, #0
10005d66:	2100      	movs	r1, #0
10005d68:	4b06      	ldr	r3, [pc, #24]	@ (10005d84 <stdio_usb_out_chars+0xf8>)
10005d6a:	6018      	str	r0, [r3, #0]
10005d6c:	6059      	str	r1, [r3, #4]
10005d6e:	4650      	mov	r0, sl
10005d70:	f002 fbca 	bl	10008508 <__mutex_exit_veneer>
10005d74:	e7a2      	b.n	10005cbc <stdio_usb_out_chars+0x30>
10005d76:	46c0      	nop			@ (mov r8, r8)
10005d78:	000f4240 	.word	0x000f4240
10005d7c:	7fffffff 	.word	0x7fffffff
10005d80:	20001ff0 	.word	0x20001ff0
10005d84:	20001278 	.word	0x20001278
10005d88:	0007a120 	.word	0x0007a120

10005d8c <low_priority_worker_irq>:
10005d8c:	b530      	push	{r4, r5, lr}
10005d8e:	4c2a      	ldr	r4, [pc, #168]	@ (10005e38 <low_priority_worker_irq+0xac>)
10005d90:	b085      	sub	sp, #20
10005d92:	2100      	movs	r1, #0
10005d94:	0020      	movs	r0, r4
10005d96:	f002 fbd7 	bl	10008548 <__mutex_try_enter_veneer>
10005d9a:	2800      	cmp	r0, #0
10005d9c:	d11c      	bne.n	10005dd8 <low_priority_worker_irq+0x4c>
10005d9e:	4b27      	ldr	r3, [pc, #156]	@ (10005e3c <low_priority_worker_irq+0xb0>)
10005da0:	681a      	ldr	r2, [r3, #0]
10005da2:	2a00      	cmp	r2, #0
10005da4:	d016      	beq.n	10005dd4 <low_priority_worker_irq+0x48>
10005da6:	f3ef 8110 	mrs	r1, PRIMASK
10005daa:	b672      	cpsid	i
10005dac:	6810      	ldr	r0, [r2, #0]
10005dae:	2800      	cmp	r0, #0
10005db0:	d0fc      	beq.n	10005dac <low_priority_worker_irq+0x20>
10005db2:	f3bf 8f5f 	dmb	sy
10005db6:	2401      	movs	r4, #1
10005db8:	4821      	ldr	r0, [pc, #132]	@ (10005e40 <low_priority_worker_irq+0xb4>)
10005dba:	6059      	str	r1, [r3, #4]
10005dbc:	7802      	ldrb	r2, [r0, #0]
10005dbe:	681b      	ldr	r3, [r3, #0]
10005dc0:	b2d2      	uxtb	r2, r2
10005dc2:	7004      	strb	r4, [r0, #0]
10005dc4:	f3bf 8f5f 	dmb	sy
10005dc8:	2000      	movs	r0, #0
10005dca:	6018      	str	r0, [r3, #0]
10005dcc:	f381 8810 	msr	PRIMASK, r1
10005dd0:	2a00      	cmp	r2, #0
10005dd2:	d017      	beq.n	10005e04 <low_priority_worker_irq+0x78>
10005dd4:	b005      	add	sp, #20
10005dd6:	bd30      	pop	{r4, r5, pc}
10005dd8:	2001      	movs	r0, #1
10005dda:	2100      	movs	r1, #0
10005ddc:	4240      	negs	r0, r0
10005dde:	f000 fc0f 	bl	10006600 <tud_task_ext>
10005de2:	2000      	movs	r0, #0
10005de4:	f001 fa0c 	bl	10007200 <tud_cdc_n_available>
10005de8:	0005      	movs	r5, r0
10005dea:	0020      	movs	r0, r4
10005dec:	f002 fb8c 	bl	10008508 <__mutex_exit_veneer>
10005df0:	2d00      	cmp	r5, #0
10005df2:	d0ef      	beq.n	10005dd4 <low_priority_worker_irq+0x48>
10005df4:	4b13      	ldr	r3, [pc, #76]	@ (10005e44 <low_priority_worker_irq+0xb8>)
10005df6:	681b      	ldr	r3, [r3, #0]
10005df8:	2b00      	cmp	r3, #0
10005dfa:	d0eb      	beq.n	10005dd4 <low_priority_worker_irq+0x48>
10005dfc:	4a12      	ldr	r2, [pc, #72]	@ (10005e48 <low_priority_worker_irq+0xbc>)
10005dfe:	6810      	ldr	r0, [r2, #0]
10005e00:	4798      	blx	r3
10005e02:	e7e7      	b.n	10005dd4 <low_priority_worker_irq+0x48>
10005e04:	f7fc fa06 	bl	10002214 <alarm_pool_get_default>
10005e08:	0004      	movs	r4, r0
10005e0a:	f7fc fc8f 	bl	1000272c <time_us_64>
10005e0e:	22fa      	movs	r2, #250	@ 0xfa
10005e10:	2300      	movs	r3, #0
10005e12:	0092      	lsls	r2, r2, #2
10005e14:	1812      	adds	r2, r2, r0
10005e16:	414b      	adcs	r3, r1
10005e18:	2b00      	cmp	r3, #0
10005e1a:	da02      	bge.n	10005e22 <low_priority_worker_irq+0x96>
10005e1c:	2201      	movs	r2, #1
10005e1e:	4b0b      	ldr	r3, [pc, #44]	@ (10005e4c <low_priority_worker_irq+0xc0>)
10005e20:	4252      	negs	r2, r2
10005e22:	2101      	movs	r1, #1
10005e24:	9102      	str	r1, [sp, #8]
10005e26:	2100      	movs	r1, #0
10005e28:	9101      	str	r1, [sp, #4]
10005e2a:	4909      	ldr	r1, [pc, #36]	@ (10005e50 <low_priority_worker_irq+0xc4>)
10005e2c:	0020      	movs	r0, r4
10005e2e:	9100      	str	r1, [sp, #0]
10005e30:	f7fc f9f4 	bl	1000221c <alarm_pool_add_alarm_at>
10005e34:	e7ce      	b.n	10005dd4 <low_priority_worker_irq+0x48>
10005e36:	46c0      	nop			@ (mov r8, r8)
10005e38:	20001ff0 	.word	0x20001ff0
10005e3c:	20001fc0 	.word	0x20001fc0
10005e40:	20002010 	.word	0x20002010
10005e44:	20001b20 	.word	0x20001b20
10005e48:	20001b24 	.word	0x20001b24
10005e4c:	7fffffff 	.word	0x7fffffff
10005e50:	10005b51 	.word	0x10005b51

10005e54 <stdio_usb_init>:
10005e54:	23d0      	movs	r3, #208	@ 0xd0
10005e56:	b510      	push	{r4, lr}
10005e58:	061b      	lsls	r3, r3, #24
10005e5a:	b084      	sub	sp, #16
10005e5c:	681c      	ldr	r4, [r3, #0]
10005e5e:	f7fc f9d9 	bl	10002214 <alarm_pool_get_default>
10005e62:	f7fc fad5 	bl	10002410 <alarm_pool_core_num>
10005e66:	42a0      	cmp	r0, r4
10005e68:	d002      	beq.n	10005e70 <stdio_usb_init+0x1c>
10005e6a:	2000      	movs	r0, #0
10005e6c:	b004      	add	sp, #16
10005e6e:	bd10      	pop	{r4, pc}
10005e70:	4b29      	ldr	r3, [pc, #164]	@ (10005f18 <stdio_usb_init+0xc4>)
10005e72:	2100      	movs	r1, #0
10005e74:	2000      	movs	r0, #0
10005e76:	781b      	ldrb	r3, [r3, #0]
10005e78:	f001 fd5e 	bl	10007938 <tusb_rhport_init>
10005e7c:	4827      	ldr	r0, [pc, #156]	@ (10005f1c <stdio_usb_init+0xc8>)
10005e7e:	6803      	ldr	r3, [r0, #0]
10005e80:	2b00      	cmp	r3, #0
10005e82:	d045      	beq.n	10005f10 <stdio_usb_init+0xbc>
10005e84:	2001      	movs	r0, #1
10005e86:	f7fb ff53 	bl	10001d30 <user_irq_claim_unused>
10005e8a:	23ff      	movs	r3, #255	@ 0xff
10005e8c:	4c24      	ldr	r4, [pc, #144]	@ (10005f20 <stdio_usb_init+0xcc>)
10005e8e:	4925      	ldr	r1, [pc, #148]	@ (10005f24 <stdio_usb_init+0xd0>)
10005e90:	7020      	strb	r0, [r4, #0]
10005e92:	4018      	ands	r0, r3
10005e94:	f7fb fce4 	bl	10001860 <irq_set_exclusive_handler>
10005e98:	7820      	ldrb	r0, [r4, #0]
10005e9a:	2101      	movs	r1, #1
10005e9c:	f7fb fca8 	bl	100017f0 <irq_set_enabled>
10005ea0:	2005      	movs	r0, #5
10005ea2:	f7fb fccb 	bl	1000183c <irq_has_shared_handler>
10005ea6:	2800      	cmp	r0, #0
10005ea8:	d124      	bne.n	10005ef4 <stdio_usb_init+0xa0>
10005eaa:	2208      	movs	r2, #8
10005eac:	2100      	movs	r1, #0
10005eae:	481e      	ldr	r0, [pc, #120]	@ (10005f28 <stdio_usb_init+0xd4>)
10005eb0:	f7fd fefa 	bl	10003ca8 <__wrap_memset>
10005eb4:	f7fc f9ae 	bl	10002214 <alarm_pool_get_default>
10005eb8:	0004      	movs	r4, r0
10005eba:	f7fc fc37 	bl	1000272c <time_us_64>
10005ebe:	22fa      	movs	r2, #250	@ 0xfa
10005ec0:	2300      	movs	r3, #0
10005ec2:	0092      	lsls	r2, r2, #2
10005ec4:	1812      	adds	r2, r2, r0
10005ec6:	414b      	adcs	r3, r1
10005ec8:	2b00      	cmp	r3, #0
10005eca:	da02      	bge.n	10005ed2 <stdio_usb_init+0x7e>
10005ecc:	2201      	movs	r2, #1
10005ece:	4b17      	ldr	r3, [pc, #92]	@ (10005f2c <stdio_usb_init+0xd8>)
10005ed0:	4252      	negs	r2, r2
10005ed2:	2101      	movs	r1, #1
10005ed4:	9102      	str	r1, [sp, #8]
10005ed6:	2100      	movs	r1, #0
10005ed8:	9101      	str	r1, [sp, #4]
10005eda:	4915      	ldr	r1, [pc, #84]	@ (10005f30 <stdio_usb_init+0xdc>)
10005edc:	0020      	movs	r0, r4
10005ede:	9100      	str	r1, [sp, #0]
10005ee0:	f7fc f99c 	bl	1000221c <alarm_pool_add_alarm_at>
10005ee4:	2800      	cmp	r0, #0
10005ee6:	dbc0      	blt.n	10005e6a <stdio_usb_init+0x16>
10005ee8:	4812      	ldr	r0, [pc, #72]	@ (10005f34 <stdio_usb_init+0xe0>)
10005eea:	2101      	movs	r1, #1
10005eec:	f7ff fca6 	bl	1000583c <stdio_set_driver_enabled>
10005ef0:	2001      	movs	r0, #1
10005ef2:	e7bb      	b.n	10005e6c <stdio_usb_init+0x18>
10005ef4:	2001      	movs	r0, #1
10005ef6:	f7fb fc49 	bl	1000178c <spin_lock_claim_unused>
10005efa:	4b0b      	ldr	r3, [pc, #44]	@ (10005f28 <stdio_usb_init+0xd4>)
10005efc:	0001      	movs	r1, r0
10005efe:	0018      	movs	r0, r3
10005f00:	f7fb ff78 	bl	10001df4 <critical_section_init_with_lock_num>
10005f04:	2200      	movs	r2, #0
10005f06:	2005      	movs	r0, #5
10005f08:	490b      	ldr	r1, [pc, #44]	@ (10005f38 <stdio_usb_init+0xe4>)
10005f0a:	f7fb fcd3 	bl	100018b4 <irq_add_shared_handler>
10005f0e:	e7eb      	b.n	10005ee8 <stdio_usb_init+0x94>
10005f10:	f7fb ff54 	bl	10001dbc <mutex_init>
10005f14:	e7b6      	b.n	10005e84 <stdio_usb_init+0x30>
10005f16:	46c0      	nop			@ (mov r8, r8)
10005f18:	10008f98 	.word	0x10008f98
10005f1c:	20001ff0 	.word	0x20001ff0
10005f20:	2000200f 	.word	0x2000200f
10005f24:	10005d8d 	.word	0x10005d8d
10005f28:	20001fc0 	.word	0x20001fc0
10005f2c:	7fffffff 	.word	0x7fffffff
10005f30:	10005b51 	.word	0x10005b51
10005f34:	20001070 	.word	0x20001070
10005f38:	10005b41 	.word	0x10005b41

10005f3c <tud_descriptor_device_cb>:
10005f3c:	4800      	ldr	r0, [pc, #0]	@ (10005f40 <tud_descriptor_device_cb+0x4>)
10005f3e:	4770      	bx	lr
10005f40:	10008e80 	.word	0x10008e80

10005f44 <tud_descriptor_configuration_cb>:
10005f44:	4800      	ldr	r0, [pc, #0]	@ (10005f48 <tud_descriptor_configuration_cb+0x4>)
10005f46:	4770      	bx	lr
10005f48:	10008e2c 	.word	0x10008e2c

10005f4c <tud_descriptor_string_cb>:
10005f4c:	b510      	push	{r4, lr}
10005f4e:	0004      	movs	r4, r0
10005f50:	4817      	ldr	r0, [pc, #92]	@ (10005fb0 <tud_descriptor_string_cb+0x64>)
10005f52:	7803      	ldrb	r3, [r0, #0]
10005f54:	2b00      	cmp	r3, #0
10005f56:	d020      	beq.n	10005f9a <tud_descriptor_string_cb+0x4e>
10005f58:	2c00      	cmp	r4, #0
10005f5a:	d106      	bne.n	10005f6a <tud_descriptor_string_cb+0x1e>
10005f5c:	4b15      	ldr	r3, [pc, #84]	@ (10005fb4 <tud_descriptor_string_cb+0x68>)
10005f5e:	4816      	ldr	r0, [pc, #88]	@ (10005fb8 <tud_descriptor_string_cb+0x6c>)
10005f60:	8043      	strh	r3, [r0, #2]
10005f62:	3b06      	subs	r3, #6
10005f64:	3bff      	subs	r3, #255	@ 0xff
10005f66:	8003      	strh	r3, [r0, #0]
10005f68:	bd10      	pop	{r4, pc}
10005f6a:	2c05      	cmp	r4, #5
10005f6c:	d81d      	bhi.n	10005faa <tud_descriptor_string_cb+0x5e>
10005f6e:	4b13      	ldr	r3, [pc, #76]	@ (10005fbc <tud_descriptor_string_cb+0x70>)
10005f70:	00a4      	lsls	r4, r4, #2
10005f72:	58e0      	ldr	r0, [r4, r3]
10005f74:	4912      	ldr	r1, [pc, #72]	@ (10005fc0 <tud_descriptor_string_cb+0x74>)
10005f76:	2301      	movs	r3, #1
10005f78:	3801      	subs	r0, #1
10005f7a:	e004      	b.n	10005f86 <tud_descriptor_string_cb+0x3a>
10005f7c:	3301      	adds	r3, #1
10005f7e:	800a      	strh	r2, [r1, #0]
10005f80:	3102      	adds	r1, #2
10005f82:	2b14      	cmp	r3, #20
10005f84:	d00d      	beq.n	10005fa2 <tud_descriptor_string_cb+0x56>
10005f86:	5cc2      	ldrb	r2, [r0, r3]
10005f88:	2a00      	cmp	r2, #0
10005f8a:	d1f7      	bne.n	10005f7c <tud_descriptor_string_cb+0x30>
10005f8c:	22c0      	movs	r2, #192	@ 0xc0
10005f8e:	b2db      	uxtb	r3, r3
10005f90:	005b      	lsls	r3, r3, #1
10005f92:	0092      	lsls	r2, r2, #2
10005f94:	4808      	ldr	r0, [pc, #32]	@ (10005fb8 <tud_descriptor_string_cb+0x6c>)
10005f96:	4313      	orrs	r3, r2
10005f98:	e7e5      	b.n	10005f66 <tud_descriptor_string_cb+0x1a>
10005f9a:	2111      	movs	r1, #17
10005f9c:	f000 f81a 	bl	10005fd4 <pico_get_unique_board_id_string>
10005fa0:	e7da      	b.n	10005f58 <tud_descriptor_string_cb+0xc>
10005fa2:	23ca      	movs	r3, #202	@ 0xca
10005fa4:	4804      	ldr	r0, [pc, #16]	@ (10005fb8 <tud_descriptor_string_cb+0x6c>)
10005fa6:	009b      	lsls	r3, r3, #2
10005fa8:	e7dd      	b.n	10005f66 <tud_descriptor_string_cb+0x1a>
10005faa:	2000      	movs	r0, #0
10005fac:	e7dc      	b.n	10005f68 <tud_descriptor_string_cb+0x1c>
10005fae:	46c0      	nop			@ (mov r8, r8)
10005fb0:	20001ff8 	.word	0x20001ff8
10005fb4:	00000409 	.word	0x00000409
10005fb8:	20001b58 	.word	0x20001b58
10005fbc:	10008e14 	.word	0x10008e14
10005fc0:	20001b5a 	.word	0x20001b5a

10005fc4 <_retrieve_unique_id_on_boot>:
10005fc4:	b510      	push	{r4, lr}
10005fc6:	4802      	ldr	r0, [pc, #8]	@ (10005fd0 <_retrieve_unique_id_on_boot+0xc>)
10005fc8:	f000 f8d8 	bl	1000617c <flash_get_unique_id>
10005fcc:	bd10      	pop	{r4, pc}
10005fce:	46c0      	nop			@ (mov r8, r8)
10005fd0:	20001fe0 	.word	0x20001fe0

10005fd4 <pico_get_unique_board_id_string>:
10005fd4:	b530      	push	{r4, r5, lr}
10005fd6:	1e4b      	subs	r3, r1, #1
10005fd8:	2901      	cmp	r1, #1
10005fda:	d100      	bne.n	10005fde <pico_get_unique_board_id_string+0xa>
10005fdc:	e0a7      	b.n	1000612e <pico_get_unique_board_id_string+0x15a>
10005fde:	4a66      	ldr	r2, [pc, #408]	@ (10006178 <pico_get_unique_board_id_string+0x1a4>)
10005fe0:	7811      	ldrb	r1, [r2, #0]
10005fe2:	090d      	lsrs	r5, r1, #4
10005fe4:	002c      	movs	r4, r5
10005fe6:	3430      	adds	r4, #48	@ 0x30
10005fe8:	299f      	cmp	r1, #159	@ 0x9f
10005fea:	d900      	bls.n	10005fee <pico_get_unique_board_id_string+0x1a>
10005fec:	e0a2      	b.n	10006134 <pico_get_unique_board_id_string+0x160>
10005fee:	7004      	strb	r4, [r0, #0]
10005ff0:	2b01      	cmp	r3, #1
10005ff2:	d100      	bne.n	10005ff6 <pico_get_unique_board_id_string+0x22>
10005ff4:	e0be      	b.n	10006174 <pico_get_unique_board_id_string+0x1a0>
10005ff6:	210f      	movs	r1, #15
10005ff8:	7814      	ldrb	r4, [r2, #0]
10005ffa:	4021      	ands	r1, r4
10005ffc:	000c      	movs	r4, r1
10005ffe:	3430      	adds	r4, #48	@ 0x30
10006000:	2909      	cmp	r1, #9
10006002:	d900      	bls.n	10006006 <pico_get_unique_board_id_string+0x32>
10006004:	e098      	b.n	10006138 <pico_get_unique_board_id_string+0x164>
10006006:	7044      	strb	r4, [r0, #1]
10006008:	2b02      	cmp	r3, #2
1000600a:	d100      	bne.n	1000600e <pico_get_unique_board_id_string+0x3a>
1000600c:	e0b2      	b.n	10006174 <pico_get_unique_board_id_string+0x1a0>
1000600e:	7854      	ldrb	r4, [r2, #1]
10006010:	0925      	lsrs	r5, r4, #4
10006012:	0029      	movs	r1, r5
10006014:	3130      	adds	r1, #48	@ 0x30
10006016:	2c9f      	cmp	r4, #159	@ 0x9f
10006018:	d900      	bls.n	1000601c <pico_get_unique_board_id_string+0x48>
1000601a:	e090      	b.n	1000613e <pico_get_unique_board_id_string+0x16a>
1000601c:	7081      	strb	r1, [r0, #2]
1000601e:	2b03      	cmp	r3, #3
10006020:	d100      	bne.n	10006024 <pico_get_unique_board_id_string+0x50>
10006022:	e0a7      	b.n	10006174 <pico_get_unique_board_id_string+0x1a0>
10006024:	210f      	movs	r1, #15
10006026:	4021      	ands	r1, r4
10006028:	000c      	movs	r4, r1
1000602a:	3430      	adds	r4, #48	@ 0x30
1000602c:	2909      	cmp	r1, #9
1000602e:	d900      	bls.n	10006032 <pico_get_unique_board_id_string+0x5e>
10006030:	e087      	b.n	10006142 <pico_get_unique_board_id_string+0x16e>
10006032:	70c4      	strb	r4, [r0, #3]
10006034:	2b04      	cmp	r3, #4
10006036:	d100      	bne.n	1000603a <pico_get_unique_board_id_string+0x66>
10006038:	e09c      	b.n	10006174 <pico_get_unique_board_id_string+0x1a0>
1000603a:	7894      	ldrb	r4, [r2, #2]
1000603c:	0925      	lsrs	r5, r4, #4
1000603e:	0029      	movs	r1, r5
10006040:	3130      	adds	r1, #48	@ 0x30
10006042:	2c9f      	cmp	r4, #159	@ 0x9f
10006044:	d900      	bls.n	10006048 <pico_get_unique_board_id_string+0x74>
10006046:	e07f      	b.n	10006148 <pico_get_unique_board_id_string+0x174>
10006048:	7101      	strb	r1, [r0, #4]
1000604a:	2b05      	cmp	r3, #5
1000604c:	d100      	bne.n	10006050 <pico_get_unique_board_id_string+0x7c>
1000604e:	e091      	b.n	10006174 <pico_get_unique_board_id_string+0x1a0>
10006050:	210f      	movs	r1, #15
10006052:	4021      	ands	r1, r4
10006054:	000c      	movs	r4, r1
10006056:	3430      	adds	r4, #48	@ 0x30
10006058:	2909      	cmp	r1, #9
1000605a:	d900      	bls.n	1000605e <pico_get_unique_board_id_string+0x8a>
1000605c:	e076      	b.n	1000614c <pico_get_unique_board_id_string+0x178>
1000605e:	7144      	strb	r4, [r0, #5]
10006060:	2b06      	cmp	r3, #6
10006062:	d100      	bne.n	10006066 <pico_get_unique_board_id_string+0x92>
10006064:	e086      	b.n	10006174 <pico_get_unique_board_id_string+0x1a0>
10006066:	78d4      	ldrb	r4, [r2, #3]
10006068:	0925      	lsrs	r5, r4, #4
1000606a:	0029      	movs	r1, r5
1000606c:	3130      	adds	r1, #48	@ 0x30
1000606e:	2c9f      	cmp	r4, #159	@ 0x9f
10006070:	d900      	bls.n	10006074 <pico_get_unique_board_id_string+0xa0>
10006072:	e06e      	b.n	10006152 <pico_get_unique_board_id_string+0x17e>
10006074:	7181      	strb	r1, [r0, #6]
10006076:	2b07      	cmp	r3, #7
10006078:	d100      	bne.n	1000607c <pico_get_unique_board_id_string+0xa8>
1000607a:	e07b      	b.n	10006174 <pico_get_unique_board_id_string+0x1a0>
1000607c:	210f      	movs	r1, #15
1000607e:	4021      	ands	r1, r4
10006080:	000c      	movs	r4, r1
10006082:	3430      	adds	r4, #48	@ 0x30
10006084:	2909      	cmp	r1, #9
10006086:	d866      	bhi.n	10006156 <pico_get_unique_board_id_string+0x182>
10006088:	71c4      	strb	r4, [r0, #7]
1000608a:	2b08      	cmp	r3, #8
1000608c:	d100      	bne.n	10006090 <pico_get_unique_board_id_string+0xbc>
1000608e:	e071      	b.n	10006174 <pico_get_unique_board_id_string+0x1a0>
10006090:	7914      	ldrb	r4, [r2, #4]
10006092:	0925      	lsrs	r5, r4, #4
10006094:	0029      	movs	r1, r5
10006096:	3130      	adds	r1, #48	@ 0x30
10006098:	2c9f      	cmp	r4, #159	@ 0x9f
1000609a:	d85f      	bhi.n	1000615c <pico_get_unique_board_id_string+0x188>
1000609c:	7201      	strb	r1, [r0, #8]
1000609e:	2b09      	cmp	r3, #9
100060a0:	d068      	beq.n	10006174 <pico_get_unique_board_id_string+0x1a0>
100060a2:	210f      	movs	r1, #15
100060a4:	4021      	ands	r1, r4
100060a6:	000c      	movs	r4, r1
100060a8:	3430      	adds	r4, #48	@ 0x30
100060aa:	2909      	cmp	r1, #9
100060ac:	d858      	bhi.n	10006160 <pico_get_unique_board_id_string+0x18c>
100060ae:	7244      	strb	r4, [r0, #9]
100060b0:	2b0a      	cmp	r3, #10
100060b2:	d05f      	beq.n	10006174 <pico_get_unique_board_id_string+0x1a0>
100060b4:	7954      	ldrb	r4, [r2, #5]
100060b6:	0925      	lsrs	r5, r4, #4
100060b8:	0029      	movs	r1, r5
100060ba:	3130      	adds	r1, #48	@ 0x30
100060bc:	2c9f      	cmp	r4, #159	@ 0x9f
100060be:	d852      	bhi.n	10006166 <pico_get_unique_board_id_string+0x192>
100060c0:	7281      	strb	r1, [r0, #10]
100060c2:	2b0b      	cmp	r3, #11
100060c4:	d056      	beq.n	10006174 <pico_get_unique_board_id_string+0x1a0>
100060c6:	210f      	movs	r1, #15
100060c8:	4021      	ands	r1, r4
100060ca:	000c      	movs	r4, r1
100060cc:	3430      	adds	r4, #48	@ 0x30
100060ce:	2909      	cmp	r1, #9
100060d0:	d84b      	bhi.n	1000616a <pico_get_unique_board_id_string+0x196>
100060d2:	72c4      	strb	r4, [r0, #11]
100060d4:	2b0c      	cmp	r3, #12
100060d6:	d04d      	beq.n	10006174 <pico_get_unique_board_id_string+0x1a0>
100060d8:	7994      	ldrb	r4, [r2, #6]
100060da:	0925      	lsrs	r5, r4, #4
100060dc:	0029      	movs	r1, r5
100060de:	3130      	adds	r1, #48	@ 0x30
100060e0:	2c9f      	cmp	r4, #159	@ 0x9f
100060e2:	d900      	bls.n	100060e6 <pico_get_unique_board_id_string+0x112>
100060e4:	3107      	adds	r1, #7
100060e6:	7301      	strb	r1, [r0, #12]
100060e8:	2b0d      	cmp	r3, #13
100060ea:	d043      	beq.n	10006174 <pico_get_unique_board_id_string+0x1a0>
100060ec:	210f      	movs	r1, #15
100060ee:	4021      	ands	r1, r4
100060f0:	000c      	movs	r4, r1
100060f2:	3430      	adds	r4, #48	@ 0x30
100060f4:	2909      	cmp	r1, #9
100060f6:	d901      	bls.n	100060fc <pico_get_unique_board_id_string+0x128>
100060f8:	3137      	adds	r1, #55	@ 0x37
100060fa:	000c      	movs	r4, r1
100060fc:	7344      	strb	r4, [r0, #13]
100060fe:	2b0e      	cmp	r3, #14
10006100:	d038      	beq.n	10006174 <pico_get_unique_board_id_string+0x1a0>
10006102:	79d1      	ldrb	r1, [r2, #7]
10006104:	090c      	lsrs	r4, r1, #4
10006106:	0022      	movs	r2, r4
10006108:	3230      	adds	r2, #48	@ 0x30
1000610a:	299f      	cmp	r1, #159	@ 0x9f
1000610c:	d900      	bls.n	10006110 <pico_get_unique_board_id_string+0x13c>
1000610e:	3207      	adds	r2, #7
10006110:	7382      	strb	r2, [r0, #14]
10006112:	2b0f      	cmp	r3, #15
10006114:	d02e      	beq.n	10006174 <pico_get_unique_board_id_string+0x1a0>
10006116:	220f      	movs	r2, #15
10006118:	400a      	ands	r2, r1
1000611a:	0011      	movs	r1, r2
1000611c:	3137      	adds	r1, #55	@ 0x37
1000611e:	2a09      	cmp	r2, #9
10006120:	d801      	bhi.n	10006126 <pico_get_unique_board_id_string+0x152>
10006122:	3230      	adds	r2, #48	@ 0x30
10006124:	0011      	movs	r1, r2
10006126:	73c1      	strb	r1, [r0, #15]
10006128:	2b10      	cmp	r3, #16
1000612a:	d023      	beq.n	10006174 <pico_get_unique_board_id_string+0x1a0>
1000612c:	3010      	adds	r0, #16
1000612e:	2300      	movs	r3, #0
10006130:	7003      	strb	r3, [r0, #0]
10006132:	bd30      	pop	{r4, r5, pc}
10006134:	3407      	adds	r4, #7
10006136:	e75a      	b.n	10005fee <pico_get_unique_board_id_string+0x1a>
10006138:	3137      	adds	r1, #55	@ 0x37
1000613a:	000c      	movs	r4, r1
1000613c:	e763      	b.n	10006006 <pico_get_unique_board_id_string+0x32>
1000613e:	3107      	adds	r1, #7
10006140:	e76c      	b.n	1000601c <pico_get_unique_board_id_string+0x48>
10006142:	3137      	adds	r1, #55	@ 0x37
10006144:	000c      	movs	r4, r1
10006146:	e774      	b.n	10006032 <pico_get_unique_board_id_string+0x5e>
10006148:	3107      	adds	r1, #7
1000614a:	e77d      	b.n	10006048 <pico_get_unique_board_id_string+0x74>
1000614c:	3137      	adds	r1, #55	@ 0x37
1000614e:	000c      	movs	r4, r1
10006150:	e785      	b.n	1000605e <pico_get_unique_board_id_string+0x8a>
10006152:	3107      	adds	r1, #7
10006154:	e78e      	b.n	10006074 <pico_get_unique_board_id_string+0xa0>
10006156:	3137      	adds	r1, #55	@ 0x37
10006158:	000c      	movs	r4, r1
1000615a:	e795      	b.n	10006088 <pico_get_unique_board_id_string+0xb4>
1000615c:	3107      	adds	r1, #7
1000615e:	e79d      	b.n	1000609c <pico_get_unique_board_id_string+0xc8>
10006160:	3137      	adds	r1, #55	@ 0x37
10006162:	000c      	movs	r4, r1
10006164:	e7a3      	b.n	100060ae <pico_get_unique_board_id_string+0xda>
10006166:	3107      	adds	r1, #7
10006168:	e7aa      	b.n	100060c0 <pico_get_unique_board_id_string+0xec>
1000616a:	3137      	adds	r1, #55	@ 0x37
1000616c:	000c      	movs	r4, r1
1000616e:	72c4      	strb	r4, [r0, #11]
10006170:	2b0c      	cmp	r3, #12
10006172:	d1b1      	bne.n	100060d8 <pico_get_unique_board_id_string+0x104>
10006174:	18c0      	adds	r0, r0, r3
10006176:	e7da      	b.n	1000612e <pico_get_unique_board_id_string+0x15a>
10006178:	20001fe0 	.word	0x20001fe0

1000617c <flash_get_unique_id>:
1000617c:	b510      	push	{r4, lr}
1000617e:	b088      	sub	sp, #32
10006180:	0004      	movs	r4, r0
10006182:	220d      	movs	r2, #13
10006184:	2100      	movs	r1, #0
10006186:	4668      	mov	r0, sp
10006188:	f7fd fd8e 	bl	10003ca8 <__wrap_memset>
1000618c:	220d      	movs	r2, #13
1000618e:	2100      	movs	r1, #0
10006190:	a804      	add	r0, sp, #16
10006192:	f7fd fd89 	bl	10003ca8 <__wrap_memset>
10006196:	234b      	movs	r3, #75	@ 0x4b
10006198:	466a      	mov	r2, sp
1000619a:	4668      	mov	r0, sp
1000619c:	7013      	strb	r3, [r2, #0]
1000619e:	a904      	add	r1, sp, #16
100061a0:	220d      	movs	r2, #13
100061a2:	f002 f9a9 	bl	100084f8 <__flash_do_cmd_veneer>
100061a6:	2115      	movs	r1, #21
100061a8:	2208      	movs	r2, #8
100061aa:	0020      	movs	r0, r4
100061ac:	4469      	add	r1, sp
100061ae:	f7fd fd81 	bl	10003cb4 <__wrap___aeabi_memcpy>
100061b2:	b008      	add	sp, #32
100061b4:	bd10      	pop	{r4, pc}
100061b6:	46c0      	nop			@ (mov r8, r8)

100061b8 <dcd_init>:
100061b8:	b5f8      	push	{r3, r4, r5, r6, r7, lr}
100061ba:	f000 f947 	bl	1000644c <rp2040_usb_init>
100061be:	230c      	movs	r3, #12
100061c0:	4d19      	ldr	r5, [pc, #100]	@ (10006228 <dcd_init+0x70>)
100061c2:	22ff      	movs	r2, #255	@ 0xff
100061c4:	67ab      	str	r3, [r5, #120]	@ 0x78
100061c6:	2005      	movs	r0, #5
100061c8:	4918      	ldr	r1, [pc, #96]	@ (1000622c <dcd_init+0x74>)
100061ca:	f7fb fb73 	bl	100018b4 <irq_add_shared_handler>
100061ce:	4c18      	ldr	r4, [pc, #96]	@ (10006230 <dcd_init+0x78>)
100061d0:	2240      	movs	r2, #64	@ 0x40
100061d2:	2100      	movs	r1, #0
100061d4:	0020      	movs	r0, r4
100061d6:	f7fd fd67 	bl	10003ca8 <__wrap_memset>
100061da:	2740      	movs	r7, #64	@ 0x40
100061dc:	2300      	movs	r3, #0
100061de:	2601      	movs	r6, #1
100061e0:	2121      	movs	r1, #33	@ 0x21
100061e2:	4a14      	ldr	r2, [pc, #80]	@ (10006234 <dcd_init+0x7c>)
100061e4:	7066      	strb	r6, [r4, #1]
100061e6:	8327      	strh	r7, [r4, #24]
100061e8:	60a2      	str	r2, [r4, #8]
100061ea:	6013      	str	r3, [r2, #0]
100061ec:	5463      	strb	r3, [r4, r1]
100061ee:	315f      	adds	r1, #95	@ 0x5f
100061f0:	8461      	strh	r1, [r4, #34]	@ 0x22
100061f2:	3945      	subs	r1, #69	@ 0x45
100061f4:	5463      	strb	r3, [r4, r1]
100061f6:	4a10      	ldr	r2, [pc, #64]	@ (10006238 <dcd_init+0x80>)
100061f8:	4910      	ldr	r1, [pc, #64]	@ (1000623c <dcd_init+0x84>)
100061fa:	6063      	str	r3, [r4, #4]
100061fc:	60e2      	str	r2, [r4, #12]
100061fe:	8727      	strh	r7, [r4, #56]	@ 0x38
10006200:	62a1      	str	r1, [r4, #40]	@ 0x28
10006202:	600b      	str	r3, [r1, #0]
10006204:	6263      	str	r3, [r4, #36]	@ 0x24
10006206:	62e2      	str	r2, [r4, #44]	@ 0x2c
10006208:	f002 f9be 	bl	10008588 <__reset_non_control_endpoints_veneer>
1000620c:	2380      	movs	r3, #128	@ 0x80
1000620e:	059b      	lsls	r3, r3, #22
10006210:	642e      	str	r6, [r5, #64]	@ 0x40
10006212:	64eb      	str	r3, [r5, #76]	@ 0x4c
10006214:	2390      	movs	r3, #144	@ 0x90
10006216:	4a0a      	ldr	r2, [pc, #40]	@ (10006240 <dcd_init+0x88>)
10006218:	2001      	movs	r0, #1
1000621a:	50ea      	str	r2, [r5, r3]
1000621c:	2280      	movs	r2, #128	@ 0x80
1000621e:	4b09      	ldr	r3, [pc, #36]	@ (10006244 <dcd_init+0x8c>)
10006220:	0252      	lsls	r2, r2, #9
10006222:	64da      	str	r2, [r3, #76]	@ 0x4c
10006224:	bdf8      	pop	{r3, r4, r5, r6, r7, pc}
10006226:	46c0      	nop			@ (mov r8, r8)
10006228:	50110000 	.word	0x50110000
1000622c:	20000545 	.word	0x20000545
10006230:	20001b90 	.word	0x20001b90
10006234:	50100084 	.word	0x50100084
10006238:	50100100 	.word	0x50100100
1000623c:	50100080 	.word	0x50100080
10006240:	0001d010 	.word	0x0001d010
10006244:	50112000 	.word	0x50112000

10006248 <dcd_int_enable>:
10006248:	b510      	push	{r4, lr}
1000624a:	2101      	movs	r1, #1
1000624c:	2005      	movs	r0, #5
1000624e:	f7fb facf 	bl	100017f0 <irq_set_enabled>
10006252:	bd10      	pop	{r4, pc}

10006254 <dcd_set_address>:
10006254:	b510      	push	{r4, lr}
10006256:	2200      	movs	r2, #0
10006258:	2100      	movs	r1, #0
1000625a:	4802      	ldr	r0, [pc, #8]	@ (10006264 <dcd_set_address+0x10>)
1000625c:	f000 f916 	bl	1000648c <hw_endpoint_xfer_start>
10006260:	bd10      	pop	{r4, pc}
10006262:	46c0      	nop			@ (mov r8, r8)
10006264:	20001bb0 	.word	0x20001bb0

10006268 <dcd_sof_enable>:
10006268:	4b04      	ldr	r3, [pc, #16]	@ (1000627c <dcd_sof_enable+0x14>)
1000626a:	7019      	strb	r1, [r3, #0]
1000626c:	2900      	cmp	r1, #0
1000626e:	d004      	beq.n	1000627a <dcd_sof_enable+0x12>
10006270:	2180      	movs	r1, #128	@ 0x80
10006272:	2390      	movs	r3, #144	@ 0x90
10006274:	4a02      	ldr	r2, [pc, #8]	@ (10006280 <dcd_sof_enable+0x18>)
10006276:	0289      	lsls	r1, r1, #10
10006278:	50d1      	str	r1, [r2, r3]
1000627a:	4770      	bx	lr
1000627c:	2000200a 	.word	0x2000200a
10006280:	50112000 	.word	0x50112000

10006284 <dcd_edpt0_status_complete>:
10006284:	780b      	ldrb	r3, [r1, #0]
10006286:	065b      	lsls	r3, r3, #25
10006288:	d102      	bne.n	10006290 <dcd_edpt0_status_complete+0xc>
1000628a:	784b      	ldrb	r3, [r1, #1]
1000628c:	2b05      	cmp	r3, #5
1000628e:	d000      	beq.n	10006292 <dcd_edpt0_status_complete+0xe>
10006290:	4770      	bx	lr
10006292:	788a      	ldrb	r2, [r1, #2]
10006294:	4b01      	ldr	r3, [pc, #4]	@ (1000629c <dcd_edpt0_status_complete+0x18>)
10006296:	601a      	str	r2, [r3, #0]
10006298:	e7fa      	b.n	10006290 <dcd_edpt0_status_complete+0xc>
1000629a:	46c0      	nop			@ (mov r8, r8)
1000629c:	50110000 	.word	0x50110000

100062a0 <dcd_edpt_open>:
100062a0:	b5f0      	push	{r4, r5, r6, r7, lr}
100062a2:	46c6      	mov	lr, r8
100062a4:	78c8      	ldrb	r0, [r1, #3]
100062a6:	b500      	push	{lr}
100062a8:	0780      	lsls	r0, r0, #30
100062aa:	0f83      	lsrs	r3, r0, #30
100062ac:	0018      	movs	r0, r3
100062ae:	2b01      	cmp	r3, #1
100062b0:	d060      	beq.n	10006374 <dcd_edpt_open+0xd4>
100062b2:	788f      	ldrb	r7, [r1, #2]
100062b4:	790a      	ldrb	r2, [r1, #4]
100062b6:	794b      	ldrb	r3, [r1, #5]
100062b8:	217f      	movs	r1, #127	@ 0x7f
100062ba:	4039      	ands	r1, r7
100062bc:	09fc      	lsrs	r4, r7, #7
100062be:	021b      	lsls	r3, r3, #8
100062c0:	004e      	lsls	r6, r1, #1
100062c2:	4313      	orrs	r3, r2
100062c4:	4d33      	ldr	r5, [pc, #204]	@ (10006394 <dcd_edpt_open+0xf4>)
100062c6:	1932      	adds	r2, r6, r4
100062c8:	0152      	lsls	r2, r2, #5
100062ca:	18aa      	adds	r2, r5, r2
100062cc:	7097      	strb	r7, [r2, #2]
100062ce:	2701      	movs	r7, #1
100062d0:	4067      	eors	r7, r4
100062d2:	7057      	strb	r7, [r2, #1]
100062d4:	2700      	movs	r7, #0
100062d6:	055b      	lsls	r3, r3, #21
100062d8:	0d5b      	lsrs	r3, r3, #21
100062da:	70d7      	strb	r7, [r2, #3]
100062dc:	8313      	strh	r3, [r2, #24]
100062de:	76d0      	strb	r0, [r2, #27]
100062e0:	46b8      	mov	r8, r7
100062e2:	00ca      	lsls	r2, r1, #3
100062e4:	2c01      	cmp	r4, #1
100062e6:	d032      	beq.n	1000634e <dcd_edpt_open+0xae>
100062e8:	4f2b      	ldr	r7, [pc, #172]	@ (10006398 <dcd_edpt_open+0xf8>)
100062ea:	46bc      	mov	ip, r7
100062ec:	018f      	lsls	r7, r1, #6
100062ee:	4462      	add	r2, ip
100062f0:	46bc      	mov	ip, r7
100062f2:	44ac      	add	ip, r5
100062f4:	4667      	mov	r7, ip
100062f6:	60ba      	str	r2, [r7, #8]
100062f8:	4647      	mov	r7, r8
100062fa:	6017      	str	r7, [r2, #0]
100062fc:	2900      	cmp	r1, #0
100062fe:	d032      	beq.n	10006366 <dcd_edpt_open+0xc6>
10006300:	4a26      	ldr	r2, [pc, #152]	@ (1000639c <dcd_edpt_open+0xfc>)
10006302:	00c9      	lsls	r1, r1, #3
10006304:	4690      	mov	r8, r2
10006306:	4662      	mov	r2, ip
10006308:	4441      	add	r1, r8
1000630a:	6051      	str	r1, [r2, #4]
1000630c:	223f      	movs	r2, #63	@ 0x3f
1000630e:	333f      	adds	r3, #63	@ 0x3f
10006310:	4393      	bics	r3, r2
10006312:	2802      	cmp	r0, #2
10006314:	d037      	beq.n	10006386 <dcd_edpt_open+0xe6>
10006316:	4922      	ldr	r1, [pc, #136]	@ (100063a0 <dcd_edpt_open+0x100>)
10006318:	1937      	adds	r7, r6, r4
1000631a:	680a      	ldr	r2, [r1, #0]
1000631c:	017f      	lsls	r7, r7, #5
1000631e:	18d3      	adds	r3, r2, r3
10006320:	600b      	str	r3, [r1, #0]
10006322:	4920      	ldr	r1, [pc, #128]	@ (100063a4 <dcd_edpt_open+0x104>)
10006324:	19ef      	adds	r7, r5, r7
10006326:	60fa      	str	r2, [r7, #12]
10006328:	428b      	cmp	r3, r1
1000632a:	d82e      	bhi.n	1000638a <dcd_edpt_open+0xea>
1000632c:	1936      	adds	r6, r6, r4
1000632e:	0176      	lsls	r6, r6, #5
10006330:	19ad      	adds	r5, r5, r6
10006332:	7eeb      	ldrb	r3, [r5, #27]
10006334:	491c      	ldr	r1, [pc, #112]	@ (100063a8 <dcd_edpt_open+0x108>)
10006336:	069b      	lsls	r3, r3, #26
10006338:	404a      	eors	r2, r1
1000633a:	4313      	orrs	r3, r2
1000633c:	2280      	movs	r2, #128	@ 0x80
1000633e:	0612      	lsls	r2, r2, #24
10006340:	4313      	orrs	r3, r2
10006342:	686a      	ldr	r2, [r5, #4]
10006344:	6013      	str	r3, [r2, #0]
10006346:	2001      	movs	r0, #1
10006348:	bc80      	pop	{r7}
1000634a:	46b8      	mov	r8, r7
1000634c:	bdf0      	pop	{r4, r5, r6, r7, pc}
1000634e:	4f17      	ldr	r7, [pc, #92]	@ (100063ac <dcd_edpt_open+0x10c>)
10006350:	46bc      	mov	ip, r7
10006352:	018f      	lsls	r7, r1, #6
10006354:	4462      	add	r2, ip
10006356:	46bc      	mov	ip, r7
10006358:	44ac      	add	ip, r5
1000635a:	4667      	mov	r7, ip
1000635c:	62ba      	str	r2, [r7, #40]	@ 0x28
1000635e:	4647      	mov	r7, r8
10006360:	6017      	str	r7, [r2, #0]
10006362:	2900      	cmp	r1, #0
10006364:	d108      	bne.n	10006378 <dcd_edpt_open+0xd8>
10006366:	2300      	movs	r3, #0
10006368:	0164      	lsls	r4, r4, #5
1000636a:	192c      	adds	r4, r5, r4
1000636c:	6063      	str	r3, [r4, #4]
1000636e:	4b10      	ldr	r3, [pc, #64]	@ (100063b0 <dcd_edpt_open+0x110>)
10006370:	60e3      	str	r3, [r4, #12]
10006372:	e7e8      	b.n	10006346 <dcd_edpt_open+0xa6>
10006374:	2000      	movs	r0, #0
10006376:	e7e7      	b.n	10006348 <dcd_edpt_open+0xa8>
10006378:	4a0b      	ldr	r2, [pc, #44]	@ (100063a8 <dcd_edpt_open+0x108>)
1000637a:	00c9      	lsls	r1, r1, #3
1000637c:	4690      	mov	r8, r2
1000637e:	4662      	mov	r2, ip
10006380:	4441      	add	r1, r8
10006382:	6251      	str	r1, [r2, #36]	@ 0x24
10006384:	e7c2      	b.n	1000630c <dcd_edpt_open+0x6c>
10006386:	005b      	lsls	r3, r3, #1
10006388:	e7c5      	b.n	10006316 <dcd_edpt_open+0x76>
1000638a:	f7fc fbdf 	bl	10002b4c <hard_assertion_failure>
1000638e:	68fa      	ldr	r2, [r7, #12]
10006390:	e7cc      	b.n	1000632c <dcd_edpt_open+0x8c>
10006392:	46c0      	nop			@ (mov r8, r8)
10006394:	20001b90 	.word	0x20001b90
10006398:	50100084 	.word	0x50100084
1000639c:	50100004 	.word	0x50100004
100063a0:	20001fa4 	.word	0x20001fa4
100063a4:	50100fff 	.word	0x50100fff
100063a8:	50100000 	.word	0x50100000
100063ac:	50100080 	.word	0x50100080
100063b0:	50100100 	.word	0x50100100

100063b4 <dcd_edpt_close_all>:
100063b4:	b510      	push	{r4, lr}
100063b6:	f002 f8e7 	bl	10008588 <__reset_non_control_endpoints_veneer>
100063ba:	bd10      	pop	{r4, pc}

100063bc <dcd_edpt_xfer>:
100063bc:	b510      	push	{r4, lr}
100063be:	207f      	movs	r0, #127	@ 0x7f
100063c0:	000c      	movs	r4, r1
100063c2:	4020      	ands	r0, r4
100063c4:	0040      	lsls	r0, r0, #1
100063c6:	09e4      	lsrs	r4, r4, #7
100063c8:	0011      	movs	r1, r2
100063ca:	1900      	adds	r0, r0, r4
100063cc:	001a      	movs	r2, r3
100063ce:	4b03      	ldr	r3, [pc, #12]	@ (100063dc <dcd_edpt_xfer+0x20>)
100063d0:	0140      	lsls	r0, r0, #5
100063d2:	18c0      	adds	r0, r0, r3
100063d4:	f000 f85a 	bl	1000648c <hw_endpoint_xfer_start>
100063d8:	2001      	movs	r0, #1
100063da:	bd10      	pop	{r4, pc}
100063dc:	20001b90 	.word	0x20001b90

100063e0 <dcd_edpt_stall>:
100063e0:	237f      	movs	r3, #127	@ 0x7f
100063e2:	0018      	movs	r0, r3
100063e4:	b500      	push	{lr}
100063e6:	4008      	ands	r0, r1
100063e8:	b083      	sub	sp, #12
100063ea:	420b      	tst	r3, r1
100063ec:	d104      	bne.n	100063f8 <dcd_edpt_stall+0x18>
100063ee:	424b      	negs	r3, r1
100063f0:	414b      	adcs	r3, r1
100063f2:	4a08      	ldr	r2, [pc, #32]	@ (10006414 <dcd_edpt_stall+0x34>)
100063f4:	3301      	adds	r3, #1
100063f6:	6693      	str	r3, [r2, #104]	@ 0x68
100063f8:	2280      	movs	r2, #128	@ 0x80
100063fa:	09c9      	lsrs	r1, r1, #7
100063fc:	0040      	lsls	r0, r0, #1
100063fe:	4b06      	ldr	r3, [pc, #24]	@ (10006418 <dcd_edpt_stall+0x38>)
10006400:	1840      	adds	r0, r0, r1
10006402:	0140      	lsls	r0, r0, #5
10006404:	2100      	movs	r1, #0
10006406:	18c0      	adds	r0, r0, r3
10006408:	0112      	lsls	r2, r2, #4
1000640a:	f002 f8cd 	bl	100085a8 <___hw_endpoint_buffer_control_update32_veneer>
1000640e:	b003      	add	sp, #12
10006410:	bd00      	pop	{pc}
10006412:	46c0      	nop			@ (mov r8, r8)
10006414:	50112000 	.word	0x50112000
10006418:	20001b90 	.word	0x20001b90

1000641c <dcd_edpt_clear_stall>:
1000641c:	227f      	movs	r2, #127	@ 0x7f
1000641e:	0013      	movs	r3, r2
10006420:	b510      	push	{r4, lr}
10006422:	400b      	ands	r3, r1
10006424:	420a      	tst	r2, r1
10006426:	d100      	bne.n	1000642a <dcd_edpt_clear_stall+0xe>
10006428:	bd10      	pop	{r4, pc}
1000642a:	09c9      	lsrs	r1, r1, #7
1000642c:	005b      	lsls	r3, r3, #1
1000642e:	185b      	adds	r3, r3, r1
10006430:	4804      	ldr	r0, [pc, #16]	@ (10006444 <dcd_edpt_clear_stall+0x28>)
10006432:	015b      	lsls	r3, r3, #5
10006434:	18c0      	adds	r0, r0, r3
10006436:	2300      	movs	r3, #0
10006438:	2200      	movs	r2, #0
1000643a:	4903      	ldr	r1, [pc, #12]	@ (10006448 <dcd_edpt_clear_stall+0x2c>)
1000643c:	70c3      	strb	r3, [r0, #3]
1000643e:	f002 f8b3 	bl	100085a8 <___hw_endpoint_buffer_control_update32_veneer>
10006442:	e7f1      	b.n	10006428 <dcd_edpt_clear_stall+0xc>
10006444:	20001b90 	.word	0x20001b90
10006448:	fffff7ff 	.word	0xfffff7ff

1000644c <rp2040_usb_init>:
1000644c:	2280      	movs	r2, #128	@ 0x80
1000644e:	4b0a      	ldr	r3, [pc, #40]	@ (10006478 <rp2040_usb_init+0x2c>)
10006450:	0452      	lsls	r2, r2, #17
10006452:	b510      	push	{r4, lr}
10006454:	601a      	str	r2, [r3, #0]
10006456:	4b09      	ldr	r3, [pc, #36]	@ (1000647c <rp2040_usb_init+0x30>)
10006458:	4909      	ldr	r1, [pc, #36]	@ (10006480 <rp2040_usb_init+0x34>)
1000645a:	601a      	str	r2, [r3, #0]
1000645c:	0010      	movs	r0, r2
1000645e:	680b      	ldr	r3, [r1, #0]
10006460:	4398      	bics	r0, r3
10006462:	d1fb      	bne.n	1000645c <rp2040_usb_init+0x10>
10006464:	2280      	movs	r2, #128	@ 0x80
10006466:	2100      	movs	r1, #0
10006468:	0152      	lsls	r2, r2, #5
1000646a:	4806      	ldr	r0, [pc, #24]	@ (10006484 <rp2040_usb_init+0x38>)
1000646c:	f7fd fc1c 	bl	10003ca8 <__wrap_memset>
10006470:	2209      	movs	r2, #9
10006472:	4b05      	ldr	r3, [pc, #20]	@ (10006488 <rp2040_usb_init+0x3c>)
10006474:	675a      	str	r2, [r3, #116]	@ 0x74
10006476:	bd10      	pop	{r4, pc}
10006478:	4000e000 	.word	0x4000e000
1000647c:	4000f000 	.word	0x4000f000
10006480:	4000c008 	.word	0x4000c008
10006484:	50100000 	.word	0x50100000
10006488:	50110000 	.word	0x50110000

1000648c <hw_endpoint_xfer_start>:
1000648c:	2300      	movs	r3, #0
1000648e:	b510      	push	{r4, lr}
10006490:	82c3      	strh	r3, [r0, #22]
10006492:	3301      	adds	r3, #1
10006494:	8282      	strh	r2, [r0, #20]
10006496:	7683      	strb	r3, [r0, #26]
10006498:	6101      	str	r1, [r0, #16]
1000649a:	0004      	movs	r4, r0
1000649c:	f002 f844 	bl	10008528 <__e15_is_bulkin_ep_veneer>
100064a0:	2800      	cmp	r0, #0
100064a2:	d004      	beq.n	100064ae <hw_endpoint_xfer_start+0x22>
100064a4:	2180      	movs	r1, #128	@ 0x80
100064a6:	2390      	movs	r3, #144	@ 0x90
100064a8:	4a07      	ldr	r2, [pc, #28]	@ (100064c8 <hw_endpoint_xfer_start+0x3c>)
100064aa:	0289      	lsls	r1, r1, #10
100064ac:	50d1      	str	r1, [r2, r3]
100064ae:	0020      	movs	r0, r4
100064b0:	f002 f872 	bl	10008598 <__e15_is_critical_frame_period_veneer>
100064b4:	2800      	cmp	r0, #0
100064b6:	d002      	beq.n	100064be <hw_endpoint_xfer_start+0x32>
100064b8:	2301      	movs	r3, #1
100064ba:	7723      	strb	r3, [r4, #28]
100064bc:	bd10      	pop	{r4, pc}
100064be:	0020      	movs	r0, r4
100064c0:	f002 f85a 	bl	10008578 <__hw_endpoint_start_next_buffer_veneer>
100064c4:	e7fa      	b.n	100064bc <hw_endpoint_xfer_start+0x30>
100064c6:	46c0      	nop			@ (mov r8, r8)
100064c8:	50112000 	.word	0x50112000

100064cc <tud_event_hook_cb>:
100064cc:	4770      	bx	lr
100064ce:	46c0      	nop			@ (mov r8, r8)

100064d0 <tud_sof_cb>:
100064d0:	4770      	bx	lr
100064d2:	46c0      	nop			@ (mov r8, r8)

100064d4 <tud_descriptor_device_qualifier_cb>:
100064d4:	2000      	movs	r0, #0
100064d6:	4770      	bx	lr

100064d8 <tud_descriptor_other_speed_configuration_cb>:
100064d8:	2000      	movs	r0, #0
100064da:	4770      	bx	lr

100064dc <tud_mount_cb>:
100064dc:	4770      	bx	lr
100064de:	46c0      	nop			@ (mov r8, r8)

100064e0 <tud_umount_cb>:
100064e0:	4770      	bx	lr
100064e2:	46c0      	nop			@ (mov r8, r8)

100064e4 <tud_suspend_cb>:
100064e4:	4770      	bx	lr
100064e6:	46c0      	nop			@ (mov r8, r8)

100064e8 <tud_resume_cb>:
100064e8:	4770      	bx	lr
100064ea:	46c0      	nop			@ (mov r8, r8)

100064ec <tud_mounted>:
100064ec:	4b02      	ldr	r3, [pc, #8]	@ (100064f8 <tud_mounted+0xc>)
100064ee:	7858      	ldrb	r0, [r3, #1]
100064f0:	1e43      	subs	r3, r0, #1
100064f2:	4198      	sbcs	r0, r3
100064f4:	b2c0      	uxtb	r0, r0
100064f6:	4770      	bx	lr
100064f8:	20001630 	.word	0x20001630

100064fc <tud_suspended>:
100064fc:	4b02      	ldr	r3, [pc, #8]	@ (10006508 <tud_suspended+0xc>)
100064fe:	7818      	ldrb	r0, [r3, #0]
10006500:	0740      	lsls	r0, r0, #29
10006502:	0fc0      	lsrs	r0, r0, #31
10006504:	4770      	bx	lr
10006506:	46c0      	nop			@ (mov r8, r8)
10006508:	20001630 	.word	0x20001630

1000650c <tud_rhport_init>:
1000650c:	b5f0      	push	{r4, r5, r6, r7, lr}
1000650e:	46d6      	mov	lr, sl
10006510:	464f      	mov	r7, r9
10006512:	4646      	mov	r6, r8
10006514:	b5c0      	push	{r6, r7, lr}
10006516:	4b2f      	ldr	r3, [pc, #188]	@ (100065d4 <tud_rhport_init+0xc8>)
10006518:	0007      	movs	r7, r0
1000651a:	469a      	mov	sl, r3
1000651c:	781b      	ldrb	r3, [r3, #0]
1000651e:	000e      	movs	r6, r1
10006520:	2bff      	cmp	r3, #255	@ 0xff
10006522:	d150      	bne.n	100065c6 <tud_rhport_init+0xba>
10006524:	2900      	cmp	r1, #0
10006526:	d041      	beq.n	100065ac <tud_rhport_init+0xa0>
10006528:	2100      	movs	r1, #0
1000652a:	2254      	movs	r2, #84	@ 0x54
1000652c:	482a      	ldr	r0, [pc, #168]	@ (100065d8 <tud_rhport_init+0xcc>)
1000652e:	f7fd fbbb 	bl	10003ca8 <__wrap_memset>
10006532:	2200      	movs	r2, #0
10006534:	4c29      	ldr	r4, [pc, #164]	@ (100065dc <tud_rhport_init+0xd0>)
10006536:	4b2a      	ldr	r3, [pc, #168]	@ (100065e0 <tud_rhport_init+0xd4>)
10006538:	0020      	movs	r0, r4
1000653a:	701a      	strb	r2, [r3, #0]
1000653c:	f7fb fc3e 	bl	10001dbc <mutex_init>
10006540:	4b28      	ldr	r3, [pc, #160]	@ (100065e4 <tud_rhport_init+0xd8>)
10006542:	601c      	str	r4, [r3, #0]
10006544:	4c28      	ldr	r4, [pc, #160]	@ (100065e8 <tud_rhport_init+0xdc>)
10006546:	0020      	movs	r0, r4
10006548:	3c14      	subs	r4, #20
1000654a:	f7fb fc45 	bl	10001dd8 <critical_section_init>
1000654e:	0020      	movs	r0, r4
10006550:	f001 fdfa 	bl	10008148 <tu_fifo_clear>
10006554:	4b25      	ldr	r3, [pc, #148]	@ (100065ec <tud_rhport_init+0xe0>)
10006556:	4d26      	ldr	r5, [pc, #152]	@ (100065f0 <tud_rhport_init+0xe4>)
10006558:	601c      	str	r4, [r3, #0]
1000655a:	4b26      	ldr	r3, [pc, #152]	@ (100065f4 <tud_rhport_init+0xe8>)
1000655c:	2b00      	cmp	r3, #0
1000655e:	d004      	beq.n	1000656a <tud_rhport_init+0x5e>
10006560:	0028      	movs	r0, r5
10006562:	f7ff fac7 	bl	10005af4 <usbd_app_driver_get_cb>
10006566:	4b24      	ldr	r3, [pc, #144]	@ (100065f8 <tud_rhport_init+0xec>)
10006568:	6018      	str	r0, [r3, #0]
1000656a:	4924      	ldr	r1, [pc, #144]	@ (100065fc <tud_rhport_init+0xf0>)
1000656c:	2400      	movs	r4, #0
1000656e:	4689      	mov	r9, r1
10006570:	4921      	ldr	r1, [pc, #132]	@ (100065f8 <tud_rhport_init+0xec>)
10006572:	2300      	movs	r3, #0
10006574:	4688      	mov	r8, r1
10006576:	782a      	ldrb	r2, [r5, #0]
10006578:	e010      	b.n	1000659c <tud_rhport_init+0x90>
1000657a:	4643      	mov	r3, r8
1000657c:	681b      	ldr	r3, [r3, #0]
1000657e:	0162      	lsls	r2, r4, #5
10006580:	189b      	adds	r3, r3, r2
10006582:	2b00      	cmp	r3, #0
10006584:	d012      	beq.n	100065ac <tud_rhport_init+0xa0>
10006586:	685b      	ldr	r3, [r3, #4]
10006588:	2b00      	cmp	r3, #0
1000658a:	d00f      	beq.n	100065ac <tud_rhport_init+0xa0>
1000658c:	4798      	blx	r3
1000658e:	782a      	ldrb	r2, [r5, #0]
10006590:	3401      	adds	r4, #1
10006592:	b2e4      	uxtb	r4, r4
10006594:	1c51      	adds	r1, r2, #1
10006596:	0023      	movs	r3, r4
10006598:	42a1      	cmp	r1, r4
1000659a:	db09      	blt.n	100065b0 <tud_rhport_init+0xa4>
1000659c:	42a2      	cmp	r2, r4
1000659e:	d8ec      	bhi.n	1000657a <tud_rhport_init+0x6e>
100065a0:	1a9b      	subs	r3, r3, r2
100065a2:	015b      	lsls	r3, r3, #5
100065a4:	444b      	add	r3, r9
100065a6:	685b      	ldr	r3, [r3, #4]
100065a8:	2b00      	cmp	r3, #0
100065aa:	d1ef      	bne.n	1000658c <tud_rhport_init+0x80>
100065ac:	2000      	movs	r0, #0
100065ae:	e00b      	b.n	100065c8 <tud_rhport_init+0xbc>
100065b0:	4653      	mov	r3, sl
100065b2:	0031      	movs	r1, r6
100065b4:	0038      	movs	r0, r7
100065b6:	701f      	strb	r7, [r3, #0]
100065b8:	f7ff fdfe 	bl	100061b8 <dcd_init>
100065bc:	2800      	cmp	r0, #0
100065be:	d0f5      	beq.n	100065ac <tud_rhport_init+0xa0>
100065c0:	0038      	movs	r0, r7
100065c2:	f7ff fe41 	bl	10006248 <dcd_int_enable>
100065c6:	2001      	movs	r0, #1
100065c8:	bce0      	pop	{r5, r6, r7}
100065ca:	46ba      	mov	sl, r7
100065cc:	46b1      	mov	r9, r6
100065ce:	46a8      	mov	r8, r5
100065d0:	bdf0      	pop	{r4, r5, r6, r7, pc}
100065d2:	46c0      	nop			@ (mov r8, r8)
100065d4:	200010a4 	.word	0x200010a4
100065d8:	20001630 	.word	0x20001630
100065dc:	20001628 	.word	0x20001628
100065e0:	2000200b 	.word	0x2000200b
100065e4:	20001684 	.word	0x20001684
100065e8:	2000109c 	.word	0x2000109c
100065ec:	20001688 	.word	0x20001688
100065f0:	20002009 	.word	0x20002009
100065f4:	10005af5 	.word	0x10005af5
100065f8:	20001480 	.word	0x20001480
100065fc:	10008f3c 	.word	0x10008f3c

10006600 <tud_task_ext>:
10006600:	b5f0      	push	{r4, r5, r6, r7, lr}
10006602:	46de      	mov	lr, fp
10006604:	4657      	mov	r7, sl
10006606:	464e      	mov	r6, r9
10006608:	4645      	mov	r5, r8
1000660a:	b5e0      	push	{r5, r6, r7, lr}
1000660c:	4bc8      	ldr	r3, [pc, #800]	@ (10006930 <tud_task_ext+0x330>)
1000660e:	b091      	sub	sp, #68	@ 0x44
10006610:	9302      	str	r3, [sp, #8]
10006612:	781b      	ldrb	r3, [r3, #0]
10006614:	2bff      	cmp	r3, #255	@ 0xff
10006616:	d100      	bne.n	1000661a <tud_task_ext+0x1a>
10006618:	e13e      	b.n	10006898 <tud_task_ext+0x298>
1000661a:	4bc6      	ldr	r3, [pc, #792]	@ (10006934 <tud_task_ext+0x334>)
1000661c:	4ec6      	ldr	r6, [pc, #792]	@ (10006938 <tud_task_ext+0x338>)
1000661e:	469b      	mov	fp, r3
10006620:	465f      	mov	r7, fp
10006622:	4bc6      	ldr	r3, [pc, #792]	@ (1000693c <tud_task_ext+0x33c>)
10006624:	ac0d      	add	r4, sp, #52	@ 0x34
10006626:	9301      	str	r3, [sp, #4]
10006628:	4bc5      	ldr	r3, [pc, #788]	@ (10006940 <tud_task_ext+0x340>)
1000662a:	9300      	str	r3, [sp, #0]
1000662c:	6835      	ldr	r5, [r6, #0]
1000662e:	696a      	ldr	r2, [r5, #20]
10006630:	f3ef 8110 	mrs	r1, PRIMASK
10006634:	b672      	cpsid	i
10006636:	6813      	ldr	r3, [r2, #0]
10006638:	2b00      	cmp	r3, #0
1000663a:	d0fc      	beq.n	10006636 <tud_task_ext+0x36>
1000663c:	f3bf 8f5f 	dmb	sy
10006640:	61a9      	str	r1, [r5, #24]
10006642:	0028      	movs	r0, r5
10006644:	0021      	movs	r1, r4
10006646:	f001 fbaf 	bl	10007da8 <tu_fifo_read>
1000664a:	696a      	ldr	r2, [r5, #20]
1000664c:	69ab      	ldr	r3, [r5, #24]
1000664e:	f3bf 8f5f 	dmb	sy
10006652:	2100      	movs	r1, #0
10006654:	6011      	str	r1, [r2, #0]
10006656:	f383 8810 	msr	PRIMASK, r3
1000665a:	2800      	cmp	r0, #0
1000665c:	d100      	bne.n	10006660 <tud_task_ext+0x60>
1000665e:	e11b      	b.n	10006898 <tud_task_ext+0x298>
10006660:	7863      	ldrb	r3, [r4, #1]
10006662:	2b08      	cmp	r3, #8
10006664:	d8e2      	bhi.n	1000662c <tud_task_ext+0x2c>
10006666:	009b      	lsls	r3, r3, #2
10006668:	58fb      	ldr	r3, [r7, r3]
1000666a:	469f      	mov	pc, r3
1000666c:	6863      	ldr	r3, [r4, #4]
1000666e:	2b00      	cmp	r3, #0
10006670:	d0dc      	beq.n	1000662c <tud_task_ext+0x2c>
10006672:	68a0      	ldr	r0, [r4, #8]
10006674:	4798      	blx	r3
10006676:	e7d9      	b.n	1000662c <tud_task_ext+0x2c>
10006678:	227f      	movs	r2, #127	@ 0x7f
1000667a:	7921      	ldrb	r1, [r4, #4]
1000667c:	4daf      	ldr	r5, [pc, #700]	@ (1000693c <tud_task_ext+0x33c>)
1000667e:	400a      	ands	r2, r1
10006680:	0053      	lsls	r3, r2, #1
10006682:	18eb      	adds	r3, r5, r3
10006684:	4698      	mov	r8, r3
10006686:	09c8      	lsrs	r0, r1, #7
10006688:	4480      	add	r8, r0
1000668a:	4640      	mov	r0, r8
1000668c:	2301      	movs	r3, #1
1000668e:	3030      	adds	r0, #48	@ 0x30
10006690:	7905      	ldrb	r5, [r0, #4]
10006692:	439d      	bics	r5, r3
10006694:	7105      	strb	r5, [r0, #4]
10006696:	7905      	ldrb	r5, [r0, #4]
10006698:	3303      	adds	r3, #3
1000669a:	439d      	bics	r5, r3
1000669c:	7105      	strb	r5, [r0, #4]
1000669e:	2a00      	cmp	r2, #0
100066a0:	d100      	bne.n	100066a4 <tud_task_ext+0xa4>
100066a2:	e100      	b.n	100068a6 <tud_task_ext+0x2a6>
100066a4:	4643      	mov	r3, r8
100066a6:	4aa7      	ldr	r2, [pc, #668]	@ (10006944 <tud_task_ext+0x344>)
100066a8:	7d1b      	ldrb	r3, [r3, #20]
100066aa:	7812      	ldrb	r2, [r2, #0]
100066ac:	4293      	cmp	r3, r2
100066ae:	d300      	bcc.n	100066b2 <tud_task_ext+0xb2>
100066b0:	e0ef      	b.n	10006892 <tud_task_ext+0x292>
100066b2:	4aa5      	ldr	r2, [pc, #660]	@ (10006948 <tud_task_ext+0x348>)
100066b4:	015b      	lsls	r3, r3, #5
100066b6:	6815      	ldr	r5, [r2, #0]
100066b8:	18ed      	adds	r5, r5, r3
100066ba:	2d00      	cmp	r5, #0
100066bc:	d100      	bne.n	100066c0 <tud_task_ext+0xc0>
100066be:	e0eb      	b.n	10006898 <tud_task_ext+0x298>
100066c0:	68a3      	ldr	r3, [r4, #8]
100066c2:	7962      	ldrb	r2, [r4, #5]
100066c4:	7820      	ldrb	r0, [r4, #0]
100066c6:	69ad      	ldr	r5, [r5, #24]
100066c8:	47a8      	blx	r5
100066ca:	e7af      	b.n	1000662c <tud_task_ext+0x2c>
100066cc:	4a9f      	ldr	r2, [pc, #636]	@ (1000694c <tud_task_ext+0x34c>)
100066ce:	7813      	ldrb	r3, [r2, #0]
100066d0:	2b00      	cmp	r3, #0
100066d2:	d100      	bne.n	100066d6 <tud_task_ext+0xd6>
100066d4:	e0e0      	b.n	10006898 <tud_task_ext+0x298>
100066d6:	7813      	ldrb	r3, [r2, #0]
100066d8:	3b01      	subs	r3, #1
100066da:	b2db      	uxtb	r3, r3
100066dc:	7013      	strb	r3, [r2, #0]
100066de:	7813      	ldrb	r3, [r2, #0]
100066e0:	2b00      	cmp	r3, #0
100066e2:	d1a3      	bne.n	1000662c <tud_task_ext+0x2c>
100066e4:	2201      	movs	r2, #1
100066e6:	4d95      	ldr	r5, [pc, #596]	@ (1000693c <tud_task_ext+0x33c>)
100066e8:	2101      	movs	r1, #1
100066ea:	782b      	ldrb	r3, [r5, #0]
100066ec:	2004      	movs	r0, #4
100066ee:	4313      	orrs	r3, r2
100066f0:	702b      	strb	r3, [r5, #0]
100066f2:	2334      	movs	r3, #52	@ 0x34
100066f4:	5cea      	ldrb	r2, [r5, r3]
100066f6:	438a      	bics	r2, r1
100066f8:	54ea      	strb	r2, [r5, r3]
100066fa:	5cea      	ldrb	r2, [r5, r3]
100066fc:	4382      	bics	r2, r0
100066fe:	54ea      	strb	r2, [r5, r3]
10006700:	3301      	adds	r3, #1
10006702:	5cea      	ldrb	r2, [r5, r3]
10006704:	438a      	bics	r2, r1
10006706:	54ea      	strb	r2, [r5, r3]
10006708:	5cea      	ldrb	r2, [r5, r3]
1000670a:	4382      	bics	r2, r0
1000670c:	54ea      	strb	r2, [r5, r3]
1000670e:	7823      	ldrb	r3, [r4, #0]
10006710:	2000      	movs	r0, #0
10006712:	469b      	mov	fp, r3
10006714:	f000 fc9e 	bl	10007054 <usbd_control_set_complete_callback>
10006718:	2260      	movs	r2, #96	@ 0x60
1000671a:	7923      	ldrb	r3, [r4, #4]
1000671c:	401a      	ands	r2, r3
1000671e:	2a60      	cmp	r2, #96	@ 0x60
10006720:	d100      	bne.n	10006724 <tud_task_ext+0x124>
10006722:	e0ef      	b.n	10006904 <tud_task_ext+0x304>
10006724:	2a40      	cmp	r2, #64	@ 0x40
10006726:	d100      	bne.n	1000672a <tud_task_ext+0x12a>
10006728:	e0f5      	b.n	10006916 <tud_task_ext+0x316>
1000672a:	06db      	lsls	r3, r3, #27
1000672c:	0edb      	lsrs	r3, r3, #27
1000672e:	2b01      	cmp	r3, #1
10006730:	d100      	bne.n	10006734 <tud_task_ext+0x134>
10006732:	e113      	b.n	1000695c <tud_task_ext+0x35c>
10006734:	2b02      	cmp	r3, #2
10006736:	d100      	bne.n	1000673a <tud_task_ext+0x13a>
10006738:	e0c7      	b.n	100068ca <tud_task_ext+0x2ca>
1000673a:	2b00      	cmp	r3, #0
1000673c:	d000      	beq.n	10006740 <tud_task_ext+0x140>
1000673e:	e0e1      	b.n	10006904 <tud_task_ext+0x304>
10006740:	2a20      	cmp	r2, #32
10006742:	d100      	bne.n	10006746 <tud_task_ext+0x146>
10006744:	e21c      	b.n	10006b80 <tud_task_ext+0x580>
10006746:	2a00      	cmp	r2, #0
10006748:	d000      	beq.n	1000674c <tud_task_ext+0x14c>
1000674a:	e0db      	b.n	10006904 <tud_task_ext+0x304>
1000674c:	7963      	ldrb	r3, [r4, #5]
1000674e:	2b09      	cmp	r3, #9
10006750:	d900      	bls.n	10006754 <tud_task_ext+0x154>
10006752:	e0d7      	b.n	10006904 <tud_task_ext+0x304>
10006754:	4a7e      	ldr	r2, [pc, #504]	@ (10006950 <tud_task_ext+0x350>)
10006756:	009b      	lsls	r3, r3, #2
10006758:	58d3      	ldr	r3, [r2, r3]
1000675a:	469f      	mov	pc, r3
1000675c:	4d77      	ldr	r5, [pc, #476]	@ (1000693c <tud_task_ext+0x33c>)
1000675e:	782b      	ldrb	r3, [r5, #0]
10006760:	07db      	lsls	r3, r3, #31
10006762:	d400      	bmi.n	10006766 <tud_task_ext+0x166>
10006764:	e762      	b.n	1000662c <tud_task_ext+0x2c>
10006766:	f7ff febf 	bl	100064e8 <tud_resume_cb>
1000676a:	e75f      	b.n	1000662c <tud_task_ext+0x2c>
1000676c:	9b01      	ldr	r3, [sp, #4]
1000676e:	78db      	ldrb	r3, [r3, #3]
10006770:	07db      	lsls	r3, r3, #31
10006772:	d400      	bmi.n	10006776 <tud_task_ext+0x176>
10006774:	e75a      	b.n	1000662c <tud_task_ext+0x2c>
10006776:	6860      	ldr	r0, [r4, #4]
10006778:	f7ff feaa 	bl	100064d0 <tud_sof_cb>
1000677c:	e756      	b.n	1000662c <tud_task_ext+0x2c>
1000677e:	4d6f      	ldr	r5, [pc, #444]	@ (1000693c <tud_task_ext+0x33c>)
10006780:	782b      	ldrb	r3, [r5, #0]
10006782:	07db      	lsls	r3, r3, #31
10006784:	d400      	bmi.n	10006788 <tud_task_ext+0x188>
10006786:	e751      	b.n	1000662c <tud_task_ext+0x2c>
10006788:	7828      	ldrb	r0, [r5, #0]
1000678a:	0700      	lsls	r0, r0, #28
1000678c:	0fc0      	lsrs	r0, r0, #31
1000678e:	f7ff fea9 	bl	100064e4 <tud_suspend_cb>
10006792:	e74b      	b.n	1000662c <tud_task_ext+0x2c>
10006794:	7823      	ldrb	r3, [r4, #0]
10006796:	496a      	ldr	r1, [pc, #424]	@ (10006940 <tud_task_ext+0x340>)
10006798:	4699      	mov	r9, r3
1000679a:	468b      	mov	fp, r1
1000679c:	4b69      	ldr	r3, [pc, #420]	@ (10006944 <tud_task_ext+0x344>)
1000679e:	496a      	ldr	r1, [pc, #424]	@ (10006948 <tud_task_ext+0x348>)
100067a0:	4698      	mov	r8, r3
100067a2:	468a      	mov	sl, r1
100067a4:	0039      	movs	r1, r7
100067a6:	781a      	ldrb	r2, [r3, #0]
100067a8:	4647      	mov	r7, r8
100067aa:	2300      	movs	r3, #0
100067ac:	46b0      	mov	r8, r6
100067ae:	2500      	movs	r5, #0
100067b0:	464e      	mov	r6, r9
100067b2:	4689      	mov	r9, r1
100067b4:	e010      	b.n	100067d8 <tud_task_ext+0x1d8>
100067b6:	4653      	mov	r3, sl
100067b8:	681b      	ldr	r3, [r3, #0]
100067ba:	016a      	lsls	r2, r5, #5
100067bc:	189b      	adds	r3, r3, r2
100067be:	2b00      	cmp	r3, #0
100067c0:	d100      	bne.n	100067c4 <tud_task_ext+0x1c4>
100067c2:	e076      	b.n	100068b2 <tud_task_ext+0x2b2>
100067c4:	68db      	ldr	r3, [r3, #12]
100067c6:	0030      	movs	r0, r6
100067c8:	4798      	blx	r3
100067ca:	783a      	ldrb	r2, [r7, #0]
100067cc:	3501      	adds	r5, #1
100067ce:	b2ed      	uxtb	r5, r5
100067d0:	1c51      	adds	r1, r2, #1
100067d2:	002b      	movs	r3, r5
100067d4:	428d      	cmp	r5, r1
100067d6:	dc44      	bgt.n	10006862 <tud_task_ext+0x262>
100067d8:	4295      	cmp	r5, r2
100067da:	d3ec      	bcc.n	100067b6 <tud_task_ext+0x1b6>
100067dc:	1a9b      	subs	r3, r3, r2
100067de:	015b      	lsls	r3, r3, #5
100067e0:	445b      	add	r3, fp
100067e2:	e7ef      	b.n	100067c4 <tud_task_ext+0x1c4>
100067e4:	7823      	ldrb	r3, [r4, #0]
100067e6:	4958      	ldr	r1, [pc, #352]	@ (10006948 <tud_task_ext+0x348>)
100067e8:	4699      	mov	r9, r3
100067ea:	4b56      	ldr	r3, [pc, #344]	@ (10006944 <tud_task_ext+0x344>)
100067ec:	468a      	mov	sl, r1
100067ee:	4698      	mov	r8, r3
100067f0:	0031      	movs	r1, r6
100067f2:	46bb      	mov	fp, r7
100067f4:	464e      	mov	r6, r9
100067f6:	781a      	ldrb	r2, [r3, #0]
100067f8:	2500      	movs	r5, #0
100067fa:	2300      	movs	r3, #0
100067fc:	4647      	mov	r7, r8
100067fe:	4689      	mov	r9, r1
10006800:	e00f      	b.n	10006822 <tud_task_ext+0x222>
10006802:	4653      	mov	r3, sl
10006804:	681b      	ldr	r3, [r3, #0]
10006806:	016a      	lsls	r2, r5, #5
10006808:	189b      	adds	r3, r3, r2
1000680a:	2b00      	cmp	r3, #0
1000680c:	d055      	beq.n	100068ba <tud_task_ext+0x2ba>
1000680e:	68db      	ldr	r3, [r3, #12]
10006810:	0030      	movs	r0, r6
10006812:	4798      	blx	r3
10006814:	783a      	ldrb	r2, [r7, #0]
10006816:	3501      	adds	r5, #1
10006818:	b2ed      	uxtb	r5, r5
1000681a:	1c51      	adds	r1, r2, #1
1000681c:	002b      	movs	r3, r5
1000681e:	428d      	cmp	r5, r1
10006820:	dc07      	bgt.n	10006832 <tud_task_ext+0x232>
10006822:	4295      	cmp	r5, r2
10006824:	d3ed      	bcc.n	10006802 <tud_task_ext+0x202>
10006826:	1a9b      	subs	r3, r3, r2
10006828:	9a00      	ldr	r2, [sp, #0]
1000682a:	015b      	lsls	r3, r3, #5
1000682c:	4694      	mov	ip, r2
1000682e:	4463      	add	r3, ip
10006830:	e7ed      	b.n	1000680e <tud_task_ext+0x20e>
10006832:	9d01      	ldr	r5, [sp, #4]
10006834:	2254      	movs	r2, #84	@ 0x54
10006836:	2100      	movs	r1, #0
10006838:	0028      	movs	r0, r5
1000683a:	f7fd fa35 	bl	10003ca8 <__wrap_memset>
1000683e:	2210      	movs	r2, #16
10006840:	21ff      	movs	r1, #255	@ 0xff
10006842:	4844      	ldr	r0, [pc, #272]	@ (10006954 <tud_task_ext+0x354>)
10006844:	f7fd fa30 	bl	10003ca8 <__wrap_memset>
10006848:	0028      	movs	r0, r5
1000684a:	2220      	movs	r2, #32
1000684c:	21ff      	movs	r1, #255	@ 0xff
1000684e:	3014      	adds	r0, #20
10006850:	464e      	mov	r6, r9
10006852:	465f      	mov	r7, fp
10006854:	f7fd fa28 	bl	10003ca8 <__wrap_memset>
10006858:	f000 fbf2 	bl	10007040 <usbd_control_reset>
1000685c:	f7ff fe40 	bl	100064e0 <tud_umount_cb>
10006860:	e6e4      	b.n	1000662c <tud_task_ext+0x2c>
10006862:	4d36      	ldr	r5, [pc, #216]	@ (1000693c <tud_task_ext+0x33c>)
10006864:	2254      	movs	r2, #84	@ 0x54
10006866:	2100      	movs	r1, #0
10006868:	0028      	movs	r0, r5
1000686a:	f7fd fa1d 	bl	10003ca8 <__wrap_memset>
1000686e:	2210      	movs	r2, #16
10006870:	21ff      	movs	r1, #255	@ 0xff
10006872:	1d28      	adds	r0, r5, #4
10006874:	f7fd fa18 	bl	10003ca8 <__wrap_memset>
10006878:	0028      	movs	r0, r5
1000687a:	2220      	movs	r2, #32
1000687c:	21ff      	movs	r1, #255	@ 0xff
1000687e:	3014      	adds	r0, #20
10006880:	4646      	mov	r6, r8
10006882:	464f      	mov	r7, r9
10006884:	f7fd fa10 	bl	10003ca8 <__wrap_memset>
10006888:	f000 fbda 	bl	10007040 <usbd_control_reset>
1000688c:	7923      	ldrb	r3, [r4, #4]
1000688e:	70ab      	strb	r3, [r5, #2]
10006890:	e6cc      	b.n	1000662c <tud_task_ext+0x2c>
10006892:	1c50      	adds	r0, r2, #1
10006894:	4298      	cmp	r0, r3
10006896:	da13      	bge.n	100068c0 <tud_task_ext+0x2c0>
10006898:	b011      	add	sp, #68	@ 0x44
1000689a:	bcf0      	pop	{r4, r5, r6, r7}
1000689c:	46bb      	mov	fp, r7
1000689e:	46b2      	mov	sl, r6
100068a0:	46a9      	mov	r9, r5
100068a2:	46a0      	mov	r8, r4
100068a4:	bdf0      	pop	{r4, r5, r6, r7, pc}
100068a6:	68a3      	ldr	r3, [r4, #8]
100068a8:	7962      	ldrb	r2, [r4, #5]
100068aa:	7820      	ldrb	r0, [r4, #0]
100068ac:	f000 fbe6 	bl	1000707c <usbd_control_xfer_cb>
100068b0:	e6bc      	b.n	1000662c <tud_task_ext+0x2c>
100068b2:	4646      	mov	r6, r8
100068b4:	464f      	mov	r7, r9
100068b6:	4d21      	ldr	r5, [pc, #132]	@ (1000693c <tud_task_ext+0x33c>)
100068b8:	e7e6      	b.n	10006888 <tud_task_ext+0x288>
100068ba:	464e      	mov	r6, r9
100068bc:	465f      	mov	r7, fp
100068be:	e7cb      	b.n	10006858 <tud_task_ext+0x258>
100068c0:	4d1f      	ldr	r5, [pc, #124]	@ (10006940 <tud_task_ext+0x340>)
100068c2:	1a9b      	subs	r3, r3, r2
100068c4:	015b      	lsls	r3, r3, #5
100068c6:	195d      	adds	r5, r3, r5
100068c8:	e6fa      	b.n	100066c0 <tud_task_ext+0xc0>
100068ca:	2370      	movs	r3, #112	@ 0x70
100068cc:	7a21      	ldrb	r1, [r4, #8]
100068ce:	420b      	tst	r3, r1
100068d0:	d118      	bne.n	10006904 <tud_task_ext+0x304>
100068d2:	09c8      	lsrs	r0, r1, #7
100068d4:	4682      	mov	sl, r0
100068d6:	330f      	adds	r3, #15
100068d8:	400b      	ands	r3, r1
100068da:	005b      	lsls	r3, r3, #1
100068dc:	4698      	mov	r8, r3
100068de:	4819      	ldr	r0, [pc, #100]	@ (10006944 <tud_task_ext+0x344>)
100068e0:	18eb      	adds	r3, r5, r3
100068e2:	4453      	add	r3, sl
100068e4:	7d1b      	ldrb	r3, [r3, #20]
100068e6:	7800      	ldrb	r0, [r0, #0]
100068e8:	4699      	mov	r9, r3
100068ea:	4283      	cmp	r3, r0
100068ec:	d266      	bcs.n	100069bc <tud_task_ext+0x3bc>
100068ee:	4816      	ldr	r0, [pc, #88]	@ (10006948 <tud_task_ext+0x348>)
100068f0:	015b      	lsls	r3, r3, #5
100068f2:	6800      	ldr	r0, [r0, #0]
100068f4:	4681      	mov	r9, r0
100068f6:	4499      	add	r9, r3
100068f8:	2a00      	cmp	r2, #0
100068fa:	d100      	bne.n	100068fe <tud_task_ext+0x2fe>
100068fc:	e15f      	b.n	10006bbe <tud_task_ext+0x5be>
100068fe:	464b      	mov	r3, r9
10006900:	2b00      	cmp	r3, #0
10006902:	d168      	bne.n	100069d6 <tud_task_ext+0x3d6>
10006904:	7820      	ldrb	r0, [r4, #0]
10006906:	2100      	movs	r1, #0
10006908:	f7ff fd6a 	bl	100063e0 <dcd_edpt_stall>
1000690c:	2180      	movs	r1, #128	@ 0x80
1000690e:	7820      	ldrb	r0, [r4, #0]
10006910:	f7ff fd66 	bl	100063e0 <dcd_edpt_stall>
10006914:	e68a      	b.n	1000662c <tud_task_ext+0x2c>
10006916:	4810      	ldr	r0, [pc, #64]	@ (10006958 <tud_task_ext+0x358>)
10006918:	f000 fb9c 	bl	10007054 <usbd_control_set_complete_callback>
1000691c:	2101      	movs	r1, #1
1000691e:	4658      	mov	r0, fp
10006920:	aa0e      	add	r2, sp, #56	@ 0x38
10006922:	f7ff f8cd 	bl	10005ac0 <tud_vendor_control_xfer_cb>
10006926:	2800      	cmp	r0, #0
10006928:	d000      	beq.n	1000692c <tud_task_ext+0x32c>
1000692a:	e67f      	b.n	1000662c <tud_task_ext+0x2c>
1000692c:	e7ea      	b.n	10006904 <tud_task_ext+0x304>
1000692e:	46c0      	nop			@ (mov r8, r8)
10006930:	200010a4 	.word	0x200010a4
10006934:	10008e94 	.word	0x10008e94
10006938:	20001688 	.word	0x20001688
1000693c:	20001630 	.word	0x20001630
10006940:	10008f3c 	.word	0x10008f3c
10006944:	20002009 	.word	0x20002009
10006948:	20001480 	.word	0x20001480
1000694c:	2000200b 	.word	0x2000200b
10006950:	10008eb8 	.word	0x10008eb8
10006954:	20001634 	.word	0x20001634
10006958:	10005ac1 	.word	0x10005ac1
1000695c:	7a23      	ldrb	r3, [r4, #8]
1000695e:	2b0f      	cmp	r3, #15
10006960:	d8d0      	bhi.n	10006904 <tud_task_ext+0x304>
10006962:	4acf      	ldr	r2, [pc, #828]	@ (10006ca0 <tud_task_ext+0x6a0>)
10006964:	18eb      	adds	r3, r5, r3
10006966:	791b      	ldrb	r3, [r3, #4]
10006968:	7815      	ldrb	r5, [r2, #0]
1000696a:	42ab      	cmp	r3, r5
1000696c:	d33e      	bcc.n	100069ec <tud_task_ext+0x3ec>
1000696e:	1c69      	adds	r1, r5, #1
10006970:	4299      	cmp	r1, r3
10006972:	dbc7      	blt.n	10006904 <tud_task_ext+0x304>
10006974:	1b5d      	subs	r5, r3, r5
10006976:	4bcb      	ldr	r3, [pc, #812]	@ (10006ca4 <tud_task_ext+0x6a4>)
10006978:	016d      	lsls	r5, r5, #5
1000697a:	18ed      	adds	r5, r5, r3
1000697c:	6968      	ldr	r0, [r5, #20]
1000697e:	f000 fb69 	bl	10007054 <usbd_control_set_complete_callback>
10006982:	2101      	movs	r1, #1
10006984:	4658      	mov	r0, fp
10006986:	696b      	ldr	r3, [r5, #20]
10006988:	aa0e      	add	r2, sp, #56	@ 0x38
1000698a:	4798      	blx	r3
1000698c:	2800      	cmp	r0, #0
1000698e:	d000      	beq.n	10006992 <tud_task_ext+0x392>
10006990:	e64c      	b.n	1000662c <tud_task_ext+0x2c>
10006992:	2260      	movs	r2, #96	@ 0x60
10006994:	0015      	movs	r5, r2
10006996:	7923      	ldrb	r3, [r4, #4]
10006998:	401d      	ands	r5, r3
1000699a:	421a      	tst	r2, r3
1000699c:	d1b2      	bne.n	10006904 <tud_task_ext+0x304>
1000699e:	7963      	ldrb	r3, [r4, #5]
100069a0:	3b0a      	subs	r3, #10
100069a2:	2b01      	cmp	r3, #1
100069a4:	d8ae      	bhi.n	10006904 <tud_task_ext+0x304>
100069a6:	f000 fb55 	bl	10007054 <usbd_control_set_complete_callback>
100069aa:	7963      	ldrb	r3, [r4, #5]
100069ac:	2b0a      	cmp	r3, #10
100069ae:	d100      	bne.n	100069b2 <tud_task_ext+0x3b2>
100069b0:	e199      	b.n	10006ce6 <tud_task_ext+0x6e6>
100069b2:	4658      	mov	r0, fp
100069b4:	a90e      	add	r1, sp, #56	@ 0x38
100069b6:	f000 fad9 	bl	10006f6c <tud_control_status>
100069ba:	e637      	b.n	1000662c <tud_task_ext+0x2c>
100069bc:	1c43      	adds	r3, r0, #1
100069be:	454b      	cmp	r3, r9
100069c0:	da00      	bge.n	100069c4 <tud_task_ext+0x3c4>
100069c2:	e0f7      	b.n	10006bb4 <tud_task_ext+0x5b4>
100069c4:	464b      	mov	r3, r9
100069c6:	1a1b      	subs	r3, r3, r0
100069c8:	015b      	lsls	r3, r3, #5
100069ca:	4699      	mov	r9, r3
100069cc:	48b5      	ldr	r0, [pc, #724]	@ (10006ca4 <tud_task_ext+0x6a4>)
100069ce:	4481      	add	r9, r0
100069d0:	2a00      	cmp	r2, #0
100069d2:	d100      	bne.n	100069d6 <tud_task_ext+0x3d6>
100069d4:	e0f3      	b.n	10006bbe <tud_task_ext+0x5be>
100069d6:	464b      	mov	r3, r9
100069d8:	6958      	ldr	r0, [r3, #20]
100069da:	f000 fb3b 	bl	10007054 <usbd_control_set_complete_callback>
100069de:	464b      	mov	r3, r9
100069e0:	2101      	movs	r1, #1
100069e2:	4658      	mov	r0, fp
100069e4:	695b      	ldr	r3, [r3, #20]
100069e6:	aa0e      	add	r2, sp, #56	@ 0x38
100069e8:	4798      	blx	r3
100069ea:	e79c      	b.n	10006926 <tud_task_ext+0x326>
100069ec:	4aae      	ldr	r2, [pc, #696]	@ (10006ca8 <tud_task_ext+0x6a8>)
100069ee:	015b      	lsls	r3, r3, #5
100069f0:	6815      	ldr	r5, [r2, #0]
100069f2:	18ed      	adds	r5, r5, r3
100069f4:	2d00      	cmp	r5, #0
100069f6:	d1c1      	bne.n	1000697c <tud_task_ext+0x37c>
100069f8:	e784      	b.n	10006904 <tud_task_ext+0x304>
100069fa:	79a3      	ldrb	r3, [r4, #6]
100069fc:	4699      	mov	r9, r3
100069fe:	786b      	ldrb	r3, [r5, #1]
10006a00:	4599      	cmp	r9, r3
10006a02:	d0d6      	beq.n	100069b2 <tud_task_ext+0x3b2>
10006a04:	786b      	ldrb	r3, [r5, #1]
10006a06:	2b00      	cmp	r3, #0
10006a08:	d000      	beq.n	10006a0c <tud_task_ext+0x40c>
10006a0a:	e133      	b.n	10006c74 <tud_task_ext+0x674>
10006a0c:	464b      	mov	r3, r9
10006a0e:	706b      	strb	r3, [r5, #1]
10006a10:	2b00      	cmp	r3, #0
10006a12:	d100      	bne.n	10006a16 <tud_task_ext+0x416>
10006a14:	e12b      	b.n	10006c6e <tud_task_ext+0x66e>
10006a16:	4648      	mov	r0, r9
10006a18:	3801      	subs	r0, #1
10006a1a:	b2c0      	uxtb	r0, r0
10006a1c:	f7ff fa92 	bl	10005f44 <tud_descriptor_configuration_cb>
10006a20:	2800      	cmp	r0, #0
10006a22:	d100      	bne.n	10006a26 <tud_task_ext+0x426>
10006a24:	e17e      	b.n	10006d24 <tud_task_ext+0x724>
10006a26:	7843      	ldrb	r3, [r0, #1]
10006a28:	9307      	str	r3, [sp, #28]
10006a2a:	2b02      	cmp	r3, #2
10006a2c:	d000      	beq.n	10006a30 <tud_task_ext+0x430>
10006a2e:	e179      	b.n	10006d24 <tud_task_ext+0x724>
10006a30:	2201      	movs	r2, #1
10006a32:	79c1      	ldrb	r1, [r0, #7]
10006a34:	46b1      	mov	r9, r6
10006a36:	118b      	asrs	r3, r1, #6
10006a38:	1149      	asrs	r1, r1, #5
10006a3a:	4013      	ands	r3, r2
10006a3c:	400a      	ands	r2, r1
10006a3e:	2130      	movs	r1, #48	@ 0x30
10006a40:	0112      	lsls	r2, r2, #4
10006a42:	015b      	lsls	r3, r3, #5
10006a44:	4313      	orrs	r3, r2
10006a46:	782a      	ldrb	r2, [r5, #0]
10006a48:	46a8      	mov	r8, r5
10006a4a:	438a      	bics	r2, r1
10006a4c:	4313      	orrs	r3, r2
10006a4e:	702b      	strb	r3, [r5, #0]
10006a50:	2309      	movs	r3, #9
10006a52:	469a      	mov	sl, r3
10006a54:	4482      	add	sl, r0
10006a56:	4656      	mov	r6, sl
10006a58:	46ba      	mov	sl, r7
10006a5a:	78c3      	ldrb	r3, [r0, #3]
10006a5c:	7882      	ldrb	r2, [r0, #2]
10006a5e:	021b      	lsls	r3, r3, #8
10006a60:	4313      	orrs	r3, r2
10006a62:	18c3      	adds	r3, r0, r3
10006a64:	9305      	str	r3, [sp, #20]
10006a66:	4b8e      	ldr	r3, [pc, #568]	@ (10006ca0 <tud_task_ext+0x6a0>)
10006a68:	9304      	str	r3, [sp, #16]
10006a6a:	4b8e      	ldr	r3, [pc, #568]	@ (10006ca4 <tud_task_ext+0x6a4>)
10006a6c:	9308      	str	r3, [sp, #32]
10006a6e:	4b8e      	ldr	r3, [pc, #568]	@ (10006ca8 <tud_task_ext+0x6a8>)
10006a70:	9309      	str	r3, [sp, #36]	@ 0x24
10006a72:	4b8e      	ldr	r3, [pc, #568]	@ (10006cac <tud_task_ext+0x6ac>)
10006a74:	930a      	str	r3, [sp, #40]	@ 0x28
10006a76:	9b05      	ldr	r3, [sp, #20]
10006a78:	42b3      	cmp	r3, r6
10006a7a:	d800      	bhi.n	10006a7e <tud_task_ext+0x47e>
10006a7c:	e155      	b.n	10006d2a <tud_task_ext+0x72a>
10006a7e:	7873      	ldrb	r3, [r6, #1]
10006a80:	2201      	movs	r2, #1
10006a82:	2b0b      	cmp	r3, #11
10006a84:	d103      	bne.n	10006a8e <tud_task_ext+0x48e>
10006a86:	7833      	ldrb	r3, [r6, #0]
10006a88:	78f2      	ldrb	r2, [r6, #3]
10006a8a:	18f6      	adds	r6, r6, r3
10006a8c:	7873      	ldrb	r3, [r6, #1]
10006a8e:	2b04      	cmp	r3, #4
10006a90:	d000      	beq.n	10006a94 <tud_task_ext+0x494>
10006a92:	e144      	b.n	10006d1e <tud_task_ext+0x71e>
10006a94:	9b05      	ldr	r3, [sp, #20]
10006a96:	2700      	movs	r7, #0
10006a98:	1b9b      	subs	r3, r3, r6
10006a9a:	b29b      	uxth	r3, r3
10006a9c:	9306      	str	r3, [sp, #24]
10006a9e:	9b04      	ldr	r3, [sp, #16]
10006aa0:	920b      	str	r2, [sp, #44]	@ 0x2c
10006aa2:	781d      	ldrb	r5, [r3, #0]
10006aa4:	2300      	movs	r3, #0
10006aa6:	9303      	str	r3, [sp, #12]
10006aa8:	e01b      	b.n	10006ae2 <tud_task_ext+0x4e2>
10006aaa:	9a09      	ldr	r2, [sp, #36]	@ 0x24
10006aac:	017b      	lsls	r3, r7, #5
10006aae:	6815      	ldr	r5, [r2, #0]
10006ab0:	18ed      	adds	r5, r5, r3
10006ab2:	2d00      	cmp	r5, #0
10006ab4:	d100      	bne.n	10006ab8 <tud_task_ext+0x4b8>
10006ab6:	e132      	b.n	10006d1e <tud_task_ext+0x71e>
10006ab8:	0031      	movs	r1, r6
10006aba:	4658      	mov	r0, fp
10006abc:	692b      	ldr	r3, [r5, #16]
10006abe:	9a06      	ldr	r2, [sp, #24]
10006ac0:	4798      	blx	r3
10006ac2:	4684      	mov	ip, r0
10006ac4:	2808      	cmp	r0, #8
10006ac6:	d903      	bls.n	10006ad0 <tud_task_ext+0x4d0>
10006ac8:	9a06      	ldr	r2, [sp, #24]
10006aca:	4282      	cmp	r2, r0
10006acc:	d300      	bcc.n	10006ad0 <tud_task_ext+0x4d0>
10006ace:	e113      	b.n	10006cf8 <tud_task_ext+0x6f8>
10006ad0:	9b04      	ldr	r3, [sp, #16]
10006ad2:	3701      	adds	r7, #1
10006ad4:	781d      	ldrb	r5, [r3, #0]
10006ad6:	b2ff      	uxtb	r7, r7
10006ad8:	1c6b      	adds	r3, r5, #1
10006ada:	9703      	str	r7, [sp, #12]
10006adc:	429f      	cmp	r7, r3
10006ade:	dd00      	ble.n	10006ae2 <tud_task_ext+0x4e2>
10006ae0:	e11d      	b.n	10006d1e <tud_task_ext+0x71e>
10006ae2:	42bd      	cmp	r5, r7
10006ae4:	d8e1      	bhi.n	10006aaa <tud_task_ext+0x4aa>
10006ae6:	9b03      	ldr	r3, [sp, #12]
10006ae8:	1b5d      	subs	r5, r3, r5
10006aea:	9b08      	ldr	r3, [sp, #32]
10006aec:	016d      	lsls	r5, r5, #5
10006aee:	469c      	mov	ip, r3
10006af0:	4465      	add	r5, ip
10006af2:	e7e1      	b.n	10006ab8 <tud_task_ext+0x4b8>
10006af4:	786b      	ldrb	r3, [r5, #1]
10006af6:	aa0c      	add	r2, sp, #48	@ 0x30
10006af8:	3202      	adds	r2, #2
10006afa:	7013      	strb	r3, [r2, #0]
10006afc:	4658      	mov	r0, fp
10006afe:	2301      	movs	r3, #1
10006b00:	a90e      	add	r1, sp, #56	@ 0x38
10006b02:	f000 fa49 	bl	10006f98 <tud_control_xfer>
10006b06:	e591      	b.n	1000662c <tud_task_ext+0x2c>
10006b08:	88e3      	ldrh	r3, [r4, #6]
10006b0a:	0a1a      	lsrs	r2, r3, #8
10006b0c:	b2d8      	uxtb	r0, r3
10006b0e:	2a0f      	cmp	r2, #15
10006b10:	d900      	bls.n	10006b14 <tud_task_ext+0x514>
10006b12:	e6f7      	b.n	10006904 <tud_task_ext+0x304>
10006b14:	4966      	ldr	r1, [pc, #408]	@ (10006cb0 <tud_task_ext+0x6b0>)
10006b16:	0093      	lsls	r3, r2, #2
10006b18:	58cb      	ldr	r3, [r1, r3]
10006b1a:	469f      	mov	pc, r3
10006b1c:	a80e      	add	r0, sp, #56	@ 0x38
10006b1e:	f000 fa9f 	bl	10007060 <usbd_control_set_request>
10006b22:	4658      	mov	r0, fp
10006b24:	79a1      	ldrb	r1, [r4, #6]
10006b26:	f7ff fb95 	bl	10006254 <dcd_set_address>
10006b2a:	2202      	movs	r2, #2
10006b2c:	782b      	ldrb	r3, [r5, #0]
10006b2e:	4313      	orrs	r3, r2
10006b30:	702b      	strb	r3, [r5, #0]
10006b32:	e57b      	b.n	1000662c <tud_task_ext+0x2c>
10006b34:	88e3      	ldrh	r3, [r4, #6]
10006b36:	2b01      	cmp	r3, #1
10006b38:	d000      	beq.n	10006b3c <tud_task_ext+0x53c>
10006b3a:	e6e3      	b.n	10006904 <tud_task_ext+0x304>
10006b3c:	2208      	movs	r2, #8
10006b3e:	782b      	ldrb	r3, [r5, #0]
10006b40:	4658      	mov	r0, fp
10006b42:	4393      	bics	r3, r2
10006b44:	a90e      	add	r1, sp, #56	@ 0x38
10006b46:	702b      	strb	r3, [r5, #0]
10006b48:	f000 fa10 	bl	10006f6c <tud_control_status>
10006b4c:	e56e      	b.n	1000662c <tud_task_ext+0x2c>
10006b4e:	2002      	movs	r0, #2
10006b50:	7829      	ldrb	r1, [r5, #0]
10006b52:	ab0c      	add	r3, sp, #48	@ 0x30
10006b54:	1c9a      	adds	r2, r3, #2
10006b56:	068b      	lsls	r3, r1, #26
10006b58:	0889      	lsrs	r1, r1, #2
10006b5a:	0fdb      	lsrs	r3, r3, #31
10006b5c:	4001      	ands	r1, r0
10006b5e:	430b      	orrs	r3, r1
10006b60:	8013      	strh	r3, [r2, #0]
10006b62:	4658      	mov	r0, fp
10006b64:	2302      	movs	r3, #2
10006b66:	a90e      	add	r1, sp, #56	@ 0x38
10006b68:	f000 fa16 	bl	10006f98 <tud_control_xfer>
10006b6c:	e55e      	b.n	1000662c <tud_task_ext+0x2c>
10006b6e:	88e3      	ldrh	r3, [r4, #6]
10006b70:	2b01      	cmp	r3, #1
10006b72:	d000      	beq.n	10006b76 <tud_task_ext+0x576>
10006b74:	e6c6      	b.n	10006904 <tud_task_ext+0x304>
10006b76:	2208      	movs	r2, #8
10006b78:	782b      	ldrb	r3, [r5, #0]
10006b7a:	4313      	orrs	r3, r2
10006b7c:	702b      	strb	r3, [r5, #0]
10006b7e:	e718      	b.n	100069b2 <tud_task_ext+0x3b2>
10006b80:	7a23      	ldrb	r3, [r4, #8]
10006b82:	2b0f      	cmp	r3, #15
10006b84:	d900      	bls.n	10006b88 <tud_task_ext+0x588>
10006b86:	e6bd      	b.n	10006904 <tud_task_ext+0x304>
10006b88:	18eb      	adds	r3, r5, r3
10006b8a:	791d      	ldrb	r5, [r3, #4]
10006b8c:	4b44      	ldr	r3, [pc, #272]	@ (10006ca0 <tud_task_ext+0x6a0>)
10006b8e:	781b      	ldrb	r3, [r3, #0]
10006b90:	429d      	cmp	r5, r3
10006b92:	d228      	bcs.n	10006be6 <tud_task_ext+0x5e6>
10006b94:	4b44      	ldr	r3, [pc, #272]	@ (10006ca8 <tud_task_ext+0x6a8>)
10006b96:	016d      	lsls	r5, r5, #5
10006b98:	681b      	ldr	r3, [r3, #0]
10006b9a:	195d      	adds	r5, r3, r5
10006b9c:	2d00      	cmp	r5, #0
10006b9e:	d100      	bne.n	10006ba2 <tud_task_ext+0x5a2>
10006ba0:	e6b0      	b.n	10006904 <tud_task_ext+0x304>
10006ba2:	6968      	ldr	r0, [r5, #20]
10006ba4:	f000 fa56 	bl	10007054 <usbd_control_set_complete_callback>
10006ba8:	2101      	movs	r1, #1
10006baa:	4658      	mov	r0, fp
10006bac:	696b      	ldr	r3, [r5, #20]
10006bae:	aa0e      	add	r2, sp, #56	@ 0x38
10006bb0:	4798      	blx	r3
10006bb2:	e6b8      	b.n	10006926 <tud_task_ext+0x326>
10006bb4:	2a00      	cmp	r2, #0
10006bb6:	d000      	beq.n	10006bba <tud_task_ext+0x5ba>
10006bb8:	e6a4      	b.n	10006904 <tud_task_ext+0x304>
10006bba:	2300      	movs	r3, #0
10006bbc:	4699      	mov	r9, r3
10006bbe:	7962      	ldrb	r2, [r4, #5]
10006bc0:	2002      	movs	r0, #2
10006bc2:	0013      	movs	r3, r2
10006bc4:	9203      	str	r2, [sp, #12]
10006bc6:	4383      	bics	r3, r0
10006bc8:	2b01      	cmp	r3, #1
10006bca:	d015      	beq.n	10006bf8 <tud_task_ext+0x5f8>
10006bcc:	2a00      	cmp	r2, #0
10006bce:	d000      	beq.n	10006bd2 <tud_task_ext+0x5d2>
10006bd0:	e698      	b.n	10006904 <tud_task_ext+0x304>
10006bd2:	002b      	movs	r3, r5
10006bd4:	4443      	add	r3, r8
10006bd6:	4453      	add	r3, sl
10006bd8:	3330      	adds	r3, #48	@ 0x30
10006bda:	791b      	ldrb	r3, [r3, #4]
10006bdc:	aa0c      	add	r2, sp, #48	@ 0x30
10006bde:	079b      	lsls	r3, r3, #30
10006be0:	0fdb      	lsrs	r3, r3, #31
10006be2:	3202      	adds	r2, #2
10006be4:	e7bc      	b.n	10006b60 <tud_task_ext+0x560>
10006be6:	1c5a      	adds	r2, r3, #1
10006be8:	42aa      	cmp	r2, r5
10006bea:	da00      	bge.n	10006bee <tud_task_ext+0x5ee>
10006bec:	e68a      	b.n	10006904 <tud_task_ext+0x304>
10006bee:	1aed      	subs	r5, r5, r3
10006bf0:	4b2c      	ldr	r3, [pc, #176]	@ (10006ca4 <tud_task_ext+0x6a4>)
10006bf2:	016d      	lsls	r5, r5, #5
10006bf4:	18ed      	adds	r5, r5, r3
10006bf6:	e7d4      	b.n	10006ba2 <tud_task_ext+0x5a2>
10006bf8:	88e3      	ldrh	r3, [r4, #6]
10006bfa:	2b00      	cmp	r3, #0
10006bfc:	d112      	bne.n	10006c24 <tud_task_ext+0x624>
10006bfe:	9b02      	ldr	r3, [sp, #8]
10006c00:	7818      	ldrb	r0, [r3, #0]
10006c02:	9b03      	ldr	r3, [sp, #12]
10006c04:	2b01      	cmp	r3, #1
10006c06:	d023      	beq.n	10006c50 <tud_task_ext+0x650>
10006c08:	f7ff fbea 	bl	100063e0 <dcd_edpt_stall>
10006c0c:	4643      	mov	r3, r8
10006c0e:	2102      	movs	r1, #2
10006c10:	18eb      	adds	r3, r5, r3
10006c12:	4453      	add	r3, sl
10006c14:	3330      	adds	r3, #48	@ 0x30
10006c16:	791a      	ldrb	r2, [r3, #4]
10006c18:	430a      	orrs	r2, r1
10006c1a:	2101      	movs	r1, #1
10006c1c:	711a      	strb	r2, [r3, #4]
10006c1e:	791a      	ldrb	r2, [r3, #4]
10006c20:	430a      	orrs	r2, r1
10006c22:	711a      	strb	r2, [r3, #4]
10006c24:	464b      	mov	r3, r9
10006c26:	2b00      	cmp	r3, #0
10006c28:	d100      	bne.n	10006c2c <tud_task_ext+0x62c>
10006c2a:	e4ff      	b.n	1000662c <tud_task_ext+0x2c>
10006c2c:	6958      	ldr	r0, [r3, #20]
10006c2e:	f000 fa11 	bl	10007054 <usbd_control_set_complete_callback>
10006c32:	464b      	mov	r3, r9
10006c34:	2101      	movs	r1, #1
10006c36:	695b      	ldr	r3, [r3, #20]
10006c38:	aa0e      	add	r2, sp, #56	@ 0x38
10006c3a:	4658      	mov	r0, fp
10006c3c:	4798      	blx	r3
10006c3e:	2000      	movs	r0, #0
10006c40:	f000 fa08 	bl	10007054 <usbd_control_set_complete_callback>
10006c44:	2335      	movs	r3, #53	@ 0x35
10006c46:	5ceb      	ldrb	r3, [r5, r3]
10006c48:	07db      	lsls	r3, r3, #31
10006c4a:	d500      	bpl.n	10006c4e <tud_task_ext+0x64e>
10006c4c:	e4ee      	b.n	1000662c <tud_task_ext+0x2c>
10006c4e:	e6b0      	b.n	100069b2 <tud_task_ext+0x3b2>
10006c50:	f7ff fbe4 	bl	1000641c <dcd_edpt_clear_stall>
10006c54:	4643      	mov	r3, r8
10006c56:	2102      	movs	r1, #2
10006c58:	18eb      	adds	r3, r5, r3
10006c5a:	4453      	add	r3, sl
10006c5c:	3330      	adds	r3, #48	@ 0x30
10006c5e:	791a      	ldrb	r2, [r3, #4]
10006c60:	438a      	bics	r2, r1
10006c62:	711a      	strb	r2, [r3, #4]
10006c64:	791a      	ldrb	r2, [r3, #4]
10006c66:	9903      	ldr	r1, [sp, #12]
10006c68:	438a      	bics	r2, r1
10006c6a:	711a      	strb	r2, [r3, #4]
10006c6c:	e7da      	b.n	10006c24 <tud_task_ext+0x624>
10006c6e:	f7ff fc37 	bl	100064e0 <tud_umount_cb>
10006c72:	e69e      	b.n	100069b2 <tud_task_ext+0x3b2>
10006c74:	2100      	movs	r1, #0
10006c76:	4658      	mov	r0, fp
10006c78:	f7ff faf6 	bl	10006268 <dcd_sof_enable>
10006c7c:	4658      	mov	r0, fp
10006c7e:	f7ff fb99 	bl	100063b4 <dcd_edpt_close_all>
10006c82:	78ab      	ldrb	r3, [r5, #2]
10006c84:	4907      	ldr	r1, [pc, #28]	@ (10006ca4 <tud_task_ext+0x6a4>)
10006c86:	9303      	str	r3, [sp, #12]
10006c88:	9104      	str	r1, [sp, #16]
10006c8a:	4b05      	ldr	r3, [pc, #20]	@ (10006ca0 <tud_task_ext+0x6a0>)
10006c8c:	4906      	ldr	r1, [pc, #24]	@ (10006ca8 <tud_task_ext+0x6a8>)
10006c8e:	4698      	mov	r8, r3
10006c90:	781a      	ldrb	r2, [r3, #0]
10006c92:	9105      	str	r1, [sp, #20]
10006c94:	2300      	movs	r3, #0
10006c96:	0029      	movs	r1, r5
10006c98:	001d      	movs	r5, r3
10006c9a:	468a      	mov	sl, r1
10006c9c:	e01b      	b.n	10006cd6 <tud_task_ext+0x6d6>
10006c9e:	46c0      	nop			@ (mov r8, r8)
10006ca0:	20002009 	.word	0x20002009
10006ca4:	10008f3c 	.word	0x10008f3c
10006ca8:	20001480 	.word	0x20001480
10006cac:	20001644 	.word	0x20001644
10006cb0:	10008ee0 	.word	0x10008ee0
10006cb4:	9b05      	ldr	r3, [sp, #20]
10006cb6:	016a      	lsls	r2, r5, #5
10006cb8:	681b      	ldr	r3, [r3, #0]
10006cba:	189b      	adds	r3, r3, r2
10006cbc:	2b00      	cmp	r3, #0
10006cbe:	d04d      	beq.n	10006d5c <tud_task_ext+0x75c>
10006cc0:	68db      	ldr	r3, [r3, #12]
10006cc2:	4658      	mov	r0, fp
10006cc4:	4798      	blx	r3
10006cc6:	4643      	mov	r3, r8
10006cc8:	781a      	ldrb	r2, [r3, #0]
10006cca:	3501      	adds	r5, #1
10006ccc:	b2ed      	uxtb	r5, r5
10006cce:	1c51      	adds	r1, r2, #1
10006cd0:	002b      	movs	r3, r5
10006cd2:	428d      	cmp	r5, r1
10006cd4:	dc2e      	bgt.n	10006d34 <tud_task_ext+0x734>
10006cd6:	4295      	cmp	r5, r2
10006cd8:	d3ec      	bcc.n	10006cb4 <tud_task_ext+0x6b4>
10006cda:	1a9b      	subs	r3, r3, r2
10006cdc:	9a04      	ldr	r2, [sp, #16]
10006cde:	015b      	lsls	r3, r3, #5
10006ce0:	4694      	mov	ip, r2
10006ce2:	4463      	add	r3, ip
10006ce4:	e7ec      	b.n	10006cc0 <tud_task_ext+0x6c0>
10006ce6:	ab0c      	add	r3, sp, #48	@ 0x30
10006ce8:	1c9a      	adds	r2, r3, #2
10006cea:	4658      	mov	r0, fp
10006cec:	2301      	movs	r3, #1
10006cee:	a90e      	add	r1, sp, #56	@ 0x38
10006cf0:	7015      	strb	r5, [r2, #0]
10006cf2:	f000 f951 	bl	10006f98 <tud_control_xfer>
10006cf6:	e499      	b.n	1000662c <tud_task_ext+0x2c>
10006cf8:	9a0b      	ldr	r2, [sp, #44]	@ 0x2c
10006cfa:	2a01      	cmp	r2, #1
10006cfc:	d04f      	beq.n	10006d9e <tud_task_ext+0x79e>
10006cfe:	2a00      	cmp	r2, #0
10006d00:	d03c      	beq.n	10006d7c <tud_task_ext+0x77c>
10006d02:	2300      	movs	r3, #0
10006d04:	78b0      	ldrb	r0, [r6, #2]
10006d06:	e004      	b.n	10006d12 <tud_task_ext+0x712>
10006d08:	3301      	adds	r3, #1
10006d0a:	b2db      	uxtb	r3, r3
10006d0c:	710f      	strb	r7, [r1, #4]
10006d0e:	4293      	cmp	r3, r2
10006d10:	d234      	bcs.n	10006d7c <tud_task_ext+0x77c>
10006d12:	18c1      	adds	r1, r0, r3
10006d14:	b2c9      	uxtb	r1, r1
10006d16:	4441      	add	r1, r8
10006d18:	790d      	ldrb	r5, [r1, #4]
10006d1a:	2dff      	cmp	r5, #255	@ 0xff
10006d1c:	d0f4      	beq.n	10006d08 <tud_task_ext+0x708>
10006d1e:	464e      	mov	r6, r9
10006d20:	4645      	mov	r5, r8
10006d22:	4657      	mov	r7, sl
10006d24:	2300      	movs	r3, #0
10006d26:	706b      	strb	r3, [r5, #1]
10006d28:	e5ec      	b.n	10006904 <tud_task_ext+0x304>
10006d2a:	464e      	mov	r6, r9
10006d2c:	4657      	mov	r7, sl
10006d2e:	f7ff fbd5 	bl	100064dc <tud_mount_cb>
10006d32:	e63e      	b.n	100069b2 <tud_task_ext+0x3b2>
10006d34:	4655      	mov	r5, sl
10006d36:	2254      	movs	r2, #84	@ 0x54
10006d38:	2100      	movs	r1, #0
10006d3a:	0028      	movs	r0, r5
10006d3c:	f7fc ffb4 	bl	10003ca8 <__wrap_memset>
10006d40:	2210      	movs	r2, #16
10006d42:	21ff      	movs	r1, #255	@ 0xff
10006d44:	1d28      	adds	r0, r5, #4
10006d46:	f7fc ffaf 	bl	10003ca8 <__wrap_memset>
10006d4a:	0028      	movs	r0, r5
10006d4c:	2220      	movs	r2, #32
10006d4e:	21ff      	movs	r1, #255	@ 0xff
10006d50:	3014      	adds	r0, #20
10006d52:	f7fc ffa9 	bl	10003ca8 <__wrap_memset>
10006d56:	9b03      	ldr	r3, [sp, #12]
10006d58:	70ab      	strb	r3, [r5, #2]
10006d5a:	e657      	b.n	10006a0c <tud_task_ext+0x40c>
10006d5c:	4655      	mov	r5, sl
10006d5e:	e7fa      	b.n	10006d56 <tud_task_ext+0x756>
10006d60:	f7fe feaa 	bl	10005ab8 <tud_descriptor_bos_cb>
10006d64:	1e02      	subs	r2, r0, #0
10006d66:	d100      	bne.n	10006d6a <tud_task_ext+0x76a>
10006d68:	e5cc      	b.n	10006904 <tud_task_ext+0x304>
10006d6a:	78d3      	ldrb	r3, [r2, #3]
10006d6c:	7891      	ldrb	r1, [r2, #2]
10006d6e:	021b      	lsls	r3, r3, #8
10006d70:	430b      	orrs	r3, r1
10006d72:	4658      	mov	r0, fp
10006d74:	a90e      	add	r1, sp, #56	@ 0x38
10006d76:	f000 f90f 	bl	10006f98 <tud_control_xfer>
10006d7a:	e5d4      	b.n	10006926 <tud_task_ext+0x326>
10006d7c:	4665      	mov	r5, ip
10006d7e:	003b      	movs	r3, r7
10006d80:	002a      	movs	r2, r5
10006d82:	0031      	movs	r1, r6
10006d84:	980a      	ldr	r0, [sp, #40]	@ 0x28
10006d86:	f000 fe7f 	bl	10007a88 <tu_edpt_bind_driver>
10006d8a:	46ac      	mov	ip, r5
10006d8c:	9b04      	ldr	r3, [sp, #16]
10006d8e:	9a03      	ldr	r2, [sp, #12]
10006d90:	781b      	ldrb	r3, [r3, #0]
10006d92:	4466      	add	r6, ip
10006d94:	3301      	adds	r3, #1
10006d96:	4293      	cmp	r3, r2
10006d98:	db00      	blt.n	10006d9c <tud_task_ext+0x79c>
10006d9a:	e66c      	b.n	10006a76 <tud_task_ext+0x476>
10006d9c:	e7bf      	b.n	10006d1e <tud_task_ext+0x71e>
10006d9e:	4b17      	ldr	r3, [pc, #92]	@ (10006dfc <tud_task_ext+0x7fc>)
10006da0:	6929      	ldr	r1, [r5, #16]
10006da2:	4299      	cmp	r1, r3
10006da4:	d1ad      	bne.n	10006d02 <tud_task_ext+0x702>
10006da6:	9a07      	ldr	r2, [sp, #28]
10006da8:	e7ab      	b.n	10006d02 <tud_task_ext+0x702>
10006daa:	f7ff fb93 	bl	100064d4 <tud_descriptor_device_qualifier_cb>
10006dae:	1e02      	subs	r2, r0, #0
10006db0:	d100      	bne.n	10006db4 <tud_task_ext+0x7b4>
10006db2:	e5a7      	b.n	10006904 <tud_task_ext+0x304>
10006db4:	4658      	mov	r0, fp
10006db6:	7813      	ldrb	r3, [r2, #0]
10006db8:	a90e      	add	r1, sp, #56	@ 0x38
10006dba:	f000 f8ed 	bl	10006f98 <tud_control_xfer>
10006dbe:	e5b2      	b.n	10006926 <tud_task_ext+0x326>
10006dc0:	8921      	ldrh	r1, [r4, #8]
10006dc2:	f7ff f8c3 	bl	10005f4c <tud_descriptor_string_cb>
10006dc6:	1e02      	subs	r2, r0, #0
10006dc8:	d1f4      	bne.n	10006db4 <tud_task_ext+0x7b4>
10006dca:	e59b      	b.n	10006904 <tud_task_ext+0x304>
10006dcc:	2a02      	cmp	r2, #2
10006dce:	d00f      	beq.n	10006df0 <tud_task_ext+0x7f0>
10006dd0:	f7ff fb82 	bl	100064d8 <tud_descriptor_other_speed_configuration_cb>
10006dd4:	1e02      	subs	r2, r0, #0
10006dd6:	d1c8      	bne.n	10006d6a <tud_task_ext+0x76a>
10006dd8:	e594      	b.n	10006904 <tud_task_ext+0x304>
10006dda:	f7ff f8af 	bl	10005f3c <tud_descriptor_device_cb>
10006dde:	1e02      	subs	r2, r0, #0
10006de0:	d100      	bne.n	10006de4 <tud_task_ext+0x7e4>
10006de2:	e58f      	b.n	10006904 <tud_task_ext+0x304>
10006de4:	2312      	movs	r3, #18
10006de6:	4658      	mov	r0, fp
10006de8:	a90e      	add	r1, sp, #56	@ 0x38
10006dea:	f000 f8d5 	bl	10006f98 <tud_control_xfer>
10006dee:	e59a      	b.n	10006926 <tud_task_ext+0x326>
10006df0:	f7ff f8a8 	bl	10005f44 <tud_descriptor_configuration_cb>
10006df4:	1e02      	subs	r2, r0, #0
10006df6:	d1b8      	bne.n	10006d6a <tud_task_ext+0x76a>
10006df8:	e584      	b.n	10006904 <tud_task_ext+0x304>
10006dfa:	46c0      	nop			@ (mov r8, r8)
10006dfc:	10007451 	.word	0x10007451

10006e00 <usbd_open_edpt_pair>:
10006e00:	b5f8      	push	{r3, r4, r5, r6, r7, lr}
10006e02:	4657      	mov	r7, sl
10006e04:	464e      	mov	r6, r9
10006e06:	46de      	mov	lr, fp
10006e08:	4645      	mov	r5, r8
10006e0a:	000c      	movs	r4, r1
10006e0c:	b5e0      	push	{r5, r6, r7, lr}
10006e0e:	0016      	movs	r6, r2
10006e10:	001f      	movs	r7, r3
10006e12:	2a00      	cmp	r2, #0
10006e14:	d03c      	beq.n	10006e90 <usbd_open_edpt_pair+0x90>
10006e16:	2370      	movs	r3, #112	@ 0x70
10006e18:	4698      	mov	r8, r3
10006e1a:	4b1e      	ldr	r3, [pc, #120]	@ (10006e94 <usbd_open_edpt_pair+0x94>)
10006e1c:	2500      	movs	r5, #0
10006e1e:	469b      	mov	fp, r3
10006e20:	4b1d      	ldr	r3, [pc, #116]	@ (10006e98 <usbd_open_edpt_pair+0x98>)
10006e22:	469a      	mov	sl, r3
10006e24:	e01a      	b.n	10006e5c <usbd_open_edpt_pair+0x5c>
10006e26:	465b      	mov	r3, fp
10006e28:	781b      	ldrb	r3, [r3, #0]
10006e2a:	0020      	movs	r0, r4
10006e2c:	4699      	mov	r9, r3
10006e2e:	4653      	mov	r3, sl
10006e30:	7899      	ldrb	r1, [r3, #2]
10006e32:	f000 fdeb 	bl	10007a0c <tu_edpt_validate>
10006e36:	2800      	cmp	r0, #0
10006e38:	d01c      	beq.n	10006e74 <usbd_open_edpt_pair+0x74>
10006e3a:	0021      	movs	r1, r4
10006e3c:	4648      	mov	r0, r9
10006e3e:	f7ff fa2f 	bl	100062a0 <dcd_edpt_open>
10006e42:	2800      	cmp	r0, #0
10006e44:	d016      	beq.n	10006e74 <usbd_open_edpt_pair+0x74>
10006e46:	78a3      	ldrb	r3, [r4, #2]
10006e48:	09da      	lsrs	r2, r3, #7
10006e4a:	2a01      	cmp	r2, #1
10006e4c:	d019      	beq.n	10006e82 <usbd_open_edpt_pair+0x82>
10006e4e:	9a0a      	ldr	r2, [sp, #40]	@ 0x28
10006e50:	3501      	adds	r5, #1
10006e52:	7013      	strb	r3, [r2, #0]
10006e54:	7823      	ldrb	r3, [r4, #0]
10006e56:	18e4      	adds	r4, r4, r3
10006e58:	42b5      	cmp	r5, r6
10006e5a:	da19      	bge.n	10006e90 <usbd_open_edpt_pair+0x90>
10006e5c:	7863      	ldrb	r3, [r4, #1]
10006e5e:	2b05      	cmp	r3, #5
10006e60:	d108      	bne.n	10006e74 <usbd_open_edpt_pair+0x74>
10006e62:	78e3      	ldrb	r3, [r4, #3]
10006e64:	079b      	lsls	r3, r3, #30
10006e66:	0f9b      	lsrs	r3, r3, #30
10006e68:	42bb      	cmp	r3, r7
10006e6a:	d103      	bne.n	10006e74 <usbd_open_edpt_pair+0x74>
10006e6c:	4642      	mov	r2, r8
10006e6e:	78a3      	ldrb	r3, [r4, #2]
10006e70:	421a      	tst	r2, r3
10006e72:	d0d8      	beq.n	10006e26 <usbd_open_edpt_pair+0x26>
10006e74:	2000      	movs	r0, #0
10006e76:	bcf0      	pop	{r4, r5, r6, r7}
10006e78:	46bb      	mov	fp, r7
10006e7a:	46b2      	mov	sl, r6
10006e7c:	46a9      	mov	r9, r5
10006e7e:	46a0      	mov	r8, r4
10006e80:	bdf8      	pop	{r3, r4, r5, r6, r7, pc}
10006e82:	9a0b      	ldr	r2, [sp, #44]	@ 0x2c
10006e84:	3501      	adds	r5, #1
10006e86:	7013      	strb	r3, [r2, #0]
10006e88:	7823      	ldrb	r3, [r4, #0]
10006e8a:	18e4      	adds	r4, r4, r3
10006e8c:	42b5      	cmp	r5, r6
10006e8e:	dbe5      	blt.n	10006e5c <usbd_open_edpt_pair+0x5c>
10006e90:	2001      	movs	r0, #1
10006e92:	e7f0      	b.n	10006e76 <usbd_open_edpt_pair+0x76>
10006e94:	200010a4 	.word	0x200010a4
10006e98:	20001630 	.word	0x20001630

10006e9c <usbd_edpt_open>:
10006e9c:	2270      	movs	r2, #112	@ 0x70
10006e9e:	b570      	push	{r4, r5, r6, lr}
10006ea0:	788b      	ldrb	r3, [r1, #2]
10006ea2:	000c      	movs	r4, r1
10006ea4:	421a      	tst	r2, r3
10006ea6:	d001      	beq.n	10006eac <usbd_edpt_open+0x10>
10006ea8:	2000      	movs	r0, #0
10006eaa:	bd70      	pop	{r4, r5, r6, pc}
10006eac:	4b06      	ldr	r3, [pc, #24]	@ (10006ec8 <usbd_edpt_open+0x2c>)
10006eae:	0020      	movs	r0, r4
10006eb0:	781d      	ldrb	r5, [r3, #0]
10006eb2:	4b06      	ldr	r3, [pc, #24]	@ (10006ecc <usbd_edpt_open+0x30>)
10006eb4:	7899      	ldrb	r1, [r3, #2]
10006eb6:	f000 fda9 	bl	10007a0c <tu_edpt_validate>
10006eba:	2800      	cmp	r0, #0
10006ebc:	d0f4      	beq.n	10006ea8 <usbd_edpt_open+0xc>
10006ebe:	0021      	movs	r1, r4
10006ec0:	0028      	movs	r0, r5
10006ec2:	f7ff f9ed 	bl	100062a0 <dcd_edpt_open>
10006ec6:	e7f0      	b.n	10006eaa <usbd_edpt_open+0xe>
10006ec8:	200010a4 	.word	0x200010a4
10006ecc:	20001630 	.word	0x20001630

10006ed0 <usbd_edpt_claim>:
10006ed0:	000b      	movs	r3, r1
10006ed2:	207f      	movs	r0, #127	@ 0x7f
10006ed4:	b510      	push	{r4, lr}
10006ed6:	4018      	ands	r0, r3
10006ed8:	09db      	lsrs	r3, r3, #7
10006eda:	3334      	adds	r3, #52	@ 0x34
10006edc:	0040      	lsls	r0, r0, #1
10006ede:	4a04      	ldr	r2, [pc, #16]	@ (10006ef0 <usbd_edpt_claim+0x20>)
10006ee0:	18c0      	adds	r0, r0, r3
10006ee2:	4b04      	ldr	r3, [pc, #16]	@ (10006ef4 <usbd_edpt_claim+0x24>)
10006ee4:	6811      	ldr	r1, [r2, #0]
10006ee6:	18c0      	adds	r0, r0, r3
10006ee8:	f000 fd4c 	bl	10007984 <tu_edpt_claim>
10006eec:	bd10      	pop	{r4, pc}
10006eee:	46c0      	nop			@ (mov r8, r8)
10006ef0:	20001684 	.word	0x20001684
10006ef4:	20001630 	.word	0x20001630

10006ef8 <usbd_edpt_release>:
10006ef8:	000b      	movs	r3, r1
10006efa:	207f      	movs	r0, #127	@ 0x7f
10006efc:	b510      	push	{r4, lr}
10006efe:	4018      	ands	r0, r3
10006f00:	09db      	lsrs	r3, r3, #7
10006f02:	3334      	adds	r3, #52	@ 0x34
10006f04:	0040      	lsls	r0, r0, #1
10006f06:	4a04      	ldr	r2, [pc, #16]	@ (10006f18 <usbd_edpt_release+0x20>)
10006f08:	18c0      	adds	r0, r0, r3
10006f0a:	4b04      	ldr	r3, [pc, #16]	@ (10006f1c <usbd_edpt_release+0x24>)
10006f0c:	6811      	ldr	r1, [r2, #0]
10006f0e:	18c0      	adds	r0, r0, r3
10006f10:	f000 fd60 	bl	100079d4 <tu_edpt_release>
10006f14:	bd10      	pop	{r4, pc}
10006f16:	46c0      	nop			@ (mov r8, r8)
10006f18:	20001684 	.word	0x20001684
10006f1c:	20001630 	.word	0x20001630

10006f20 <usbd_edpt_xfer>:
10006f20:	b570      	push	{r4, r5, r6, lr}
10006f22:	247f      	movs	r4, #127	@ 0x7f
10006f24:	480f      	ldr	r0, [pc, #60]	@ (10006f64 <usbd_edpt_xfer+0x44>)
10006f26:	400c      	ands	r4, r1
10006f28:	0064      	lsls	r4, r4, #1
10006f2a:	1904      	adds	r4, r0, r4
10006f2c:	09cd      	lsrs	r5, r1, #7
10006f2e:	1964      	adds	r4, r4, r5
10006f30:	3430      	adds	r4, #48	@ 0x30
10006f32:	7920      	ldrb	r0, [r4, #4]
10006f34:	07c0      	lsls	r0, r0, #31
10006f36:	d501      	bpl.n	10006f3c <usbd_edpt_xfer+0x1c>
10006f38:	2000      	movs	r0, #0
10006f3a:	bd70      	pop	{r4, r5, r6, pc}
10006f3c:	2601      	movs	r6, #1
10006f3e:	7925      	ldrb	r5, [r4, #4]
10006f40:	4809      	ldr	r0, [pc, #36]	@ (10006f68 <usbd_edpt_xfer+0x48>)
10006f42:	4335      	orrs	r5, r6
10006f44:	7800      	ldrb	r0, [r0, #0]
10006f46:	7125      	strb	r5, [r4, #4]
10006f48:	f7ff fa38 	bl	100063bc <dcd_edpt_xfer>
10006f4c:	2800      	cmp	r0, #0
10006f4e:	d1f4      	bne.n	10006f3a <usbd_edpt_xfer+0x1a>
10006f50:	2201      	movs	r2, #1
10006f52:	7923      	ldrb	r3, [r4, #4]
10006f54:	4393      	bics	r3, r2
10006f56:	7123      	strb	r3, [r4, #4]
10006f58:	7923      	ldrb	r3, [r4, #4]
10006f5a:	3203      	adds	r2, #3
10006f5c:	4393      	bics	r3, r2
10006f5e:	7123      	strb	r3, [r4, #4]
10006f60:	e7ea      	b.n	10006f38 <usbd_edpt_xfer+0x18>
10006f62:	46c0      	nop			@ (mov r8, r8)
10006f64:	20001630 	.word	0x20001630
10006f68:	200010a4 	.word	0x200010a4

10006f6c <tud_control_status>:
10006f6c:	b570      	push	{r4, r5, r6, lr}
10006f6e:	4c09      	ldr	r4, [pc, #36]	@ (10006f94 <tud_control_status+0x28>)
10006f70:	0006      	movs	r6, r0
10006f72:	2208      	movs	r2, #8
10006f74:	0020      	movs	r0, r4
10006f76:	000d      	movs	r5, r1
10006f78:	f7fc fe9c 	bl	10003cb4 <__wrap___aeabi_memcpy>
10006f7c:	2300      	movs	r3, #0
10006f7e:	2180      	movs	r1, #128	@ 0x80
10006f80:	60e3      	str	r3, [r4, #12]
10006f82:	60a3      	str	r3, [r4, #8]
10006f84:	782b      	ldrb	r3, [r5, #0]
10006f86:	0030      	movs	r0, r6
10006f88:	4399      	bics	r1, r3
10006f8a:	2200      	movs	r2, #0
10006f8c:	2300      	movs	r3, #0
10006f8e:	f7ff ffc7 	bl	10006f20 <usbd_edpt_xfer>
10006f92:	bd70      	pop	{r4, r5, r6, pc}
10006f94:	20001610 	.word	0x20001610

10006f98 <tud_control_xfer>:
10006f98:	b5f8      	push	{r3, r4, r5, r6, r7, lr}
10006f9a:	46ce      	mov	lr, r9
10006f9c:	4647      	mov	r7, r8
10006f9e:	4690      	mov	r8, r2
10006fa0:	4e25      	ldr	r6, [pc, #148]	@ (10007038 <tud_control_xfer+0xa0>)
10006fa2:	b580      	push	{r7, lr}
10006fa4:	4681      	mov	r9, r0
10006fa6:	2208      	movs	r2, #8
10006fa8:	0030      	movs	r0, r6
10006faa:	000d      	movs	r5, r1
10006fac:	001f      	movs	r7, r3
10006fae:	f7fc fe81 	bl	10003cb4 <__wrap___aeabi_memcpy>
10006fb2:	4643      	mov	r3, r8
10006fb4:	60b3      	str	r3, [r6, #8]
10006fb6:	2300      	movs	r3, #0
10006fb8:	81f3      	strh	r3, [r6, #14]
10006fba:	79ec      	ldrb	r4, [r5, #7]
10006fbc:	79ab      	ldrb	r3, [r5, #6]
10006fbe:	0224      	lsls	r4, r4, #8
10006fc0:	431c      	orrs	r4, r3
10006fc2:	1c23      	adds	r3, r4, #0
10006fc4:	42bc      	cmp	r4, r7
10006fc6:	d900      	bls.n	10006fca <tud_control_xfer+0x32>
10006fc8:	1c3b      	adds	r3, r7, #0
10006fca:	b29f      	uxth	r7, r3
10006fcc:	81b3      	strh	r3, [r6, #12]
10006fce:	2c00      	cmp	r4, #0
10006fd0:	d00d      	beq.n	10006fee <tud_control_xfer+0x56>
10006fd2:	2f00      	cmp	r7, #0
10006fd4:	d017      	beq.n	10007006 <tud_control_xfer+0x6e>
10006fd6:	4642      	mov	r2, r8
10006fd8:	2a00      	cmp	r2, #0
10006fda:	d02b      	beq.n	10007034 <tud_control_xfer+0x9c>
10006fdc:	2f40      	cmp	r7, #64	@ 0x40
10006fde:	d81b      	bhi.n	10007018 <tud_control_xfer+0x80>
10006fe0:	b29f      	uxth	r7, r3
10006fe2:	7833      	ldrb	r3, [r6, #0]
10006fe4:	2b7f      	cmp	r3, #127	@ 0x7f
10006fe6:	d81c      	bhi.n	10007022 <tud_control_xfer+0x8a>
10006fe8:	2100      	movs	r1, #0
10006fea:	4a14      	ldr	r2, [pc, #80]	@ (1000703c <tud_control_xfer+0xa4>)
10006fec:	e00f      	b.n	1000700e <tud_control_xfer+0x76>
10006fee:	2180      	movs	r1, #128	@ 0x80
10006ff0:	782b      	ldrb	r3, [r5, #0]
10006ff2:	2200      	movs	r2, #0
10006ff4:	4399      	bics	r1, r3
10006ff6:	4648      	mov	r0, r9
10006ff8:	2300      	movs	r3, #0
10006ffa:	f7ff ff91 	bl	10006f20 <usbd_edpt_xfer>
10006ffe:	bcc0      	pop	{r6, r7}
10007000:	46b9      	mov	r9, r7
10007002:	46b0      	mov	r8, r6
10007004:	bdf8      	pop	{r3, r4, r5, r6, r7, pc}
10007006:	237f      	movs	r3, #127	@ 0x7f
10007008:	2200      	movs	r2, #0
1000700a:	7831      	ldrb	r1, [r6, #0]
1000700c:	4399      	bics	r1, r3
1000700e:	003b      	movs	r3, r7
10007010:	4648      	mov	r0, r9
10007012:	f7ff ff85 	bl	10006f20 <usbd_edpt_xfer>
10007016:	e7f2      	b.n	10006ffe <tud_control_xfer+0x66>
10007018:	2340      	movs	r3, #64	@ 0x40
1000701a:	b29f      	uxth	r7, r3
1000701c:	7833      	ldrb	r3, [r6, #0]
1000701e:	2b7f      	cmp	r3, #127	@ 0x7f
10007020:	d9e2      	bls.n	10006fe8 <tud_control_xfer+0x50>
10007022:	4c06      	ldr	r4, [pc, #24]	@ (1000703c <tud_control_xfer+0xa4>)
10007024:	003a      	movs	r2, r7
10007026:	4641      	mov	r1, r8
10007028:	0020      	movs	r0, r4
1000702a:	f7fc fe43 	bl	10003cb4 <__wrap___aeabi_memcpy>
1000702e:	2180      	movs	r1, #128	@ 0x80
10007030:	0022      	movs	r2, r4
10007032:	e7ec      	b.n	1000700e <tud_control_xfer+0x76>
10007034:	2000      	movs	r0, #0
10007036:	e7e2      	b.n	10006ffe <tud_control_xfer+0x66>
10007038:	20001610 	.word	0x20001610
1000703c:	200015d0 	.word	0x200015d0

10007040 <usbd_control_reset>:
10007040:	b510      	push	{r4, lr}
10007042:	2214      	movs	r2, #20
10007044:	2100      	movs	r1, #0
10007046:	4802      	ldr	r0, [pc, #8]	@ (10007050 <usbd_control_reset+0x10>)
10007048:	f7fc fe2e 	bl	10003ca8 <__wrap_memset>
1000704c:	bd10      	pop	{r4, pc}
1000704e:	46c0      	nop			@ (mov r8, r8)
10007050:	20001610 	.word	0x20001610

10007054 <usbd_control_set_complete_callback>:
10007054:	4b01      	ldr	r3, [pc, #4]	@ (1000705c <usbd_control_set_complete_callback+0x8>)
10007056:	6118      	str	r0, [r3, #16]
10007058:	4770      	bx	lr
1000705a:	46c0      	nop			@ (mov r8, r8)
1000705c:	20001610 	.word	0x20001610

10007060 <usbd_control_set_request>:
10007060:	b510      	push	{r4, lr}
10007062:	4c05      	ldr	r4, [pc, #20]	@ (10007078 <usbd_control_set_request+0x18>)
10007064:	0001      	movs	r1, r0
10007066:	2208      	movs	r2, #8
10007068:	0020      	movs	r0, r4
1000706a:	f7fc fe23 	bl	10003cb4 <__wrap___aeabi_memcpy>
1000706e:	2300      	movs	r3, #0
10007070:	60a3      	str	r3, [r4, #8]
10007072:	60e3      	str	r3, [r4, #12]
10007074:	bd10      	pop	{r4, pc}
10007076:	46c0      	nop			@ (mov r8, r8)
10007078:	20001610 	.word	0x20001610

1000707c <usbd_control_xfer_cb>:
1000707c:	b570      	push	{r4, r5, r6, lr}
1000707e:	4c38      	ldr	r4, [pc, #224]	@ (10007160 <usbd_control_xfer_cb+0xe4>)
10007080:	001d      	movs	r5, r3
10007082:	7823      	ldrb	r3, [r4, #0]
10007084:	0006      	movs	r6, r0
10007086:	09da      	lsrs	r2, r3, #7
10007088:	09c9      	lsrs	r1, r1, #7
1000708a:	428a      	cmp	r2, r1
1000708c:	d010      	beq.n	100070b0 <usbd_control_xfer_cb+0x34>
1000708e:	2000      	movs	r0, #0
10007090:	2d00      	cmp	r5, #0
10007092:	d000      	beq.n	10007096 <usbd_control_xfer_cb+0x1a>
10007094:	bd70      	pop	{r4, r5, r6, pc}
10007096:	0021      	movs	r1, r4
10007098:	0030      	movs	r0, r6
1000709a:	f7ff f8f3 	bl	10006284 <dcd_edpt0_status_complete>
1000709e:	6923      	ldr	r3, [r4, #16]
100070a0:	2b00      	cmp	r3, #0
100070a2:	d003      	beq.n	100070ac <usbd_control_xfer_cb+0x30>
100070a4:	0022      	movs	r2, r4
100070a6:	2103      	movs	r1, #3
100070a8:	0030      	movs	r0, r6
100070aa:	4798      	blx	r3
100070ac:	2001      	movs	r0, #1
100070ae:	e7f1      	b.n	10007094 <usbd_control_xfer_cb+0x18>
100070b0:	2b7f      	cmp	r3, #127	@ 0x7f
100070b2:	d806      	bhi.n	100070c2 <usbd_control_xfer_cb+0x46>
100070b4:	68a0      	ldr	r0, [r4, #8]
100070b6:	2800      	cmp	r0, #0
100070b8:	d034      	beq.n	10007124 <usbd_control_xfer_cb+0xa8>
100070ba:	002a      	movs	r2, r5
100070bc:	4929      	ldr	r1, [pc, #164]	@ (10007164 <usbd_control_xfer_cb+0xe8>)
100070be:	f7fc fdf9 	bl	10003cb4 <__wrap___aeabi_memcpy>
100070c2:	89e2      	ldrh	r2, [r4, #14]
100070c4:	68a1      	ldr	r1, [r4, #8]
100070c6:	1952      	adds	r2, r2, r5
100070c8:	88e3      	ldrh	r3, [r4, #6]
100070ca:	b292      	uxth	r2, r2
100070cc:	1949      	adds	r1, r1, r5
100070ce:	81e2      	strh	r2, [r4, #14]
100070d0:	60a1      	str	r1, [r4, #8]
100070d2:	4293      	cmp	r3, r2
100070d4:	d014      	beq.n	10007100 <usbd_control_xfer_cb+0x84>
100070d6:	2d3f      	cmp	r5, #63	@ 0x3f
100070d8:	d912      	bls.n	10007100 <usbd_control_xfer_cb+0x84>
100070da:	89a3      	ldrh	r3, [r4, #12]
100070dc:	1a98      	subs	r0, r3, r2
100070de:	1c05      	adds	r5, r0, #0
100070e0:	b280      	uxth	r0, r0
100070e2:	2840      	cmp	r0, #64	@ 0x40
100070e4:	d82a      	bhi.n	1000713c <usbd_control_xfer_cb+0xc0>
100070e6:	7820      	ldrb	r0, [r4, #0]
100070e8:	b2ad      	uxth	r5, r5
100070ea:	287f      	cmp	r0, #127	@ 0x7f
100070ec:	d828      	bhi.n	10007140 <usbd_control_xfer_cb+0xc4>
100070ee:	2100      	movs	r1, #0
100070f0:	429a      	cmp	r2, r3
100070f2:	d032      	beq.n	1000715a <usbd_control_xfer_cb+0xde>
100070f4:	4a1b      	ldr	r2, [pc, #108]	@ (10007164 <usbd_control_xfer_cb+0xe8>)
100070f6:	002b      	movs	r3, r5
100070f8:	0030      	movs	r0, r6
100070fa:	f7ff ff11 	bl	10006f20 <usbd_edpt_xfer>
100070fe:	e7c9      	b.n	10007094 <usbd_control_xfer_cb+0x18>
10007100:	6923      	ldr	r3, [r4, #16]
10007102:	2b00      	cmp	r3, #0
10007104:	d005      	beq.n	10007112 <usbd_control_xfer_cb+0x96>
10007106:	0022      	movs	r2, r4
10007108:	2102      	movs	r1, #2
1000710a:	0030      	movs	r0, r6
1000710c:	4798      	blx	r3
1000710e:	2800      	cmp	r0, #0
10007110:	d00a      	beq.n	10007128 <usbd_control_xfer_cb+0xac>
10007112:	2180      	movs	r1, #128	@ 0x80
10007114:	7823      	ldrb	r3, [r4, #0]
10007116:	2200      	movs	r2, #0
10007118:	4399      	bics	r1, r3
1000711a:	0030      	movs	r0, r6
1000711c:	2300      	movs	r3, #0
1000711e:	f7ff feff 	bl	10006f20 <usbd_edpt_xfer>
10007122:	e7b7      	b.n	10007094 <usbd_control_xfer_cb+0x18>
10007124:	2000      	movs	r0, #0
10007126:	e7b5      	b.n	10007094 <usbd_control_xfer_cb+0x18>
10007128:	2100      	movs	r1, #0
1000712a:	0030      	movs	r0, r6
1000712c:	f7ff f958 	bl	100063e0 <dcd_edpt_stall>
10007130:	0030      	movs	r0, r6
10007132:	2180      	movs	r1, #128	@ 0x80
10007134:	f7ff f954 	bl	100063e0 <dcd_edpt_stall>
10007138:	2001      	movs	r0, #1
1000713a:	e7ab      	b.n	10007094 <usbd_control_xfer_cb+0x18>
1000713c:	2540      	movs	r5, #64	@ 0x40
1000713e:	e7d2      	b.n	100070e6 <usbd_control_xfer_cb+0x6a>
10007140:	429a      	cmp	r2, r3
10007142:	d007      	beq.n	10007154 <usbd_control_xfer_cb+0xd8>
10007144:	4c07      	ldr	r4, [pc, #28]	@ (10007164 <usbd_control_xfer_cb+0xe8>)
10007146:	002a      	movs	r2, r5
10007148:	0020      	movs	r0, r4
1000714a:	f7fc fdb3 	bl	10003cb4 <__wrap___aeabi_memcpy>
1000714e:	2180      	movs	r1, #128	@ 0x80
10007150:	0022      	movs	r2, r4
10007152:	e7d0      	b.n	100070f6 <usbd_control_xfer_cb+0x7a>
10007154:	2180      	movs	r1, #128	@ 0x80
10007156:	2200      	movs	r2, #0
10007158:	e7cd      	b.n	100070f6 <usbd_control_xfer_cb+0x7a>
1000715a:	2200      	movs	r2, #0
1000715c:	e7cb      	b.n	100070f6 <usbd_control_xfer_cb+0x7a>
1000715e:	46c0      	nop			@ (mov r8, r8)
10007160:	20001610 	.word	0x20001610
10007164:	200015d0 	.word	0x200015d0

10007168 <_prep_out_transaction.isra.0>:
10007168:	b570      	push	{r4, r5, r6, lr}
1000716a:	0004      	movs	r4, r0
1000716c:	f7ff f9be 	bl	100064ec <tud_mounted>
10007170:	2800      	cmp	r0, #0
10007172:	d100      	bne.n	10007176 <_prep_out_transaction.isra.0+0xe>
10007174:	bd70      	pop	{r4, r5, r6, pc}
10007176:	f7ff f9c1 	bl	100064fc <tud_suspended>
1000717a:	2800      	cmp	r0, #0
1000717c:	d1fa      	bne.n	10007174 <_prep_out_transaction.isra.0+0xc>
1000717e:	23c8      	movs	r3, #200	@ 0xc8
10007180:	4363      	muls	r3, r4
10007182:	4d12      	ldr	r5, [pc, #72]	@ (100071cc <_prep_out_transaction.isra.0+0x64>)
10007184:	18ee      	adds	r6, r5, r3
10007186:	78f1      	ldrb	r1, [r6, #3]
10007188:	2900      	cmp	r1, #0
1000718a:	d0f3      	beq.n	10007174 <_prep_out_transaction.isra.0+0xc>
1000718c:	3310      	adds	r3, #16
1000718e:	195d      	adds	r5, r3, r5
10007190:	0028      	movs	r0, r5
10007192:	f000 fdf3 	bl	10007d7c <tu_fifo_remaining>
10007196:	283f      	cmp	r0, #63	@ 0x3f
10007198:	d9ec      	bls.n	10007174 <_prep_out_transaction.isra.0+0xc>
1000719a:	2000      	movs	r0, #0
1000719c:	78f1      	ldrb	r1, [r6, #3]
1000719e:	f7ff fe97 	bl	10006ed0 <usbd_edpt_claim>
100071a2:	2800      	cmp	r0, #0
100071a4:	d0e6      	beq.n	10007174 <_prep_out_transaction.isra.0+0xc>
100071a6:	0028      	movs	r0, r5
100071a8:	f000 fde8 	bl	10007d7c <tu_fifo_remaining>
100071ac:	78f1      	ldrb	r1, [r6, #3]
100071ae:	283f      	cmp	r0, #63	@ 0x3f
100071b0:	d907      	bls.n	100071c2 <_prep_out_transaction.isra.0+0x5a>
100071b2:	4b07      	ldr	r3, [pc, #28]	@ (100071d0 <_prep_out_transaction.isra.0+0x68>)
100071b4:	01e2      	lsls	r2, r4, #7
100071b6:	18d2      	adds	r2, r2, r3
100071b8:	2000      	movs	r0, #0
100071ba:	2340      	movs	r3, #64	@ 0x40
100071bc:	f7ff feb0 	bl	10006f20 <usbd_edpt_xfer>
100071c0:	e7d8      	b.n	10007174 <_prep_out_transaction.isra.0+0xc>
100071c2:	2000      	movs	r0, #0
100071c4:	f7ff fe98 	bl	10006ef8 <usbd_edpt_release>
100071c8:	e7d4      	b.n	10007174 <_prep_out_transaction.isra.0+0xc>
100071ca:	46c0      	nop			@ (mov r8, r8)
100071cc:	20001508 	.word	0x20001508
100071d0:	20001484 	.word	0x20001484

100071d4 <tud_cdc_n_connected>:
100071d4:	b510      	push	{r4, lr}
100071d6:	0004      	movs	r4, r0
100071d8:	f7ff f988 	bl	100064ec <tud_mounted>
100071dc:	2800      	cmp	r0, #0
100071de:	d101      	bne.n	100071e4 <tud_cdc_n_connected+0x10>
100071e0:	2000      	movs	r0, #0
100071e2:	bd10      	pop	{r4, pc}
100071e4:	f7ff f98a 	bl	100064fc <tud_suspended>
100071e8:	2800      	cmp	r0, #0
100071ea:	d1f9      	bne.n	100071e0 <tud_cdc_n_connected+0xc>
100071ec:	22c8      	movs	r2, #200	@ 0xc8
100071ee:	4362      	muls	r2, r4
100071f0:	4b02      	ldr	r3, [pc, #8]	@ (100071fc <tud_cdc_n_connected+0x28>)
100071f2:	3001      	adds	r0, #1
100071f4:	189b      	adds	r3, r3, r2
100071f6:	791b      	ldrb	r3, [r3, #4]
100071f8:	4018      	ands	r0, r3
100071fa:	e7f2      	b.n	100071e2 <tud_cdc_n_connected+0xe>
100071fc:	20001508 	.word	0x20001508

10007200 <tud_cdc_n_available>:
10007200:	23c8      	movs	r3, #200	@ 0xc8
10007202:	b510      	push	{r4, lr}
10007204:	4343      	muls	r3, r0
10007206:	4802      	ldr	r0, [pc, #8]	@ (10007210 <tud_cdc_n_available+0x10>)
10007208:	1818      	adds	r0, r3, r0
1000720a:	f000 fd99 	bl	10007d40 <tu_fifo_count>
1000720e:	bd10      	pop	{r4, pc}
10007210:	20001518 	.word	0x20001518

10007214 <tud_cdc_n_read>:
10007214:	b5f8      	push	{r3, r4, r5, r6, r7, lr}
10007216:	24c8      	movs	r4, #200	@ 0xc8
10007218:	2380      	movs	r3, #128	@ 0x80
1000721a:	4344      	muls	r4, r0
1000721c:	4f1c      	ldr	r7, [pc, #112]	@ (10007290 <tud_cdc_n_read+0x7c>)
1000721e:	3410      	adds	r4, #16
10007220:	0005      	movs	r5, r0
10007222:	193c      	adds	r4, r7, r4
10007224:	025b      	lsls	r3, r3, #9
10007226:	429a      	cmp	r2, r3
10007228:	d300      	bcc.n	1000722c <tud_cdc_n_read+0x18>
1000722a:	4a1a      	ldr	r2, [pc, #104]	@ (10007294 <tud_cdc_n_read+0x80>)
1000722c:	0020      	movs	r0, r4
1000722e:	b292      	uxth	r2, r2
10007230:	f000 fe08 	bl	10007e44 <tu_fifo_read_n>
10007234:	0006      	movs	r6, r0
10007236:	f7ff f959 	bl	100064ec <tud_mounted>
1000723a:	2800      	cmp	r0, #0
1000723c:	d101      	bne.n	10007242 <tud_cdc_n_read+0x2e>
1000723e:	0030      	movs	r0, r6
10007240:	bdf8      	pop	{r3, r4, r5, r6, r7, pc}
10007242:	f7ff f95b 	bl	100064fc <tud_suspended>
10007246:	2800      	cmp	r0, #0
10007248:	d1f9      	bne.n	1000723e <tud_cdc_n_read+0x2a>
1000724a:	23c8      	movs	r3, #200	@ 0xc8
1000724c:	436b      	muls	r3, r5
1000724e:	18ff      	adds	r7, r7, r3
10007250:	78fb      	ldrb	r3, [r7, #3]
10007252:	2b00      	cmp	r3, #0
10007254:	d0f3      	beq.n	1000723e <tud_cdc_n_read+0x2a>
10007256:	0020      	movs	r0, r4
10007258:	f000 fd90 	bl	10007d7c <tu_fifo_remaining>
1000725c:	283f      	cmp	r0, #63	@ 0x3f
1000725e:	d9ee      	bls.n	1000723e <tud_cdc_n_read+0x2a>
10007260:	2000      	movs	r0, #0
10007262:	78f9      	ldrb	r1, [r7, #3]
10007264:	f7ff fe34 	bl	10006ed0 <usbd_edpt_claim>
10007268:	2800      	cmp	r0, #0
1000726a:	d0e8      	beq.n	1000723e <tud_cdc_n_read+0x2a>
1000726c:	0020      	movs	r0, r4
1000726e:	f000 fd85 	bl	10007d7c <tu_fifo_remaining>
10007272:	78f9      	ldrb	r1, [r7, #3]
10007274:	283f      	cmp	r0, #63	@ 0x3f
10007276:	d907      	bls.n	10007288 <tud_cdc_n_read+0x74>
10007278:	4b07      	ldr	r3, [pc, #28]	@ (10007298 <tud_cdc_n_read+0x84>)
1000727a:	01ea      	lsls	r2, r5, #7
1000727c:	18d2      	adds	r2, r2, r3
1000727e:	2000      	movs	r0, #0
10007280:	2340      	movs	r3, #64	@ 0x40
10007282:	f7ff fe4d 	bl	10006f20 <usbd_edpt_xfer>
10007286:	e7da      	b.n	1000723e <tud_cdc_n_read+0x2a>
10007288:	2000      	movs	r0, #0
1000728a:	f7ff fe35 	bl	10006ef8 <usbd_edpt_release>
1000728e:	e7d6      	b.n	1000723e <tud_cdc_n_read+0x2a>
10007290:	20001508 	.word	0x20001508
10007294:	0000ffff 	.word	0x0000ffff
10007298:	20001484 	.word	0x20001484

1000729c <tud_cdc_n_write_flush>:
1000729c:	b5f8      	push	{r3, r4, r5, r6, r7, lr}
1000729e:	0004      	movs	r4, r0
100072a0:	f7ff f924 	bl	100064ec <tud_mounted>
100072a4:	2800      	cmp	r0, #0
100072a6:	d101      	bne.n	100072ac <tud_cdc_n_write_flush+0x10>
100072a8:	2000      	movs	r0, #0
100072aa:	bdf8      	pop	{r3, r4, r5, r6, r7, pc}
100072ac:	f7ff f926 	bl	100064fc <tud_suspended>
100072b0:	2800      	cmp	r0, #0
100072b2:	d1f9      	bne.n	100072a8 <tud_cdc_n_write_flush+0xc>
100072b4:	25c8      	movs	r5, #200	@ 0xc8
100072b6:	4365      	muls	r5, r4
100072b8:	002e      	movs	r6, r5
100072ba:	4f13      	ldr	r7, [pc, #76]	@ (10007308 <tud_cdc_n_write_flush+0x6c>)
100072bc:	3624      	adds	r6, #36	@ 0x24
100072be:	19f6      	adds	r6, r6, r7
100072c0:	0030      	movs	r0, r6
100072c2:	f000 fd3d 	bl	10007d40 <tu_fifo_count>
100072c6:	2800      	cmp	r0, #0
100072c8:	d0ee      	beq.n	100072a8 <tud_cdc_n_write_flush+0xc>
100072ca:	197f      	adds	r7, r7, r5
100072cc:	2000      	movs	r0, #0
100072ce:	78b9      	ldrb	r1, [r7, #2]
100072d0:	f7ff fdfe 	bl	10006ed0 <usbd_edpt_claim>
100072d4:	2800      	cmp	r0, #0
100072d6:	d0e7      	beq.n	100072a8 <tud_cdc_n_write_flush+0xc>
100072d8:	4d0c      	ldr	r5, [pc, #48]	@ (1000730c <tud_cdc_n_write_flush+0x70>)
100072da:	01e4      	lsls	r4, r4, #7
100072dc:	1965      	adds	r5, r4, r5
100072de:	0029      	movs	r1, r5
100072e0:	2240      	movs	r2, #64	@ 0x40
100072e2:	0030      	movs	r0, r6
100072e4:	f000 fdae 	bl	10007e44 <tu_fifo_read_n>
100072e8:	78b9      	ldrb	r1, [r7, #2]
100072ea:	1e04      	subs	r4, r0, #0
100072ec:	d008      	beq.n	10007300 <tud_cdc_n_write_flush+0x64>
100072ee:	0003      	movs	r3, r0
100072f0:	002a      	movs	r2, r5
100072f2:	2000      	movs	r0, #0
100072f4:	f7ff fe14 	bl	10006f20 <usbd_edpt_xfer>
100072f8:	2800      	cmp	r0, #0
100072fa:	d0d5      	beq.n	100072a8 <tud_cdc_n_write_flush+0xc>
100072fc:	0020      	movs	r0, r4
100072fe:	e7d4      	b.n	100072aa <tud_cdc_n_write_flush+0xe>
10007300:	2000      	movs	r0, #0
10007302:	f7ff fdf9 	bl	10006ef8 <usbd_edpt_release>
10007306:	e7cf      	b.n	100072a8 <tud_cdc_n_write_flush+0xc>
10007308:	20001508 	.word	0x20001508
1000730c:	200014c4 	.word	0x200014c4

10007310 <tud_cdc_n_write>:
10007310:	b570      	push	{r4, r5, r6, lr}
10007312:	24c8      	movs	r4, #200	@ 0xc8
10007314:	4344      	muls	r4, r0
10007316:	4b0c      	ldr	r3, [pc, #48]	@ (10007348 <tud_cdc_n_write+0x38>)
10007318:	0005      	movs	r5, r0
1000731a:	18e4      	adds	r4, r4, r3
1000731c:	2380      	movs	r3, #128	@ 0x80
1000731e:	025b      	lsls	r3, r3, #9
10007320:	429a      	cmp	r2, r3
10007322:	d300      	bcc.n	10007326 <tud_cdc_n_write+0x16>
10007324:	4a09      	ldr	r2, [pc, #36]	@ (1000734c <tud_cdc_n_write+0x3c>)
10007326:	0020      	movs	r0, r4
10007328:	b292      	uxth	r2, r2
1000732a:	f000 fe51 	bl	10007fd0 <tu_fifo_write_n>
1000732e:	0006      	movs	r6, r0
10007330:	0020      	movs	r0, r4
10007332:	f000 fd05 	bl	10007d40 <tu_fifo_count>
10007336:	283f      	cmp	r0, #63	@ 0x3f
10007338:	d801      	bhi.n	1000733e <tud_cdc_n_write+0x2e>
1000733a:	0030      	movs	r0, r6
1000733c:	bd70      	pop	{r4, r5, r6, pc}
1000733e:	0028      	movs	r0, r5
10007340:	f7ff ffac 	bl	1000729c <tud_cdc_n_write_flush>
10007344:	e7f9      	b.n	1000733a <tud_cdc_n_write+0x2a>
10007346:	46c0      	nop			@ (mov r8, r8)
10007348:	2000152c 	.word	0x2000152c
1000734c:	0000ffff 	.word	0x0000ffff

10007350 <tud_cdc_n_write_available>:
10007350:	23c8      	movs	r3, #200	@ 0xc8
10007352:	b510      	push	{r4, lr}
10007354:	4343      	muls	r3, r0
10007356:	4802      	ldr	r0, [pc, #8]	@ (10007360 <tud_cdc_n_write_available+0x10>)
10007358:	1818      	adds	r0, r3, r0
1000735a:	f000 fd0f 	bl	10007d7c <tu_fifo_remaining>
1000735e:	bd10      	pop	{r4, pc}
10007360:	2000152c 	.word	0x2000152c

10007364 <cdcd_init>:
10007364:	b5f0      	push	{r4, r5, r6, r7, lr}
10007366:	2500      	movs	r5, #0
10007368:	4c18      	ldr	r4, [pc, #96]	@ (100073cc <cdcd_init+0x68>)
1000736a:	b083      	sub	sp, #12
1000736c:	22c8      	movs	r2, #200	@ 0xc8
1000736e:	2100      	movs	r1, #0
10007370:	0020      	movs	r0, r4
10007372:	f7fc fc99 	bl	10003ca8 <__wrap_memset>
10007376:	4b16      	ldr	r3, [pc, #88]	@ (100073d0 <cdcd_init+0x6c>)
10007378:	0021      	movs	r1, r4
1000737a:	701d      	strb	r5, [r3, #0]
1000737c:	23ff      	movs	r3, #255	@ 0xff
1000737e:	7163      	strb	r3, [r4, #5]
10007380:	23e1      	movs	r3, #225	@ 0xe1
10007382:	025b      	lsls	r3, r3, #9
10007384:	60a3      	str	r3, [r4, #8]
10007386:	0020      	movs	r0, r4
10007388:	2308      	movs	r3, #8
1000738a:	2240      	movs	r2, #64	@ 0x40
1000738c:	73a3      	strb	r3, [r4, #14]
1000738e:	3138      	adds	r1, #56	@ 0x38
10007390:	9500      	str	r5, [sp, #0]
10007392:	3b07      	subs	r3, #7
10007394:	3010      	adds	r0, #16
10007396:	f000 fc9d 	bl	10007cd4 <tu_fifo_config>
1000739a:	0027      	movs	r7, r4
1000739c:	2301      	movs	r3, #1
1000739e:	0021      	movs	r1, r4
100073a0:	0020      	movs	r0, r4
100073a2:	0026      	movs	r6, r4
100073a4:	2240      	movs	r2, #64	@ 0x40
100073a6:	3178      	adds	r1, #120	@ 0x78
100073a8:	9300      	str	r3, [sp, #0]
100073aa:	37b8      	adds	r7, #184	@ 0xb8
100073ac:	3024      	adds	r0, #36	@ 0x24
100073ae:	f000 fc91 	bl	10007cd4 <tu_fifo_config>
100073b2:	36c0      	adds	r6, #192	@ 0xc0
100073b4:	0038      	movs	r0, r7
100073b6:	f7fa fd01 	bl	10001dbc <mutex_init>
100073ba:	0030      	movs	r0, r6
100073bc:	f7fa fcfe 	bl	10001dbc <mutex_init>
100073c0:	61e5      	str	r5, [r4, #28]
100073c2:	6227      	str	r7, [r4, #32]
100073c4:	6326      	str	r6, [r4, #48]	@ 0x30
100073c6:	6365      	str	r5, [r4, #52]	@ 0x34
100073c8:	b003      	add	sp, #12
100073ca:	bdf0      	pop	{r4, r5, r6, r7, pc}
100073cc:	20001508 	.word	0x20001508
100073d0:	20001504 	.word	0x20001504

100073d4 <cdcd_deinit>:
100073d4:	4a0a      	ldr	r2, [pc, #40]	@ (10007400 <cdcd_deinit+0x2c>)
100073d6:	6b11      	ldr	r1, [r2, #48]	@ 0x30
100073d8:	6a13      	ldr	r3, [r2, #32]
100073da:	2900      	cmp	r1, #0
100073dc:	d00c      	beq.n	100073f8 <cdcd_deinit+0x24>
100073de:	2b00      	cmp	r3, #0
100073e0:	d007      	beq.n	100073f2 <cdcd_deinit+0x1e>
100073e2:	2300      	movs	r3, #0
100073e4:	61d3      	str	r3, [r2, #28]
100073e6:	6353      	str	r3, [r2, #52]	@ 0x34
100073e8:	6313      	str	r3, [r2, #48]	@ 0x30
100073ea:	2300      	movs	r3, #0
100073ec:	6213      	str	r3, [r2, #32]
100073ee:	2001      	movs	r0, #1
100073f0:	4770      	bx	lr
100073f2:	6353      	str	r3, [r2, #52]	@ 0x34
100073f4:	6313      	str	r3, [r2, #48]	@ 0x30
100073f6:	e7fa      	b.n	100073ee <cdcd_deinit+0x1a>
100073f8:	2b00      	cmp	r3, #0
100073fa:	d0f8      	beq.n	100073ee <cdcd_deinit+0x1a>
100073fc:	61d1      	str	r1, [r2, #28]
100073fe:	e7f4      	b.n	100073ea <cdcd_deinit+0x16>
10007400:	20001508 	.word	0x20001508

10007404 <cdcd_reset>:
10007404:	b570      	push	{r4, r5, r6, lr}
10007406:	4c0f      	ldr	r4, [pc, #60]	@ (10007444 <cdcd_reset+0x40>)
10007408:	2205      	movs	r2, #5
1000740a:	2100      	movs	r1, #0
1000740c:	0020      	movs	r0, r4
1000740e:	f7fc fc4b 	bl	10003ca8 <__wrap_memset>
10007412:	4d0d      	ldr	r5, [pc, #52]	@ (10007448 <cdcd_reset+0x44>)
10007414:	782b      	ldrb	r3, [r5, #0]
10007416:	07da      	lsls	r2, r3, #31
10007418:	d507      	bpl.n	1000742a <cdcd_reset+0x26>
1000741a:	4c0c      	ldr	r4, [pc, #48]	@ (1000744c <cdcd_reset+0x48>)
1000741c:	079b      	lsls	r3, r3, #30
1000741e:	d50c      	bpl.n	1000743a <cdcd_reset+0x36>
10007420:	2101      	movs	r1, #1
10007422:	0020      	movs	r0, r4
10007424:	f000 feb0 	bl	10008188 <tu_fifo_set_overwritable>
10007428:	bd70      	pop	{r4, r5, r6, pc}
1000742a:	0020      	movs	r0, r4
1000742c:	3010      	adds	r0, #16
1000742e:	f000 fe8b 	bl	10008148 <tu_fifo_clear>
10007432:	782b      	ldrb	r3, [r5, #0]
10007434:	4c05      	ldr	r4, [pc, #20]	@ (1000744c <cdcd_reset+0x48>)
10007436:	079b      	lsls	r3, r3, #30
10007438:	d4f2      	bmi.n	10007420 <cdcd_reset+0x1c>
1000743a:	0020      	movs	r0, r4
1000743c:	f000 fe84 	bl	10008148 <tu_fifo_clear>
10007440:	e7ee      	b.n	10007420 <cdcd_reset+0x1c>
10007442:	46c0      	nop			@ (mov r8, r8)
10007444:	20001508 	.word	0x20001508
10007448:	20001504 	.word	0x20001504
1000744c:	2000152c 	.word	0x2000152c

10007450 <cdcd_open>:
10007450:	b5f0      	push	{r4, r5, r6, r7, lr}
10007452:	794b      	ldrb	r3, [r1, #5]
10007454:	0006      	movs	r6, r0
10007456:	b083      	sub	sp, #12
10007458:	2b02      	cmp	r3, #2
1000745a:	d102      	bne.n	10007462 <cdcd_open+0x12>
1000745c:	798b      	ldrb	r3, [r1, #6]
1000745e:	2b02      	cmp	r3, #2
10007460:	d003      	beq.n	1000746a <cdcd_open+0x1a>
10007462:	2500      	movs	r5, #0
10007464:	0028      	movs	r0, r5
10007466:	b003      	add	sp, #12
10007468:	bdf0      	pop	{r4, r5, r6, r7, pc}
1000746a:	4f20      	ldr	r7, [pc, #128]	@ (100074ec <cdcd_open+0x9c>)
1000746c:	78bb      	ldrb	r3, [r7, #2]
1000746e:	2b00      	cmp	r3, #0
10007470:	d1f7      	bne.n	10007462 <cdcd_open+0x12>
10007472:	788b      	ldrb	r3, [r1, #2]
10007474:	2509      	movs	r5, #9
10007476:	703b      	strb	r3, [r7, #0]
10007478:	780c      	ldrb	r4, [r1, #0]
1000747a:	190c      	adds	r4, r1, r4
1000747c:	7863      	ldrb	r3, [r4, #1]
1000747e:	2b24      	cmp	r3, #36	@ 0x24
10007480:	d007      	beq.n	10007492 <cdcd_open+0x42>
10007482:	e00c      	b.n	1000749e <cdcd_open+0x4e>
10007484:	7823      	ldrb	r3, [r4, #0]
10007486:	18e4      	adds	r4, r4, r3
10007488:	195d      	adds	r5, r3, r5
1000748a:	7863      	ldrb	r3, [r4, #1]
1000748c:	b2ad      	uxth	r5, r5
1000748e:	2b24      	cmp	r3, #36	@ 0x24
10007490:	d105      	bne.n	1000749e <cdcd_open+0x4e>
10007492:	4295      	cmp	r5, r2
10007494:	d9f6      	bls.n	10007484 <cdcd_open+0x34>
10007496:	2000      	movs	r0, #0
10007498:	f7ff fe66 	bl	10007168 <_prep_out_transaction.isra.0>
1000749c:	e7e2      	b.n	10007464 <cdcd_open+0x14>
1000749e:	001a      	movs	r2, r3
100074a0:	2b05      	cmp	r3, #5
100074a2:	d015      	beq.n	100074d0 <cdcd_open+0x80>
100074a4:	2a04      	cmp	r2, #4
100074a6:	d1f6      	bne.n	10007496 <cdcd_open+0x46>
100074a8:	7963      	ldrb	r3, [r4, #5]
100074aa:	2b0a      	cmp	r3, #10
100074ac:	d1f3      	bne.n	10007496 <cdcd_open+0x46>
100074ae:	4b10      	ldr	r3, [pc, #64]	@ (100074f0 <cdcd_open+0xa0>)
100074b0:	7827      	ldrb	r7, [r4, #0]
100074b2:	9301      	str	r3, [sp, #4]
100074b4:	3301      	adds	r3, #1
100074b6:	9300      	str	r3, [sp, #0]
100074b8:	0030      	movs	r0, r6
100074ba:	2302      	movs	r3, #2
100074bc:	19e1      	adds	r1, r4, r7
100074be:	3a02      	subs	r2, #2
100074c0:	f7ff fc9e 	bl	10006e00 <usbd_open_edpt_pair>
100074c4:	2800      	cmp	r0, #0
100074c6:	d0cc      	beq.n	10007462 <cdcd_open+0x12>
100074c8:	350e      	adds	r5, #14
100074ca:	19ed      	adds	r5, r5, r7
100074cc:	b2ad      	uxth	r5, r5
100074ce:	e7e2      	b.n	10007496 <cdcd_open+0x46>
100074d0:	0021      	movs	r1, r4
100074d2:	0030      	movs	r0, r6
100074d4:	f7ff fce2 	bl	10006e9c <usbd_edpt_open>
100074d8:	2800      	cmp	r0, #0
100074da:	d0c2      	beq.n	10007462 <cdcd_open+0x12>
100074dc:	78a3      	ldrb	r3, [r4, #2]
100074de:	707b      	strb	r3, [r7, #1]
100074e0:	7823      	ldrb	r3, [r4, #0]
100074e2:	195d      	adds	r5, r3, r5
100074e4:	18e4      	adds	r4, r4, r3
100074e6:	7862      	ldrb	r2, [r4, #1]
100074e8:	b2ad      	uxth	r5, r5
100074ea:	e7db      	b.n	100074a4 <cdcd_open+0x54>
100074ec:	20001508 	.word	0x20001508
100074f0:	2000150a 	.word	0x2000150a

100074f4 <cdcd_control_xfer_cb>:
100074f4:	b5f8      	push	{r3, r4, r5, r6, r7, lr}
100074f6:	2360      	movs	r3, #96	@ 0x60
100074f8:	0014      	movs	r4, r2
100074fa:	7812      	ldrb	r2, [r2, #0]
100074fc:	0005      	movs	r5, r0
100074fe:	4013      	ands	r3, r2
10007500:	2000      	movs	r0, #0
10007502:	2b20      	cmp	r3, #32
10007504:	d107      	bne.n	10007516 <cdcd_control_xfer_cb+0x22>
10007506:	4a30      	ldr	r2, [pc, #192]	@ (100075c8 <cdcd_control_xfer_cb+0xd4>)
10007508:	7963      	ldrb	r3, [r4, #5]
1000750a:	7927      	ldrb	r7, [r4, #4]
1000750c:	7816      	ldrb	r6, [r2, #0]
1000750e:	021b      	lsls	r3, r3, #8
10007510:	433b      	orrs	r3, r7
10007512:	429e      	cmp	r6, r3
10007514:	d000      	beq.n	10007518 <cdcd_control_xfer_cb+0x24>
10007516:	bdf8      	pop	{r3, r4, r5, r6, r7, pc}
10007518:	7863      	ldrb	r3, [r4, #1]
1000751a:	2b22      	cmp	r3, #34	@ 0x22
1000751c:	d01a      	beq.n	10007554 <cdcd_control_xfer_cb+0x60>
1000751e:	d807      	bhi.n	10007530 <cdcd_control_xfer_cb+0x3c>
10007520:	2b20      	cmp	r3, #32
10007522:	d034      	beq.n	1000758e <cdcd_control_xfer_cb+0x9a>
10007524:	2b21      	cmp	r3, #33	@ 0x21
10007526:	d1f6      	bne.n	10007516 <cdcd_control_xfer_cb+0x22>
10007528:	2901      	cmp	r1, #1
1000752a:	d03e      	beq.n	100075aa <cdcd_control_xfer_cb+0xb6>
1000752c:	2001      	movs	r0, #1
1000752e:	e7f2      	b.n	10007516 <cdcd_control_xfer_cb+0x22>
10007530:	2b23      	cmp	r3, #35	@ 0x23
10007532:	d1f0      	bne.n	10007516 <cdcd_control_xfer_cb+0x22>
10007534:	2901      	cmp	r1, #1
10007536:	d040      	beq.n	100075ba <cdcd_control_xfer_cb+0xc6>
10007538:	2903      	cmp	r1, #3
1000753a:	d1f7      	bne.n	1000752c <cdcd_control_xfer_cb+0x38>
1000753c:	4b23      	ldr	r3, [pc, #140]	@ (100075cc <cdcd_control_xfer_cb+0xd8>)
1000753e:	2b00      	cmp	r3, #0
10007540:	d0f4      	beq.n	1000752c <cdcd_control_xfer_cb+0x38>
10007542:	78e1      	ldrb	r1, [r4, #3]
10007544:	78a3      	ldrb	r3, [r4, #2]
10007546:	0209      	lsls	r1, r1, #8
10007548:	2000      	movs	r0, #0
1000754a:	4319      	orrs	r1, r3
1000754c:	e000      	b.n	10007550 <cdcd_control_xfer_cb+0x5c>
1000754e:	bf00      	nop
10007550:	2001      	movs	r0, #1
10007552:	e7e0      	b.n	10007516 <cdcd_control_xfer_cb+0x22>
10007554:	2901      	cmp	r1, #1
10007556:	d030      	beq.n	100075ba <cdcd_control_xfer_cb+0xc6>
10007558:	2903      	cmp	r1, #3
1000755a:	d1e7      	bne.n	1000752c <cdcd_control_xfer_cb+0x38>
1000755c:	2501      	movs	r5, #1
1000755e:	002e      	movs	r6, r5
10007560:	78a3      	ldrb	r3, [r4, #2]
10007562:	78e4      	ldrb	r4, [r4, #3]
10007564:	3902      	subs	r1, #2
10007566:	0224      	lsls	r4, r4, #8
10007568:	431c      	orrs	r4, r3
1000756a:	7114      	strb	r4, [r2, #4]
1000756c:	4026      	ands	r6, r4
1000756e:	3224      	adds	r2, #36	@ 0x24
10007570:	0010      	movs	r0, r2
10007572:	4071      	eors	r1, r6
10007574:	f000 fe08 	bl	10008188 <tu_fifo_set_overwritable>
10007578:	4b15      	ldr	r3, [pc, #84]	@ (100075d0 <cdcd_control_xfer_cb+0xdc>)
1000757a:	2b00      	cmp	r3, #0
1000757c:	d0d6      	beq.n	1000752c <cdcd_control_xfer_cb+0x38>
1000757e:	0862      	lsrs	r2, r4, #1
10007580:	2000      	movs	r0, #0
10007582:	0031      	movs	r1, r6
10007584:	402a      	ands	r2, r5
10007586:	e000      	b.n	1000758a <cdcd_control_xfer_cb+0x96>
10007588:	bf00      	nop
1000758a:	2001      	movs	r0, #1
1000758c:	e7c3      	b.n	10007516 <cdcd_control_xfer_cb+0x22>
1000758e:	2901      	cmp	r1, #1
10007590:	d00b      	beq.n	100075aa <cdcd_control_xfer_cb+0xb6>
10007592:	2903      	cmp	r1, #3
10007594:	d1ca      	bne.n	1000752c <cdcd_control_xfer_cb+0x38>
10007596:	4b0f      	ldr	r3, [pc, #60]	@ (100075d4 <cdcd_control_xfer_cb+0xe0>)
10007598:	2b00      	cmp	r3, #0
1000759a:	d0c7      	beq.n	1000752c <cdcd_control_xfer_cb+0x38>
1000759c:	3208      	adds	r2, #8
1000759e:	2000      	movs	r0, #0
100075a0:	0011      	movs	r1, r2
100075a2:	f7fe faad 	bl	10005b00 <tud_cdc_line_coding_cb>
100075a6:	2001      	movs	r0, #1
100075a8:	e7b5      	b.n	10007516 <cdcd_control_xfer_cb+0x22>
100075aa:	2307      	movs	r3, #7
100075ac:	0021      	movs	r1, r4
100075ae:	0028      	movs	r0, r5
100075b0:	4a09      	ldr	r2, [pc, #36]	@ (100075d8 <cdcd_control_xfer_cb+0xe4>)
100075b2:	f7ff fcf1 	bl	10006f98 <tud_control_xfer>
100075b6:	2001      	movs	r0, #1
100075b8:	e7ad      	b.n	10007516 <cdcd_control_xfer_cb+0x22>
100075ba:	0021      	movs	r1, r4
100075bc:	0028      	movs	r0, r5
100075be:	f7ff fcd5 	bl	10006f6c <tud_control_status>
100075c2:	2001      	movs	r0, #1
100075c4:	e7a7      	b.n	10007516 <cdcd_control_xfer_cb+0x22>
100075c6:	46c0      	nop			@ (mov r8, r8)
100075c8:	20001508 	.word	0x20001508
	...
100075d4:	10005b01 	.word	0x10005b01
100075d8:	20001510 	.word	0x20001510

100075dc <cdcd_xfer_cb>:
100075dc:	b5f0      	push	{r4, r5, r6, r7, lr}
100075de:	464f      	mov	r7, r9
100075e0:	4646      	mov	r6, r8
100075e2:	46d6      	mov	lr, sl
100075e4:	b5c0      	push	{r6, r7, lr}
100075e6:	4d36      	ldr	r5, [pc, #216]	@ (100076c0 <cdcd_xfer_cb+0xe4>)
100075e8:	4680      	mov	r8, r0
100075ea:	78ea      	ldrb	r2, [r5, #3]
100075ec:	000c      	movs	r4, r1
100075ee:	001f      	movs	r7, r3
100075f0:	428a      	cmp	r2, r1
100075f2:	d03c      	beq.n	1000766e <cdcd_xfer_cb+0x92>
100075f4:	78ab      	ldrb	r3, [r5, #2]
100075f6:	428b      	cmp	r3, r1
100075f8:	d010      	beq.n	1000761c <cdcd_xfer_cb+0x40>
100075fa:	2000      	movs	r0, #0
100075fc:	bce0      	pop	{r5, r6, r7}
100075fe:	46ba      	mov	sl, r7
10007600:	46b1      	mov	r9, r6
10007602:	46a8      	mov	r8, r5
10007604:	bdf0      	pop	{r4, r5, r6, r7, pc}
10007606:	4b2f      	ldr	r3, [pc, #188]	@ (100076c4 <cdcd_xfer_cb+0xe8>)
10007608:	2b00      	cmp	r3, #0
1000760a:	d004      	beq.n	10007616 <cdcd_xfer_cb+0x3a>
1000760c:	482e      	ldr	r0, [pc, #184]	@ (100076c8 <cdcd_xfer_cb+0xec>)
1000760e:	f000 fbad 	bl	10007d6c <tu_fifo_empty>
10007612:	2800      	cmp	r0, #0
10007614:	d051      	beq.n	100076ba <cdcd_xfer_cb+0xde>
10007616:	2000      	movs	r0, #0
10007618:	f7ff fda6 	bl	10007168 <_prep_out_transaction.isra.0>
1000761c:	78ab      	ldrb	r3, [r5, #2]
1000761e:	42a3      	cmp	r3, r4
10007620:	d001      	beq.n	10007626 <cdcd_xfer_cb+0x4a>
10007622:	2001      	movs	r0, #1
10007624:	e7ea      	b.n	100075fc <cdcd_xfer_cb+0x20>
10007626:	4b29      	ldr	r3, [pc, #164]	@ (100076cc <cdcd_xfer_cb+0xf0>)
10007628:	2b00      	cmp	r3, #0
1000762a:	d002      	beq.n	10007632 <cdcd_xfer_cb+0x56>
1000762c:	2000      	movs	r0, #0
1000762e:	e000      	b.n	10007632 <cdcd_xfer_cb+0x56>
10007630:	bf00      	nop
10007632:	2000      	movs	r0, #0
10007634:	f7ff fe32 	bl	1000729c <tud_cdc_n_write_flush>
10007638:	2800      	cmp	r0, #0
1000763a:	d1f2      	bne.n	10007622 <cdcd_xfer_cb+0x46>
1000763c:	4c24      	ldr	r4, [pc, #144]	@ (100076d0 <cdcd_xfer_cb+0xf4>)
1000763e:	0020      	movs	r0, r4
10007640:	f000 fb7e 	bl	10007d40 <tu_fifo_count>
10007644:	2800      	cmp	r0, #0
10007646:	d1ec      	bne.n	10007622 <cdcd_xfer_cb+0x46>
10007648:	2f00      	cmp	r7, #0
1000764a:	d0ea      	beq.n	10007622 <cdcd_xfer_cb+0x46>
1000764c:	06bf      	lsls	r7, r7, #26
1000764e:	d1e8      	bne.n	10007622 <cdcd_xfer_cb+0x46>
10007650:	3c24      	subs	r4, #36	@ 0x24
10007652:	4640      	mov	r0, r8
10007654:	78a1      	ldrb	r1, [r4, #2]
10007656:	f7ff fc3b 	bl	10006ed0 <usbd_edpt_claim>
1000765a:	2800      	cmp	r0, #0
1000765c:	d0e1      	beq.n	10007622 <cdcd_xfer_cb+0x46>
1000765e:	2300      	movs	r3, #0
10007660:	2200      	movs	r2, #0
10007662:	4640      	mov	r0, r8
10007664:	78a1      	ldrb	r1, [r4, #2]
10007666:	f7ff fc5b 	bl	10006f20 <usbd_edpt_xfer>
1000766a:	2001      	movs	r0, #1
1000766c:	e7c6      	b.n	100075fc <cdcd_xfer_cb+0x20>
1000766e:	b29a      	uxth	r2, r3
10007670:	2310      	movs	r3, #16
10007672:	469a      	mov	sl, r3
10007674:	4e17      	ldr	r6, [pc, #92]	@ (100076d4 <cdcd_xfer_cb+0xf8>)
10007676:	44aa      	add	sl, r5
10007678:	0031      	movs	r1, r6
1000767a:	4650      	mov	r0, sl
1000767c:	f000 fca8 	bl	10007fd0 <tu_fifo_write_n>
10007680:	4b15      	ldr	r3, [pc, #84]	@ (100076d8 <cdcd_xfer_cb+0xfc>)
10007682:	2b00      	cmp	r3, #0
10007684:	d0bf      	beq.n	10007606 <cdcd_xfer_cb+0x2a>
10007686:	796b      	ldrb	r3, [r5, #5]
10007688:	2bff      	cmp	r3, #255	@ 0xff
1000768a:	d0bc      	beq.n	10007606 <cdcd_xfer_cb+0x2a>
1000768c:	2f00      	cmp	r7, #0
1000768e:	d0ba      	beq.n	10007606 <cdcd_xfer_cb+0x2a>
10007690:	19f2      	adds	r2, r6, r7
10007692:	4691      	mov	r9, r2
10007694:	e003      	b.n	1000769e <cdcd_xfer_cb+0xc2>
10007696:	3601      	adds	r6, #1
10007698:	454e      	cmp	r6, r9
1000769a:	d0b4      	beq.n	10007606 <cdcd_xfer_cb+0x2a>
1000769c:	796b      	ldrb	r3, [r5, #5]
1000769e:	7832      	ldrb	r2, [r6, #0]
100076a0:	429a      	cmp	r2, r3
100076a2:	d1f8      	bne.n	10007696 <cdcd_xfer_cb+0xba>
100076a4:	4650      	mov	r0, sl
100076a6:	f000 fb61 	bl	10007d6c <tu_fifo_empty>
100076aa:	2800      	cmp	r0, #0
100076ac:	d1f3      	bne.n	10007696 <cdcd_xfer_cb+0xba>
100076ae:	4653      	mov	r3, sl
100076b0:	3b10      	subs	r3, #16
100076b2:	7959      	ldrb	r1, [r3, #5]
100076b4:	e000      	b.n	100076b8 <cdcd_xfer_cb+0xdc>
100076b6:	bf00      	nop
100076b8:	e7ed      	b.n	10007696 <cdcd_xfer_cb+0xba>
100076ba:	e000      	b.n	100076be <cdcd_xfer_cb+0xe2>
100076bc:	bf00      	nop
100076be:	e7aa      	b.n	10007616 <cdcd_xfer_cb+0x3a>
100076c0:	20001508 	.word	0x20001508
100076c4:	00000000 	.word	0x00000000
100076c8:	20001518 	.word	0x20001518
100076cc:	00000000 	.word	0x00000000
100076d0:	2000152c 	.word	0x2000152c
100076d4:	20001484 	.word	0x20001484
100076d8:	00000000 	.word	0x00000000

100076dc <vendord_init>:
100076dc:	2293      	movs	r2, #147	@ 0x93
100076de:	b5f0      	push	{r4, r5, r6, r7, lr}
100076e0:	4c13      	ldr	r4, [pc, #76]	@ (10007730 <vendord_init+0x54>)
100076e2:	b085      	sub	sp, #20
100076e4:	2100      	movs	r1, #0
100076e6:	0020      	movs	r0, r4
100076e8:	0092      	lsls	r2, r2, #2
100076ea:	f7fc fadd 	bl	10003ca8 <__wrap_memset>
100076ee:	0023      	movs	r3, r4
100076f0:	0020      	movs	r0, r4
100076f2:	2680      	movs	r6, #128	@ 0x80
100076f4:	2740      	movs	r7, #64	@ 0x40
100076f6:	4d0f      	ldr	r5, [pc, #60]	@ (10007734 <vendord_init+0x58>)
100076f8:	334d      	adds	r3, #77	@ 0x4d
100076fa:	0076      	lsls	r6, r6, #1
100076fc:	33ff      	adds	r3, #255	@ 0xff
100076fe:	3029      	adds	r0, #41	@ 0x29
10007700:	9502      	str	r5, [sp, #8]
10007702:	9300      	str	r3, [sp, #0]
10007704:	2200      	movs	r2, #0
10007706:	2300      	movs	r3, #0
10007708:	2100      	movs	r1, #0
1000770a:	9703      	str	r7, [sp, #12]
1000770c:	9601      	str	r6, [sp, #4]
1000770e:	30ff      	adds	r0, #255	@ 0xff
10007710:	f000 f9d4 	bl	10007abc <tu_edpt_stream_init>
10007714:	3540      	adds	r5, #64	@ 0x40
10007716:	1d20      	adds	r0, r4, #4
10007718:	3428      	adds	r4, #40	@ 0x28
1000771a:	2300      	movs	r3, #0
1000771c:	2201      	movs	r2, #1
1000771e:	2100      	movs	r1, #0
10007720:	9703      	str	r7, [sp, #12]
10007722:	9502      	str	r5, [sp, #8]
10007724:	9601      	str	r6, [sp, #4]
10007726:	9400      	str	r4, [sp, #0]
10007728:	f000 f9c8 	bl	10007abc <tu_edpt_stream_init>
1000772c:	b005      	add	sp, #20
1000772e:	bdf0      	pop	{r4, r5, r6, r7, pc}
10007730:	200017cc 	.word	0x200017cc
10007734:	2000174c 	.word	0x2000174c

10007738 <vendord_deinit>:
10007738:	b510      	push	{r4, lr}
1000773a:	4c05      	ldr	r4, [pc, #20]	@ (10007750 <vendord_deinit+0x18>)
1000773c:	0020      	movs	r0, r4
1000773e:	f000 f9f3 	bl	10007b28 <tu_edpt_stream_deinit>
10007742:	0020      	movs	r0, r4
10007744:	3825      	subs	r0, #37	@ 0x25
10007746:	38ff      	subs	r0, #255	@ 0xff
10007748:	f000 f9ee 	bl	10007b28 <tu_edpt_stream_deinit>
1000774c:	2001      	movs	r0, #1
1000774e:	bd10      	pop	{r4, pc}
10007750:	200018f4 	.word	0x200018f4

10007754 <vendord_reset>:
10007754:	b570      	push	{r4, r5, r6, lr}
10007756:	4c08      	ldr	r4, [pc, #32]	@ (10007778 <vendord_reset+0x24>)
10007758:	2500      	movs	r5, #0
1000775a:	0020      	movs	r0, r4
1000775c:	3031      	adds	r0, #49	@ 0x31
1000775e:	30ff      	adds	r0, #255	@ 0xff
10007760:	7025      	strb	r5, [r4, #0]
10007762:	f000 fcf1 	bl	10008148 <tu_fifo_clear>
10007766:	0020      	movs	r0, r4
10007768:	300c      	adds	r0, #12
1000776a:	f000 fced 	bl	10008148 <tu_fifo_clear>
1000776e:	232a      	movs	r3, #42	@ 0x2a
10007770:	33ff      	adds	r3, #255	@ 0xff
10007772:	54e5      	strb	r5, [r4, r3]
10007774:	7165      	strb	r5, [r4, #5]
10007776:	bd70      	pop	{r4, r5, r6, pc}
10007778:	200017cc 	.word	0x200017cc

1000777c <vendord_open>:
1000777c:	b5f8      	push	{r3, r4, r5, r6, r7, lr}
1000777e:	4657      	mov	r7, sl
10007780:	4645      	mov	r5, r8
10007782:	46de      	mov	lr, fp
10007784:	464e      	mov	r6, r9
10007786:	b5e0      	push	{r5, r6, r7, lr}
10007788:	794b      	ldrb	r3, [r1, #5]
1000778a:	4680      	mov	r8, r0
1000778c:	000f      	movs	r7, r1
1000778e:	2bff      	cmp	r3, #255	@ 0xff
10007790:	d15b      	bne.n	1000784a <vendord_open+0xce>
10007792:	4b40      	ldr	r3, [pc, #256]	@ (10007894 <vendord_open+0x118>)
10007794:	4699      	mov	r9, r3
10007796:	232a      	movs	r3, #42	@ 0x2a
10007798:	4649      	mov	r1, r9
1000779a:	33ff      	adds	r3, #255	@ 0xff
1000779c:	5ccb      	ldrb	r3, [r1, r3]
1000779e:	2b00      	cmp	r3, #0
100077a0:	d153      	bne.n	1000784a <vendord_open+0xce>
100077a2:	794e      	ldrb	r6, [r1, #5]
100077a4:	2e00      	cmp	r6, #0
100077a6:	d150      	bne.n	1000784a <vendord_open+0xce>
100077a8:	78bb      	ldrb	r3, [r7, #2]
100077aa:	783c      	ldrb	r4, [r7, #0]
100077ac:	700b      	strb	r3, [r1, #0]
100077ae:	793b      	ldrb	r3, [r7, #4]
100077b0:	193c      	adds	r4, r7, r4
100077b2:	2b00      	cmp	r3, #0
100077b4:	d046      	beq.n	10007844 <vendord_open+0xc8>
100077b6:	2398      	movs	r3, #152	@ 0x98
100077b8:	005b      	lsls	r3, r3, #1
100077ba:	444b      	add	r3, r9
100077bc:	469a      	mov	sl, r3
100077be:	230c      	movs	r3, #12
100077c0:	444b      	add	r3, r9
100077c2:	469b      	mov	fp, r3
100077c4:	18a5      	adds	r5, r4, r2
100077c6:	e003      	b.n	100077d0 <vendord_open+0x54>
100077c8:	42ac      	cmp	r4, r5
100077ca:	d23b      	bcs.n	10007844 <vendord_open+0xc8>
100077cc:	7823      	ldrb	r3, [r4, #0]
100077ce:	18e4      	adds	r4, r4, r3
100077d0:	7863      	ldrb	r3, [r4, #1]
100077d2:	2b05      	cmp	r3, #5
100077d4:	d1f8      	bne.n	100077c8 <vendord_open+0x4c>
100077d6:	42ac      	cmp	r4, r5
100077d8:	d234      	bcs.n	10007844 <vendord_open+0xc8>
100077da:	0021      	movs	r1, r4
100077dc:	4640      	mov	r0, r8
100077de:	f7ff fb5d 	bl	10006e9c <usbd_edpt_open>
100077e2:	2800      	cmp	r0, #0
100077e4:	d031      	beq.n	1000784a <vendord_open+0xce>
100077e6:	78a3      	ldrb	r3, [r4, #2]
100077e8:	3601      	adds	r6, #1
100077ea:	b2f6      	uxtb	r6, r6
100077ec:	09db      	lsrs	r3, r3, #7
100077ee:	2b01      	cmp	r3, #1
100077f0:	d032      	beq.n	10007858 <vendord_open+0xdc>
100077f2:	4650      	mov	r0, sl
100077f4:	f000 fca8 	bl	10008148 <tu_fifo_clear>
100077f8:	232a      	movs	r3, #42	@ 0x2a
100077fa:	4649      	mov	r1, r9
100077fc:	78a2      	ldrb	r2, [r4, #2]
100077fe:	33ff      	adds	r3, #255	@ 0xff
10007800:	54ca      	strb	r2, [r1, r3]
10007802:	7963      	ldrb	r3, [r4, #5]
10007804:	7922      	ldrb	r2, [r4, #4]
10007806:	021b      	lsls	r3, r3, #8
10007808:	4313      	orrs	r3, r2
1000780a:	4a23      	ldr	r2, [pc, #140]	@ (10007898 <vendord_open+0x11c>)
1000780c:	055b      	lsls	r3, r3, #21
1000780e:	4694      	mov	ip, r2
10007810:	0d5b      	lsrs	r3, r3, #21
10007812:	2194      	movs	r1, #148	@ 0x94
10007814:	4463      	add	r3, ip
10007816:	425a      	negs	r2, r3
10007818:	4153      	adcs	r3, r2
1000781a:	464a      	mov	r2, r9
1000781c:	2002      	movs	r0, #2
1000781e:	0049      	lsls	r1, r1, #1
10007820:	5c52      	ldrb	r2, [r2, r1]
10007822:	005b      	lsls	r3, r3, #1
10007824:	4382      	bics	r2, r0
10007826:	4313      	orrs	r3, r2
10007828:	464a      	mov	r2, r9
1000782a:	5453      	strb	r3, [r2, r1]
1000782c:	4651      	mov	r1, sl
1000782e:	4640      	mov	r0, r8
10007830:	3908      	subs	r1, #8
10007832:	f000 f9e3 	bl	10007bfc <tu_edpt_stream_read_xfer>
10007836:	2800      	cmp	r0, #0
10007838:	d007      	beq.n	1000784a <vendord_open+0xce>
1000783a:	7823      	ldrb	r3, [r4, #0]
1000783c:	18e4      	adds	r4, r4, r3
1000783e:	793b      	ldrb	r3, [r7, #4]
10007840:	42b3      	cmp	r3, r6
10007842:	d8c5      	bhi.n	100077d0 <vendord_open+0x54>
10007844:	1be0      	subs	r0, r4, r7
10007846:	b280      	uxth	r0, r0
10007848:	e000      	b.n	1000784c <vendord_open+0xd0>
1000784a:	2000      	movs	r0, #0
1000784c:	bcf0      	pop	{r4, r5, r6, r7}
1000784e:	46bb      	mov	fp, r7
10007850:	46b2      	mov	sl, r6
10007852:	46a9      	mov	r9, r5
10007854:	46a0      	mov	r8, r4
10007856:	bdf8      	pop	{r3, r4, r5, r6, r7, pc}
10007858:	4658      	mov	r0, fp
1000785a:	f000 fc75 	bl	10008148 <tu_fifo_clear>
1000785e:	465a      	mov	r2, fp
10007860:	78a3      	ldrb	r3, [r4, #2]
10007862:	3a0c      	subs	r2, #12
10007864:	7153      	strb	r3, [r2, #5]
10007866:	7963      	ldrb	r3, [r4, #5]
10007868:	7921      	ldrb	r1, [r4, #4]
1000786a:	021b      	lsls	r3, r3, #8
1000786c:	430b      	orrs	r3, r1
1000786e:	490a      	ldr	r1, [pc, #40]	@ (10007898 <vendord_open+0x11c>)
10007870:	055b      	lsls	r3, r3, #21
10007872:	468c      	mov	ip, r1
10007874:	0d5b      	lsrs	r3, r3, #21
10007876:	4463      	add	r3, ip
10007878:	4259      	negs	r1, r3
1000787a:	414b      	adcs	r3, r1
1000787c:	2002      	movs	r0, #2
1000787e:	7911      	ldrb	r1, [r2, #4]
10007880:	005b      	lsls	r3, r3, #1
10007882:	4381      	bics	r1, r0
10007884:	430b      	orrs	r3, r1
10007886:	4659      	mov	r1, fp
10007888:	2000      	movs	r0, #0
1000788a:	3908      	subs	r1, #8
1000788c:	7113      	strb	r3, [r2, #4]
1000788e:	f000 f981 	bl	10007b94 <tu_edpt_stream_write_xfer>
10007892:	e7d2      	b.n	1000783a <vendord_open+0xbe>
10007894:	200017cc 	.word	0x200017cc
10007898:	fffffe00 	.word	0xfffffe00

1000789c <vendord_xfer_cb>:
1000789c:	b5f8      	push	{r3, r4, r5, r6, r7, lr}
1000789e:	252a      	movs	r5, #42	@ 0x2a
100078a0:	0006      	movs	r6, r0
100078a2:	481f      	ldr	r0, [pc, #124]	@ (10007920 <vendord_xfer_cb+0x84>)
100078a4:	35ff      	adds	r5, #255	@ 0xff
100078a6:	5d45      	ldrb	r5, [r0, r5]
100078a8:	001f      	movs	r7, r3
100078aa:	428d      	cmp	r5, r1
100078ac:	d015      	beq.n	100078da <vendord_xfer_cb+0x3e>
100078ae:	7943      	ldrb	r3, [r0, #5]
100078b0:	428b      	cmp	r3, r1
100078b2:	d001      	beq.n	100078b8 <vendord_xfer_cb+0x1c>
100078b4:	2000      	movs	r0, #0
100078b6:	bdf8      	pop	{r3, r4, r5, r6, r7, pc}
100078b8:	4b1a      	ldr	r3, [pc, #104]	@ (10007924 <vendord_xfer_cb+0x88>)
100078ba:	2b00      	cmp	r3, #0
100078bc:	d004      	beq.n	100078c8 <vendord_xfer_cb+0x2c>
100078be:	0439      	lsls	r1, r7, #16
100078c0:	2000      	movs	r0, #0
100078c2:	0c09      	lsrs	r1, r1, #16
100078c4:	e000      	b.n	100078c8 <vendord_xfer_cb+0x2c>
100078c6:	bf00      	nop
100078c8:	4c17      	ldr	r4, [pc, #92]	@ (10007928 <vendord_xfer_cb+0x8c>)
100078ca:	0030      	movs	r0, r6
100078cc:	0021      	movs	r1, r4
100078ce:	f000 f961 	bl	10007b94 <tu_edpt_stream_write_xfer>
100078d2:	2800      	cmp	r0, #0
100078d4:	d01d      	beq.n	10007912 <vendord_xfer_cb+0x76>
100078d6:	2001      	movs	r0, #1
100078d8:	e7ed      	b.n	100078b6 <vendord_xfer_cb+0x1a>
100078da:	239a      	movs	r3, #154	@ 0x9a
100078dc:	005b      	lsls	r3, r3, #1
100078de:	5ac3      	ldrh	r3, [r0, r3]
100078e0:	2b00      	cmp	r3, #0
100078e2:	d10d      	bne.n	10007900 <vendord_xfer_cb+0x64>
100078e4:	4b11      	ldr	r3, [pc, #68]	@ (1000792c <vendord_xfer_cb+0x90>)
100078e6:	2b00      	cmp	r3, #0
100078e8:	d004      	beq.n	100078f4 <vendord_xfer_cb+0x58>
100078ea:	2000      	movs	r0, #0
100078ec:	4910      	ldr	r1, [pc, #64]	@ (10007930 <vendord_xfer_cb+0x94>)
100078ee:	b2ba      	uxth	r2, r7
100078f0:	e000      	b.n	100078f4 <vendord_xfer_cb+0x58>
100078f2:	bf00      	nop
100078f4:	0030      	movs	r0, r6
100078f6:	490f      	ldr	r1, [pc, #60]	@ (10007934 <vendord_xfer_cb+0x98>)
100078f8:	f000 f980 	bl	10007bfc <tu_edpt_stream_read_xfer>
100078fc:	2001      	movs	r0, #1
100078fe:	e7da      	b.n	100078b6 <vendord_xfer_cb+0x1a>
10007900:	2396      	movs	r3, #150	@ 0x96
10007902:	005b      	lsls	r3, r3, #1
10007904:	58c1      	ldr	r1, [r0, r3]
10007906:	3031      	adds	r0, #49	@ 0x31
10007908:	b2ba      	uxth	r2, r7
1000790a:	30ff      	adds	r0, #255	@ 0xff
1000790c:	f000 fb60 	bl	10007fd0 <tu_fifo_write_n>
10007910:	e7e8      	b.n	100078e4 <vendord_xfer_cb+0x48>
10007912:	003a      	movs	r2, r7
10007914:	0021      	movs	r1, r4
10007916:	0030      	movs	r0, r6
10007918:	f000 f908 	bl	10007b2c <tu_edpt_stream_write_zlp_if_needed>
1000791c:	2001      	movs	r0, #1
1000791e:	e7ca      	b.n	100078b6 <vendord_xfer_cb+0x1a>
10007920:	200017cc 	.word	0x200017cc
10007924:	00000000 	.word	0x00000000
10007928:	200017d0 	.word	0x200017d0
1000792c:	00000000 	.word	0x00000000
10007930:	2000174c 	.word	0x2000174c
10007934:	200018f4 	.word	0x200018f4

10007938 <tusb_rhport_init>:
10007938:	b500      	push	{lr}
1000793a:	0003      	movs	r3, r0
1000793c:	b083      	sub	sp, #12
1000793e:	2900      	cmp	r1, #0
10007940:	d010      	beq.n	10007964 <tusb_rhport_init+0x2c>
10007942:	2000      	movs	r0, #0
10007944:	2b01      	cmp	r3, #1
10007946:	d807      	bhi.n	10007958 <tusb_rhport_init+0x20>
10007948:	780a      	ldrb	r2, [r1, #0]
1000794a:	2a00      	cmp	r2, #0
1000794c:	d004      	beq.n	10007958 <tusb_rhport_init+0x20>
1000794e:	480c      	ldr	r0, [pc, #48]	@ (10007980 <tusb_rhport_init+0x48>)
10007950:	54c2      	strb	r2, [r0, r3]
10007952:	2001      	movs	r0, #1
10007954:	2a01      	cmp	r2, #1
10007956:	d001      	beq.n	1000795c <tusb_rhport_init+0x24>
10007958:	b003      	add	sp, #12
1000795a:	bd00      	pop	{pc}
1000795c:	0018      	movs	r0, r3
1000795e:	f7fe fdd5 	bl	1000650c <tud_rhport_init>
10007962:	e7f9      	b.n	10007958 <tusb_rhport_init+0x20>
10007964:	2301      	movs	r3, #1
10007966:	466a      	mov	r2, sp
10007968:	2000      	movs	r0, #0
1000796a:	a901      	add	r1, sp, #4
1000796c:	8093      	strh	r3, [r2, #4]
1000796e:	f7fe fdcd 	bl	1000650c <tud_rhport_init>
10007972:	2800      	cmp	r0, #0
10007974:	d0f0      	beq.n	10007958 <tusb_rhport_init+0x20>
10007976:	2201      	movs	r2, #1
10007978:	4b01      	ldr	r3, [pc, #4]	@ (10007980 <tusb_rhport_init+0x48>)
1000797a:	701a      	strb	r2, [r3, #0]
1000797c:	e7ec      	b.n	10007958 <tusb_rhport_init+0x20>
1000797e:	46c0      	nop			@ (mov r8, r8)
10007980:	20001624 	.word	0x20001624

10007984 <tu_edpt_claim>:
10007984:	7803      	ldrb	r3, [r0, #0]
10007986:	b570      	push	{r4, r5, r6, lr}
10007988:	07db      	lsls	r3, r3, #31
1000798a:	0004      	movs	r4, r0
1000798c:	000e      	movs	r6, r1
1000798e:	0fdd      	lsrs	r5, r3, #31
10007990:	2b00      	cmp	r3, #0
10007992:	d117      	bne.n	100079c4 <tu_edpt_claim+0x40>
10007994:	7803      	ldrb	r3, [r0, #0]
10007996:	075b      	lsls	r3, r3, #29
10007998:	d501      	bpl.n	1000799e <tu_edpt_claim+0x1a>
1000799a:	0028      	movs	r0, r5
1000799c:	bd70      	pop	{r4, r5, r6, pc}
1000799e:	2101      	movs	r1, #1
100079a0:	0030      	movs	r0, r6
100079a2:	4249      	negs	r1, r1
100079a4:	f000 fdd8 	bl	10008558 <__mutex_enter_timeout_ms_veneer>
100079a8:	7823      	ldrb	r3, [r4, #0]
100079aa:	07db      	lsls	r3, r3, #31
100079ac:	0fdd      	lsrs	r5, r3, #31
100079ae:	2b00      	cmp	r3, #0
100079b0:	d10a      	bne.n	100079c8 <tu_edpt_claim+0x44>
100079b2:	7823      	ldrb	r3, [r4, #0]
100079b4:	075b      	lsls	r3, r3, #29
100079b6:	d408      	bmi.n	100079ca <tu_edpt_claim+0x46>
100079b8:	2204      	movs	r2, #4
100079ba:	7823      	ldrb	r3, [r4, #0]
100079bc:	2501      	movs	r5, #1
100079be:	4313      	orrs	r3, r2
100079c0:	7023      	strb	r3, [r4, #0]
100079c2:	e002      	b.n	100079ca <tu_edpt_claim+0x46>
100079c4:	2500      	movs	r5, #0
100079c6:	e7e8      	b.n	1000799a <tu_edpt_claim+0x16>
100079c8:	2500      	movs	r5, #0
100079ca:	0030      	movs	r0, r6
100079cc:	f000 fd9c 	bl	10008508 <__mutex_exit_veneer>
100079d0:	e7e3      	b.n	1000799a <tu_edpt_claim+0x16>
100079d2:	46c0      	nop			@ (mov r8, r8)

100079d4 <tu_edpt_release>:
100079d4:	b570      	push	{r4, r5, r6, lr}
100079d6:	000c      	movs	r4, r1
100079d8:	2101      	movs	r1, #1
100079da:	0006      	movs	r6, r0
100079dc:	4249      	negs	r1, r1
100079de:	0020      	movs	r0, r4
100079e0:	f000 fdba 	bl	10008558 <__mutex_enter_timeout_ms_veneer>
100079e4:	7833      	ldrb	r3, [r6, #0]
100079e6:	075b      	lsls	r3, r3, #29
100079e8:	0fdd      	lsrs	r5, r3, #31
100079ea:	2b00      	cmp	r3, #0
100079ec:	db04      	blt.n	100079f8 <tu_edpt_release+0x24>
100079ee:	0020      	movs	r0, r4
100079f0:	f000 fd8a 	bl	10008508 <__mutex_exit_veneer>
100079f4:	0028      	movs	r0, r5
100079f6:	bd70      	pop	{r4, r5, r6, pc}
100079f8:	7833      	ldrb	r3, [r6, #0]
100079fa:	07db      	lsls	r3, r3, #31
100079fc:	d404      	bmi.n	10007a08 <tu_edpt_release+0x34>
100079fe:	2204      	movs	r2, #4
10007a00:	7833      	ldrb	r3, [r6, #0]
10007a02:	4393      	bics	r3, r2
10007a04:	7033      	strb	r3, [r6, #0]
10007a06:	e7f2      	b.n	100079ee <tu_edpt_release+0x1a>
10007a08:	2500      	movs	r5, #0
10007a0a:	e7f0      	b.n	100079ee <tu_edpt_release+0x1a>

10007a0c <tu_edpt_validate>:
10007a0c:	7943      	ldrb	r3, [r0, #5]
10007a0e:	7902      	ldrb	r2, [r0, #4]
10007a10:	021b      	lsls	r3, r3, #8
10007a12:	4313      	orrs	r3, r2
10007a14:	78c2      	ldrb	r2, [r0, #3]
10007a16:	055b      	lsls	r3, r3, #21
10007a18:	0792      	lsls	r2, r2, #30
10007a1a:	0d5b      	lsrs	r3, r3, #21
10007a1c:	0f92      	lsrs	r2, r2, #30
10007a1e:	2a02      	cmp	r2, #2
10007a20:	d01d      	beq.n	10007a5e <tu_edpt_validate+0x52>
10007a22:	2a03      	cmp	r2, #3
10007a24:	d00c      	beq.n	10007a40 <tu_edpt_validate+0x34>
10007a26:	2000      	movs	r0, #0
10007a28:	2a01      	cmp	r2, #1
10007a2a:	d108      	bne.n	10007a3e <tu_edpt_validate+0x32>
10007a2c:	3902      	subs	r1, #2
10007a2e:	424a      	negs	r2, r1
10007a30:	4151      	adcs	r1, r2
10007a32:	4a12      	ldr	r2, [pc, #72]	@ (10007a7c <tu_edpt_validate+0x70>)
10007a34:	4694      	mov	ip, r2
10007a36:	4461      	add	r1, ip
10007a38:	4299      	cmp	r1, r3
10007a3a:	4140      	adcs	r0, r0
10007a3c:	b2c0      	uxtb	r0, r0
10007a3e:	4770      	bx	lr
10007a40:	3902      	subs	r1, #2
10007a42:	1e4a      	subs	r2, r1, #1
10007a44:	4191      	sbcs	r1, r2
10007a46:	4a0e      	ldr	r2, [pc, #56]	@ (10007a80 <tu_edpt_validate+0x74>)
10007a48:	4249      	negs	r1, r1
10007a4a:	4011      	ands	r1, r2
10007a4c:	2280      	movs	r2, #128	@ 0x80
10007a4e:	00d2      	lsls	r2, r2, #3
10007a50:	4694      	mov	ip, r2
10007a52:	2000      	movs	r0, #0
10007a54:	4461      	add	r1, ip
10007a56:	4299      	cmp	r1, r3
10007a58:	4140      	adcs	r0, r0
10007a5a:	b2c0      	uxtb	r0, r0
10007a5c:	e7ef      	b.n	10007a3e <tu_edpt_validate+0x32>
10007a5e:	2902      	cmp	r1, #2
10007a60:	d005      	beq.n	10007a6e <tu_edpt_validate+0x62>
10007a62:	2000      	movs	r0, #0
10007a64:	2240      	movs	r2, #64	@ 0x40
10007a66:	429a      	cmp	r2, r3
10007a68:	4140      	adcs	r0, r0
10007a6a:	b2c0      	uxtb	r0, r0
10007a6c:	e7e7      	b.n	10007a3e <tu_edpt_validate+0x32>
10007a6e:	4a05      	ldr	r2, [pc, #20]	@ (10007a84 <tu_edpt_validate+0x78>)
10007a70:	1898      	adds	r0, r3, r2
10007a72:	4243      	negs	r3, r0
10007a74:	4158      	adcs	r0, r3
10007a76:	b2c0      	uxtb	r0, r0
10007a78:	e7e1      	b.n	10007a3e <tu_edpt_validate+0x32>
10007a7a:	46c0      	nop			@ (mov r8, r8)
10007a7c:	000003ff 	.word	0x000003ff
10007a80:	fffffc40 	.word	0xfffffc40
10007a84:	fffffe00 	.word	0xfffffe00

10007a88 <tu_edpt_bind_driver>:
10007a88:	188a      	adds	r2, r1, r2
10007a8a:	b570      	push	{r4, r5, r6, lr}
10007a8c:	4291      	cmp	r1, r2
10007a8e:	d207      	bcs.n	10007aa0 <tu_edpt_bind_driver+0x18>
10007a90:	267f      	movs	r6, #127	@ 0x7f
10007a92:	784c      	ldrb	r4, [r1, #1]
10007a94:	2c05      	cmp	r4, #5
10007a96:	d004      	beq.n	10007aa2 <tu_edpt_bind_driver+0x1a>
10007a98:	780c      	ldrb	r4, [r1, #0]
10007a9a:	1909      	adds	r1, r1, r4
10007a9c:	428a      	cmp	r2, r1
10007a9e:	d8f8      	bhi.n	10007a92 <tu_edpt_bind_driver+0xa>
10007aa0:	bd70      	pop	{r4, r5, r6, pc}
10007aa2:	0034      	movs	r4, r6
10007aa4:	788d      	ldrb	r5, [r1, #2]
10007aa6:	402c      	ands	r4, r5
10007aa8:	0064      	lsls	r4, r4, #1
10007aaa:	1904      	adds	r4, r0, r4
10007aac:	09ed      	lsrs	r5, r5, #7
10007aae:	5563      	strb	r3, [r4, r5]
10007ab0:	780c      	ldrb	r4, [r1, #0]
10007ab2:	1909      	adds	r1, r1, r4
10007ab4:	428a      	cmp	r2, r1
10007ab6:	d8ec      	bhi.n	10007a92 <tu_edpt_bind_driver+0xa>
10007ab8:	e7f2      	b.n	10007aa0 <tu_edpt_bind_driver+0x18>
10007aba:	46c0      	nop			@ (mov r8, r8)

10007abc <tu_edpt_stream_init>:
10007abc:	b5f0      	push	{r4, r5, r6, r7, lr}
10007abe:	46c6      	mov	lr, r8
10007ac0:	b500      	push	{lr}
10007ac2:	b082      	sub	sp, #8
10007ac4:	0015      	movs	r5, r2
10007ac6:	aa08      	add	r2, sp, #32
10007ac8:	ca40      	ldmia	r2!, {r6}
10007aca:	0004      	movs	r4, r0
10007acc:	8817      	ldrh	r7, [r2, #0]
10007ace:	466a      	mov	r2, sp
10007ad0:	8d92      	ldrh	r2, [r2, #44]	@ 0x2c
10007ad2:	2001      	movs	r0, #1
10007ad4:	4690      	mov	r8, r2
10007ad6:	000a      	movs	r2, r1
10007ad8:	7821      	ldrb	r1, [r4, #0]
10007ada:	4002      	ands	r2, r0
10007adc:	4381      	bics	r1, r0
10007ade:	0020      	movs	r0, r4
10007ae0:	4311      	orrs	r1, r2
10007ae2:	7021      	strb	r1, [r4, #0]
10007ae4:	003a      	movs	r2, r7
10007ae6:	9300      	str	r3, [sp, #0]
10007ae8:	0031      	movs	r1, r6
10007aea:	2301      	movs	r3, #1
10007aec:	3008      	adds	r0, #8
10007aee:	f000 f8f1 	bl	10007cd4 <tu_fifo_config>
10007af2:	2e00      	cmp	r6, #0
10007af4:	d001      	beq.n	10007afa <tu_edpt_stream_init+0x3e>
10007af6:	2f00      	cmp	r7, #0
10007af8:	d108      	bne.n	10007b0c <tu_edpt_stream_init+0x50>
10007afa:	9b0a      	ldr	r3, [sp, #40]	@ 0x28
10007afc:	2001      	movs	r0, #1
10007afe:	6063      	str	r3, [r4, #4]
10007b00:	4643      	mov	r3, r8
10007b02:	8063      	strh	r3, [r4, #2]
10007b04:	b002      	add	sp, #8
10007b06:	bc80      	pop	{r7}
10007b08:	46b8      	mov	r8, r7
10007b0a:	bdf0      	pop	{r4, r5, r6, r7, pc}
10007b0c:	0026      	movs	r6, r4
10007b0e:	361c      	adds	r6, #28
10007b10:	0030      	movs	r0, r6
10007b12:	f7fa f953 	bl	10001dbc <mutex_init>
10007b16:	2300      	movs	r3, #0
10007b18:	2d00      	cmp	r5, #0
10007b1a:	d001      	beq.n	10007b20 <tu_edpt_stream_init+0x64>
10007b1c:	0033      	movs	r3, r6
10007b1e:	2600      	movs	r6, #0
10007b20:	6163      	str	r3, [r4, #20]
10007b22:	61a6      	str	r6, [r4, #24]
10007b24:	e7e9      	b.n	10007afa <tu_edpt_stream_init+0x3e>
10007b26:	46c0      	nop			@ (mov r8, r8)

10007b28 <tu_edpt_stream_deinit>:
10007b28:	2001      	movs	r0, #1
10007b2a:	4770      	bx	lr

10007b2c <tu_edpt_stream_write_zlp_if_needed>:
10007b2c:	b5f8      	push	{r3, r4, r5, r6, r7, lr}
10007b2e:	2402      	movs	r4, #2
10007b30:	780b      	ldrb	r3, [r1, #0]
10007b32:	0007      	movs	r7, r0
10007b34:	401c      	ands	r4, r3
10007b36:	4263      	negs	r3, r4
10007b38:	415c      	adcs	r4, r3
10007b3a:	4b14      	ldr	r3, [pc, #80]	@ (10007b8c <tu_edpt_stream_write_zlp_if_needed+0x60>)
10007b3c:	4264      	negs	r4, r4
10007b3e:	401c      	ands	r4, r3
10007b40:	4b13      	ldr	r3, [pc, #76]	@ (10007b90 <tu_edpt_stream_write_zlp_if_needed+0x64>)
10007b42:	0008      	movs	r0, r1
10007b44:	469c      	mov	ip, r3
10007b46:	3008      	adds	r0, #8
10007b48:	000d      	movs	r5, r1
10007b4a:	0016      	movs	r6, r2
10007b4c:	4464      	add	r4, ip
10007b4e:	f000 f8f7 	bl	10007d40 <tu_fifo_count>
10007b52:	2800      	cmp	r0, #0
10007b54:	d107      	bne.n	10007b66 <tu_edpt_stream_write_zlp_if_needed+0x3a>
10007b56:	2e00      	cmp	r6, #0
10007b58:	d005      	beq.n	10007b66 <tu_edpt_stream_write_zlp_if_needed+0x3a>
10007b5a:	4234      	tst	r4, r6
10007b5c:	d103      	bne.n	10007b66 <tu_edpt_stream_write_zlp_if_needed+0x3a>
10007b5e:	2401      	movs	r4, #1
10007b60:	782b      	ldrb	r3, [r5, #0]
10007b62:	421c      	tst	r4, r3
10007b64:	d001      	beq.n	10007b6a <tu_edpt_stream_write_zlp_if_needed+0x3e>
10007b66:	2000      	movs	r0, #0
10007b68:	bdf8      	pop	{r3, r4, r5, r6, r7, pc}
10007b6a:	0038      	movs	r0, r7
10007b6c:	7869      	ldrb	r1, [r5, #1]
10007b6e:	f7ff f9af 	bl	10006ed0 <usbd_edpt_claim>
10007b72:	2800      	cmp	r0, #0
10007b74:	d0f7      	beq.n	10007b66 <tu_edpt_stream_write_zlp_if_needed+0x3a>
10007b76:	782b      	ldrb	r3, [r5, #0]
10007b78:	421c      	tst	r4, r3
10007b7a:	d1f4      	bne.n	10007b66 <tu_edpt_stream_write_zlp_if_needed+0x3a>
10007b7c:	2300      	movs	r3, #0
10007b7e:	2200      	movs	r2, #0
10007b80:	0038      	movs	r0, r7
10007b82:	7869      	ldrb	r1, [r5, #1]
10007b84:	f7ff f9cc 	bl	10006f20 <usbd_edpt_xfer>
10007b88:	e7ee      	b.n	10007b68 <tu_edpt_stream_write_zlp_if_needed+0x3c>
10007b8a:	46c0      	nop			@ (mov r8, r8)
10007b8c:	fffffe40 	.word	0xfffffe40
10007b90:	000001ff 	.word	0x000001ff

10007b94 <tu_edpt_stream_write_xfer>:
10007b94:	b5f8      	push	{r3, r4, r5, r6, r7, lr}
10007b96:	000d      	movs	r5, r1
10007b98:	3508      	adds	r5, #8
10007b9a:	0006      	movs	r6, r0
10007b9c:	0028      	movs	r0, r5
10007b9e:	000c      	movs	r4, r1
10007ba0:	f000 f8ce 	bl	10007d40 <tu_fifo_count>
10007ba4:	2800      	cmp	r0, #0
10007ba6:	d003      	beq.n	10007bb0 <tu_edpt_stream_write_xfer+0x1c>
10007ba8:	2701      	movs	r7, #1
10007baa:	7823      	ldrb	r3, [r4, #0]
10007bac:	421f      	tst	r7, r3
10007bae:	d001      	beq.n	10007bb4 <tu_edpt_stream_write_xfer+0x20>
10007bb0:	2000      	movs	r0, #0
10007bb2:	bdf8      	pop	{r3, r4, r5, r6, r7, pc}
10007bb4:	0030      	movs	r0, r6
10007bb6:	7861      	ldrb	r1, [r4, #1]
10007bb8:	f7ff f98a 	bl	10006ed0 <usbd_edpt_claim>
10007bbc:	2800      	cmp	r0, #0
10007bbe:	d0f7      	beq.n	10007bb0 <tu_edpt_stream_write_xfer+0x1c>
10007bc0:	0028      	movs	r0, r5
10007bc2:	8862      	ldrh	r2, [r4, #2]
10007bc4:	6861      	ldr	r1, [r4, #4]
10007bc6:	f000 f93d 	bl	10007e44 <tu_fifo_read_n>
10007bca:	7823      	ldrb	r3, [r4, #0]
10007bcc:	0005      	movs	r5, r0
10007bce:	401f      	ands	r7, r3
10007bd0:	2800      	cmp	r0, #0
10007bd2:	d00b      	beq.n	10007bec <tu_edpt_stream_write_xfer+0x58>
10007bd4:	2f00      	cmp	r7, #0
10007bd6:	d1eb      	bne.n	10007bb0 <tu_edpt_stream_write_xfer+0x1c>
10007bd8:	0003      	movs	r3, r0
10007bda:	6862      	ldr	r2, [r4, #4]
10007bdc:	0030      	movs	r0, r6
10007bde:	7861      	ldrb	r1, [r4, #1]
10007be0:	f7ff f99e 	bl	10006f20 <usbd_edpt_xfer>
10007be4:	2800      	cmp	r0, #0
10007be6:	d0e3      	beq.n	10007bb0 <tu_edpt_stream_write_xfer+0x1c>
10007be8:	0028      	movs	r0, r5
10007bea:	e7e2      	b.n	10007bb2 <tu_edpt_stream_write_xfer+0x1e>
10007bec:	2f00      	cmp	r7, #0
10007bee:	d1df      	bne.n	10007bb0 <tu_edpt_stream_write_xfer+0x1c>
10007bf0:	0030      	movs	r0, r6
10007bf2:	7861      	ldrb	r1, [r4, #1]
10007bf4:	f7ff f980 	bl	10006ef8 <usbd_edpt_release>
10007bf8:	e7da      	b.n	10007bb0 <tu_edpt_stream_write_xfer+0x1c>
10007bfa:	46c0      	nop			@ (mov r8, r8)

10007bfc <tu_edpt_stream_read_xfer>:
10007bfc:	b5f8      	push	{r3, r4, r5, r6, r7, lr}
10007bfe:	46ce      	mov	lr, r9
10007c00:	4647      	mov	r7, r8
10007c02:	b580      	push	{r7, lr}
10007c04:	898a      	ldrh	r2, [r1, #12]
10007c06:	0006      	movs	r6, r0
10007c08:	000c      	movs	r4, r1
10007c0a:	780b      	ldrb	r3, [r1, #0]
10007c0c:	2a00      	cmp	r2, #0
10007c0e:	d107      	bne.n	10007c20 <tu_edpt_stream_read_xfer+0x24>
10007c10:	2501      	movs	r5, #1
10007c12:	421d      	tst	r5, r3
10007c14:	d040      	beq.n	10007c98 <tu_edpt_stream_read_xfer+0x9c>
10007c16:	2000      	movs	r0, #0
10007c18:	bcc0      	pop	{r6, r7}
10007c1a:	46b9      	mov	r9, r7
10007c1c:	46b0      	mov	r8, r6
10007c1e:	bdf8      	pop	{r3, r4, r5, r6, r7, pc}
10007c20:	079b      	lsls	r3, r3, #30
10007c22:	d433      	bmi.n	10007c8c <tu_edpt_stream_read_xfer+0x90>
10007c24:	4b2a      	ldr	r3, [pc, #168]	@ (10007cd0 <tu_edpt_stream_read_xfer+0xd4>)
10007c26:	2540      	movs	r5, #64	@ 0x40
10007c28:	4699      	mov	r9, r3
10007c2a:	0027      	movs	r7, r4
10007c2c:	3708      	adds	r7, #8
10007c2e:	0038      	movs	r0, r7
10007c30:	f000 f8a4 	bl	10007d7c <tu_fifo_remaining>
10007c34:	4285      	cmp	r5, r0
10007c36:	d8ee      	bhi.n	10007c16 <tu_edpt_stream_read_xfer+0x1a>
10007c38:	2201      	movs	r2, #1
10007c3a:	7823      	ldrb	r3, [r4, #0]
10007c3c:	4690      	mov	r8, r2
10007c3e:	421a      	tst	r2, r3
10007c40:	d1e9      	bne.n	10007c16 <tu_edpt_stream_read_xfer+0x1a>
10007c42:	0030      	movs	r0, r6
10007c44:	7861      	ldrb	r1, [r4, #1]
10007c46:	f7ff f943 	bl	10006ed0 <usbd_edpt_claim>
10007c4a:	2800      	cmp	r0, #0
10007c4c:	d0e3      	beq.n	10007c16 <tu_edpt_stream_read_xfer+0x1a>
10007c4e:	0038      	movs	r0, r7
10007c50:	f000 f894 	bl	10007d7c <tu_fifo_remaining>
10007c54:	4642      	mov	r2, r8
10007c56:	7823      	ldrb	r3, [r4, #0]
10007c58:	401a      	ands	r2, r3
10007c5a:	4285      	cmp	r5, r0
10007c5c:	d831      	bhi.n	10007cc2 <tu_edpt_stream_read_xfer+0xc6>
10007c5e:	2a00      	cmp	r2, #0
10007c60:	d1d9      	bne.n	10007c16 <tu_edpt_stream_read_xfer+0x1a>
10007c62:	464a      	mov	r2, r9
10007c64:	8863      	ldrh	r3, [r4, #2]
10007c66:	4002      	ands	r2, r0
10007c68:	1c1d      	adds	r5, r3, #0
10007c6a:	4293      	cmp	r3, r2
10007c6c:	d900      	bls.n	10007c70 <tu_edpt_stream_read_xfer+0x74>
10007c6e:	1c15      	adds	r5, r2, #0
10007c70:	b2ad      	uxth	r5, r5
10007c72:	2200      	movs	r2, #0
10007c74:	7861      	ldrb	r1, [r4, #1]
10007c76:	2d00      	cmp	r5, #0
10007c78:	d000      	beq.n	10007c7c <tu_edpt_stream_read_xfer+0x80>
10007c7a:	6862      	ldr	r2, [r4, #4]
10007c7c:	002b      	movs	r3, r5
10007c7e:	0030      	movs	r0, r6
10007c80:	f7ff f94e 	bl	10006f20 <usbd_edpt_xfer>
10007c84:	2800      	cmp	r0, #0
10007c86:	d0c6      	beq.n	10007c16 <tu_edpt_stream_read_xfer+0x1a>
10007c88:	0028      	movs	r0, r5
10007c8a:	e7c5      	b.n	10007c18 <tu_edpt_stream_read_xfer+0x1c>
10007c8c:	23fe      	movs	r3, #254	@ 0xfe
10007c8e:	2580      	movs	r5, #128	@ 0x80
10007c90:	021b      	lsls	r3, r3, #8
10007c92:	4699      	mov	r9, r3
10007c94:	00ad      	lsls	r5, r5, #2
10007c96:	e7c8      	b.n	10007c2a <tu_edpt_stream_read_xfer+0x2e>
10007c98:	7849      	ldrb	r1, [r1, #1]
10007c9a:	f7ff f919 	bl	10006ed0 <usbd_edpt_claim>
10007c9e:	2800      	cmp	r0, #0
10007ca0:	d0b9      	beq.n	10007c16 <tu_edpt_stream_read_xfer+0x1a>
10007ca2:	7823      	ldrb	r3, [r4, #0]
10007ca4:	421d      	tst	r5, r3
10007ca6:	d1b6      	bne.n	10007c16 <tu_edpt_stream_read_xfer+0x1a>
10007ca8:	8863      	ldrh	r3, [r4, #2]
10007caa:	2200      	movs	r2, #0
10007cac:	7861      	ldrb	r1, [r4, #1]
10007cae:	2b00      	cmp	r3, #0
10007cb0:	d000      	beq.n	10007cb4 <tu_edpt_stream_read_xfer+0xb8>
10007cb2:	6862      	ldr	r2, [r4, #4]
10007cb4:	0030      	movs	r0, r6
10007cb6:	f7ff f933 	bl	10006f20 <usbd_edpt_xfer>
10007cba:	2800      	cmp	r0, #0
10007cbc:	d0ab      	beq.n	10007c16 <tu_edpt_stream_read_xfer+0x1a>
10007cbe:	8860      	ldrh	r0, [r4, #2]
10007cc0:	e7aa      	b.n	10007c18 <tu_edpt_stream_read_xfer+0x1c>
10007cc2:	2a00      	cmp	r2, #0
10007cc4:	d1a7      	bne.n	10007c16 <tu_edpt_stream_read_xfer+0x1a>
10007cc6:	0030      	movs	r0, r6
10007cc8:	7861      	ldrb	r1, [r4, #1]
10007cca:	f7ff f915 	bl	10006ef8 <usbd_edpt_release>
10007cce:	e7a2      	b.n	10007c16 <tu_edpt_stream_read_xfer+0x1a>
10007cd0:	0000ffc0 	.word	0x0000ffc0

10007cd4 <tu_fifo_config>:
10007cd4:	b5f0      	push	{r4, r5, r6, r7, lr}
10007cd6:	46c6      	mov	lr, r8
10007cd8:	b500      	push	{lr}
10007cda:	0004      	movs	r4, r0
10007cdc:	4668      	mov	r0, sp
10007cde:	7e05      	ldrb	r5, [r0, #24]
10007ce0:	2080      	movs	r0, #128	@ 0x80
10007ce2:	4688      	mov	r8, r1
10007ce4:	0017      	movs	r7, r2
10007ce6:	001e      	movs	r6, r3
10007ce8:	0200      	lsls	r0, r0, #8
10007cea:	4282      	cmp	r2, r0
10007cec:	d826      	bhi.n	10007d3c <tu_fifo_config+0x68>
10007cee:	68e0      	ldr	r0, [r4, #12]
10007cf0:	2800      	cmp	r0, #0
10007cf2:	d003      	beq.n	10007cfc <tu_fifo_config+0x28>
10007cf4:	2101      	movs	r1, #1
10007cf6:	4249      	negs	r1, r1
10007cf8:	f000 fc2e 	bl	10008558 <__mutex_enter_timeout_ms_veneer>
10007cfc:	6920      	ldr	r0, [r4, #16]
10007cfe:	2800      	cmp	r0, #0
10007d00:	d003      	beq.n	10007d0a <tu_fifo_config+0x36>
10007d02:	2101      	movs	r1, #1
10007d04:	4249      	negs	r1, r1
10007d06:	f000 fc27 	bl	10008558 <__mutex_enter_timeout_ms_veneer>
10007d0a:	4643      	mov	r3, r8
10007d0c:	6023      	str	r3, [r4, #0]
10007d0e:	0473      	lsls	r3, r6, #17
10007d10:	0c5b      	lsrs	r3, r3, #17
10007d12:	03ed      	lsls	r5, r5, #15
10007d14:	431d      	orrs	r5, r3
10007d16:	2300      	movs	r3, #0
10007d18:	68e0      	ldr	r0, [r4, #12]
10007d1a:	8163      	strh	r3, [r4, #10]
10007d1c:	80a7      	strh	r7, [r4, #4]
10007d1e:	80e5      	strh	r5, [r4, #6]
10007d20:	8123      	strh	r3, [r4, #8]
10007d22:	2800      	cmp	r0, #0
10007d24:	d001      	beq.n	10007d2a <tu_fifo_config+0x56>
10007d26:	f000 fbef 	bl	10008508 <__mutex_exit_veneer>
10007d2a:	6920      	ldr	r0, [r4, #16]
10007d2c:	2800      	cmp	r0, #0
10007d2e:	d001      	beq.n	10007d34 <tu_fifo_config+0x60>
10007d30:	f000 fbea 	bl	10008508 <__mutex_exit_veneer>
10007d34:	2001      	movs	r0, #1
10007d36:	bc80      	pop	{r7}
10007d38:	46b8      	mov	r8, r7
10007d3a:	bdf0      	pop	{r4, r5, r6, r7, pc}
10007d3c:	2000      	movs	r0, #0
10007d3e:	e7fa      	b.n	10007d36 <tu_fifo_config+0x62>

10007d40 <tu_fifo_count>:
10007d40:	b510      	push	{r4, lr}
10007d42:	8904      	ldrh	r4, [r0, #8]
10007d44:	8941      	ldrh	r1, [r0, #10]
10007d46:	8882      	ldrh	r2, [r0, #4]
10007d48:	b2a3      	uxth	r3, r4
10007d4a:	b288      	uxth	r0, r1
10007d4c:	428c      	cmp	r4, r1
10007d4e:	d307      	bcc.n	10007d60 <tu_fifo_count+0x20>
10007d50:	1a1b      	subs	r3, r3, r0
10007d52:	b29b      	uxth	r3, r3
10007d54:	1c10      	adds	r0, r2, #0
10007d56:	429a      	cmp	r2, r3
10007d58:	d900      	bls.n	10007d5c <tu_fifo_count+0x1c>
10007d5a:	1c18      	adds	r0, r3, #0
10007d5c:	b280      	uxth	r0, r0
10007d5e:	bd10      	pop	{r4, pc}
10007d60:	0051      	lsls	r1, r2, #1
10007d62:	1a09      	subs	r1, r1, r0
10007d64:	185b      	adds	r3, r3, r1
10007d66:	b29b      	uxth	r3, r3
10007d68:	e7f4      	b.n	10007d54 <tu_fifo_count+0x14>
10007d6a:	46c0      	nop			@ (mov r8, r8)

10007d6c <tu_fifo_empty>:
10007d6c:	8903      	ldrh	r3, [r0, #8]
10007d6e:	8940      	ldrh	r0, [r0, #10]
10007d70:	1a18      	subs	r0, r3, r0
10007d72:	4243      	negs	r3, r0
10007d74:	4158      	adcs	r0, r3
10007d76:	b2c0      	uxtb	r0, r0
10007d78:	4770      	bx	lr
10007d7a:	46c0      	nop			@ (mov r8, r8)

10007d7c <tu_fifo_remaining>:
10007d7c:	b510      	push	{r4, lr}
10007d7e:	8904      	ldrh	r4, [r0, #8]
10007d80:	8941      	ldrh	r1, [r0, #10]
10007d82:	8882      	ldrh	r2, [r0, #4]
10007d84:	b2a3      	uxth	r3, r4
10007d86:	b288      	uxth	r0, r1
10007d88:	428c      	cmp	r4, r1
10007d8a:	d307      	bcc.n	10007d9c <tu_fifo_remaining+0x20>
10007d8c:	1a1b      	subs	r3, r3, r0
10007d8e:	b29b      	uxth	r3, r3
10007d90:	2000      	movs	r0, #0
10007d92:	429a      	cmp	r2, r3
10007d94:	d901      	bls.n	10007d9a <tu_fifo_remaining+0x1e>
10007d96:	1ad2      	subs	r2, r2, r3
10007d98:	b290      	uxth	r0, r2
10007d9a:	bd10      	pop	{r4, pc}
10007d9c:	0051      	lsls	r1, r2, #1
10007d9e:	1a09      	subs	r1, r1, r0
10007da0:	185b      	adds	r3, r3, r1
10007da2:	b29b      	uxth	r3, r3
10007da4:	e7f4      	b.n	10007d90 <tu_fifo_remaining+0x14>
10007da6:	46c0      	nop			@ (mov r8, r8)

10007da8 <tu_fifo_read>:
10007da8:	b570      	push	{r4, r5, r6, lr}
10007daa:	0004      	movs	r4, r0
10007dac:	6900      	ldr	r0, [r0, #16]
10007dae:	000e      	movs	r6, r1
10007db0:	2800      	cmp	r0, #0
10007db2:	d003      	beq.n	10007dbc <tu_fifo_read+0x14>
10007db4:	2101      	movs	r1, #1
10007db6:	4249      	negs	r1, r1
10007db8:	f000 fbce 	bl	10008558 <__mutex_enter_timeout_ms_veneer>
10007dbc:	8925      	ldrh	r5, [r4, #8]
10007dbe:	8960      	ldrh	r0, [r4, #10]
10007dc0:	88a2      	ldrh	r2, [r4, #4]
10007dc2:	b2a9      	uxth	r1, r5
10007dc4:	b283      	uxth	r3, r0
10007dc6:	4285      	cmp	r5, r0
10007dc8:	d332      	bcc.n	10007e30 <tu_fifo_read+0x88>
10007dca:	1acd      	subs	r5, r1, r3
10007dcc:	b2ad      	uxth	r5, r5
10007dce:	2d00      	cmp	r5, #0
10007dd0:	d028      	beq.n	10007e24 <tu_fifo_read+0x7c>
10007dd2:	42aa      	cmp	r2, r5
10007dd4:	d208      	bcs.n	10007de8 <tu_fifo_read+0x40>
10007dd6:	4291      	cmp	r1, r2
10007dd8:	d32f      	bcc.n	10007e3a <tu_fifo_read+0x92>
10007dda:	1a89      	subs	r1, r1, r2
10007ddc:	b28b      	uxth	r3, r1
10007dde:	8163      	strh	r3, [r4, #10]
10007de0:	429a      	cmp	r2, r3
10007de2:	d803      	bhi.n	10007dec <tu_fifo_read+0x44>
10007de4:	1a9b      	subs	r3, r3, r2
10007de6:	b29b      	uxth	r3, r3
10007de8:	429a      	cmp	r2, r3
10007dea:	d9fb      	bls.n	10007de4 <tu_fifo_read+0x3c>
10007dec:	88e2      	ldrh	r2, [r4, #6]
10007dee:	6821      	ldr	r1, [r4, #0]
10007df0:	0452      	lsls	r2, r2, #17
10007df2:	0c52      	lsrs	r2, r2, #17
10007df4:	4353      	muls	r3, r2
10007df6:	0030      	movs	r0, r6
10007df8:	18c9      	adds	r1, r1, r3
10007dfa:	f7fb ff5b 	bl	10003cb4 <__wrap___aeabi_memcpy>
10007dfe:	8963      	ldrh	r3, [r4, #10]
10007e00:	2501      	movs	r5, #1
10007e02:	1c59      	adds	r1, r3, #1
10007e04:	b289      	uxth	r1, r1
10007e06:	88a2      	ldrh	r2, [r4, #4]
10007e08:	428b      	cmp	r3, r1
10007e0a:	d90d      	bls.n	10007e28 <tu_fifo_read+0x80>
10007e0c:	2100      	movs	r1, #0
10007e0e:	0052      	lsls	r2, r2, #1
10007e10:	1a89      	subs	r1, r1, r2
10007e12:	b289      	uxth	r1, r1
10007e14:	6920      	ldr	r0, [r4, #16]
10007e16:	8161      	strh	r1, [r4, #10]
10007e18:	2800      	cmp	r0, #0
10007e1a:	d001      	beq.n	10007e20 <tu_fifo_read+0x78>
10007e1c:	f000 fb74 	bl	10008508 <__mutex_exit_veneer>
10007e20:	0028      	movs	r0, r5
10007e22:	bd70      	pop	{r4, r5, r6, pc}
10007e24:	8961      	ldrh	r1, [r4, #10]
10007e26:	b289      	uxth	r1, r1
10007e28:	0052      	lsls	r2, r2, #1
10007e2a:	4291      	cmp	r1, r2
10007e2c:	dbf2      	blt.n	10007e14 <tu_fifo_read+0x6c>
10007e2e:	e7ef      	b.n	10007e10 <tu_fifo_read+0x68>
10007e30:	0055      	lsls	r5, r2, #1
10007e32:	1aed      	subs	r5, r5, r3
10007e34:	194d      	adds	r5, r1, r5
10007e36:	b2ad      	uxth	r5, r5
10007e38:	e7c9      	b.n	10007dce <tu_fifo_read+0x26>
10007e3a:	1889      	adds	r1, r1, r2
10007e3c:	b28b      	uxth	r3, r1
10007e3e:	8163      	strh	r3, [r4, #10]
10007e40:	e7ce      	b.n	10007de0 <tu_fifo_read+0x38>
10007e42:	46c0      	nop			@ (mov r8, r8)

10007e44 <tu_fifo_read_n>:
10007e44:	b5f0      	push	{r4, r5, r6, r7, lr}
10007e46:	4646      	mov	r6, r8
10007e48:	464f      	mov	r7, r9
10007e4a:	46d6      	mov	lr, sl
10007e4c:	b5c0      	push	{r6, r7, lr}
10007e4e:	0006      	movs	r6, r0
10007e50:	6900      	ldr	r0, [r0, #16]
10007e52:	4689      	mov	r9, r1
10007e54:	4690      	mov	r8, r2
10007e56:	2800      	cmp	r0, #0
10007e58:	d003      	beq.n	10007e62 <tu_fifo_read_n+0x1e>
10007e5a:	2101      	movs	r1, #1
10007e5c:	4249      	negs	r1, r1
10007e5e:	f000 fb7b 	bl	10008558 <__mutex_enter_timeout_ms_veneer>
10007e62:	8931      	ldrh	r1, [r6, #8]
10007e64:	8972      	ldrh	r2, [r6, #10]
10007e66:	88b5      	ldrh	r5, [r6, #4]
10007e68:	b28b      	uxth	r3, r1
10007e6a:	b294      	uxth	r4, r2
10007e6c:	4291      	cmp	r1, r2
10007e6e:	d354      	bcc.n	10007f1a <tu_fifo_read_n+0xd6>
10007e70:	1b1f      	subs	r7, r3, r4
10007e72:	b2bf      	uxth	r7, r7
10007e74:	2f00      	cmp	r7, #0
10007e76:	d04a      	beq.n	10007f0e <tu_fifo_read_n+0xca>
10007e78:	42bd      	cmp	r5, r7
10007e7a:	d205      	bcs.n	10007e88 <tu_fifo_read_n+0x44>
10007e7c:	42ab      	cmp	r3, r5
10007e7e:	d251      	bcs.n	10007f24 <tu_fifo_read_n+0xe0>
10007e80:	195b      	adds	r3, r3, r5
10007e82:	b29c      	uxth	r4, r3
10007e84:	002f      	movs	r7, r5
10007e86:	8174      	strh	r4, [r6, #10]
10007e88:	4643      	mov	r3, r8
10007e8a:	45b8      	cmp	r8, r7
10007e8c:	d83d      	bhi.n	10007f0a <tu_fifo_read_n+0xc6>
10007e8e:	b29f      	uxth	r7, r3
10007e90:	42a5      	cmp	r5, r4
10007e92:	d803      	bhi.n	10007e9c <tu_fifo_read_n+0x58>
10007e94:	1b64      	subs	r4, r4, r5
10007e96:	b2a4      	uxth	r4, r4
10007e98:	42a5      	cmp	r5, r4
10007e9a:	d9fb      	bls.n	10007e94 <tu_fifo_read_n+0x50>
10007e9c:	88f2      	ldrh	r2, [r6, #6]
10007e9e:	6831      	ldr	r1, [r6, #0]
10007ea0:	0452      	lsls	r2, r2, #17
10007ea2:	0c52      	lsrs	r2, r2, #17
10007ea4:	4690      	mov	r8, r2
10007ea6:	4362      	muls	r2, r4
10007ea8:	1b2b      	subs	r3, r5, r4
10007eaa:	b29b      	uxth	r3, r3
10007eac:	1889      	adds	r1, r1, r2
10007eae:	4642      	mov	r2, r8
10007eb0:	429f      	cmp	r7, r3
10007eb2:	d925      	bls.n	10007f00 <tu_fifo_read_n+0xbc>
10007eb4:	4353      	muls	r3, r2
10007eb6:	b29b      	uxth	r3, r3
10007eb8:	001a      	movs	r2, r3
10007eba:	4648      	mov	r0, r9
10007ebc:	469a      	mov	sl, r3
10007ebe:	f7fb fef9 	bl	10003cb4 <__wrap___aeabi_memcpy>
10007ec2:	4643      	mov	r3, r8
10007ec4:	4648      	mov	r0, r9
10007ec6:	1b7d      	subs	r5, r7, r5
10007ec8:	1964      	adds	r4, r4, r5
10007eca:	435c      	muls	r4, r3
10007ecc:	6831      	ldr	r1, [r6, #0]
10007ece:	4450      	add	r0, sl
10007ed0:	b2a2      	uxth	r2, r4
10007ed2:	f7fb feef 	bl	10003cb4 <__wrap___aeabi_memcpy>
10007ed6:	8971      	ldrh	r1, [r6, #10]
10007ed8:	88b5      	ldrh	r5, [r6, #4]
10007eda:	19cb      	adds	r3, r1, r7
10007edc:	b29b      	uxth	r3, r3
10007ede:	006a      	lsls	r2, r5, #1
10007ee0:	4299      	cmp	r1, r3
10007ee2:	d916      	bls.n	10007f12 <tu_fifo_read_n+0xce>
10007ee4:	1a9b      	subs	r3, r3, r2
10007ee6:	b29b      	uxth	r3, r3
10007ee8:	6930      	ldr	r0, [r6, #16]
10007eea:	8173      	strh	r3, [r6, #10]
10007eec:	2800      	cmp	r0, #0
10007eee:	d001      	beq.n	10007ef4 <tu_fifo_read_n+0xb0>
10007ef0:	f000 fb0a 	bl	10008508 <__mutex_exit_veneer>
10007ef4:	0038      	movs	r0, r7
10007ef6:	bce0      	pop	{r5, r6, r7}
10007ef8:	46ba      	mov	sl, r7
10007efa:	46b1      	mov	r9, r6
10007efc:	46a8      	mov	r8, r5
10007efe:	bdf0      	pop	{r4, r5, r6, r7, pc}
10007f00:	4648      	mov	r0, r9
10007f02:	437a      	muls	r2, r7
10007f04:	f7fb fed6 	bl	10003cb4 <__wrap___aeabi_memcpy>
10007f08:	e7e5      	b.n	10007ed6 <tu_fifo_read_n+0x92>
10007f0a:	1c3b      	adds	r3, r7, #0
10007f0c:	e7bf      	b.n	10007e8e <tu_fifo_read_n+0x4a>
10007f0e:	8973      	ldrh	r3, [r6, #10]
10007f10:	b29b      	uxth	r3, r3
10007f12:	006a      	lsls	r2, r5, #1
10007f14:	4293      	cmp	r3, r2
10007f16:	dbe7      	blt.n	10007ee8 <tu_fifo_read_n+0xa4>
10007f18:	e7e4      	b.n	10007ee4 <tu_fifo_read_n+0xa0>
10007f1a:	006f      	lsls	r7, r5, #1
10007f1c:	1b3f      	subs	r7, r7, r4
10007f1e:	19df      	adds	r7, r3, r7
10007f20:	b2bf      	uxth	r7, r7
10007f22:	e7a7      	b.n	10007e74 <tu_fifo_read_n+0x30>
10007f24:	1b5b      	subs	r3, r3, r5
10007f26:	b29c      	uxth	r4, r3
10007f28:	e7ac      	b.n	10007e84 <tu_fifo_read_n+0x40>
10007f2a:	46c0      	nop			@ (mov r8, r8)

10007f2c <tu_fifo_write>:
10007f2c:	b5f8      	push	{r3, r4, r5, r6, r7, lr}
10007f2e:	0004      	movs	r4, r0
10007f30:	68c0      	ldr	r0, [r0, #12]
10007f32:	000e      	movs	r6, r1
10007f34:	2800      	cmp	r0, #0
10007f36:	d003      	beq.n	10007f40 <tu_fifo_write+0x14>
10007f38:	2101      	movs	r1, #1
10007f3a:	4249      	negs	r1, r1
10007f3c:	f000 fb0c 	bl	10008558 <__mutex_enter_timeout_ms_veneer>
10007f40:	8925      	ldrh	r5, [r4, #8]
10007f42:	8920      	ldrh	r0, [r4, #8]
10007f44:	8961      	ldrh	r1, [r4, #10]
10007f46:	88a2      	ldrh	r2, [r4, #4]
10007f48:	b2ad      	uxth	r5, r5
10007f4a:	b283      	uxth	r3, r0
10007f4c:	b28f      	uxth	r7, r1
10007f4e:	4288      	cmp	r0, r1
10007f50:	d329      	bcc.n	10007fa6 <tu_fifo_write+0x7a>
10007f52:	1bdb      	subs	r3, r3, r7
10007f54:	b29b      	uxth	r3, r3
10007f56:	429a      	cmp	r2, r3
10007f58:	d809      	bhi.n	10007f6e <tu_fifo_write+0x42>
10007f5a:	79e7      	ldrb	r7, [r4, #7]
10007f5c:	09ff      	lsrs	r7, r7, #7
10007f5e:	d106      	bne.n	10007f6e <tu_fifo_write+0x42>
10007f60:	68e0      	ldr	r0, [r4, #12]
10007f62:	2800      	cmp	r0, #0
10007f64:	d001      	beq.n	10007f6a <tu_fifo_write+0x3e>
10007f66:	f000 facf 	bl	10008508 <__mutex_exit_veneer>
10007f6a:	0038      	movs	r0, r7
10007f6c:	bdf8      	pop	{r3, r4, r5, r6, r7, pc}
10007f6e:	002b      	movs	r3, r5
10007f70:	4295      	cmp	r5, r2
10007f72:	d31d      	bcc.n	10007fb0 <tu_fifo_write+0x84>
10007f74:	1a9b      	subs	r3, r3, r2
10007f76:	b29b      	uxth	r3, r3
10007f78:	4293      	cmp	r3, r2
10007f7a:	d2fb      	bcs.n	10007f74 <tu_fifo_write+0x48>
10007f7c:	88e2      	ldrh	r2, [r4, #6]
10007f7e:	6820      	ldr	r0, [r4, #0]
10007f80:	0452      	lsls	r2, r2, #17
10007f82:	0c52      	lsrs	r2, r2, #17
10007f84:	4353      	muls	r3, r2
10007f86:	0031      	movs	r1, r6
10007f88:	18c0      	adds	r0, r0, r3
10007f8a:	f7fb fe93 	bl	10003cb4 <__wrap___aeabi_memcpy>
10007f8e:	1c6b      	adds	r3, r5, #1
10007f90:	b29b      	uxth	r3, r3
10007f92:	88a2      	ldrh	r2, [r4, #4]
10007f94:	429d      	cmp	r5, r3
10007f96:	d917      	bls.n	10007fc8 <tu_fifo_write+0x9c>
10007f98:	2300      	movs	r3, #0
10007f9a:	0052      	lsls	r2, r2, #1
10007f9c:	1a9b      	subs	r3, r3, r2
10007f9e:	b29b      	uxth	r3, r3
10007fa0:	2701      	movs	r7, #1
10007fa2:	8123      	strh	r3, [r4, #8]
10007fa4:	e7dc      	b.n	10007f60 <tu_fifo_write+0x34>
10007fa6:	0051      	lsls	r1, r2, #1
10007fa8:	1bc9      	subs	r1, r1, r7
10007faa:	185b      	adds	r3, r3, r1
10007fac:	b29b      	uxth	r3, r3
10007fae:	e7d2      	b.n	10007f56 <tu_fifo_write+0x2a>
10007fb0:	88e2      	ldrh	r2, [r4, #6]
10007fb2:	6820      	ldr	r0, [r4, #0]
10007fb4:	0452      	lsls	r2, r2, #17
10007fb6:	0c52      	lsrs	r2, r2, #17
10007fb8:	4353      	muls	r3, r2
10007fba:	0031      	movs	r1, r6
10007fbc:	18c0      	adds	r0, r0, r3
10007fbe:	f7fb fe79 	bl	10003cb4 <__wrap___aeabi_memcpy>
10007fc2:	3501      	adds	r5, #1
10007fc4:	88a2      	ldrh	r2, [r4, #4]
10007fc6:	b2ab      	uxth	r3, r5
10007fc8:	0052      	lsls	r2, r2, #1
10007fca:	4293      	cmp	r3, r2
10007fcc:	dbe8      	blt.n	10007fa0 <tu_fifo_write+0x74>
10007fce:	e7e5      	b.n	10007f9c <tu_fifo_write+0x70>

10007fd0 <tu_fifo_write_n>:
10007fd0:	b5f0      	push	{r4, r5, r6, r7, lr}
10007fd2:	464e      	mov	r6, r9
10007fd4:	4657      	mov	r7, sl
10007fd6:	46de      	mov	lr, fp
10007fd8:	4645      	mov	r5, r8
10007fda:	b5e0      	push	{r5, r6, r7, lr}
10007fdc:	4689      	mov	r9, r1
10007fde:	0006      	movs	r6, r0
10007fe0:	0017      	movs	r7, r2
10007fe2:	b083      	sub	sp, #12
10007fe4:	2a00      	cmp	r2, #0
10007fe6:	d067      	beq.n	100080b8 <tu_fifo_write_n+0xe8>
10007fe8:	68c0      	ldr	r0, [r0, #12]
10007fea:	2800      	cmp	r0, #0
10007fec:	d003      	beq.n	10007ff6 <tu_fifo_write_n+0x26>
10007fee:	2101      	movs	r1, #1
10007ff0:	4249      	negs	r1, r1
10007ff2:	f000 fab1 	bl	10008558 <__mutex_enter_timeout_ms_veneer>
10007ff6:	8933      	ldrh	r3, [r6, #8]
10007ff8:	79f2      	ldrb	r2, [r6, #7]
10007ffa:	b29b      	uxth	r3, r3
10007ffc:	4698      	mov	r8, r3
10007ffe:	8973      	ldrh	r3, [r6, #10]
10008000:	88b5      	ldrh	r5, [r6, #4]
10008002:	b29b      	uxth	r3, r3
10008004:	09d2      	lsrs	r2, r2, #7
10008006:	d140      	bne.n	1000808a <tu_fifo_write_n+0xba>
10008008:	4598      	cmp	r8, r3
1000800a:	d25e      	bcs.n	100080ca <tu_fifo_write_n+0xfa>
1000800c:	006a      	lsls	r2, r5, #1
1000800e:	1ad3      	subs	r3, r2, r3
10008010:	4443      	add	r3, r8
10008012:	b29b      	uxth	r3, r3
10008014:	42ab      	cmp	r3, r5
10008016:	d25d      	bcs.n	100080d4 <tu_fifo_write_n+0x104>
10008018:	1aeb      	subs	r3, r5, r3
1000801a:	1c1a      	adds	r2, r3, #0
1000801c:	b29b      	uxth	r3, r3
1000801e:	42bb      	cmp	r3, r7
10008020:	d900      	bls.n	10008024 <tu_fifo_write_n+0x54>
10008022:	1c3a      	adds	r2, r7, #0
10008024:	b297      	uxth	r7, r2
10008026:	1b7b      	subs	r3, r7, r5
10008028:	b29b      	uxth	r3, r3
1000802a:	9301      	str	r3, [sp, #4]
1000802c:	88f3      	ldrh	r3, [r6, #6]
1000802e:	045b      	lsls	r3, r3, #17
10008030:	0c5b      	lsrs	r3, r3, #17
10008032:	469a      	mov	sl, r3
10008034:	4643      	mov	r3, r8
10008036:	19db      	adds	r3, r3, r7
10008038:	b29b      	uxth	r3, r3
1000803a:	469b      	mov	fp, r3
1000803c:	4644      	mov	r4, r8
1000803e:	45a8      	cmp	r8, r5
10008040:	d303      	bcc.n	1000804a <tu_fifo_write_n+0x7a>
10008042:	1b64      	subs	r4, r4, r5
10008044:	b2a4      	uxth	r4, r4
10008046:	42ac      	cmp	r4, r5
10008048:	d2fb      	bcs.n	10008042 <tu_fifo_write_n+0x72>
1000804a:	4653      	mov	r3, sl
1000804c:	4363      	muls	r3, r4
1000804e:	6830      	ldr	r0, [r6, #0]
10008050:	1b2d      	subs	r5, r5, r4
10008052:	b2ad      	uxth	r5, r5
10008054:	18c0      	adds	r0, r0, r3
10008056:	42bd      	cmp	r5, r7
10008058:	d34b      	bcc.n	100080f2 <tu_fifo_write_n+0x122>
1000805a:	4652      	mov	r2, sl
1000805c:	4649      	mov	r1, r9
1000805e:	437a      	muls	r2, r7
10008060:	f7fb fe28 	bl	10003cb4 <__wrap___aeabi_memcpy>
10008064:	88b3      	ldrh	r3, [r6, #4]
10008066:	005b      	lsls	r3, r3, #1
10008068:	45d8      	cmp	r8, fp
1000806a:	d801      	bhi.n	10008070 <tu_fifo_write_n+0xa0>
1000806c:	459b      	cmp	fp, r3
1000806e:	db03      	blt.n	10008078 <tu_fifo_write_n+0xa8>
10008070:	465a      	mov	r2, fp
10008072:	1ad3      	subs	r3, r2, r3
10008074:	b29b      	uxth	r3, r3
10008076:	469b      	mov	fp, r3
10008078:	465b      	mov	r3, fp
1000807a:	003d      	movs	r5, r7
1000807c:	8133      	strh	r3, [r6, #8]
1000807e:	68f0      	ldr	r0, [r6, #12]
10008080:	2800      	cmp	r0, #0
10008082:	d01a      	beq.n	100080ba <tu_fifo_write_n+0xea>
10008084:	f000 fa40 	bl	10008508 <__mutex_exit_veneer>
10008088:	e017      	b.n	100080ba <tu_fifo_write_n+0xea>
1000808a:	88f2      	ldrh	r2, [r6, #6]
1000808c:	0452      	lsls	r2, r2, #17
1000808e:	0c52      	lsrs	r2, r2, #17
10008090:	4692      	mov	sl, r2
10008092:	42af      	cmp	r7, r5
10008094:	d220      	bcs.n	100080d8 <tu_fifo_write_n+0x108>
10008096:	4598      	cmp	r8, r3
10008098:	d34d      	bcc.n	10008136 <tu_fifo_write_n+0x166>
1000809a:	4642      	mov	r2, r8
1000809c:	1ad2      	subs	r2, r2, r3
1000809e:	b292      	uxth	r2, r2
100080a0:	0069      	lsls	r1, r5, #1
100080a2:	1b78      	subs	r0, r7, r5
100080a4:	b280      	uxth	r0, r0
100080a6:	19d2      	adds	r2, r2, r7
100080a8:	9001      	str	r0, [sp, #4]
100080aa:	428a      	cmp	r2, r1
100080ac:	da33      	bge.n	10008116 <tu_fifo_write_n+0x146>
100080ae:	4643      	mov	r3, r8
100080b0:	18fb      	adds	r3, r7, r3
100080b2:	b29b      	uxth	r3, r3
100080b4:	469b      	mov	fp, r3
100080b6:	e7c1      	b.n	1000803c <tu_fifo_write_n+0x6c>
100080b8:	2500      	movs	r5, #0
100080ba:	0028      	movs	r0, r5
100080bc:	b003      	add	sp, #12
100080be:	bcf0      	pop	{r4, r5, r6, r7}
100080c0:	46bb      	mov	fp, r7
100080c2:	46b2      	mov	sl, r6
100080c4:	46a9      	mov	r9, r5
100080c6:	46a0      	mov	r8, r4
100080c8:	bdf0      	pop	{r4, r5, r6, r7, pc}
100080ca:	4642      	mov	r2, r8
100080cc:	1ad3      	subs	r3, r2, r3
100080ce:	b29b      	uxth	r3, r3
100080d0:	42ab      	cmp	r3, r5
100080d2:	d3a1      	bcc.n	10008018 <tu_fifo_write_n+0x48>
100080d4:	2500      	movs	r5, #0
100080d6:	e7d2      	b.n	1000807e <tu_fifo_write_n+0xae>
100080d8:	2d00      	cmp	r5, #0
100080da:	d0d0      	beq.n	1000807e <tu_fifo_write_n+0xae>
100080dc:	1b7f      	subs	r7, r7, r5
100080de:	4357      	muls	r7, r2
100080e0:	4698      	mov	r8, r3
100080e2:	195a      	adds	r2, r3, r5
100080e4:	2300      	movs	r3, #0
100080e6:	b292      	uxth	r2, r2
100080e8:	44b9      	add	r9, r7
100080ea:	4693      	mov	fp, r2
100080ec:	002f      	movs	r7, r5
100080ee:	9301      	str	r3, [sp, #4]
100080f0:	e7a4      	b.n	1000803c <tu_fifo_write_n+0x6c>
100080f2:	4653      	mov	r3, sl
100080f4:	435d      	muls	r5, r3
100080f6:	b2ad      	uxth	r5, r5
100080f8:	002a      	movs	r2, r5
100080fa:	4649      	mov	r1, r9
100080fc:	f7fb fdda 	bl	10003cb4 <__wrap___aeabi_memcpy>
10008100:	9b01      	ldr	r3, [sp, #4]
10008102:	0029      	movs	r1, r5
10008104:	18e2      	adds	r2, r4, r3
10008106:	4653      	mov	r3, sl
10008108:	435a      	muls	r2, r3
1000810a:	6830      	ldr	r0, [r6, #0]
1000810c:	b292      	uxth	r2, r2
1000810e:	4449      	add	r1, r9
10008110:	f7fb fdd0 	bl	10003cb4 <__wrap___aeabi_memcpy>
10008114:	e7a6      	b.n	10008064 <tu_fifo_write_n+0x94>
10008116:	195a      	adds	r2, r3, r5
10008118:	b292      	uxth	r2, r2
1000811a:	4693      	mov	fp, r2
1000811c:	1bd2      	subs	r2, r2, r7
1000811e:	b292      	uxth	r2, r2
10008120:	4690      	mov	r8, r2
10008122:	4293      	cmp	r3, r2
10008124:	d90c      	bls.n	10008140 <tu_fifo_write_n+0x170>
10008126:	4643      	mov	r3, r8
10008128:	1a59      	subs	r1, r3, r1
1000812a:	b28b      	uxth	r3, r1
1000812c:	4698      	mov	r8, r3
1000812e:	18fb      	adds	r3, r7, r3
10008130:	b29b      	uxth	r3, r3
10008132:	469b      	mov	fp, r3
10008134:	e782      	b.n	1000803c <tu_fifo_write_n+0x6c>
10008136:	0069      	lsls	r1, r5, #1
10008138:	1aca      	subs	r2, r1, r3
1000813a:	4442      	add	r2, r8
1000813c:	b292      	uxth	r2, r2
1000813e:	e7b0      	b.n	100080a2 <tu_fifo_write_n+0xd2>
10008140:	4291      	cmp	r1, r2
10008142:	dd00      	ble.n	10008146 <tu_fifo_write_n+0x176>
10008144:	e77a      	b.n	1000803c <tu_fifo_write_n+0x6c>
10008146:	e7ee      	b.n	10008126 <tu_fifo_write_n+0x156>

10008148 <tu_fifo_clear>:
10008148:	b510      	push	{r4, lr}
1000814a:	0004      	movs	r4, r0
1000814c:	68c0      	ldr	r0, [r0, #12]
1000814e:	2800      	cmp	r0, #0
10008150:	d003      	beq.n	1000815a <tu_fifo_clear+0x12>
10008152:	2101      	movs	r1, #1
10008154:	4249      	negs	r1, r1
10008156:	f000 f9ff 	bl	10008558 <__mutex_enter_timeout_ms_veneer>
1000815a:	6920      	ldr	r0, [r4, #16]
1000815c:	2800      	cmp	r0, #0
1000815e:	d003      	beq.n	10008168 <tu_fifo_clear+0x20>
10008160:	2101      	movs	r1, #1
10008162:	4249      	negs	r1, r1
10008164:	f000 f9f8 	bl	10008558 <__mutex_enter_timeout_ms_veneer>
10008168:	2300      	movs	r3, #0
1000816a:	68e0      	ldr	r0, [r4, #12]
1000816c:	8163      	strh	r3, [r4, #10]
1000816e:	8123      	strh	r3, [r4, #8]
10008170:	2800      	cmp	r0, #0
10008172:	d001      	beq.n	10008178 <tu_fifo_clear+0x30>
10008174:	f000 f9c8 	bl	10008508 <__mutex_exit_veneer>
10008178:	6920      	ldr	r0, [r4, #16]
1000817a:	2800      	cmp	r0, #0
1000817c:	d001      	beq.n	10008182 <tu_fifo_clear+0x3a>
1000817e:	f000 f9c3 	bl	10008508 <__mutex_exit_veneer>
10008182:	2001      	movs	r0, #1
10008184:	bd10      	pop	{r4, pc}
10008186:	46c0      	nop			@ (mov r8, r8)

10008188 <tu_fifo_set_overwritable>:
10008188:	b570      	push	{r4, r5, r6, lr}
1000818a:	0004      	movs	r4, r0
1000818c:	68c0      	ldr	r0, [r0, #12]
1000818e:	000d      	movs	r5, r1
10008190:	2800      	cmp	r0, #0
10008192:	d003      	beq.n	1000819c <tu_fifo_set_overwritable+0x14>
10008194:	2101      	movs	r1, #1
10008196:	4249      	negs	r1, r1
10008198:	f000 f9de 	bl	10008558 <__mutex_enter_timeout_ms_veneer>
1000819c:	6920      	ldr	r0, [r4, #16]
1000819e:	2800      	cmp	r0, #0
100081a0:	d003      	beq.n	100081aa <tu_fifo_set_overwritable+0x22>
100081a2:	2101      	movs	r1, #1
100081a4:	4249      	negs	r1, r1
100081a6:	f000 f9d7 	bl	10008558 <__mutex_enter_timeout_ms_veneer>
100081aa:	217f      	movs	r1, #127	@ 0x7f
100081ac:	79e3      	ldrb	r3, [r4, #7]
100081ae:	01ed      	lsls	r5, r5, #7
100081b0:	4019      	ands	r1, r3
100081b2:	68e0      	ldr	r0, [r4, #12]
100081b4:	4329      	orrs	r1, r5
100081b6:	71e1      	strb	r1, [r4, #7]
100081b8:	2800      	cmp	r0, #0
100081ba:	d001      	beq.n	100081c0 <tu_fifo_set_overwritable+0x38>
100081bc:	f000 f9a4 	bl	10008508 <__mutex_exit_veneer>
100081c0:	6920      	ldr	r0, [r4, #16]
100081c2:	2800      	cmp	r0, #0
100081c4:	d001      	beq.n	100081ca <tu_fifo_set_overwritable+0x42>
100081c6:	f000 f99f 	bl	10008508 <__mutex_exit_veneer>
100081ca:	2001      	movs	r0, #1
100081cc:	bd70      	pop	{r4, r5, r6, pc}
100081ce:	46c0      	nop			@ (mov r8, r8)

100081d0 <i2c_read_blocking_internal.constprop.0>:
100081d0:	b5f0      	push	{r4, r5, r6, r7, lr}
100081d2:	46de      	mov	lr, fp
100081d4:	4657      	mov	r7, sl
100081d6:	464e      	mov	r6, r9
100081d8:	4645      	mov	r5, r8
100081da:	b5e0      	push	{r5, r6, r7, lr}
100081dc:	0007      	movs	r7, r0
100081de:	b083      	sub	sp, #12
100081e0:	a80c      	add	r0, sp, #48	@ 0x30
100081e2:	9201      	str	r2, [sp, #4]
100081e4:	7802      	ldrb	r2, [r0, #0]
100081e6:	2000      	movs	r0, #0
100081e8:	683c      	ldr	r4, [r7, #0]
100081ea:	469b      	mov	fp, r3
100081ec:	66e0      	str	r0, [r4, #108]	@ 0x6c
100081ee:	6061      	str	r1, [r4, #4]
100081f0:	2101      	movs	r1, #1
100081f2:	4691      	mov	r9, r2
100081f4:	66e1      	str	r1, [r4, #108]	@ 0x6c
100081f6:	2b00      	cmp	r3, #0
100081f8:	dd34      	ble.n	10008264 <i2c_read_blocking_internal.constprop.0+0x94>
100081fa:	1e5a      	subs	r2, r3, #1
100081fc:	4690      	mov	r8, r2
100081fe:	2280      	movs	r2, #128	@ 0x80
10008200:	0052      	lsls	r2, r2, #1
10008202:	4694      	mov	ip, r2
10008204:	2680      	movs	r6, #128	@ 0x80
10008206:	2540      	movs	r5, #64	@ 0x40
10008208:	6f61      	ldr	r1, [r4, #116]	@ 0x74
1000820a:	2910      	cmp	r1, #16
1000820c:	d0fc      	beq.n	10008208 <i2c_read_blocking_internal.constprop.0+0x38>
1000820e:	2100      	movs	r1, #0
10008210:	2800      	cmp	r0, #0
10008212:	d101      	bne.n	10008218 <i2c_read_blocking_internal.constprop.0+0x48>
10008214:	7939      	ldrb	r1, [r7, #4]
10008216:	0289      	lsls	r1, r1, #10
10008218:	4540      	cmp	r0, r8
1000821a:	d01d      	beq.n	10008258 <i2c_read_blocking_internal.constprop.0+0x88>
1000821c:	4662      	mov	r2, ip
1000821e:	4311      	orrs	r1, r2
10008220:	6121      	str	r1, [r4, #16]
10008222:	59a1      	ldr	r1, [r4, r6]
10008224:	6b61      	ldr	r1, [r4, #52]	@ 0x34
10008226:	420d      	tst	r5, r1
10008228:	d00b      	beq.n	10008242 <i2c_read_blocking_internal.constprop.0+0x72>
1000822a:	2001      	movs	r0, #1
1000822c:	6d63      	ldr	r3, [r4, #84]	@ 0x54
1000822e:	4240      	negs	r0, r0
10008230:	464b      	mov	r3, r9
10008232:	713b      	strb	r3, [r7, #4]
10008234:	b003      	add	sp, #12
10008236:	bcf0      	pop	{r4, r5, r6, r7}
10008238:	46bb      	mov	fp, r7
1000823a:	46b2      	mov	sl, r6
1000823c:	46a9      	mov	r9, r5
1000823e:	46a0      	mov	r8, r4
10008240:	bdf0      	pop	{r4, r5, r6, r7, pc}
10008242:	6fa1      	ldr	r1, [r4, #120]	@ 0x78
10008244:	2900      	cmp	r1, #0
10008246:	d0ec      	beq.n	10008222 <i2c_read_blocking_internal.constprop.0+0x52>
10008248:	6921      	ldr	r1, [r4, #16]
1000824a:	9b01      	ldr	r3, [sp, #4]
1000824c:	5419      	strb	r1, [r3, r0]
1000824e:	3001      	adds	r0, #1
10008250:	4583      	cmp	fp, r0
10008252:	d0ed      	beq.n	10008230 <i2c_read_blocking_internal.constprop.0+0x60>
10008254:	683c      	ldr	r4, [r7, #0]
10008256:	e7d7      	b.n	10008208 <i2c_read_blocking_internal.constprop.0+0x38>
10008258:	464b      	mov	r3, r9
1000825a:	2201      	movs	r2, #1
1000825c:	405a      	eors	r2, r3
1000825e:	0253      	lsls	r3, r2, #9
10008260:	4319      	orrs	r1, r3
10008262:	e7db      	b.n	1000821c <i2c_read_blocking_internal.constprop.0+0x4c>
10008264:	2000      	movs	r0, #0
10008266:	e7e3      	b.n	10008230 <i2c_read_blocking_internal.constprop.0+0x60>

10008268 <i2c_write_blocking_internal.constprop.0>:
10008268:	b5f0      	push	{r4, r5, r6, r7, lr}
1000826a:	46de      	mov	lr, fp
1000826c:	4657      	mov	r7, sl
1000826e:	464e      	mov	r6, r9
10008270:	4645      	mov	r5, r8
10008272:	4690      	mov	r8, r2
10008274:	2200      	movs	r2, #0
10008276:	b5e0      	push	{r5, r6, r7, lr}
10008278:	b085      	sub	sp, #20
1000827a:	001e      	movs	r6, r3
1000827c:	ab0e      	add	r3, sp, #56	@ 0x38
1000827e:	781b      	ldrb	r3, [r3, #0]
10008280:	0007      	movs	r7, r0
10008282:	469b      	mov	fp, r3
10008284:	6803      	ldr	r3, [r0, #0]
10008286:	66da      	str	r2, [r3, #108]	@ 0x6c
10008288:	3201      	adds	r2, #1
1000828a:	6059      	str	r1, [r3, #4]
1000828c:	66da      	str	r2, [r3, #108]	@ 0x6c
1000828e:	2e00      	cmp	r6, #0
10008290:	dd60      	ble.n	10008354 <i2c_write_blocking_internal.constprop.0+0xec>
10008292:	7902      	ldrb	r2, [r0, #4]
10008294:	4659      	mov	r1, fp
10008296:	0292      	lsls	r2, r2, #10
10008298:	4692      	mov	sl, r2
1000829a:	2201      	movs	r2, #1
1000829c:	404a      	eors	r2, r1
1000829e:	0252      	lsls	r2, r2, #9
100082a0:	4694      	mov	ip, r2
100082a2:	2280      	movs	r2, #128	@ 0x80
100082a4:	4691      	mov	r9, r2
100082a6:	465a      	mov	r2, fp
100082a8:	2480      	movs	r4, #128	@ 0x80
100082aa:	9203      	str	r2, [sp, #12]
100082ac:	4662      	mov	r2, ip
100082ae:	46bb      	mov	fp, r7
100082b0:	2000      	movs	r0, #0
100082b2:	2110      	movs	r1, #16
100082b4:	4647      	mov	r7, r8
100082b6:	46b4      	mov	ip, r6
100082b8:	1e75      	subs	r5, r6, #1
100082ba:	00a4      	lsls	r4, r4, #2
100082bc:	9201      	str	r2, [sp, #4]
100082be:	1b42      	subs	r2, r0, r5
100082c0:	0016      	movs	r6, r2
100082c2:	4272      	negs	r2, r6
100082c4:	4172      	adcs	r2, r6
100082c6:	9e01      	ldr	r6, [sp, #4]
100082c8:	4252      	negs	r2, r2
100082ca:	4016      	ands	r6, r2
100082cc:	9602      	str	r6, [sp, #8]
100082ce:	5c3e      	ldrb	r6, [r7, r0]
100082d0:	46b0      	mov	r8, r6
100082d2:	4656      	mov	r6, sl
100082d4:	4642      	mov	r2, r8
100082d6:	4316      	orrs	r6, r2
100082d8:	0032      	movs	r2, r6
100082da:	9e02      	ldr	r6, [sp, #8]
100082dc:	4316      	orrs	r6, r2
100082de:	611e      	str	r6, [r3, #16]
100082e0:	9e01      	ldr	r6, [sp, #4]
100082e2:	6b5a      	ldr	r2, [r3, #52]	@ 0x34
100082e4:	4211      	tst	r1, r2
100082e6:	d0fc      	beq.n	100082e2 <i2c_write_blocking_internal.constprop.0+0x7a>
100082e8:	464a      	mov	r2, r9
100082ea:	589a      	ldr	r2, [r3, r2]
100082ec:	9601      	str	r6, [sp, #4]
100082ee:	4692      	mov	sl, r2
100082f0:	2a00      	cmp	r2, #0
100082f2:	d10a      	bne.n	1000830a <i2c_write_blocking_internal.constprop.0+0xa2>
100082f4:	42a8      	cmp	r0, r5
100082f6:	d028      	beq.n	1000834a <i2c_write_blocking_internal.constprop.0+0xe2>
100082f8:	2200      	movs	r2, #0
100082fa:	3001      	adds	r0, #1
100082fc:	4692      	mov	sl, r2
100082fe:	4584      	cmp	ip, r0
10008300:	d1dd      	bne.n	100082be <i2c_write_blocking_internal.constprop.0+0x56>
10008302:	9b03      	ldr	r3, [sp, #12]
10008304:	465f      	mov	r7, fp
10008306:	469b      	mov	fp, r3
10008308:	e016      	b.n	10008338 <i2c_write_blocking_internal.constprop.0+0xd0>
1000830a:	6d5a      	ldr	r2, [r3, #84]	@ 0x54
1000830c:	2201      	movs	r2, #1
1000830e:	4690      	mov	r8, r2
10008310:	6b5a      	ldr	r2, [r3, #52]	@ 0x34
10008312:	4222      	tst	r2, r4
10008314:	d0fc      	beq.n	10008310 <i2c_write_blocking_internal.constprop.0+0xa8>
10008316:	6e1a      	ldr	r2, [r3, #96]	@ 0x60
10008318:	4642      	mov	r2, r8
1000831a:	9601      	str	r6, [sp, #4]
1000831c:	2a00      	cmp	r2, #0
1000831e:	d0eb      	beq.n	100082f8 <i2c_write_blocking_internal.constprop.0+0x90>
10008320:	9b03      	ldr	r3, [sp, #12]
10008322:	465f      	mov	r7, fp
10008324:	469b      	mov	fp, r3
10008326:	4653      	mov	r3, sl
10008328:	2b00      	cmp	r3, #0
1000832a:	d015      	beq.n	10008358 <i2c_write_blocking_internal.constprop.0+0xf0>
1000832c:	4653      	mov	r3, sl
1000832e:	07db      	lsls	r3, r3, #31
10008330:	d412      	bmi.n	10008358 <i2c_write_blocking_internal.constprop.0+0xf0>
10008332:	4653      	mov	r3, sl
10008334:	071b      	lsls	r3, r3, #28
10008336:	d50f      	bpl.n	10008358 <i2c_write_blocking_internal.constprop.0+0xf0>
10008338:	465b      	mov	r3, fp
1000833a:	713b      	strb	r3, [r7, #4]
1000833c:	b005      	add	sp, #20
1000833e:	bcf0      	pop	{r4, r5, r6, r7}
10008340:	46bb      	mov	fp, r7
10008342:	46b2      	mov	sl, r6
10008344:	46a9      	mov	r9, r5
10008346:	46a0      	mov	r8, r4
10008348:	bdf0      	pop	{r4, r5, r6, r7, pc}
1000834a:	9a03      	ldr	r2, [sp, #12]
1000834c:	2a00      	cmp	r2, #0
1000834e:	d1d3      	bne.n	100082f8 <i2c_write_blocking_internal.constprop.0+0x90>
10008350:	4690      	mov	r8, r2
10008352:	e7dd      	b.n	10008310 <i2c_write_blocking_internal.constprop.0+0xa8>
10008354:	2000      	movs	r0, #0
10008356:	e7ef      	b.n	10008338 <i2c_write_blocking_internal.constprop.0+0xd0>
10008358:	2001      	movs	r0, #1
1000835a:	4240      	negs	r0, r0
1000835c:	e7ec      	b.n	10008338 <i2c_write_blocking_internal.constprop.0+0xd0>
1000835e:	46c0      	nop			@ (mov r8, r8)

10008360 <i2c_set_baudrate>:
10008360:	b5f8      	push	{r3, r4, r5, r6, r7, lr}
10008362:	46de      	mov	lr, fp
10008364:	4657      	mov	r7, sl
10008366:	464e      	mov	r6, r9
10008368:	4645      	mov	r5, r8
1000836a:	4683      	mov	fp, r0
1000836c:	b5e0      	push	{r5, r6, r7, lr}
1000836e:	2005      	movs	r0, #5
10008370:	000c      	movs	r4, r1
10008372:	f7fa fae3 	bl	1000293c <clock_get_hz>
10008376:	0006      	movs	r6, r0
10008378:	0860      	lsrs	r0, r4, #1
1000837a:	0021      	movs	r1, r4
1000837c:	1980      	adds	r0, r0, r6
1000837e:	f7fa fd37 	bl	10002df0 <__wrap___aeabi_uidiv>
10008382:	0043      	lsls	r3, r0, #1
10008384:	4698      	mov	r8, r3
10008386:	4480      	add	r8, r0
10008388:	0007      	movs	r7, r0
1000838a:	2105      	movs	r1, #5
1000838c:	4640      	mov	r0, r8
1000838e:	f7fa fd2f 	bl	10002df0 <__wrap___aeabi_uidiv>
10008392:	1a3b      	subs	r3, r7, r0
10008394:	469a      	mov	sl, r3
10008396:	4b1e      	ldr	r3, [pc, #120]	@ (10008410 <i2c_set_baudrate+0xb0>)
10008398:	4681      	mov	r9, r0
1000839a:	0070      	lsls	r0, r6, #1
1000839c:	1980      	adds	r0, r0, r6
1000839e:	429c      	cmp	r4, r3
100083a0:	d831      	bhi.n	10008406 <i2c_set_baudrate+0xa6>
100083a2:	491c      	ldr	r1, [pc, #112]	@ (10008414 <i2c_set_baudrate+0xb4>)
100083a4:	f7fa fd24 	bl	10002df0 <__wrap___aeabi_uidiv>
100083a8:	1c45      	adds	r5, r0, #1
100083aa:	465b      	mov	r3, fp
100083ac:	681c      	ldr	r4, [r3, #0]
100083ae:	2300      	movs	r3, #0
100083b0:	66e3      	str	r3, [r4, #108]	@ 0x6c
100083b2:	6822      	ldr	r2, [r4, #0]
100083b4:	3304      	adds	r3, #4
100083b6:	405a      	eors	r2, r3
100083b8:	3302      	adds	r3, #2
100083ba:	4013      	ands	r3, r2
100083bc:	2280      	movs	r2, #128	@ 0x80
100083be:	0152      	lsls	r2, r2, #5
100083c0:	18a2      	adds	r2, r4, r2
100083c2:	6013      	str	r3, [r2, #0]
100083c4:	4653      	mov	r3, sl
100083c6:	61e3      	str	r3, [r4, #28]
100083c8:	464b      	mov	r3, r9
100083ca:	6223      	str	r3, [r4, #32]
100083cc:	4643      	mov	r3, r8
100083ce:	2001      	movs	r0, #1
100083d0:	2b4f      	cmp	r3, #79	@ 0x4f
100083d2:	d903      	bls.n	100083dc <i2c_set_baudrate+0x7c>
100083d4:	2150      	movs	r1, #80	@ 0x50
100083d6:	4640      	mov	r0, r8
100083d8:	f7fa fd0a 	bl	10002df0 <__wrap___aeabi_uidiv>
100083dc:	23a0      	movs	r3, #160	@ 0xa0
100083de:	50e0      	str	r0, [r4, r3]
100083e0:	6fe3      	ldr	r3, [r4, #124]	@ 0x7c
100083e2:	0039      	movs	r1, r7
100083e4:	405d      	eors	r5, r3
100083e6:	4b0c      	ldr	r3, [pc, #48]	@ (10008418 <i2c_set_baudrate+0xb8>)
100083e8:	042d      	lsls	r5, r5, #16
100083ea:	0c2d      	lsrs	r5, r5, #16
100083ec:	18e3      	adds	r3, r4, r3
100083ee:	601d      	str	r5, [r3, #0]
100083f0:	2301      	movs	r3, #1
100083f2:	0030      	movs	r0, r6
100083f4:	66e3      	str	r3, [r4, #108]	@ 0x6c
100083f6:	f7fa fcfb 	bl	10002df0 <__wrap___aeabi_uidiv>
100083fa:	bcf0      	pop	{r4, r5, r6, r7}
100083fc:	46bb      	mov	fp, r7
100083fe:	46b2      	mov	sl, r6
10008400:	46a9      	mov	r9, r5
10008402:	46a0      	mov	r8, r4
10008404:	bdf8      	pop	{r3, r4, r5, r6, r7, pc}
10008406:	4905      	ldr	r1, [pc, #20]	@ (1000841c <i2c_set_baudrate+0xbc>)
10008408:	f7fa fcf2 	bl	10002df0 <__wrap___aeabi_uidiv>
1000840c:	1c45      	adds	r5, r0, #1
1000840e:	e7cc      	b.n	100083aa <i2c_set_baudrate+0x4a>
10008410:	000f423f 	.word	0x000f423f
10008414:	00989680 	.word	0x00989680
10008418:	0000107c 	.word	0x0000107c
1000841c:	017d7840 	.word	0x017d7840

10008420 <i2c_init>:
10008420:	4a0f      	ldr	r2, [pc, #60]	@ (10008460 <i2c_init+0x40>)
10008422:	b570      	push	{r4, r5, r6, lr}
10008424:	1a82      	subs	r2, r0, r2
10008426:	1e53      	subs	r3, r2, #1
10008428:	419a      	sbcs	r2, r3
1000842a:	4b0e      	ldr	r3, [pc, #56]	@ (10008464 <i2c_init+0x44>)
1000842c:	00d2      	lsls	r2, r2, #3
1000842e:	3208      	adds	r2, #8
10008430:	601a      	str	r2, [r3, #0]
10008432:	4b0d      	ldr	r3, [pc, #52]	@ (10008468 <i2c_init+0x48>)
10008434:	4c0d      	ldr	r4, [pc, #52]	@ (1000846c <i2c_init+0x4c>)
10008436:	601a      	str	r2, [r3, #0]
10008438:	0015      	movs	r5, r2
1000843a:	6823      	ldr	r3, [r4, #0]
1000843c:	439d      	bics	r5, r3
1000843e:	1e2b      	subs	r3, r5, #0
10008440:	d1fa      	bne.n	10008438 <i2c_init+0x18>
10008442:	2466      	movs	r4, #102	@ 0x66
10008444:	6802      	ldr	r2, [r0, #0]
10008446:	34ff      	adds	r4, #255	@ 0xff
10008448:	7105      	strb	r5, [r0, #4]
1000844a:	66d5      	str	r5, [r2, #108]	@ 0x6c
1000844c:	6014      	str	r4, [r2, #0]
1000844e:	3c63      	subs	r4, #99	@ 0x63
10008450:	3388      	adds	r3, #136	@ 0x88
10008452:	3cff      	subs	r4, #255	@ 0xff
10008454:	63d5      	str	r5, [r2, #60]	@ 0x3c
10008456:	6395      	str	r5, [r2, #56]	@ 0x38
10008458:	50d4      	str	r4, [r2, r3]
1000845a:	f7ff ff81 	bl	10008360 <i2c_set_baudrate>
1000845e:	bd70      	pop	{r4, r5, r6, pc}
10008460:	200010a8 	.word	0x200010a8
10008464:	4000e000 	.word	0x4000e000
10008468:	4000f000 	.word	0x4000f000
1000846c:	4000c008 	.word	0x4000c008

10008470 <i2c_write_blocking>:
10008470:	b510      	push	{r4, lr}
10008472:	b082      	sub	sp, #8
10008474:	466c      	mov	r4, sp
10008476:	7c24      	ldrb	r4, [r4, #16]
10008478:	9400      	str	r4, [sp, #0]
1000847a:	f7ff fef5 	bl	10008268 <i2c_write_blocking_internal.constprop.0>
1000847e:	b002      	add	sp, #8
10008480:	bd10      	pop	{r4, pc}
10008482:	46c0      	nop			@ (mov r8, r8)

10008484 <i2c_read_blocking>:
10008484:	b510      	push	{r4, lr}
10008486:	b082      	sub	sp, #8
10008488:	466c      	mov	r4, sp
1000848a:	7c24      	ldrb	r4, [r4, #16]
1000848c:	9400      	str	r4, [sp, #0]
1000848e:	f7ff fe9f 	bl	100081d0 <i2c_read_blocking_internal.constprop.0>
10008492:	b002      	add	sp, #8
10008494:	bd10      	pop	{r4, pc}
10008496:	46c0      	nop			@ (mov r8, r8)

10008498 <strlen>:
10008498:	b510      	push	{r4, lr}
1000849a:	0783      	lsls	r3, r0, #30
1000849c:	d00a      	beq.n	100084b4 <strlen+0x1c>
1000849e:	0003      	movs	r3, r0
100084a0:	2103      	movs	r1, #3
100084a2:	e002      	b.n	100084aa <strlen+0x12>
100084a4:	3301      	adds	r3, #1
100084a6:	420b      	tst	r3, r1
100084a8:	d005      	beq.n	100084b6 <strlen+0x1e>
100084aa:	781a      	ldrb	r2, [r3, #0]
100084ac:	2a00      	cmp	r2, #0
100084ae:	d1f9      	bne.n	100084a4 <strlen+0xc>
100084b0:	1a18      	subs	r0, r3, r0
100084b2:	bd10      	pop	{r4, pc}
100084b4:	0003      	movs	r3, r0
100084b6:	6819      	ldr	r1, [r3, #0]
100084b8:	4a0c      	ldr	r2, [pc, #48]	@ (100084ec <strlen+0x54>)
100084ba:	4c0d      	ldr	r4, [pc, #52]	@ (100084f0 <strlen+0x58>)
100084bc:	188a      	adds	r2, r1, r2
100084be:	438a      	bics	r2, r1
100084c0:	4222      	tst	r2, r4
100084c2:	d10f      	bne.n	100084e4 <strlen+0x4c>
100084c4:	6859      	ldr	r1, [r3, #4]
100084c6:	4a09      	ldr	r2, [pc, #36]	@ (100084ec <strlen+0x54>)
100084c8:	3304      	adds	r3, #4
100084ca:	188a      	adds	r2, r1, r2
100084cc:	438a      	bics	r2, r1
100084ce:	4222      	tst	r2, r4
100084d0:	d108      	bne.n	100084e4 <strlen+0x4c>
100084d2:	6859      	ldr	r1, [r3, #4]
100084d4:	4a05      	ldr	r2, [pc, #20]	@ (100084ec <strlen+0x54>)
100084d6:	3304      	adds	r3, #4
100084d8:	188a      	adds	r2, r1, r2
100084da:	438a      	bics	r2, r1
100084dc:	4222      	tst	r2, r4
100084de:	d0f1      	beq.n	100084c4 <strlen+0x2c>
100084e0:	e000      	b.n	100084e4 <strlen+0x4c>
100084e2:	3301      	adds	r3, #1
100084e4:	781a      	ldrb	r2, [r3, #0]
100084e6:	2a00      	cmp	r2, #0
100084e8:	d1fb      	bne.n	100084e2 <strlen+0x4a>
100084ea:	e7e1      	b.n	100084b0 <strlen+0x18>
100084ec:	fefefeff 	.word	0xfefefeff
100084f0:	80808080 	.word	0x80808080

100084f4 <_fini>:
100084f4:	b5f8      	push	{r3, r4, r5, r6, r7, lr}
100084f6:	46c0      	nop			@ (mov r8, r8)

100084f8 <__flash_do_cmd_veneer>:
100084f8:	b401      	push	{r0}
100084fa:	4802      	ldr	r0, [pc, #8]	@ (10008504 <__flash_do_cmd_veneer+0xc>)
100084fc:	4684      	mov	ip, r0
100084fe:	bc01      	pop	{r0}
10008500:	4760      	bx	ip
10008502:	bf00      	nop
10008504:	20000301 	.word	0x20000301

10008508 <__mutex_exit_veneer>:
10008508:	b401      	push	{r0}
1000850a:	4802      	ldr	r0, [pc, #8]	@ (10008514 <__mutex_exit_veneer+0xc>)
1000850c:	4684      	mov	ip, r0
1000850e:	bc01      	pop	{r0}
10008510:	4760      	bx	ip
10008512:	bf00      	nop
10008514:	20000225 	.word	0x20000225

10008518 <____aeabi_ldiv0_veneer>:
10008518:	b401      	push	{r0}
1000851a:	4802      	ldr	r0, [pc, #8]	@ (10008524 <____aeabi_ldiv0_veneer+0xc>)
1000851c:	4684      	mov	ip, r0
1000851e:	bc01      	pop	{r0}
10008520:	4760      	bx	ip
10008522:	bf00      	nop
10008524:	20000f5d 	.word	0x20000f5d

10008528 <__e15_is_bulkin_ep_veneer>:
10008528:	b401      	push	{r0}
1000852a:	4802      	ldr	r0, [pc, #8]	@ (10008534 <__e15_is_bulkin_ep_veneer+0xc>)
1000852c:	4684      	mov	ip, r0
1000852e:	bc01      	pop	{r0}
10008530:	4760      	bx	ip
10008532:	bf00      	nop
10008534:	20000c19 	.word	0x20000c19

10008538 <____aeabi_idiv0_veneer>:
10008538:	b401      	push	{r0}
1000853a:	4802      	ldr	r0, [pc, #8]	@ (10008544 <____aeabi_idiv0_veneer+0xc>)
1000853c:	4684      	mov	ip, r0
1000853e:	bc01      	pop	{r0}
10008540:	4760      	bx	ip
10008542:	bf00      	nop
10008544:	20000f5d 	.word	0x20000f5d

10008548 <__mutex_try_enter_veneer>:
10008548:	b401      	push	{r0}
1000854a:	4802      	ldr	r0, [pc, #8]	@ (10008554 <__mutex_try_enter_veneer+0xc>)
1000854c:	4684      	mov	ip, r0
1000854e:	bc01      	pop	{r0}
10008550:	4760      	bx	ip
10008552:	bf00      	nop
10008554:	200000c1 	.word	0x200000c1

10008558 <__mutex_enter_timeout_ms_veneer>:
10008558:	b401      	push	{r0}
1000855a:	4802      	ldr	r0, [pc, #8]	@ (10008564 <__mutex_enter_timeout_ms_veneer+0xc>)
1000855c:	4684      	mov	ip, r0
1000855e:	bc01      	pop	{r0}
10008560:	4760      	bx	ip
10008562:	bf00      	nop
10008564:	20000199 	.word	0x20000199

10008568 <__mutex_try_enter_block_until_veneer>:
10008568:	b401      	push	{r0}
1000856a:	4802      	ldr	r0, [pc, #8]	@ (10008574 <__mutex_try_enter_block_until_veneer+0xc>)
1000856c:	4684      	mov	ip, r0
1000856e:	bc01      	pop	{r0}
10008570:	4760      	bx	ip
10008572:	bf00      	nop
10008574:	20000101 	.word	0x20000101

10008578 <__hw_endpoint_start_next_buffer_veneer>:
10008578:	b401      	push	{r0}
1000857a:	4802      	ldr	r0, [pc, #8]	@ (10008584 <__hw_endpoint_start_next_buffer_veneer+0xc>)
1000857c:	4684      	mov	ip, r0
1000857e:	bc01      	pop	{r0}
10008580:	4760      	bx	ip
10008582:	bf00      	nop
10008584:	20000cd1 	.word	0x20000cd1

10008588 <__reset_non_control_endpoints_veneer>:
10008588:	b401      	push	{r0}
1000858a:	4802      	ldr	r0, [pc, #8]	@ (10008594 <__reset_non_control_endpoints_veneer+0xc>)
1000858c:	4684      	mov	ip, r0
1000858e:	bc01      	pop	{r0}
10008590:	4760      	bx	ip
10008592:	bf00      	nop
10008594:	2000043d 	.word	0x2000043d

10008598 <__e15_is_critical_frame_period_veneer>:
10008598:	b401      	push	{r0}
1000859a:	4802      	ldr	r0, [pc, #8]	@ (100085a4 <__e15_is_critical_frame_period_veneer+0xc>)
1000859c:	4684      	mov	ip, r0
1000859e:	bc01      	pop	{r0}
100085a0:	4760      	bx	ip
100085a2:	bf00      	nop
100085a4:	20000c41 	.word	0x20000c41

100085a8 <___hw_endpoint_buffer_control_update32_veneer>:
100085a8:	b401      	push	{r0}
100085aa:	4802      	ldr	r0, [pc, #8]	@ (100085b4 <___hw_endpoint_buffer_control_update32_veneer+0xc>)
100085ac:	4684      	mov	ip, r0
100085ae:	bc01      	pop	{r0}
100085b0:	4760      	bx	ip
100085b2:	bf00      	nop
100085b4:	20000c81 	.word	0x20000c81

100085b8 <__pre_init_runtime_init_early_resets>:
100085b8:	10002b81                                .+..

100085bc <__pre_init_runtime_init_usb_power_down>:
100085bc:	10002bad 10002d91 10003c99 10003435     .+...-...<..54..
100085cc:	10003b95                                .;..

100085d0 <__pre_init_runtime_init_clocks>:
100085d0:	10002cb9                                .,..

100085d4 <__pre_init_runtime_init_post_clock_resets>:
100085d4:	10002bc9                                .+..

100085d8 <__pre_init_runtime_init_rp2040_gpio_ie_disable>:
100085d8:	10002be9                                .+..

100085dc <__pre_init_runtime_init_spin_locks_reset>:
100085dc:	10002bfd                                .+..

100085e0 <__pre_init_runtime_init_mutex>:
100085e0:	10001d6d                                m...

100085e4 <__pre_init_runtime_init_install_ram_vector_table>:
100085e4:	10002c05                                .,..

100085e8 <__pre_init_runtime_init_default_alarm_pool>:
100085e8:	10002139                                9!..

100085ec <__pre_init_first_per_core_initializer>:
100085ec:	10002b49                                I+..

100085f0 <__pre_init_runtime_init_per_core_irq_priorities>:
100085f0:	100017cd                                ....

100085f4 <__init_array_start>:
100085f4:	10005fc5 	.word	0x10005fc5

100085f8 <__frame_dummy_init_array_entry>:
100085f8:	100002b1                                ....

Disassembly of section .data:

200000c0 <mutex_try_enter>:
200000c0:	0003      	movs	r3, r0
200000c2:	6800      	ldr	r0, [r0, #0]
200000c4:	f3ef 8c10 	mrs	ip, PRIMASK
200000c8:	b672      	cpsid	i
200000ca:	6802      	ldr	r2, [r0, #0]
200000cc:	2a00      	cmp	r2, #0
200000ce:	d0fc      	beq.n	200000ca <mutex_try_enter+0xa>
200000d0:	f3bf 8f5f 	dmb	sy
200000d4:	2204      	movs	r2, #4
200000d6:	569a      	ldrsb	r2, [r3, r2]
200000d8:	2a00      	cmp	r2, #0
200000da:	db0b      	blt.n	200000f4 <mutex_try_enter+0x34>
200000dc:	2900      	cmp	r1, #0
200000de:	d000      	beq.n	200000e2 <mutex_try_enter+0x22>
200000e0:	600a      	str	r2, [r1, #0]
200000e2:	2000      	movs	r0, #0
200000e4:	681b      	ldr	r3, [r3, #0]
200000e6:	f3bf 8f5f 	dmb	sy
200000ea:	2200      	movs	r2, #0
200000ec:	601a      	str	r2, [r3, #0]
200000ee:	f38c 8810 	msr	PRIMASK, ip
200000f2:	4770      	bx	lr
200000f4:	22d0      	movs	r2, #208	@ 0xd0
200000f6:	0612      	lsls	r2, r2, #24
200000f8:	6812      	ldr	r2, [r2, #0]
200000fa:	2001      	movs	r0, #1
200000fc:	711a      	strb	r2, [r3, #4]
200000fe:	e7f1      	b.n	200000e4 <mutex_try_enter+0x24>

20000100 <mutex_try_enter_block_until>:
20000100:	b5f0      	push	{r4, r5, r6, r7, lr}
20000102:	46c6      	mov	lr, r8
20000104:	0015      	movs	r5, r2
20000106:	b500      	push	{lr}
20000108:	0004      	movs	r4, r0
2000010a:	001e      	movs	r6, r3
2000010c:	6802      	ldr	r2, [r0, #0]
2000010e:	f3ef 8110 	mrs	r1, PRIMASK
20000112:	b672      	cpsid	i
20000114:	6813      	ldr	r3, [r2, #0]
20000116:	2b00      	cmp	r3, #0
20000118:	d0fc      	beq.n	20000114 <mutex_try_enter_block_until+0x14>
2000011a:	f3bf 8f5f 	dmb	sy
2000011e:	2304      	movs	r3, #4
20000120:	56e3      	ldrsb	r3, [r4, r3]
20000122:	6822      	ldr	r2, [r4, #0]
20000124:	2b00      	cmp	r3, #0
20000126:	db2b      	blt.n	20000180 <mutex_try_enter_block_until+0x80>
20000128:	f3bf 8f5f 	dmb	sy
2000012c:	2000      	movs	r0, #0
2000012e:	6010      	str	r0, [r2, #0]
20000130:	f381 8810 	msr	PRIMASK, r1
20000134:	22d0      	movs	r2, #208	@ 0xd0
20000136:	0612      	lsls	r2, r2, #24
20000138:	7812      	ldrb	r2, [r2, #0]
2000013a:	2700      	movs	r7, #0
2000013c:	b252      	sxtb	r2, r2
2000013e:	4690      	mov	r8, r2
20000140:	429a      	cmp	r2, r3
20000142:	d10e      	bne.n	20000162 <mutex_try_enter_block_until+0x62>
20000144:	2000      	movs	r0, #0
20000146:	bc80      	pop	{r7}
20000148:	46b8      	mov	r8, r7
2000014a:	bdf0      	pop	{r4, r5, r6, r7, pc}
2000014c:	f3bf 8f5f 	dmb	sy
20000150:	6017      	str	r7, [r2, #0]
20000152:	f381 8810 	msr	PRIMASK, r1
20000156:	0028      	movs	r0, r5
20000158:	0031      	movs	r1, r6
2000015a:	f000 ff01 	bl	20000f60 <__best_effort_wfe_or_timeout_veneer>
2000015e:	2800      	cmp	r0, #0
20000160:	d1f0      	bne.n	20000144 <mutex_try_enter_block_until+0x44>
20000162:	6822      	ldr	r2, [r4, #0]
20000164:	f3ef 8110 	mrs	r1, PRIMASK
20000168:	b672      	cpsid	i
2000016a:	6813      	ldr	r3, [r2, #0]
2000016c:	2b00      	cmp	r3, #0
2000016e:	d0fc      	beq.n	2000016a <mutex_try_enter_block_until+0x6a>
20000170:	f3bf 8f5f 	dmb	sy
20000174:	7923      	ldrb	r3, [r4, #4]
20000176:	6822      	ldr	r2, [r4, #0]
20000178:	2b7f      	cmp	r3, #127	@ 0x7f
2000017a:	d9e7      	bls.n	2000014c <mutex_try_enter_block_until+0x4c>
2000017c:	4643      	mov	r3, r8
2000017e:	e002      	b.n	20000186 <mutex_try_enter_block_until+0x86>
20000180:	23d0      	movs	r3, #208	@ 0xd0
20000182:	061b      	lsls	r3, r3, #24
20000184:	681b      	ldr	r3, [r3, #0]
20000186:	7123      	strb	r3, [r4, #4]
20000188:	f3bf 8f5f 	dmb	sy
2000018c:	2300      	movs	r3, #0
2000018e:	6013      	str	r3, [r2, #0]
20000190:	f381 8810 	msr	PRIMASK, r1
20000194:	2001      	movs	r0, #1
20000196:	e7d6      	b.n	20000146 <mutex_try_enter_block_until+0x46>

20000198 <mutex_enter_timeout_ms>:
20000198:	b5f0      	push	{r4, r5, r6, r7, lr}
2000019a:	46c6      	mov	lr, r8
2000019c:	b500      	push	{lr}
2000019e:	000d      	movs	r5, r1
200001a0:	0004      	movs	r4, r0
200001a2:	f000 ff05 	bl	20000fb0 <__time_us_64_veneer>
200001a6:	22fa      	movs	r2, #250	@ 0xfa
200001a8:	0006      	movs	r6, r0
200001aa:	000f      	movs	r7, r1
200001ac:	2300      	movs	r3, #0
200001ae:	0028      	movs	r0, r5
200001b0:	2100      	movs	r1, #0
200001b2:	0092      	lsls	r2, r2, #2
200001b4:	f000 feec 	bl	20000f90 <____wrap___aeabi_lmul_veneer>
200001b8:	1836      	adds	r6, r6, r0
200001ba:	414f      	adcs	r7, r1
200001bc:	2f00      	cmp	r7, #0
200001be:	da02      	bge.n	200001c6 <mutex_enter_timeout_ms+0x2e>
200001c0:	2601      	movs	r6, #1
200001c2:	4f17      	ldr	r7, [pc, #92]	@ (20000220 <mutex_enter_timeout_ms+0x88>)
200001c4:	4276      	negs	r6, r6
200001c6:	23d0      	movs	r3, #208	@ 0xd0
200001c8:	061b      	lsls	r3, r3, #24
200001ca:	681b      	ldr	r3, [r3, #0]
200001cc:	2500      	movs	r5, #0
200001ce:	4698      	mov	r8, r3
200001d0:	e00a      	b.n	200001e8 <mutex_enter_timeout_ms+0x50>
200001d2:	f3bf 8f5f 	dmb	sy
200001d6:	6015      	str	r5, [r2, #0]
200001d8:	f381 8810 	msr	PRIMASK, r1
200001dc:	0030      	movs	r0, r6
200001de:	0039      	movs	r1, r7
200001e0:	f000 febe 	bl	20000f60 <__best_effort_wfe_or_timeout_veneer>
200001e4:	2800      	cmp	r0, #0
200001e6:	d118      	bne.n	2000021a <mutex_enter_timeout_ms+0x82>
200001e8:	6822      	ldr	r2, [r4, #0]
200001ea:	f3ef 8110 	mrs	r1, PRIMASK
200001ee:	b672      	cpsid	i
200001f0:	6813      	ldr	r3, [r2, #0]
200001f2:	2b00      	cmp	r3, #0
200001f4:	d0fc      	beq.n	200001f0 <mutex_enter_timeout_ms+0x58>
200001f6:	f3bf 8f5f 	dmb	sy
200001fa:	7923      	ldrb	r3, [r4, #4]
200001fc:	6822      	ldr	r2, [r4, #0]
200001fe:	2b7f      	cmp	r3, #127	@ 0x7f
20000200:	d9e7      	bls.n	200001d2 <mutex_enter_timeout_ms+0x3a>
20000202:	4643      	mov	r3, r8
20000204:	7123      	strb	r3, [r4, #4]
20000206:	f3bf 8f5f 	dmb	sy
2000020a:	2300      	movs	r3, #0
2000020c:	6013      	str	r3, [r2, #0]
2000020e:	f381 8810 	msr	PRIMASK, r1
20000212:	2001      	movs	r0, #1
20000214:	bc80      	pop	{r7}
20000216:	46b8      	mov	r8, r7
20000218:	bdf0      	pop	{r4, r5, r6, r7, pc}
2000021a:	2000      	movs	r0, #0
2000021c:	e7fa      	b.n	20000214 <mutex_enter_timeout_ms+0x7c>
2000021e:	46c0      	nop			@ (mov r8, r8)
20000220:	7fffffff 	.word	0x7fffffff

20000224 <mutex_exit>:
20000224:	6802      	ldr	r2, [r0, #0]
20000226:	f3ef 8110 	mrs	r1, PRIMASK
2000022a:	b672      	cpsid	i
2000022c:	6813      	ldr	r3, [r2, #0]
2000022e:	2b00      	cmp	r3, #0
20000230:	d0fc      	beq.n	2000022c <mutex_exit+0x8>
20000232:	f3bf 8f5f 	dmb	sy
20000236:	23ff      	movs	r3, #255	@ 0xff
20000238:	7103      	strb	r3, [r0, #4]
2000023a:	6803      	ldr	r3, [r0, #0]
2000023c:	f3bf 8f5f 	dmb	sy
20000240:	2200      	movs	r2, #0
20000242:	601a      	str	r2, [r3, #0]
20000244:	f381 8810 	msr	PRIMASK, r1
20000248:	bf40      	sev
2000024a:	4770      	bx	lr

2000024c <flash_init_boot2_copyout>:
2000024c:	b510      	push	{r4, lr}
2000024e:	4c08      	ldr	r4, [pc, #32]	@ (20000270 <flash_init_boot2_copyout+0x24>)
20000250:	7823      	ldrb	r3, [r4, #0]
20000252:	2b00      	cmp	r3, #0
20000254:	d10a      	bne.n	2000026c <flash_init_boot2_copyout+0x20>
20000256:	2380      	movs	r3, #128	@ 0x80
20000258:	4806      	ldr	r0, [pc, #24]	@ (20000274 <flash_init_boot2_copyout+0x28>)
2000025a:	4907      	ldr	r1, [pc, #28]	@ (20000278 <flash_init_boot2_copyout+0x2c>)
2000025c:	055b      	lsls	r3, r3, #21
2000025e:	681a      	ldr	r2, [r3, #0]
20000260:	50c2      	str	r2, [r0, r3]
20000262:	3304      	adds	r3, #4
20000264:	428b      	cmp	r3, r1
20000266:	d1fa      	bne.n	2000025e <flash_init_boot2_copyout+0x12>
20000268:	2301      	movs	r3, #1
2000026a:	7023      	strb	r3, [r4, #0]
2000026c:	bd10      	pop	{r4, pc}
2000026e:	46c0      	nop			@ (mov r8, r8)
20000270:	2000200c 	.word	0x2000200c
20000274:	10001a18 	.word	0x10001a18
20000278:	10000100 	.word	0x10000100

2000027c <flash_enable_xip_via_boot2>:
2000027c:	b510      	push	{r4, lr}
2000027e:	4b01      	ldr	r3, [pc, #4]	@ (20000284 <flash_enable_xip_via_boot2+0x8>)
20000280:	4798      	blx	r3
20000282:	bd10      	pop	{r4, pc}
20000284:	20001a19 	.word	0x20001a19

20000288 <flash_save_hardware_state>:
20000288:	4b06      	ldr	r3, [pc, #24]	@ (200002a4 <flash_save_hardware_state+0x1c>)
2000028a:	685a      	ldr	r2, [r3, #4]
2000028c:	6002      	str	r2, [r0, #0]
2000028e:	689a      	ldr	r2, [r3, #8]
20000290:	6042      	str	r2, [r0, #4]
20000292:	68da      	ldr	r2, [r3, #12]
20000294:	6082      	str	r2, [r0, #8]
20000296:	691a      	ldr	r2, [r3, #16]
20000298:	60c2      	str	r2, [r0, #12]
2000029a:	695a      	ldr	r2, [r3, #20]
2000029c:	6102      	str	r2, [r0, #16]
2000029e:	699b      	ldr	r3, [r3, #24]
200002a0:	6143      	str	r3, [r0, #20]
200002a2:	4770      	bx	lr
200002a4:	40020000 	.word	0x40020000

200002a8 <flash_restore_hardware_state>:
200002a8:	6802      	ldr	r2, [r0, #0]
200002aa:	4b06      	ldr	r3, [pc, #24]	@ (200002c4 <flash_restore_hardware_state+0x1c>)
200002ac:	605a      	str	r2, [r3, #4]
200002ae:	6842      	ldr	r2, [r0, #4]
200002b0:	609a      	str	r2, [r3, #8]
200002b2:	6882      	ldr	r2, [r0, #8]
200002b4:	60da      	str	r2, [r3, #12]
200002b6:	68c2      	ldr	r2, [r0, #12]
200002b8:	611a      	str	r2, [r3, #16]
200002ba:	6902      	ldr	r2, [r0, #16]
200002bc:	615a      	str	r2, [r3, #20]
200002be:	6942      	ldr	r2, [r0, #20]
200002c0:	619a      	str	r2, [r3, #24]
200002c2:	4770      	bx	lr
200002c4:	40020000 	.word	0x40020000

200002c8 <flash_cs_force.constprop.0>:
200002c8:	4b03      	ldr	r3, [pc, #12]	@ (200002d8 <flash_cs_force.constprop.0+0x10>)
200002ca:	681a      	ldr	r2, [r3, #0]
200002cc:	23c0      	movs	r3, #192	@ 0xc0
200002ce:	009b      	lsls	r3, r3, #2
200002d0:	4393      	bics	r3, r2
200002d2:	4a02      	ldr	r2, [pc, #8]	@ (200002dc <flash_cs_force.constprop.0+0x14>)
200002d4:	6013      	str	r3, [r2, #0]
200002d6:	4770      	bx	lr
200002d8:	4001800c 	.word	0x4001800c
200002dc:	4001900c 	.word	0x4001900c

200002e0 <flash_cs_force.constprop.1>:
200002e0:	4b05      	ldr	r3, [pc, #20]	@ (200002f8 <flash_cs_force.constprop.1+0x18>)
200002e2:	681a      	ldr	r2, [r3, #0]
200002e4:	2380      	movs	r3, #128	@ 0x80
200002e6:	009b      	lsls	r3, r3, #2
200002e8:	4053      	eors	r3, r2
200002ea:	22c0      	movs	r2, #192	@ 0xc0
200002ec:	0092      	lsls	r2, r2, #2
200002ee:	4013      	ands	r3, r2
200002f0:	4a02      	ldr	r2, [pc, #8]	@ (200002fc <flash_cs_force.constprop.1+0x1c>)
200002f2:	6013      	str	r3, [r2, #0]
200002f4:	4770      	bx	lr
200002f6:	46c0      	nop			@ (mov r8, r8)
200002f8:	4001800c 	.word	0x4001800c
200002fc:	4001900c 	.word	0x4001900c

20000300 <flash_do_cmd>:
20000300:	2300      	movs	r3, #0
20000302:	b5f0      	push	{r4, r5, r6, r7, lr}
20000304:	46de      	mov	lr, fp
20000306:	4657      	mov	r7, sl
20000308:	464e      	mov	r6, r9
2000030a:	4645      	mov	r5, r8
2000030c:	469a      	mov	sl, r3
2000030e:	b5e0      	push	{r5, r6, r7, lr}
20000310:	b089      	sub	sp, #36	@ 0x24
20000312:	9001      	str	r0, [sp, #4]
20000314:	000e      	movs	r6, r1
20000316:	8a98      	ldrh	r0, [r3, #20]
20000318:	4945      	ldr	r1, [pc, #276]	@ (20000430 <flash_do_cmd+0x130>)
2000031a:	8b1b      	ldrh	r3, [r3, #24]
2000031c:	0014      	movs	r4, r2
2000031e:	4798      	blx	r3
20000320:	4653      	mov	r3, sl
20000322:	4681      	mov	r9, r0
20000324:	4943      	ldr	r1, [pc, #268]	@ (20000434 <flash_do_cmd+0x134>)
20000326:	8a98      	ldrh	r0, [r3, #20]
20000328:	8b1b      	ldrh	r3, [r3, #24]
2000032a:	4798      	blx	r3
2000032c:	4653      	mov	r3, sl
2000032e:	4942      	ldr	r1, [pc, #264]	@ (20000438 <flash_do_cmd+0x138>)
20000330:	0005      	movs	r5, r0
20000332:	8a98      	ldrh	r0, [r3, #20]
20000334:	8b1b      	ldrh	r3, [r3, #24]
20000336:	4798      	blx	r3
20000338:	4680      	mov	r8, r0
2000033a:	f7ff ff87 	bl	2000024c <flash_init_boot2_copyout>
2000033e:	a802      	add	r0, sp, #8
20000340:	f7ff ffa2 	bl	20000288 <flash_save_hardware_state>
20000344:	47c8      	blx	r9
20000346:	47a8      	blx	r5
20000348:	f7ff ffca 	bl	200002e0 <flash_cs_force.constprop.1>
2000034c:	1e25      	subs	r5, r4, #0
2000034e:	d022      	beq.n	20000396 <flash_do_cmd+0x96>
20000350:	2308      	movs	r3, #8
20000352:	21c0      	movs	r1, #192	@ 0xc0
20000354:	469c      	mov	ip, r3
20000356:	2002      	movs	r0, #2
20000358:	0549      	lsls	r1, r1, #21
2000035a:	4662      	mov	r2, ip
2000035c:	6a8b      	ldr	r3, [r1, #40]	@ 0x28
2000035e:	401a      	ands	r2, r3
20000360:	4218      	tst	r0, r3
20000362:	d03f      	beq.n	200003e4 <flash_do_cmd+0xe4>
20000364:	1b63      	subs	r3, r4, r5
20000366:	2d00      	cmp	r5, #0
20000368:	d12f      	bne.n	200003ca <flash_do_cmd+0xca>
2000036a:	2a00      	cmp	r2, #0
2000036c:	d111      	bne.n	20000392 <flash_do_cmd+0x92>
2000036e:	2c00      	cmp	r4, #0
20000370:	d011      	beq.n	20000396 <flash_do_cmd+0x96>
20000372:	23c0      	movs	r3, #192	@ 0xc0
20000374:	055b      	lsls	r3, r3, #21
20000376:	469b      	mov	fp, r3
20000378:	2302      	movs	r3, #2
2000037a:	469a      	mov	sl, r3
2000037c:	3306      	adds	r3, #6
2000037e:	4699      	mov	r9, r3
20000380:	465b      	mov	r3, fp
20000382:	464a      	mov	r2, r9
20000384:	4657      	mov	r7, sl
20000386:	6a9b      	ldr	r3, [r3, #40]	@ 0x28
20000388:	401a      	ands	r2, r3
2000038a:	421f      	tst	r7, r3
2000038c:	d042      	beq.n	20000414 <flash_do_cmd+0x114>
2000038e:	2a00      	cmp	r2, #0
20000390:	d0f6      	beq.n	20000380 <flash_do_cmd+0x80>
20000392:	2c00      	cmp	r4, #0
20000394:	d130      	bne.n	200003f8 <flash_do_cmd+0xf8>
20000396:	f7ff ff97 	bl	200002c8 <flash_cs_force.constprop.0>
2000039a:	47c0      	blx	r8
2000039c:	f7ff ff6e 	bl	2000027c <flash_enable_xip_via_boot2>
200003a0:	a802      	add	r0, sp, #8
200003a2:	f7ff ff81 	bl	200002a8 <flash_restore_hardware_state>
200003a6:	b009      	add	sp, #36	@ 0x24
200003a8:	bcf0      	pop	{r4, r5, r6, r7}
200003aa:	46bb      	mov	fp, r7
200003ac:	46b2      	mov	sl, r6
200003ae:	46a9      	mov	r9, r5
200003b0:	46a0      	mov	r8, r4
200003b2:	bdf0      	pop	{r4, r5, r6, r7, pc}
200003b4:	2c00      	cmp	r4, #0
200003b6:	d12f      	bne.n	20000418 <flash_do_cmd+0x118>
200003b8:	22c0      	movs	r2, #192	@ 0xc0
200003ba:	0552      	lsls	r2, r2, #21
200003bc:	6a92      	ldr	r2, [r2, #40]	@ 0x28
200003be:	4691      	mov	r9, r2
200003c0:	2208      	movs	r2, #8
200003c2:	464f      	mov	r7, r9
200003c4:	403a      	ands	r2, r7
200003c6:	07bf      	lsls	r7, r7, #30
200003c8:	d52d      	bpl.n	20000426 <flash_do_cmd+0x126>
200003ca:	2b0d      	cmp	r3, #13
200003cc:	d91b      	bls.n	20000406 <flash_do_cmd+0x106>
200003ce:	2a00      	cmp	r2, #0
200003d0:	d1f0      	bne.n	200003b4 <flash_do_cmd+0xb4>
200003d2:	22c0      	movs	r2, #192	@ 0xc0
200003d4:	0552      	lsls	r2, r2, #21
200003d6:	6a92      	ldr	r2, [r2, #40]	@ 0x28
200003d8:	4691      	mov	r9, r2
200003da:	2208      	movs	r2, #8
200003dc:	464f      	mov	r7, r9
200003de:	403a      	ands	r2, r7
200003e0:	07bf      	lsls	r7, r7, #30
200003e2:	d4f2      	bmi.n	200003ca <flash_do_cmd+0xca>
200003e4:	2a00      	cmp	r2, #0
200003e6:	d104      	bne.n	200003f2 <flash_do_cmd+0xf2>
200003e8:	002b      	movs	r3, r5
200003ea:	4323      	orrs	r3, r4
200003ec:	2b00      	cmp	r3, #0
200003ee:	d1b4      	bne.n	2000035a <flash_do_cmd+0x5a>
200003f0:	e7d1      	b.n	20000396 <flash_do_cmd+0x96>
200003f2:	002b      	movs	r3, r5
200003f4:	2c00      	cmp	r4, #0
200003f6:	d0f9      	beq.n	200003ec <flash_do_cmd+0xec>
200003f8:	6e0b      	ldr	r3, [r1, #96]	@ 0x60
200003fa:	3c01      	subs	r4, #1
200003fc:	7033      	strb	r3, [r6, #0]
200003fe:	0023      	movs	r3, r4
20000400:	3601      	adds	r6, #1
20000402:	432b      	orrs	r3, r5
20000404:	e7f2      	b.n	200003ec <flash_do_cmd+0xec>
20000406:	9f01      	ldr	r7, [sp, #4]
20000408:	3d01      	subs	r5, #1
2000040a:	783b      	ldrb	r3, [r7, #0]
2000040c:	3701      	adds	r7, #1
2000040e:	660b      	str	r3, [r1, #96]	@ 0x60
20000410:	9701      	str	r7, [sp, #4]
20000412:	e7e7      	b.n	200003e4 <flash_do_cmd+0xe4>
20000414:	2500      	movs	r5, #0
20000416:	e7e5      	b.n	200003e4 <flash_do_cmd+0xe4>
20000418:	23c0      	movs	r3, #192	@ 0xc0
2000041a:	055b      	lsls	r3, r3, #21
2000041c:	6e1b      	ldr	r3, [r3, #96]	@ 0x60
2000041e:	3c01      	subs	r4, #1
20000420:	7033      	strb	r3, [r6, #0]
20000422:	3601      	adds	r6, #1
20000424:	e799      	b.n	2000035a <flash_do_cmd+0x5a>
20000426:	002b      	movs	r3, r5
20000428:	2a00      	cmp	r2, #0
2000042a:	d1df      	bne.n	200003ec <flash_do_cmd+0xec>
2000042c:	e7dc      	b.n	200003e8 <flash_do_cmd+0xe8>
2000042e:	46c0      	nop			@ (mov r8, r8)
20000430:	00004649 	.word	0x00004649
20000434:	00005845 	.word	0x00005845
20000438:	00004346 	.word	0x00004346

2000043c <reset_non_control_endpoints>:
2000043c:	2200      	movs	r2, #0
2000043e:	4b15      	ldr	r3, [pc, #84]	@ (20000494 <reset_non_control_endpoints+0x58>)
20000440:	b510      	push	{r4, lr}
20000442:	609a      	str	r2, [r3, #8]
20000444:	60da      	str	r2, [r3, #12]
20000446:	611a      	str	r2, [r3, #16]
20000448:	615a      	str	r2, [r3, #20]
2000044a:	619a      	str	r2, [r3, #24]
2000044c:	61da      	str	r2, [r3, #28]
2000044e:	621a      	str	r2, [r3, #32]
20000450:	625a      	str	r2, [r3, #36]	@ 0x24
20000452:	629a      	str	r2, [r3, #40]	@ 0x28
20000454:	62da      	str	r2, [r3, #44]	@ 0x2c
20000456:	631a      	str	r2, [r3, #48]	@ 0x30
20000458:	635a      	str	r2, [r3, #52]	@ 0x34
2000045a:	639a      	str	r2, [r3, #56]	@ 0x38
2000045c:	63da      	str	r2, [r3, #60]	@ 0x3c
2000045e:	641a      	str	r2, [r3, #64]	@ 0x40
20000460:	645a      	str	r2, [r3, #68]	@ 0x44
20000462:	649a      	str	r2, [r3, #72]	@ 0x48
20000464:	64da      	str	r2, [r3, #76]	@ 0x4c
20000466:	651a      	str	r2, [r3, #80]	@ 0x50
20000468:	655a      	str	r2, [r3, #84]	@ 0x54
2000046a:	659a      	str	r2, [r3, #88]	@ 0x58
2000046c:	65da      	str	r2, [r3, #92]	@ 0x5c
2000046e:	661a      	str	r2, [r3, #96]	@ 0x60
20000470:	665a      	str	r2, [r3, #100]	@ 0x64
20000472:	669a      	str	r2, [r3, #104]	@ 0x68
20000474:	66da      	str	r2, [r3, #108]	@ 0x6c
20000476:	671a      	str	r2, [r3, #112]	@ 0x70
20000478:	675a      	str	r2, [r3, #116]	@ 0x74
2000047a:	679a      	str	r2, [r3, #120]	@ 0x78
2000047c:	67da      	str	r2, [r3, #124]	@ 0x7c
2000047e:	32f0      	adds	r2, #240	@ 0xf0
20000480:	0092      	lsls	r2, r2, #2
20000482:	2100      	movs	r1, #0
20000484:	4804      	ldr	r0, [pc, #16]	@ (20000498 <reset_non_control_endpoints+0x5c>)
20000486:	f000 fd9b 	bl	20000fc0 <____wrap_memset_veneer>
2000048a:	4b04      	ldr	r3, [pc, #16]	@ (2000049c <reset_non_control_endpoints+0x60>)
2000048c:	4a04      	ldr	r2, [pc, #16]	@ (200004a0 <reset_non_control_endpoints+0x64>)
2000048e:	601a      	str	r2, [r3, #0]
20000490:	bd10      	pop	{r4, pc}
20000492:	46c0      	nop			@ (mov r8, r8)
20000494:	50100000 	.word	0x50100000
20000498:	20001bd0 	.word	0x20001bd0
2000049c:	20001fa4 	.word	0x20001fa4
200004a0:	50100180 	.word	0x50100180

200004a4 <hw_handle_buff_status>:
200004a4:	b5f0      	push	{r4, r5, r6, r7, lr}
200004a6:	464e      	mov	r6, r9
200004a8:	4645      	mov	r5, r8
200004aa:	46de      	mov	lr, fp
200004ac:	4657      	mov	r7, sl
200004ae:	b5e0      	push	{r5, r6, r7, lr}
200004b0:	4b21      	ldr	r3, [pc, #132]	@ (20000538 <hw_handle_buff_status+0x94>)
200004b2:	2400      	movs	r4, #0
200004b4:	6d9e      	ldr	r6, [r3, #88]	@ 0x58
200004b6:	2501      	movs	r5, #1
200004b8:	b085      	sub	sp, #20
200004ba:	2e00      	cmp	r6, #0
200004bc:	d022      	beq.n	20000504 <hw_handle_buff_status+0x60>
200004be:	4b1f      	ldr	r3, [pc, #124]	@ (2000053c <hw_handle_buff_status+0x98>)
200004c0:	469a      	mov	sl, r3
200004c2:	2301      	movs	r3, #1
200004c4:	4699      	mov	r9, r3
200004c6:	4b1e      	ldr	r3, [pc, #120]	@ (20000540 <hw_handle_buff_status+0x9c>)
200004c8:	4698      	mov	r8, r3
200004ca:	e001      	b.n	200004d0 <hw_handle_buff_status+0x2c>
200004cc:	2c20      	cmp	r4, #32
200004ce:	d019      	beq.n	20000504 <hw_handle_buff_status+0x60>
200004d0:	002a      	movs	r2, r5
200004d2:	0023      	movs	r3, r4
200004d4:	3401      	adds	r4, #1
200004d6:	002f      	movs	r7, r5
200004d8:	4032      	ands	r2, r6
200004da:	b2e4      	uxtb	r4, r4
200004dc:	006d      	lsls	r5, r5, #1
200004de:	2a00      	cmp	r2, #0
200004e0:	d0f4      	beq.n	200004cc <hw_handle_buff_status+0x28>
200004e2:	4652      	mov	r2, sl
200004e4:	6597      	str	r7, [r2, #88]	@ 0x58
200004e6:	464a      	mov	r2, r9
200004e8:	085b      	lsrs	r3, r3, #1
200004ea:	005b      	lsls	r3, r3, #1
200004ec:	4022      	ands	r2, r4
200004ee:	189b      	adds	r3, r3, r2
200004f0:	015b      	lsls	r3, r3, #5
200004f2:	4443      	add	r3, r8
200004f4:	0018      	movs	r0, r3
200004f6:	469b      	mov	fp, r3
200004f8:	f000 fc1e 	bl	20000d38 <hw_endpoint_xfer_continue>
200004fc:	2800      	cmp	r0, #0
200004fe:	d108      	bne.n	20000512 <hw_handle_buff_status+0x6e>
20000500:	43be      	bics	r6, r7
20000502:	d1e3      	bne.n	200004cc <hw_handle_buff_status+0x28>
20000504:	b005      	add	sp, #20
20000506:	bcf0      	pop	{r4, r5, r6, r7}
20000508:	46bb      	mov	fp, r7
2000050a:	46b2      	mov	sl, r6
2000050c:	46a9      	mov	r9, r5
2000050e:	46a0      	mov	r8, r4
20000510:	bdf0      	pop	{r4, r5, r6, r7, pc}
20000512:	465b      	mov	r3, fp
20000514:	21e0      	movs	r1, #224	@ 0xe0
20000516:	789a      	ldrb	r2, [r3, #2]
20000518:	8adb      	ldrh	r3, [r3, #22]
2000051a:	a801      	add	r0, sp, #4
2000051c:	6083      	str	r3, [r0, #8]
2000051e:	2300      	movs	r3, #0
20000520:	00c9      	lsls	r1, r1, #3
20000522:	8001      	strh	r1, [r0, #0]
20000524:	2101      	movs	r1, #1
20000526:	7102      	strb	r2, [r0, #4]
20000528:	7143      	strb	r3, [r0, #5]
2000052a:	f000 fc25 	bl	20000d78 <dcd_event_handler>
2000052e:	4658      	mov	r0, fp
20000530:	f000 fba0 	bl	20000c74 <hw_endpoint_reset_transfer>
20000534:	e7e4      	b.n	20000500 <hw_handle_buff_status+0x5c>
20000536:	46c0      	nop			@ (mov r8, r8)
20000538:	50110000 	.word	0x50110000
2000053c:	50113000 	.word	0x50113000
20000540:	20001b90 	.word	0x20001b90

20000544 <dcd_rp2040_irq>:
20000544:	2398      	movs	r3, #152	@ 0x98
20000546:	b5f0      	push	{r4, r5, r6, r7, lr}
20000548:	46c6      	mov	lr, r8
2000054a:	4ac8      	ldr	r2, [pc, #800]	@ (2000086c <dcd_rp2040_irq+0x328>)
2000054c:	b500      	push	{lr}
2000054e:	58d5      	ldr	r5, [r2, r3]
20000550:	2380      	movs	r3, #128	@ 0x80
20000552:	002e      	movs	r6, r5
20000554:	029b      	lsls	r3, r3, #10
20000556:	2410      	movs	r4, #16
20000558:	b084      	sub	sp, #16
2000055a:	401e      	ands	r6, r3
2000055c:	421d      	tst	r5, r3
2000055e:	d074      	beq.n	2000064a <dcd_rp2040_irq+0x106>
20000560:	4bc3      	ldr	r3, [pc, #780]	@ (20000870 <dcd_rp2040_irq+0x32c>)
20000562:	4cc4      	ldr	r4, [pc, #784]	@ (20000874 <dcd_rp2040_irq+0x330>)
20000564:	6a9a      	ldr	r2, [r3, #40]	@ 0x28
20000566:	4bc4      	ldr	r3, [pc, #784]	@ (20000878 <dcd_rp2040_irq+0x334>)
20000568:	2600      	movs	r6, #0
2000056a:	601a      	str	r2, [r3, #0]
2000056c:	233b      	movs	r3, #59	@ 0x3b
2000056e:	5ce3      	ldrb	r3, [r4, r3]
20000570:	2b02      	cmp	r3, #2
20000572:	d100      	bne.n	20000576 <dcd_rp2040_irq+0x32>
20000574:	e14f      	b.n	20000816 <dcd_rp2040_irq+0x2d2>
20000576:	237b      	movs	r3, #123	@ 0x7b
20000578:	5ce3      	ldrb	r3, [r4, r3]
2000057a:	2b02      	cmp	r3, #2
2000057c:	d100      	bne.n	20000580 <dcd_rp2040_irq+0x3c>
2000057e:	e0f3      	b.n	20000768 <dcd_rp2040_irq+0x224>
20000580:	23bb      	movs	r3, #187	@ 0xbb
20000582:	5ce3      	ldrb	r3, [r4, r3]
20000584:	2b02      	cmp	r3, #2
20000586:	d100      	bne.n	2000058a <dcd_rp2040_irq+0x46>
20000588:	e0fa      	b.n	20000780 <dcd_rp2040_irq+0x23c>
2000058a:	23fb      	movs	r3, #251	@ 0xfb
2000058c:	5ce3      	ldrb	r3, [r4, r3]
2000058e:	2b02      	cmp	r3, #2
20000590:	d100      	bne.n	20000594 <dcd_rp2040_irq+0x50>
20000592:	e101      	b.n	20000798 <dcd_rp2040_irq+0x254>
20000594:	233c      	movs	r3, #60	@ 0x3c
20000596:	33ff      	adds	r3, #255	@ 0xff
20000598:	5ce3      	ldrb	r3, [r4, r3]
2000059a:	2b02      	cmp	r3, #2
2000059c:	d100      	bne.n	200005a0 <dcd_rp2040_irq+0x5c>
2000059e:	e12d      	b.n	200007fc <dcd_rp2040_irq+0x2b8>
200005a0:	237c      	movs	r3, #124	@ 0x7c
200005a2:	33ff      	adds	r3, #255	@ 0xff
200005a4:	5ce3      	ldrb	r3, [r4, r3]
200005a6:	2b02      	cmp	r3, #2
200005a8:	d100      	bne.n	200005ac <dcd_rp2040_irq+0x68>
200005aa:	e10e      	b.n	200007ca <dcd_rp2040_irq+0x286>
200005ac:	23bc      	movs	r3, #188	@ 0xbc
200005ae:	33ff      	adds	r3, #255	@ 0xff
200005b0:	5ce3      	ldrb	r3, [r4, r3]
200005b2:	2b02      	cmp	r3, #2
200005b4:	d100      	bne.n	200005b8 <dcd_rp2040_irq+0x74>
200005b6:	e13f      	b.n	20000838 <dcd_rp2040_irq+0x2f4>
200005b8:	23fc      	movs	r3, #252	@ 0xfc
200005ba:	33ff      	adds	r3, #255	@ 0xff
200005bc:	5ce3      	ldrb	r3, [r4, r3]
200005be:	2b02      	cmp	r3, #2
200005c0:	d100      	bne.n	200005c4 <dcd_rp2040_irq+0x80>
200005c2:	e0f5      	b.n	200007b0 <dcd_rp2040_irq+0x26c>
200005c4:	4bad      	ldr	r3, [pc, #692]	@ (2000087c <dcd_rp2040_irq+0x338>)
200005c6:	5ce3      	ldrb	r3, [r4, r3]
200005c8:	2b02      	cmp	r3, #2
200005ca:	d100      	bne.n	200005ce <dcd_rp2040_irq+0x8a>
200005cc:	e174      	b.n	200008b8 <dcd_rp2040_irq+0x374>
200005ce:	4bac      	ldr	r3, [pc, #688]	@ (20000880 <dcd_rp2040_irq+0x33c>)
200005d0:	5ce3      	ldrb	r3, [r4, r3]
200005d2:	2b02      	cmp	r3, #2
200005d4:	d100      	bne.n	200005d8 <dcd_rp2040_irq+0x94>
200005d6:	e105      	b.n	200007e4 <dcd_rp2040_irq+0x2a0>
200005d8:	4baa      	ldr	r3, [pc, #680]	@ (20000884 <dcd_rp2040_irq+0x340>)
200005da:	5ce3      	ldrb	r3, [r4, r3]
200005dc:	2b02      	cmp	r3, #2
200005de:	d100      	bne.n	200005e2 <dcd_rp2040_irq+0x9e>
200005e0:	e175      	b.n	200008ce <dcd_rp2040_irq+0x38a>
200005e2:	4ba9      	ldr	r3, [pc, #676]	@ (20000888 <dcd_rp2040_irq+0x344>)
200005e4:	5ce3      	ldrb	r3, [r4, r3]
200005e6:	2b02      	cmp	r3, #2
200005e8:	d100      	bne.n	200005ec <dcd_rp2040_irq+0xa8>
200005ea:	e132      	b.n	20000852 <dcd_rp2040_irq+0x30e>
200005ec:	4ba7      	ldr	r3, [pc, #668]	@ (2000088c <dcd_rp2040_irq+0x348>)
200005ee:	5ce3      	ldrb	r3, [r4, r3]
200005f0:	2b02      	cmp	r3, #2
200005f2:	d100      	bne.n	200005f6 <dcd_rp2040_irq+0xb2>
200005f4:	e1a0      	b.n	20000938 <dcd_rp2040_irq+0x3f4>
200005f6:	4ba6      	ldr	r3, [pc, #664]	@ (20000890 <dcd_rp2040_irq+0x34c>)
200005f8:	5ce3      	ldrb	r3, [r4, r3]
200005fa:	2b02      	cmp	r3, #2
200005fc:	d100      	bne.n	20000600 <dcd_rp2040_irq+0xbc>
200005fe:	e171      	b.n	200008e4 <dcd_rp2040_irq+0x3a0>
20000600:	4ba4      	ldr	r3, [pc, #656]	@ (20000894 <dcd_rp2040_irq+0x350>)
20000602:	5ce3      	ldrb	r3, [r4, r3]
20000604:	2b02      	cmp	r3, #2
20000606:	d100      	bne.n	2000060a <dcd_rp2040_irq+0xc6>
20000608:	e1a1      	b.n	2000094e <dcd_rp2040_irq+0x40a>
2000060a:	4ba3      	ldr	r3, [pc, #652]	@ (20000898 <dcd_rp2040_irq+0x354>)
2000060c:	5ce3      	ldrb	r3, [r4, r3]
2000060e:	2b02      	cmp	r3, #2
20000610:	d100      	bne.n	20000614 <dcd_rp2040_irq+0xd0>
20000612:	e17f      	b.n	20000914 <dcd_rp2040_irq+0x3d0>
20000614:	2e00      	cmp	r6, #0
20000616:	d108      	bne.n	2000062a <dcd_rp2040_irq+0xe6>
20000618:	4ba0      	ldr	r3, [pc, #640]	@ (2000089c <dcd_rp2040_irq+0x358>)
2000061a:	781b      	ldrb	r3, [r3, #0]
2000061c:	2b00      	cmp	r3, #0
2000061e:	d104      	bne.n	2000062a <dcd_rp2040_irq+0xe6>
20000620:	2180      	movs	r1, #128	@ 0x80
20000622:	4a9f      	ldr	r2, [pc, #636]	@ (200008a0 <dcd_rp2040_irq+0x35c>)
20000624:	3390      	adds	r3, #144	@ 0x90
20000626:	0289      	lsls	r1, r1, #10
20000628:	50d1      	str	r1, [r2, r3]
2000062a:	22c0      	movs	r2, #192	@ 0xc0
2000062c:	4669      	mov	r1, sp
2000062e:	4b8f      	ldr	r3, [pc, #572]	@ (2000086c <dcd_rp2040_irq+0x328>)
20000630:	0092      	lsls	r2, r2, #2
20000632:	6c9b      	ldr	r3, [r3, #72]	@ 0x48
20000634:	2680      	movs	r6, #128	@ 0x80
20000636:	055b      	lsls	r3, r3, #21
20000638:	808a      	strh	r2, [r1, #4]
2000063a:	0d5b      	lsrs	r3, r3, #21
2000063c:	2101      	movs	r1, #1
2000063e:	a801      	add	r0, sp, #4
20000640:	9302      	str	r3, [sp, #8]
20000642:	f000 fb99 	bl	20000d78 <dcd_event_handler>
20000646:	4c97      	ldr	r4, [pc, #604]	@ (200008a4 <dcd_rp2040_irq+0x360>)
20000648:	02b6      	lsls	r6, r6, #10
2000064a:	06eb      	lsls	r3, r5, #27
2000064c:	d500      	bpl.n	20000650 <dcd_rp2040_irq+0x10c>
2000064e:	e07f      	b.n	20000750 <dcd_rp2040_irq+0x20c>
20000650:	2380      	movs	r3, #128	@ 0x80
20000652:	025b      	lsls	r3, r3, #9
20000654:	421d      	tst	r5, r3
20000656:	d031      	beq.n	200006bc <dcd_rp2040_irq+0x178>
20000658:	431e      	orrs	r6, r3
2000065a:	2301      	movs	r3, #1
2000065c:	2402      	movs	r4, #2
2000065e:	4698      	mov	r8, r3
20000660:	4f84      	ldr	r7, [pc, #528]	@ (20000874 <dcd_rp2040_irq+0x330>)
20000662:	7ebb      	ldrb	r3, [r7, #26]
20000664:	2b00      	cmp	r3, #0
20000666:	d014      	beq.n	20000692 <dcd_rp2040_irq+0x14e>
20000668:	f000 fc9a 	bl	20000fa0 <__rp2040_chip_version_veneer>
2000066c:	2801      	cmp	r0, #1
2000066e:	d900      	bls.n	20000672 <dcd_rp2040_irq+0x12e>
20000670:	e072      	b.n	20000758 <dcd_rp2040_irq+0x214>
20000672:	22c0      	movs	r2, #192	@ 0xc0
20000674:	2100      	movs	r1, #0
20000676:	0038      	movs	r0, r7
20000678:	0192      	lsls	r2, r2, #6
2000067a:	f000 fb01 	bl	20000c80 <_hw_endpoint_buffer_control_update32>
2000067e:	0038      	movs	r0, r7
20000680:	f000 faf8 	bl	20000c74 <hw_endpoint_reset_transfer>
20000684:	f000 fc8c 	bl	20000fa0 <__rp2040_chip_version_veneer>
20000688:	2801      	cmp	r0, #1
2000068a:	d902      	bls.n	20000692 <dcd_rp2040_irq+0x14e>
2000068c:	4b84      	ldr	r3, [pc, #528]	@ (200008a0 <dcd_rp2040_irq+0x35c>)
2000068e:	665c      	str	r4, [r3, #100]	@ 0x64
20000690:	661c      	str	r4, [r3, #96]	@ 0x60
20000692:	4643      	mov	r3, r8
20000694:	70fb      	strb	r3, [r7, #3]
20000696:	3720      	adds	r7, #32
20000698:	2c01      	cmp	r4, #1
2000069a:	d122      	bne.n	200006e2 <dcd_rp2040_irq+0x19e>
2000069c:	23c0      	movs	r3, #192	@ 0xc0
2000069e:	466a      	mov	r2, sp
200006a0:	00db      	lsls	r3, r3, #3
200006a2:	8093      	strh	r3, [r2, #4]
200006a4:	4a80      	ldr	r2, [pc, #512]	@ (200008a8 <dcd_rp2040_irq+0x364>)
200006a6:	ab02      	add	r3, sp, #8
200006a8:	ca03      	ldmia	r2!, {r0, r1}
200006aa:	c303      	stmia	r3!, {r0, r1}
200006ac:	2101      	movs	r1, #1
200006ae:	a801      	add	r0, sp, #4
200006b0:	f000 fb62 	bl	20000d78 <dcd_event_handler>
200006b4:	2280      	movs	r2, #128	@ 0x80
200006b6:	4b7a      	ldr	r3, [pc, #488]	@ (200008a0 <dcd_rp2040_irq+0x35c>)
200006b8:	0292      	lsls	r2, r2, #10
200006ba:	651a      	str	r2, [r3, #80]	@ 0x50
200006bc:	2380      	movs	r3, #128	@ 0x80
200006be:	015b      	lsls	r3, r3, #5
200006c0:	421d      	tst	r5, r3
200006c2:	d110      	bne.n	200006e6 <dcd_rp2040_irq+0x1a2>
200006c4:	2380      	movs	r3, #128	@ 0x80
200006c6:	01db      	lsls	r3, r3, #7
200006c8:	421d      	tst	r5, r3
200006ca:	d123      	bne.n	20000714 <dcd_rp2040_irq+0x1d0>
200006cc:	2380      	movs	r3, #128	@ 0x80
200006ce:	021b      	lsls	r3, r3, #8
200006d0:	421d      	tst	r5, r3
200006d2:	d12f      	bne.n	20000734 <dcd_rp2040_irq+0x1f0>
200006d4:	42ae      	cmp	r6, r5
200006d6:	d000      	beq.n	200006da <dcd_rp2040_irq+0x196>
200006d8:	e1c0      	b.n	20000a5c <dcd_rp2040_irq+0x518>
200006da:	b004      	add	sp, #16
200006dc:	bc80      	pop	{r7}
200006de:	46b8      	mov	r8, r7
200006e0:	bdf0      	pop	{r4, r5, r6, r7, pc}
200006e2:	2401      	movs	r4, #1
200006e4:	e7bd      	b.n	20000662 <dcd_rp2040_irq+0x11e>
200006e6:	2400      	movs	r4, #0
200006e8:	431e      	orrs	r6, r3
200006ea:	4b60      	ldr	r3, [pc, #384]	@ (2000086c <dcd_rp2040_irq+0x328>)
200006ec:	601c      	str	r4, [r3, #0]
200006ee:	f7ff fea5 	bl	2000043c <reset_non_control_endpoints>
200006f2:	2380      	movs	r3, #128	@ 0x80
200006f4:	466a      	mov	r2, sp
200006f6:	005b      	lsls	r3, r3, #1
200006f8:	8093      	strh	r3, [r2, #4]
200006fa:	7214      	strb	r4, [r2, #8]
200006fc:	2101      	movs	r1, #1
200006fe:	a801      	add	r0, sp, #4
20000700:	f000 fb3a 	bl	20000d78 <dcd_event_handler>
20000704:	2280      	movs	r2, #128	@ 0x80
20000706:	4b66      	ldr	r3, [pc, #408]	@ (200008a0 <dcd_rp2040_irq+0x35c>)
20000708:	0312      	lsls	r2, r2, #12
2000070a:	651a      	str	r2, [r3, #80]	@ 0x50
2000070c:	2380      	movs	r3, #128	@ 0x80
2000070e:	01db      	lsls	r3, r3, #7
20000710:	421d      	tst	r5, r3
20000712:	d0db      	beq.n	200006cc <dcd_rp2040_irq+0x188>
20000714:	431e      	orrs	r6, r3
20000716:	2380      	movs	r3, #128	@ 0x80
20000718:	466a      	mov	r2, sp
2000071a:	00db      	lsls	r3, r3, #3
2000071c:	8093      	strh	r3, [r2, #4]
2000071e:	2101      	movs	r1, #1
20000720:	a801      	add	r0, sp, #4
20000722:	f000 fb29 	bl	20000d78 <dcd_event_handler>
20000726:	2210      	movs	r2, #16
20000728:	4b5d      	ldr	r3, [pc, #372]	@ (200008a0 <dcd_rp2040_irq+0x35c>)
2000072a:	651a      	str	r2, [r3, #80]	@ 0x50
2000072c:	2380      	movs	r3, #128	@ 0x80
2000072e:	021b      	lsls	r3, r3, #8
20000730:	421d      	tst	r5, r3
20000732:	d0cf      	beq.n	200006d4 <dcd_rp2040_irq+0x190>
20000734:	431e      	orrs	r6, r3
20000736:	23a0      	movs	r3, #160	@ 0xa0
20000738:	466a      	mov	r2, sp
2000073a:	00db      	lsls	r3, r3, #3
2000073c:	8093      	strh	r3, [r2, #4]
2000073e:	2101      	movs	r1, #1
20000740:	a801      	add	r0, sp, #4
20000742:	f000 fb19 	bl	20000d78 <dcd_event_handler>
20000746:	2280      	movs	r2, #128	@ 0x80
20000748:	4b55      	ldr	r3, [pc, #340]	@ (200008a0 <dcd_rp2040_irq+0x35c>)
2000074a:	0112      	lsls	r2, r2, #4
2000074c:	651a      	str	r2, [r3, #80]	@ 0x50
2000074e:	e7c1      	b.n	200006d4 <dcd_rp2040_irq+0x190>
20000750:	f7ff fea8 	bl	200004a4 <hw_handle_buff_status>
20000754:	0026      	movs	r6, r4
20000756:	e77b      	b.n	20000650 <dcd_rp2040_irq+0x10c>
20000758:	4b54      	ldr	r3, [pc, #336]	@ (200008ac <dcd_rp2040_irq+0x368>)
2000075a:	4a44      	ldr	r2, [pc, #272]	@ (2000086c <dcd_rp2040_irq+0x328>)
2000075c:	661c      	str	r4, [r3, #96]	@ 0x60
2000075e:	6e53      	ldr	r3, [r2, #100]	@ 0x64
20000760:	4023      	ands	r3, r4
20000762:	42a3      	cmp	r3, r4
20000764:	d1fb      	bne.n	2000075e <dcd_rp2040_irq+0x21a>
20000766:	e784      	b.n	20000672 <dcd_rp2040_irq+0x12e>
20000768:	3378      	adds	r3, #120	@ 0x78
2000076a:	5ce7      	ldrb	r7, [r4, r3]
2000076c:	2f00      	cmp	r7, #0
2000076e:	d100      	bne.n	20000772 <dcd_rp2040_irq+0x22e>
20000770:	e706      	b.n	20000580 <dcd_rp2040_irq+0x3c>
20000772:	3302      	adds	r3, #2
20000774:	5ce2      	ldrb	r2, [r4, r3]
20000776:	2a00      	cmp	r2, #0
20000778:	d000      	beq.n	2000077c <dcd_rp2040_irq+0x238>
2000077a:	e10d      	b.n	20000998 <dcd_rp2040_irq+0x454>
2000077c:	003e      	movs	r6, r7
2000077e:	e6ff      	b.n	20000580 <dcd_rp2040_irq+0x3c>
20000780:	33b8      	adds	r3, #184	@ 0xb8
20000782:	5ce7      	ldrb	r7, [r4, r3]
20000784:	2f00      	cmp	r7, #0
20000786:	d100      	bne.n	2000078a <dcd_rp2040_irq+0x246>
20000788:	e6ff      	b.n	2000058a <dcd_rp2040_irq+0x46>
2000078a:	3302      	adds	r3, #2
2000078c:	5ce2      	ldrb	r2, [r4, r3]
2000078e:	2a00      	cmp	r2, #0
20000790:	d000      	beq.n	20000794 <dcd_rp2040_irq+0x250>
20000792:	e0f9      	b.n	20000988 <dcd_rp2040_irq+0x444>
20000794:	003e      	movs	r6, r7
20000796:	e6f8      	b.n	2000058a <dcd_rp2040_irq+0x46>
20000798:	33f8      	adds	r3, #248	@ 0xf8
2000079a:	5ce7      	ldrb	r7, [r4, r3]
2000079c:	2f00      	cmp	r7, #0
2000079e:	d100      	bne.n	200007a2 <dcd_rp2040_irq+0x25e>
200007a0:	e6f8      	b.n	20000594 <dcd_rp2040_irq+0x50>
200007a2:	3302      	adds	r3, #2
200007a4:	5ce2      	ldrb	r2, [r4, r3]
200007a6:	2a00      	cmp	r2, #0
200007a8:	d000      	beq.n	200007ac <dcd_rp2040_irq+0x268>
200007aa:	e141      	b.n	20000a30 <dcd_rp2040_irq+0x4ec>
200007ac:	003e      	movs	r6, r7
200007ae:	e6f1      	b.n	20000594 <dcd_rp2040_irq+0x50>
200007b0:	33f9      	adds	r3, #249	@ 0xf9
200007b2:	33ff      	adds	r3, #255	@ 0xff
200007b4:	5ce7      	ldrb	r7, [r4, r3]
200007b6:	2f00      	cmp	r7, #0
200007b8:	d100      	bne.n	200007bc <dcd_rp2040_irq+0x278>
200007ba:	e703      	b.n	200005c4 <dcd_rp2040_irq+0x80>
200007bc:	3302      	adds	r3, #2
200007be:	5ce2      	ldrb	r2, [r4, r3]
200007c0:	2a00      	cmp	r2, #0
200007c2:	d000      	beq.n	200007c6 <dcd_rp2040_irq+0x282>
200007c4:	e12b      	b.n	20000a1e <dcd_rp2040_irq+0x4da>
200007c6:	003e      	movs	r6, r7
200007c8:	e6fc      	b.n	200005c4 <dcd_rp2040_irq+0x80>
200007ca:	3379      	adds	r3, #121	@ 0x79
200007cc:	33ff      	adds	r3, #255	@ 0xff
200007ce:	5ce7      	ldrb	r7, [r4, r3]
200007d0:	2f00      	cmp	r7, #0
200007d2:	d100      	bne.n	200007d6 <dcd_rp2040_irq+0x292>
200007d4:	e6ea      	b.n	200005ac <dcd_rp2040_irq+0x68>
200007d6:	3302      	adds	r3, #2
200007d8:	5ce2      	ldrb	r2, [r4, r3]
200007da:	2a00      	cmp	r2, #0
200007dc:	d000      	beq.n	200007e0 <dcd_rp2040_irq+0x29c>
200007de:	e115      	b.n	20000a0c <dcd_rp2040_irq+0x4c8>
200007e0:	003e      	movs	r6, r7
200007e2:	e6e3      	b.n	200005ac <dcd_rp2040_irq+0x68>
200007e4:	4b32      	ldr	r3, [pc, #200]	@ (200008b0 <dcd_rp2040_irq+0x36c>)
200007e6:	5ce7      	ldrb	r7, [r4, r3]
200007e8:	2f00      	cmp	r7, #0
200007ea:	d100      	bne.n	200007ee <dcd_rp2040_irq+0x2aa>
200007ec:	e6f4      	b.n	200005d8 <dcd_rp2040_irq+0x94>
200007ee:	3302      	adds	r3, #2
200007f0:	5ce2      	ldrb	r2, [r4, r3]
200007f2:	2a00      	cmp	r2, #0
200007f4:	d000      	beq.n	200007f8 <dcd_rp2040_irq+0x2b4>
200007f6:	e101      	b.n	200009fc <dcd_rp2040_irq+0x4b8>
200007f8:	003e      	movs	r6, r7
200007fa:	e6ed      	b.n	200005d8 <dcd_rp2040_irq+0x94>
200007fc:	3339      	adds	r3, #57	@ 0x39
200007fe:	33ff      	adds	r3, #255	@ 0xff
20000800:	5ce7      	ldrb	r7, [r4, r3]
20000802:	2f00      	cmp	r7, #0
20000804:	d100      	bne.n	20000808 <dcd_rp2040_irq+0x2c4>
20000806:	e6cb      	b.n	200005a0 <dcd_rp2040_irq+0x5c>
20000808:	3302      	adds	r3, #2
2000080a:	5ce2      	ldrb	r2, [r4, r3]
2000080c:	2a00      	cmp	r2, #0
2000080e:	d000      	beq.n	20000812 <dcd_rp2040_irq+0x2ce>
20000810:	e0eb      	b.n	200009ea <dcd_rp2040_irq+0x4a6>
20000812:	003e      	movs	r6, r7
20000814:	e6c4      	b.n	200005a0 <dcd_rp2040_irq+0x5c>
20000816:	3338      	adds	r3, #56	@ 0x38
20000818:	5ce6      	ldrb	r6, [r4, r3]
2000081a:	2e00      	cmp	r6, #0
2000081c:	d100      	bne.n	20000820 <dcd_rp2040_irq+0x2dc>
2000081e:	e6aa      	b.n	20000576 <dcd_rp2040_irq+0x32>
20000820:	3302      	adds	r3, #2
20000822:	5ce2      	ldrb	r2, [r4, r3]
20000824:	2a00      	cmp	r2, #0
20000826:	d100      	bne.n	2000082a <dcd_rp2040_irq+0x2e6>
20000828:	e6a5      	b.n	20000576 <dcd_rp2040_irq+0x32>
2000082a:	0020      	movs	r0, r4
2000082c:	2200      	movs	r2, #0
2000082e:	3020      	adds	r0, #32
20000830:	54e2      	strb	r2, [r4, r3]
20000832:	f000 fa4d 	bl	20000cd0 <hw_endpoint_start_next_buffer>
20000836:	e69e      	b.n	20000576 <dcd_rp2040_irq+0x32>
20000838:	33b9      	adds	r3, #185	@ 0xb9
2000083a:	33ff      	adds	r3, #255	@ 0xff
2000083c:	5ce7      	ldrb	r7, [r4, r3]
2000083e:	2f00      	cmp	r7, #0
20000840:	d100      	bne.n	20000844 <dcd_rp2040_irq+0x300>
20000842:	e6b9      	b.n	200005b8 <dcd_rp2040_irq+0x74>
20000844:	3302      	adds	r3, #2
20000846:	5ce2      	ldrb	r2, [r4, r3]
20000848:	2a00      	cmp	r2, #0
2000084a:	d000      	beq.n	2000084e <dcd_rp2040_irq+0x30a>
2000084c:	e0c4      	b.n	200009d8 <dcd_rp2040_irq+0x494>
2000084e:	003e      	movs	r6, r7
20000850:	e6b2      	b.n	200005b8 <dcd_rp2040_irq+0x74>
20000852:	4b18      	ldr	r3, [pc, #96]	@ (200008b4 <dcd_rp2040_irq+0x370>)
20000854:	5ce7      	ldrb	r7, [r4, r3]
20000856:	2f00      	cmp	r7, #0
20000858:	d100      	bne.n	2000085c <dcd_rp2040_irq+0x318>
2000085a:	e6c7      	b.n	200005ec <dcd_rp2040_irq+0xa8>
2000085c:	3302      	adds	r3, #2
2000085e:	5ce2      	ldrb	r2, [r4, r3]
20000860:	2a00      	cmp	r2, #0
20000862:	d000      	beq.n	20000866 <dcd_rp2040_irq+0x322>
20000864:	e0b0      	b.n	200009c8 <dcd_rp2040_irq+0x484>
20000866:	003e      	movs	r6, r7
20000868:	e6c0      	b.n	200005ec <dcd_rp2040_irq+0xa8>
2000086a:	46c0      	nop			@ (mov r8, r8)
2000086c:	50110000 	.word	0x50110000
20000870:	40054000 	.word	0x40054000
20000874:	20001b90 	.word	0x20001b90
20000878:	20001b84 	.word	0x20001b84
2000087c:	0000023b 	.word	0x0000023b
20000880:	0000027b 	.word	0x0000027b
20000884:	000002bb 	.word	0x000002bb
20000888:	000002fb 	.word	0x000002fb
2000088c:	0000033b 	.word	0x0000033b
20000890:	0000037b 	.word	0x0000037b
20000894:	000003bb 	.word	0x000003bb
20000898:	000003fb 	.word	0x000003fb
2000089c:	2000200a 	.word	0x2000200a
200008a0:	50113000 	.word	0x50113000
200008a4:	00020010 	.word	0x00020010
200008a8:	50100000 	.word	0x50100000
200008ac:	50112000 	.word	0x50112000
200008b0:	0000027a 	.word	0x0000027a
200008b4:	000002fa 	.word	0x000002fa
200008b8:	4b6b      	ldr	r3, [pc, #428]	@ (20000a68 <dcd_rp2040_irq+0x524>)
200008ba:	5ce7      	ldrb	r7, [r4, r3]
200008bc:	2f00      	cmp	r7, #0
200008be:	d100      	bne.n	200008c2 <dcd_rp2040_irq+0x37e>
200008c0:	e685      	b.n	200005ce <dcd_rp2040_irq+0x8a>
200008c2:	3302      	adds	r3, #2
200008c4:	5ce2      	ldrb	r2, [r4, r3]
200008c6:	2a00      	cmp	r2, #0
200008c8:	d176      	bne.n	200009b8 <dcd_rp2040_irq+0x474>
200008ca:	003e      	movs	r6, r7
200008cc:	e67f      	b.n	200005ce <dcd_rp2040_irq+0x8a>
200008ce:	4b67      	ldr	r3, [pc, #412]	@ (20000a6c <dcd_rp2040_irq+0x528>)
200008d0:	5ce7      	ldrb	r7, [r4, r3]
200008d2:	2f00      	cmp	r7, #0
200008d4:	d100      	bne.n	200008d8 <dcd_rp2040_irq+0x394>
200008d6:	e684      	b.n	200005e2 <dcd_rp2040_irq+0x9e>
200008d8:	3302      	adds	r3, #2
200008da:	5ce2      	ldrb	r2, [r4, r3]
200008dc:	2a00      	cmp	r2, #0
200008de:	d163      	bne.n	200009a8 <dcd_rp2040_irq+0x464>
200008e0:	003e      	movs	r6, r7
200008e2:	e67e      	b.n	200005e2 <dcd_rp2040_irq+0x9e>
200008e4:	4b62      	ldr	r3, [pc, #392]	@ (20000a70 <dcd_rp2040_irq+0x52c>)
200008e6:	5ce7      	ldrb	r7, [r4, r3]
200008e8:	2f00      	cmp	r7, #0
200008ea:	d100      	bne.n	200008ee <dcd_rp2040_irq+0x3aa>
200008ec:	e688      	b.n	20000600 <dcd_rp2040_irq+0xbc>
200008ee:	3302      	adds	r3, #2
200008f0:	5ce2      	ldrb	r2, [r4, r3]
200008f2:	2a00      	cmp	r2, #0
200008f4:	d000      	beq.n	200008f8 <dcd_rp2040_irq+0x3b4>
200008f6:	e0a3      	b.n	20000a40 <dcd_rp2040_irq+0x4fc>
200008f8:	4b5e      	ldr	r3, [pc, #376]	@ (20000a74 <dcd_rp2040_irq+0x530>)
200008fa:	5ce3      	ldrb	r3, [r4, r3]
200008fc:	2b02      	cmp	r3, #2
200008fe:	d130      	bne.n	20000962 <dcd_rp2040_irq+0x41e>
20000900:	4b5d      	ldr	r3, [pc, #372]	@ (20000a78 <dcd_rp2040_irq+0x534>)
20000902:	5ce3      	ldrb	r3, [r4, r3]
20000904:	2b00      	cmp	r3, #0
20000906:	d127      	bne.n	20000958 <dcd_rp2040_irq+0x414>
20000908:	4b5c      	ldr	r3, [pc, #368]	@ (20000a7c <dcd_rp2040_irq+0x538>)
2000090a:	5ce3      	ldrb	r3, [r4, r3]
2000090c:	2b02      	cmp	r3, #2
2000090e:	d000      	beq.n	20000912 <dcd_rp2040_irq+0x3ce>
20000910:	e68b      	b.n	2000062a <dcd_rp2040_irq+0xe6>
20000912:	003e      	movs	r6, r7
20000914:	4b5a      	ldr	r3, [pc, #360]	@ (20000a80 <dcd_rp2040_irq+0x53c>)
20000916:	5ce3      	ldrb	r3, [r4, r3]
20000918:	2b00      	cmp	r3, #0
2000091a:	d100      	bne.n	2000091e <dcd_rp2040_irq+0x3da>
2000091c:	e67a      	b.n	20000614 <dcd_rp2040_irq+0xd0>
2000091e:	23ff      	movs	r3, #255	@ 0xff
20000920:	009b      	lsls	r3, r3, #2
20000922:	5ce2      	ldrb	r2, [r4, r3]
20000924:	2a00      	cmp	r2, #0
20000926:	d100      	bne.n	2000092a <dcd_rp2040_irq+0x3e6>
20000928:	e67f      	b.n	2000062a <dcd_rp2040_irq+0xe6>
2000092a:	2200      	movs	r2, #0
2000092c:	54e2      	strb	r2, [r4, r3]
2000092e:	3b1c      	subs	r3, #28
20000930:	18e0      	adds	r0, r4, r3
20000932:	f000 f9cd 	bl	20000cd0 <hw_endpoint_start_next_buffer>
20000936:	e678      	b.n	2000062a <dcd_rp2040_irq+0xe6>
20000938:	4b52      	ldr	r3, [pc, #328]	@ (20000a84 <dcd_rp2040_irq+0x540>)
2000093a:	5ce7      	ldrb	r7, [r4, r3]
2000093c:	2f00      	cmp	r7, #0
2000093e:	d100      	bne.n	20000942 <dcd_rp2040_irq+0x3fe>
20000940:	e659      	b.n	200005f6 <dcd_rp2040_irq+0xb2>
20000942:	3302      	adds	r3, #2
20000944:	5ce2      	ldrb	r2, [r4, r3]
20000946:	2a00      	cmp	r2, #0
20000948:	d116      	bne.n	20000978 <dcd_rp2040_irq+0x434>
2000094a:	003e      	movs	r6, r7
2000094c:	e653      	b.n	200005f6 <dcd_rp2040_irq+0xb2>
2000094e:	4b4a      	ldr	r3, [pc, #296]	@ (20000a78 <dcd_rp2040_irq+0x534>)
20000950:	5ce3      	ldrb	r3, [r4, r3]
20000952:	2b00      	cmp	r3, #0
20000954:	d100      	bne.n	20000958 <dcd_rp2040_irq+0x414>
20000956:	e658      	b.n	2000060a <dcd_rp2040_irq+0xc6>
20000958:	23ef      	movs	r3, #239	@ 0xef
2000095a:	009b      	lsls	r3, r3, #2
2000095c:	5ce2      	ldrb	r2, [r4, r3]
2000095e:	2a00      	cmp	r2, #0
20000960:	d175      	bne.n	20000a4e <dcd_rp2040_irq+0x50a>
20000962:	4b46      	ldr	r3, [pc, #280]	@ (20000a7c <dcd_rp2040_irq+0x538>)
20000964:	5ce3      	ldrb	r3, [r4, r3]
20000966:	2b02      	cmp	r3, #2
20000968:	d000      	beq.n	2000096c <dcd_rp2040_irq+0x428>
2000096a:	e65e      	b.n	2000062a <dcd_rp2040_irq+0xe6>
2000096c:	4b44      	ldr	r3, [pc, #272]	@ (20000a80 <dcd_rp2040_irq+0x53c>)
2000096e:	5ce3      	ldrb	r3, [r4, r3]
20000970:	2b00      	cmp	r3, #0
20000972:	d100      	bne.n	20000976 <dcd_rp2040_irq+0x432>
20000974:	e659      	b.n	2000062a <dcd_rp2040_irq+0xe6>
20000976:	e7d2      	b.n	2000091e <dcd_rp2040_irq+0x3da>
20000978:	2200      	movs	r2, #0
2000097a:	54e2      	strb	r2, [r4, r3]
2000097c:	3b1c      	subs	r3, #28
2000097e:	18e0      	adds	r0, r4, r3
20000980:	f000 f9a6 	bl	20000cd0 <hw_endpoint_start_next_buffer>
20000984:	003e      	movs	r6, r7
20000986:	e636      	b.n	200005f6 <dcd_rp2040_irq+0xb2>
20000988:	0020      	movs	r0, r4
2000098a:	2200      	movs	r2, #0
2000098c:	30a0      	adds	r0, #160	@ 0xa0
2000098e:	54e2      	strb	r2, [r4, r3]
20000990:	003e      	movs	r6, r7
20000992:	f000 f99d 	bl	20000cd0 <hw_endpoint_start_next_buffer>
20000996:	e5f8      	b.n	2000058a <dcd_rp2040_irq+0x46>
20000998:	0020      	movs	r0, r4
2000099a:	2200      	movs	r2, #0
2000099c:	3060      	adds	r0, #96	@ 0x60
2000099e:	54e2      	strb	r2, [r4, r3]
200009a0:	003e      	movs	r6, r7
200009a2:	f000 f995 	bl	20000cd0 <hw_endpoint_start_next_buffer>
200009a6:	e5eb      	b.n	20000580 <dcd_rp2040_irq+0x3c>
200009a8:	2200      	movs	r2, #0
200009aa:	54e2      	strb	r2, [r4, r3]
200009ac:	3b1c      	subs	r3, #28
200009ae:	18e0      	adds	r0, r4, r3
200009b0:	f000 f98e 	bl	20000cd0 <hw_endpoint_start_next_buffer>
200009b4:	003e      	movs	r6, r7
200009b6:	e614      	b.n	200005e2 <dcd_rp2040_irq+0x9e>
200009b8:	2200      	movs	r2, #0
200009ba:	54e2      	strb	r2, [r4, r3]
200009bc:	3b1c      	subs	r3, #28
200009be:	18e0      	adds	r0, r4, r3
200009c0:	f000 f986 	bl	20000cd0 <hw_endpoint_start_next_buffer>
200009c4:	003e      	movs	r6, r7
200009c6:	e602      	b.n	200005ce <dcd_rp2040_irq+0x8a>
200009c8:	2200      	movs	r2, #0
200009ca:	54e2      	strb	r2, [r4, r3]
200009cc:	3b1c      	subs	r3, #28
200009ce:	18e0      	adds	r0, r4, r3
200009d0:	f000 f97e 	bl	20000cd0 <hw_endpoint_start_next_buffer>
200009d4:	003e      	movs	r6, r7
200009d6:	e609      	b.n	200005ec <dcd_rp2040_irq+0xa8>
200009d8:	0020      	movs	r0, r4
200009da:	2200      	movs	r2, #0
200009dc:	30a1      	adds	r0, #161	@ 0xa1
200009de:	30ff      	adds	r0, #255	@ 0xff
200009e0:	54e2      	strb	r2, [r4, r3]
200009e2:	003e      	movs	r6, r7
200009e4:	f000 f974 	bl	20000cd0 <hw_endpoint_start_next_buffer>
200009e8:	e5e6      	b.n	200005b8 <dcd_rp2040_irq+0x74>
200009ea:	0020      	movs	r0, r4
200009ec:	2200      	movs	r2, #0
200009ee:	3021      	adds	r0, #33	@ 0x21
200009f0:	30ff      	adds	r0, #255	@ 0xff
200009f2:	54e2      	strb	r2, [r4, r3]
200009f4:	003e      	movs	r6, r7
200009f6:	f000 f96b 	bl	20000cd0 <hw_endpoint_start_next_buffer>
200009fa:	e5d1      	b.n	200005a0 <dcd_rp2040_irq+0x5c>
200009fc:	2200      	movs	r2, #0
200009fe:	54e2      	strb	r2, [r4, r3]
20000a00:	3b1c      	subs	r3, #28
20000a02:	18e0      	adds	r0, r4, r3
20000a04:	f000 f964 	bl	20000cd0 <hw_endpoint_start_next_buffer>
20000a08:	003e      	movs	r6, r7
20000a0a:	e5e5      	b.n	200005d8 <dcd_rp2040_irq+0x94>
20000a0c:	0020      	movs	r0, r4
20000a0e:	2200      	movs	r2, #0
20000a10:	3061      	adds	r0, #97	@ 0x61
20000a12:	30ff      	adds	r0, #255	@ 0xff
20000a14:	54e2      	strb	r2, [r4, r3]
20000a16:	003e      	movs	r6, r7
20000a18:	f000 f95a 	bl	20000cd0 <hw_endpoint_start_next_buffer>
20000a1c:	e5c6      	b.n	200005ac <dcd_rp2040_irq+0x68>
20000a1e:	0020      	movs	r0, r4
20000a20:	2200      	movs	r2, #0
20000a22:	30e1      	adds	r0, #225	@ 0xe1
20000a24:	30ff      	adds	r0, #255	@ 0xff
20000a26:	54e2      	strb	r2, [r4, r3]
20000a28:	003e      	movs	r6, r7
20000a2a:	f000 f951 	bl	20000cd0 <hw_endpoint_start_next_buffer>
20000a2e:	e5c9      	b.n	200005c4 <dcd_rp2040_irq+0x80>
20000a30:	0020      	movs	r0, r4
20000a32:	2200      	movs	r2, #0
20000a34:	30e0      	adds	r0, #224	@ 0xe0
20000a36:	54e2      	strb	r2, [r4, r3]
20000a38:	003e      	movs	r6, r7
20000a3a:	f000 f949 	bl	20000cd0 <hw_endpoint_start_next_buffer>
20000a3e:	e5a9      	b.n	20000594 <dcd_rp2040_irq+0x50>
20000a40:	2200      	movs	r2, #0
20000a42:	54e2      	strb	r2, [r4, r3]
20000a44:	3b1c      	subs	r3, #28
20000a46:	18e0      	adds	r0, r4, r3
20000a48:	f000 f942 	bl	20000cd0 <hw_endpoint_start_next_buffer>
20000a4c:	e754      	b.n	200008f8 <dcd_rp2040_irq+0x3b4>
20000a4e:	2200      	movs	r2, #0
20000a50:	54e2      	strb	r2, [r4, r3]
20000a52:	3b1c      	subs	r3, #28
20000a54:	18e0      	adds	r0, r4, r3
20000a56:	f000 f93b 	bl	20000cd0 <hw_endpoint_start_next_buffer>
20000a5a:	e782      	b.n	20000962 <dcd_rp2040_irq+0x41e>
20000a5c:	0031      	movs	r1, r6
20000a5e:	480a      	ldr	r0, [pc, #40]	@ (20000a88 <dcd_rp2040_irq+0x544>)
20000a60:	4069      	eors	r1, r5
20000a62:	f000 fab5 	bl	20000fd0 <__panic_veneer>
20000a66:	46c0      	nop			@ (mov r8, r8)
20000a68:	0000023a 	.word	0x0000023a
20000a6c:	000002ba 	.word	0x000002ba
20000a70:	0000037a 	.word	0x0000037a
20000a74:	000003bb 	.word	0x000003bb
20000a78:	000003ba 	.word	0x000003ba
20000a7c:	000003fb 	.word	0x000003fb
20000a80:	000003fa 	.word	0x000003fa
20000a84:	0000033a 	.word	0x0000033a
20000a88:	10008a60 	.word	0x10008a60

20000a8c <prepare_ep_buffer>:
20000a8c:	b5f0      	push	{r4, r5, r6, r7, lr}
20000a8e:	46c6      	mov	lr, r8
20000a90:	b500      	push	{lr}
20000a92:	0002      	movs	r2, r0
20000a94:	8a83      	ldrh	r3, [r0, #20]
20000a96:	8b00      	ldrh	r0, [r0, #24]
20000a98:	468c      	mov	ip, r1
20000a9a:	1c01      	adds	r1, r0, #0
20000a9c:	4298      	cmp	r0, r3
20000a9e:	d900      	bls.n	20000aa2 <prepare_ep_buffer+0x16>
20000aa0:	1c19      	adds	r1, r3, #0
20000aa2:	78d4      	ldrb	r4, [r2, #3]
20000aa4:	2580      	movs	r5, #128	@ 0x80
20000aa6:	0020      	movs	r0, r4
20000aa8:	1e46      	subs	r6, r0, #1
20000aaa:	41b0      	sbcs	r0, r6
20000aac:	b289      	uxth	r1, r1
20000aae:	00ed      	lsls	r5, r5, #3
20000ab0:	430d      	orrs	r5, r1
20000ab2:	0340      	lsls	r0, r0, #13
20000ab4:	4328      	orrs	r0, r5
20000ab6:	2501      	movs	r5, #1
20000ab8:	406c      	eors	r4, r5
20000aba:	1a5b      	subs	r3, r3, r1
20000abc:	70d4      	strb	r4, [r2, #3]
20000abe:	7854      	ldrb	r4, [r2, #1]
20000ac0:	b29b      	uxth	r3, r3
20000ac2:	8293      	strh	r3, [r2, #20]
20000ac4:	2c00      	cmp	r4, #0
20000ac6:	d131      	bne.n	20000b2c <prepare_ep_buffer+0xa0>
20000ac8:	4664      	mov	r4, ip
20000aca:	68d5      	ldr	r5, [r2, #12]
20000acc:	01a4      	lsls	r4, r4, #6
20000ace:	1e4e      	subs	r6, r1, #1
20000ad0:	192d      	adds	r5, r5, r4
20000ad2:	46b0      	mov	r8, r6
20000ad4:	6914      	ldr	r4, [r2, #16]
20000ad6:	2900      	cmp	r1, #0
20000ad8:	d023      	beq.n	20000b22 <prepare_ep_buffer+0x96>
20000ada:	2e06      	cmp	r6, #6
20000adc:	d932      	bls.n	20000b44 <prepare_ep_buffer+0xb8>
20000ade:	002b      	movs	r3, r5
20000ae0:	4323      	orrs	r3, r4
20000ae2:	079b      	lsls	r3, r3, #30
20000ae4:	d12e      	bne.n	20000b44 <prepare_ep_buffer+0xb8>
20000ae6:	1c63      	adds	r3, r4, #1
20000ae8:	1aeb      	subs	r3, r5, r3
20000aea:	2b02      	cmp	r3, #2
20000aec:	d92a      	bls.n	20000b44 <prepare_ep_buffer+0xb8>
20000aee:	2300      	movs	r3, #0
20000af0:	088f      	lsrs	r7, r1, #2
20000af2:	00bf      	lsls	r7, r7, #2
20000af4:	58e6      	ldr	r6, [r4, r3]
20000af6:	50ee      	str	r6, [r5, r3]
20000af8:	3304      	adds	r3, #4
20000afa:	429f      	cmp	r7, r3
20000afc:	d1fa      	bne.n	20000af4 <prepare_ep_buffer+0x68>
20000afe:	4643      	mov	r3, r8
20000b00:	19ed      	adds	r5, r5, r7
20000b02:	1bdb      	subs	r3, r3, r7
20000b04:	19e4      	adds	r4, r4, r7
20000b06:	42b9      	cmp	r1, r7
20000b08:	d009      	beq.n	20000b1e <prepare_ep_buffer+0x92>
20000b0a:	7826      	ldrb	r6, [r4, #0]
20000b0c:	702e      	strb	r6, [r5, #0]
20000b0e:	2b00      	cmp	r3, #0
20000b10:	d005      	beq.n	20000b1e <prepare_ep_buffer+0x92>
20000b12:	7866      	ldrb	r6, [r4, #1]
20000b14:	706e      	strb	r6, [r5, #1]
20000b16:	2b01      	cmp	r3, #1
20000b18:	d001      	beq.n	20000b1e <prepare_ep_buffer+0x92>
20000b1a:	78a3      	ldrb	r3, [r4, #2]
20000b1c:	70ab      	strb	r3, [r5, #2]
20000b1e:	6914      	ldr	r4, [r2, #16]
20000b20:	8a93      	ldrh	r3, [r2, #20]
20000b22:	1864      	adds	r4, r4, r1
20000b24:	6114      	str	r4, [r2, #16]
20000b26:	2280      	movs	r2, #128	@ 0x80
20000b28:	0212      	lsls	r2, r2, #8
20000b2a:	4310      	orrs	r0, r2
20000b2c:	2b00      	cmp	r3, #0
20000b2e:	d102      	bne.n	20000b36 <prepare_ep_buffer+0xaa>
20000b30:	2380      	movs	r3, #128	@ 0x80
20000b32:	01db      	lsls	r3, r3, #7
20000b34:	4318      	orrs	r0, r3
20000b36:	4663      	mov	r3, ip
20000b38:	2b00      	cmp	r3, #0
20000b3a:	d000      	beq.n	20000b3e <prepare_ep_buffer+0xb2>
20000b3c:	0400      	lsls	r0, r0, #16
20000b3e:	bc80      	pop	{r7}
20000b40:	46b8      	mov	r8, r7
20000b42:	bdf0      	pop	{r4, r5, r6, r7, pc}
20000b44:	2300      	movs	r3, #0
20000b46:	5ce6      	ldrb	r6, [r4, r3]
20000b48:	54ee      	strb	r6, [r5, r3]
20000b4a:	3301      	adds	r3, #1
20000b4c:	4299      	cmp	r1, r3
20000b4e:	d1fa      	bne.n	20000b46 <prepare_ep_buffer+0xba>
20000b50:	e7e5      	b.n	20000b1e <prepare_ep_buffer+0x92>
20000b52:	46c0      	nop			@ (mov r8, r8)

20000b54 <sync_ep_buffer>:
20000b54:	6883      	ldr	r3, [r0, #8]
20000b56:	b5f0      	push	{r4, r5, r6, r7, lr}
20000b58:	681a      	ldr	r2, [r3, #0]
20000b5a:	0004      	movs	r4, r0
20000b5c:	2900      	cmp	r1, #0
20000b5e:	d000      	beq.n	20000b62 <sync_ep_buffer+0xe>
20000b60:	0c12      	lsrs	r2, r2, #16
20000b62:	7863      	ldrb	r3, [r4, #1]
20000b64:	0592      	lsls	r2, r2, #22
20000b66:	0d90      	lsrs	r0, r2, #22
20000b68:	2b00      	cmp	r3, #0
20000b6a:	d108      	bne.n	20000b7e <sync_ep_buffer+0x2a>
20000b6c:	8ae3      	ldrh	r3, [r4, #22]
20000b6e:	18c3      	adds	r3, r0, r3
20000b70:	82e3      	strh	r3, [r4, #22]
20000b72:	8b23      	ldrh	r3, [r4, #24]
20000b74:	4283      	cmp	r3, r0
20000b76:	d901      	bls.n	20000b7c <sync_ep_buffer+0x28>
20000b78:	2300      	movs	r3, #0
20000b7a:	82a3      	strh	r3, [r4, #20]
20000b7c:	bdf0      	pop	{r4, r5, r6, r7, pc}
20000b7e:	68e3      	ldr	r3, [r4, #12]
20000b80:	0189      	lsls	r1, r1, #6
20000b82:	6925      	ldr	r5, [r4, #16]
20000b84:	185e      	adds	r6, r3, r1
20000b86:	1e47      	subs	r7, r0, #1
20000b88:	2800      	cmp	r0, #0
20000b8a:	d022      	beq.n	20000bd2 <sync_ep_buffer+0x7e>
20000b8c:	2f06      	cmp	r7, #6
20000b8e:	d926      	bls.n	20000bde <sync_ep_buffer+0x8a>
20000b90:	3101      	adds	r1, #1
20000b92:	185b      	adds	r3, r3, r1
20000b94:	1aeb      	subs	r3, r5, r3
20000b96:	2b02      	cmp	r3, #2
20000b98:	d921      	bls.n	20000bde <sync_ep_buffer+0x8a>
20000b9a:	002b      	movs	r3, r5
20000b9c:	4333      	orrs	r3, r6
20000b9e:	079b      	lsls	r3, r3, #30
20000ba0:	d11d      	bne.n	20000bde <sync_ep_buffer+0x8a>
20000ba2:	2300      	movs	r3, #0
20000ba4:	0e12      	lsrs	r2, r2, #24
20000ba6:	0092      	lsls	r2, r2, #2
20000ba8:	58f1      	ldr	r1, [r6, r3]
20000baa:	50e9      	str	r1, [r5, r3]
20000bac:	3304      	adds	r3, #4
20000bae:	429a      	cmp	r2, r3
20000bb0:	d1fa      	bne.n	20000ba8 <sync_ep_buffer+0x54>
20000bb2:	1abf      	subs	r7, r7, r2
20000bb4:	18ad      	adds	r5, r5, r2
20000bb6:	18b6      	adds	r6, r6, r2
20000bb8:	4290      	cmp	r0, r2
20000bba:	d009      	beq.n	20000bd0 <sync_ep_buffer+0x7c>
20000bbc:	7832      	ldrb	r2, [r6, #0]
20000bbe:	702a      	strb	r2, [r5, #0]
20000bc0:	2f00      	cmp	r7, #0
20000bc2:	d005      	beq.n	20000bd0 <sync_ep_buffer+0x7c>
20000bc4:	7872      	ldrb	r2, [r6, #1]
20000bc6:	706a      	strb	r2, [r5, #1]
20000bc8:	2f01      	cmp	r7, #1
20000bca:	d001      	beq.n	20000bd0 <sync_ep_buffer+0x7c>
20000bcc:	78b2      	ldrb	r2, [r6, #2]
20000bce:	70aa      	strb	r2, [r5, #2]
20000bd0:	6925      	ldr	r5, [r4, #16]
20000bd2:	8ae3      	ldrh	r3, [r4, #22]
20000bd4:	182d      	adds	r5, r5, r0
20000bd6:	18c3      	adds	r3, r0, r3
20000bd8:	82e3      	strh	r3, [r4, #22]
20000bda:	6125      	str	r5, [r4, #16]
20000bdc:	e7c9      	b.n	20000b72 <sync_ep_buffer+0x1e>
20000bde:	2200      	movs	r2, #0
20000be0:	5cb3      	ldrb	r3, [r6, r2]
20000be2:	54ab      	strb	r3, [r5, r2]
20000be4:	3201      	adds	r2, #1
20000be6:	4290      	cmp	r0, r2
20000be8:	d1fa      	bne.n	20000be0 <sync_ep_buffer+0x8c>
20000bea:	6925      	ldr	r5, [r4, #16]
20000bec:	e7f1      	b.n	20000bd2 <sync_ep_buffer+0x7e>
20000bee:	46c0      	nop			@ (mov r8, r8)

20000bf0 <_hw_endpoint_xfer_sync>:
20000bf0:	b510      	push	{r4, lr}
20000bf2:	0004      	movs	r4, r0
20000bf4:	6883      	ldr	r3, [r0, #8]
20000bf6:	2100      	movs	r1, #0
20000bf8:	681b      	ldr	r3, [r3, #0]
20000bfa:	f7ff ffab 	bl	20000b54 <sync_ep_buffer>
20000bfe:	6863      	ldr	r3, [r4, #4]
20000c00:	681b      	ldr	r3, [r3, #0]
20000c02:	005b      	lsls	r3, r3, #1
20000c04:	d502      	bpl.n	20000c0c <_hw_endpoint_xfer_sync+0x1c>
20000c06:	8b23      	ldrh	r3, [r4, #24]
20000c08:	4283      	cmp	r3, r0
20000c0a:	d000      	beq.n	20000c0e <_hw_endpoint_xfer_sync+0x1e>
20000c0c:	bd10      	pop	{r4, pc}
20000c0e:	2101      	movs	r1, #1
20000c10:	0020      	movs	r0, r4
20000c12:	f7ff ff9f 	bl	20000b54 <sync_ep_buffer>
20000c16:	e7f9      	b.n	20000c0c <_hw_endpoint_xfer_sync+0x1c>

20000c18 <e15_is_bulkin_ep>:
20000c18:	4a08      	ldr	r2, [pc, #32]	@ (20000c3c <e15_is_bulkin_ep+0x24>)
20000c1a:	0003      	movs	r3, r0
20000c1c:	6c12      	ldr	r2, [r2, #64]	@ 0x40
20000c1e:	2000      	movs	r0, #0
20000c20:	0792      	lsls	r2, r2, #30
20000c22:	d403      	bmi.n	20000c2c <e15_is_bulkin_ep+0x14>
20000c24:	789a      	ldrb	r2, [r3, #2]
20000c26:	09d2      	lsrs	r2, r2, #7
20000c28:	2a01      	cmp	r2, #1
20000c2a:	d000      	beq.n	20000c2e <e15_is_bulkin_ep+0x16>
20000c2c:	4770      	bx	lr
20000c2e:	7ed8      	ldrb	r0, [r3, #27]
20000c30:	3802      	subs	r0, #2
20000c32:	4243      	negs	r3, r0
20000c34:	4158      	adcs	r0, r3
20000c36:	b2c0      	uxtb	r0, r0
20000c38:	e7f8      	b.n	20000c2c <e15_is_bulkin_ep+0x14>
20000c3a:	46c0      	nop			@ (mov r8, r8)
20000c3c:	50110000 	.word	0x50110000

20000c40 <e15_is_critical_frame_period>:
20000c40:	b510      	push	{r4, lr}
20000c42:	f7ff ffe9 	bl	20000c18 <e15_is_bulkin_ep>
20000c46:	2800      	cmp	r0, #0
20000c48:	d00c      	beq.n	20000c64 <e15_is_critical_frame_period+0x24>
20000c4a:	4907      	ldr	r1, [pc, #28]	@ (20000c68 <e15_is_critical_frame_period+0x28>)
20000c4c:	4b07      	ldr	r3, [pc, #28]	@ (20000c6c <e15_is_critical_frame_period+0x2c>)
20000c4e:	468c      	mov	ip, r1
20000c50:	4a07      	ldr	r2, [pc, #28]	@ (20000c70 <e15_is_critical_frame_period+0x30>)
20000c52:	6a9b      	ldr	r3, [r3, #40]	@ 0x28
20000c54:	6812      	ldr	r2, [r2, #0]
20000c56:	4463      	add	r3, ip
20000c58:	1a9b      	subs	r3, r3, r2
20000c5a:	2000      	movs	r0, #0
20000c5c:	22c6      	movs	r2, #198	@ 0xc6
20000c5e:	429a      	cmp	r2, r3
20000c60:	4140      	adcs	r0, r0
20000c62:	b2c0      	uxtb	r0, r0
20000c64:	bd10      	pop	{r4, pc}
20000c66:	46c0      	nop			@ (mov r8, r8)
20000c68:	fffffce0 	.word	0xfffffce0
20000c6c:	40054000 	.word	0x40054000
20000c70:	20001b84 	.word	0x20001b84

20000c74 <hw_endpoint_reset_transfer>:
20000c74:	2300      	movs	r3, #0
20000c76:	7683      	strb	r3, [r0, #26]
20000c78:	6143      	str	r3, [r0, #20]
20000c7a:	6103      	str	r3, [r0, #16]
20000c7c:	4770      	bx	lr
20000c7e:	46c0      	nop			@ (mov r8, r8)

20000c80 <_hw_endpoint_buffer_control_update32>:
20000c80:	b510      	push	{r4, lr}
20000c82:	6883      	ldr	r3, [r0, #8]
20000c84:	2900      	cmp	r1, #0
20000c86:	d001      	beq.n	20000c8c <_hw_endpoint_buffer_control_update32+0xc>
20000c88:	681c      	ldr	r4, [r3, #0]
20000c8a:	4021      	ands	r1, r4
20000c8c:	2a00      	cmp	r2, #0
20000c8e:	d012      	beq.n	20000cb6 <_hw_endpoint_buffer_control_update32+0x36>
20000c90:	2480      	movs	r4, #128	@ 0x80
20000c92:	00e4      	lsls	r4, r4, #3
20000c94:	4311      	orrs	r1, r2
20000c96:	4222      	tst	r2, r4
20000c98:	d00d      	beq.n	20000cb6 <_hw_endpoint_buffer_control_update32+0x36>
20000c9a:	681a      	ldr	r2, [r3, #0]
20000c9c:	4222      	tst	r2, r4
20000c9e:	d10c      	bne.n	20000cba <_hw_endpoint_buffer_control_update32+0x3a>
20000ca0:	4a08      	ldr	r2, [pc, #32]	@ (20000cc4 <_hw_endpoint_buffer_control_update32+0x44>)
20000ca2:	400a      	ands	r2, r1
20000ca4:	601a      	str	r2, [r3, #0]
20000ca6:	4a08      	ldr	r2, [pc, #32]	@ (20000cc8 <_hw_endpoint_buffer_control_update32+0x48>)
20000ca8:	6c12      	ldr	r2, [r2, #64]	@ 0x40
20000caa:	0792      	lsls	r2, r2, #30
20000cac:	d403      	bmi.n	20000cb6 <_hw_endpoint_buffer_control_update32+0x36>
20000cae:	230c      	movs	r3, #12
20000cb0:	3b03      	subs	r3, #3
20000cb2:	d2fd      	bcs.n	20000cb0 <_hw_endpoint_buffer_control_update32+0x30>
20000cb4:	6883      	ldr	r3, [r0, #8]
20000cb6:	6019      	str	r1, [r3, #0]
20000cb8:	bd10      	pop	{r4, pc}
20000cba:	7881      	ldrb	r1, [r0, #2]
20000cbc:	4803      	ldr	r0, [pc, #12]	@ (20000ccc <_hw_endpoint_buffer_control_update32+0x4c>)
20000cbe:	f000 f987 	bl	20000fd0 <__panic_veneer>
20000cc2:	46c0      	nop			@ (mov r8, r8)
20000cc4:	fffffbff 	.word	0xfffffbff
20000cc8:	50110000 	.word	0x50110000
20000ccc:	10008a74 	.word	0x10008a74

20000cd0 <hw_endpoint_start_next_buffer>:
20000cd0:	6843      	ldr	r3, [r0, #4]
20000cd2:	b570      	push	{r4, r5, r6, lr}
20000cd4:	2100      	movs	r1, #0
20000cd6:	2580      	movs	r5, #128	@ 0x80
20000cd8:	0004      	movs	r4, r0
20000cda:	681e      	ldr	r6, [r3, #0]
20000cdc:	f7ff fed6 	bl	20000a8c <prepare_ep_buffer>
20000ce0:	4b12      	ldr	r3, [pc, #72]	@ (20000d2c <hw_endpoint_start_next_buffer+0x5c>)
20000ce2:	016d      	lsls	r5, r5, #5
20000ce4:	6c1a      	ldr	r2, [r3, #64]	@ 0x40
20000ce6:	4305      	orrs	r5, r0
20000ce8:	78a3      	ldrb	r3, [r4, #2]
20000cea:	0792      	lsls	r2, r2, #30
20000cec:	d50e      	bpl.n	20000d0c <hw_endpoint_start_next_buffer+0x3c>
20000cee:	065b      	lsls	r3, r3, #25
20000cf0:	d00e      	beq.n	20000d10 <hw_endpoint_start_next_buffer+0x40>
20000cf2:	4b0f      	ldr	r3, [pc, #60]	@ (20000d30 <hw_endpoint_start_next_buffer+0x60>)
20000cf4:	401e      	ands	r6, r3
20000cf6:	2380      	movs	r3, #128	@ 0x80
20000cf8:	059b      	lsls	r3, r3, #22
20000cfa:	4333      	orrs	r3, r6
20000cfc:	6862      	ldr	r2, [r4, #4]
20000cfe:	2100      	movs	r1, #0
20000d00:	6013      	str	r3, [r2, #0]
20000d02:	0020      	movs	r0, r4
20000d04:	002a      	movs	r2, r5
20000d06:	f7ff ffbb 	bl	20000c80 <_hw_endpoint_buffer_control_update32>
20000d0a:	bd70      	pop	{r4, r5, r6, pc}
20000d0c:	09db      	lsrs	r3, r3, #7
20000d0e:	d0f0      	beq.n	20000cf2 <hw_endpoint_start_next_buffer+0x22>
20000d10:	8aa3      	ldrh	r3, [r4, #20]
20000d12:	2b00      	cmp	r3, #0
20000d14:	d0ed      	beq.n	20000cf2 <hw_endpoint_start_next_buffer+0x22>
20000d16:	2101      	movs	r1, #1
20000d18:	0020      	movs	r0, r4
20000d1a:	f7ff feb7 	bl	20000a8c <prepare_ep_buffer>
20000d1e:	23a0      	movs	r3, #160	@ 0xa0
20000d20:	4a04      	ldr	r2, [pc, #16]	@ (20000d34 <hw_endpoint_start_next_buffer+0x64>)
20000d22:	05db      	lsls	r3, r3, #23
20000d24:	4032      	ands	r2, r6
20000d26:	4305      	orrs	r5, r0
20000d28:	4313      	orrs	r3, r2
20000d2a:	e7e7      	b.n	20000cfc <hw_endpoint_start_next_buffer+0x2c>
20000d2c:	50110000 	.word	0x50110000
20000d30:	afffffff 	.word	0xafffffff
20000d34:	dfffffff 	.word	0xdfffffff

20000d38 <hw_endpoint_xfer_continue>:
20000d38:	b570      	push	{r4, r5, r6, lr}
20000d3a:	7e85      	ldrb	r5, [r0, #26]
20000d3c:	0004      	movs	r4, r0
20000d3e:	2d00      	cmp	r5, #0
20000d40:	d014      	beq.n	20000d6c <hw_endpoint_xfer_continue+0x34>
20000d42:	f7ff ff55 	bl	20000bf0 <_hw_endpoint_xfer_sync>
20000d46:	8aa3      	ldrh	r3, [r4, #20]
20000d48:	2b00      	cmp	r3, #0
20000d4a:	d101      	bne.n	20000d50 <hw_endpoint_xfer_continue+0x18>
20000d4c:	0028      	movs	r0, r5
20000d4e:	bd70      	pop	{r4, r5, r6, pc}
20000d50:	0020      	movs	r0, r4
20000d52:	f7ff ff75 	bl	20000c40 <e15_is_critical_frame_period>
20000d56:	2800      	cmp	r0, #0
20000d58:	d003      	beq.n	20000d62 <hw_endpoint_xfer_continue+0x2a>
20000d5a:	2301      	movs	r3, #1
20000d5c:	2500      	movs	r5, #0
20000d5e:	7723      	strb	r3, [r4, #28]
20000d60:	e7f4      	b.n	20000d4c <hw_endpoint_xfer_continue+0x14>
20000d62:	0020      	movs	r0, r4
20000d64:	f7ff ffb4 	bl	20000cd0 <hw_endpoint_start_next_buffer>
20000d68:	2500      	movs	r5, #0
20000d6a:	e7ef      	b.n	20000d4c <hw_endpoint_xfer_continue+0x14>
20000d6c:	7881      	ldrb	r1, [r0, #2]
20000d6e:	4801      	ldr	r0, [pc, #4]	@ (20000d74 <hw_endpoint_xfer_continue+0x3c>)
20000d70:	f000 f92e 	bl	20000fd0 <__panic_veneer>
20000d74:	10008a94 	.word	0x10008a94

20000d78 <dcd_event_handler>:
20000d78:	b5f0      	push	{r4, r5, r6, r7, lr}
20000d7a:	46ce      	mov	lr, r9
20000d7c:	4647      	mov	r7, r8
20000d7e:	b580      	push	{r7, lr}
20000d80:	7843      	ldrb	r3, [r0, #1]
20000d82:	0005      	movs	r5, r0
20000d84:	000e      	movs	r6, r1
20000d86:	b085      	sub	sp, #20
20000d88:	2b06      	cmp	r3, #6
20000d8a:	d808      	bhi.n	20000d9e <dcd_event_handler+0x26>
20000d8c:	4a6c      	ldr	r2, [pc, #432]	@ (20000f40 <dcd_event_handler+0x1c8>)
20000d8e:	009b      	lsls	r3, r3, #2
20000d90:	58d3      	ldr	r3, [r2, r3]
20000d92:	469f      	mov	pc, r3
20000d94:	4a6b      	ldr	r2, [pc, #428]	@ (20000f44 <dcd_event_handler+0x1cc>)
20000d96:	7813      	ldrb	r3, [r2, #0]
20000d98:	3301      	adds	r3, #1
20000d9a:	b2db      	uxtb	r3, r3
20000d9c:	7013      	strb	r3, [r2, #0]
20000d9e:	4b6a      	ldr	r3, [pc, #424]	@ (20000f48 <dcd_event_handler+0x1d0>)
20000da0:	681c      	ldr	r4, [r3, #0]
20000da2:	6962      	ldr	r2, [r4, #20]
20000da4:	f3ef 8110 	mrs	r1, PRIMASK
20000da8:	b672      	cpsid	i
20000daa:	6813      	ldr	r3, [r2, #0]
20000dac:	2b00      	cmp	r3, #0
20000dae:	d0fc      	beq.n	20000daa <dcd_event_handler+0x32>
20000db0:	f3bf 8f5f 	dmb	sy
20000db4:	61a1      	str	r1, [r4, #24]
20000db6:	0020      	movs	r0, r4
20000db8:	0029      	movs	r1, r5
20000dba:	f000 f8d9 	bl	20000f70 <__tu_fifo_write_veneer>
20000dbe:	6962      	ldr	r2, [r4, #20]
20000dc0:	69a3      	ldr	r3, [r4, #24]
20000dc2:	f3bf 8f5f 	dmb	sy
20000dc6:	2100      	movs	r1, #0
20000dc8:	6011      	str	r1, [r2, #0]
20000dca:	f383 8810 	msr	PRIMASK, r3
20000dce:	2800      	cmp	r0, #0
20000dd0:	d104      	bne.n	20000ddc <dcd_event_handler+0x64>
20000dd2:	b005      	add	sp, #20
20000dd4:	bcc0      	pop	{r6, r7}
20000dd6:	46b9      	mov	r9, r7
20000dd8:	46b0      	mov	r8, r6
20000dda:	bdf0      	pop	{r4, r5, r6, r7, pc}
20000ddc:	0032      	movs	r2, r6
20000dde:	7869      	ldrb	r1, [r5, #1]
20000de0:	7828      	ldrb	r0, [r5, #0]
20000de2:	f000 f8cd 	bl	20000f80 <__tud_event_hook_cb_veneer>
20000de6:	e7f4      	b.n	20000dd2 <dcd_event_handler+0x5a>
20000de8:	2101      	movs	r1, #1
20000dea:	4b58      	ldr	r3, [pc, #352]	@ (20000f4c <dcd_event_handler+0x1d4>)
20000dec:	781a      	ldrb	r2, [r3, #0]
20000dee:	438a      	bics	r2, r1
20000df0:	701a      	strb	r2, [r3, #0]
20000df2:	781a      	ldrb	r2, [r3, #0]
20000df4:	3101      	adds	r1, #1
20000df6:	438a      	bics	r2, r1
20000df8:	701a      	strb	r2, [r3, #0]
20000dfa:	2200      	movs	r2, #0
20000dfc:	705a      	strb	r2, [r3, #1]
20000dfe:	781a      	ldrb	r2, [r3, #0]
20000e00:	3102      	adds	r1, #2
20000e02:	438a      	bics	r2, r1
20000e04:	701a      	strb	r2, [r3, #0]
20000e06:	e7ca      	b.n	20000d9e <dcd_event_handler+0x26>
20000e08:	4951      	ldr	r1, [pc, #324]	@ (20000f50 <dcd_event_handler+0x1d8>)
20000e0a:	4f52      	ldr	r7, [pc, #328]	@ (20000f54 <dcd_event_handler+0x1dc>)
20000e0c:	4689      	mov	r9, r1
20000e0e:	4952      	ldr	r1, [pc, #328]	@ (20000f58 <dcd_event_handler+0x1e0>)
20000e10:	2400      	movs	r4, #0
20000e12:	2300      	movs	r3, #0
20000e14:	4688      	mov	r8, r1
20000e16:	783a      	ldrb	r2, [r7, #0]
20000e18:	e012      	b.n	20000e40 <dcd_event_handler+0xc8>
20000e1a:	4643      	mov	r3, r8
20000e1c:	681b      	ldr	r3, [r3, #0]
20000e1e:	0161      	lsls	r1, r4, #5
20000e20:	185b      	adds	r3, r3, r1
20000e22:	2b00      	cmp	r3, #0
20000e24:	d006      	beq.n	20000e34 <dcd_event_handler+0xbc>
20000e26:	69db      	ldr	r3, [r3, #28]
20000e28:	2b00      	cmp	r3, #0
20000e2a:	d003      	beq.n	20000e34 <dcd_event_handler+0xbc>
20000e2c:	6869      	ldr	r1, [r5, #4]
20000e2e:	7828      	ldrb	r0, [r5, #0]
20000e30:	4798      	blx	r3
20000e32:	783a      	ldrb	r2, [r7, #0]
20000e34:	3401      	adds	r4, #1
20000e36:	b2e4      	uxtb	r4, r4
20000e38:	1c51      	adds	r1, r2, #1
20000e3a:	0023      	movs	r3, r4
20000e3c:	42a1      	cmp	r1, r4
20000e3e:	db17      	blt.n	20000e70 <dcd_event_handler+0xf8>
20000e40:	42a2      	cmp	r2, r4
20000e42:	d8ea      	bhi.n	20000e1a <dcd_event_handler+0xa2>
20000e44:	1a9b      	subs	r3, r3, r2
20000e46:	015b      	lsls	r3, r3, #5
20000e48:	444b      	add	r3, r9
20000e4a:	e7ec      	b.n	20000e26 <dcd_event_handler+0xae>
20000e4c:	4b3f      	ldr	r3, [pc, #252]	@ (20000f4c <dcd_event_handler+0x1d4>)
20000e4e:	781a      	ldrb	r2, [r3, #0]
20000e50:	07d2      	lsls	r2, r2, #31
20000e52:	d5be      	bpl.n	20000dd2 <dcd_event_handler+0x5a>
20000e54:	2104      	movs	r1, #4
20000e56:	781a      	ldrb	r2, [r3, #0]
20000e58:	430a      	orrs	r2, r1
20000e5a:	701a      	strb	r2, [r3, #0]
20000e5c:	e79f      	b.n	20000d9e <dcd_event_handler+0x26>
20000e5e:	4b3b      	ldr	r3, [pc, #236]	@ (20000f4c <dcd_event_handler+0x1d4>)
20000e60:	781a      	ldrb	r2, [r3, #0]
20000e62:	07d2      	lsls	r2, r2, #31
20000e64:	d5b5      	bpl.n	20000dd2 <dcd_event_handler+0x5a>
20000e66:	2104      	movs	r1, #4
20000e68:	781a      	ldrb	r2, [r3, #0]
20000e6a:	438a      	bics	r2, r1
20000e6c:	701a      	strb	r2, [r3, #0]
20000e6e:	e796      	b.n	20000d9e <dcd_event_handler+0x26>
20000e70:	4f36      	ldr	r7, [pc, #216]	@ (20000f4c <dcd_event_handler+0x1d4>)
20000e72:	783b      	ldrb	r3, [r7, #0]
20000e74:	075b      	lsls	r3, r3, #29
20000e76:	d52b      	bpl.n	20000ed0 <dcd_event_handler+0x158>
20000e78:	2204      	movs	r2, #4
20000e7a:	783b      	ldrb	r3, [r7, #0]
20000e7c:	2100      	movs	r1, #0
20000e7e:	4393      	bics	r3, r2
20000e80:	703b      	strb	r3, [r7, #0]
20000e82:	466b      	mov	r3, sp
20000e84:	3206      	adds	r2, #6
20000e86:	1d98      	adds	r0, r3, #6
20000e88:	f000 f89a 	bl	20000fc0 <____wrap_memset_veneer>
20000e8c:	782b      	ldrb	r3, [r5, #0]
20000e8e:	ac01      	add	r4, sp, #4
20000e90:	7023      	strb	r3, [r4, #0]
20000e92:	2305      	movs	r3, #5
20000e94:	7063      	strb	r3, [r4, #1]
20000e96:	4b2c      	ldr	r3, [pc, #176]	@ (20000f48 <dcd_event_handler+0x1d0>)
20000e98:	681b      	ldr	r3, [r3, #0]
20000e9a:	4698      	mov	r8, r3
20000e9c:	695a      	ldr	r2, [r3, #20]
20000e9e:	f3ef 8110 	mrs	r1, PRIMASK
20000ea2:	b672      	cpsid	i
20000ea4:	6813      	ldr	r3, [r2, #0]
20000ea6:	2b00      	cmp	r3, #0
20000ea8:	d0fc      	beq.n	20000ea4 <dcd_event_handler+0x12c>
20000eaa:	f3bf 8f5f 	dmb	sy
20000eae:	4643      	mov	r3, r8
20000eb0:	4640      	mov	r0, r8
20000eb2:	6199      	str	r1, [r3, #24]
20000eb4:	0021      	movs	r1, r4
20000eb6:	f000 f85b 	bl	20000f70 <__tu_fifo_write_veneer>
20000eba:	4643      	mov	r3, r8
20000ebc:	695a      	ldr	r2, [r3, #20]
20000ebe:	699b      	ldr	r3, [r3, #24]
20000ec0:	f3bf 8f5f 	dmb	sy
20000ec4:	2100      	movs	r1, #0
20000ec6:	6011      	str	r1, [r2, #0]
20000ec8:	f383 8810 	msr	PRIMASK, r3
20000ecc:	2800      	cmp	r0, #0
20000ece:	d131      	bne.n	20000f34 <dcd_event_handler+0x1bc>
20000ed0:	78fb      	ldrb	r3, [r7, #3]
20000ed2:	07db      	lsls	r3, r3, #31
20000ed4:	d400      	bmi.n	20000ed8 <dcd_event_handler+0x160>
20000ed6:	e77c      	b.n	20000dd2 <dcd_event_handler+0x5a>
20000ed8:	466b      	mov	r3, sp
20000eda:	220a      	movs	r2, #10
20000edc:	2100      	movs	r1, #0
20000ede:	1d98      	adds	r0, r3, #6
20000ee0:	f000 f86e 	bl	20000fc0 <____wrap_memset_veneer>
20000ee4:	782b      	ldrb	r3, [r5, #0]
20000ee6:	ac01      	add	r4, sp, #4
20000ee8:	7023      	strb	r3, [r4, #0]
20000eea:	2303      	movs	r3, #3
20000eec:	7063      	strb	r3, [r4, #1]
20000eee:	686b      	ldr	r3, [r5, #4]
20000ef0:	6063      	str	r3, [r4, #4]
20000ef2:	4b15      	ldr	r3, [pc, #84]	@ (20000f48 <dcd_event_handler+0x1d0>)
20000ef4:	681d      	ldr	r5, [r3, #0]
20000ef6:	696a      	ldr	r2, [r5, #20]
20000ef8:	f3ef 8110 	mrs	r1, PRIMASK
20000efc:	b672      	cpsid	i
20000efe:	6813      	ldr	r3, [r2, #0]
20000f00:	2b00      	cmp	r3, #0
20000f02:	d0fc      	beq.n	20000efe <dcd_event_handler+0x186>
20000f04:	f3bf 8f5f 	dmb	sy
20000f08:	61a9      	str	r1, [r5, #24]
20000f0a:	0028      	movs	r0, r5
20000f0c:	0021      	movs	r1, r4
20000f0e:	f000 f82f 	bl	20000f70 <__tu_fifo_write_veneer>
20000f12:	696a      	ldr	r2, [r5, #20]
20000f14:	69ab      	ldr	r3, [r5, #24]
20000f16:	f3bf 8f5f 	dmb	sy
20000f1a:	2100      	movs	r1, #0
20000f1c:	6011      	str	r1, [r2, #0]
20000f1e:	f383 8810 	msr	PRIMASK, r3
20000f22:	2800      	cmp	r0, #0
20000f24:	d100      	bne.n	20000f28 <dcd_event_handler+0x1b0>
20000f26:	e754      	b.n	20000dd2 <dcd_event_handler+0x5a>
20000f28:	0032      	movs	r2, r6
20000f2a:	7861      	ldrb	r1, [r4, #1]
20000f2c:	7820      	ldrb	r0, [r4, #0]
20000f2e:	f000 f827 	bl	20000f80 <__tud_event_hook_cb_veneer>
20000f32:	e74e      	b.n	20000dd2 <dcd_event_handler+0x5a>
20000f34:	0032      	movs	r2, r6
20000f36:	7861      	ldrb	r1, [r4, #1]
20000f38:	7820      	ldrb	r0, [r4, #0]
20000f3a:	f000 f821 	bl	20000f80 <__tud_event_hook_cb_veneer>
20000f3e:	e7c7      	b.n	20000ed0 <dcd_event_handler+0x158>
20000f40:	10008f20 	.word	0x10008f20
20000f44:	2000200b 	.word	0x2000200b
20000f48:	20001688 	.word	0x20001688
20000f4c:	20001630 	.word	0x20001630
20000f50:	10008f3c 	.word	0x10008f3c
20000f54:	20002009 	.word	0x20002009
20000f58:	20001480 	.word	0x20001480

20000f5c <__aeabi_idiv0>:
20000f5c:	4770      	bx	lr
20000f5e:	46c0      	nop			@ (mov r8, r8)

20000f60 <__best_effort_wfe_or_timeout_veneer>:
20000f60:	b401      	push	{r0}
20000f62:	4802      	ldr	r0, [pc, #8]	@ (20000f6c <__best_effort_wfe_or_timeout_veneer+0xc>)
20000f64:	4684      	mov	ip, r0
20000f66:	bc01      	pop	{r0}
20000f68:	4760      	bx	ip
20000f6a:	bf00      	nop
20000f6c:	100025fd 	.word	0x100025fd

20000f70 <__tu_fifo_write_veneer>:
20000f70:	b401      	push	{r0}
20000f72:	4802      	ldr	r0, [pc, #8]	@ (20000f7c <__tu_fifo_write_veneer+0xc>)
20000f74:	4684      	mov	ip, r0
20000f76:	bc01      	pop	{r0}
20000f78:	4760      	bx	ip
20000f7a:	bf00      	nop
20000f7c:	10007f2d 	.word	0x10007f2d

20000f80 <__tud_event_hook_cb_veneer>:
20000f80:	b401      	push	{r0}
20000f82:	4802      	ldr	r0, [pc, #8]	@ (20000f8c <__tud_event_hook_cb_veneer+0xc>)
20000f84:	4684      	mov	ip, r0
20000f86:	bc01      	pop	{r0}
20000f88:	4760      	bx	ip
20000f8a:	bf00      	nop
20000f8c:	100064cd 	.word	0x100064cd

20000f90 <____wrap___aeabi_lmul_veneer>:
20000f90:	b401      	push	{r0}
20000f92:	4802      	ldr	r0, [pc, #8]	@ (20000f9c <____wrap___aeabi_lmul_veneer+0xc>)
20000f94:	4684      	mov	ip, r0
20000f96:	bc01      	pop	{r0}
20000f98:	4760      	bx	ip
20000f9a:	bf00      	nop
20000f9c:	10003a39 	.word	0x10003a39

20000fa0 <__rp2040_chip_version_veneer>:
20000fa0:	b401      	push	{r0}
20000fa2:	4802      	ldr	r0, [pc, #8]	@ (20000fac <__rp2040_chip_version_veneer+0xc>)
20000fa4:	4684      	mov	ip, r0
20000fa6:	bc01      	pop	{r0}
20000fa8:	4760      	bx	ip
20000faa:	bf00      	nop
20000fac:	1000166d 	.word	0x1000166d

20000fb0 <__time_us_64_veneer>:
20000fb0:	b401      	push	{r0}
20000fb2:	4802      	ldr	r0, [pc, #8]	@ (20000fbc <__time_us_64_veneer+0xc>)
20000fb4:	4684      	mov	ip, r0
20000fb6:	bc01      	pop	{r0}
20000fb8:	4760      	bx	ip
20000fba:	bf00      	nop
20000fbc:	1000272d 	.word	0x1000272d

20000fc0 <____wrap_memset_veneer>:
20000fc0:	b401      	push	{r0}
20000fc2:	4802      	ldr	r0, [pc, #8]	@ (20000fcc <____wrap_memset_veneer+0xc>)
20000fc4:	4684      	mov	ip, r0
20000fc6:	bc01      	pop	{r0}
20000fc8:	4760      	bx	ip
20000fca:	bf00      	nop
20000fcc:	10003ca9 	.word	0x10003ca9

20000fd0 <__panic_veneer>:
20000fd0:	b401      	push	{r0}
20000fd2:	4802      	ldr	r0, [pc, #8]	@ (20000fdc <__panic_veneer+0xc>)
20000fd4:	4684      	mov	ip, r0
20000fd6:	bc01      	pop	{r0}
20000fd8:	4760      	bx	ip
20000fda:	bf00      	nop
20000fdc:	10001679 	.word	0x10001679

20000fe0 <striped_spin_lock_num>:
20000fe0:	00000010                                ....

20000fe4 <irq_handler_chain_slots>:
20000fe4:	00000000 	.word	0x00000000
20000fe8:	00010000 	.word	0x00010000
	...
20000ff4:	00020000 	.word	0x00020000
	...
20001000:	00030000 	.word	0x00030000
	...
2000100c:	00ff0000 	.word	0x00ff0000
20001010:	00000000 	.word	0x00000000

20001014 <irq_handler_chain_first_slot>:
20001014:	b501      	push	{r0, lr}
20001016:	6848      	ldr	r0, [r1, #4]
20001018:	3101      	adds	r1, #1
2000101a:	468e      	mov	lr, r1
2000101c:	4700      	bx	r0

2000101e <irq_handler_chain_remove_tail>:
2000101e:	4670      	mov	r0, lr
20001020:	3809      	subs	r0, #9
20001022:	4901      	ldr	r1, [pc, #4]	@ (20001028 <irq_handler_chain_remove_tail+0xa>)
20001024:	4788      	blx	r1
20001026:	bd01      	pop	{r0, pc}
20001028:	10001c7d 	.word	0x10001c7d

2000102c <default_alarm_pool>:
	...
20001040:	200010b8 00000000 00000000 00000000     ... ............

20001050 <aeabi_bits_funcs>:
20001050:	00003350 	.word	0x00003350
20001054:	0000334c 	.word	0x0000334c
20001058:	00003354 	.word	0x00003354
2000105c:	00003352 	.word	0x00003352

20001060 <aeabi_bits_funcs_end>:
20001060:	0000534d 	.word	0x0000534d
20001064:	0000434d 	.word	0x0000434d
20001068:	00003453 	.word	0x00003453
2000106c:	00003443 	.word	0x00003443

20001070 <stdio_usb>:
20001070:	10005c8d 10005c41 10005bb5 10005b2d     .\..A\...[..-[..
20001080:	00000000 00000100                       ........

20001088 <_usbd_qdef>:
20001088:	2000168c 000c0010 00000000 00000000     ... ............
	...

200010a4 <_usbd_rhport>:
200010a4:	000000ff                                ....

200010a8 <i2c0_inst>:
200010a8:	40044000 00000000                       .@.@....

200010b0 <print_mutex>:
	...
