:020000041000EA
:1000000000B5324B212058609868022188439860DF
:10001000D860186158612E4B002199600221596106
:100020000121F02299502B49196001219960352056
:1000300000F044F80222904214D00621196600F024
:1000400034F8196E01211966002018661A6600F04E
:100050002CF8196E196E196E052000F02FF8012189
:100060000842F9D1002199601B49196000215960AB
:100070001A491B48016001219960EB211966A021F2
:10008000196600F012F800219960164914480160C1
:100090000121996001BC002800D000471248134993
:1000A000086003C880F30888084703B5996A0420EC
:1000B0000142FBD001200142F8D103BD02B5186610
:1000C0001866FFF7F2FF186E186E02BD00000240BE
:1000D000000000180000070000035F00212200005C
:1000E000F4000018222000A00001001008ED00E03C
:1000F00000000000000000000000000074B24E7A12
:1001000000200420F7010010CB010010CD010010E9
:10011000C9010010C9010010C9010010C901001077
:10012000C9010010C9010010C9010010CF01001061
:10013000C9010010C9010010D1010010D301001045
:10014000C1010010C1010010C1010010C101001067
:10015000C1010010C1010010C1010010C101001057
:10016000C1010010C1010010C1010010C101001047
:10017000C1010010C1010010C1010010C101001037
:10018000C1010010C1010010C1010010C101001027
:10019000C1010010C1010010C1010010C101001017
:1001A000C1010010C1010010C1010010C101001007
:1001B000C1010010C1010010C1010010C1010010F7
:1001C000EFF30580103800BE00BE00BE00BE00BECA
:1001D00000BE00BEF2EB88717C8F00109C8F001077
:1001E0003802001090A31AE71E481F49086006C88D
:1001F00081F3088810471D480068002801D019487D
:10020000F3E70DA40ECC002902D000F012F8F9E7B4
:100210001749184A002000E001C19142FCD116495B
:100220008847164988471649884700BEFDE701C937
:1002300001C29A42FBD370479C8F0010C00000207F
:10024000B8100020949F001000000420000004203B
:10025000949F0010001004200010042000000000F3
:10026000704700000000000008ED00E0000000D032
:10027000B810002014200020F1550010D502001005
:10028000E9550010F8B5C04606480749091A8B1011
:10029000C90FC91810B5491003D0044B002B00D06A
:1002A000984710BDB8100020B810002000000000D2
:1002B000054B10B5002B03D00449054800E000BFF2
:1002C000FFF7E2FF10BDC04600000000A81F00209D
:1002D000FC850010F0B5DE46454657464E46E0B573
:1002E000B3B005F0C3FAFA20C00002F009F91520F6
:1002F00001F09CF9D02380221B0692035A62A34886
:100300005A6105F001FBA24805F0FEFAA14805F08C
:10031000FBFA0FA80200A04B32CB32C200F076F9F4
:10032000002803D19D4805F0EFFAFEE79C4805F050
:10033000EBFA9C4805F0E8FA9B4D12A9280000F062
:100340009BF9002800D11CE104272721974805F0DC
:100350005FFB974C1423290027222000009700F010
:100360005FFA200000F032FC00222000110000F0B3
:100370006BFC20008F4900F0B9FC01220021200015
:1003800000F062FC20008C4900F0B0FC0222002149
:10039000200000F059FC8949200000F0A7FC8848A3
:1003A00002F0AEF8874805F0AFFAB423DB00019302
:1003B0009946B423844E5B0000939846503B3A0024
:1003C00003213000FF3B00F037FE051E00D1C8E0DE
:1003D0007E4805F099FA19233A0003217C4805F07C
:1003E00017FB4A4641467B4805F012FB200000F00F
:1003F000EDFB00222000110000F026FC20007649D1
:1004000000F074FCFA20800002F07AF8734B9A46F0
:10041000734B0D93734B0C93734B0693734B079372
:10042000734B0893734B0993734B0A93734B0B9362
:1004300076E0FA220023920002F018FD53461B6872
:10044000C31AC72B69D953461860281C03F098FBC0
:100450000C9B9B46059B002B01D00D9B9B465B464E
:100460003A0000900191029341464B46069805F0F0
:10047000CFFA200000F0AAFB00220021200000F0AB
:10048000E3FB2000079900F031FC4146200000F01A
:100490008FFC01220021200000F0D6FB20000899EB
:1004A00000F024FC3900200000F082FC01220E2123
:1004B000200000F0C9FB5946200000F017FC022282
:1004C0000021200000F0C0FB2000099900F00EFC84
:1004D0004946200000F06CFC20000A9900F006FC60
:1004E000B4212000C90000F063FC03220021200099
:1004F00000F0AAFB20000B9900F0F8FB0021281C5B
:1005000003F000FB002803D080231B069C466544B3
:1005100001222000291C00F0B7FC0A2001F0F0FFA6
:10052000300000F00DFE300000F04EFE804630003E
:1005300000F04CFE0700300000F04AFE814630001B
:1005400000F048FE0590300000F048FE051C02F067
:10055000EDF8002900D06CE7FA21890002F048FC90
:100560006CE7274805F0D0F9200000F02FFB2900A8
:1005700020002A0000F068FB2000224900F0B6FBB2
:10058000FEE7214805F0C0F9DEE6C0460886001007
:100590003086001050860010BC8A0010748600104F
:1005A00098860010B8860010A8100020EC86001075
:1005B000981F002014870010248700103487001033
:1005C000DC0500004487001038120020A4870010CA
:1005D000CC870010F087001008880010901F0020C2
:1005E0000086001004860010108800104888001053
:1005F000508800105888001060880010648800102F
:100600006487001090870010CC86001010B5041E7F
:1006100019D00068002816D0A16807F001FF032157
:10062000207900F041FF0321607900F03DFF0022B6
:100630000121207900F052FF60790022012100F0B1
:100640004DFF012010BD0020FCE7C04610B50F246F
:1006500084B06C44227000280BD000232200009349
:10066000013307F005FF013843425841C0B204B0DE
:1006700010BD0020FBE7C046F0B5DE4657464546B4
:100680004E468A46E0B5804687B0584805F03CF9AA
:10069000574805F039F9534600240027002B59D05C
:1006A000544B0393544B9B46544B99460F23782548
:1006B0001E0025402640234217D0002D36D0782D2D
:1006C00019D1484605F0A4F90F2E39D00134802CF9
:1006D000ECD139004A4805F09BF9380007B0F0BC6E
:1006E000BB46B246A946A046F0BD2100424805F0EF
:1006F0008FF9002D28D002A900238C460F22E5B2E5
:100700000093290040460133624407F0BBFE0028F5
:1007100012DB2100584605F07BF95346DD550137C1
:100720000F2ED3D10A2005F0A5F8CFE7334D2800CE
:1007300005F06EF90134B9E7039805F069F9EFE7C0
:100740000A2005F097F8C4E72C4D0124280005F095
:100750005FF9ECE7284B9A46284B99460F237825FA
:100760001E0025402640234212D0002D2ED0782D89
:1007700014D1484605F04CF90F2EE1D00134802CFD
:10078000A7D00F2378251E00254026402342ECD118
:100790002100504605F03CF9002D21D002A800238D
:1007A00084460F2200934046E1B20133624407F0D1
:1007B00069FE002810DB21000F4805F029F90137F8
:1007C0000F2EDBD10A2005F055F8D7E70B4D280096
:1007D00005F01EF90134C1E7064805F019F9EFE705
:1007E00048464D4605F014F90124F0E76C880010E6
:1007F0007C880010B8880010B0880010BC880010F9
:10080000C088001000230F2200B585B000936A4411
:10081000013307F037FEC043C00F05B000BDC0462E
:10082000F0B5C64600B515006A46437108230E00B0
:10083000127E016005718271C3710400322001F0E3
:100840005FFE29003000FFF7DDFF002800D1B6E190
:10085000E27921792068FFF7F9FEFA203025342665
:10086000800001F04DFEE27921792A43D2B220685E
:10087000FFF7ECFEE27921793243D2B22068FFF72C
:10088000E5FE0120002101F0C5FDE27921792A432E
:10089000D2B22068FFF7DAFE0021322001F0BAFD63
:1008A000052001F02DFEE27921792A43D2B2206899
:1008B000FFF7CCFEE27921793243D2B22068FFF70C
:1008C000C5FE0120002101F0A5FDE27921792A432E
:1008D000D2B22068FFF7BAFE3220002101F09AFD63
:1008E0009620002101F096FDE27921792A43D2B2C7
:1008F0002068FFF7ABFEE27921793243D2B220685B
:10090000FFF7A4FE0120002101F084FDE2792427F5
:100910002A432025D2B221792068FFF797FE80264E
:100920003220002101F076FD9620002101F072FDB9
:10093000E27921792A43D2B22068FFF787FEE27973
:1009400021793A43D2B22068FFF780FE01200021CE
:1009500001F060FDE27921792A43D2B22068FFF7E5
:1009600075FE3220002101F055FD9620002101F096
:1009700051FDE27921792A43D2B22068FFF766FE61
:10098000E27921793A43D2B22068FFF75FFE012075
:10099000002101F03FFDE27921792A43D2B220689B
:1009A000FFF754FE3220002101F034FDE279764257
:1009B00032432179D2B22068FFF748FE8423E279DE
:1009C00021791A432068FFF741FE0120002101F040
:1009D00021FDE37921791E43F2B22068FFF736FE4C
:1009E0003220002101F016FDE27921792068FFF71D
:1009F0002DFE0423984643464026E27921791A4386
:100A0000D2B22068FFF722FE0120002101F002FD92
:100A1000E27921792068FFF719FE3220002101F0E8
:100A2000F9FCE279764232432179D2B22068FFF7AD
:100A30000DFEC423E27921791A432068FFF706FEF0
:100A40000120002101F0E6FCE37921791E43F2B296
:100A50002068FFF7FBFD3220002101F0DBFCE2798A
:100A600021792068FFF7F2FD43461026E2792179CB
:100A70001A43D2B22068FFF7E9FD0120002101F0FE
:100A8000C9FCE27921792068FFF7E0FD32200021DE
:100A900001F0C0FCE27921793243D2B22068FFF73D
:100AA000D5FD1423E27921791A432068FFF7CEFDA2
:100AB0000120002101F0AEFCE27921793243D2B26B
:100AC0002068FFF7C3FD0021322001F0A3FC0220C3
:100AD00001F016FDE27921792068FFF7B7FD434662
:100AE0006026E27921791A43D2B22068FFF7AEFD81
:100AF0000120002101F08EFCE27921792068FFF7C6
:100B0000A5FD3220002101F085FCE27921793243F4
:100B1000D2B22068FFF79AFD6423E27921791A4363
:100B20002068FFF793FD0120002101F073FCE279BA
:100B300021793243D2B22068FFF788FD32200021AC
:100B400001F068FCE27921792068FFF77FFD4346D8
:100B5000E27921791A43D2B22068FFF777FD0120AC
:100B6000002101F057FCE27921792068FFF76EFD42
:100B70003220002101F04EFCE27921792A43D2B2E1
:100B80002068FFF763FDE27921793A43D2B2206809
:100B9000FFF75CFD0120002101F03CFCE2792179A6
:100BA0002A43D2B22068FFF751FD0021322001F024
:100BB00031FC022001F0A4FC80BCB846F0BD290045
:100BC000014804F025FF43E6D888001070B5040002
:100BD000C27901790068FFF739FD04231025E27915
:100BE00021791A432068FFF731FD0120002101F02F
:100BF00011FCE27921792068FFF728FD32200021DD
:100C000001F008FCE27921792A432068D2B2FFF78B
:100C10001DFD1423E27921791A432068FFF716FDA0
:100C20000120002101F0F6FBE27921792A43D2B2BA
:100C30002068FFF70BFD0021322001F0EBFB0220C2
:100C400001F05EFC70BDC046F0B5274B83B0019348
:100C500083790400934201D8013BDAB201AB9D5C79
:100C60000F234D19EDB22F0080269F43E2793E43BA
:100C7000217932432068FFF7E9FC8423E279217966
:100C80003A431A432068FFF7E1FC0120002101F0FC
:100C9000C1FBE279217932432068FFF7D7FC32208B
:100CA000002101F0B7FB2D01E279EDB221792A4351
:100CB0002068FFF7CBFC0423E27921792A431A4309
:100CC0002068FFF7C3FC0120002101F0A3FBE279BB
:100CD00021792A432068FFF7B9FC3220002101F076
:100CE00099FB03B0F0BDC04600401454F8B5574618
:100CF0004546DE464E46E0B50D7804000F00002D57
:100D000050D00F239A4601239946052398462E007A
:100D100053464A469E433243D3B2E27921791A437D
:100D200020689B46FFF792FCE37921791E434346F6
:100D30001E43F2B22068FFF789FC0120002101F078
:100D400069FB5B464E46E27921791A4320682D0102
:100D5000FFF77CFCEDB23220002101F05BFB2E435B
:100D6000E279F6B2217932432068FFF76FFCE3792C
:100D700021791D4343461D43EAB22068FFF766FC14
:100D80000120002101F046FBE279217932432068FD
:100D9000FFF75CFC01373220002101F03BFB3D787E
:100DA000002DB4D1F0BCBB46B246A946A046F8BD62
:100DB000F0B5DE46574645464E46E0B585B06F462F
:100DC0000B000400102168462E4A04F0CDFB3D784C
:100DD000002D50D00F239A460123994605239846AB
:100DE0002E0053464A469E433243D3B2E2792179DC
:100DF0001A4320689B46FFF729FCE37921791E43BB
:100E000043461E43F2B22068FFF720FC0120002178
:100E100001F000FB5B464E46E27921791A432068D7
:100E20002D01FFF713FCEDB23220002101F0F2FAA0
:100E30002E43E279F6B2217932432068FFF706FCAF
:100E4000E37921791D4343461D43EAB22068FFF749
:100E5000FDFB0120002101F0DDFAE2792179324326
:100E60002068FFF7F3FB01373220002101F0D2FAAE
:100E70003D78002DB4D105B0F0BCBB46B246A946C2
:100E8000A046F0BD04890010F0B5DE465746454641
:100E90004E46E0B50D1C374989B0130004000A0026
:100EA00002A8082104F060FB281C02F069FE04AFD0
:100EB0000090019102AA1021380004F055FB3D7802
:100EC000002D50D00F239A460123994605239846BA
:100ED0002E0053464A469E433243D3B2E2792179EB
:100EE0001A4320689B46FFF7B1FBE37921791E4343
:100EF00043461E43F2B22068FFF7A8FB0120002101
:100F000001F088FA5B464E46E27921791A4320685F
:100F10002D01FFF79BFBEDB23220002101F07AFAA0
:100F20002E43E279F6B2217932432068FFF78EFB37
:100F3000E37921791D4343461D43EAB22068FFF758
:100F400085FB0120002101F065FAE2792179324325
:100F50002068FFF77BFB01373220002101F05AFAAD
:100F60003D78002DB4D109B0F0BCBB46B246A946CD
:100F7000A046F0BD08890010F8B52C4E3368002B50
:100F80002AD09A78824230D0D0221206526819783C
:100F90001000C8400221400001405878C2400120A2
:100FA000024011435A7E224892000A43D2B282562E
:100FB000002A10D0D8688018D860D017801AC00FC7
:100FC0001876586912185A6158699A68002808DB1F
:100FD0005869904201DA5976F8BD5869821A5A6107
:100FE000F9E7586982185A61F5E701F09FFB0400A0
:100FF0000D0033682F00186A596A2600361A8F418F
:10100000002F0AD000225A611A7E002A09D01A69DC
:1010100001321A611C625D62DEE7064A9642DBD944
:10102000F0E71A69013A1A61F4E7C0468C1B002008
:10103000C88A001010270000F8B5DE4657464E4615
:101040004546E0B51F0083700A9B160043600B9B6A
:1010500042708360012200230400C3600D0003611D
:101060000170436100210276002020626162E36228
:10107000002392462E4AA3632E4B20636163A26233
:1010800028001C6000F0D2FA300000F0CFFA3800DF
:1010900000F0CCFA5346AB409846D02342461B069C
:1010A0009B469A625346B34099465B464A469A62CB
:1010B00053465A46BB40280093620121002200F0AB
:1010C0000DFA30000022012100F008FA3800002259
:1010D000012100F003FA5B4641465B685A460B402B
:1010E000591E8B41494652685B000A40511E8A4195
:1010F00013432800637601220F4B0C2100F02EFAD7
:10110000300001220C2100F0FDF9380001220821F5
:1011100000F0F8F93B0032002900084804F078FCA0
:101120000120F0BCBB46B246A946A046F8BDC04669
:10113000102700008C1B0020790F00101089001070
:10114000F0B54646D6464F46C0B5804601F0EEFAA9
:10115000434604001A6B5B6B0D00A41A9D41060008
:101160000F00002D02D1164B9C4224D94346DB6868
:101170009A464346D86A5346181A02F0CFFC4346B3
:101180008146986802F0CAFC011C484602F077FCD0
:1011900029008146200002F0E5FC011C094802F00C
:1011A0006EFC011C484602F07EFC434652461E631C
:1011B0005F639863DA62E0BCBA46B146A846F0BD08
:1011C0009F860100C0E1644CC068704700697047A9
:1011D00040697047007EC0B27047C046806B704760
:1011E000D0231B061B68AC4A9900F0B5DE468B463F
:1011F00051585A4253412F2257464E4645465B426C
:1012000093439A46A54BE0B59C4683B000260191D6
:10121000E244002938D0A24B99465246F3080833DD
:101220009B009D580123340098460836002D22D09B
:101230000F212000294001342D09002919D04B46E7
:101240005A469A580300C240203BDB1713404246DF
:1012500013420CD107220F000240920097403A003F
:10126000C308904F3C339B00DA51019B9847002DF7
:1012700001D0B442DCD3202ECFD103B0F0BCBB46AA
:10128000B246A946A046F0BD854E5F4600210F2319
:10129000B346CC0822005046083292001258002A69
:1012A00000D1D0E0180010408046100913421AD037
:1012B0005D46ED59A94620256D42AC468C446546F5
:1012C000ED17AC464D46CD40A94665464E463540E5
:1012D0000126354204D14646724D3C34A400665185
:1012E000002800D1AFE01C000440A446140A0342C9
:1012F0001AD0481C80465846C059464681464D463D
:101300000800F5401F38C01728400125284208D1A1
:1013100065462D01AC46F0086646624D3C308000C3
:101320004651002C00D18EE0180020408446100B5E
:10133000234211D08C1CA0465C46E4594646A14687
:101340004D460C00F5401E3CE4172C4001252C4274
:1013500000D182E0002876D01C000440A446140C82
:10136000034210D0C81C80465846C05946468146A4
:101370004D460800F5401D38C01728400125284279
:1013800075D0002C5FD0180020408046100D2342FD
:101390000ED00C1DA4466546414CE459EC40A146D4
:1013A0000C004D461C3CE40F2C426AD000284AD069
:1013B0001C000440A446140E034218D0481D804669
:1013C00045463748C059E840814608004D461B381D
:1013D000C00F284209D165462D05AC4640466646F9
:1013E000C008304D3C3080004651002C2BD01800F6
:1013F00020408446120F23422AD029488C1D814662
:10140000C059E0408046080045461A38C00F2842BF
:1014100006D1E0086446234D3C3024068000445148
:10142000002A10D04846C059CC1DE0408446080030
:1014300065461938C00F284205D1E0083C30194CE8
:101440001207800002510831202900D021E714E75B
:10145000002AF8D012488146E4E765462D02AC46E2
:10146000F40866460F4D3C34A400665172E76546A9
:101470002D03AC46F00866460A4D3C3080004651CC
:101480007FE745462D04A84664464646E408054DD8
:101490003C34A400665189E7181B0020304101400C
:1014A000D81F002000400140094A83009A1810B557
:1014B00014684022544080322240064CC000A446AA
:1014C00063441A60044B9C466044416010BDC046B2
:1014D00004C0014004D0014000400140074B80009F
:1014E000C3181B68C90092000A435A400C231340DA
:1014F000034A9446604403607047C04604C00140FC
:1015000004D00140D0231B061B6830B505005842AB
:1015100043412F205B4283430E48EC08844607205A
:1015200028408000814020000B4D3C306344800007
:10153000A40041511B19002A05D080229201944633
:101540006344196030BDC02292019446634419601F
:10155000F8E7C0463041014000400140F8B545463B
:101560009846D0231B06DE461C689B462B4B5746ED
:101570009A46A3004E469946E0B5534616004A46A1
:101580009B5807000D00002B34D04346002B3FD062
:1015900053464A4641469950D0231B061C68634275
:1015A0005C412F220720634293431D4A38409446F2
:1015B000FA081100800085403C311A4863448900D4
:1015C00092000D509B18002E0ED08022920194465E
:1015D000634401210D201D6000F00AF9F0BCBB46F8
:1015E000B246A946A046F8BDC02292019446634483
:1015F0001D60F3E74346002BD1D0534641460D20F2
:1016000099500022084900F055F95B461C68C6E76E
:101610000D20054900F048FABAE7C046181B002023
:101620003041014000400140E11100100123D0226F
:101630008340120693629361094A83009A181168E5
:101640004022514080320A400649C0008C46634423
:101650001A60054B9C460523604443607047C046B2
:1016600004C0014004D00140004001408023DB055C
:101670001868000F7047C0460FB400B5084883B023
:1016800004F042F9049B002B07D005A91800019132
:1016900003F090FF034804F037F9012003F0A2FFA4
:1016A000488900105889001070B5EFF3108C72B69D
:1016B0000D4D2B68002BFCD0BFF35F8F0724CB08A8
:1016C000C618C05C01230C40A3401C000440034228
:1016D00007D118433070BFF35F8F2C608CF31088F4
:1016E00070BD1000FFF7C8FF2C0100D0F8B54746C9
:1016F000CE46884680B5EFF3108C72B61C4D2C6830
:10170000002CFCD0BFF35F8F9A4222D8072101261C
:10171000894602E00132934218D34D463700154006
:10172000AF40D4080119045D2742F3D110003C43B7
:101730000C70BFF35F8F00220D4B1A608CF3108882
:1017400000280EDBC0BCB946B046F8BD01204042BF
:10175000EFE7BFF35F8F00232B608CF3108801202D
:1017600040424346002BEDD00898FFF785FFC04666
:101770002C0100D0044A1078431CDBB2172B00D98F
:10178000102313707047C046E00F002010B5064BC1
:10179000064C82B00100009318221F232000FFF79F
:1017A000A5FF02B010BDC0465C890010281B0020B8
:1017B0000021044B044ABFF35F8F02C39342FAD166
:1017C0007047C046000100D0800100D0054B064A9A
:1017D0001360064A136053609360D36013615361D2
:1017E000936170478080808000E400E004E400E0C2
:1017F0001F2318401E3B8340002905D0C021044A06
:101800004900535013607047802201498B50FAE71A
:1018100000E100E001228240034B1B6813405A1E86
:101820009341D8B27047C04600E100E001238340F5
:10183000014A13607047C04600E200E0064B1030DA
:101840009B688000C358054A00209B1A2F229A42A9
:101850004041C0B27047C04600ED00E0E40F0020F8
:1018600070B50D00EFF3108672B60F4A1368002BA7
:10187000FCD0BFF35F8F0D4B10309B6884001B5969
:101880000B4A934203D09D4201D001F05FF9074B10
:101890009B681D51BFF35F8FBFF35F8F0022024B28
:1018A0001A6086F3108870BD240100D000ED00E0BE
:1018B000C1010010F0B557464E46DE464546E0B53C
:1018C00085B0060000911700EFF3108B72B66A4ADC
:1018D0001368002BFCD0BFF35F8F0025674B5D576B
:1018E0009A46002D00DAA9E06B00654C01935B1964
:1018F0009B009846A146C1444B4652469B79103600
:101900001370604BB6009B6899590B1B2F2B33D972
:101910005D4B994200D0ACE0019B42469C465B4B3C
:101920006544AD0063535A4B0232A218043B9B1A24
:101930001B05584A5B0D651913436B80564B0121FB
:10194000AB80FF23AB71009BEF71AB604B460B4349
:1019500019004C4B9B689951BFF35F8FBFF35F8FAA
:101960000022454B1A608BF3108805B0F0BCBB46D3
:10197000B246A946A046F0BD01200A008243D379B1
:101980008C46BB4231D84546130044491B1B5B4182
:101990005943090D3D4B63533D4B02356519043BDB
:1019A0005B1B1B053B4D5B0D2B43AA464D466B80D5
:1019B0000425AC465546E044131F44441B1B1B053D
:1019C0005B0D1D434B46997100999D809960494676
:1019D000DF71334B01431360BBE75800C018800030
:1019E0002018C179B9422FD902000623D356002B03
:1019F000F3DA02932B4B61460393131D9A4604239B
:101A00005B429C46E14450464B461B1A1B055B0D4E
:101A10009C46204B9571984663464046034393800D
:101A2000019B5A199200039BA418A380029B1C4A95
:101A3000A371009B2260E771A3608AE701F086F83A
:101A4000002553465D574FE7908802934005131DCC
:101A50009A46031561469C464046D444634604308A
:101A60002018181AE0230005400D1B0218430390AC
:101A7000C5E701F06BF84FE7240100D00D200020EE
:101A8000E40F002000ED00E0C101001000A1FFFF05
:101A90001410002000E0FFFF01BDFFFFAAAA000014
:101AA0000148804701BD0000F0B5DE4657464E466E
:101AB0004546E0B50C0083B0EFF3108872B6634A78
:101AC0001368002BFCD0BFF35F8F614B61499A68AC
:101AD000030010339F00D55901938D4243D0A54296
:101AE00054D05D4EAA1B2F2A3DD85C4B9B461B68E9
:101AF000994601231A009C4682404B4613401F2200
:101B000099466346024093409A4680225B4650467F
:101B10009850BFF35F8FEFF305839B46002B37D0C0
:101B2000019B5B4501D001F011F801232A009A4383
:101B30009068844208D176E04B005B189B00F31854
:101B40009868844236D01A00062151560029F3DAEB
:101B5000844254D04B46002B27D0C02251463F4BE5
:101B60005200995019603A4B9B68DD51BFF35F8F6B
:101B7000BFF35F8F0022354B1A6088F3108803B0E3
:101B8000F0BCBB46B246A946A046F0BD0D00EAE750
:101B90002A0063469A4390688442D5D106201056A5
:101BA000130000280ADA0D0031E0802351462B4A49
:101BB000D150D8E706201856002821DB4200111822
:101BC000890074188B46A1689960E179D971062162
:101BD00061569971002924DBA488F11A6405241543
:101BE0005C44091909051E4C490D214399801318BD
:101BF0001C4A9B001178F31899711070AAE7130022
:101C00005946002914D1FF31917117499180154926
:101C10000A789A71154A9B1B5B415A43120D0A7050
:101C200098E71149E2E70620105613000028C5DAAC
:101C30000F4A1049D21A083A5002400D01439980C8
:101C40000D4952080A43DA8084E7C046240100D0D7
:101C500000ED00E0C1010010E40F002000E100E011
:101C600000E0FFFF0D20002001BDFFFFAAAA000039
:101C70001E10002000F0FFFF00F8FFFF70B50124E8
:101C80000443EFF30581EFF3108C72B6214A136819
:101C9000002BFCD0BFF35F8F1F4B05001F4AED1ACE
:101CA0006D416A43120D1E4D8900AE6852B27658DE
:101CB000A6421CD00621595691421CD012215956D9
:101CC000914222D01E215956914220D02A215956A4
:101CD0000324914210D0134B19781A708171BFF30D
:101CE0005F8F00220B4B1A608CF3108870BDAB68BD
:101CF0000D4C5C50EFE700246100091989005B1866
:101D0000FF21997109499980E5E70124F4E702244C
:101D1000F2E7C046240100D0E40F0020AAAA000088
:101D200000ED00E00D200020C101001001BDFFFF0B
:101D300010B5084B084C82B0010000930022052327
:101D40002000FFF7D3FC002801DB1F23181A02B084
:101D500010BDC0467889001011200020024B9C461F
:101D600061448900016070474000003470B5114C37
:101D7000114DAC420FD2FF262368002B0CD0FFF789
:101D8000F9FC01002000FFF7E9FFA680BFF35F8F99
:101D90000834AC42F0D370BDFFF7ECFC010020002A
:101DA000FFF7DCFF2671BFF35F8F0834AC42E3D34B
:101DB000F1E7C046B0100020B810002010B50400B4
:101DC000FFF7D8FC01002000FFF7C8FFFF232371B5
:101DD000BFF35F8F10BDC04610B504000120FFF7B0
:101DE000D5FC034BC3189B002360BFF35F8F10BD6E
:101DF00040000034034B9C46614489000160BFF3FE
:101E00005F8F7047400000340A4B1968EFF3108071
:101E100072B60A68002AFCD0BFF35F8F1B68BFF35D
:101E20005F8F00221A6080F3108840BF00200021DD
:101E30007047C046EC1F0020F0B5DE4657464E46C0
:101E40004546E0B587B0EFF30583032201251A402C
:101E5000954091008846A946B34B03925C58B34B1A
:101E60001D60B34B04934B46B24843630823E55EC1
:101E7000002D37DAA3881BB2002B00DBADE0A3797D
:101E8000002B00D0EEE00823E05E002820DB4300BA
:101E900062691B18DB00D3189E68DD68731C00D1D3
:101EA00011E1A44801004144826A0B69B71A9B1AE8
:101EB0009F4215D30123026A039883401A420FD030
:101EC0009C4800F02BFC8D4202DCCCD18642CAD962
:101ED00040BF07B0F0BCBB46B246A946A046F0BD25
:101EE0000E61EDE762696B0092465B19DB009A4474
:101EF00053469E68DF6800F011FC8F42BADC00D1C7
:101F000003E1002F00DAE8E05246534652691B69AC
:101F10009346049A934200D1D9E052460821605E6C
:101F20005288000459461043984700900191009947
:101F3000019A0B001000134300D1CEE013000A00F9
:101F4000B61A9F41002806DB7A4800F0E7FB009EA6
:101F5000019F36184F4153469E60DF6000229A5E13
:101F6000002A00DA86E7530099186069C900411811
:101F700002938B68C9689B46B94200DD7AE702D1BB
:101F8000B34200D976E708239C46A44405956546EC
:101F90002281A446029B2C0006E053009918C90038
:101FA00041188D68C968AB469B18DB00C318B9425D
:101FB00006DC00D1B3E01C000023E25E002AECDA6C
:101FC000230064469C4653461A806346059D1D8047
:101FD000A3881BB2002B00DA51E72269EFF31081CE
:101FE00072B61368002BFCD0BFF35F8F0123A78864
:101FF0005B42A3803FB22369BFF35F8F00221A6068
:1020000081F31088002F00DA39E72300083322001B
:102010009A4666697B00DB19DB00F3189968504625
:102020008C460824115FDD68002910DB029306E06E
:10203000AB4244D00023E15E2000002906DB4C00C7
:102040006418E4003419E368AB42F1DD029B0780B9
:1020500000201F5E1980002FDCDA1400A379002B0A
:1020600000D110E70023A37126000823E15E0836A3
:102070004B1C00D12CE70800A246656902E03E0037
:102080004B1C1AD04B005B18DB00EF180A008C4683
:10209000E95E7B881BB2002BF1DA01235B42DC177F
:1020A000BB60FC60824205D0534631801B893B8077
:1020B00053461A8160464B1CE4D15446E5E6A368BA
:1020C0006345B7D9C2E76B1C00D0EAE6F8E65B4689
:1020D00058461B69984700281BD153461B88226924
:1020E0002381EFF3108372B611680029FCD0BFF38F
:1020F0005F8F514662880A8022696580BFF35F8FD7
:102100000021116083F31088B4E6864200D8F8E617
:10211000B0E65B461A685B680092019307E7B34537
:1021200000D848E74CE7C046C81F00203C70054077
:10213000391E00100040054070B52E4C2569002D59
:1021400004D00A212C48FFF709FE70BD2B4E032155
:10215000300000F0D9FAE660FFF70CFB284B0322B1
:102160009C46D02322701B061B6801216370254BFF
:102170006044A3600F2380002061022063806369B4
:102180004942A18019800231198647311D83585276
:1021900018315A5275325C399952183201319952BC
:1021A00018320131995218320131995208351832DA
:1021B0009D52023118329952183201319952183217
:1021C0000131995218320131995218320131995224
:1021D0001832013199520C4B0C49DC6001303562E8
:1021E000FFF73EFB01210320FFF702FB084B1D60B8
:1021F000A7E7C0462C100020EC1F0020004005403F
:1022000040000034FFFF1000C81F0020391E0010DE
:1022100038600540004870472C100020F8B51F00BA
:1022200008AB1B7804001600002B08D100F07EFAE2
:1022300032003B00121A8B41002B00DA52E0226977
:10224000EFF3108072B61368002BFCD0BFF35F8FE2
:102250000223E15E63694A005218D2009B1822698A
:10226000002936DB1D886580BFF35F8F0025156070
:1022700080F31088069A9E60DF601A61079A5A619F
:102280005A8801325204520C101C002A1FD082B20C
:102290005880080410432669EFF3108772B632683D
:1022A000002AFCD0BFF35F8FA2881A80A180236927
:1022B000BFF35F8F00221A6087F310880A492378E2
:1022C0008C4601329A40E36863441A60F8BD0120ED
:1022D000DDE7BFF35F8F0023136080F310880120D8
:1022E0004042F3E70020F1E73C20000070B5010018
:1022F0000469EFF3108C72B620680028FCD0BFF39D
:102300005F8F02200D5E4C6968004019C0002418E0
:102310000869002D36DB26884E80BFF35F8F0026CC
:1023200006608CF31088E3606388049801332061B1
:102330005B0405985B0CA26060611A1C002B1FD027
:1023400093B22804628018430A69EFF3108C72B6C6
:102350001368002BFCD0BFF35F8F8B8823808D80A8
:102360000B69BFF35F8F00221A608CF310880B7823
:1023700001329A40CB6808498C4663441A6070BDAC
:102380000122DDE7BFF35F8F002303608CF3108829
:1023900001204042F3E7C0463C20000010B54389CD
:1023A0000A1493421ADD53009B184269DB00D318CC
:1023B0000469EFF3108C72B62268002AFCD0BFF3D8
:1023C0005F8F5A88090494B2090C8A4208D00369C5
:1023D000BFF35F8F00221A608CF31088002010BDBD
:1023E0008022120214435C80012302698371BFF3CF
:1023F0005F8F002111608CF31088044902788C46AD
:102400009340C268012062441360E8E73C2000006A
:1024100040787047F0B5C64600B582B004000D00A4
:1024200000F084F924184D41002D02DA01242F4DCB
:10243000644206267642F71736196F41AF4214D828
:1024400011D000F073F932003B00121A8B41002BBF
:1024500015DC002B46D02000290000F071F902B0F5
:1024600080BCB846F0BDA642EBD90026002700F09C
:102470005DF932003B00121A8B41002BE9DD00F0C0
:1024800055F932003B00121A8B41002B0ADB002366
:102490000193174B3200009316483B00FFF726FFCD
:1024A0000130D8D000233900B0469C46124A134868
:1024B000536A994204D8966A4645CCD29942CAD109
:1024C0000668EFF3108772B63368002BFCD0BFF3B9
:1024D0005F8F0368BFF35F8F66461E6087F31088C7
:1024E00020BFE5E7002AB6D0C9E7C046FFFFFF7F5F
:1024F000091E00102C10002000400540EC1F002099
:10250000F0B5C64600B582B0040000F00FF9FA221B
:1025100006000F00200000230021920001F08CFA39
:102520008019794104000D1E02DA01242E4D644207
:1025300006267642F71736196F41AF4214D811D0EC
:1025400000F0F4F832003B00121A8B41002B15DC2E
:10255000002B46D02000290000F0F2F802B080BC29
:10256000B846F0BDA642EBD90026002700F0DEF801
:1025700032003B00121A8B41002BE9DD00F0D6F847
:1025800032003B00121A8B41002B0ADB002301931F
:10259000164B3200009316483B00FFF7A7FE0130B0
:1025A000D8D000233900B0469C46124A1248536ADC
:1025B000994204D8966A4645CCD29942CAD1066857
:1025C000EFF3108772B63368002BFCD0BFF35F8F38
:1025D0000368BFF35F8F66461E6087F3108820BFD5
:1025E000E5E7002AB6D0C9E7FFFFFF7F091E00100C
:1025F0002C10002000400540EC1F0020F0B557468D
:102600004E46DE464546E0B506000F0085B0EFF3C6
:10261000058399468B46002B12D0384900204B6A1F
:10262000BB4206D38A6ADB1B591E8B41B242404132
:10263000184305B0F0BCBB46B246A946A046F0BD63
:102640002F4B9A46DB68984653461B7840460393C7
:1026500000F064F84246039B040004339B009B583F
:102660000D001B1A39003000001BA941894510DC00
:102670000DD020BF214A0020536A5B45D9D3926A0E
:10268000DB1B591E8B41B24240411843D1E78342C4
:10269000EFD900F04BF832003B00121A8B41002BAF
:1026A0001ADB00230193174B3200009350463B0086
:1026B000FFF71CFE011E0FDD104B5A6A5A451BD353
:1026C0009B6AB34216D35046FFF768FE0B4A0020C0
:1026D000536A5B45ADD3D2E7084A0020536A5B4595
:1026E000A7D30020926ADB1BB24240415A1E93419D
:1026F00018439EE75A45E6D120BFE4E70040054075
:102700002C100020091E001010B5024A0248FEF7E6
:10271000CBFF10BD948900102C1B00200300416AE0
:102720000A00986A596A8A42FAD17047034B596A7B
:102730000A00986A596A9142FAD1704700400540F0
:10274000064A536A9942FCD807D1044B02E05A6A00
:10275000914202D19A6A9042F9D8704700400540F0
:10276000F8B5DE464E4657464546E0B58B46050071
:102770000A991800160000F03BFB0A9B6C001F0230
:10278000324B64199C46A4006444636881469F42AE
:1027900000D967602B1FDBB29846012B30D9C023CC
:1027A00080229B01E31812011A60294BAD00595990
:1027B0009A4600291BD17301E026226853401E402F
:1027C000802342465B01E3181E60012A30D9802332
:1027D00080229B01E31812011A6053464A46676043
:1027E0005A51F0BCBB46B246A946A046F8BD58694E
:1027F00000F0FEFA013043001B18033BFDD2DAE77C
:102800005B46012BCBD1C02303229B01E3181A6046
:10281000023AA3681A42FCD07301E0262268AD0098
:1028200053401E4080230A4A5B019246E3181E6013
:102830005A462168514003220A401A6001225B4631
:102840009A40A3681A42FCD0C1E7C046008000400D
:10285000301B0020F0B546464F46D646C0B51F0097
:10286000344B44009C462418A400644463688846A2
:102870001600FF2B02D880235B006360031FDBB2CE
:102880009A46012B30D9C02380229B01E318120104
:102890001A60294B85005959994600291BD17301AB
:1028A000E026226853401E40802352465B01E31815
:1028B0001E60012A30D9802380229B01E318120177
:1028C0001A6080235B0063604B465F51E0BCBA46F0
:1028D000B146A846F0BD586900F08AFA01304300BD
:1028E0001B18033BFDD2DAE74346012BCBD1C023B3
:1028F00003229B01E3181A60023AA3681A42FCD033
:102900007301E0262268850053401E4080230A4A56
:102910005B019146E3181E60424621685140032244
:102920000A401A60012342469340A2681342FCD039
:10293000C1E7C04600800040301B0020014B8000F2
:10294000C0587047301B0020F8B5040021481E0015
:1029500017000D0000F04CFA0100380000F048FAB2
:10296000069B36041B031E432368002B20DB1A4BF7
:102970001A49E3185A1E93418022920194465B4201
:102980001B0B174A1B0363441360164A13601F0096
:102990000A689743FBD1144B2560E2182123A060FD
:1029A00013602368002BFCDA0823E6601360F8BD8F
:1029B0003F2322681340AB42D9D1A3681B051B0DEE
:1029C0008342D4D1EE22E368D2021340B342CED187
:1029D000EDE7C046001BB7000040FDBF08C0004047
:1029E00000E0004000F000400430000010B58024FA
:1029F0001C4BE4051C6000281AD001231A4C184314
:102A00001A4BDC611A4C44401C6259629862802166
:102A1000144BC9051960174817490860E021C9041B
:102A20001960002A07D18022144B12061A6010BDCB
:102A30000E4BD861EBE753019B1A9B009A18802339
:102A400012015B049A4209D213000D490B60074B37
:102A50005A608022094BD2051A60E8E7094B1A0038
:102A6000F3E7C04600B00540D3C007B00080054082
:102A70002D3FF84FFCFF01000820014000A0054059
:102A8000A01F0020FFFFFF008023024A9B000B4392
:102A9000D362704700800540002310B50100988A7A
:102AA0001B8B984710BDC046162310B5010018882F
:102AB00002331B88984710BDF8B54746CE4680B50F
:102AC0000F1E18D014239946043304000025012654
:102AD00098464B461888434621681B88984701C48E
:102AE000431E984101350640AF42F2D13000C0BCD0
:102AF000B946B046F8BD0126F8E7C046002370B5D8
:102B000004000D00988A05491B8B9847030000209C
:102B1000002C01DB0130A0402900984755420000FD
:102B2000AA23064A1B0113608D235B00D36004496E
:102B3000044B19605368002BFCDA704700400240D8
:102B400000B0FA00006002407047C04610B501486E
:102B5000FEF792FDB889001070B5074D074EB542DB
:102B600009D20024013E761BB60808CD9847230001
:102B70000134B342F9D170BDB8850010F48500105E
:102B8000054B064A06491A60064A074B1A601000B0
:102B90000B689843FBD1704700E00040BFCDFBFEBF
:102BA00008C00040FE7F3C0000F00040044BDB6C9E
:102BB000002B03D18022034BD2021A607047C0461B
:102BC000000011504C201150044A054B1A60054A70
:102BD0001368DB018033FBD17047C046FFFFFF0164
:102BE00000F0004008C000404022034B9A675A673B
:102BF0001A67DA667047C04600F0014010B5FEF76C
:102C0000D7FD10BDF8B52749274C284D641AA610EA
:102C10003200302E00D930222800920001F04AF80C
:102C2000BC2C3BD830202F232C196407204A801B52
:102C3000E40F9B1B052B16D93700002C02D0B300E4
:102C4000771CEA50001B33199B004108EB18C900A0
:102C5000C9181A605A6008339942FAD10123034215
:102C60001CD09843C619B300EA50731C2F2E15D000
:102C70009B00EA50B31C2E2E10D09B00EA50F31C90
:102C80002D2E0BD09B00EA50331D2C2E06D09B001E
:102C9000EA50731D2B2E01D09B00EA50054B9D601E
:102CA000F8BDC04600010010C00100100000002067
:102CB000C101001000ED00E0002310B5294C82B0E6
:102CC000A367FFF72DFF0122274B1A60636C012BCE
:102CD000FCD10322254B1A60224A936B012BFCD1B5
:102CE000013300930121224A22480433FFF72CFECE
:102CF000052301210093204A2048FFF725FE0022EA
:102D0000022104201E4BFFF7A5FD00220121052012
:102D10001C4BFFF79FFD0022002107201A4BFFF7F5
:102D200099FD002200210820174BFFF793FD802317
:102D3000DB000093002200210920134BFFF710FD58
:102D40000022104B00210620FFF784FD0420FFF72E
:102D5000F5FD0E4900F04CF801000020FFF794FE4D
:102D600002B010BD008000403CB0004030B00040D8
:102D7000002F685900800240008C864700C0024046
:102D8000001BB70040597307006CDC0240420F0083
:102D900001480421014B184750100020B92A0010A7
:102DA000124A936F9B0815D29066D166002905D010
:102DB000FFE7FFE7FFE7516F106F704704B5802111
:102DC0000906C2175140002800D0C84305F0B4FBE3
:102DD000002104BDF0B5146E556E576F166FFFF7E6
:102DE000E3FF1466556657671667F0BD000000D014
:102DF000114A936F9B0813D210665166002905D0C3
:102E0000FFE7FFE7FFE7516F106F704704B5002839
:102E100001D00020C04305F08FFB002104BDC04657
:102E2000F0B5146E556E576F166FFFF7E5FF146619
:102E3000556657671667F0BD000000D094464A4AB1
:102E4000926F9208624601D228E0C046F0B5464E25
:102E5000346E756E776F366F00F020F89446424AF4
:102E600014665566576716676246F0BD94463E4A3B
:102E7000926F9208624601D254E0C046F0B53A4ED5
:102E8000346E756E776F366F00F04CF89446364AA4
:102E900014665566576716676246F0BD002B24DB43
:102EA00011D000293EDA00B5C943404200D10131BA
:102EB00000F038F8C943404200D10131DB435242AF
:102EC00000D1013300BD002AEBD1002801D1002937
:102ED00005D00020C90FC90701D1C043410800B582
:102EE00005F01AFB0022002300BD00B500290ADB13
:102EF000DB43524200D1013300F014F8C943404291
:102F000000D1013100BDC943404200D10131DB4352
:102F1000524200D1013300F005F8DB43524200D1A8
:102F2000013300BD002923D1002B18D1002A0CD079
:102F3000BC460D4F38667A6600210023FFE7FFE7A5
:102F4000FFE77A6F386F67467047002801D007485F
:102F5000010000B505F0E0FA0022002300BD0200E8
:102F60000B00002000217047000000D0FFFFFFFF92
:102F7000002B00D0BFE0130C28D1002AE7D080B48A
:102F8000114F39667A66FFE7FFE730B4040C7B6FB8
:102F9000396F1B0423433B667A66FFE7FFE7FFE7D1
:102FA000C04684B27B6F3D6F1B0423433B667A6649
:102FB000FFE7FFE7C04600232C042D0C7A6F386F23
:102FC00000196941B0BC7047000000D0F0B59446CC
:102FD0000025140E01D112020835140F01D112017F
:102FE0000435940F01D192000235D40F01D1520063
:102FF0000135D40B0134254F7C66254C3C660E0C04
:1030000093B2FFE7FFE7FFE73C6F6643360C7703B9
:10301000BE467343DF0B5B04C01AB941130C734304
:10302000DB18C91ACE086643360CB64493B2734314
:103030001F0F1B01C01AB941130C73431F0B1B0553
:10304000C01AB941860D8F023E436643360C092DE6
:1030500024DB520A7243801A7703460A6643360C11
:1030600016235B1BDE40DF40BF1964466643821BAC
:103070007046043506330100D940A840C01900D37A
:103080000131A24206D20023F0BD0000000000D0B2
:10309000FFFFFFFF121B0130F3D3F1E709277F1B6E
:1030A000FE406446A2B27243801A00D20139220C5B
:1030B0007243130C1204821A99410B0070460435B6
:1030C00013370100F940A840801900D30131002BCB
:1030D00002D1A2420AD2F0BD013000D30131121B4D
:1030E000FAD2013BF8D1A24200D2F0BD013000D3A8
:1030F0000131121BF7E7F0B51C0C00D080E00CB4D6
:1031000000251C0A04D11B02160E33431202083597
:103110001C0B04D11B01160F3343120104359C0B09
:1031200004D19B00960F334392000235DC0B02D191
:1031300092185B4101351C00971864410134464FD9
:103140007C66464C3C660E0CFFE7FFE7FFE7C04697
:103150003C6F6643360C7703BE4697B27743C01B7D
:1031600000D20139C01B00D201399FB27743C91B7D
:10317000C91B170C77437E04FF0B801BB941CE0897
:103180006643360C0C2D33DBB644120B1F053A4355
:103190001B0B97B27743C01B00D201399FB2774314
:1031A000C91B170C77433E043F0C801BB941860DA9
:1031B0008F023E43664329277F1BFE400C3D774626
:1031C000AF40BF1930BCA2B2ABB272437343801A96
:1031D0009941220C7243130C1204801A9941020087
:1031E0000B000137001BA941F9D2781E0021F0BD68
:1031F0000C277F1BFE4077467F0BAF40FF19E0E7AF
:1032000000245D1C07D0144F7D663966FFE7FFE799
:10321000FFE7FFE73C6F95B29EB265436643401BF4
:10322000B141150C1E0C6543664336042F0C3E431A
:103230002D04401BB141994204D202000B00200032
:103240000021F0BD01D19042F7D3801A9941013499
:103250009942F2D3F6E70000000000D0FFFFFFFF25
:1032600048404140484018B41B4B5B68FC46019302
:1032700008BD04DF0B35001018B4174B1B68FC4663
:10328000019308BD00DF153500109446134A926F74
:10329000920809D2624618B40F4BDB68FC460193D2
:1032A00008BD0CDFCD3700100C4AF0B5146E556E1A
:1032B000576F166F6246FFF7EEFF084A14665566B1
:1032C00057671667F0BD18B4034B9B68FC46019323
:1032D00008BD08DF7136001080120020000000D009
:1032E000FFB550404240504059404B40594000E0EB
:1032F000FFB5154F4C00640D03D0BC4204D10C0344
:1033000014D80020090D09055C00640D03D0BC42EF
:1033100004D11C030AD800221B0D1B0501264B40BB
:1033200009D44B4003D58B4200D18242FFBD994264
:10333000FCD19042FFBD0B43DB1803431343F5D090
:10334000C9434918FFBD0000FF07000000B5FFF7A3
:10335000CFFF804100BDC04600B5FFF7C9FF01D9CE
:10336000002000BD012000BD00B5FFF7B9FF01D965
:10337000002000BD012000BD00B5FFF7B1FF804176
:1033800000BD012040054A00121804D85A00121846
:1033900001D800207047012070470000002100285C
:1033A00005D17047C1174840401AFAD0C90713B574
:1033B000064B1B6898470CBC441CA2401005120B1E
:1033C0000349091B09051943114310BDE81F0020DB
:1033D0001F04000010B54C00620D8023D218DB00E2
:1033E000D21A5B057E2A10DD9E3A13DACC17090348
:1033F000490819435242D140640001341532202A51
:1034000005DAD0400843604310BD002010BD0846D7
:10341000604310BDC80FC018013810BD18B4044B6C
:103420005B6AFC46019308BD24DF7D390010000073
:1034300080120020132370B51D78012D19D014DDE2
:103440001F48FFF731FB06001E48FFF72DFB1E4CFF
:1034500080223100200000F02DFC022D2DD01B48D1
:10346000FFF71AFB1A4B186070BD1A4B164CA36479
:10347000F5E7184B144C23606360A360E36023619D
:103480006361A361E36123626362A362E362236316
:103490006363A363E36323646364A364E3642365F6
:1034A0006365A365E36523666366A366E3662367D6
:1034B0006367A367E367A364D1E7064BA364CEE722
:1034C0005344000053460000801200204C3300009B
:1034D000E81F0020D934001007B5604601880A0AA9
:1034E0000230DF2AFAD1C9B2820804D302884088A8
:1034F0000004104300E00068014A5050039007BDEB
:10350000801200200FB403BC0CBCF0B50124E4070A
:10351000634000E0F0B50C0DCF0F661E3605891B29
:10352000640503D3C943404200D30131640D03D085
:10353000661CF60A07D0E41B00207F00791C89076F
:103540008912803C24031D0DDF0F6E1E36059B1B68
:103550006D0503D3DB43524200D301336D0D03D01D
:103560006E1CF60A07D0ED1B00227F007B1C9B0718
:103570009B12803D2D032F1B661B58D4A446202E82
:1035800046DA20371400BC401D00BD40F2403341F4
:103590002A4380185941CB0F05D0C943C0430022AC
:1035A00064425041514162464D0D28D10D0D07D165
:1035B00000281FD0241940414941013A0D0DF9D08E
:1035C000640006D3013000D30131002C01D1400842
:1035D0004000013A0BD4941CE40A04D112051144B2
:1035E000DB071944F0BDD907204B194300E0D90788
:1035F0000020F0BD0029DDD1002CDBD1F0BD01326F
:10360000C6074008CD0728434908002EE1D0D9E776
:103610003C2E29DA203E40371400BC4000D0012463
:10362000F24014431A00BB401C43D317ACE7AC462E
:10363000202F08DA20360400B4400D00B540F840D1
:1036400039412843A5E73C2F0CDA203F40360400DF
:10365000B44000D00124F84004430800B1400C43BA
:10366000C117EAE710001900002494E70000F07F7A
:10367000F0B50C0D661E3605891BE60A6405640D5F
:1036800002D0651CED0A04D0002001210905803C10
:103690002403A4461C0D671E3F05DB1BE70A6405D7
:1036A000640D02D0651CED0A04D0002201231B0525
:1036B000803C24037740644497B484B296B2744348
:1036C000070C7E43150C6F4380B26843361802D353
:1036D000012000043F183004350C00197D41844658
:1036E00088B29AB250430C0C62431F0C7C438EB2DA
:1036F0007E43921902D301263604A4191604170C2E
:103700003618674101BC81B29AB25143040C62433E
:103710001B0C5C4380B25843121802D301200004F2
:1037200024181004130C401863412D185E4100202A
:10373000474106BC88B293B258430C0C6343120C49
:10374000544389B251435B1802D301210904641820
:1037500019041A0C091862416D185641002047419E
:1037600018BCF902720D1143F0026A0D1043ED020C
:103770000A0D03D16D1940414941013B124E9B1B7B
:103780007600B3420ED26D0007D30130002671419E
:103790006646354301D1400840001B05C918E407BF
:1037A0002144F0BD0BDA013306D1013004D10131DF
:1037B0004F0D01D04908F2E7E1070020F0BD0136C6
:1037C00031050020EBE70000FF030000F0B51C0D01
:1037D000671E3F05DB1BE70A6405640D02D0661C0B
:1037E000F60A04D0002201231B05803C2403D025C7
:1037F0002D060026F6432E661E096E66CE0FF619BC
:10380000B44649004F0D02D07E1CF60A03D00020BA
:103810000021403F3F033E1BB600B444013F7F05FB
:10382000C91B49082E6F013676089C02950D254369
:103830007543ED137543AD1301356D10F603761B1B
:103840000CB4CC02450D2C43A2B2B3B25A43270CA0
:103850007B43350C6F43A4B26C431B1902D3012484
:1038600024043F191C041D0CA4187D4124196D412A
:10387000009A91B2ACB26143170C7C432B0C5F43AE
:1038800092B25A43A41802D301221204BF18220490
:10389000230C52187B41019C6C431B19520ED90119
:1038A0000A434401A01A81B2B2B2514303145A43ED
:1038B000360C734387B27743D617D21900277E415F
:1038C00036049B191704160C7F185E417316ED1809
:1038D000F301002680337541A90F06D16400690AFF
:1038E000E8055B0A184309D22FE004229444803390
:1038F0007541A90AA8059B0A184326D340414941AE
:103900002404009A019B0D005543641B4343E41AB1
:1039100095B286B27543170C7E43030C5F4392B297
:103920005A43B61802D301221204BF183204330CD2
:1039300052197B4152429C41002C02D4002201309A
:1039400051414008CA071043490802B06246D707F0
:103950009210084BD218084B9A4203D212058918CC
:10396000C919F0BD0020002A01DC3900F0BD013387
:103970001905F5E7FD030000FE070000002200B571
:10398000203200F004F8080000BD000000220B15F2
:103990000AD410B5944600F031F81414013400DA5A
:1039A0000021CB17144C20470020002170476244AF
:1039B000343A0CD40C2A07DA040091409040524269
:1039C0002032D440214310BDD843D94310BD20320A
:1039D00007D40C469440524220321141D04020433B
:1039E00010BD0800C917203203D4524220321041C2
:1039F00010BD1800190010BDAF3900100A0DCC0F12
:103A0000531E1B05C91A520503D3C943404200D3B4
:103A10000131520D03D0531CDB0A07D0121B0020CA
:103A20006400611C89078912803A1203014BD21A83
:103A300070470000FF03000051434343C9188C4600
:103A4000110C83B24B4310B4040C614392B280B2A8
:103A5000504362431C041B0C001910BC5941130451
:103A6000120CC01851416144704700004840414069
:103A700048400E4B5B6818470C4B1B6818470C4AB4
:103A8000936F9B0802D2094BDB681847F0B5146EA0
:103A9000556E576F166FFFF7F6FF054A14665566A9
:103AA00057671667F0BD014B9B68184780130020CD
:103AB000000000D007B548404140484001E0C04602
:103AC00007B54200120E03D0FF2A03D1420218D8D4
:103AD000C00DC0054A00120E03D0FF2A03D14A02CE
:103AE0000FD8C90DC9050122414005D4414001D577
:103AF000814207BD884207BD0143491801D0C04338
:103B0000001807BD00B5FFF7DBFF804100BDC046D0
:103B1000491A002808D1084670470000C10FC9079C
:103B200000D54042002817D0F44603B40B4B1B6865
:103B3000984706BC81409E384042803107D20B0630
:103B400007D04900490AC0051043084360470130C7
:103B5000F8E7490A8902F5E770470000E81F0020EE
:103B6000054A10470029FBD0044B5B6EFC46184702
:103B700064DF253C00100000113B00108013002082
:103B8000034BDB6FFC4618477CDF693C00100000EC
:103B900080130020132310B512481C78FEF784FF11
:103BA0000100012C0AD003DD80220F4800F082F8CA
:103BB0000E48FEF771FF0E4B186010BD0A4C5422E0
:103BC000200000F077F80B4B6365A365E36523667F
:103BD0006366A366E36623676367A367E36723629D
:103BE000E361E5E753460000801300204C330000FA
:103BF000E81F0020F93B001007B5604601880A0A5B
:103C00000230DF2AFAD1C9B2820804D30288408880
:103C10000004104300E00068014A5050039007BDC3
:103C200080130020002230B5002906D5CD070543BA
:103C30004808013A10E0002230B505000D430FD0CE
:103C4000CD170C16AC4205D1C901440E2143C00169
:103C50000732F6E70500080052423D320149884725
:103C600030BD0000EF290000C30FDB0741000A0E42
:103C700007D0FF2A08D00909054A891819434007C7
:103C800070471900002070470249C918FAE7000080
:103C9000000000380000F07F01480421014B184764
:103CA00060100020B92A0010014B1B681847000063
:103CB00060100020014B5B68184700006010002076
:103CC0009A4200D2885470477047C046F8B55746AC
:103CD000DE464E464546E0B599460A9B07009A46A1
:103CE0000D9B884693460B9C9B073BD10C9B9C42AB
:103CF0003DD21E1B0B9415000C005E442A004B465F
:103D0000013521002020B847B542F7D1A0460B9CD1
:103D1000002C20D0454636195346321B013C185D15
:103D200029004B46B847002CF6D12B0035009846A9
:103D30000D9B9B070FD55B46EC1A0C9BA3420AD93F
:103D4000464698462A004B46310020200134B847A9
:103D500001354445F6D32800F0BCBB46B246A9461F
:103D6000A046F8BD16001500002CD3D1E0E71600E0
:103D70001500002CCED1EEE7F0B54546DE4657469D
:103D80004E46E0B585B09C4610AB1B78149F934619
:103D900098460F9C129E139DBB074CD4002D42D118
:103DA000B44248D201233B4099460E9B013B9A46C0
:103DB000302304E0524601341355A64201D9202C89
:103DC000F8D14B46002B00D183E00E9B013B994676
:103DD0003023A54205D82EE04A4601341355AC42A3
:103DE00029D0202CF8D1FB060CD57B0554D4A64253
:103DF00063D0A54261D0119B102B50D0022B57D01D
:103E0000202C32D1202301930E9B5A460093039716
:103E100063460295FFF75AFF05B0F0BCBB46B246B9
:103E2000A946A046F0BD01233B40994601233B42F1
:103E30002AD1B442B9D3FB061CD57B05DBD4002CB8
:103E4000D5D1119B102B5BD0119B022B6BD0302353
:103E500001240E9A13704346002B10D17B073ED5E8
:103E60002B260E9A631C1655CDE72300013430260D
:103E70000E9AD654202CC5D04346002BEED02D26CA
:103E80000E9A631C1655BEE74346002B2FD0013D0A
:103E9000B44200D289E798E7119B102BB2D1BB0640
:103EA00037D5202CAED058230E9A13550134A7E7EE
:103EB000202CA7D02300013407E0631E012CC0D0C2
:103EC000119A102A31D0022AD1D162260E9AD654E4
:103ED00096E7FB06CED57B0500D488E78BE7230069
:103EE0003E0790D520260E9A013316558BE70C23FA
:103EF0003B405A1E9341ED1AB44200D255E764E7A5
:103F0000BB060ED478230E9A02241370302353700C
:103F1000A1E7202C00D175E778230E9A13550134C0
:103F20006EE75823EFE76033EDE70E9AA61E914641
:103F30004E44BA0602D55822327098E77822327081
:103F400095E7C04610B5002800D110BD01F092FCE5
:103F5000FBE7C0460B0010B5002802D049681B687B
:103F6000984710BDF0B55746DE464E464546E0B58B
:103F700095B083460F00924698461E9A1F9B1000EC
:103F80001900209EFFF7FDF9002800D0EAE11E98F5
:103F90001F990122C54B5242FFF7D8F9002800D0E3
:103FA00014E11E981F990122C14B5242FFF7E4F918
:103FB000002800D0E9E01E981F990022BD4BFFF7B2
:103FC000DBF9002800D0C8E01E981F990022BA4BE8
:103FD000FFF7BCF9002800D0BFE01E981F9900220F
:103FE0000023FFF7B3F9002800D0E4E000230B938F
:103FF000229B5B0500D406260024302307E017210E
:1040000006AA013452181355013E202C01D0092E66
:10401000F5D81E981F99FFF7DDF9A84BF2009B1801
:104020001A685B68050008920993FFF7BBF9020064
:104030000B001E981F99FFF716F9089A099BFFF7C6
:1040400042F906900791FFF7E9F98146FFF7A6F9D3
:1040500002000B0006980799FFF705F90022984B1C
:1040600006900791FFF788F9002800D10DE10123A0
:104070009C46E1444846FFF791F902000B0008987E
:104080000999FFF769F9002802D000239946013504
:10409000002E00D1D9E006954D46B94614E006AA97
:1040A000944617230A216344280001341F19FEF7A0
:1040B0009FFE3031397028000A21013EFEF798FE3C
:1040C000092D00D817E10500202CE8D14F46069DA8
:1040D00020240CAE06AA17239446634499465B46F7
:1040E000B34606930FE04B4628000A210134E61838
:1040F000FEF756FE3031280031700A21FEF750FEDF
:10410000051E00D1E4E0202CEDD1069B5E469B46C7
:104110000323229A1340012B18D1219B002B15D089
:104120000B9B002B00D1FDE0219B013B2193202B19
:104130000CD93023219A07E0172006A90134091869
:104140000B55944200D3CCE0202CF5D1229B019456
:104150000393219B0096029322E0229B52460493F4
:10416000219B3900039358461E9B1F9C0296009387
:104170000194434600F04AF90400200015B0F0BC59
:10418000BB46B246A946A046F0BD229B5B070FD4B2
:1041900003224C4B229901920391219900930291A1
:1041A0004346524639005846FFF790FD0400E4E7C5
:1041B0000422454BEEE71E9A1F9B00200021FFF7CB
:1041C00052F801231E901F910B9311E7229B544636
:1041D0009B0711D1219B042B0ED9219B55469C4650
:1041E0005E46043C64442A004346013539002020E1
:1041F000B047A542F7D1B346344D26002B1F994650
:104200005B46A3461C003200E87843463900013D76
:10421000A04701364D45F6D123005C469B46229BC4
:1042200004349B07A9D55346219AE31A9A42A4D98C
:104230005E4615002200434639002020B047534611
:104240000134E31A9D42F5D897E72800FFF7AAF852
:1042500002000B001E981F99FFF705F80022184B6B
:1042600006900791FFF772F80CAE002800D031E7F6
:10427000069807990022124BFFF77EF8002800D01D
:1042800028E7012301359D4324E70022069807997A
:104290000B4BFFF75BF8002800D0F9E64B46002BEC
:1042A0005CD101239C46E144F2E6C046FFFFEFFFEC
:1042B000FFFFEF7F65CDCD4165CDCDC1C88C00102E
:1042C0000000E03F108A0010088A0010188A0010D1
:1042D000069B5E469B460323229A1340012B00D186
:1042E00081E0202C00D131E70B9B002B27D02D2320
:1042F000335501342AE74F46069D202C00D1E7E6CE
:104300003022331907E0172006A9013409180A558D
:10431000202C00D1DCE6A342F5D12E220CAE0134D4
:10432000F254D7E60C23229A134257D0219B013B2B
:104330002193A34200D9FCE6202C00D106E7229B62
:104340005B0703D52B2333550134FFE6229B1B0764
:1043500000D4FBE6202333550134F7E6DB0700D415
:1043600096E69EE7229B55469B0711D1219B032B86
:104370000ED9219B54469C465E46033D654422006F
:104380004346013439002020B047AC42F7D1B34650
:10439000B9465F461C4EEC1C2A00B078434649469D
:1043A0000135B847013EAC42F6D1229BBB464F4691
:1043B0009B0700D4E1E65346219AE31A9A4200D8BB
:1043C000DBE65E4615002200434639002020B04758
:1043D00053460134E31AAB42F5D3CEE6219BA34208
:1043E00000D9A6E6B2E6219B002B00D179E70B9B12
:1043F000002B97D0219B013B21939C4200D298E651
:10440000202C00D073E7A1E6148A0010F0B5DE4638
:1044100057464E464546E0B599B081468B46924692
:104420009846229A239B10001900FEF7AAFF002845
:1044300000D0CAE0229823990122824B5242FEF713
:104440009BFF002800D0C0E02298239901227E4BD8
:104450005242FEF77BFF002800D0B6E02298239955
:1044600000220023FEF772FF002800D0C9E1229B42
:10447000239C08930994089809998023269ADB00C5
:104480001A400D928022269C1201144022000B94A7
:10449000269C07000E001C4200D0ADE00B00034339
:1044A00000D0D5E0002A00D00AE22200063324938F
:1044B000022313400C930223134200D002E2259BF7
:1044C000042B00D20FE2043B0B93002304250A9334
:1044D0000022229823990023FEF738FF002800D0FD
:1044E00003E25A4B269A134004930B9B0393249B9D
:1044F0000293089B099C00930194594643465246F7
:104500004846FFF72FFD02002020269B1F2703406F
:1045100059424B415B421840531C0893594643464D
:104520004530C8470A9AD317D4185C40D30F0A9372
:104530006B1E0B9308AB9C460025674401E0202DC1
:104540000FD020000A21FEF753FC01357E193031CF
:10455000317020000A21FEF74BFC26000400092ED2
:10456000EDD8052306930B9B59460593002304932E
:104570000A3303930A9B4846029310AB0093089AB0
:1045800043460195FFF7F8FB0C9B002B2DD05346BB
:10459000C41A259BA34228D94D465F4681461E007A
:1045A000534639001A19202043460134A847A64231
:1045B000F6D8534648462599C21A01320023914243
:1045C00000D386E1013018180FE0269B0493259B49
:1045D0000393249B0293229B239C009301944346C4
:1045E000524659464846FFF7BDFC19B0F0BCBB46E1
:1045F000B246A946A046F0BD01432BD10B9B220039
:10460000002B00D154E700230A93249B0A9A00242C
:10461000934200DD85E12298239900220023FEF7D2
:1046200095FE002800D035E1269B084A02941A40E6
:104630008023DB0013430493259B0393089B099C71
:10464000CBE7C046FFFFEF7FFFFFEFFFFFF7FFFF66
:1046500006232493B44B70009C46400D6044FEF743
:10466000A1FEB24AB24BFEF72EFEB24AB24BFEF7A3
:1046700003FE3603B14B360B334304000D00380004
:1046800019000022AE4BFEF7EEFDAE4AAE4BFEF730
:104690001AFE02000B0020002900FEF7EDFDFEF7D8
:1046A00099FE0A90FEF77EFEA84AA94B04000D0071
:1046B000FEF709FE0022A74BFEF7DEFDFEF78AFE9D
:1046C000A54A0600A54B20002900FEF7FCFD0400CA
:1046D00030000D000C96FEF765FEA14AA14BFEF7D7
:1046E000F2FD02000B0020002900FEF7BCFD0200D5
:1046F0000B0006000F00FEF7E6FD320004000D007F
:104700003B0030003900FEF7B7FD00220E900F91FC
:10471000954B20002900FEF7B8FD0022934BFEF7D1
:10472000ABFD02000B0020002900FEF7AEFD0022C9
:104730008F4BFEF7A1FD02000B0020002900FEF7C1
:10474000A4FD0D008021040032003B000020C905BB
:10475000FEF789FD02000B0020002900FEF78CFD0A
:1047600002000B000E980F99FEF78FFD0022734B8D
:10477000FEF782FD7F4B0C9C9C466444002223057F
:10478000FEF7A1FD06000F0002000B000898099932
:10479000FEF7DCFD00280AD00A9B3000013B3900FF
:1047A0000A930022714BFEF770FD06000F000A9A73
:1047B000330063323900C62A12D802222698042513
:1047C00010400B9A0C90002A25D1259B042B05D96B
:1047D000002800D0A1E0259B043B0B93042541E079
:1047E0000222269810400B9A0C90002A12D1259B89
:1047F000052B76D9002872D1259B0525053B0B9307
:1048000034E0802212069446229B0893239B634443
:10481000099330E605250B4300D1F6E6089809997F
:10482000554A564BFEF7A0FD002808D00898099974
:104830000022534BFEF78AFD002800D0E5E6249BBA
:10484000002B1CD00D9B002B19D0249B013B2493E3
:10485000259BAB4204D90C9B002B5AD002230C930E
:1048600000230B930A9B002B00D131E6089809998D
:1048700032003B00FEF709FD0890099128E6259BD0
:10488000AB42EDD90C9B002B43D000230B9302339A
:104890000C93E7E78020269B3A4A00061A408023C3
:1048A00084460294089C099D2900DB00134304936D
:1048B000259B6144220003930B00009201938EE636
:1048C0000524A8E600230B930A93023304250C93D6
:1048D000FEE553468C46013B63441B1A72E60223F5
:1048E0000C930525C2E70423EDE58020089E099F6F
:1048F000000639008446269A224B614413400493F3
:104900000B9B32000393249B02930B0000920193B4
:10491000F3E5259B5B1B0B93A4E7022304250C9373
:10492000A0E79C1A013C76E601FCFFFFFB799F5053
:104930001344D33FB3C8608B288AC63F0000F03FC2
:104940000000F83F61436F63A787D23F71A37909E5
:104950004F930A400000E03F1655B5BBB16B0240D3
:10496000EF39FAFE422EE63F00002C4000002440C2
:1049700000001840FF0300002D431CEBE2361A3FF5
:1049800080842E41FFF7FFFFF0B5DE4657464E46C6
:104990004546E0B5A5B01E002E9B92460C93CD4A2D
:1049A000CD4B80468B461A60002900D1EAE10023F6
:1049B00030789946002800D1ECE1C84B4C460B9367
:1049C000C74B454657460E930AE0631C98462200A3
:1049D0003B005946A84744463078002800D187E07C
:1049E00001362528F1D108239A46043B9946023B1B
:1049F0009846013B00229C460D943078711C0300C0
:104A0000203BDBB2102B03D80B9C9B00E3589F4646
:104A10000300303B89460D9C092B3AD90023984668
:104A20002A2800D1C1E000239A462E284BD003004B
:104A3000683BDBB2122B1ED80E999B00CB589F46C9
:104A400063460E001A43D8E743460E001A43D4E7E4
:104A50004B460E001A43D0E710230E001A43CCE752
:104A600053460E001A43C8E780235B001A43FF3BFE
:104A70009C467078E1444E4667284FD82428A4D934
:104A80000300253BDBB2422B9FD896499B00CB58B5
:104A90009F46002394461E0000E00131B3009B199D
:104AA0005B001E180878303E0300303B092BF4D918
:104AB0000123624689469C460023B0469A460E0072
:104AC000E1442E28B3D13021802049428C46C000D9
:104AD000024370784B4684446146092900D86CE152
:104AE0002A2800D17AE101239C464E46E1449EE704
:104AF000A146A846BA46CA4503D801235B4253449F
:104B0000994653464A4659460020C047200025B0E2
:104B1000F0BCBB46B246A946A046F0BD0300693BC7
:104B2000DBB20D930F2B00D94FE7012199408C4642
:104B30006D49894661464B4619400F916346494687
:104B40000B4200D028E10D9B0A2B3AD0072B00D056
:104B50003BE70C9B190008C98846002B00D14BE1AC
:104B600021200243914614A98C461F220F21624442
:104B70008C4651460D950C91A24615000F9902E006
:104B800020290CD0130064461C4020003730092C2B
:104B900000D80738013168541A090F2BF0D80C9B44
:104BA00054460D9D9A460F9133E10C9B02CB8846EB
:104BB000002947DB0C9301239C4670784E46E14464
:104BC00031E70C9B02CB14935346002B00D138E104
:104BD0009C4608780B000C908C44002801D100F012
:104BE00098FC89466146944603E05A780133002ACE
:104BF00001D08B42F9D1494662465B1A0C900F9363
:104C0000530500D520E10223180010400D901342F7
:104C100000D1CBE30D930B1BB1469A465E460C9830
:104C200022003B003100A84753460134185D00289C
:104C3000F6D1B3464E460D9B002B00D0C7E1149B26
:104C40000C93C9E60C9301239C4628384942024341
:104C5000884670784E46E144E5E670786C2800D1CD
:104C60007FE180235B001A43FF3B9C46E14402E75F
:104C700080239B001A4301239C467078E144FAE6A6
:104C80007078682800D173E180231A437F3B9C46EB
:104C9000E144F0E6672800D103E1472800D15AE15A
:104CA000452800D15AE10492072142460C9B039209
:104CB000073352468B43190002920CC92800009218
:104CC00001930C9122003B005946FFF79FFB040023
:104CD00082E6C04689490010941F00202C8B0010EA
:104CE000708B0010BC8B001041900000462800D152
:104CF000DBE00492072142460C9B039207335246A5
:104D00008B43190002920CC92800009201930C9168
:104D100022003B005946FFF725F904005CE6631CBE
:104D2000984622003B0059462520A847444653E6B2
:104D30000C9B04330D93631C9946920700D422E127
:104D40000C9B2200187859463B00A8474346444430
:104D5000012B00D885E23300B8462E005F462500BF
:104D60004C46994622004346013439002020B04782
:104D7000AC42F7D12C00BB46350047464E460D9B52
:104D80000C9329E6DB4B307898460023994600289F
:104D900000D012E60024AEE66F2800D188E000D8EB
:104DA0000BE31023782800D1CFE09A430A239C46D6
:104DB00000230F930A330D9380E05646B100891902
:104DC000490001330E181878303E010030390929A6
:104DD000F4D9B2461E000133994628E60C9B0236F0
:104DE00002CB8A46C9435046C917084082460C93F5
:104DF0003078731C99461AE610231000984311333B
:104E00001843814680201300C0000340024200D1B5
:104E1000A9E64B46069308230593534604931023B3
:104E20000393002302930F9B220001931CAB00937A
:104E300059463B002800FEF79FFF434604000C93B1
:104E4000CAE501235B42C3E60F9B534501D9534694
:104E50000F930223180010400D90134200D1B7E1C8
:104E60000D93D1460B1B9A463300A1442E0022001D
:104E70004D460C98B9465F469B4608E04B463900C4
:104E8000541CB0475346185D002877D02200954245
:104E9000F4D15B46BB464F46A94635004C461E0042
:104EA000C9E680231B011A43FDE620231A4320E7AD
:104EB00008239C4600230F9308330D938023110091
:104EC000DB0019401A4200D116E10D239A4310006D
:104ED000802302009B001A401492184200D0C2E1C5
:104EE000802302005B001A4091460C9A04320F9214
:104EF000184200D0B7E2430600D59FE1030600D474
:104F000019E30C9B1B880993002B00D0FCE11033A4
:104F10009843002900D1F7E10023994643460593C1
:104F2000534604930D9B069003930023D2E0582828
:104F300008D0622867D102239C4600230F930233D6
:104F40000D93BBE720231A43103B9C4600230F938D
:104F500010330D93B2E780231B011A4320231A4319
:104F6000A1E6C0239B001A43F31C9946B07882E562
:104F7000C0231A43F31C9946B0787CE535005E46A1
:104F8000BB464F4657E64346012B00D863E1631EFC
:104F900043449A463300B9462E005F4655469B4629
:104FA000A24622004B46013439002020B047AC42D3
:104FB000F7D135005E46BB464F46A14654460C9B92
:104FC0004A46187859463B004444A847D7E6A146CC
:104FD0000F9B984500D832E64444E41A3300B846A3
:104FE0002E005F4625004C46994622004346013478
:104FF00039002020B047AC42F7D12C00BB46350029
:1050000047464E461BE680231000DB0018401A423C
:1050100000D10FE1112118008A430D920D9A8023CF
:1050200011009B0019408C461A4269D1802311005F
:105030005B00194089460C9904310F911A4200D047
:10504000CAE113005B0600D5F0E013001B0600D494
:1050500059E20C9B00229B5ED9175A184A4092B223
:10506000D90F0C91002B00D1F9E1100014AA94463D
:1050700042461F23149252466344A84616944D4656
:105080000400B946B2461F00159201E0202D0FD052
:1050900020000A21FDF7ACFE01357E193031317058
:1050A00020000A21FDF7A4FE26000400092EEDD8F9
:1050B000149B4F46A94645469846159B56469A4628
:1050C000169C0D9B069343460593534604930A236F
:1050D00003930C9B02934B4601931CAB220000935D
:1050E00059463B002800FEF747FE0F9B04000C9337
:1050F00072E4C046C93C00100C239A431000E7E656
:1051000007220C9B07339343013294469C4462462A
:105110000C920CCBD90F0F911100194300D191E0E3
:10512000D91713911291514010911399594011912F
:1051300010981199129A139B801A9941109011910D
:1051400014AA0023944642469946149252461F33AD
:105150006344A846B24616944E46109C119DB9462B
:1051600015921F0001E0202E10D0200029000A22F5
:105170000023FDF77BFE013630322B00BA550D00BF
:1051800022000400002BEED1092AECD8149B1094C5
:10519000119545469846159B4F46B14656469A4648
:1051A000169C0D9B069343460593534604930A238E
:1051B00003930F9B02934B4601931CAB2200009379
:1051C00059463B002800FEF7D7FD0400FFF704FC1A
:1051D0000F9B984500D8C1E18023DB000D93434627
:1051E0000F9A1B199B1A994633002E004D46B9465B
:1051F0005F469B460C9122004B460134390020202B
:10520000B047AC42F7D143460C9901330F930B786A
:1052100035000C935E46BB464F46002B00D10EE591
:105220000D9B002B00D1F6E4002319E60C9B1B78A4
:105230001A0015E710239A430D92EFE60C9B1B789A
:10524000099361E6002399460028AAD10022002391
:105250001092119374E70C9B2200187859463B007A
:10526000A8474C468BE50C9AFA3BFF3B07329A4322
:105270000133994691444B460C931368526815923A
:105280001A4306D11032904300220992002900D01F
:1052900081E06122810600D54122D2B20A9214AA8D
:1052A00091460A9A00210A3A1492424617925246AF
:1052B00018925A460991B3461F311E000F9B49446C
:1052C000BA4619941A950024674698468946159D52
:1052D00016901B920AE03032D2B24B4601341A5576
:1052E000A8454AD0202C4AD006000D003A000023E1
:1052F00030002900FDF7BAFDD2B2092AEBD9149B80
:105300009C466244D2B2E8E76123820600D541237D
:10531000DBB20A3B0C93434614A91F228C4615931B
:1053200053466244A046B2464C461797A94617001A
:10533000099D0D9E1490169308E03033DBB20134C2
:105340003B55B5420ED3202C0CD00500310028006F
:10535000FDF74EFDCBB20929EFD90C9A9446634470
:10536000DBB2ECE7159B4D46A14644469846169B9A
:10537000564614989A46179FD0E5B742B2D9179B64
:1053800057469846189B5E469A461B9B09949B4637
:105390001698199C1A9D43460593534604930D9BFA
:1053A0000690039300230293099B05E70F9B984502
:1053B00000D914E701330F932DE410231100994312
:1053C0000D91692800D0BAE080231000DB0018405E
:1053D0001A4200D122E61DE60C9B1B68DA0F110071
:1053E000002B00D18CE0DA179818504014AA91468F
:1053F00042461F23149252464B44A046A946169794
:1054000004006546B2461F000C91159201E0202D64
:105410000FD020000A21FDF7EBFC01357E19303159
:10542000317020000A21FDF7E3FC26000400092E5C
:10543000EDD8149B444698460C9BAC461900159B2E
:1054400056464D469A46169F0D9B0291069343463B
:105450000593534604930A23039363463CE60028CE
:1054600000D02EE602E60C9B1B689946002B03D168
:1054700010339843002938D16123820600D5412397
:10548000DBB20A3B0C9343461693534614A91F22E2
:105490008C4617932B006244A0464D46B24618979F
:1054A00099461700149C0D9E159008E03033DBB22E
:1054B00001343B55B5420ED3202C0CD005003100F1
:1054C0002800FDF795FCCBB20929EFD90C9A944638
:1054D0006344DBB2ECE7169B149444469846179B52
:1054E00056464D469A461598189F4346059353468F
:1054F00004930D9B0690039300230293149BEBE50A
:105500000028A1D172E70C9B1B68D9175A184A4092
:10551000A6E580231000DB0018409C460F901A423D
:105520000FD00220030013400F93104219D0002324
:10553000A1460F934CE50C9B1B680993E4E40A0019
:1055400034E40223180010400D90134200D03EE5D1
:105550004346002B00D042E6FFF771FB01330F9367
:105560007FE463460D93F3E70CB430B585B008AC27
:1055700008CC064D0A000094010028000394FFF7B0
:1055800003FA05B030BC08BC02B01847C13C00109B
:1055900010B50C0084B00394012402A9029000937A
:1055A000034813006242FFF7EFF904B010BDC04694
:1055B000553F001010B5094A0300146884B0002C50
:1055C00008D0012200910648524203A9A0470120B9
:1055D00004B010BD00F098F90020F9E7941F0020F6
:1055E000453F001000BEFDE710B5FFF7FBFFC046CA
:1055F00070B5FDF7B1FA074D074EB54209D2002448
:10560000013E761BB60808CD984723000134B3420B
:10561000F9D170BDF4850010FC850010030010B5B1
:10562000080011001B68984710BDC046F0B5C6467B
:1056300000B5437D07000C001600002B46D0002A61
:1056400017DD0B780A2B24D000239846012E13D0A7
:1056500001252900635C01350A2B26D0B542F8D11B
:10566000464509DCA419013C23780D3B5A425341BD
:105670003B7580BCB846F0BD4346E018A419F11A4A
:10568000013C3B68984723780D3B5A4253413B7598
:10569000EFE7037D002BD7D102210F483B689847E5
:1056A000012EDFD001239846D2E7631E5B5C0D2BF1
:1056B000D4D0884504DA4346C91AE0183B689847B5
:1056C000022105483B68A8469847C7E703681100D0
:1056D00020009847CDE7C046188D0010F0B5C646AB
:1056E0000B6806000C0000B5802B06D05A1C226007
:1056F000E418267180BCB846F0BD0F4B1D68002D24
:1057000016D00B1D98460D4F02E02D69002D0FD0CD
:105710002B68002BF9D03B68002B01D0AB42F4D1B1
:10572000280041462268FFF781FF2D69002DEFD147
:1057300001220023DBE7C046801B0020881B0020DD
:10574000F0B54546DE464E465746E0B583B0914635
:105750001C0080460D00FCF7E9FF0023304A1218B8
:105760004B41002B02DA01222E4B52422E490800F7
:105770008A4602F0F9FE07006B1C03D1404602F096
:105780008BFE0500002C27D0284E294B1C68002CCE
:1057900018D04B46002B21D1264B994602E02469B4
:1057A000002C0FD02368002BF9D04B461B68002B30
:1057B00001D09C42F3D120002A004146B047246921
:1057C000002CEFD1002F26D1280003B0F0BCBB463F
:1057D000B246A946A046F0BD174ED6E7154B9946EE
:1057E0000A239B4602E02469002CEBD02368002B9F
:1057F000F9D04B461B68002B01D0A342F3D12A00FD
:1058000041462000B0476B465A462000DA71D91D48
:105810000122B047E7E7504602F076FED4E7C046E3
:1058200040420F00FFFFFF7FB01000202D560010F8
:10583000801B0020881B00201D5600100A4A136898
:10584000002B05D10CE01A001B691032002B07D089
:105850008342F8D1002902D118691060196170479C
:105860000029FCD01060FAE7801B002010B500F082
:10587000F1FA10BDF0B5CE46474680B583B06B4611
:105880000600DD1D2870FCF751FF0023194A12188D
:105890004B41002B02DA0122174B524217490800F4
:1058A000884602F061FE164B81461C68002C14D01D
:1058B000144F02E02469002C0FD02368002BF9D08C
:1058C0003B68002B01D09C42F4D12000012229002A
:1058D000FFF7ACFE2469002CEFD14B46002B05D11D
:1058E000300003B0C0BCB946B046F0BD404602F03F
:1058F0000BFEF5E740420F00FFFFFF7FB0100020D6
:10590000801B0020881B002070B5040002F0C4FD3D
:1059100001230100050001222000FFF711FF084BC1
:105920001C68002C06D06368002B05D098472469BA
:10593000002CF8D1280070BD2469002CF3D1F9E7C0
:10594000801B0020F0B5CE46474680B5A3B00400CA
:105950000D00FCF7EBFE0023274A12184B41002BE9
:1059600002DA0122254B5242254E300002F0FCFDA6
:1059700000232200019307002B00224801A9FFF712
:1059800007FE214B804699461C68019B002B1AD0CC
:10599000002C2FD01D4D02E02469002C0FD023686D
:1059A000002BF9D02B68002B01D0A342F4D12000AA
:1059B000019A02A9FFF73AFE2469002CEFD14B4669
:1059C0001C6800230193002C06D06368002B0BD0C9
:1059D00098472469002CF8D1002F07D1404623B006
:1059E000C0BCB946B046F0BD2469ECE7300002F017
:1059F0008BFDF3E70194EFE740420F00FFFFFF7FCD
:105A0000B0100020DD560010801B0020881B0020F5
:105A10000FB400B583B004A901C90191FFF792FF4B
:105A200003B008BC04B018477047C0460022014BC1
:105A30001A7070470E2000204B790020FF2B0BD1ED
:105A40008B79002B08D1CB79012B05D1082A03D9FA
:105A5000024B8A7809301A707047C0460E20002029
:105A60000120704710B5012913D1124953791079DB
:105A700009781B0203430020994200D010BD5378DF
:105A8000012B08D0022BF9D1642200210020FCF761
:105A9000ADFF0120F2E7D37891781B021943480A41
:105AA000DB0501D4012040427F238A05D20F194033
:105AB000FDF724F80E20002000487047E48D001008
:105AC00070B5050014000120012909D15378002088
:105AD000012B05D1637912791B021343072B00D0E8
:105AE00070BD21002800024A9F3301F055FAF7E704
:105AF0003C8D001001230370004870471C8D00107E
:105B00004B780A781B0213438A7810B512041A43A3
:105B1000CB781B0613439622D200934200D010BDCF
:105B20000022012011004042FCF7E8FF024B186000
:105B3000024B19607047C046201B0020241B002028
:105B400010B5024B1878FBF771FE10BD0F20002036
:105B5000154B70B51A68002A22D0EFF3108172B687
:105B600010680028FCD0BFF35F8F00200F4A5960F7
:105B700010701B68BFF35F8F186081F310880024DA
:105B800000250B4E3078FBF745FE002804D1002499
:105B900000252900200070BD3078FBF747FEF8E7AC
:105BA000FA240025A400ECE7C01F002010200020EC
:105BB0000F20002070B5040000200E0001F00AFB49
:105BC000002834D0002001F01BFB00282FD0FCF768
:105BD000ADFD0023174A12184B41002B16DB164D62
:105BE000280002F0C1FC002821D0002001F0F2FAC8
:105BF00000280FD101200021404200F001FD0324C4
:105C00006442280002F080FC200070BD01220B4B92
:105C10005242E4E7002001F0F3FA0028EAD0210024
:105C20003200002001F0F6FA041EEAD1E7E703246F
:105C30006442E9E740420F00F01F0020FFFFFF7FB2
:105C400010B5FCF773FD00230D4A12184B41002BD1
:105C500002DA01220B4B52420B4C200002F084FC72
:105C600000280CD001200021404200F0C9FC002097
:105C700001F014FB0028F5D1200002F045FC10BD16
:105C800040420F00FFFFFF7FF01F0020F8B5DE4607
:105C9000574680B505000C00FCF748FD0023364A46
:105CA00012184B41002B02DA0122344B5242344984
:105CB00008008A4602F058FC002803D1C0BCBB464D
:105CC000B246F8BD002001F085FA00284AD000262F
:105CD000002C43DD2B4B9B4614E0A919002001F05A
:105CE00017FB070001200021404200F089FC002042
:105CF00001F0D4FAFCF71AFD224BF619186059602E
:105D0000B4422BDD002001F023FBA71B0200B842A8
:105D100000DD3A00002AE0D101200021404200F0DD
:105D20006FFC002001F0BAFA002001F053FA0028BD
:105D300014D0002001F00CFB0028E1D1FCF7F6FCA8
:105D40005B460F001A685B68002184460E481218F3
:105D50004B419F4202D8D3D19445D1D9504602F04D
:105D6000D3FBABE700200021064B1860596050467A
:105D700002F0CAFBA2E7C04640420F00FFFFFF7FD0
:105D8000F01F00207812002020A1070030B52A4C17
:105D900085B00021200002F0D7FB00281CD1274B42
:105DA0001A68002A16D0EFF3108172B61068002826
:105DB000FCD0BFF35F8F01242148596002781B6833
:105DC000D2B20470BFF35F8F0020186081F3108897
:105DD000002A17D005B030BD01200021404200F05C
:105DE0000FFC002001F00CFA0500200002F08CFBF3
:105DF000002DEFD0134B1B68002BEBD0124A10681C
:105E00009847E7E7FCF706FA0400FCF78FFCFA2254
:105E10000023920012184B41002B02DA01220B4B97
:105E20005242012102910021019109492000009173
:105E3000FCF7F4F9CEE7C046F01F0020C01F002099
:105E400010200020201B0020241B0020FFFFFF7FCC
:105E5000515B0010D02310B51B0684B01C68FCF702
:105E6000D9F9FCF7D5FAA04202D0002004B010BD49
:105E7000294B002100201B7801F05EFD27480368B4
:105E8000002B45D00120FBF753FFFF23244C25496D
:105E900020701840FBF7E4FC20780121FBF7A8FCF8
:105EA0000520FBF7CBFC002824D1082200211E4846
:105EB000FDF7FAFEFCF7AEF90400FCF737FCFA2216
:105EC0000023920012184B41002B02DA0122174BDB
:105ED00052420121029100210191154920000091B7
:105EE000FCF79CF90028C0DB12480121FFF7A6FC53
:105EF0000120BBE70120FBF749FC0B4B0100180018
:105F0000FBF778FF002205200B49FBF7D3FCEBE7FA
:105F1000FBF754FFB6E7C046988F0010F01F002033
:105F20000F2000208D5D0010C01F0020FFFFFF7FAD
:105F3000515B001070100020415B0010004870475A
:105F4000808E0010004870472C8E001010B50400A1
:105F500017480378002B20D0002C06D1154B16488B
:105F60004380063BFF3B038010BD052C1DD8134B1F
:105F7000A400E05812490123013804E001330A80EB
:105F80000231142B0DD0C25C002AF7D1C022DBB243
:105F90005B00920008481343E5E7112100F01AF86E
:105FA000DAE7CA2304489B00DDE70020DCE7C046AF
:105FB000F81F002009040000581B0020148E001058
:105FC0005A1B002010B5024800F0D8F810BDC0469A
:105FD000E01F002030B54B1E012900D1A7E0664A22
:105FE00011780D092C0030349F2900D9A2E00470EB
:105FF000012B00D1BEE00F21147821400C00303479
:10600000092900D998E04470022B00D1B2E05478FD
:106010002509290030319F2C00D990E08170032B95
:1060200000D1A7E00F2121400C003034092900D90C
:1060300087E0C470042B00D19CE0947825092900E6
:1060400030319F2C00D97FE00171052B00D191E008
:106050000F2121400C003034092900D976E0447129
:10606000062B00D186E0D4782509290030319F2CF9
:1060700000D96EE08171072B00D17BE00F21214018
:106080000C003034092966D8C471082B00D171E0A6
:1060900014792509290030319F2C5FD80172092B12
:1060A00068D00F2121400C003034092958D844729F
:1060B0000A2B5FD054792509290030319F2C52D802
:1060C00081720B2B56D00F2121400C00303409294E
:1060D0004BD8C4720C2B4DD094792509290030314E
:1060E0009F2C00D9073101730D2B43D00F21214084
:1060F0000C003034092901D937310C0044730E2BC0
:1061000038D0D1790C09220030329F2900D90732CA
:1061100082730F2B2ED00F220A4011003731092A2B
:1061200001D830321100C173102B23D0103000235E
:10613000037030BD07345AE737310C0063E707318D
:106140006CE737310C0074E707317DE737310C001D
:1061500085E707318EE737310C0095E707319DE77A
:1061600037310C00A3E70731AAE737310C00C472BE
:106170000C2BB1D1C018DAE7E01F002010B588B0B1
:1061800004000D2200216846FDF78EFD0D2200213E
:1061900004A8FDF789FD4B236A466846137004A9DD
:1061A0000D2202F0A9F91521082220006944FDF70B
:1061B00081FD08B010BDC046F8B500F047F90C23CA
:1061C000194DFF22AB6705201849FBF773FB184CEC
:1061D000402200212000FDF767FD40270023012613
:1061E0002121144A66702783A260136063545F31D3
:1061F000618445396354104A10496360E26027871F
:10620000A1620B606362E26202F0BEF980239B052B
:106210002E64EB6490230A4A0120EA508022094B45
:106220005202DA64F8BDC046000011504505002056
:10623000901B00208400105000011050800010506E
:1062400010D001000020115010B501210520FBF7EE
:10625000CFFA10BD10B500220021024800F016F957
:1062600010BDC046B01B0020044B1970002904D09B
:1062700080219023024A8902D15070470A200020D1
:10628000002011500B785B0602D14B78052B00D013
:1062900070478A78014B1A60FAE7C0460000115037
:1062A000F0B5C646C87800B58007830F1800012BEB
:1062B00060D08F780A794B797F213940FC091B0225
:1062C0004E001343334D32195201AA18977001271B
:1062D0006740577000275B055B0DD7701383D0763E
:1062E000B846CA00012C32D02B4FBC468F01624405
:1062F000BC46AC446746BA6047461760002932D0B6
:10630000264AC90090466246414451603F223F33CD
:106310009343022837D0224937190A687F01D318DE
:106320000B602049EF19FA608B422ED8361976019E
:10633000AD19EB7E1C499B064A401343802212068E
:1063400013436A681360012080BCB846F0BD174F44
:10635000BC468F016244BC46AC446746BA624746BD
:106360001760002908D1002364012C196360104BC9
:10637000E360E8E70020E7E70B4AC9009046624681
:1063800041445162C2E75B00C5E7FCF7DFFBFA68F6
:10639000CCE7C046901B0020840010500400105031
:1063A000A41F0020FF0F105000001050800010505C
:1063B0000001105010B502F0E7F810BD10B57F20B5
:1063C0000C0020404000E409110000191A00034BA2
:1063D0004001C01800F05AF8012010BD901B0020A9
:1063E0007F23180000B5084083B00B4204D14B4214
:1063F0004B41084A013393668022C9094000064B8D
:10640000401840010021C018120102F0CDF803B07D
:1064100000BDC04600201150901B00207F221300B9
:1064200010B50B400A4200D110BDC9095B005B18D2
:1064300004485B01C018002300220349C37002F026
:10644000B3F8F1E7901B0020FFF7FFFF80220A4B13
:10645000520410B51A60094B09491A6010000B6804
:106460009843FBD18022002152010648FDF71CFC15
:106470000922054B5A6710BD00E0004000F00040C3
:1064800008C000400000105000001150002310B55B
:10649000C3820133828283760161040002F044F8F2
:1064A000002804D080219023074A8902D15020007F
:1064B00002F072F8002802D00123237710BD2000DB
:1064C00002F05AF8FAE7C046002011507047C04663
:1064D0007047C04600207047002070477047C04694
:1064E0007047C0467047C0467047C046024B587858
:1064F000431E9841C0B2704730160020024B1878F6
:106500004007C00F7047C04630160020F0B5D64691
:106510004F464646C0B52F4B07009A461B780E00E3
:10652000FF2B50D1002941D0002154222A48FDF7E9
:10653000BBFB0022294C2A4B20001A70FBF73EFCC3
:10654000284B1C60284C2000143CFBF745FC200025
:1065500001F0FAFD254B264D1C60264B002B04D084
:106560002800FFF7C7FA244B186024490024894605
:106570002149002388462A7810E043461B686201BF
:106580009B18002B12D05B68002B0FD098472A78FD
:106590000134E4B2511C2300A14209DBA242ECD831
:1065A0009B1A5B014B445B68002BEFD100200BE092
:1065B0005346310038001F70FFF7FEFD0028F5D06C
:1065C0003800FFF741FE0120E0BCBA46B146A846BC
:1065D000F0BDC046A4100020301600202816002070
:1065E0000B200020841600209C100020881600201C
:1065F00009200020F55A0010801400203C8F001064
:10660000F0B5DE4657464E464546E0B5C84B91B01C
:1066100002931B78FF2B00D13EE1C64BC64E9B4632
:106620005F46C64B0DAC0193C54B009335686A6954
:10663000EFF3108172B61368002BFCD0BFF35F8FAD
:10664000A9612800210001F0AFFB6A69AB69BFF3C3
:106650005F8F0021116083F31088002800D11BE1B7
:106660006378082BE2D89B00FB589F466368002B99
:10667000DCD0A0689847D9E77F222179AF4D0A4046
:106680005300EB189846C809804440460123303037
:1066900005799D430571057903339D430571002AF2
:1066A00000D100E14346A74A1B7D1278934200D3F4
:1066B000EFE0A54A5B011568ED18002D00D1EBE075
:1066C000A36862792078AD69A847AFE79F4A13783D
:1066D000002B00D1E0E01378013BDBB2137013789C
:1066E000002BA3D10122954D01212B7804201343C7
:1066F0002B703423EA5C8A43EA54EA5C8243EA540E
:106700000133EA5C8A43EA54EA5C8243EA54237820
:1067100000209B4600F09EFC602223791A40602AEC
:1067200000D1EFE0402A00D1F5E0DB06DB0E012BC3
:1067300000D113E1022B00D1C7E0002B00D0E1E033
:10674000202A00D11CE2002A00D0DBE06379092B6B
:1067500000D9D7E07E4A9B00D3589F46774D2B78CF
:10676000DB0700D462E7FFF7BFFE5FE7019BDB7842
:10677000DB0700D45AE76068FFF7AAFE56E76F4DC3
:106780002B78DB0700D451E728780007C00FFFF70C
:10679000A9FE4BE723786A4999468B46694B6A49BB
:1067A00098468A4639001A7847460023B0460025A5
:1067B0004E46894610E053461B686A019B18002B21
:1067C00000D176E0DB68300098473A780135EDB2C9
:1067D000511C2B008D4244DC9542ECD39B1A5B018B
:1067E0005B44EFE7237858499946564B8A469846CA
:1067F0003100BB464E461A7800250023474689469D
:106800000FE053461B686A019B18002B55D0DB68CC
:10681000300098473A780135EDB2511C2B008D427B
:1068200007DC9542EDD39B1A009A5B0194466344C2
:10683000EDE7019D542200212800FDF735FA1022D2
:10684000FF214448FDF730FA28002022FF211430B0
:106850004E465F46FDF728FA00F0F2FBFFF740FED8
:10686000E4E6364D542200212800FDF71DFA1022DF
:10687000FF21281DFDF718FA28002022FF211430DF
:1068800046464F46FDF710FA00F0DAFB2379AB706D
:10689000CCE6501C984213DA11B0F0BCBB46B246AD
:1068A000A946A046F0BDA3686279207800F0E6FB17
:1068B000BCE646464F46214DE6E74E465F46CBE7EF
:1068C0001F4D9B1A5B015D19FAE67023217A0B427A
:1068D00018D1C80982460F330B405B00984619480F
:1068E000EB1853441B7D00789946834266D21648C4
:1068F0005B01006881469944002A00D15FE14B4664
:10690000002B68D120780021FFF76AFD80212078D4
:10691000FFF766FD8AE6104800F09CFB012158460F
:106920000EAAFFF7CDF8002800D07FE6EAE7C046C0
:10693000A4100020948E001088160020301600202D
:106940003C8F001009200020801400200B20002024
:10695000B88E001034160020C15A0010237A0F2B75
:10696000D0D8CF4AEB181B791578AB423ED3691CBF
:106970009942C7DB5D1BCB4B6D01ED18686900F0D8
:1069800069FB012158466B690EAA9847002800D080
:106990004CE66022150023791D401A42B2D163797A
:1069A0000A3B012BAED800F055FB63790A2B00D1CE
:1069B00099E158460EA900F0D9FA37E6431C4B4539
:1069C00000DAF7E04B461B1A5B019946B548814453
:1069D000002A00D1F3E04B46586900F03BFB4B46E0
:1069E000012158465B690EAA98479CE7AE4A5B01B5
:1069F0001568ED18002DC1D184E7A37999466B780D
:106A00009945D6D06B78002B00D033E14B466B70A4
:106A1000002B00D12BE148460138C0B2FFF792FAB3
:106A2000002800D17EE143780793022B00D079E162
:106A30000122C179B1468B11491113400A4030211E
:106A400012015B0113432A78A8468A4313432B7033
:106A500009239A4682445646BA46C37882781B0276
:106A60001343C31805938E4B04938E4B08938E4BA0
:106A700009938E4B0A93059BB34200D855E1737876
:106A800001220B2B03D13378F278F6187378042B9C
:106A900000D044E1059B00279B1B9BB20693049BFF
:106AA0000B921D78002303931BE0099A7B01156864
:106AB000ED18002D00D132E1310058462B69069ABD
:106AC00098478446082803D9069A824200D313E1E6
:106AD000049B01371D78FFB26B1C03979F4200DDBA
:106AE0001DE1BD42E1D8039B5D1B089B6D019C46E7
:106AF0006544E1E76B780CAA023213705846012313
:106B00000EA900F049FA91E5E3881A0AD8B20F2AD3
:106B100000D9F7E666499300CB589F460EA800F0CF
:106B20009FFA5846A179FFF795FB02222B78134371
:106B30002B707BE5E388012B00D0E3E608222B785D
:106B4000584693430EA92B7000F010FA6EE5022010
:106B500029780CAB9A1C8B068908DB0F01400B438C
:106B60001380584602230EA900F016FA5EE5E3886A
:106B7000012B00D0C6E608222B7813432B7018E7B0
:106B8000237A0F2B00D9BDE6EB181D79444B1B78F7
:106B90009D4228D2444B6D011B685D19002D00D128
:106BA000B0E6686900F056FA012158466B690EAAF2
:106BB0009847B8E6002A00D0A4E6002399466279F7
:106BC0000220130003928343012B15D0002A00D02A
:106BD00098E62B004344534430331B790CAA9B079F
:106BE000DB0F0232BCE75A1CAA4200DA8AE6ED1A31
:106BF0002C4B6D01ED18D4E7E388002B12D1029BDA
:106C00001878039B012B23D0FFF7EAFB43460221B0
:106C1000EB18534430331A790A4301211A711A7957
:106C20000A431A714B46002B00D1FFE4586900F06B
:106C300011FA4B4601215B690EAA5846984700207D
:106C400000F008FA3523EB5CDB0700D5EEE4B0E694
:106C5000FFF7E4FB43460221EB18534430331A7923
:106C60008A431A711A7903998A431A71DAE7FFF78E
:106C700037FC9EE600215846FFF7F6FA5846FFF724
:106C800099FBAB78074903930491054B0649984655
:106C90001A780591002329001D008A461BE0C04692
:106CA000092000203C8F0010801400204416002092
:106CB000E08E0010059B6A011B689B18002B4DD0CD
:106CC000DB685846984743461A780135EDB2511CA7
:106CD0002B008D422EDC9542ECD39B1A049A5B016B
:106CE00094466344ECE70CAB9A1C584601230EA96A
:106CF000157000F051F999E40B9A012A4FD0002A3F
:106D00003CD00023B07804E00133DBB20F71934232
:106D100034D2C118C9B241440D79FF2DF4D04E468A
:106D20004546574600236B70ECE54E465746FFF745
:106D3000D5FB3EE65546542200212800FCF7B4FF5F
:106D40001022FF21281DFCF7AFFF28002022FF2181
:106D50001430FCF7A9FF039BAB7057E65546FAE7E2
:106D6000FEF7AAFE021E00D1CCE5D37891781B0273
:106D70000B4358460EA900F00FF9D4E565463B00D9
:106D80002A0031000A9800F07FFEAC46049B039A6B
:106D90001B7866440133934200DB6CE6BFE7174B78
:106DA00029699942ADD1079AABE7FFF793FB021E21
:106DB00000D1A7E5584613780EA900F0EDF8B2E52A
:106DC0002189FFF7C3F8021EF4D19BE5022A0FD0F8
:106DD000FFF782FB021EC8D194E5FFF7AFF8021E51
:106DE00000D18FE5122358460EA900F0D5F89AE598
:106DF000FFF7A8F8021EB8D184E5C0465174001010
:106E0000F8B557464E46DE4645460C00E0B516003E
:106E10001F00002A3CD0702398461E4B00259B463D
:106E20001D4B9A461AE05B461B7820009946534654
:106E3000997800F0EBFD00281CD021004846FFF7B0
:106E40002FFA002816D0A378DA09012A19D00A9A55
:106E5000013513702378E418B54219DA6378052BED
:106E600008D1E3789B079B0FBB4203D14246A3782E
:106E70001A42D8D00020F0BCBB46B246A946A04674
:106E8000F8BD0B9A013513702378E418B542E5DBA1
:106E90000120F0E7A410002030160020702270B509
:106EA0008B780C001A4201D0002070BD064B2000E8
:106EB0001D78064B997800F0A9FD0028F4D0210038
:106EC0002800FFF7EDF9F0E7A410002030160020AD
:106ED0000B007F2010B51840DB0934334000044A12
:106EE000C018044B1168C01800F04CFD10BDC0461E
:106EF00084160020301600200B007F2010B51840AB
:106F0000DB0934334000044AC018044B1168C01830
:106F100000F060FD10BDC046841600203016002031
:106F200070B57F240F480C4064000419CD09641922
:106F300030342079C00701D5002070BD01262579A5
:106F40000948354300782571FFF738FA0028F4D155
:106F500001222379934323712379033293432371CD
:106F6000EAE7C04630160020A410002070B5094C96
:106F70000600082220000D00FCF79CFE0023802163
:106F8000E360A3602B783000994300220023FFF7D1
:106F9000C7FF70BD10160020F8B5CE464746904694
:106FA000254E80B58146082230000D001F00FCF7F9
:106FB00081FE4346B3600023F381EC79AB79240270
:106FC0001C43231CBC4200D93B1C9FB2B381002C44
:106FD0000DD0002F17D04246002A2BD0402F1BD8AF
:106FE0009FB233787F2B1CD80021144A0FE08021F8
:106FF0002B780022994348460023FFF791FFC0BC3D
:10700000B946B046F8BD7F230022317899433B0052
:107010004846FFF785FFF2E740239FB233787F2B86
:10702000E2D9064C3A0041462000FCF743FE80219D
:107030002200ECE70020E2E710160020D015002027
:1070400010B5142200210248FCF72EFE10BDC046E8
:1070500010160020014B18617047C0461016002022
:1070600010B5054C010008222000FCF723FE002388
:10707000A360E36010BDC0461016002070B5384C08
:107080001D0023780600DA09C9098A4210D00020C1
:10709000002D00D070BD21003000FFF7F3F8236908
:1070A000002B03D022000321300098470120F1E794
:1070B0007F2B06D8A068002834D02A002949FCF785
:1070C000F9FDE289A1685219E38892B24919E28177
:1070D000A160934214D03F2D12D9A389981A051CA0
:1070E00080B240282AD82078ADB27F2828D8002145
:1070F0009A4232D01B4A2B003000FFF711FFC9E73C
:107100002369002B05D02200022130009847002877
:107110000AD0802123780022994330000023FFF712
:10712000FFFEB7E70020B5E700213000FFF758F970
:1071300030008021FFF754F90120ABE74025D2E76A
:107140009A4207D0074C2A002000FCF7B3FD8021AB
:107150002200D0E780210022CDE70022CBE7C04605
:1071600010160020D015002070B50400FFF7BEF9FE
:10717000002800D170BDFFF7C1F90028FAD1C8235B
:107180006343124DEE18F1780029F3D010335D19E6
:10719000280000F0F3FD3F28ECD90020F178FFF73C
:1071A00097FE0028E6D0280000F0E8FDF1783F289F
:1071B00007D9074BE201D21800204023FFF7B0FEA9
:1071C000D8E70020FFF798FED4E7C0460815002056
:1071D0008414002010B50400FFF788F9002801D1BD
:1071E000002010BDFFF78AF90028F9D1C8226243B8
:1071F000024B01309B181B791840F2E7081500205C
:10720000C82310B543430248181800F099FD10BD7B
:1072100018150020F8B5C824802344431C4F1034AF
:1072200005003C195B029A4200D31A4A200092B230
:1072300000F008FE0600FFF759F9002801D13000E0
:10724000F8BDFFF75BF90028F9D1C8236B43FF189D
:10725000FB78002BF3D0200000F090FD3F28EED902
:107260000020F978FFF734FE0028E8D0200000F075
:1072700085FDF9783F2807D9074BEA01D21800208D
:107280004023FFF74DFEDAE70020FFF735FED6E793
:1072900008150020FFFF000084140020F8B504004A
:1072A000FFF724F9002801D10020F8BDFFF726F9E7
:1072B0000028F9D1C82565432E00134F2436F6194E
:1072C000300000F03DFD0028EED07F190020B97895
:1072D000FFF7FEFD0028E7D00C4DE40165192900F9
:1072E0004022300000F0AEFDB978041E08D0030043
:1072F0002A000020FFF714FE0028D5D02000D4E794
:107300000020FFF7F9FDCFE708150020C414002086
:1073100070B5C82444430C4B0500E41880235B027D
:107320009A4200D3094A200092B200F051FE0600B2
:10733000200000F005FD3F2801D8300070BD280076
:10734000FFF7ACFFF9E7C0462C150020FFFF000057
:10735000C82310B543430248181800F00FFD10BDB4
:107360002C150020F0B50025184C83B0C822002150
:107370002000FCF799FC164B21001D70FF23637160
:10738000E1235B02A360200008234022A37338316D
:107390000095073B103000F09DFC270001232100E1
:1073A00020002600402278310093B837243000F0C6
:1073B00091FCC0363800FAF701FD3000FAF7FEFC08
:1073C000E56127622663656303B0F0BD0815002000
:1073D000041500200A4A116B136A00290CD0002BF7
:1073E00007D00023D361536313630023136201208A
:1073F000704753631363FAE7002BF8D0D161F4E7C9
:107400000815002070B50F4C052200212000FCF764
:107410004BFC0D4D2B78DA0707D50C4C9B070CD590
:107420000121200000F0B0FE70BD2000103000F0FF
:107430008BFE2B78054C9B07F2D4200000F084FED5
:10744000EEE7C04608150020041500202C1500208A
:10745000F0B54B79060083B0022B02D18B79022B59
:1074600003D00025280003B0F0BD204FBB78002BCF
:10747000F7D18B7809253B700C780C196378242B95
:1074800007D00CE02378E4185D196378ADB2242BA3
:1074900005D19542F6D90020FFF766FEE2E71A0013
:1074A000052B15D0042AF6D163790A2BF3D1104BA2
:1074B000277801930133009330000223E119023A47
:1074C000FFF79EFC0028CCD00E35ED19ADB2E2E7F7
:1074D00021003000FFF7E2FC0028C2D0A3787B70C7
:1074E00023785D19E4186278ADB2DBE70815002057
:1074F0000A150020F8B56023140012780500134027
:107500000020202B07D1304A6379277916781B0297
:107510003B439E4200D0F8BD6378222B1AD007D897
:10752000202B34D0212BF6D101293ED00120F2E7C7
:10753000232BF0D1012940D00329F7D1234B002B75
:10754000F4D0E178A37809020020194300E000BFDD
:107550000120E0E7012930D00329E7D101252E00E1
:10756000A378E478023924021C43147126402432A3
:107570001000714000F008FE154B002BD6D06208B9
:10758000002031002A4000E000BF0120C3E70129AC
:107590000BD00329CAD10F4B002BC7D008320020D3
:1075A0001100FEF7ADFA0120B5E7072321002800FE
:1075B000094AFFF7F1FC0120ADE721002800FFF7A1
:1075C000D5FC0120A7E7C0460815002000000000F8
:1075D00000000000015B001010150020F0B54F46C0
:1075E0004646D646C0B5364D8046EA780C001F00A8
:1075F0008A423CD0AB788B4210D00020E0BCBA4627
:10760000B146A846F0BD2F4B002B04D02E4800F009
:10761000ADFB002851D00020FFF7A6FDAB78A342B8
:1076200001D00120EAE7294B002B02D0002000E026
:1076300000BF0020FFF732FE0028F2D1244C2000CA
:1076400000F07EFB0028ECD1002FEAD0BF06E8D185
:10765000243C4046A178FFF73BFC0028E1D0002302
:1076600000224046A178FFF75BFC0120C6E79AB2F2
:1076700010239A46174EAA443100504600F0A8FC49
:10768000154B002BBFD06B79FF2BBCD0002FBAD08D
:10769000F219914603E001364E45B4D06B79327849
:1076A0009A42F8D1504600F061FB0028F3D15346CE
:1076B000103B597900E000BFEDE700E000BFAAE70A
:1076C0000815002000000000181500200000000030
:1076D0002C15002084140020000000009322F0B537
:1076E000134C85B0002120009200FCF7DDFA230046
:1076F0002000802640270F4D4D337600FF33293080
:107700000295009300220023002103970196FF3089
:1077100000F0D4F94035201D283400230122002137
:10772000039702950196009400F0C8F905B0F0BDEA
:10773000CC1700204C17002010B5054C200000F09D
:10774000F3F920002538FF3800F0EEF9012010BDD4
:10775000F418002070B5084C002520003130FF30AF
:10776000257000F0F1FC20000C3000F0EDFC2A2325
:10777000FF33E554657170BDCC170020F8B557464E
:107780004546DE464E46E0B54B7980460F00FF2B5E
:107790005BD1404B99462A234946FF33CB5C002BF3
:1077A00053D14E79002E50D1BB783C780B703B7989
:1077B0003C19002B46D098235B004B449A460C237F
:1077C0004B449B46A51803E0AC423BD22378E41817
:1077D0006378052BF8D1AC4234D221004046FFF744
:1077E0005DFB002831D0A3780136F6B2DB09012B0E
:1077F00032D0504600F0A8FC2A234946A278FF3335
:10780000CA54637922791B021343234A5B059446C9
:107810005B0D942163445A4253414A460220490079
:10782000525C5B00824313434A46535451464046E0
:10783000083900F0E3F9002807D02378E4183B79F1
:10784000B342C5D8E01B80B200E00020F0BCBB46CC
:10785000B246A946A046F8BD584600F075FC5A4607
:10786000A3780C3A5371637921791B020B430A49BF
:107870005B058C465B0D634459424B4102201179F4
:107880005B0081430B43594600200839137100F017
:1078900081F9D2E7CC17002000FEFFFFF8B52A25BA
:1078A00006001F48FF35455D1F008D4215D0437906
:1078B0008B4201D00020F8BD1A4B002B04D03904B4
:1078C0000020090C00E000BF174C3000210000F040
:1078D00061F900281DD00120EDE79A235B00C35A0F
:1078E000002B0DD1114B002B04D000201049BAB24F
:1078F00000E000BF30000F4900F080F90120DAE716
:1079000096235B00C1583130BAB2FF3000F060FB03
:10791000E8E73A002100300000F008F90120CAE74A
:10792000CC17002000000000D0170020000000004D
:107930004C170020F418002000B5030083B0002984
:1079400010D00020012B07D80A78002A04D00C4858
:10795000C2540120012A01D003B000BD1800FEF777
:10796000D5FDF9E701236A46002001A99380FEF7BF
:10797000CDFD0028F0D00122014B1A70ECE7C04683
:1079800024160020037870B5DB0704000E00DD0F1D
:10799000002B17D103785B0701D5280070BD0121AA
:1079A0003000494200F0D8FD2378DB07DD0F002BC3
:1079B0000AD123785B0708D40422237801251343D6
:1079C000237002E00025E8E70025300000F09CFD70
:1079D000E3E7C04670B50C000121060049422000D3
:1079E00000F0BAFD33785B07DD0F002B04DB2000CD
:1079F00000F08AFD280070BD3378DB0704D4042230
:107A0000337893433370F2E70025F0E74379027946
:107A10001B021343C2785B0592075B0D920F022A8B
:107A20001DD0032A0CD00020012A08D102394A4275
:107A30005141124A9446614499424041C0B2704754
:107A400002394A1E91410E4A494211408022D20019
:107A500094460020614499424041C0B2EFE70229B8
:107A600005D0002040229A424041C0B2E7E7054AD3
:107A7000981843425841C0B2E1E7C046FF030000F6
:107A800040FCFFFF00FEFFFF8A1870B5914207D24D
:107A90007F264C78052C04D00C7809198A42F8D836
:107AA00070BD34008D782C4064000419ED096355D5
:107AB0000C7809198A42ECD8F2E7C046F0B5C64600
:107AC00000B582B0150008AA40CA040017886A46AB
:107AD000928D012090460A002178024081432000C7
:107AE000114321703A00009331000123083000F067
:107AF000F1F8002E01D0002F08D10A9B012063600D
:107B00004346638002B080BCB846F0BD26001C36F8
:107B10003000FAF753F90023002D01D0330000267E
:107B20006361A661E9E7C04601207047F8B5022409
:107B30000B7807001C4063425C41144B64421C40BC
:107B4000134B08009C4608300D001600644400F0FA
:107B5000F7F8002807D1002E05D0344203D10124C4
:107B60002B781C4201D00020F8BD38006978FFF75F
:107B7000AFF90028F7D02B781C42F4D10023002263
:107B800038006978FFF7CCF9EEE7C04640FEFFFF0A
:107B9000FF010000F8B50D000835060028000C00B4
:107BA00000F0CEF8002803D0012723781F4201D02F
:107BB0000020F8BD30006178FFF78AF90028F7D07F
:107BC00028006288616800F03DF9237805001F40B5
:107BD00000280BD0002FEBD10300626830006178E1
:107BE000FFF79EF90028E3D02800E2E7002FDFD15D
:107BF00030006178FFF780F9DAE7C046F8B5CE4685
:107C0000474680B58A8906000C000B78002A07D108
:107C100001251D4240D00020C0BCB946B046F8BD89
:107C20009B0733D42A4B4025994627000837380054
:107C300000F0A4F88542EED80122237890461A423B
:107C4000E9D130006178FFF743F90028E3D038002C
:107C500000F094F8424623781A40854231D8002A31
:107C6000D9D14A46638802401D1C934200D9151C95
:107C7000ADB200226178002D00D062682B00300088
:107C8000FFF74EF90028C6D02800C5E7FE2380255F
:107C90001B029946AD00C8E74978FFF719F900289B
:107CA000B9D023781D42B6D1638800226178002BB9
:107CB00000D062683000FFF733F90028ABD060884D
:107CC000AAE7002AA7D130006178FFF715F9A2E7EB
:107CD000C0FF0000F0B5C64600B504006846057E4A
:107CE0008020884617001E000002824226D8E068E5
:107CF000002803D00121494200F02EFC2069002811
:107D000003D00121494200F027FC4346236073045D
:107D10005B0CED031D430023E0686381A780E580D1
:107D20002381002801D000F0EFFB2069002801D05A
:107D300000F0EAFB012080BCB846F0BD0020FAE765
:107D400010B5048941898288A3B288B28C4207D3D6
:107D50001B1A9BB2101C9A4200D9181C80B210BD8D
:107D60005100091A5B189BB2F4E7C04603894089A9
:107D7000181A43425841C0B27047C04610B5048932
:107D800041898288A3B288B28C4207D31B1A9BB266
:107D900000209A4201D9D21A90B210BD5100091A9E
:107DA0005B189BB2F4E7C04670B5040000690E0092
:107DB000002803D00121494200F0CEFB25896089CB
:107DC000A288A9B283B2854232D3CD1AADB2002DBA
:107DD00028D0AA4208D291422FD3891A8BB263814C
:107DE0009A4203D89B1A9BB29A42FBD9E288216837
:107DF0005204520C53433000C918FBF75BFF6389F0
:107E00000125591C89B2A2888B420DD9002152004C
:107E1000891A89B220696181002801D000F074FBC1
:107E2000280070BD618989B252009142F2DBEFE710
:107E30005500ED1A4D19ADB2C9E789188BB26381AF
:107E4000CEE7C046F0B546464F46D646C0B506001A
:107E5000006989469046002803D00121494200F07C
:107E60007BFB31897289B5888BB294B2914254D32D
:107E70001F1BBFB2002F4AD0BD4205D2AB4251D228
:107E80005B199CB22F0074814346B8453DD89FB220
:107E9000A54203D8641BA4B2A542FBD9F28831687D
:107EA0005204520C904662432B1B9BB289184246E7
:107EB0009F4225D953439BB21A0048469A46FBF786
:107EC000F9FE434648467D1B64195C4331685044C3
:107ED000A2B2FBF7EFFE7189B588CB199BB26A009D
:107EE000994216D99B1A9BB230697381002801D040
:107EF00000F00AFB3800E0BCBA46B146A846F0BD27
:107F000048467A43FBF7D6FEE5E73B1CBFE773899B
:107F10009BB26A009342E7DBE4E76F003F1BDF1987
:107F2000BFB2A7E75B1B9CB2ACE7C046F8B5040044
:107F3000C0680E00002803D00121494200F00CFB6C
:107F4000258920896189A288ADB283B28FB2884227
:107F500029D3DB1B9BB29A4209D8E779FF0906D1E6
:107F6000E068002801D000F0CFFA3800F8BD2B00FF
:107F700095421DD39B1A9BB29342FBD2E2882068A4
:107F80005204520C53433100C018FBF793FE6B1C94
:107F90009BB2A2889D4217D9002352009B1A9BB224
:107FA00001272381DCE75100C91B5B189BB2D2E794
:107FB000E28820685204520C53433100C018FBF78A
:107FC00079FE0135A288ABB252009342E8DBE5E7C7
:107FD000F0B54E465746DE464546E0B589460600B2
:107FE000170083B0002A67D0C068002803D00121A1
:107FF000494200F0B1FA3389F2799BB2984673890D
:10800000B5889BB2D20940D198455ED26A00D31A96
:1080100043449BB2AB425DD2EB1A1A1C9BB2BB42EB
:1080200000D93A1C97B27B1B9BB20193F3885B0487
:108030005B0C9A464346DB199BB29B464446A845D7
:1080400003D3641BA4B2AC42FBD2534663433068F3
:108050002D1BADB2C018BD424BD3524649467A43A0
:10806000FBF728FEB3885B00D84501D89B4503DBAE
:108070005A46D31A9BB29B465B463D003381F0685B
:1080800000281AD000F040FA17E0F2885204520C8F
:108090009246AF4220D298454DD34246D21A92B270
:1080A0006900781B80B2D21901908A4233DA4346C4
:1080B000FB189BB29B46C1E70025280003B0F0BC2B
:1080C000BB46B246A946A046F0BD4246D31A9BB273
:1080D000AB42A1D30025D2E7002DD0D07F1B574360
:1080E00098465A19002392B2B94493462F0001933F
:1080F000A4E753465D43ADB22A004946FBF7DAFDDB
:10810000019B2900E21853465A43306892B2494411
:10811000FBF7D0FDA6E75A1992B29346D21B92B252
:10812000904693420CD94346591A8BB29846FB1895
:108130009BB29B4682E76900CA1A424492B2B0E7FA
:10814000914200DD7AE7EEE710B50400C068002830
:1081500003D00121494200F0FFF92069002803D033
:108160000121494200F0F8F90023E068638123818E
:10817000002801D000F0C8F92069002801D000F0E3
:10818000C3F9012010BDC04670B50400C0680D00E1
:10819000002803D00121494200F0DEF920690028BF
:1081A00003D00121494200F0D7F97F21E379ED01A5
:1081B0001940E0682943E171002801D000F0A4F9DA
:1081C0002069002801D000F09FF9012070BDC04651
:1081D000F0B5DE4657464E464546E0B5070083B04B
:1081E0000CA80192027800203C689B46E066616022
:1081F00001219146E166002B34DD5A1E9046802213
:108200005200944680264025616F1029FCD0002141
:10821000002801D13979890240451DD062461143B9
:108220002161A159616B0D420BD00120636D404269
:108230004B463B7103B0F0BCBB46B246A946A046D4
:10824000F0BDA16F0029ECD02169019B19540130C8
:108250008345EDD03C68D7E74B4601225A40530294
:108260001943DBE70020E3E7F0B5DE4657464E460C
:10827000454690460022E0B585B01E000EAB1B7847
:1082800007009B460368DA6601325960DA66002E01
:1082900060DD027959469202924601224A4052021A
:1082A0009446802291465A46802403926246BB46F9
:1082B000002010214746B446751EA4000192421BBF
:1082C000160072427241019E5242164002963E5C76
:1082D000B0465646424616433200029E16431E6181
:1082E000019E5A6B1142FCD04A469A58019692461A
:1082F000002A0AD1A84228D00022013092468445A3
:10830000DDD1039B5F469B4616E05A6D01229046E5
:108310005A6B2242FCD01A6E42460196002AEBD0DC
:10832000039B5F469B465346002B15D05346DB0705
:1083300012D453461B070FD55B463B7105B0F0BC0A
:10834000BB46B246A946A046F0BD039A002AD3D147
:108350009046DDE70020EFE701204042ECE7C04611
:10836000F8B5DE4657464E4645468346E0B50520FD
:108370000C00FAF7E3FA0600600821008019FAF70A
:1083800037FD430098468044070005214046FAF730
:108390002FFD3B1A9A461E4B8146700080199C4265
:1083A00031D81C49FAF724FD451C5B461C680023A4
:1083B000E366226804335A4002331340802252019C
:1083C000A21813605346E3614B46236243460120E3
:1083D0004F2B03D950214046FAF70AFDA023E05065
:1083E000E36F39005D400C4B2D042D0CE3181D602C
:1083F00001233000E366FAF7FBFCF0BCBB46B24653
:10840000A946A046F8BD0549FAF7F2FC451CCCE7A1
:108410003F420F00809698007C10000040787D015C
:108420000F4A70B5821A531E9A410E4BD200083281
:108430001A600D4B0D4C1A60150023689D432B1ECE
:10844000FAD166240268FF340571D5661460633C76
:108450008833FF3CD5639563D450FFF781FF70BD2F
:10846000A810002000E0004000F0004008C00040DC
:1084700010B582B06C46247C0094FFF7F5FE02B084
:1084800010BDC04610B582B06C46247C0094FFF746
:108490009FFE02B010BDC04610B583070AD003008E
:1084A000032102E001330B4205D01A78002AF9D1EA
:1084B000181A10BD030019680C4A0D4C8A188A431B
:1084C00022420FD15968094A04338A188A4322424A
:1084D00008D15968054A04338A188A432242F1D0E8
:1084E00000E001331A78002AFBD1E1E7FFFEFEFE2F
:1084F00080808080F8B5C04601B40248844601BC43
:10850000604700BF0103002001B40248844601BC5B
:10851000604700BF2502002001B40248844601BC28
:10852000604700BF5D0F002001B40248844601BCD3
:10853000604700BF190C002001B40248844601BC0A
:10854000604700BF5D0F002001B40248844601BCB3
:10855000604700BFC100002001B40248844601BC4E
:10856000604700BF9901002001B40248844601BC65
:10857000604700BF0101002001B40248844601BCED
:10858000604700BFD10C002001B40248844601BC02
:10859000604700BF3D04002001B40248844601BC8E
:1085A000604700BF410C002001B40248844601BC72
:1085B000604700BF810C0020812B0010AD2B001004
:1085C000912D0010993C001035340010953B00109F
:1085D000B92C0010C92B0010E92B0010FD2B001046
:1085E0006D1D0010052C001039210010492B0010C2
:0C85F000CD170010C55F0010B102001094
:1086000043572000434357000A3D3D3D3D3D3D3D1E
:108610003D3D3D3D3D3D3D3D3D3D3D3D3D3D3D3D8A
:108620003D3D3D3D3D3D3D3D3D3D000000000000E8
:10863000456E636F646572204D6F6E69746F722052
:108640002D204750494F202B204C43440000000070
:108650003D3D3D3D3D3D3D3D3D3D3D3D3D3D3D3D4A
:108660003D3D3D3D3D3D3D3D3D3D3D3D3D3D3D3D3A
:108670003D0A00004552524F523A204661696C65EE
:108680006420746F20696E697469616C697A652011
:10869000493243210000000049324320696E697469
:1086A00069616C697A656420737563636573736669
:1086B000756C6C79000000005363616E6E696E67C3
:1086C00020493243206275732E2E2E005741524EA0
:1086D000494E473A204E6F204932432064657669FF
:1086E00063657320666F756E64210000496E69745E
:1086F00069616C697A696E67204C4344206174201B
:1087000061646472657373203078253032582E2E80
:108710002E0A0000456E636F646572204D6F6E69AE
:10872000746F72004750494F2056657273696F6EBF
:1087300000000000496E697469616C697A696E674E
:108740002E2E2E00496E697469616C697A696E67B4
:10875000204750494F20656E636F6465722E2E2E40
:10876000000000004552524F523A204661696C6544
:108770006420746F20696E697469616C697A652020
:108780004750494F20656E636F6465722100000099
:10879000456E636F64657220496E69742046616935
:1087A0006C2100004750494F20656E636F6465720D
:1087B00020696E697469616C697A65642073756398
:1087C0006365737366756C6C790000002020413A14
:1087D000204750494F25642C20423A204750494FAA
:1087E00025642C205A3A204750494F25640A00003E
:1087F00020205050523A2025642C204350523A20D9
:1088000025640A0A000000005265616479210000B5
:10881000436F756E743A2025376C64207C20526556
:10882000763A2025346C64207C2050756C73653A50
:108830002025346C64207C2052504D3A2025372E60
:1088400031662025730A0000436E743A0000000070
:108850005265763A00000000506C733A0000000048
:108860002F00000052504D3A000000000A493243E8
:1088700020427573205363616E0000002020203079
:108880002020312020322020332020342020352089
:108890002036202037202038202039202041202059
:1088A0004220204320204420204520204600000074
:1088B00025303278200000002D2D200020202000BF
:1088C000466F756E6420256420646576696365284B
:1088D00073290A0A000000005741524E494E473A98
:1088E000204C4344206E6F7420666F756E64206167
:1088F0007420616464726573732030782530325857
:108900000A000000256C640025252E256466000001
:108910004750494F20656E636F64657220696E69C8
:108920007469616C697A65643A20413D4750494FEA
:10893000256420423D4750494F2564205A3D475009
:10894000494F25640A0000000A2A2A2A2050414E75
:108950004943202A2A2A0A000A0000004E6F207389
:1089600070696E6C6F636B732061726520617661F4
:10897000696C61626C6500004E6F207573657220D2
:10898000495251732061726520617661696C616240
:108990006C650000486172647761726520616C618A
:1089A000726D20256420616C726561647920636C4E
:1089B00061696D65640000004861726420617373D1
:1089C0006572740052656C6561736500626F6F74E7
:1089D000325F77323571303830000000322E322E5F
:1089E000300000007069636F00000000656E636F07
:1089F0006465725F6D6F6E69746F72004F6374208F
:108A00003134203230323500666E692B00000000B0
:108A1000666E69006E616E00666E692D0000000072
:108A200055534220737464696E202F207374646FF1
:108A300075740000526173706265727279205069BA
:108A4000000000005069636F00000000426F617217
:108A500064204344430000005265736574000000C5
:108A6000556E68616E646C6564204952512030789F
:108A700025780A00657020253032582077617320F0
:108A8000616C726561647920617661696C61626CA8
:108A90006500000043616E277420636F6E74696E19
:108AA00075652078666572206F6E20696E616374EB
:108AB000697665206570202530325800A8100020A6
:108AC00000010000A086010000FF0100010000FF7E
:108AD000FF0000010001FF0006005250D3F0754274
:108AE000C489001006005250E182887FCC890010B2
:108AF00006005250ABB36053DC89001006005250A0
:108B0000BBFF3CB6E489001006005250861C0302ED
:108B1000EC890010060052505422A29DFC890010DE
:108B200005005250DE65F468949F0010604A001002
:108B3000104A0010104A0010584A0010104A001045
:108B4000104A0010104A0010104A0010104A00107D
:108B5000104A0010104A0010504A0010104A00102D
:108B6000484A0010104A0010104A0010404A0010F5
:108B7000804C0010764A0010704C0010764A0010AD
:108B80005A4C0010764A0010764A0010764A0010BF
:108B9000764A0010764A0010764A0010764A001095
:108BA000684A0010764A0010764A0010764A001093
:108BB000764A0010764A0010684A00101E4D0010D8
:108BC000CA490010CA490010CA490010CA49001019
:108BD000CA490010CA490010CA490010CA49001009
:108BE000CA490010CA490010CA490010CA490010F9
:108BF000CA490010CA490010CA490010CA490010E9
:108C0000CA490010CA490010CA490010CA490010D8
:108C1000CA490010CA490010CA490010CA490010C8
:108C2000CA490010CA490010CA490010CA490010B8
:108C3000CA490010CA490010CA490010944C0010DB
:108C4000EC4C0010944C0010CA490010CA490010A6
:108C5000CA490010CA490010CA490010CA49001088
:108C6000CA490010CA490010CA490010CA49001078
:108C7000CA490010CA490010CA490010CA49001068
:108C8000CA490010CA4900102E4F0010CA490010EE
:108C9000CA490010CA490010CA490010CA49001048
:108CA000CA490010CA490010CA490010CA49001038
:108CB0002E4F0010304D00102E4F0010944C00101D
:108CC000EC4C0010944C0010000000000000F03F3D
:108CD0000000000000002440000000000000594097
:108CE0000000000000408F40000000000088C340EA
:108CF00000000000006AF8400000000080842E415F
:108D000000000000D01263410000000084D79741AA
:108D10000000000065CDCD410D0A000000000000FC
:108D2000295A0010000000002D5A0010395A001076
:108D3000655A0010615A0010000000000A0000008F
:108D400000000306A6000800020002009C001400B8
:108D5000030057494E555342000000000000000038
:108D60000000800004000100280044006500760037
:108D700069006300650049006E00740065007200C0
:108D8000660061006300650047005500490044002B
:108D900000004E007B0062006300370033003900A2
:108DA0003800630031002D00370033006300640099
:108DB0002D0034006300620037002D0039003800B8
:108DC000620038002D0039003100330061003800A6
:108DD00066006300610037006200660036007D00B7
:108DE00000000000050F2100011C100500DF60DD00
:108DF000D88945C74C9CD2659D9E648A9F0000031C
:108E000006A60001000000000600525053B4F4A171
:108E1000208A001000000000348A0010448A0010EC
:108E2000F81F00204C8A0010588A001009025400D4
:108E3000030100807D080B0002020200000904000B
:108E400000010202000405240020010524010001A4
:108E5000042402060524060001070581030800100A
:108E600009040100020A0000000705020240000098
:108E7000070582024000000904020000FF0001050E
:108E800012011002EF0201408A2E0A0000010102C5
:108E9000030100002C66001094670010E4670010C6
:108EA0006C6700107E6700105C670010CC660010D5
:108EB000786600106C6600104E6B0010346B00106A
:108EC000046900106E6B0010046900101C6B001028
:108ED000086B001004690010F46A0010FA690010B1
:108EE00004690010DA6D0010CC6D0010C06D001028
:108EF0000469001004690010AA6D0010CC6D001008
:108F0000046900100469001004690010046900106D
:108F1000046900100469001004690010606D0010FD
:108F20009E0D00209E0D0020E80D0020080E002060
:108F30004C0E00205E0E0020940D0020000000006A
:108F400065730010D5730010057400105174001083
:108F5000F5740010DD750010000000000000000036
:108F6000DD76001039770010557700107D770010FE
:0C8F7000C15A00109D78001000000000A5
:108F7C00D88A0010E48A0010F08A0010FC8A0010D5
:108F8C00088B0010148B0010208B0010088E001022
:108F9C0003000068EFF3108C72B60268002AFCD054
:108FAC00BFF35F8F04229A56002A0BDB002900D0F6
:108FBC000A6000201B68BFF35F8F00221A608CF3DD
:108FCC0010887047D0221206126801201A71F1E73E
:108FDC00F0B5C646150000B504001E000268EFF39C
:108FEC00108172B61368002BFCD0BFF35F8F042383
:108FFC00E3562268002B2BDBBFF35F8F0020106041
:10900C0081F31088D02212061278002752B29046B3
:10901C009A420ED1002080BCB846F0BDBFF35F8FE2
:10902C00176081F310882800310000F001FF002840
:10903C00F0D12268EFF3108172B61368002BFCD0CC
:10904C00BFF35F8F237922687F2BE7D9434602E079
:10905C00D0231B061B682371BFF35F8F00231360A3
:10906C0081F310880120D6E7F0B5C64600B50D0097
:10907C00040000F005FFFA2206000F000023280070
:10908C000021920000F0ECFE36184F41002F02DA5E
:10909C000126174F7642D0231B061B6800259846E5
:1090AC000AE0BFF35F8F156081F310883000390040
:1090BC0000F0BEFE002818D12268EFF3108172B6C2
:1090CC001368002BFCD0BFF35F8F237922687F2BB2
:1090DC00E7D943462371BFF35F8F0023136081F3FD
:1090EC001088012080BCB846F0BD0020FAE7C046CD
:1090FC00FFFFFF7F0268EFF3108172B61368002B3D
:10910C00FCD0BFF35F8FFF2303710368BFF35F8F46
:10911C0000221A6081F3108840BF704710B5084CCC
:10912C002378002B0AD18023064807495B051A686F
:10913C00C25004338B42FAD10123237010BDC046B8
:10914C000C200020181A00100001001010B5014B63
:10915C00984710BD191A0020064B5A6802609A688D
:10916C004260DA6882601A69C2605A6902619B695E
:10917C0043617047000002400268064B5A60426827
:10918C009A608268DA60C2681A6102695A6142693F
:10919C009A61704700000240034B1A68C0239B0081
:1091AC009343024A136070470C8001400C900140BD
:1091BC00054B1A6880239B005340C0229200134039
:1091CC00024A13607047C0460C8001400C9001406D
:1091DC000023F0B5DE4657464E4645469A46E0B566
:1091EC0089B001900E00988A45491B8B1400984752
:1091FC00534681464349988A1B8B984753464249AC
:10920C000500988A1B8B98478046FFF787FF02A8BA
:10921C00FFF7A2FFC847A847FFF7CAFF251E22D0B9
:10922C000823C0219C460220490562468B6A1A40DD
:10923C0018423FD0631B002D2FD1002A11D1002CD6
:10924C0011D0C0235B059B4602239A4606339946F0
:10925C005B464A4657469B6A1A401F4242D0002A38
:10926C00F6D0002C30D1FFF797FFC047FFF76EFF09
:10927C0002A8FFF781FF09B0F0BCBB46B246A94675
:10928C00A046F0BD002C2FD1C0225205926A914607
:10929C0008224F463A40BF072DD50D2B1BD9002A6B
:1092AC00F0D1C0225205926A914608224F463A40AC
:1092BC00BF07F2D4002A04D12B002343002BB4D1D6
:1092CC00D1E72B00002CF9D00B6E013C337023003E
:1092DC0001362B43F2E7019F013D3B7801370B66CA
:1092EC000197E7E70025E5E7C0235B051B6E013C12
:1092FC003370013699E72B00002ADFD1DCE7C0463A
:10930C004946000045580000464300000022154B1A
:10931C0010B59A60DA601A615A619A61DA611A6260
:10932C005A629A62DA621A635A639A63DA631A644B
:10933C005A649A64DA641A655A659A65DA651A662B
:10934C005A669A66DA661A675A679A67DA67F0326B
:10935C0092000021044800F09BFD044B044A1A6063
:10936C0010BDC04600001050D01B0020A41F0020D0
:10937C0080011050F0B54E464546DE465746E0B5E6
:10938C00214B00249E6D012585B0002E22D01F4B51
:10939C009A46012399461E4B984601E0202C19D081
:1093AC002A00230001342F003240E4B26D00002A61
:1093BC00F4D0524697654A465B085B0022409B18E6
:1093CC005B01434418009B4600F01EFC002808D1AA
:1093DC00BE43E3D105B0F0BCBB46B246A946A0469D
:1093EC00F0BD5B46E0219A78DB8A01A883600023FC
:1093FC00C900018001210271437100F025FC58461F
:10940C0000F0A0FBE4E7C046000011500030115002
:10941C00901B00209823F0B5C646C84A00B5D55815
:10942C0080232E009B02102484B01E401D4274D059
:10943C00C34BC44C9A6AC44B00261A603B23E35CB2
:10944C00022B00D14FE17B23E35C022B00D1F3E034
:10945C00BB23E35C022B00D1FAE0FB23E35C022B81
:10946C0000D101E13C23FF33E35C022B00D12DE161
:10947C007C23FF33E35C022B00D10EE1BC23FF33D2
:10948C00E35C022B00D13FE1FC23FF33E35C022BB6
:10949C0000D1F5E0AD4BE35C022B00D174E1AC4B99
:1094AC00E35C022B00D105E1AA4BE35C022B00D15B
:1094BC0075E1A94BE35C022B00D132E1A74BE35CD5
:1094CC00022B00D1A0E1A64BE35C022B00D171E191
:1094DC00A44BE35C022B00D1A1E1A34BE35C022B78
:1094EC0000D17FE1002E08D1A04B1B78002B04D1BA
:1094FC0080219F4A90338902D150C02269468F4BFC
:10950C0092009B6C80265B058A805B0D012101A873
:10951C00029300F099FB974CB602EB0600D57FE066
:10952C0080235B021D4231D01E4301230224984646
:10953C00844FBB7E002B14D000F09AFC012800D97C
:10954C0072E0C02200213800920100F001FB3800CB
:10955C0000F0F8FA00F08CFC012802D9844B5C6610
:10956C001C664346FB702037012C22D1C0236A466F
:10957C00DB009380804A02AB03CA03C3012101A81C
:10958C0000F062FB80227A4B92021A6580235B0109
:10959C001D4210D18023DB011D4223D180231B02ED
:1095AC001D422FD1AE4200D0C0E104B080BCB84601
:1095BC00F0BD0124BDE700241E43604B1C60FFF787
:1095CC00A5FE80236A465B0093801472012101A8DA
:1095DC0000F03AFB8022664B12031A658023DB01F4
:1095EC001D42DBD01E4380236A46DB0093800121A1
:1095FC0001A800F029FB10225D4B1A6580231B0289
:10960C001D42CFD01E43A0236A46DB00938001216C
:10961C0001A800F019FB8022554B12011A65C1E715
:10962C00FFF7A8FE26007BE7544B444A1C66536E9A
:10963C002340A342FBD184E77833E75C002F00D1B1
:10964C0006E70233E25C002A00D00DE13E00FFE6A3
:10965C00B833E75C002F00D1FFE60233E25C002A4E
:10966C0000D0F9E03E00F8E6F833E75C002F00D1BB
:10967C00F8E60233E25C002A00D041E13E00F1E65C
:10968C00F933FF33E75C002F00D103E70233E25CD0
:10969C00002A00D02BE13E00FCE67933FF33E75C77
:1096AC00002F00D1EAE60233E25C002A00D015E17B
:1096BC003E00E3E6324BE75C002F00D1F4E60233C8
:1096CC00E25C002A00D001E13E00EDE63933FF33C5
:1096DC00E75C002F00D1CBE60233E25C002A00D01D
:1096EC00EBE03E00C4E63833E65C002E00D1AAE67F
:1096FC000233E25C002A00D1A5E6200000222030D3
:10970C00E25400F04DFA9EE6B933FF33E75C002FCC
:10971C0000D1B9E60233E25C002A00D0C4E03E007E
:10972C00B2E6184BE75C002F00D1C7E60233E25CCF
:10973C00002A00D0B0E03E00C0E6C0460000115048
:10974C0000400540901B0020841B00203B020000C1
:10975C007B020000BB020000FB0200003B03000088
:10976C007B030000BB030000FB0300000A20002069
:10977C000030115010000200000010500020115059
:10978C007A020000FA0200006B4BE75C002F00D15C
:10979C0085E60233E25C002A76D13E007FE6674B19
:1097AC00E75C002F00D184E60233E25C002A63D12F
:1097BC003E007EE6624BE75C002F00D188E6023368
:1097CC00E25C002A00D0A3E05E4BE35C022B30D1BC
:1097DC005D4BE35C002B27D15C4BE35C022B00D090
:1097EC008BE63E005A4BE35C002B00D17AE6FF235C
:1097FC009B00E25C002A00D17FE60022E2541C3B75
:10980C00E01800F0CDF978E6524BE75C002F00D160
:10981C0059E60233E25C002A16D13E0053E64A4B6D
:10982C00E35C002B00D158E6EF239B00E25C002A9E
:10983C0075D1464BE35C022B00D05EE6444BE35CF7
:10984C00002B00D159E6D2E70022E2541C3BE01871
:10985C0000F0A6F93E0036E620000022A030E254CB
:10986C003E0000F09DF9F8E5200000226030E25443
:10987C003E0000F095F9EBE50022E2541C3BE018A9
:10988C0000F08EF93E0014E60022E2541C3BE01876
:10989C0000F086F93E0002E60022E2541C3BE01880
:1098AC0000F07EF93E0009E620000022A130FF30D6
:1098BC00E2543E0000F074F9E6E52000002221306D
:1098CC00FF30E2543E0000F06BF9D1E50022E25487
:1098DC001C3BE01800F064F93E00E5E52000002296
:1098EC006130FF30E2543E0000F05AF9C6E520002A
:1098FC000022E130FF30E2543E0000F051F9C9E59E
:10990C0020000022E030E2543E0000F049F9A9E5C5
:10991C000022E2541C3BE01800F042F954E700220C
:10992C00E2541C3BE01800F03BF982E731000A4896
:10993C00694000F0B5FAC0463A020000BA020000D5
:10994C007A030000BB030000BA030000FB03000015
:10995C00FA0300003A030000608A0010F0B5C64616
:10996C0000B50200838A008B8C46011C984200D9FA
:10997C00191CD47880252000461EB04189B2ED0018
:10998C000D434003284301256C405B1AD470547876
:10999C009BB29382002C31D16446D568A4014E1E33
:1099AC002D19B0461469002923D0062E32D92B006C
:1099BC0023439B072ED1631CEB1A022B2AD90023BD
:1099CC008F08BF00E658EE5004339F42FAD143464D
:1099DC00ED19DB1BE419B94209D026782E70002B47
:1099EC0005D066786E70012B01D0A378AB7014692A
:1099FC00938A64181461802212021043002B02D146
:109A0C008023DB0118436346002B00D0000480BC8C
:109A1C00B846F0BD0023E65CEE5401339942FAD10E
:109A2C00E5E7C0468368F0B51A680400002900D049
:109A3C00120C63789205900D002B08D1E38AC318A1
:109A4C00E382238B834201D90023A382F0BDE36818
:109A5C00890125695E18471E002822D0062F26D9B9
:109A6C0001315B18EB1A022B21D92B0033439B07D6
:109A7C001DD10023120E9200F158E95004339A4282
:109A8C00FAD1BF1AAD18B618904209D032782A70A4
:109A9C00002F05D072786A70012F01D0B278AA70AD
:109AAC002569E38A2D18C318E3822561C9E70022D2
:109ABC00B35CAB5401329042FAD12569F1E7C04650
:109ACC0010B50400836800211B68FFF7ABFF6368C7
:109ADC001B685B0002D5238B834200D010BD012193
:109AEC002000FFF79FFFF9E7084A0300126C0020E3
:109AFC00920703D49A78D209012A00D07047D87EF5
:109B0C00023843425841C0B2F8E7C0460000115039
:109B1C0010B5FFF7E9FF00280CD00749074B8C461E
:109B2C00074A9B6A126863449B1A0020C6229A4219
:109B3C004041C0B210BDC046E0FCFFFF00400540F4
:109B4C00841B002000238376436103617047C04669
:109B5C0010B58368002901D01C682140002A12D05E
:109B6C008024E400114322420DD01A6822420CD109
:109B7C00084A0A401A60084A126C920703D40C2354
:109B8C00033BFDD28368196010BD8178034800F057
:109B9C0087F9C046FFFBFFFF00001150748A0010CC
:109BAC00436870B50021802504001E68FFF7D6FEBF
:109BBC00124B6D011A6C0543A37892070ED55B0608
:109BCC000ED00F4B1E4080239B053343626800214F
:109BDC00136020002A00FFF7BBFF70BDDB09F0D03B
:109BEC00A38A002BEDD001212000FFF7B7FEA023A4
:109BFC00044ADB05324005431343E7E700001150EC
:109C0C00FFFFFFAFFFFFFFDF70B5857E0400002D67
:109C1C0014D0FFF755FFA38A002B01D1280070BD8B
:109C2C002000FFF775FF002803D0012300252377C0
:109C3C00F4E72000FFF7B4FF0025EFE78178014837
:109C4C0000F02EF9948A0010F0B5CE46474680B548
:109C5C00437805000E0085B0062B08D86C4A9B0093
:109C6C00D3589F466B4A13780133DBB213706A4B9F
:109C7C001C686269EFF3108172B61368002BFCD07C
:109C8C00BFF35F8FA1612000290000F0D9F8626951
:109C9C00A369BFF35F8F0021116083F31088002844
:109CAC0004D105B0C0BCB946B046F0BD32006978ED
:109CBC00287800F0CDF8F4E70121584B1A788A4344
:109CCC001A701A7801318A431A7000225A701A7865
:109CDC0002318A431A70CAE75149524F8946524998
:109CEC000024002388463A7812E043461B68610141
:109CFC005B18002B06D0DB69002B03D06968287831
:109D0C0098473A780134E4B2511C2300A14217DB86
:109D1C00A242EAD89B1A5B014B44ECE73F4B1A7802
:109D2C00D207BED504211A780A431A709FE73B4B21
:109D3C001A78D207B5D504211A788A431A7096E797
:109D4C00364F3B785B072BD504223B78002193439D
:109D5C003B706B460632981D00F09AF82B7801ACDC
:109D6C002370052363702C4B1B6898465A69EFF3DC
:109D7C00108172B61368002BFCD0BFF35F8F434683
:109D8C0040469961210000F05BF843465A699B6993
:109D9C00BFF35F8F0021116083F31088002831D14D
:109DAC00FB78DB0700D47CE76B460A220021981D68
:109DBC0000F06EF82B7801AC2370032363706B6892
:109DCC006360154B1D686A69EFF3108172B61368F6
:109DDC00002BFCD0BFF35F8FA9612800210000F09D
:109DEC002FF86A69AB69BFF35F8F0021116083F3B1
:109DFC001088002800D154E732006178207800F0F8
:109E0C0027F84EE732006178207800F021F8C7E798
:109E1C00208F00100B200020881600203016002008
:109E2C003C8F001009200020801400207047C04691
:109E3C0001B40248844601BC604700BFFD250010F8
:109E4C0001B40248844601BC604700BF2D7F00105E
:109E5C0001B40248844601BC604700BFCD640010C9
:109E6C0001B40248844601BC604700BF393A001077
:109E7C0001B40248844601BC604700BF6D16001057
:109E8C0001B40248844601BC604700BF2D27001076
:109E9C0001B40248844601BC604700BFA93C0010D5
:109EAC0001B40248844601BC604700BF791600101B
:109EBC001000000000000000000001000000000085
:109ECC000000000000000200000000000000000084
:109EDC000000030000000000000000000000FF0074
:109EEC000000000001B5486801318E4600477046FD
:109EFC0009380149884701BD7D1C00100000000095
:109F0C000000000000000000000000000000000045
:109F1C00B81000200000000000000000000000004D
:109F2C00503300004C330000543300005233000017
:109F3C004D5300004D4300005334000043340000E7
:109F4C008D5C0010415C0010B55B00102D5B0010A7
:109F5C0000000000000100008C16002010000C0016
:109F6C0000000000000000000000000000000000E5
:109F7C0000000000FF000000004004400000000052
:089F8C000000000000000000CD
:04000005100001E9FD
:00000001FF
